stamp_ns,frame_id,sequence,source,risk_level,pattern,active,normalized_magnitude,reason,receiver_session_id,receiver_token,bag_ns,camera_relative_sec,in_camera_window
1791357996134137925,,4,bird_eye,0,0,False,0.0,no_alert,9130222823406097446,1235,1791357996152130539,-46.816869461,False
1791357996167130542,,5,bird_eye,0,0,False,0.0,no_alert,9130222823406097446,1236,1791357996186953860,-46.78204614,False
1791357996198475117,,6,bird_eye,0,0,False,0.0,no_alert,9130222823406097446,1238,1791357996219651244,-46.749348756,False
1791357996232666086,,7,bird_eye,0,0,False,0.0,no_alert,9130222823406097446,1240,1791357996252737784,-46.716262216,False
1791357996263086867,,8,bird_eye,0,0,False,0.0,no_alert,9130222823406097446,1241,1791357996280623045,-46.688376955,False
1791357996299582349,,9,bird_eye,0,0,False,0.0,no_alert,9130222823406097446,1243,1791357996317445367,-46.651554633,False
1791357996330909703,,10,bird_eye,0,0,False,0.0,no_alert,9130222823406097446,1245,1791357996348538170,-46.62046183,False
1791357996364517296,,11,bird_eye,0,0,False,0.0,no_alert,9130222823406097446,1246,1791357996384614922,-46.584385078,False
1791357996398524130,,12,bird_eye,0,0,False,0.0,no_alert,9130222823406097446,1248,1791357996416532416,-46.552467584,False
1791357996431509586,,13,bird_eye,0,0,False,0.0,no_alert,9130222823406097446,1249,1791357996450808946,-46.518191054,False
1791357996474495462,,14,bird_eye,0,0,False,0.0,no_alert,9130222823406097446,1252,1791357996493237988,-46.475762012,False
1791357996501758694,,15,bird_eye,0,0,False,0.0,no_alert,9130222823406097446,1253,1791357996519379137,-46.449620863,False
1791357996537786697,,16,bird_eye,0,0,False,0.0,no_alert,9130222823406097446,1255,1791357996556003201,-46.412996799,False
1791357996569409953,,17,bird_eye,0,0,False,0.0,no_alert,9130222823406097446,1257,1791357996588342863,-46.380657137,False
1791357996602492329,,18,bird_eye,0,0,False,0.0,no_alert,9130222823406097446,1258,1791357996620009910,-46.34899009,False
1791357996635340477,,19,bird_eye,0,0,False,0.0,no_alert,9130222823406097446,1260,1791357996653273425,-46.315726575,False
1791357996669244543,,20,bird_eye,0,0,False,0.0,no_alert,9130222823406097446,1262,1791357996686839888,-46.282160112,False
1791357996702594012,,21,bird_eye,0,0,False,0.0,no_alert,9130222823406097446,1263,1791357996721197861,-46.247802139,False
1791357996736627336,,22,bird_eye,0,0,False,0.0,no_alert,9130222823406097446,1265,1791357996755057548,-46.213942452,False
1791357996773013343,,23,bird_eye,0,0,False,0.0,no_alert,9130222823406097446,1267,1791357996791158583,-46.177841417,False
1791357996804762188,,24,bird_eye,0,0,False,0.0,no_alert,9130222823406097446,1268,1791357996822492305,-46.146507695,False
1791357996837028632,,25,bird_eye,0,0,False,0.0,no_alert,9130222823406097446,1269,1791357996855273492,-46.113726508,False
1791357996871866906,,26,bird_eye,0,0,False,0.0,no_alert,9130222823406097446,1272,1791357996889260699,-46.079739301,False
1791357996902713293,,27,bird_eye,0,0,False,0.0,no_alert,9130222823406097446,1273,1791357996921361543,-46.047638457,False
1791357996936935948,,28,bird_eye,0,0,False,0.0,no_alert,9130222823406097446,1275,1791357996958250660,-46.01074934,False
1791357996968577058,,29,bird_eye,0,0,False,0.0,no_alert,9130222823406097446,1277,1791357996986392836,-45.982607164,False
1791357997006218362,,30,bird_eye,0,0,False,0.0,no_alert,9130222823406097446,1278,1791357997025425138,-45.943574862,False
1791357997042822647,,31,bird_eye,0,0,False,0.0,no_alert,9130222823406097446,1280,1791357997060373310,-45.90862669,False
1791357997071964611,,32,bird_eye,0,0,False,0.0,no_alert,9130222823406097446,1282,1791357997089514553,-45.879485447,False
1791357997102672457,,33,bird_eye,0,0,False,0.0,no_alert,9130222823406097446,1283,1791357997120731916,-45.848268084,False
1791357997143784480,,34,bird_eye,0,0,False,0.0,no_alert,9130222823406097446,1285,1791357997161420807,-45.807579193,False
1791357997170042326,,35,bird_eye,0,0,False,0.0,no_alert,9130222823406097446,1287,1791357997188640658,-45.780359342,False
1791357997208038474,,36,bird_eye,0,0,False,0.0,no_alert,9130222823406097446,1289,1791357997225665117,-45.743334883,False
1791357997241102675,,37,bird_eye,0,0,False,0.0,no_alert,9130222823406097446,1290,1791357997261699046,-45.707300954,False
1791357997269524420,,38,bird_eye,0,0,False,0.0,no_alert,9130222823406097446,1292,1791357997287253369,-45.681746631,False
1791357997303978386,,39,bird_eye,0,0,False,0.0,no_alert,9130222823406097446,1293,1791357997321370909,-45.647629091,False
1791357997344830487,,40,bird_eye,0,0,False,0.0,no_alert,9130222823406097446,1295,1791357997369647933,-45.599352067,False
1791357997371963758,,41,bird_eye,0,0,False,0.0,no_alert,9130222823406097446,1297,1791357997393423644,-45.575576356,False
1791357997411293439,,42,bird_eye,0,0,False,0.0,no_alert,9130222823406097446,1299,1791357997431262696,-45.537737304,False
1791357997438150043,,43,bird_eye,0,0,False,0.0,no_alert,9130222823406097446,1300,1791357997456423639,-45.512576361,False
1791357997477247442,,44,bird_eye,0,0,False,0.0,no_alert,9130222823406097446,1302,1791357997495808596,-45.473191404,False
1791357997508725929,,45,bird_eye,0,0,False,0.0,no_alert,9130222823406097446,1304,1791357997529464379,-45.439535621,False
1791357997542761692,,46,bird_eye,0,0,False,0.0,no_alert,9130222823406097446,1305,1791357997562394693,-45.406605307,False
1791357997572908051,,47,bird_eye,0,0,False,0.0,no_alert,9130222823406097446,1307,1791357997591131494,-45.377868506,False
1791357997610600016,,48,bird_eye,0,0,False,0.0,no_alert,9130222823406097446,1308,1791357997628495931,-45.340504069,False
1791357997635908593,,49,bird_eye,0,0,False,0.0,no_alert,9130222823406097446,1310,1791357997654153266,-45.314846734,False
1791357997682837897,,50,bird_eye,0,0,False,0.0,no_alert,9130222823406097446,1312,1791357997700638904,-45.268361096,False
1791357997708331665,,51,bird_eye,0,0,False,0.0,no_alert,9130222823406097446,1314,1791357997725661972,-45.243338028,False
1791357997736731537,,52,bird_eye,0,0,False,0.0,no_alert,9130222823406097446,1315,1791357997755435389,-45.213564611,False
1791357997769361010,,53,bird_eye,0,0,False,0.0,no_alert,9130222823406097446,1317,1791357997787511145,-45.181488855,False
1791357997803250817,,54,bird_eye,0,0,False,0.0,no_alert,9130222823406097446,1318,1791357997821528959,-45.147471041,False
1791357997837986096,,55,bird_eye,0,0,False,0.0,no_alert,9130222823406097446,1320,1791357997855641569,-45.113358431,False
1791357997870035062,,56,bird_eye,0,0,False,0.0,no_alert,9130222823406097446,1322,1791357997888715076,-45.080284924,False
1791357997903655982,,57,bird_eye,0,0,False,0.0,no_alert,9130222823406097446,1323,1791357997922775150,-45.04622485,False
1791357997936042690,,58,bird_eye,0,0,False,0.0,no_alert,9130222823406097446,1325,1791357997954071974,-45.014928026,False
1791357997969672404,,59,bird_eye,0,0,False,0.0,no_alert,9130222823406097446,1327,1791357997987714103,-44.981285897,False
1791357998002636635,,60,bird_eye,0,0,False,0.0,no_alert,9130222823406097446,1328,1791357998021346762,-44.947653238,False
1791357998037123291,,61,bird_eye,0,0,False,0.0,no_alert,9130222823406097446,1330,1791357998054944834,-44.914055166,False
1791357998071071361,,62,bird_eye,0,0,False,0.0,no_alert,9130222823406097446,1332,1791357998089049236,-44.879950764,False
1791357998102951559,,63,bird_eye,0,0,False,0.0,no_alert,9130222823406097446,1333,1791357998122300858,-44.846699142,False
1791357998137722911,,64,bird_eye,0,0,False,0.0,no_alert,9130222823406097446,1335,1791357998155716342,-44.813283658,False
1791357998172070362,,65,bird_eye,0,0,False,0.0,no_alert,9130222823406097446,1337,1791357998190359589,-44.778640411,False
1791357998205060175,,66,bird_eye,0,0,False,0.0,no_alert,9130222823406097446,1338,1791357998222948212,-44.746051788,False
1791357998236872482,,67,bird_eye,0,0,False,0.0,no_alert,9130222823406097446,1340,1791357998254637504,-44.714362496,False
1791357998270131708,,68,bird_eye,0,0,False,0.0,no_alert,9130222823406097446,1342,1791357998289262550,-44.67973745,False
1791357998303903135,,69,bird_eye,0,0,False,0.0,no_alert,9130222823406097446,1343,1791357998324403924,-44.644596076,False
1791357998338026955,,70,bird_eye,0,0,False,0.0,no_alert,9130222823406097446,1345,1791357998355786815,-44.613213185,False
1791357998370296401,,71,bird_eye,0,0,False,0.0,no_alert,9130222823406097446,1346,1791357998388833537,-44.580166463,False
1791357998405876257,,72,bird_eye,0,0,False,0.0,no_alert,9130222823406097446,1348,1791357998423644457,-44.545355543,False
1791357998437947298,,73,bird_eye,0,0,False,0.0,no_alert,9130222823406097446,1350,1791357998457744288,-44.511255712,False
1791357998471452768,,74,bird_eye,0,0,False,0.0,no_alert,9130222823406097446,1351,1791357998492397787,-44.476602213,False
1791357998503880363,,75,bird_eye,0,0,False,0.0,no_alert,9130222823406097446,1353,1791357998522503949,-44.446496051,False
1791357998537693483,,76,bird_eye,0,0,False,0.0,no_alert,9130222823406097446,1355,1791357998556791480,-44.41220852,False
1791357998575772799,,77,bird_eye,0,0,False,0.0,no_alert,9130222823406097446,1357,1791357998595133238,-44.373866762,False
1791357998602718914,,78,bird_eye,0,0,False,0.0,no_alert,9130222823406097446,1358,1791357998620394908,-44.348605092,False
1791357998643419156,,79,bird_eye,0,0,False,0.0,no_alert,9130222823406097446,1360,1791357998661463927,-44.307536073,False
1791357998675589078,,80,bird_eye,0,0,False,0.0,no_alert,9130222823406097446,1362,1791357998695978967,-44.273021033,False
1791357998703897094,,81,bird_eye,0,0,False,0.0,no_alert,9130222823406097446,1363,1791357998723907954,-44.245092046,False
1791357998739146170,,82,bird_eye,0,0,False,0.0,no_alert,9130222823406097446,1365,1791357998757983765,-44.211016235,False
1791357998777568289,,83,bird_eye,0,0,False,0.0,no_alert,9130222823406097446,1367,1791357998797063117,-44.171936883,False
1791357998803859097,,84,bird_eye,0,0,False,0.0,no_alert,9130222823406097446,1368,1791357998826117463,-44.142882537,False
1791357998837213453,,85,bird_eye,0,0,False,0.0,no_alert,9130222823406097446,1370,1791357998855232919,-44.113767081,False
1791357998871293603,,86,bird_eye,0,0,False,0.0,no_alert,9130222823406097446,1372,1791357998889465393,-44.079534607,False
1791357998907105651,,87,bird_eye,0,0,False,0.0,no_alert,9130222823406097446,1374,1791357998927355116,-44.041644884,False
1791357998939364817,,88,bird_eye,0,0,False,0.0,no_alert,9130222823406097446,1375,1791357998959167292,-44.009832708,False
1791357998970957245,,89,bird_eye,0,0,False,0.0,no_alert,9130222823406097446,1377,1791357998991552975,-43.977447025,False
1791357999004767052,,90,bird_eye,0,0,False,0.0,no_alert,9130222823406097446,1378,1791357999023070238,-43.945929762,False
1791357999046628212,,91,bird_eye,0,0,False,0.0,no_alert,9130222823406097446,1380,1791357999068791917,-43.900208083,False
1791357999074890136,,92,bird_eye,0,0,False,0.0,no_alert,9130222823406097446,1382,1791357999092514355,-43.876485645,False
1791357999103882829,,93,bird_eye,0,0,False,0.0,no_alert,9130222823406097446,1383,1791357999121487226,-43.847512774,False
1791357999142091836,,94,bird_eye,0,0,False,0.0,no_alert,9130222823406097446,1385,1791357999164363046,-43.804636954,False
1791357999170322959,,95,bird_eye,0,0,False,0.0,no_alert,9130222823406097446,1387,1791357999188293277,-43.780706723,False
1791357999217532152,,96,bird_eye,0,0,False,0.0,no_alert,9130222823406097446,1389,1791357999234853042,-43.734146958,False
1791357999241040228,,97,bird_eye,0,0,False,0.0,no_alert,9130222823406097446,1390,1791357999258674043,-43.710325957,False
1791357999267986106,,98,bird_eye,0,0,False,0.0,no_alert,9130222823406097446,1392,1791357999285703158,-43.683296842,False
1791357999310541923,,99,bird_eye,0,0,False,0.0,no_alert,9130222823406097446,1394,1791357999328577428,-43.640422572,False
1791357999339337333,,100,bird_eye,0,0,False,0.0,no_alert,9130222823406097446,1395,1791357999356647899,-43.612352101,False
1791357999373138513,,101,bird_eye,0,0,False,0.0,no_alert,9130222823406097446,1397,1791357999391540878,-43.577459122,False
1791357999411220842,,102,bird_eye,0,0,False,0.0,no_alert,9130222823406097446,1399,1791357999430476517,-43.538523483,False
1791357999435682230,,103,bird_eye,0,0,False,0.0,no_alert,9130222823406097446,1400,1791357999453347442,-43.515652558,False
1791357999473016329,,104,bird_eye,0,0,False,0.0,no_alert,9130222823406097446,1402,1791357999499031944,-43.469968056,False
1791357999503772655,,105,bird_eye,0,0,False,0.0,no_alert,9130222823406097446,1403,1791357999522177323,-43.446822677,False
1791357999536565411,,106,bird_eye,0,0,False,0.0,no_alert,9130222823406097446,1405,1791357999555551789,-43.413448211,False
1791357999570384247,,107,bird_eye,0,0,False,0.0,no_alert,9130222823406097446,1407,1791357999589128878,-43.379871122,False
1791357999611638000,,108,bird_eye,0,0,False,0.0,no_alert,9130222823406097446,1408,1791357999632379222,-43.336620778,False
1791357999638768732,,109,bird_eye,0,0,False,0.0,no_alert,9130222823406097446,1410,1791357999657386247,-43.311613753,False
1791357999679395649,,110,bird_eye,0,0,False,0.0,no_alert,9130222823406097446,1412,1791357999696853654,-43.272146346,False
1791357999702283331,,111,bird_eye,0,0,False,0.0,no_alert,9130222823406097446,1413,1791357999721096208,-43.247903792,False
1791357999740361927,,112,bird_eye,0,0,False,0.0,no_alert,9130222823406097446,1415,1791357999758939395,-43.210060605,False
1791357999783830757,,113,bird_eye,0,0,False,0.0,no_alert,9130222823406097446,1417,1791357999804837784,-43.164162216,False
1791357999811364037,,114,bird_eye,0,0,False,0.0,no_alert,9130222823406097446,1419,1791357999829333199,-43.139666801,False
1791357999837374539,,115,bird_eye,0,0,False,0.0,no_alert,9130222823406097446,1420,1791357999855481240,-43.11351876,False
1791357999868800840,,116,bird_eye,0,0,False,0.0,no_alert,9130222823406097446,1422,1791357999886549201,-43.082450799,False
1791357999903124096,,117,bird_eye,0,0,False,0.0,no_alert,9130222823406097446,1423,1791357999924153435,-43.044846565,False
1791357999937256639,,118,bird_eye,0,0,False,0.0,no_alert,9130222823406097446,1425,1791357999955964229,-43.013035771,False
1791357999971321633,,119,bird_eye,0,0,False,0.0,no_alert,9130222823406097446,1427,1791357999989853882,-42.979146118,False
1791358000010877603,,120,bird_eye,0,0,False,0.0,no_alert,9130222823406097446,1428,1791358000034319787,-42.934680213,False
1791358000043627448,,121,bird_eye,0,0,False,0.0,no_alert,9130222823406097446,1430,1791358000061101914,-42.907898086,False
1791358000079672840,,122,bird_eye,0,0,False,0.0,no_alert,9130222823406097446,1432,1791358000099825867,-42.869174133,False
1791358000103815622,,123,bird_eye,0,0,False,0.0,no_alert,9130222823406097446,1433,1791358000121395849,-42.847604151,False
1791358000135578671,,124,bird_eye,0,0,False,0.0,no_alert,9130222823406097446,1435,1791358000153454222,-42.815545778,False
1791358000167895563,,125,bird_eye,0,0,False,0.0,no_alert,9130222823406097446,1437,1791358000186578235,-42.782421765,False
1791358000203220098,,126,bird_eye,0,0,False,0.0,no_alert,9130222823406097446,1438,1791358000221509424,-42.747490576,False
1791358000236223880,,127,bird_eye,0,0,False,0.0,no_alert,9130222823406097446,1440,1791358000254046836,-42.714953164,False
1791358000276367459,,128,bird_eye,0,0,False,0.0,no_alert,9130222823406097446,1442,1791358000294745662,-42.674254338,False
1791358000305371621,,129,bird_eye,0,0,False,0.0,no_alert,9130222823406097446,1443,1791358000326011591,-42.642988409,False
1791358000335670810,,130,bird_eye,0,0,False,0.0,no_alert,9130222823406097446,1445,1791358000353879861,-42.615120139,False
1791358000376663769,,131,bird_eye,0,0,False,0.0,no_alert,9130222823406097446,1447,1791358000395091194,-42.573908806,False
1791358000401564633,,132,bird_eye,0,0,False,0.0,no_alert,9130222823406097446,1448,1791358000419516137,-42.549483863,False
1791358000446305732,,133,bird_eye,0,0,False,0.0,no_alert,9130222823406097446,1451,1791358000464139600,-42.5048604,False
1791358000477863509,,134,bird_eye,0,0,False,0.0,no_alert,9130222823406097446,1452,1791358000497099608,-42.471900392,False
1791358000507225167,,135,bird_eye,0,0,False,0.0,no_alert,9130222823406097446,1454,1791358000526347744,-42.442652256,False
1791358000549715260,,136,bird_eye,0,0,False,0.0,no_alert,9130222823406097446,1456,1791358000567849454,-42.401150546,False
1791358000572434511,,137,bird_eye,0,0,False,0.0,no_alert,9130222823406097446,1457,1791358000590188377,-42.378811623,False
1791358000604357646,,138,bird_eye,0,0,False,0.0,no_alert,9130222823406097446,1458,1791358000622499096,-42.346500904,False
1791358000639124430,,139,bird_eye,0,0,False,0.0,no_alert,9130222823406097446,1460,1791358000657510840,-42.31148916,False
1791358000675303110,,140,bird_eye,0,0,False,0.0,no_alert,9130222823406097446,1462,1791358000700138063,-42.268861937,False
1791358000703562447,,141,bird_eye,0,0,False,0.0,no_alert,9130222823406097446,1463,1791358000721330138,-42.247669862,False
1791358000741411800,,142,bird_eye,0,0,False,0.0,no_alert,9130222823406097446,1465,1791358000760663932,-42.208336068,False
1791358000769153769,,143,bird_eye,0,0,False,0.0,no_alert,9130222823406097446,1466,1791358000788549420,-42.18045058,False
1791358000802379459,,144,bird_eye,0,0,False,0.0,no_alert,9130222823406097446,1468,1791358000824465381,-42.144534619,False
1791358000837079240,,145,bird_eye,0,0,False,0.0,no_alert,9130222823406097446,1470,1791358000856493751,-42.112506249,False
1791358000869585563,,146,bird_eye,0,0,False,0.0,no_alert,9130222823406097446,1472,1791358000889992241,-42.079007759,False
1791358000915367269,,147,bird_eye,0,0,False,0.0,no_alert,9130222823406097446,1474,1791358000933879625,-42.035120375,False
1791358000978309741,,149,bird_eye,0,0,False,0.0,no_alert,9130222823406097446,1477,1791358000999324262,-41.969675738,False
1791358001003086499,,150,bird_eye,0,0,False,0.0,no_alert,9130222823406097446,1478,1791358001025446449,-41.943553551,False
1791358001045675514,,151,bird_eye,0,0,False,0.0,no_alert,9130222823406097446,1480,1791358001067100364,-41.901899636,False
1791358001068657170,,152,bird_eye,0,0,False,0.0,no_alert,9130222823406097446,1482,1791358001090139295,-41.878860705,False
1791358001113057587,,153,bird_eye,0,0,False,0.0,no_alert,9130222823406097446,1484,1791358001131437168,-41.837562832,False
1791358001136641186,,154,bird_eye,0,0,False,0.0,no_alert,9130222823406097446,1485,1791358001154910376,-41.814089624,False
1791358001180117542,,155,bird_eye,0,0,False,0.0,no_alert,9130222823406097446,1487,1791358001198696542,-41.770303458,False
1791358001206121298,,156,bird_eye,0,0,False,0.0,no_alert,9130222823406097446,1488,1791358001226239541,-41.742760459,False
1791358001235736614,,157,bird_eye,0,0,False,0.0,no_alert,9130222823406097446,1490,1791358001255386988,-41.713613012,False
1791358001268994862,,158,bird_eye,0,0,False,0.0,no_alert,9130222823406097446,1492,1791358001287870494,-41.681129506,False
1791358001309310147,,159,bird_eye,0,0,False,0.0,no_alert,9130222823406097446,1494,1791358001327015069,-41.641984931,False
1791358001342797874,,160,bird_eye,0,0,False,0.0,no_alert,9130222823406097446,1495,1791358001365724797,-41.603275203,False
1791358001374498303,,161,bird_eye,0,0,False,0.0,no_alert,9130222823406097446,1497,1791358001393806617,-41.575193383,False
1791358001408760549,,162,bird_eye,0,0,False,0.0,no_alert,9130222823406097446,1499,1791358001427733305,-41.541266695,False
1791358001434952145,,163,bird_eye,0,0,False,0.0,no_alert,9130222823406097446,1500,1791358001452900335,-41.516099665,False
1791358001468954387,,164,bird_eye,0,0,False,0.0,no_alert,9130222823406097446,1502,1791358001486878378,-41.482121622,False
1791358001502150538,,165,bird_eye,0,0,False,0.0,no_alert,9130222823406097446,1503,1791358001519880288,-41.449119712,False
1791358001542869674,,166,bird_eye,0,0,False,0.0,no_alert,9130222823406097446,1505,1791358001562912057,-41.406087943,False
1791358001572412870,,167,bird_eye,0,0,False,0.0,no_alert,9130222823406097446,1507,1791358001590752622,-41.378247378,False
1791358001608652565,,168,bird_eye,0,0,False,0.0,no_alert,9130222823406097446,1509,1791358001626407999,-41.342592001,False
1791358001636712160,,169,bird_eye,0,0,False,0.0,no_alert,9130222823406097446,1510,1791358001655502012,-41.313497988,False
1791358001668801240,,170,bird_eye,0,0,False,0.0,no_alert,9130222823406097446,1512,1791358001687519954,-41.281480046,False
1791358001702190159,,171,bird_eye,0,0,False,0.0,no_alert,9130222823406097446,1513,1791358001721492932,-41.247507068,False
1791358001735805187,,172,bird_eye,0,0,False,0.0,no_alert,9130222823406097446,1515,1791358001755337136,-41.213662864,False
1791358001767758461,,173,bird_eye,0,0,False,0.0,no_alert,9130222823406097446,1517,1791358001786275172,-41.182724828,False
1791358001802015302,,174,bird_eye,0,0,False,0.0,no_alert,9130222823406097446,1518,1791358001819901230,-41.14909877,False
1791358001842661319,,175,bird_eye,0,0,False,0.0,no_alert,9130222823406097446,1520,1791358001860277524,-41.108722476,False
1791358001874849689,,176,bird_eye,0,0,False,0.0,no_alert,9130222823406097446,1522,1791358001892797806,-41.076202194,False
1791358001901440828,,177,bird_eye,0,0,False,0.0,no_alert,9130222823406097446,1523,1791358001920394593,-41.048605407,False
1791358001935490277,,178,bird_eye,0,0,False,0.0,no_alert,9130222823406097446,1525,1791358001953388372,-41.015611628,False
1791358001967663544,,179,bird_eye,0,0,False,0.0,no_alert,9130222823406097446,1527,1791358001985610069,-40.983389931,False
1791358002001410023,,180,bird_eye,0,0,False,0.0,no_alert,9130222823406097446,1528,1791358002019794055,-40.949205945,False
1791358002049787828,,181,bird_eye,0,0,False,0.0,no_alert,9130222823406097446,1531,1791358002067705161,-40.901294839,False
1791358002081659241,,182,bird_eye,0,0,False,0.0,no_alert,9130222823406097446,1532,1791358002100149306,-40.868850694,False
1791358002105605453,,183,bird_eye,0,0,False,0.0,no_alert,9130222823406097446,1533,1791358002126954040,-40.84204596,False
1791358002146409776,,184,bird_eye,0,0,False,0.0,no_alert,9130222823406097446,1535,1791358002164207194,-40.804792806,False
1791358002167726707,,185,bird_eye,0,0,False,0.0,no_alert,9130222823406097446,1537,1791358002185665741,-40.783334259,False
1791358002212605310,,186,bird_eye,0,0,False,0.0,no_alert,9130222823406097446,1539,1791358002235166686,-40.733833314,False
1791358002235311722,,187,bird_eye,0,0,False,0.0,no_alert,9130222823406097446,1540,1791358002255983624,-40.713016376,False
1791358002270101991,,188,bird_eye,0,0,False,0.0,no_alert,9130222823406097446,1542,1791358002296019866,-40.672980134,False
1791358002308819800,,189,bird_eye,0,0,False,0.0,no_alert,9130222823406097446,1544,1791358002327471068,-40.641528932,False
1791358002334426488,,190,bird_eye,0,0,False,0.0,no_alert,9130222823406097446,1545,1791358002353043197,-40.615956803,False
1791358002370610451,,191,bird_eye,0,0,False,0.0,no_alert,9130222823406097446,1547,1791358002389726907,-40.579273093,False
1791358002409065238,,192,bird_eye,0,0,False,0.0,no_alert,9130222823406097446,1549,1791358002427576260,-40.54142374,False
1791358002443465738,,193,bird_eye,0,0,False,0.0,no_alert,9130222823406097446,1550,1791358002466300044,-40.502699956,False
1791358002467586810,,194,bird_eye,0,0,False,0.0,no_alert,9130222823406097446,1551,1791358002487448720,-40.48155128,False
1791358002515745139,,195,bird_eye,0,0,False,0.0,no_alert,9130222823406097446,1554,1791358002536213560,-40.43278644,False
1791358002541526875,,196,bird_eye,0,0,False,0.0,no_alert,9130222823406097446,1555,1791358002562182889,-40.406817111,False
1791358002579498047,,197,bird_eye,0,0,False,0.0,no_alert,9130222823406097446,1557,1791358002600184403,-40.368815597,False
1791358002606373198,,198,bird_eye,0,0,False,0.0,no_alert,9130222823406097446,1558,1791358002626669863,-40.342330137,False
1791358002646753082,,199,bird_eye,0,0,False,0.0,no_alert,9130222823406097446,1560,1791358002665529086,-40.303470914,False
1791358002679491631,,200,bird_eye,0,0,False,0.0,no_alert,9130222823406097446,1562,1791358002697684466,-40.271315534,False
1791358002721050181,,201,bird_eye,0,0,False,0.0,no_alert,9130222823406097446,1564,1791358002740439128,-40.228560872,False
1791358002753472489,,202,bird_eye,0,0,False,0.0,no_alert,9130222823406097446,1566,1791358002772023365,-40.196976635,False
1791358002777357718,,203,bird_eye,0,0,False,0.0,no_alert,9130222823406097446,1567,1791358002794797254,-40.174202746,False
1791358002806874746,,204,bird_eye,0,0,False,0.0,no_alert,9130222823406097446,1568,1791358002828485703,-40.140514297,False
1791358002843746891,,205,bird_eye,0,0,False,0.0,no_alert,9130222823406097446,1570,1791358002863124831,-40.105875169,False
1791358002882747762,,206,bird_eye,0,0,False,0.0,no_alert,9130222823406097446,1572,1791358002901348668,-40.067651332,False
1791358002900525481,,207,bird_eye,0,0,False,0.0,no_alert,9130222823406097446,1573,1791358002918668434,-40.050331566,False
1791358002946933653,,208,bird_eye,0,0,False,0.0,no_alert,9130222823406097446,1576,1791358002965134844,-40.003865156,False
1791358002978401752,,209,bird_eye,0,0,False,0.0,no_alert,9130222823406097446,1577,1791358002997892446,-39.971107554,False
1791358003005800607,,210,bird_eye,0,0,False,0.0,no_alert,9130222823406097446,1578,1791358003025205899,-39.943794101,False
1791358003034304158,,211,bird_eye,0,0,False,0.0,no_alert,9130222823406097446,1580,1791358003052836142,-39.916163858,False
1791358003073252310,,212,bird_eye,0,0,False,0.0,no_alert,9130222823406097446,1582,1791358003091489294,-39.877510706,False
1791358003101007009,,213,bird_eye,0,0,False,0.0,no_alert,9130222823406097446,1583,1791358003119680498,-39.849319502,False
1791358003135205821,,214,bird_eye,0,0,False,0.0,no_alert,9130222823406097446,1585,1791358003153135091,-39.815864909,False
1791358003181929423,,215,bird_eye,0,0,False,0.0,no_alert,9130222823406097446,1587,1791358003201773378,-39.767226622,False
1791358003206919467,,216,bird_eye,0,0,False,0.0,no_alert,9130222823406097446,1588,1791358003226488892,-39.742511108,False
1791358003244984185,,217,bird_eye,0,0,False,0.0,no_alert,9130222823406097446,1590,1791358003276037356,-39.692962644,False
1791358003278492866,,218,bird_eye,0,0,False,0.0,no_alert,9130222823406097446,1592,1791358003298107085,-39.670892915,False
1791358003301975036,,219,bird_eye,0,0,False,0.0,no_alert,9130222823406097446,1593,1791358003319808675,-39.649191325,False
1791358003340989195,,220,bird_eye,0,0,False,0.0,no_alert,9130222823406097446,1595,1791358003360406471,-39.608593529,False
1791358003371642800,,221,bird_eye,0,0,False,0.0,no_alert,9130222823406097446,1597,1791358003394318219,-39.574681781,False
1791358003414008014,,222,bird_eye,0,0,False,0.0,no_alert,9130222823406097446,1599,1791358003434308540,-39.53469146,False
1791358003433391179,,223,bird_eye,0,0,False,0.0,no_alert,9130222823406097446,1600,1791358003456401419,-39.512598581,False
1791358003468522652,,224,bird_eye,0,0,False,0.0,no_alert,9130222823406097446,1602,1791358003489979488,-39.479020512,False
1791358003512211831,,225,bird_eye,0,0,False,0.0,no_alert,9130222823406097446,1604,1791358003532498235,-39.436501765,False
1791358003535839345,,226,bird_eye,0,0,False,0.0,no_alert,9130222823406097446,1605,1791358003553751503,-39.415248497,False
1791358003578820029,,227,bird_eye,0,0,False,0.0,no_alert,9130222823406097446,1607,1791358003598306738,-39.370693262,False
1791358003600622677,,228,bird_eye,0,0,False,0.0,no_alert,9130222823406097446,1608,1791358003618436025,-39.350563975,False
1791358003649497767,,229,bird_eye,0,0,False,0.0,no_alert,9130222823406097446,1611,1791358003670256937,-39.298743063,False
1791358003680551024,,230,bird_eye,0,0,False,0.0,no_alert,9130222823406097446,1612,1791358003698311602,-39.270688398,False
1791358003704890928,,231,bird_eye,0,0,False,0.0,no_alert,9130222823406097446,1613,1791358003724094718,-39.244905282,False
1791358003743112674,,232,bird_eye,0,0,False,0.0,no_alert,9130222823406097446,1615,1791358003765712657,-39.203287343,False
1791358003782569521,,233,bird_eye,0,0,False,0.0,no_alert,9130222823406097446,1617,1791358003802878192,-39.166121808,False
1791358003813108253,,234,bird_eye,0,0,False,0.0,no_alert,9130222823406097446,1619,1791358003837057296,-39.131942704,False
1791358003837218101,,235,bird_eye,0,0,False,0.0,no_alert,9130222823406097446,1620,1791358003857221596,-39.111778404,False
1791358003868184833,,236,bird_eye,0,0,False,0.0,no_alert,9130222823406097446,1622,1791358003887487470,-39.08151253,False
1791358003908870553,,237,bird_eye,0,0,False,0.0,no_alert,9130222823406097446,1624,1791358003928961401,-39.040038599,False
1791358003935054665,,238,bird_eye,0,0,False,0.0,no_alert,9130222823406097446,1625,1791358003955637569,-39.013362431,False
1791358003978154814,,239,bird_eye,0,0,False,0.0,no_alert,9130222823406097446,1627,1791358003997802501,-38.971197499,False
1791358004008414997,,240,bird_eye,0,0,False,0.0,no_alert,9130222823406097446,1628,1791358004026890362,-38.942109638,False
1791358004051664342,,241,bird_eye,0,0,False,0.0,no_alert,9130222823406097446,1631,1791358004071479383,-38.897520617,False
1791358004071831367,,242,bird_eye,0,0,False,0.0,no_alert,9130222823406097446,1632,1791358004090041292,-38.878958708,False
1791358004101536681,,243,bird_eye,0,0,False,0.0,no_alert,9130222823406097446,1633,1791358004124557053,-38.844442947,False
1791358004146049937,,244,bird_eye,0,0,False,0.0,no_alert,9130222823406097446,1635,1791358004164245987,-38.804754013,False
1791358004173491725,,245,bird_eye,0,0,False,0.0,no_alert,9130222823406097446,1637,1791358004199984860,-38.76901514,False
1791358004210773516,,246,bird_eye,0,0,False,0.0,no_alert,9130222823406097446,1639,1791358004231072657,-38.737927343,False
1791358004237765174,,247,bird_eye,0,0,False,0.0,no_alert,9130222823406097446,1640,1791358004255886119,-38.713113881,False
1791358004274816616,,248,bird_eye,0,0,False,0.0,no_alert,9130222823406097446,1642,1791358004292798716,-38.676201284,False
1791358004306453467,,249,bird_eye,0,0,False,0.0,no_alert,9130222823406097446,1643,1791358004324791990,-38.64420801,False
1791358004333732866,,250,bird_eye,0,0,False,0.0,no_alert,9130222823406097446,1645,1791358004352503543,-38.616496457,False
1791358004371037999,,251,bird_eye,0,0,False,0.0,no_alert,9130222823406097446,1647,1791358004388966735,-38.580033265,False
1791358004401972034,,252,bird_eye,0,0,False,0.0,no_alert,9130222823406097446,1648,1791358004420097338,-38.548902662,False
1791358004435485138,,253,bird_eye,0,0,False,0.0,no_alert,9130222823406097446,1650,1791358004454151359,-38.514848641,False
1791358004469394828,,254,bird_eye,0,0,False,0.0,no_alert,9130222823406097446,1652,1791358004487512806,-38.481487194,False
1791358004501719714,,255,bird_eye,0,0,False,0.0,no_alert,9130222823406097446,1653,1791358004519914771,-38.449085229,False
1791358004535193391,,256,bird_eye,0,0,False,0.0,no_alert,9130222823406097446,1655,1791358004553437739,-38.415562261,False
1791358004568247137,,257,bird_eye,0,0,False,0.0,no_alert,9130222823406097446,1657,1791358004588660625,-38.380339375,False
1791358004601930192,,258,bird_eye,0,0,False,0.0,no_alert,9130222823406097446,1658,1791358004623035163,-38.345964837,False
1791358004638041178,,259,bird_eye,0,0,False,0.0,no_alert,9130222823406097446,1660,1791358004656085928,-38.312914072,False
1791358004667900414,,260,bird_eye,0,0,False,0.0,no_alert,9130222823406097446,1661,1791358004688059460,-38.28094054,False
1791358004701366304,,261,bird_eye,0,0,False,0.0,no_alert,9130222823406097446,1663,1791358004719666158,-38.249333842,False
1791358004735394202,,262,bird_eye,0,0,False,0.0,no_alert,9130222823406097446,1665,1791358004753997611,-38.215002389,False
1791358004768012336,,263,bird_eye,0,0,False,0.0,no_alert,9130222823406097446,1667,1791358004786054447,-38.182945553,False
1791358004801438204,,264,bird_eye,0,0,False,0.0,no_alert,9130222823406097446,1668,1791358004821393454,-38.147606546,False
1791358004834889936,,265,bird_eye,0,0,False,0.0,no_alert,9130222823406097446,1670,1791358004861643693,-38.107356307,False
1791358004868972001,,266,bird_eye,0,0,False,0.0,no_alert,9130222823406097446,1672,1791358004897826568,-38.071173432,False
1791358004904337081,,267,bird_eye,0,0,False,0.0,no_alert,9130222823406097446,1673,1791358004925682538,-38.043317462,False
1791358004934699050,,268,bird_eye,0,0,False,0.0,no_alert,9130222823406097446,1675,1791358004953094268,-38.015905732,False
1791358004976685529,,269,bird_eye,0,0,False,0.0,no_alert,9130222823406097446,1677,1791358004995272927,-37.973727073,False
1791358005001773354,,270,bird_eye,0,0,False,0.0,no_alert,9130222823406097446,1678,1791358005019969043,-37.949030957,False
1791358005037178830,,271,bird_eye,0,0,False,0.0,no_alert,9130222823406097446,1680,1791358005056388231,-37.912611769,False
1791358005073613900,,272,bird_eye,0,0,False,0.0,no_alert,9130222823406097446,1682,1791358005102529344,-37.866470656,False
1791358005100760188,,273,bird_eye,0,0,False,0.0,no_alert,9130222823406097446,1683,1791358005120528052,-37.848471948,False
1791358005135176392,,274,bird_eye,0,0,False,0.0,no_alert,9130222823406097446,1685,1791358005155400955,-37.813599045,False
1791358005168785907,,275,bird_eye,0,0,False,0.0,no_alert,9130222823406097446,1686,1791358005186838367,-37.782161633,False
1791358005200849031,,276,bird_eye,0,0,False,0.0,no_alert,9130222823406097446,1688,1791358005220060553,-37.748939447,False
1791358005235737375,,277,bird_eye,0,0,False,0.0,no_alert,9130222823406097446,1690,1791358005255298725,-37.713701275,False
1791358005268520786,,278,bird_eye,0,0,False,0.0,no_alert,9130222823406097446,1692,1791358005290136739,-37.678863261,False
1791358005310077010,,279,bird_eye,0,0,False,0.0,no_alert,9130222823406097446,1694,1791358005328846541,-37.640153459,False
1791358005337138982,,280,bird_eye,0,0,False,0.0,no_alert,9130222823406097446,1695,1791358005357096986,-37.611903014,False
1791358005368775624,,281,bird_eye,0,0,False,0.0,no_alert,9130222823406097446,1697,1791358005387533142,-37.581466858,False
1791358005410070188,,282,bird_eye,0,0,False,0.0,no_alert,9130222823406097446,1699,1791358005429818349,-37.539181651,False
1791358005443119746,,283,bird_eye,0,0,False,0.0,no_alert,9130222823406097446,1700,1791358005461962403,-37.507037597,False
1791358005475357177,,284,bird_eye,0,0,False,0.0,no_alert,9130222823406097446,1702,1791358005493424815,-37.475575185,False
1791358005517809741,,285,bird_eye,0,0,False,0.0,no_alert,9130222823406097446,1704,1791358005539065389,-37.429934611,False
1791358005549670504,,286,bird_eye,0,0,False,0.0,no_alert,9130222823406097446,1706,1791358005572801077,-37.396198923,False
1791358005568863338,,287,bird_eye,0,0,False,0.0,no_alert,9130222823406097446,1707,1791358005589985743,-37.379014257,False
1791358005602361714,,288,bird_eye,0,0,False,0.0,no_alert,9130222823406097446,1708,1791358005621490188,-37.347509812,False
1791358005635811246,,289,bird_eye,0,0,False,0.0,no_alert,9130222823406097446,1710,1791358005659240962,-37.309759038,False
1791358005680127233,,290,bird_eye,0,0,False,0.0,no_alert,9130222823406097446,1712,1791358005698635716,-37.270364284,False
1791358005714071034,,291,bird_eye,0,0,False,0.0,no_alert,9130222823406097446,1714,1791358005733076249,-37.235923751,False
1791358005741896986,,292,bird_eye,0,0,False,0.0,no_alert,9130222823406097446,1715,1791358005763407786,-37.205592214,False
1791358005766882443,,293,bird_eye,0,0,False,0.0,no_alert,9130222823406097446,1717,1791358005787314454,-37.181685546,False
1791358005801934058,,294,bird_eye,0,0,False,0.0,no_alert,9130222823406097446,1718,1791358005826255461,-37.142744539,False
1791358005835902801,,295,bird_eye,0,0,False,0.0,no_alert,9130222823406097446,1720,1791358005855715632,-37.113284368,False
1791358005868420871,,296,bird_eye,0,0,False,0.0,no_alert,9130222823406097446,1722,1791358005886733264,-37.082266736,False
1791358005901913443,,297,bird_eye,0,0,False,0.0,no_alert,9130222823406097446,1723,1791358005925728428,-37.043271572,False
1791358005943733565,,298,bird_eye,0,0,False,0.0,no_alert,9130222823406097446,1725,1791358005996906994,-36.972093006,False
1791358005968475916,,299,bird_eye,0,0,False,0.0,no_alert,9130222823406097446,1727,1791358005996951859,-36.972048141,False
1791358006001819168,,300,bird_eye,0,0,False,0.0,no_alert,9130222823406097446,1728,1791358006026778161,-36.942221839,False
1791358006050616927,,301,bird_eye,0,0,False,0.0,no_alert,9130222823406097446,1731,1791358006076614528,-36.892385472,False
1791358006075713933,,302,bird_eye,0,0,False,0.0,no_alert,9130222823406097446,1732,1791358006100538625,-36.868461375,False
1791358006100770637,,303,bird_eye,0,0,False,0.0,no_alert,9130222823406097446,1733,1791358006118938439,-36.850061561,False
1791358006141926782,,304,bird_eye,0,0,False,0.0,no_alert,9130222823406097446,1735,1791358006160036063,-36.808963937,False
1791358006181436610,,305,bird_eye,0,0,False,0.0,no_alert,9130222823406097446,1737,1791358006205015787,-36.763984213,False
1791358006209177964,,306,bird_eye,0,0,False,0.0,no_alert,9130222823406097446,1739,1791358006227429259,-36.741570741,False
1791358006235004135,,307,bird_eye,0,0,False,0.0,no_alert,9130222823406097446,1740,1791358006267307738,-36.701692262,False
1791358006269816207,,308,bird_eye,0,0,False,0.0,no_alert,9130222823406097446,1742,1791358006287725726,-36.681274274,False
1791358006306085976,,309,bird_eye,0,0,False,0.0,no_alert,9130222823406097446,1743,1791358006324534362,-36.644465638,False
1791358006334669641,,310,bird_eye,0,0,False,0.0,no_alert,9130222823406097446,1745,1791358006353599392,-36.615400608,False
1791358006367184627,,311,bird_eye,0,0,False,0.0,no_alert,9130222823406097446,1747,1791358006385495155,-36.583504845,False
1791358006406126223,,312,bird_eye,0,0,False,0.0,no_alert,9130222823406097446,1748,1791358006426575644,-36.542424356,False
1791358006441966831,,313,bird_eye,0,0,False,0.0,no_alert,9130222823406097446,1750,1791358006463706112,-36.505293888,False
1791358006473887780,,314,bird_eye,0,0,False,0.0,no_alert,9130222823406097446,1752,1791358006499118516,-36.469881484,False
1791358006506840157,,315,bird_eye,0,0,False,0.0,no_alert,9130222823406097446,1754,1791358006526727779,-36.442272221,False
1791358006537806776,,316,bird_eye,0,0,False,0.0,no_alert,9130222823406097446,1755,1791358006558671606,-36.410328394,False
1791358006569652851,,317,bird_eye,0,0,False,0.0,no_alert,9130222823406097446,1757,1791358006588606285,-36.380393715,False
1791358006600364005,,318,bird_eye,0,0,False,0.0,no_alert,9130222823406097446,1758,1791358006627323343,-36.341676657,False
1791358006634702776,,319,bird_eye,0,0,False,0.0,no_alert,9130222823406097446,1760,1791358006653238642,-36.315761358,False
1791358006668742840,,320,bird_eye,0,0,False,0.0,no_alert,9130222823406097446,1762,1791358006688686686,-36.280313314,False
1791358006711827881,,321,bird_eye,0,0,False,0.0,no_alert,9130222823406097446,1763,1791358006733235896,-36.235764104,False
1791358006733545527,,322,bird_eye,0,0,False,0.0,no_alert,9130222823406097446,1765,1791358006752550795,-36.216449205,False
1791358006768792906,,323,bird_eye,0,0,False,0.0,no_alert,9130222823406097446,1766,1791358006789386766,-36.179613234,False
1791358006801947562,,324,bird_eye,0,0,False,0.0,no_alert,9130222823406097446,1768,1791358006820483117,-36.148516883,False
1791358006837207452,,325,bird_eye,0,0,False,0.0,no_alert,9130222823406097446,1770,1791358006855919027,-36.113080973,False
1791358006869333311,,326,bird_eye,0,0,False,0.0,no_alert,9130222823406097446,1771,1791358006892100416,-36.076899584,False
1791358006904885272,,327,bird_eye,0,0,False,0.0,no_alert,9130222823406097446,1773,1791358006925275880,-36.04372412,False
1791358006935228796,,328,bird_eye,0,0,False,0.0,no_alert,9130222823406097446,1775,1791358006953121124,-36.015878876,False
1791358006968545840,,329,bird_eye,0,0,False,0.0,no_alert,9130222823406097446,1777,1791358006990483083,-35.978516917,False
1791358007004526328,,330,bird_eye,0,0,False,0.0,no_alert,9130222823406097446,1778,1791358007024808617,-35.944191383,False
1791358007035779099,,331,bird_eye,0,0,False,0.0,no_alert,9130222823406097446,1780,1791358007053887632,-35.915112368,False
1791358007073120722,,332,bird_eye,0,0,False,0.0,no_alert,9130222823406097446,1782,1791358007093565476,-35.875434524,False
1791358007109610567,,333,bird_eye,0,0,False,0.0,no_alert,9130222823406097446,1784,1791358007127542930,-35.84145707,False
1791358007138544595,,334,bird_eye,0,0,False,0.0,no_alert,9130222823406097446,1785,1791358007156821048,-35.812178952,False
1791358007170741527,,335,bird_eye,0,0,False,0.0,no_alert,9130222823406097446,1787,1791358007195686118,-35.773313882,False
1791358007205795855,,336,bird_eye,0,0,False,0.0,no_alert,9130222823406097446,1788,1791358007224149373,-35.744850627,False
1791358007238281123,,337,bird_eye,0,0,False,0.0,no_alert,9130222823406097446,1790,1791358007258420367,-35.710579633,False
1791358007270754500,,338,bird_eye,0,0,False,0.0,no_alert,9130222823406097446,1791,1791358007290111231,-35.678888769,False
1791358007304429073,,339,bird_eye,0,0,False,0.0,no_alert,9130222823406097446,1793,1791358007324512679,-35.644487321,False
1791358007337855432,,340,bird_eye,0,0,False,0.0,no_alert,9130222823406097446,1795,1791358007356750703,-35.612249297,False
1791358007378343919,,341,bird_eye,0,0,False,0.0,no_alert,9130222823406097446,1797,1791358007400320733,-35.568679267,False
1791358007400660916,,342,bird_eye,0,0,False,0.0,no_alert,9130222823406097446,1798,1791358007419264025,-35.549735975,False
1791358007435904630,,343,bird_eye,0,0,False,0.0,no_alert,9130222823406097446,1800,1791358007454449950,-35.51455005,False
1791358007478846082,,344,bird_eye,0,0,False,0.0,no_alert,9130222823406097446,1802,1791358007502749267,-35.466250733,False
1791358007506938943,,345,bird_eye,0,0,False,0.0,no_alert,9130222823406097446,1804,1791358007524962573,-35.444037427,False
1791358007534678174,,346,bird_eye,0,0,False,0.0,no_alert,9130222823406097446,1805,1791358007554626107,-35.414373893,False
1791358007577725734,,347,bird_eye,0,0,False,0.0,no_alert,9130222823406097446,1807,1791358007596880298,-35.372119702,False
1791358007608463808,,348,bird_eye,0,0,False,0.0,no_alert,9130222823406097446,1809,1791358007626618516,-35.342381484,False
1791358007637980720,,349,bird_eye,0,0,False,0.0,no_alert,9130222823406097446,1810,1791358007656700491,-35.312299509,False
1791358007670314222,,350,bird_eye,0,0,False,0.0,no_alert,9130222823406097446,1812,1791358007690033311,-35.278966689,False
1791358007701780922,,351,bird_eye,0,0,False,0.0,no_alert,9130222823406097446,1813,1791358007721892398,-35.247107602,False
1791358007736647596,,352,bird_eye,0,0,False,0.0,no_alert,9130222823406097446,1815,1791358007755546277,-35.213453723,False
1791358007769861084,,353,bird_eye,0,0,False,0.0,no_alert,9130222823406097446,1817,1791358007788981223,-35.180018777,False
1791358007802564921,,354,bird_eye,0,0,False,0.0,no_alert,9130222823406097446,1818,1791358007820997753,-35.148002247,False
1791358007836505670,,355,bird_eye,0,0,False,0.0,no_alert,9130222823406097446,1820,1791358007854465261,-35.114534739,False
1791358007878572556,,356,bird_eye,0,0,False,0.0,no_alert,9130222823406097446,1822,1791358007896958808,-35.072041192,False
1791358007902933722,,357,bird_eye,0,0,False,0.0,no_alert,9130222823406097446,1823,1791358007926643781,-35.042356219,False
1791358007944889690,,358,bird_eye,0,0,False,0.0,no_alert,9130222823406097446,1825,1791358007964754791,-35.004245209,False
1791358007967730725,,359,bird_eye,0,0,False,0.0,no_alert,9130222823406097446,1827,1791358007986180798,-34.982819202,False
1791358008005674751,,360,bird_eye,0,0,False,0.0,no_alert,9130222823406097446,1828,1791358008026335298,-34.942664702,False
1791358008036195270,,361,bird_eye,0,0,False,0.0,no_alert,9130222823406097446,1830,1791358008055936740,-34.91306326,False
1791358008072147035,,362,bird_eye,0,0,False,0.0,no_alert,9130222823406097446,1832,1791358008091523373,-34.877476627,False
1791358008109359687,,363,bird_eye,0,0,False,0.0,no_alert,9130222823406097446,1834,1791358008127733392,-34.841266608,False
1791358008135552684,,364,bird_eye,0,0,False,0.0,no_alert,9130222823406097446,1835,1791358008155828181,-34.813171819,False
1791358008172943564,,365,bird_eye,0,0,False,0.0,no_alert,9130222823406097446,1837,1791358008191672649,-34.777327351,False
1791358008204896178,,366,bird_eye,0,0,False,0.0,no_alert,9130222823406097446,1838,1791358008223995275,-34.745004725,False
1791358008236954220,,367,bird_eye,0,0,False,0.0,no_alert,9130222823406097446,1840,1791358008254739868,-34.714260132,False
1791358008268809879,,368,bird_eye,0,0,False,0.0,no_alert,9130222823406097446,1842,1791358008287500109,-34.681499891,False
1791358008304228870,,369,bird_eye,0,0,False,0.0,no_alert,9130222823406097446,1843,1791358008322972875,-34.646027125,False
1791358008344526269,,370,bird_eye,0,0,False,0.0,no_alert,9130222823406097446,1845,1791358008363266803,-34.605733197,False
1791358008367508829,,371,bird_eye,0,0,False,0.0,no_alert,9130222823406097446,1847,1791358008386062790,-34.58293721,False
1791358008404097100,,372,bird_eye,0,0,False,0.0,no_alert,9130222823406097446,1848,1791358008427949712,-34.541050288,False
1791358008444253774,,373,bird_eye,0,0,False,0.0,no_alert,9130222823406097446,1850,1791358008464740434,-34.504259566,False
1791358008467873763,,374,bird_eye,0,0,False,0.0,no_alert,9130222823406097446,1852,1791358008486057752,-34.482942248,False
1791358008509830395,,375,bird_eye,0,0,False,0.0,no_alert,9130222823406097446,1853,1791358008532502768,-34.436497232,False
1791358008540725602,,376,bird_eye,0,0,False,0.0,no_alert,9130222823406097446,1855,1791358008559582346,-34.409417654,False
1791358008568892929,,377,bird_eye,0,0,False,0.0,no_alert,9130222823406097446,1857,1791358008588107327,-34.380892673,False
1791358008604581791,,378,bird_eye,0,0,False,0.0,no_alert,9130222823406097446,1858,1791358008632021126,-34.336978874,False
1791358008636631144,,379,bird_eye,0,0,False,0.0,no_alert,9130222823406097446,1860,1791358008655906624,-34.313093376,False
1791358008671307109,,380,bird_eye,0,0,False,0.0,no_alert,9130222823406097446,1862,1791358008692583626,-34.276416374,False
1791358008708461938,,381,bird_eye,0,0,False,0.0,no_alert,9130222823406097446,1864,1791358008732830094,-34.236169906,False
1791358008737657806,,382,bird_eye,0,0,False,0.0,no_alert,9130222823406097446,1865,1791358008757309422,-34.211690578,False
1791358008770247690,,383,bird_eye,0,0,False,0.0,no_alert,9130222823406097446,1867,1791358008789001011,-34.179998989,False
1791358008802611930,,384,bird_eye,0,0,False,0.0,no_alert,9130222823406097446,1868,1791358008824440228,-34.144559772,False
1791358008839249673,,385,bird_eye,0,0,False,0.0,no_alert,9130222823406097446,1870,1791358008857826338,-34.111173662,False
1791358008869544140,,386,bird_eye,0,0,False,0.0,no_alert,9130222823406097446,1872,1791358008887747181,-34.081252819,False
1791358008904245609,,387,bird_eye,0,0,False,0.0,no_alert,9130222823406097446,1873,1791358008923561022,-34.045438978,False
1791358008937492425,,388,bird_eye,0,0,False,0.0,no_alert,9130222823406097446,1875,1791358008955997710,-34.01300229,False
1791358008970963214,,389,bird_eye,0,0,False,0.0,no_alert,9130222823406097446,1877,1791358008989806018,-33.979193982,False
1791358009003946438,,390,bird_eye,0,0,False,0.0,no_alert,9130222823406097446,1878,1791358009027004848,-33.941995152,False
1791358009038215109,,391,bird_eye,0,0,False,0.0,no_alert,9130222823406097446,1880,1791358009059067173,-33.909932827,False
1791358009077497267,,392,bird_eye,0,0,False,0.0,no_alert,9130222823406097446,1882,1791358009096234469,-33.872765531,False
1791358009101691875,,393,bird_eye,0,0,False,0.0,no_alert,9130222823406097446,1883,1791358009120036382,-33.848963618,False
1791358009136951726,,394,bird_eye,0,0,False,0.0,no_alert,9130222823406097446,1885,1791358009156536594,-33.812463406,False
1791358009173721172,,395,bird_eye,0,0,False,0.0,no_alert,9130222823406097446,1886,1791358009192886416,-33.776113584,False
1791358009207430347,,396,bird_eye,0,0,False,0.0,no_alert,9130222823406097446,1888,1791358009226544061,-33.742455939,False
1791358009238109112,,397,bird_eye,0,0,False,0.0,no_alert,9130222823406097446,1890,1791358009256425944,-33.712574056,False
1791358009276573319,,398,bird_eye,0,0,False,0.0,no_alert,9130222823406097446,1892,1791358009295615543,-33.673384457,False
1791358009303345815,,399,bird_eye,0,0,False,0.0,no_alert,9130222823406097446,1893,1791358009327398649,-33.641601351,False
1791358009339254217,,400,bird_eye,0,0,False,0.0,no_alert,9130222823406097446,1895,1791358009360070726,-33.608929274,False
1791358009369312871,,401,bird_eye,0,0,False,0.0,no_alert,9130222823406097446,1897,1791358009388240573,-33.580759427,False
1791358009405051518,,402,bird_eye,0,0,False,0.0,no_alert,9130222823406097446,1898,1791358009424700785,-33.544299215,False
1791358009437033400,,403,bird_eye,0,0,False,0.0,no_alert,9130222823406097446,1900,1791358009455386150,-33.51361385,False
1791358009470033146,,404,bird_eye,0,0,False,0.0,no_alert,9130222823406097446,1902,1791358009496496454,-33.472503546,False
1791358009506953131,,405,bird_eye,0,0,False,0.0,no_alert,9130222823406097446,1904,1791358009525318586,-33.443681414,False
1791358009539015004,,406,bird_eye,0,0,False,0.0,no_alert,9130222823406097446,1905,1791358009560104872,-33.408895128,False
1791358009582968415,,407,bird_eye,0,0,False,0.0,no_alert,9130222823406097446,1907,1791358009601294223,-33.367705777,False
1791358009601816527,,408,bird_eye,0,0,False,0.0,no_alert,9130222823406097446,1908,1791358009620362222,-33.348637778,False
1791358009644258284,,409,bird_eye,0,0,False,0.0,no_alert,9130222823406097446,1910,1791358009666345548,-33.302654452,False
1791358009669090974,,410,bird_eye,0,0,False,0.0,no_alert,9130222823406097446,1912,1791358009688144098,-33.280855902,False
1791358009705613455,,411,bird_eye,0,0,False,0.0,no_alert,9130222823406097446,1913,1791358009727030930,-33.24196907,False
1791358009749099812,,412,bird_eye,0,0,False,0.0,no_alert,9130222823406097446,1916,1791358009770199193,-33.198800807,False
1791358009770039397,,413,bird_eye,0,0,False,0.0,no_alert,9130222823406097446,1917,1791358009788736385,-33.180263615,False
1791358009806564695,,414,bird_eye,0,0,False,0.0,no_alert,9130222823406097446,1919,1791358009825500416,-33.143499584,False
1791358009853707299,,415,bird_eye,0,0,False,0.0,no_alert,9130222823406097446,1921,1791358009874681416,-33.094318584,False
1791358009872634442,,416,bird_eye,0,0,False,0.0,no_alert,9130222823406097446,1922,1791358009892395875,-33.076604125,False
1791358009909182509,,417,bird_eye,0,0,False,0.0,no_alert,9130222823406097446,1924,1791358009927453418,-33.041546582,False
1791358009937319859,,418,bird_eye,0,0,False,0.0,no_alert,9130222823406097446,1925,1791358009960348416,-33.008651584,False
1791358009970549635,,419,bird_eye,0,0,False,0.0,no_alert,9130222823406097446,1927,1791358009989528045,-32.979471955,False
1791358010004071703,,420,bird_eye,0,0,False,0.0,no_alert,9130222823406097446,1928,1791358010024215392,-32.944784608,False
1791358010038181937,,421,bird_eye,0,0,False,0.0,no_alert,9130222823406097446,1930,1791358010056933995,-32.912066005,False
1791358010071141603,,422,bird_eye,0,0,False,0.0,no_alert,9130222823406097446,1932,1791358010093254759,-32.875745241,False
1791358010103012113,,423,bird_eye,0,0,False,0.0,no_alert,9130222823406097446,1933,1791358010124588516,-32.844411484,False
1791358010144868197,,424,bird_eye,0,0,False,0.0,no_alert,9130222823406097446,1935,1791358010167799030,-32.80120097,False
1791358010172964475,,425,bird_eye,0,0,False,0.0,no_alert,9130222823406097446,1937,1791358010191820166,-32.777179834,False
1791358010209824407,,426,bird_eye,0,0,False,0.0,no_alert,9130222823406097446,1938,1791358010231528246,-32.737471754,False
1791358010241637383,,427,bird_eye,0,0,False,0.0,no_alert,9130222823406097446,1940,1791358010259789705,-32.709210295,False
1791358010275563153,,428,bird_eye,0,0,False,0.0,no_alert,9130222823406097446,1942,1791358010294075316,-32.674924684,False
1791358010306514189,,429,bird_eye,0,0,False,0.0,no_alert,9130222823406097446,1943,1791358010328610513,-32.640389487,False
1791358010340960799,,430,bird_eye,0,0,False,0.0,no_alert,9130222823406097446,1945,1791358010364127436,-32.604872564,False
1791358010370915309,,431,bird_eye,0,0,False,0.0,no_alert,9130222823406097446,1947,1791358010389902064,-32.579097936,False
1791358010404788908,,432,bird_eye,0,0,False,0.0,no_alert,9130222823406097446,1948,1791358010426786427,-32.542213573,False
1791358010440250591,,433,bird_eye,0,0,False,0.0,no_alert,9130222823406097446,1950,1791358010460222390,-32.50877761,False
1791358010480896592,,434,bird_eye,0,0,False,0.0,no_alert,9130222823406097446,1952,1791358010499325381,-32.469674619,False
1791358010502100581,,435,bird_eye,0,0,False,0.0,no_alert,9130222823406097446,1953,1791358010521763066,-32.447236934,False
1791358010539920983,,436,bird_eye,0,0,False,0.0,no_alert,9130222823406097446,1955,1791358010558259776,-32.410740224,False
1791358010579755982,,437,bird_eye,0,0,False,0.0,no_alert,9130222823406097446,1957,1791358010599979203,-32.369020797,False
1791358010607856078,,438,bird_eye,0,0,False,0.0,no_alert,9130222823406097446,1958,1791358010628165318,-32.340834682,False
1791358010637293359,,439,bird_eye,0,0,False,0.0,no_alert,9130222823406097446,1960,1791358010660490924,-32.308509076,False
1791358010671701562,,440,bird_eye,0,0,False,0.0,no_alert,9130222823406097446,1962,1791358010693269429,-32.275730571,False
1791358010706499567,,441,bird_eye,0,0,False,0.0,no_alert,9130222823406097446,1963,1791358010728642620,-32.24035738,False
1791358010737056544,,442,bird_eye,0,0,False,0.0,no_alert,9130222823406097446,1965,1791358010760366255,-32.208633745,False
1791358010775251927,,443,bird_eye,0,0,False,0.0,no_alert,9130222823406097446,1967,1791358010793283756,-32.175716244,False
1791358010809079677,,444,bird_eye,0,0,False,0.0,no_alert,9130222823406097446,1969,1791358010828012365,-32.140987635,False
1791358010844429552,,445,bird_eye,0,0,False,0.0,no_alert,9130222823406097446,1970,1791358010865006378,-32.103993622,False
1791358010876267103,,446,bird_eye,0,0,False,0.0,no_alert,9130222823406097446,1972,1791358010897099752,-32.071900248,False
1791358010904048517,,447,bird_eye,0,0,False,0.0,no_alert,9130222823406097446,1973,1791358010924781717,-32.044218283,False
1791358010944377395,,448,bird_eye,0,0,False,0.0,no_alert,9130222823406097446,1975,1791358010964451442,-32.004548558,False
1791358010981017496,,449,bird_eye,0,0,False,0.0,no_alert,9130222823406097446,1977,1791358010999428032,-31.969571968,False
1791358011006511826,,450,bird_eye,0,0,False,0.0,no_alert,9130222823406097446,1978,1791358011025034425,-31.943965575,False
1791358011044509263,,451,bird_eye,0,0,False,0.0,no_alert,9130222823406097446,1980,1791358011065786450,-31.90321355,False
1791358011068844310,,452,bird_eye,0,0,False,0.0,no_alert,9130222823406097446,1981,1791358011087894051,-31.881105949,False
1791358011104498039,,453,bird_eye,0,0,False,0.0,no_alert,9130222823406097446,1983,1791358011123282344,-31.845717656,False
1791358011136321545,,454,bird_eye,0,0,False,0.0,no_alert,9130222823406097446,1985,1791358011155655943,-31.813344057,False
1791358011178798483,,455,bird_eye,0,0,False,0.0,no_alert,9130222823406097446,1987,1791358011197017226,-31.771982774,False
1791358011203318299,,456,bird_eye,0,0,False,0.0,no_alert,9130222823406097446,1988,1791358011221951195,-31.747048805,False
1791358011247048950,,457,bird_eye,0,0,False,0.0,no_alert,9130222823406097446,1990,1791358011265509435,-31.703490565,False
1791358011271517554,,458,bird_eye,0,0,False,0.0,no_alert,9130222823406097446,1992,1791358011292023404,-31.676976596,False
1791358011301578019,,459,bird_eye,0,0,False,0.0,no_alert,9130222823406097446,1993,1791358011320062661,-31.648937339,False
1791358011337571813,,460,bird_eye,0,0,False,0.0,no_alert,9130222823406097446,1995,1791358011356068458,-31.612931542,False
1791358011368315004,,461,bird_eye,0,0,False,0.0,no_alert,9130222823406097446,1997,1791358011387171373,-31.581828627,False
1791358011403296899,,462,bird_eye,0,0,False,0.0,no_alert,9130222823406097446,1998,1791358011422380437,-31.546619563,False
1791358011438143541,,463,bird_eye,0,0,False,0.0,no_alert,9130222823406097446,2000,1791358011457778432,-31.511221568,False
1791358011469296236,,464,bird_eye,0,0,False,0.0,no_alert,9130222823406097446,2002,1791358011487708625,-31.481291375,False
1791358011502335903,,465,bird_eye,0,0,False,0.0,no_alert,9130222823406097446,2003,1791358011522288357,-31.446711643,False
1791358011535653431,,466,bird_eye,0,0,False,0.0,no_alert,9130222823406097446,2005,1791358011554790579,-31.414209421,False
1791358011570241992,,467,bird_eye,0,0,False,0.0,no_alert,9130222823406097446,2007,1791358011588625938,-31.380374062,False
1791358011603363355,,468,bird_eye,0,0,False,0.0,no_alert,9130222823406097446,2008,1791358011623720632,-31.345279368,False
1791358011636758045,,469,bird_eye,0,0,False,0.0,no_alert,9130222823406097446,2010,1791358011656483189,-31.312516811,False
1791358011670055580,,470,bird_eye,0,0,False,0.0,no_alert,9130222823406097446,2012,1791358011688429329,-31.280570671,False
1791358011703512855,,471,bird_eye,0,0,False,0.0,no_alert,9130222823406097446,2013,1791358011722353692,-31.246646308,False
1791358011736027420,,472,bird_eye,0,0,False,0.0,no_alert,9130222823406097446,2015,1791358011755721771,-31.213278229,False
1791358011769984746,,473,bird_eye,0,0,False,0.0,no_alert,9130222823406097446,2017,1791358011788512060,-31.18048794,False
1791358011803156623,,474,bird_eye,0,0,False,0.0,no_alert,9130222823406097446,2018,1791358011821246476,-31.147753524,False
1791358011848639392,,475,bird_eye,0,0,False,0.0,no_alert,9130222823406097446,2021,1791358011867278427,-31.101721573,False
1791358011871837133,,476,bird_eye,0,0,False,0.0,no_alert,9130222823406097446,2022,1791358011890877169,-31.078122831,False
1791358011914367633,,477,bird_eye,0,0,False,0.0,no_alert,9130222823406097446,2024,1791358011933127194,-31.035872806,False
1791358011938690296,,478,bird_eye,0,0,False,0.0,no_alert,9130222823406097446,2025,1791358011957103187,-31.011896813,False
1791358011969265838,,479,bird_eye,0,0,False,0.0,no_alert,9130222823406097446,2027,1791358011987416276,-30.981583724,False
1791358012010631575,,480,bird_eye,0,0,False,0.0,no_alert,9130222823406097446,2029,1791358012030838154,-30.938161846,False
1791358012036579505,,481,bird_eye,0,0,False,0.0,no_alert,9130222823406097446,2030,1791358012054805381,-30.914194619,False
1791358012077767445,,482,bird_eye,0,0,False,0.0,no_alert,9130222823406097446,2032,1791358012098218700,-30.8707813,False
1791358012102469510,,483,bird_eye,0,0,False,0.0,no_alert,9130222823406097446,2033,1791358012121345949,-30.847654051,False
1791358012136150693,,484,bird_eye,0,0,False,0.0,no_alert,9130222823406097446,2035,1791358012154848249,-30.814151751,False
1791358012174590743,,485,bird_eye,0,0,False,0.0,no_alert,9130222823406097446,2037,1791358012195615949,-30.773384051,False
1791358012204238479,,486,bird_eye,0,0,False,0.0,no_alert,9130222823406097446,2038,1791358012223620515,-30.745379485,False
1791358012236098917,,487,bird_eye,0,0,False,0.0,no_alert,9130222823406097446,2040,1791358012255787954,-30.713212046,False
1791358012270706568,,488,bird_eye,0,0,False,0.0,no_alert,9130222823406097446,2042,1791358012289796082,-30.679203918,False
1791358012304566995,,489,bird_eye,0,0,False,0.0,no_alert,9130222823406097446,2043,1791358012324819613,-30.644180387,False
1791358012347245370,,490,bird_eye,0,0,False,0.0,no_alert,9130222823406097446,2046,1791358012365614449,-30.603385551,False
1791358012371890165,,491,bird_eye,0,0,False,0.0,no_alert,9130222823406097446,2047,1791358012390477771,-30.578522229,False
1791358012409453762,,492,bird_eye,0,0,False,0.0,no_alert,9130222823406097446,2049,1791358012428854956,-30.540145044,False
1791358012436797397,,493,bird_eye,0,0,False,0.0,no_alert,9130222823406097446,2050,1791358012456193471,-30.512806529,False
1791358012475995412,,494,bird_eye,0,0,False,0.0,no_alert,9130222823406097446,2052,1791358012494572732,-30.474427268,False
1791358012508857019,,495,bird_eye,0,0,False,0.0,no_alert,9130222823406097446,2054,1791358012527376951,-30.441623049,False
1791358012536977262,,496,bird_eye,0,0,False,0.0,no_alert,9130222823406097446,2055,1791358012555347363,-30.413652637,False
1791358012579080762,,497,bird_eye,0,0,False,0.0,no_alert,9130222823406097446,2057,1791358012597353954,-30.371646046,False
1791358012603027107,,498,bird_eye,0,0,False,0.0,no_alert,9130222823406097446,2058,1791358012625454691,-30.343545309,False
1791358012644936036,,499,bird_eye,0,0,False,0.0,no_alert,9130222823406097446,2060,1791358012663462286,-30.305537714,False
1791358012681372620,,500,bird_eye,0,0,False,0.0,no_alert,9130222823406097446,2062,1791358012700114511,-30.268885489,False
1791358012703382405,,501,bird_eye,0,0,False,0.0,no_alert,9130222823406097446,2063,1791358012726523219,-30.242476781,False
1791358012739088476,,502,bird_eye,0,0,False,0.0,no_alert,9130222823406097446,2065,1791358012757408643,-30.211591357,False
1791358012770379698,,503,bird_eye,0,0,False,0.0,no_alert,9130222823406097446,2067,1791358012789750844,-30.179249156,False
1791358012803922933,,504,bird_eye,0,0,False,0.0,no_alert,9130222823406097446,2068,1791358012827755530,-30.14124447,False
1791358012835185845,,505,bird_eye,0,0,False,0.0,no_alert,9130222823406097446,2070,1791358012853684959,-30.115315041,False
1791358012868824288,,506,bird_eye,0,0,False,0.0,no_alert,9130222823406097446,2071,1791358012888510517,-30.080489483,False
1791358012903363854,,507,bird_eye,0,0,False,0.0,no_alert,9130222823406097446,2073,1791358012923712262,-30.045287738,False
1791358012937280457,,508,bird_eye,0,0,False,0.0,no_alert,9130222823406097446,2075,1791358012957796653,-30.011203347,False
1791358012970083405,,509,bird_eye,0,0,False,0.0,no_alert,9130222823406097446,2077,1791358012989282876,-29.979717124,False
1791358013011538216,,510,bird_eye,0,0,False,0.0,no_alert,9130222823406097446,2079,1791358013033573604,-29.935426396,False
1791358013037459008,,511,bird_eye,0,0,False,0.0,no_alert,9130222823406097446,2080,1791358013055418751,-29.913581249,False
1791358013072702983,,512,bird_eye,0,0,False,0.0,no_alert,9130222823406097446,2082,1791358013091427695,-29.877572305,False
1791358013106221185,,513,bird_eye,0,0,False,0.0,no_alert,9130222823406097446,2083,1791358013125222999,-29.843777001,False
1791358013138793351,,514,bird_eye,0,0,False,0.0,no_alert,9130222823406097446,2085,1791358013157365896,-29.811634104,False
1791358013171483526,,515,bird_eye,0,0,False,0.0,no_alert,9130222823406097446,2087,1791358013192118359,-29.776881641,False
1791358013207332461,,516,bird_eye,0,0,False,0.0,no_alert,9130222823406097446,2089,1791358013226083968,-29.742916032,False
1791358013238896474,,517,bird_eye,0,0,False,0.0,no_alert,9130222823406097446,2090,1791358013257397496,-29.711602504,False
1791358013277591119,,518,bird_eye,0,0,False,0.0,no_alert,9130222823406097446,2092,1791358013296450121,-29.672549879,False
1791358013305363210,,519,bird_eye,0,0,False,0.0,no_alert,9130222823406097446,2093,1791358013324449594,-29.644550406,False
1791358013338953150,,520,bird_eye,0,0,False,0.0,no_alert,9130222823406097446,2095,1791358013357765095,-29.611234905,False
1791358013373511128,,521,bird_eye,0,0,False,0.0,no_alert,9130222823406097446,2097,1791358013392368430,-29.57663157,False
1791358013417464167,,522,bird_eye,0,0,False,0.0,no_alert,9130222823406097446,2099,1791358013443991626,-29.525008374,False
1791358013437561984,,523,bird_eye,0,0,False,0.0,no_alert,9130222823406097446,2100,1791358013458455372,-29.510544628,False
1791358013484889520,,524,bird_eye,0,0,False,0.0,no_alert,9130222823406097446,2102,1791358013506352632,-29.462647368,False
1791358013503103442,,525,bird_eye,0,0,False,0.0,no_alert,9130222823406097446,2103,1791358013525289755,-29.443710245,False
1791358013536646130,,526,bird_eye,0,0,False,0.0,no_alert,9130222823406097446,2105,1791358013557112457,-29.411887543,False
1791358013569866274,,527,bird_eye,0,0,False,0.0,no_alert,9130222823406097446,2107,1791358013588588461,-29.380411539,False
1791358013601461672,,528,bird_eye,0,0,False,0.0,no_alert,9130222823406097446,2108,1791358013619615271,-29.349384729,False
1791358013636516178,,529,bird_eye,0,0,False,0.0,no_alert,9130222823406097446,2110,1791358013655831708,-29.313168292,False
1791358013668975326,,530,bird_eye,0,0,False,0.0,no_alert,9130222823406097446,2112,1791358013687770641,-29.281229359,False
1791358013704493158,,531,bird_eye,0,0,False,0.0,no_alert,9130222823406097446,2113,1791358013726530139,-29.242469861,False
1791358013735284189,,532,bird_eye,0,0,False,0.0,no_alert,9130222823406097446,2115,1791358013757096863,-29.211903137,False
1791358013775862237,,533,bird_eye,0,0,False,0.0,no_alert,9130222823406097446,2117,1791358013810035941,-29.158964059,False
1791358013803405662,,534,bird_eye,0,0,False,0.0,no_alert,9130222823406097446,2118,1791358013823609848,-29.145390152,False
1791358013835326424,,535,bird_eye,0,0,False,0.0,no_alert,9130222823406097446,2120,1791358013853984582,-29.115015418,False
1791358013876355404,,536,bird_eye,0,0,False,0.0,no_alert,9130222823406097446,2122,1791358013895579962,-29.073420038,False
1791358013900551156,,537,bird_eye,0,0,False,0.0,no_alert,9130222823406097446,2123,1791358013920506453,-29.048493547,False
1791358013934788045,,538,bird_eye,0,0,False,0.0,no_alert,9130222823406097446,2125,1791358013958630386,-29.010369614,False
1791358013968132360,,539,bird_eye,0,0,False,0.0,no_alert,9130222823406097446,2127,1791358013986853195,-28.982146805,False
1791358014002256115,,540,bird_eye,0,0,False,0.0,no_alert,9130222823406097446,2128,1791358014024439821,-28.944560179,False
1791358014041944113,,541,bird_eye,0,0,False,0.0,no_alert,9130222823406097446,2130,1791358014060739637,-28.908260363,False
1791358014072704659,,542,bird_eye,0,0,False,0.0,no_alert,9130222823406097446,2132,1791358014092338735,-28.876661265,False
1791358014111288859,,543,bird_eye,0,0,False,0.0,no_alert,9130222823406097446,2134,1791358014129874153,-28.839125847,False
1791358014143278918,,544,bird_eye,0,0,False,0.0,no_alert,9130222823406097446,2135,1791358014162370542,-28.806629458,False
1791358014168784967,,545,bird_eye,0,0,False,0.0,no_alert,9130222823406097446,2137,1791358014187473187,-28.781526813,False
1791358014202567081,,546,bird_eye,0,0,False,0.0,no_alert,9130222823406097446,2138,1791358014221048676,-28.747951324,False
1791358014235586773,,547,bird_eye,0,0,False,0.0,no_alert,9130222823406097446,2140,1791358014254373011,-28.714626989,False
1791358014278723889,,548,bird_eye,0,0,False,0.0,no_alert,9130222823406097446,2142,1791358014299422446,-28.669577554,False
1791358014302427796,,549,bird_eye,0,0,False,0.0,no_alert,9130222823406097446,2143,1791358014320716627,-28.648283373,False
1791358014343622148,,550,bird_eye,0,0,False,0.0,no_alert,9130222823406097446,2145,1791358014365312295,-28.603687705,False
1791358014369880445,,551,bird_eye,0,0,False,0.0,no_alert,9130222823406097446,2147,1791358014390738907,-28.578261093,False
1791358014406022078,,552,bird_eye,0,0,False,0.0,no_alert,9130222823406097446,2148,1791358014427538761,-28.541461239,False
1791358014443281123,,553,bird_eye,0,0,False,0.0,no_alert,9130222823406097446,2150,1791358014465610844,-28.503389156,False
1791358014478286859,,554,bird_eye,0,0,False,0.0,no_alert,9130222823406097446,2152,1791358014497613589,-28.471386411,False
1791358014502767302,,555,bird_eye,0,0,False,0.0,no_alert,9130222823406097446,2153,1791358014524361832,-28.444638168,False
1791358014541776064,,556,bird_eye,0,0,False,0.0,no_alert,9130222823406097446,2155,1791358014560331403,-28.408668597,False
1791358014577451963,,557,bird_eye,0,0,False,0.0,no_alert,9130222823406097446,2157,1791358014595927436,-28.373072564,False
1791358014605091405,,558,bird_eye,0,0,False,0.0,no_alert,9130222823406097446,2158,1791358014624586188,-28.344413812,False
1791358014641369215,,559,bird_eye,0,0,False,0.0,no_alert,9130222823406097446,2160,1791358014660626148,-28.308373852,False
1791358014677728383,,560,bird_eye,0,0,False,0.0,no_alert,9130222823406097446,2162,1791358014695951430,-28.27304857,False
1791358014716241283,,561,bird_eye,0,0,False,0.0,no_alert,9130222823406097446,2164,1791358014735481801,-28.233518199,False
1791358014746351964,,562,bird_eye,0,0,False,0.0,no_alert,9130222823406097446,2166,1791358014766358329,-28.202641671,False
1791358014767370482,,563,bird_eye,0,0,False,0.0,no_alert,9130222823406097446,2167,1791358014786704649,-28.182295351,False
1791358014801504874,,564,bird_eye,0,0,False,0.0,no_alert,9130222823406097446,2168,1791358014820491103,-28.148508897,False
1791358014843854083,,565,bird_eye,0,0,False,0.0,no_alert,9130222823406097446,2170,1791358014862671013,-28.106328987,False
1791358014868383833,,566,bird_eye,0,0,False,0.0,no_alert,9130222823406097446,2172,1791358014887398225,-28.081601775,False
1791358014902674796,,567,bird_eye,0,0,False,0.0,no_alert,9130222823406097446,2173,1791358014923346299,-28.045653701,False
1791358014938848261,,568,bird_eye,0,0,False,0.0,no_alert,9130222823406097446,2175,1791358014958496481,-28.010503519,False
1791358014968716030,,569,bird_eye,0,0,False,0.0,no_alert,9130222823406097446,2176,1791358014994051336,-27.974948664,False
1791358015001130117,,570,bird_eye,0,0,False,0.0,no_alert,9130222823406097446,2178,1791358015019770445,-27.949229555,False
1791358015048476075,,571,bird_eye,0,0,False,0.0,no_alert,9130222823406097446,2181,1791358015069000857,-27.899999143,False
1791358015068305881,,572,bird_eye,0,0,False,0.0,no_alert,9130222823406097446,2182,1791358015087353695,-27.881646305,False
1791358015105443876,,573,bird_eye,0,0,False,0.0,no_alert,9130222823406097446,2183,1791358015129946530,-27.83905347,False
1791358015136982911,,574,bird_eye,0,0,False,0.0,no_alert,9130222823406097446,2185,1791358015157932913,-27.811067087,False
1791358015169917500,,575,bird_eye,0,0,False,0.0,no_alert,9130222823406097446,2187,1791358015191038476,-27.777961524,False
1791358015212791597,,576,bird_eye,0,0,False,0.0,no_alert,9130222823406097446,2189,1791358015233260045,-27.735739955,False
1791358015241357700,,577,bird_eye,0,0,False,0.0,no_alert,9130222823406097446,2190,1791358015260821173,-27.708178827,False
1791358015268137346,,578,bird_eye,0,0,False,0.0,no_alert,9130222823406097446,2191,1791358015288612341,-27.680387659,False
1791358015316137420,,579,bird_eye,0,0,False,0.0,no_alert,9130222823406097446,2194,1791358015335009150,-27.63399085,False
1791358015341995143,,580,bird_eye,0,0,False,0.0,no_alert,9130222823406097446,2195,1791358015361062939,-27.607937061,False
1791358015368953346,,581,bird_eye,0,0,False,0.0,no_alert,9130222823406097446,2196,1791358015399798855,-27.569201145,False
1791358015410714277,,582,bird_eye,0,0,False,0.0,no_alert,9130222823406097446,2199,1791358015430410117,-27.538589883,False
1791358015434621264,,583,bird_eye,0,0,False,0.0,no_alert,9130222823406097446,2200,1791358015460840738,-27.508159262,False
1791358015501138686,,585,bird_eye,0,0,False,0.0,no_alert,9130222823406097446,2203,1791358015524849756,-27.444150244,False
1791358015537723335,,586,bird_eye,0,0,False,0.0,no_alert,9130222823406097446,2205,1791358015556925467,-27.412074533,False
1791358015570878196,,587,bird_eye,0,0,False,0.0,no_alert,9130222823406097446,2207,1791358015592647778,-27.376352222,False
1791358015604102890,,588,bird_eye,0,0,False,0.0,no_alert,9130222823406097446,2208,1791358015625228330,-27.34377167,False
1791358015645000312,,589,bird_eye,0,0,False,0.0,no_alert,9130222823406097446,2210,1791358015676755908,-27.292244092,False
1791358015675024644,,590,bird_eye,0,0,False,0.0,no_alert,9130222823406097446,2212,1791358015696174385,-27.272825615,False
1791358015702439590,,591,bird_eye,0,0,False,0.0,no_alert,9130222823406097446,2213,1791358015729515955,-27.239484045,False
1791358015741555686,,592,bird_eye,0,0,False,0.0,no_alert,9130222823406097446,2215,1791358015768175979,-27.200824021,False
1791358015770939504,,593,bird_eye,0,0,False,0.0,no_alert,9130222823406097446,2217,1791358015789403463,-27.179596537,False
1791358015802330938,,594,bird_eye,0,0,False,0.0,no_alert,9130222823406097446,2218,1791358015825548819,-27.143451181,False
1791358015836352423,,595,bird_eye,0,0,False,0.0,no_alert,9130222823406097446,2220,1791358015856874461,-27.112125539,False
1791358015869335532,,596,bird_eye,0,0,False,0.0,no_alert,9130222823406097446,2222,1791358015899146100,-27.0698539,False
1791358015909821167,,597,bird_eye,0,0,False,0.0,no_alert,9130222823406097446,2223,1791358015931070875,-27.037929125,False
1791358015934272437,,598,bird_eye,0,0,False,0.0,no_alert,9130222823406097446,2225,1791358015981784871,-26.987215129,False
1791358015980475266,,599,bird_eye,0,0,False,0.0,no_alert,9130222823406097446,2227,1791358016011086873,-26.957913127,False
1791358016037141253,,601,bird_eye,0,0,False,0.0,no_alert,9130222823406097446,2230,1791358016057161437,-26.911838563,False
1791358016077968305,,602,bird_eye,0,0,False,0.0,no_alert,9130222823406097446,2232,1791358016096600993,-26.872399007,False
1791358016101136204,,603,bird_eye,0,0,False,0.0,no_alert,9130222823406097446,2233,1791358016123388654,-26.845611346,False
1791358016137596448,,604,bird_eye,0,0,False,0.0,no_alert,9130222823406097446,2235,1791358016156925761,-26.812074239,False
1791358016171662793,,605,bird_eye,0,0,False,0.0,no_alert,9130222823406097446,2237,1791358016190828015,-26.778171985,False
1791358016203478051,,606,bird_eye,0,0,False,0.0,no_alert,9130222823406097446,2238,1791358016222583919,-26.746416081,False
1791358016239070904,,607,bird_eye,0,0,False,0.0,no_alert,9130222823406097446,2240,1791358016258872576,-26.710127424,False
1791358016286565893,,608,bird_eye,0,0,False,0.0,no_alert,9130222823406097446,2243,1791358016315252222,-26.653747778,False
1791358016312715486,,609,bird_eye,0,0,False,0.0,no_alert,9130222823406097446,2244,1791358016333016583,-26.635983417,False
1791358016339400149,,610,bird_eye,0,0,False,0.0,no_alert,9130222823406097446,2245,1791358016359406781,-26.609593219,False
1791358016372239682,,611,bird_eye,0,0,False,0.0,no_alert,9130222823406097446,2247,1791358016392390436,-26.576609564,False
1791358016402280546,,612,bird_eye,0,0,False,0.0,no_alert,9130222823406097446,2248,1791358016421563402,-26.547436598,False
1791358016436382208,,613,bird_eye,0,0,False,0.0,no_alert,9130222823406097446,2250,1791358016457531143,-26.511468857,False
1791358016479886667,,614,bird_eye,0,0,False,0.0,no_alert,9130222823406097446,2252,1791358016499328038,-26.469671962,False
1791358016502473546,,615,bird_eye,0,0,False,0.0,no_alert,9130222823406097446,2253,1791358016529774092,-26.439225908,False
1791358016539369764,,616,bird_eye,0,0,False,0.0,no_alert,9130222823406097446,2255,1791358016558234716,-26.410765284,False
1791358016568651736,,617,bird_eye,0,0,False,0.0,no_alert,9130222823406097446,2257,1791358016589800092,-26.379199908,False
1791358016609155763,,618,bird_eye,0,0,False,0.0,no_alert,9130222823406097446,2258,1791358016629783902,-26.339216098,False
1791358016634298785,,619,bird_eye,0,0,False,0.0,no_alert,9130222823406097446,2260,1791358016653454818,-26.315545182,False
1791358016681919280,,620,bird_eye,0,0,False,0.0,no_alert,9130222823406097446,2262,1791358016706133056,-26.262866944,False
1791358016700925352,,621,bird_eye,0,0,False,0.0,no_alert,9130222823406097446,2263,1791358016724941628,-26.244058372,False
1791358016736857453,,622,bird_eye,0,0,False,0.0,no_alert,9130222823406097446,2265,1791358016755530344,-26.213469656,False
1791358016772724657,,623,bird_eye,0,0,False,0.0,no_alert,9130222823406097446,2267,1791358016791064299,-26.177935701,False
1791358016801269095,,624,bird_eye,0,0,False,0.0,no_alert,9130222823406097446,2268,1791358016825987204,-26.143012796,False
1791358016836492055,,625,bird_eye,0,0,False,0.0,no_alert,9130222823406097446,2270,1791358016855372617,-26.113627383,False
1791358016868226508,,626,bird_eye,0,0,False,0.0,no_alert,9130222823406097446,2272,1791358016888700902,-26.080299098,False
1791358016903630777,,627,bird_eye,0,0,False,0.0,no_alert,9130222823406097446,2273,1791358016926338425,-26.042661575,False
1791358016938547091,,628,bird_eye,0,0,False,0.0,no_alert,9130222823406097446,2275,1791358016957585405,-26.011414595,False
1791358017009789669,,629,bird_eye,0,0,False,0.0,no_alert,9130222823406097446,2278,1791358017038023701,-25.930976299,False
1791358017076742002,,630,bird_eye,0,0,False,0.0,no_alert,9130222823406097446,2282,1791358017095716366,-25.873283634,False
1791358017101722966,,631,bird_eye,0,0,False,0.0,no_alert,9130222823406097446,2283,1791358017121442556,-25.847557444,False
1791358017136717046,,632,bird_eye,0,0,False,0.0,no_alert,9130222823406097446,2285,1791358017155573124,-25.813426876,False
1791358017170683035,,633,bird_eye,0,0,False,0.0,no_alert,9130222823406097446,2287,1791358017189335740,-25.77966426,False
1791358017203659101,,634,bird_eye,0,0,False,0.0,no_alert,9130222823406097446,2288,1791358017222945151,-25.746054849,False
1791358017236419765,,635,bird_eye,0,0,False,0.0,no_alert,9130222823406097446,2290,1791358017265363799,-25.703636201,False
1791358017270829220,,636,bird_eye,0,0,False,0.0,no_alert,9130222823406097446,2292,1791358017295555221,-25.673444779,False
1791358017302745605,,637,bird_eye,0,0,False,0.0,no_alert,9130222823406097446,2293,1791358017323093703,-25.645906297,False
1791358017336998576,,638,bird_eye,0,0,False,0.0,no_alert,9130222823406097446,2295,1791358017355909598,-25.613090402,False
1791358017370215051,,639,bird_eye,0,0,False,0.0,no_alert,9130222823406097446,2297,1791358017389270857,-25.579729143,False
1791358017402580436,,640,bird_eye,0,0,False,0.0,no_alert,9130222823406097446,2298,1791358017423374742,-25.545625258,False
1791358017437447999,,641,bird_eye,0,0,False,0.0,no_alert,9130222823406097446,2300,1791358017456838633,-25.512161367,False
1791358017469597488,,642,bird_eye,0,0,False,0.0,no_alert,9130222823406097446,2302,1791358017487868680,-25.48113132,False
1791358017502436328,,643,bird_eye,0,0,False,0.0,no_alert,9130222823406097446,2303,1791358017521251950,-25.44774805,False
1791358017537395690,,644,bird_eye,0,0,False,0.0,no_alert,9130222823406097446,2305,1791358017560755774,-25.408244226,False
1791358017569311750,,645,bird_eye,0,0,False,0.0,no_alert,9130222823406097446,2307,1791358017593280509,-25.375719491,False
1791358017602410629,,646,bird_eye,0,0,False,0.0,no_alert,9130222823406097446,2308,1791358017622708618,-25.346291382,False
1791358017637533382,,647,bird_eye,0,0,False,0.0,no_alert,9130222823406097446,2309,1791358017660631228,-25.308368772,False
1791358017670329909,,648,bird_eye,0,0,False,0.0,no_alert,9130222823406097446,2312,1791358017688966359,-25.280033641,False
1791358017703607148,,649,bird_eye,0,0,False,0.0,no_alert,9130222823406097446,2313,1791358017723780652,-25.245219348,False
1791358017737745392,,650,bird_eye,0,0,False,0.0,no_alert,9130222823406097446,2315,1791358017756165571,-25.212834429,False
1791358017770684049,,651,bird_eye,0,0,False,0.0,no_alert,9130222823406097446,2317,1791358017789388113,-25.179611887,False
1791358017805592327,,652,bird_eye,0,0,False,0.0,no_alert,9130222823406097446,2319,1791358017823972752,-25.145027248,False
1791358017835215035,,653,bird_eye,0,0,False,0.0,no_alert,9130222823406097446,2320,1791358017853693623,-25.115306377,False
1791358017872724653,,654,bird_eye,0,0,False,0.0,no_alert,9130222823406097446,2322,1791358017892299724,-25.076700276,False
1791358017906948719,,655,bird_eye,0,0,False,0.0,no_alert,9130222823406097446,2324,1791358017927047184,-25.041952816,False
1791358017935795371,,656,bird_eye,0,0,False,0.0,no_alert,9130222823406097446,2325,1791358017955861415,-25.013138585,False
1791358017970090183,,657,bird_eye,0,0,False,0.0,no_alert,9130222823406097446,2327,1791358017990202300,-24.9787977,False
1791358018003496852,,658,bird_eye,0,0,False,0.0,no_alert,9130222823406097446,2328,1791358018027262811,-24.941737189,False
1791358018038285451,,659,bird_eye,0,0,False,0.0,no_alert,9130222823406097446,2330,1791358018056987755,-24.912012245,False
1791358018069629603,,660,bird_eye,0,0,False,0.0,no_alert,9130222823406097446,2332,1791358018089491428,-24.879508572,False
1791358018103268304,,661,bird_eye,0,0,False,0.0,no_alert,9130222823406097446,2333,1791358018124264960,-24.84473504,False
1791358018138465692,,662,bird_eye,0,0,False,0.0,no_alert,9130222823406097446,2335,1791358018156908651,-24.812091349,False
1791358018169744657,,663,bird_eye,0,0,False,0.0,no_alert,9130222823406097446,2337,1791358018189215614,-24.779784386,False
1791358018202912878,,664,bird_eye,0,0,False,0.0,no_alert,9130222823406097446,2338,1791358018221728860,-24.74727114,False
1791358018240101617,,665,bird_eye,0,0,False,0.0,no_alert,9130222823406097446,2340,1791358018258820236,-24.710179764,False
1791358018269497737,,666,bird_eye,0,0,False,0.0,no_alert,9130222823406097446,2342,1791358018289172098,-24.679827902,False
1791358018303642037,,667,bird_eye,0,0,False,0.0,no_alert,9130222823406097446,2343,1791358018324666515,-24.644333485,False
1791358018337809104,,668,bird_eye,0,0,False,0.0,no_alert,9130222823406097446,2345,1791358018360323882,-24.608676118,False
1791358018368339736,,669,bird_eye,0,0,False,0.0,no_alert,9130222823406097446,2347,1791358018387729705,-24.581270295,False
1791358018402392755,,670,bird_eye,0,0,False,0.0,no_alert,9130222823406097446,2348,1791358018423563935,-24.545436065,False
1791358018436872334,,671,bird_eye,0,0,False,0.0,no_alert,9130222823406097446,2350,1791358018459979816,-24.509020184,False
1791358018469278448,,672,bird_eye,0,0,False,0.0,no_alert,9130222823406097446,2351,1791358018489348898,-24.479651102,False
1791358018502742994,,673,bird_eye,0,0,False,0.0,no_alert,9130222823406097446,2353,1791358018530385512,-24.438614488,False
1791358018536408980,,674,bird_eye,0,0,False,0.0,no_alert,9130222823406097446,2355,1791358018554950637,-24.414049363,False
1791358018574922170,,675,bird_eye,0,0,False,0.0,no_alert,9130222823406097446,2357,1791358018593662347,-24.375337653,False
1791358018608952674,,676,bird_eye,0,0,False,0.0,no_alert,9130222823406097446,2359,1791358018628279781,-24.340720219,False
1791358018634613904,,677,bird_eye,0,0,False,0.0,no_alert,9130222823406097446,2360,1791358018653090531,-24.315909469,False
1791358018673810558,,678,bird_eye,0,0,False,0.0,no_alert,9130222823406097446,2362,1791358018692611472,-24.276388528,False
1791358018703709514,,679,bird_eye,0,0,False,0.0,no_alert,9130222823406097446,2363,1791358018722729176,-24.246270824,False
1791358018736468165,,680,bird_eye,0,0,False,0.0,no_alert,9130222823406097446,2365,1791358018756453334,-24.212546666,False
1791358018769638789,,681,bird_eye,0,0,False,0.0,no_alert,9130222823406097446,2367,1791358018788798798,-24.180201202,False
1791358018802219976,,682,bird_eye,0,0,False,0.0,no_alert,9130222823406097446,2368,1791358018820931438,-24.148068562,False
1791358018838493684,,683,bird_eye,0,0,False,0.0,no_alert,9130222823406097446,2370,1791358018857334165,-24.111665835,False
1791358018876987620,,684,bird_eye,0,0,False,0.0,no_alert,9130222823406097446,2372,1791358018895791763,-24.073208237,False
1791358018903951167,,685,bird_eye,0,0,False,0.0,no_alert,9130222823406097446,2373,1791358018923496607,-24.045503393,False
1791358018942002881,,686,bird_eye,0,0,False,0.0,no_alert,9130222823406097446,2375,1791358018961475043,-24.007524957,False
1791358018967611085,,687,bird_eye,0,0,False,0.0,no_alert,9130222823406097446,2377,1791358018986510339,-23.982489661,False
1791358019003504134,,688,bird_eye,0,0,False,0.0,no_alert,9130222823406097446,2378,1791358019022280798,-23.946719202,False
1791358019036846894,,689,bird_eye,0,0,False,0.0,no_alert,9130222823406097446,2380,1791358019057078421,-23.911921579,False
1791358019071947514,,690,bird_eye,0,0,False,0.0,no_alert,9130222823406097446,2382,1791358019090957306,-23.878042694,False
1791358019105820974,,691,bird_eye,0,0,False,0.0,no_alert,9130222823406097446,2383,1791358019126210589,-23.842789411,False
1791358019135246183,,692,bird_eye,0,0,False,0.0,no_alert,9130222823406097446,2385,1791358019155403346,-23.813596654,False
1791358019175712774,,693,bird_eye,0,0,False,0.0,no_alert,9130222823406097446,2387,1791358019193991755,-23.775008245,False
1791358019204060045,,694,bird_eye,0,0,False,0.0,no_alert,9130222823406097446,2388,1791358019225028786,-23.743971214,False
1791358019241326319,,695,bird_eye,0,0,False,0.0,no_alert,9130222823406097446,2390,1791358019261167467,-23.707832533,False
1791358019267650799,,696,bird_eye,0,0,False,0.0,no_alert,9130222823406097446,2392,1791358019287745928,-23.681254072,False
1791358019301479212,,697,bird_eye,0,0,False,0.0,no_alert,9130222823406097446,2393,1791358019320485736,-23.648514264,False
1791358019335855227,,698,bird_eye,0,0,False,0.0,no_alert,9130222823406097446,2395,1791358019358091175,-23.610908825,False
1791358019373486263,,699,bird_eye,0,0,False,0.0,no_alert,9130222823406097446,2397,1791358019394394300,-23.5746057,False
1791358019403659528,,700,bird_eye,0,0,False,0.0,no_alert,9130222823406097446,2398,1791358019424564580,-23.54443542,False
1791358019436211084,,701,bird_eye,0,0,False,0.0,no_alert,9130222823406097446,2400,1791358019458233601,-23.510766399,False
1791358019469527849,,702,bird_eye,0,0,False,0.0,no_alert,9130222823406097446,2401,1791358019494884278,-23.474115722,False
1791358019506242277,,703,bird_eye,0,0,False,0.0,no_alert,9130222823406097446,2403,1791358019527672821,-23.441327179,False
1791358019545750537,,704,bird_eye,0,0,False,0.0,no_alert,9130222823406097446,2406,1791358019565896707,-23.403103293,False
1791358019574764072,,705,bird_eye,0,0,False,0.0,no_alert,9130222823406097446,2407,1791358019593900968,-23.375099032,False
1791358019603298936,,706,bird_eye,0,0,False,0.0,no_alert,9130222823406097446,2408,1791358019622493222,-23.346506778,False
1791358019647457431,,707,bird_eye,0,0,False,0.0,no_alert,9130222823406097446,2411,1791358019676563167,-23.292436833,False
1791358019670655545,,708,bird_eye,0,0,False,0.0,no_alert,9130222823406097446,2412,1791358019693211991,-23.275788009,False
1791358019711810665,,709,bird_eye,0,0,False,0.0,no_alert,9130222823406097446,2414,1791358019732698667,-23.236301333,False
1791358019746146307,,710,bird_eye,0,0,False,0.0,no_alert,9130222823406097446,2415,1791358019765554728,-23.203445272,False
1791358019768457572,,711,bird_eye,0,0,False,0.0,no_alert,9130222823406097446,2417,1791358019794516854,-23.174483146,False
1791358019809938805,,712,bird_eye,0,0,False,0.0,no_alert,9130222823406097446,2419,1791358019829906485,-23.139093515,False
1791358019834171165,,713,bird_eye,0,0,False,0.0,no_alert,9130222823406097446,2420,1791358019853012872,-23.115987128,False
1791358019870448273,,714,bird_eye,0,0,False,0.0,no_alert,9130222823406097446,2422,1791358019895083901,-23.073916099,False
1791358019915306109,,715,bird_eye,0,0,False,0.0,no_alert,9130222823406097446,2424,1791358019933551041,-23.035448959,False
1791358019933908075,,716,bird_eye,0,0,False,0.0,no_alert,9130222823406097446,2425,1791358019952879960,-23.01612004,False
1791358019970291497,,717,bird_eye,0,0,False,0.0,no_alert,9130222823406097446,2427,1791358019990136202,-22.978863798,False
1791358020003134289,,718,bird_eye,0,0,False,0.0,no_alert,9130222823406097446,2428,1791358020024857161,-22.944142839,False
1791358020048355260,,719,bird_eye,0,0,False,0.0,no_alert,9130222823406097446,2431,1791358020067990967,-22.901009033,False
1791358020072087314,,720,bird_eye,0,0,False,0.0,no_alert,9130222823406097446,2432,1791358020092396382,-22.876603618,False
1791358020118653456,,721,bird_eye,0,0,False,0.0,no_alert,9130222823406097446,2434,1791358020138698354,-22.830301646,False
1791358020146343721,,722,bird_eye,0,0,False,0.0,no_alert,9130222823406097446,2435,1791358020176522290,-22.79247771,False
1791358020174568219,,723,bird_eye,0,0,False,0.0,no_alert,9130222823406097446,2437,1791358020194850633,-22.774149367,False
1791358020202263093,,724,bird_eye,0,0,False,0.0,no_alert,9130222823406097446,2438,1791358020224309487,-22.744690513,False
1791358020237544199,,725,bird_eye,0,0,False,0.0,no_alert,9130222823406097446,2440,1791358020260190695,-22.708809305,False
1791358020268475420,,726,bird_eye,0,0,False,0.0,no_alert,9130222823406097446,2442,1791358020292614527,-22.676385473,False
1791358020303198621,,727,bird_eye,0,0,False,0.0,no_alert,9130222823406097446,2443,1791358020323984494,-22.645015506,False
1791358020337681347,,728,bird_eye,0,0,False,0.0,no_alert,9130222823406097446,2445,1791358020359470949,-22.609529051,False
1791358020369145312,,729,bird_eye,0,0,False,0.0,no_alert,9130222823406097446,2447,1791358020388824002,-22.580175998,False
1791358020416773632,,730,bird_eye,0,0,False,0.0,no_alert,9130222823406097446,2449,1791358020436166882,-22.532833118,False
1791358020440616204,,731,bird_eye,0,0,False,0.0,no_alert,9130222823406097446,2450,1791358020468227886,-22.500772114,False
1791358020467929607,,732,bird_eye,0,0,False,0.0,no_alert,9130222823406097446,2452,1791358020486456801,-22.482543199,False
1791358020516040723,,733,bird_eye,0,0,False,0.0,no_alert,9130222823406097446,2454,1791358020535834783,-22.433165217,False
1791358020535566132,,734,bird_eye,0,0,False,0.0,no_alert,9130222823406097446,2455,1791358020557548223,-22.411451777,False
1791358020575895404,,735,bird_eye,0,0,False,0.0,no_alert,9130222823406097446,2457,1791358020597786326,-22.371213674,False
1791358020603250472,,736,bird_eye,0,0,False,0.0,no_alert,9130222823406097446,2458,1791358020623405908,-22.345594092,False
1791358020647371708,,737,bird_eye,0,0,False,0.0,no_alert,9130222823406097446,2460,1791358020668379821,-22.300620179,False
1791358020671645195,,738,bird_eye,0,0,False,0.0,no_alert,9130222823406097446,2462,1791358020690539039,-22.278460961,False
1791358020707398731,,739,bird_eye,0,0,False,0.0,no_alert,9130222823406097446,2464,1791358020726895891,-22.242104109,False
1791358020743715277,,740,bird_eye,0,0,False,0.0,no_alert,9130222823406097446,2465,1791358020766360460,-22.20263954,False
1791358020767240130,,741,bird_eye,0,0,False,0.0,no_alert,9130222823406097446,2466,1791358020786427387,-22.182572613,False
1791358020804247877,,742,bird_eye,0,0,False,0.0,no_alert,9130222823406097446,2468,1791358020825882673,-22.143117327,False
1791358020847376241,,743,bird_eye,0,0,False,0.0,no_alert,9130222823406097446,2471,1791358020866552450,-22.10244755,False
1791358020871256960,,744,bird_eye,0,0,False,0.0,no_alert,9130222823406097446,2472,1791358020896934275,-22.072065725,False
1791358020915199416,,745,bird_eye,0,0,False,0.0,no_alert,9130222823406097446,2474,1791358020935459820,-22.03354018,False
1791358020945077812,,746,bird_eye,0,0,False,0.0,no_alert,9130222823406097446,2475,1791358020964274472,-22.004725528,False
1791358020968191929,,747,bird_eye,0,0,False,0.0,no_alert,9130222823406097446,2477,1791358020987590247,-21.981409753,False
1791358021003955153,,748,bird_eye,0,0,False,0.0,no_alert,9130222823406097446,2478,1791358021023829228,-21.945170772,False
1791358021038815342,,749,bird_eye,0,0,False,0.0,no_alert,9130222823406097446,2480,1791358021058724896,-21.910275104,False
1791358021070683101,,750,bird_eye,0,0,False,0.0,no_alert,9130222823406097446,2482,1791358021090474507,-21.878525493,False
1791358021104317555,,751,bird_eye,0,0,False,0.0,no_alert,9130222823406097446,2483,1791358021126495428,-21.842504572,False
1791358021147217605,,752,bird_eye,0,0,False,0.0,no_alert,9130222823406097446,2485,1791358021166508278,-21.802491722,False
1791358021169079579,,753,bird_eye,0,0,False,0.0,no_alert,9130222823406097446,2487,1791358021188675608,-21.780324392,False
1791358021204771487,,754,bird_eye,0,0,False,0.0,no_alert,9130222823406097446,2488,1791358021226907851,-21.742092149,False
1791358021238860407,,755,bird_eye,0,0,False,0.0,no_alert,9130222823406097446,2490,1791358021257604899,-21.711395101,False
1791358021271319715,,756,bird_eye,0,0,False,0.0,no_alert,9130222823406097446,2492,1791358021290179559,-21.678820441,False
1791358021303548570,,757,bird_eye,0,0,False,0.0,no_alert,9130222823406097446,2493,1791358021327531814,-21.641468186,False
1791358021345126732,,758,bird_eye,0,0,False,0.0,no_alert,9130222823406097446,2495,1791358021364638533,-21.604361467,False
1791358021378480654,,759,bird_eye,0,0,False,0.0,no_alert,9130222823406097446,2497,1791358021397189877,-21.571810123,False
1791358021410484158,,760,bird_eye,0,0,False,0.0,no_alert,9130222823406097446,2499,1791358021432128328,-21.536871672,False
1791358021438531608,,761,bird_eye,0,0,False,0.0,no_alert,9130222823406097446,2500,1791358021457446670,-21.51155333,False
1791358021485902540,,762,bird_eye,0,0,False,0.0,no_alert,9130222823406097446,2503,1791358021506033028,-21.462966972,False
1791358021515767767,,763,bird_eye,0,0,False,0.0,no_alert,9130222823406097446,2504,1791358021535194705,-21.433805295,False
1791358021547775006,,764,bird_eye,0,0,False,0.0,no_alert,9130222823406097446,2506,1791358021566621070,-21.40237893,False
1791358021585387820,,765,bird_eye,0,0,False,0.0,no_alert,9130222823406097446,2507,1791358021604216707,-21.364783293,False
1791358021609556540,,766,bird_eye,0,0,False,0.0,no_alert,9130222823406097446,2509,1791358021628507013,-21.340492987,False
1791358021642698614,,767,bird_eye,0,0,False,0.0,no_alert,9130222823406097446,2510,1791358021661401818,-21.307598182,False
1791358021672801984,,768,bird_eye,0,0,False,0.0,no_alert,9130222823406097446,2512,1791358021691430092,-21.277569908,False
1791358021705708278,,769,bird_eye,0,0,False,0.0,no_alert,9130222823406097446,2513,1791358021724695232,-21.244304768,False
1791358021738630097,,770,bird_eye,0,0,False,0.0,no_alert,9130222823406097446,2515,1791358021757346804,-21.211653196,False
1791358021780719146,,771,bird_eye,0,0,False,0.0,no_alert,9130222823406097446,2517,1791358021799598679,-21.169401321,False
1791358021804566975,,772,bird_eye,0,0,False,0.0,no_alert,9130222823406097446,2518,1791358021823562052,-21.145437948,False
1791358021837272708,,773,bird_eye,0,0,False,0.0,no_alert,9130222823406097446,2520,1791358021857072068,-21.111927932,False
1791358021872785961,,774,bird_eye,0,0,False,0.0,no_alert,9130222823406097446,2522,1791358021892953827,-21.076046173,False
1791358021905615294,,775,bird_eye,0,0,False,0.0,no_alert,9130222823406097446,2523,1791358021925327542,-21.043672458,False
1791358021940104242,,776,bird_eye,0,0,False,0.0,no_alert,9130222823406097446,2525,1791358021959137817,-21.009862183,False
1791358021969472642,,777,bird_eye,0,0,False,0.0,no_alert,9130222823406097446,2527,1791358021988500928,-20.980499072,False
1791358022014050312,,778,bird_eye,0,0,False,0.0,no_alert,9130222823406097446,2529,1791358022034424325,-20.934575675,False
1791358022034125168,,779,bird_eye,0,0,False,0.0,no_alert,9130222823406097446,2530,1791358022053091617,-20.915908383,False
1791358022072309207,,780,bird_eye,0,0,False,0.0,no_alert,9130222823406097446,2532,1791358022091846794,-20.877153206,False
1791358022103747905,,781,bird_eye,0,0,False,0.0,no_alert,9130222823406097446,2533,1791358022128882581,-20.840117419,False
1791358022140106849,,782,bird_eye,0,0,False,0.0,no_alert,9130222823406097446,2535,1791358022159072262,-20.809927738,False
1791358022170851339,,783,bird_eye,0,0,False,0.0,no_alert,9130222823406097446,2537,1791358022205311065,-20.763688935,False
1791358022217783421,,784,bird_eye,0,0,False,0.0,no_alert,9130222823406097446,2539,1791358022236547923,-20.732452077,False
1791358022246026576,,785,bird_eye,0,0,False,0.0,no_alert,9130222823406097446,2540,1791358022266174727,-20.702825273,False
1791358022284226912,,786,bird_eye,0,0,False,0.0,no_alert,9130222823406097446,2542,1791358022303679973,-20.665320027,False
1791358022316522482,,787,bird_eye,0,0,False,0.0,no_alert,9130222823406097446,2544,1791358022335288911,-20.633711089,False
1791358022339678946,,788,bird_eye,0,0,False,0.0,no_alert,9130222823406097446,2545,1791358022358987029,-20.610012971,False
1791358022377234975,,789,bird_eye,0,0,False,0.0,no_alert,9130222823406097446,2547,1791358022396942931,-20.572057069,False
1791358022403926837,,790,bird_eye,0,0,False,0.0,no_alert,9130222823406097446,2548,1791358022423512893,-20.545487107,False
1791358022440338136,,791,bird_eye,0,0,False,0.0,no_alert,9130222823406097446,2550,1791358022459630656,-20.509369344,False
1791358022469690222,,792,bird_eye,0,0,False,0.0,no_alert,9130222823406097446,2552,1791358022489785656,-20.479214344,False
1791358022512194187,,793,bird_eye,0,0,False,0.0,no_alert,9130222823406097446,2554,1791358022531258305,-20.437741695,False
1791358022541094827,,794,bird_eye,0,0,False,0.0,no_alert,9130222823406097446,2555,1791358022563596634,-20.405403366,False
1791358022569725843,,795,bird_eye,0,0,False,0.0,no_alert,9130222823406097446,2557,1791358022590273826,-20.378726174,False
1791358022607303272,,796,bird_eye,0,0,False,0.0,no_alert,9130222823406097446,2559,1791358022626065278,-20.342934722,False
1791358022636094300,,797,bird_eye,0,0,False,0.0,no_alert,9130222823406097446,2560,1791358022659113742,-20.309886258,False
1791358022673191171,,798,bird_eye,0,0,False,0.0,no_alert,9130222823406097446,2562,1791358022695404015,-20.273595985,False
1791358022703755764,,799,bird_eye,0,0,False,0.0,no_alert,9130222823406097446,2563,1791358022732828514,-20.236171486,False
1791358022738986323,,800,bird_eye,0,0,False,0.0,no_alert,9130222823406097446,2565,1791358022761661711,-20.207338289,False
1791358022772780288,,801,bird_eye,0,0,False,0.0,no_alert,9130222823406097446,2567,1791358022793586552,-20.175413448,False
1791358022804894828,,802,bird_eye,0,0,False,0.0,no_alert,9130222823406097446,2568,1791358022824682602,-20.144317398,False
1791358022836843451,,803,bird_eye,0,0,False,0.0,no_alert,9130222823406097446,2570,1791358022865251136,-20.103748864,False
1791358022869896878,,804,bird_eye,0,0,False,0.0,no_alert,9130222823406097446,2572,1791358022891654344,-20.077345656,False
1791358022903674469,,805,bird_eye,0,0,False,0.0,no_alert,9130222823406097446,2573,1791358022928427341,-20.040572659,False
1791358022936509727,,806,bird_eye,0,0,False,0.0,no_alert,9130222823406097446,2575,1791358022955740045,-20.013259955,False
1791358022971105911,,807,bird_eye,0,0,False,0.0,no_alert,9130222823406097446,2577,1791358022989779565,-19.979220435,False
1791358023011317740,,808,bird_eye,0,0,False,0.0,no_alert,9130222823406097446,2579,1791358023030877088,-19.938122912,False
1791358023036564793,,809,bird_eye,0,0,False,0.0,no_alert,9130222823406097446,2580,1791358023055966818,-19.913033182,False
1791358023070079111,,810,bird_eye,0,0,False,0.0,no_alert,9130222823406097446,2582,1791358023095012164,-19.873987836,False
1791358023111599106,,811,bird_eye,0,0,False,0.0,no_alert,9130222823406097446,2584,1791358023130511512,-19.838488488,False
1791358023142246232,,812,bird_eye,0,0,False,0.0,no_alert,9130222823406097446,2585,1791358023161522909,-19.807477091,False
1791358023169648287,,813,bird_eye,0,0,False,0.0,no_alert,9130222823406097446,2587,1791358023190179805,-19.778820195,False
1791358023211257788,,814,bird_eye,0,0,False,0.0,no_alert,9130222823406097446,2589,1791358023231283909,-19.737716091,False
1791358023235454570,,815,bird_eye,0,0,False,0.0,no_alert,9130222823406097446,2590,1791358023255255618,-19.713744382,False
1791358023284006888,,816,bird_eye,0,0,False,0.0,no_alert,9130222823406097446,2592,1791358023305198107,-19.663801893,False
1791358023310552935,,817,bird_eye,0,0,False,0.0,no_alert,9130222823406097446,2594,1791358023330133954,-19.638866046,False
1791358023337661975,,818,bird_eye,0,0,False,0.0,no_alert,9130222823406097446,2595,1791358023357341632,-19.611658368,False
1791358023373749365,,819,bird_eye,0,0,False,0.0,no_alert,9130222823406097446,2597,1791358023393721542,-19.575278458,False
1791358023408283742,,820,bird_eye,0,0,False,0.0,no_alert,9130222823406097446,2599,1791358023427147373,-19.541852627,False
1791358023447850503,,821,bird_eye,0,0,False,0.0,no_alert,9130222823406097446,2600,1791358023467382183,-19.501617817,False
1791358023476316759,,822,bird_eye,0,0,False,0.0,no_alert,9130222823406097446,2602,1791358023498289087,-19.470710913,False
1791358023502007114,,823,bird_eye,0,0,False,0.0,no_alert,9130222823406097446,2603,1791358023522323440,-19.44667656,False
1791358023548097410,,824,bird_eye,0,0,False,0.0,no_alert,9130222823406097446,2606,1791358023568653589,-19.400346411,False
1791358023575314767,,825,bird_eye,0,0,False,0.0,no_alert,9130222823406097446,2607,1791358023594279273,-19.374720727,False
1791358023604396432,,826,bird_eye,0,0,False,0.0,no_alert,9130222823406097446,2608,1791358023627190807,-19.341809193,False
1791358023636367219,,827,bird_eye,0,0,False,0.0,no_alert,9130222823406097446,2610,1791358023655186555,-19.313813445,False
1791358023676683321,,828,bird_eye,0,0,False,0.0,no_alert,9130222823406097446,2612,1791358023699458831,-19.269541169,False
1791358023710360661,,829,bird_eye,0,0,False,0.0,no_alert,9130222823406097446,2614,1791358023730051679,-19.238948321,False
1791358023738206137,,830,bird_eye,0,0,False,0.0,no_alert,9130222823406097446,2615,1791358023757934408,-19.211065592,False
1791358023775402668,,831,bird_eye,0,0,False,0.0,no_alert,9130222823406097446,2617,1791358023794366387,-19.174633613,False
1791358023803584266,,832,bird_eye,0,0,False,0.0,no_alert,9130222823406097446,2618,1791358023824152882,-19.144847118,False
1791358023854472674,,833,bird_eye,0,0,False,0.0,no_alert,9130222823406097446,2621,1791358023875002204,-19.093997796,False
1791358023880157105,,834,bird_eye,0,0,False,0.0,no_alert,9130222823406097446,2622,1791358023899664021,-19.069335979,False
1791358023901371522,,835,bird_eye,0,0,False,0.0,no_alert,9130222823406097446,2623,1791358023921197015,-19.047802985,False
1791358023936908989,,836,bird_eye,0,0,False,0.0,no_alert,9130222823406097446,2625,1791358023955933499,-19.013066501,False
1791358023969559317,,837,bird_eye,0,0,False,0.0,no_alert,9130222823406097446,2627,1791358023989643524,-18.979356476,False
1791358024004325494,,838,bird_eye,0,0,False,0.0,no_alert,9130222823406097446,2628,1791358024023096050,-18.94590395,False
1791358024036717714,,839,bird_eye,0,0,False,0.0,no_alert,9130222823406097446,2630,1791358024055930704,-18.913069296,False
1791358024071328496,,840,bird_eye,0,0,False,0.0,no_alert,9130222823406097446,2632,1791358024092335216,-18.876664784,False
1791358024102309464,,841,bird_eye,0,0,False,0.0,no_alert,9130222823406097446,2633,1791358024122673565,-18.846326435,False
1791358024136266381,,842,bird_eye,0,0,False,0.0,no_alert,9130222823406097446,2635,1791358024155327801,-18.813672199,False
1791358024169926933,,843,bird_eye,0,0,False,0.0,no_alert,9130222823406097446,2637,1791358024195851531,-18.773148469,False
1791358024203532502,,844,bird_eye,0,0,False,0.0,no_alert,9130222823406097446,2638,1791358024223310890,-18.74568911,False
1791358024238496763,,845,bird_eye,0,0,False,0.0,no_alert,9130222823406097446,2640,1791358024257384752,-18.711615248,False
1791358024279278972,,846,bird_eye,0,0,False,0.0,no_alert,9130222823406097446,2642,1791358024302703474,-18.666296526,False
1791358024311642038,,847,bird_eye,0,0,False,0.0,no_alert,9130222823406097446,2644,1791358024330473274,-18.638526726,False
1791358024334562152,,848,bird_eye,0,0,False,0.0,no_alert,9130222823406097446,2645,1791358024358176924,-18.610823076,False
1791358024370064493,,849,bird_eye,0,0,False,0.0,no_alert,9130222823406097446,2647,1791358024389498903,-18.579501097,False
1791358024406197484,,850,bird_eye,0,0,False,0.0,no_alert,9130222823406097446,2649,1791358024425319295,-18.543680705,False
1791358024446327451,,851,bird_eye,0,0,False,0.0,no_alert,9130222823406097446,2650,1791358024465678173,-18.503321827,False
1791358024478169335,,852,bird_eye,0,0,False,0.0,no_alert,9130222823406097446,2652,1791358024502845056,-18.466154944,False
1791358024501776976,,853,bird_eye,0,0,False,0.0,no_alert,9130222823406097446,2653,1791358024524190759,-18.444809241,False
1791358024536247749,,854,bird_eye,0,0,False,0.0,no_alert,9130222823406097446,2655,1791358024556424081,-18.412575919,False
1791358024571671426,,855,bird_eye,0,0,False,0.0,no_alert,9130222823406097446,2657,1791358024595382160,-18.37361784,False
1791358024601990439,,856,bird_eye,0,0,False,0.0,no_alert,9130222823406097446,2658,1791358024623249317,-18.345750683,False
1791358024636833157,,857,bird_eye,0,0,False,0.0,no_alert,9130222823406097446,2660,1791358024658582827,-18.310417173,False
1791358024669770487,,858,bird_eye,0,0,False,0.0,no_alert,9130222823406097446,2662,1791358024695629505,-18.273370495,False
1791358024704242590,,859,bird_eye,0,0,False,0.0,no_alert,9130222823406097446,2663,1791358024723514006,-18.245485994,False
1791358024735601402,,860,bird_eye,0,0,False,0.0,no_alert,9130222823406097446,2665,1791358024761498322,-18.207501678,False
1791358024777325402,,861,bird_eye,0,0,False,0.0,no_alert,9130222823406097446,2667,1791358024796371670,-18.17262833,False
1791358024803653681,,862,bird_eye,0,0,False,0.0,no_alert,9130222823406097446,2668,1791358024824412443,-18.144587557,False
1791358024841503729,,863,bird_eye,0,0,False,0.0,no_alert,9130222823406097446,2670,1791358024860494475,-18.108505525,False
1791358024872574257,,864,bird_eye,0,0,False,0.0,no_alert,9130222823406097446,2672,1791358024893055586,-18.075944414,False
1791358024912282734,,865,bird_eye,0,0,False,0.0,no_alert,9130222823406097446,2674,1791358024932642689,-18.036357311,False
1791358024943348156,,866,bird_eye,0,0,False,0.0,no_alert,9130222823406097446,2675,1791358024966344687,-18.002655313,False
1791358024974964055,,867,bird_eye,0,0,False,0.0,no_alert,9130222823406097446,2677,1791358024994577340,-17.97442266,False
1791358025012071445,,868,bird_eye,0,0,False,0.0,no_alert,9130222823406097446,2679,1791358025030866691,-17.938133309,False
1791358025038503192,,869,bird_eye,0,0,False,0.0,no_alert,9130222823406097446,2680,1791358025057725231,-17.911274769,False
1791358025083874028,,870,bird_eye,0,0,False,0.0,no_alert,9130222823406097446,2682,1791358025103681775,-17.865318225,False
1791358025103761648,,871,bird_eye,0,0,False,0.0,no_alert,9130222823406097446,2683,1791358025123214244,-17.845785756,False
1791358025137637728,,872,bird_eye,0,0,False,0.0,no_alert,9130222823406097446,2685,1791358025157731782,-17.811268218,False
1791358025178678304,,873,bird_eye,0,0,False,0.0,no_alert,9130222823406097446,2687,1791358025198338053,-17.770661947,False
1791358025201152660,,874,bird_eye,0,0,False,0.0,no_alert,9130222823406097446,2688,1791358025221004626,-17.747995374,False
1791358025249562665,,875,bird_eye,0,0,False,0.0,no_alert,9130222823406097446,2691,1791358025268809175,-17.700190825,False
1791358025266236262,,876,bird_eye,0,0,False,0.0,no_alert,9130222823406097446,2692,1791358025287821664,-17.681178336,False
1791358025305543398,,877,bird_eye,0,0,False,0.0,no_alert,9130222823406097446,2693,1791358025324833572,-17.644166428,False
1791358025335310855,,878,bird_eye,0,0,False,0.0,no_alert,9130222823406097446,2695,1791358025354734667,-17.614265333,False
1791358025381770543,,879,bird_eye,0,0,False,0.0,no_alert,9130222823406097446,2697,1791358025403786081,-17.565213919,False
1791358025399743241,,880,bird_eye,0,0,False,0.0,no_alert,9130222823406097446,2698,1791358025427374129,-17.541625871,False
1791358025437005738,,881,bird_eye,0,0,False,0.0,no_alert,9130222823406097446,2700,1791358025458584403,-17.510415597,False
1791358025471513597,,882,bird_eye,0,0,False,0.0,no_alert,9130222823406097446,2702,1791358025493640470,-17.47535953,False
1791358025502044640,,883,bird_eye,0,0,False,0.0,no_alert,9130222823406097446,2703,1791358025529465924,-17.439534076,False
1791358025536797246,,884,bird_eye,0,0,False,0.0,no_alert,9130222823406097446,2705,1791358025557647739,-17.411352261,False
1791358025579944321,,885,bird_eye,0,0,False,0.0,no_alert,9130222823406097446,2707,1791358025599104408,-17.369895592,False
1791358025600648923,,886,bird_eye,0,0,False,0.0,no_alert,9130222823406097446,2708,1791358025619689199,-17.349310801,False
1791358025650146859,,887,bird_eye,0,0,False,0.0,no_alert,9130222823406097446,2711,1791358025669533836,-17.299466164,False
1791358025676770182,,888,bird_eye,0,0,False,0.0,no_alert,9130222823406097446,2712,1791358025696156557,-17.272843443,False
1791358025709904443,,889,bird_eye,0,0,False,0.0,no_alert,9130222823406097446,2714,1791358025730855297,-17.238144703,False
1791358025743672180,,890,bird_eye,0,0,False,0.0,no_alert,9130222823406097446,2715,1791358025766141754,-17.202858246,False
1791358025769438576,,891,bird_eye,0,0,False,0.0,no_alert,9130222823406097446,2717,1791358025793013096,-17.175986904,False
1791358025810481660,,892,bird_eye,0,0,False,0.0,no_alert,9130222823406097446,2719,1791358025833451957,-17.135548043,False
1791358025835995712,,893,bird_eye,0,0,False,0.0,no_alert,9130222823406097446,2720,1791358025856137083,-17.112862917,False
1791358025876560447,,894,bird_eye,0,0,False,0.0,no_alert,9130222823406097446,2722,1791358025896986889,-17.072013111,False
1791358025903516672,,895,bird_eye,0,0,False,0.0,no_alert,9130222823406097446,2723,1791358025925473515,-17.043526485,False
1791358025936633233,,896,bird_eye,0,0,False,0.0,no_alert,9130222823406097446,2725,1791358025957249557,-17.011750443,False
1791358025968130558,,897,bird_eye,0,0,False,0.0,no_alert,9130222823406097446,2727,1791358025990075642,-16.978924358,False
1791358026014248132,,898,bird_eye,0,0,False,0.0,no_alert,9130222823406097446,2729,1791358026037453674,-16.931546326,False
1791358026035745634,,899,bird_eye,0,0,False,0.0,no_alert,9130222823406097446,2730,1791358026054773922,-16.914226078,False
1791358026076726274,,900,bird_eye,0,0,False,0.0,no_alert,9130222823406097446,2732,1791358026096164140,-16.87283586,False
1791358026102057852,,901,bird_eye,0,0,False,0.0,no_alert,9130222823406097446,2733,1791358026121360581,-16.847639419,False
1791358026134576628,,902,bird_eye,0,0,False,0.0,no_alert,9130222823406097446,2735,1791358026153180931,-16.815819069,False
1791358026170131476,,903,bird_eye,0,0,False,0.0,no_alert,9130222823406097446,2737,1791358026190039420,-16.77896058,False
1791358026209618907,,904,bird_eye,0,0,False,0.0,no_alert,9130222823406097446,2739,1791358026229659772,-16.739340228,False
1791358026241994378,,905,bird_eye,0,0,False,0.0,no_alert,9130222823406097446,2740,1791358026260812787,-16.708187213,False
1791358026267200159,,906,bird_eye,0,0,False,0.0,no_alert,9130222823406097446,2742,1791358026285951418,-16.683048582,False
1791358026309793885,,907,bird_eye,0,0,False,0.0,no_alert,9130222823406097446,2744,1791358026328989134,-16.640010866,False
1791358026343391212,,908,bird_eye,0,0,False,0.0,no_alert,9130222823406097446,2745,1791358026365490106,-16.603509894,False
1791358026367673611,,909,bird_eye,0,0,False,0.0,no_alert,9130222823406097446,2747,1791358026387861703,-16.581138297,False
1791358026405648331,,910,bird_eye,0,0,False,0.0,no_alert,9130222823406097446,2749,1791358026426347660,-16.54265234,False
1791358026447780104,,911,bird_eye,0,0,False,0.0,no_alert,9130222823406097446,2751,1791358026468051656,-16.500948344,False
1791358026468783482,,912,bird_eye,0,0,False,0.0,no_alert,9130222823406097446,2752,1791358026488629826,-16.480370174,False
1791358026506557189,,913,bird_eye,0,0,False,0.0,no_alert,9130222823406097446,2754,1791358026525968169,-16.443031831,False
1791358026537288663,,914,bird_eye,0,0,False,0.0,no_alert,9130222823406097446,2755,1791358026556412842,-16.412587158,False
1791358026577489752,,915,bird_eye,0,0,False,0.0,no_alert,9130222823406097446,2757,1791358026596786258,-16.372213742,False
1791358026601206842,,916,bird_eye,0,0,False,0.0,no_alert,9130222823406097446,2758,1791358026620404193,-16.348595807,False
1791358026645986923,,917,bird_eye,0,0,False,0.0,no_alert,9130222823406097446,2761,1791358026666273285,-16.302726715,False
1791358026668705104,,918,bird_eye,0,0,False,0.0,no_alert,9130222823406097446,2762,1791358026689064247,-16.279935753,False
1791358026711992663,,919,bird_eye,0,0,False,0.0,no_alert,9130222823406097446,2764,1791358026732817648,-16.236182352,False
1791358026738410896,,920,bird_eye,0,0,False,0.0,no_alert,9130222823406097446,2765,1791358026769103002,-16.199896998,False
1791358026768085951,,921,bird_eye,0,0,False,0.0,no_alert,9130222823406097446,2767,1791358026789431529,-16.179568471,False
1791358026809879442,,922,bird_eye,0,0,False,0.0,no_alert,9130222823406097446,2769,1791358026831728410,-16.13727159,False
1791358026833808810,,923,bird_eye,0,0,False,0.0,no_alert,9130222823406097446,2770,1791358026856572972,-16.112427028,False
1791358026868792732,,924,bird_eye,0,0,False,0.0,no_alert,9130222823406097446,2771,1791358026887956842,-16.081043158,False
1791358026902291738,,925,bird_eye,0,0,False,0.0,no_alert,9130222823406097446,2773,1791358026928162600,-16.0408374,False
1791358026934701679,,926,bird_eye,0,0,False,0.0,no_alert,9130222823406097446,2775,1791358026966020612,-16.002979388,False
1791358026971361198,,927,bird_eye,0,0,False,0.0,no_alert,9130222823406097446,2777,1791358027000804901,-15.968195099,False
1791358027002062353,,928,bird_eye,0,0,False,0.0,no_alert,9130222823406097446,2778,1791358027020778804,-15.948221196,False
1791358027034743650,,929,bird_eye,0,0,False,0.0,no_alert,9130222823406097446,2780,1791358027053874493,-15.915125507,False
1791358027078118421,,930,bird_eye,0,0,False,0.0,no_alert,9130222823406097446,2782,1791358027096914810,-15.87208519,False
1791358027101917497,,931,bird_eye,0,0,False,0.0,no_alert,9130222823406097446,2783,1791358027120647392,-15.848352608,False
1791358027143084595,,932,bird_eye,0,0,False,0.0,no_alert,9130222823406097446,2785,1791358027166967553,-15.802032447,False
1791358027166363949,,933,bird_eye,0,0,False,0.0,no_alert,9130222823406097446,2786,1791358027188156523,-15.780843477,False
1791358027203443964,,934,bird_eye,0,0,False,0.0,no_alert,9130222823406097446,2788,1791358027224827648,-15.744172352,False
1791358027244594664,,935,bird_eye,0,0,False,0.0,no_alert,9130222823406097446,2790,1791358027269664260,-15.69933574,False
1791358027269238636,,936,bird_eye,0,0,False,0.0,no_alert,9130222823406097446,2792,1791358027289163977,-15.679836023,False
1791358027302123625,,937,bird_eye,0,0,False,0.0,no_alert,9130222823406097446,2793,1791358027323390627,-15.645609373,False
1791358027334405698,,938,bird_eye,0,0,False,0.0,no_alert,9130222823406097446,2795,1791358027354552201,-15.614447799,False
1791358027369310597,,939,bird_eye,0,0,False,0.0,no_alert,9130222823406097446,2797,1791358027389579159,-15.579420841,False
1791358027408465897,,940,bird_eye,0,0,False,0.0,no_alert,9130222823406097446,2799,1791358027427856801,-15.541143199,False
1791358027434452765,,941,bird_eye,0,0,False,0.0,no_alert,9130222823406097446,2800,1791358027453628411,-15.515371589,False
1791358027468651619,,942,bird_eye,0,0,False,0.0,no_alert,9130222823406097446,2802,1791358027487548155,-15.481451845,False
1791358027502940367,,943,bird_eye,0,0,False,0.0,no_alert,9130222823406097446,2803,1791358027524264337,-15.444735663,False
1791358027542366306,,944,bird_eye,0,0,False,0.0,no_alert,9130222823406097446,2805,1791358027562396135,-15.406603865,False
1791358027568497895,,945,bird_eye,0,0,False,0.0,no_alert,9130222823406097446,2806,1791358027588166872,-15.380833128,False
1791358027601503071,,946,bird_eye,0,0,False,0.0,no_alert,9130222823406097446,2808,1791358027621577730,-15.34742227,False
1791358027637193959,,947,bird_eye,0,0,False,0.0,no_alert,9130222823406097446,2810,1791358027677613143,-15.291386857,False
1791358027666531883,,948,bird_eye,0,0,False,0.0,no_alert,9130222823406097446,2812,1791358027690488203,-15.278511797,False
1791358027708411476,,949,bird_eye,0,0,False,0.0,no_alert,9130222823406097446,2813,1791358027735012346,-15.233987654,False
1791358027734832473,,950,bird_eye,0,0,False,0.0,no_alert,9130222823406097446,2815,1791358027759829686,-15.209170314,False
1791358027768959879,,951,bird_eye,0,0,False,0.0,no_alert,9130222823406097446,2817,1791358027789603811,-15.179396189,False
1791358027809898687,,952,bird_eye,0,0,False,0.0,no_alert,9130222823406097446,2819,1791358027830544494,-15.138455506,False
1791358027841925528,,953,bird_eye,0,0,False,0.0,no_alert,9130222823406097446,2820,1791358027862847393,-15.106152607,False
1791358027872765937,,954,bird_eye,0,0,False,0.0,no_alert,9130222823406097446,2822,1791358027893091562,-15.075908438,False
1791358027908810617,,955,bird_eye,0,0,False,0.0,no_alert,9130222823406097446,2824,1791358027927821407,-15.041178593,False
1791358027939093234,,956,bird_eye,0,0,False,0.0,no_alert,9130222823406097446,2825,1791358027968666557,-15.000333443,False
1791358027976649417,,957,bird_eye,0,0,False,0.0,no_alert,9130222823406097446,2827,1791358027998963146,-14.970036854,False
1791358028004968409,,958,bird_eye,0,0,False,0.0,no_alert,9130222823406097446,2828,1791358028025009004,-14.943990996,False
1791358028041777307,,959,bird_eye,0,0,False,0.0,no_alert,9130222823406097446,2830,1791358028063040359,-14.905959641,False
1791358028067676284,,960,bird_eye,0,0,False,0.0,no_alert,9130222823406097446,2831,1791358028095517407,-14.873482593,False
1791358028111873557,,961,bird_eye,0,0,False,0.0,no_alert,9130222823406097446,2834,1791358028132074414,-14.836925586,False
1791358028134249762,,962,bird_eye,0,0,False,0.0,no_alert,9130222823406097446,2835,1791358028154287972,-14.814712028,False
1791358028183610594,,963,bird_eye,0,0,False,0.0,no_alert,9130222823406097446,2837,1791358028209753374,-14.759246626,False
1791358028201499201,,964,bird_eye,0,0,False,0.0,no_alert,9130222823406097446,2838,1791358028221516752,-14.747483248,False
1791358028236454526,,965,bird_eye,0,0,False,0.0,no_alert,9130222823406097446,2840,1791358028276853082,-14.692146918,False
1791358028273181959,,966,bird_eye,0,0,False,0.0,no_alert,9130222823406097446,2841,1791358028294663755,-14.674336245,False
1791358028302462576,,967,bird_eye,0,0,False,0.0,no_alert,9130222823406097446,2843,1791358028325325173,-14.643674827,False
1791358028335711442,,968,bird_eye,0,0,False,0.0,no_alert,9130222823406097446,2845,1791358028358247863,-14.610752137,False
1791358028370708678,,969,bird_eye,0,0,False,0.0,no_alert,9130222823406097446,2847,1791358028394904026,-14.574095974,False
1791358028403713072,,970,bird_eye,0,0,False,0.0,no_alert,9130222823406097446,2848,1791358028423882258,-14.545117742,False
1791358028436479848,,971,bird_eye,0,0,False,0.0,no_alert,9130222823406097446,2850,1791358028459369171,-14.509630829,False
1791358028470085835,,972,bird_eye,0,0,False,0.0,no_alert,9130222823406097446,2852,1791358028497368262,-14.471631738,False
1791358028503484721,,973,bird_eye,0,0,False,0.0,no_alert,9130222823406097446,2853,1791358028523396275,-14.445603725,False
1791358028535347164,,974,bird_eye,0,0,False,0.0,no_alert,9130222823406097446,2855,1791358028557370765,-14.411629235,False
1791358028572030711,,975,bird_eye,0,0,False,0.0,no_alert,9130222823406097446,2857,1791358028600457774,-14.368542226,False
1791358028604338839,,976,bird_eye,0,0,False,0.0,no_alert,9130222823406097446,2858,1791358028624636595,-14.344363405,False
1791358028640349405,,977,bird_eye,0,0,False,0.0,no_alert,9130222823406097446,2860,1791358028663294216,-14.305705784,False
1791358028668847208,,978,bird_eye,0,0,False,0.0,no_alert,9130222823406097446,2862,1791358028689975938,-14.279024062,False
1791358028701615202,,979,bird_eye,0,0,False,0.0,no_alert,9130222823406097446,2863,1791358028720913659,-14.248086341,False
1791358028733967025,,980,bird_eye,0,0,False,0.0,no_alert,9130222823406097446,2865,1791358028755113144,-14.213886856,False
1791358028772526845,,981,bird_eye,0,0,False,0.0,no_alert,9130222823406097446,2867,1791358028791976501,-14.177023499,False
1791358028801886618,,982,bird_eye,0,0,False,0.0,no_alert,9130222823406097446,2868,1791358028823853569,-14.145146431,False
1791358028836495430,,983,bird_eye,0,0,False,0.0,no_alert,9130222823406097446,2870,1791358028856964316,-14.112035684,False
1791358028868374105,,984,bird_eye,0,0,False,0.0,no_alert,9130222823406097446,2872,1791358028888625493,-14.080374507,False
1791358028911854744,,985,bird_eye,0,0,False,0.0,no_alert,9130222823406097446,2874,1791358028935828776,-14.033171224,False
1791358028936518136,,986,bird_eye,0,0,False,0.0,no_alert,9130222823406097446,2875,1791358028956490478,-14.012509522,False
1791358028971355487,,987,bird_eye,0,0,False,0.0,no_alert,9130222823406097446,2877,1791358028992012104,-13.976987896,False
1791358029015889269,,988,bird_eye,0,0,False,0.0,no_alert,9130222823406097446,2879,1791358029035626092,-13.933373908,False
1791358029035906272,,989,bird_eye,0,0,False,0.0,no_alert,9130222823406097446,2880,1791358029056092061,-13.912907939,False
1791358029070413420,,990,bird_eye,0,0,False,0.0,no_alert,9130222823406097446,2882,1791358029090669499,-13.878330501,False
1791358029104085212,,991,bird_eye,0,0,False,0.0,no_alert,9130222823406097446,2883,1791358029127548146,-13.841451854,False
1791358029139805881,,992,bird_eye,0,0,False,0.0,no_alert,9130222823406097446,2885,1791358029169379500,-13.7996205,False
1791358029175497234,,993,bird_eye,0,0,False,0.0,no_alert,9130222823406097446,2887,1791358029195364805,-13.773635195,False
1791358029211508252,,994,bird_eye,0,0,False,0.0,no_alert,9130222823406097446,2889,1791358029231615564,-13.737384436,False
1791358029238204567,,995,bird_eye,0,0,False,0.0,no_alert,9130222823406097446,2890,1791358029258363099,-13.710636901,False
1791358029281602078,,996,bird_eye,0,0,False,0.0,no_alert,9130222823406097446,2892,1791358029304206870,-13.66479313,False
1791358029300206781,,997,bird_eye,0,0,False,0.0,no_alert,9130222823406097446,2893,1791358029319839490,-13.64916051,False
1791358029334619151,,998,bird_eye,0,0,False,0.0,no_alert,9130222823406097446,2895,1791358029354481221,-13.614518779,False
1791358029369424049,,999,bird_eye,0,0,False,0.0,no_alert,9130222823406097446,2897,1791358029391011639,-13.577988361,False
1791358029402443632,,1000,bird_eye,0,0,False,0.0,no_alert,9130222823406097446,2898,1791358029436429921,-13.532570079,False
1791358029434407206,,1001,bird_eye,0,0,False,0.0,no_alert,9130222823406097446,2900,1791358029457780329,-13.511219671,False
1791358029468827831,,1002,bird_eye,0,0,False,0.0,no_alert,9130222823406097446,2902,1791358029489076386,-13.479923614,False
1791358029502536045,,1003,bird_eye,0,0,False,0.0,no_alert,9130222823406097446,2903,1791358029525418208,-13.443581792,False
1791358029535307308,,1004,bird_eye,0,0,False,0.0,no_alert,9130222823406097446,2905,1791358029555352017,-13.413647983,False
1791358029569592104,,1005,bird_eye,0,0,False,0.0,no_alert,9130222823406097446,2907,1791358029588942737,-13.380057263,False
1791358029602287097,,1006,bird_eye,0,0,False,0.0,no_alert,9130222823406097446,2908,1791358029626530106,-13.342469894,False
1791358029668471885,,1007,bird_eye,0,0,False,0.0,no_alert,9130222823406097446,2912,1791358029687633197,-13.281366803,False
1791358029743085121,,1008,bird_eye,0,0,False,0.0,no_alert,9130222823406097446,2915,1791358029767647238,-13.201352762,False
1791358029767156120,,1009,bird_eye,0,0,False,0.0,no_alert,9130222823406097446,2917,1791358029787220014,-13.181779986,False
1791358029803305899,,1010,bird_eye,0,0,False,0.0,no_alert,9130222823406097446,2918,1791358029827259863,-13.141740137,False
1791358029835685175,,1011,bird_eye,0,0,False,0.0,no_alert,9130222823406097446,2920,1791358029858402887,-13.110597113,False
1791358029868354889,,1012,bird_eye,0,0,False,0.0,no_alert,9130222823406097446,2922,1791358029887528808,-13.081471192,False
1791358029902648379,,1013,bird_eye,0,0,False,0.0,no_alert,9130222823406097446,2923,1791358029922700232,-13.046299768,False
1791358029934464602,,1014,bird_eye,0,0,False,0.0,no_alert,9130222823406097446,2925,1791358029957573685,-13.011426315,False
1791358029977432319,,1015,bird_eye,0,0,False,0.0,no_alert,9130222823406097446,2927,1791358029998213784,-12.970786216,False
1791358030005582554,,1016,bird_eye,0,0,False,0.0,no_alert,9130222823406097446,2929,1791358030024978432,-12.944021568,False
1791358030034782402,,1017,bird_eye,0,0,False,0.0,no_alert,9130222823406097446,2930,1791358030054131430,-12.91486857,False
1791358030068550316,,1018,bird_eye,0,0,False,0.0,no_alert,9130222823406097446,2932,1791358030089615438,-12.879384562,False
1791358030102100441,,1019,bird_eye,0,0,False,0.0,no_alert,9130222823406097446,2933,1791358030124688823,-12.844311177,False
1791358030140647135,,1020,bird_eye,0,0,False,0.0,no_alert,9130222823406097446,2935,1791358030159871691,-12.809128309,False
1791358030168549213,,1021,bird_eye,0,0,False,0.0,no_alert,9130222823406097446,2936,1791358030191776324,-12.777223676,False
1791358030204573834,,1022,bird_eye,0,0,False,0.0,no_alert,9130222823406097446,2938,1791358030229513361,-12.739486639,False
1791358030241038859,,1023,bird_eye,0,0,False,0.0,no_alert,9130222823406097446,2940,1791358030261429049,-12.707570951,False
1791358030266982099,,1024,bird_eye,0,0,False,0.0,no_alert,9130222823406097446,2941,1791358030288716719,-12.680283281,False
1791358030303013175,,1025,bird_eye,0,0,False,0.0,no_alert,9130222823406097446,2943,1791358030326938491,-12.642061509,False
1791358030334425548,,1026,bird_eye,0,0,False,0.0,no_alert,9130222823406097446,2945,1791358030354509842,-12.614490158,False
1791358030368731649,,1027,bird_eye,0,0,False,0.0,no_alert,9130222823406097446,2947,1791358030388842629,-12.580157371,False
1791358030401656278,,1028,bird_eye,0,0,False,0.0,no_alert,9130222823406097446,2948,1791358030421673246,-12.547326754,False
1791358030434571155,,1029,bird_eye,0,0,False,0.0,no_alert,9130222823406097446,2950,1791358030454159399,-12.514840601,False
1791358030468395912,,1030,bird_eye,0,0,False,0.0,no_alert,9130222823406097446,2952,1791358030490943044,-12.478056956,False
1791358030501342342,,1031,bird_eye,0,0,False,0.0,no_alert,9130222823406097446,2953,1791358030520480209,-12.448519791,False
1791358030537027095,,1032,bird_eye,0,0,False,0.0,no_alert,9130222823406097446,2954,1791358030561992855,-12.407007145,False
1791358030567309837,,1033,bird_eye,0,0,False,0.0,no_alert,9130222823406097446,2957,1791358030586544254,-12.382455746,False
1791358030602360598,,1034,bird_eye,0,0,False,0.0,no_alert,9130222823406097446,2958,1791358030621905388,-12.347094612,False
1791358030633488980,,1035,bird_eye,0,0,False,0.0,no_alert,9130222823406097446,2960,1791358030653255129,-12.315744871,False
1791358030675246107,,1036,bird_eye,0,0,False,0.0,no_alert,9130222823406097446,2962,1791358030695739203,-12.273260797,False
1791358030707785075,,1037,bird_eye,0,0,False,0.0,no_alert,9130222823406097446,2964,1791358030727215459,-12.241784541,False
1791358030735542199,,1038,bird_eye,0,0,False,0.0,no_alert,9130222823406097446,2965,1791358030755183323,-12.213816677,False
1791358030767695256,,1039,bird_eye,0,0,False,0.0,no_alert,9130222823406097446,2967,1791358030787521121,-12.181478879,False
1791358030801853586,,1040,bird_eye,0,0,False,0.0,no_alert,9130222823406097446,2968,1791358030822484514,-12.146515486,False
1791358030835204985,,1041,bird_eye,0,0,False,0.0,no_alert,9130222823406097446,2970,1791358030859864001,-12.109135999,False
1791358030869032181,,1042,bird_eye,0,0,False,0.0,no_alert,9130222823406097446,2972,1791358030888335154,-12.080664846,False
1791358030909479127,,1043,bird_eye,0,0,False,0.0,no_alert,9130222823406097446,2974,1791358030929072520,-12.03992748,False
1791358030935486041,,1044,bird_eye,0,0,False,0.0,no_alert,9130222823406097446,2975,1791358030954788161,-12.014211839,False
1791358030974745621,,1045,bird_eye,0,0,False,0.0,no_alert,9130222823406097446,2977,1791358030994306824,-11.974693176,False
1791358030999687518,,1046,bird_eye,0,0,False,0.0,no_alert,9130222823406097446,2978,1791358031018711550,-11.95028845,False
1791358031035624494,,1047,bird_eye,0,0,False,0.0,no_alert,9130222823406097446,2980,1791358031060360376,-11.908639624,False
1791358031068520417,,1048,bird_eye,0,0,False,0.0,no_alert,9130222823406097446,2982,1791358031088220681,-11.880779319,False
1791358031101570109,,1049,bird_eye,0,0,False,0.0,no_alert,9130222823406097446,2983,1791358031123187394,-11.845812606,False
1791358031148338810,,1050,bird_eye,0,0,False,0.0,no_alert,9130222823406097446,2986,1791358031167491967,-11.801508033,False
1791358031172601270,,1051,bird_eye,0,0,False,0.0,no_alert,9130222823406097446,2987,1791358031192215670,-11.77678433,False
1791358031207019934,,1052,bird_eye,0,0,False,0.0,no_alert,9130222823406097446,2989,1791358031228255562,-11.740744438,False
1791358031235396755,,1053,bird_eye,0,0,False,0.0,no_alert,9130222823406097446,2990,1791358031260153592,-11.708846408,False
1791358031309254827,,1054,bird_eye,0,0,False,0.0,no_alert,9130222823406097446,2994,1791358031328903448,-11.640096552,False
1791358031375043084,,1055,bird_eye,0,0,False,0.0,no_alert,9130222823406097446,2997,1791358031394367916,-11.574632084,False
1791358031401612230,,1056,bird_eye,0,0,False,0.0,no_alert,9130222823406097446,2998,1791358031421464550,-11.54753545,False
1791358031439802006,,1057,bird_eye,0,0,False,0.0,no_alert,9130222823406097446,3000,1791358031458980275,-11.510019725,False
1791358031472672301,,1058,bird_eye,0,0,False,0.0,no_alert,9130222823406097446,3002,1791358031493328688,-11.475671312,False
1791358031504104170,,1059,bird_eye,0,0,False,0.0,no_alert,9130222823406097446,3003,1791358031524181231,-11.444818769,False
1791358031546856667,,1060,bird_eye,0,0,False,0.0,no_alert,9130222823406097446,3005,1791358031568433334,-11.400566666,False
1791358031568808783,,1061,bird_eye,0,0,False,0.0,no_alert,9130222823406097446,3007,1791358031589627945,-11.379372055,False
1791358031603904024,,1062,bird_eye,0,0,False,0.0,no_alert,9130222823406097446,3008,1791358031624355704,-11.344644296,False
1791358031638567741,,1063,bird_eye,0,0,False,0.0,no_alert,9130222823406097446,3010,1791358031657720041,-11.311279959,False
1791358031672761596,,1064,bird_eye,0,0,False,0.0,no_alert,9130222823406097446,3012,1791358031692101276,-11.276898724,False
1791358031712261509,,1065,bird_eye,0,0,False,0.0,no_alert,9130222823406097446,3014,1791358031734500738,-11.234499262,False
1791358031741742805,,1066,bird_eye,0,0,False,0.0,no_alert,9130222823406097446,3015,1791358031761981244,-11.207018756,False
1791358031778090949,,1067,bird_eye,0,0,False,0.0,no_alert,9130222823406097446,3017,1791358031797632180,-11.17136782,False
1791358031809426570,,1068,bird_eye,0,0,False,0.0,no_alert,9130222823406097446,3019,1791358031829426445,-11.139573555,False
1791358031837782278,,1069,bird_eye,0,0,False,0.0,no_alert,9130222823406097446,3020,1791358031860194218,-11.108805782,False
1791358031878005396,,1070,bird_eye,0,0,False,0.0,no_alert,9130222823406097446,3022,1791358031897932584,-11.071067416,False
1791358031899909844,,1071,bird_eye,0,0,False,0.0,no_alert,9130222823406097446,3023,1791358031925469599,-11.043530401,False
1791358031947621893,,1072,bird_eye,0,0,False,0.0,no_alert,9130222823406097446,3026,1791358031967805080,-11.00119492,False
1791358031966126815,,1073,bird_eye,0,0,False,0.0,no_alert,9130222823406097446,3027,1791358031985411941,-10.983588059,False
1791358032003424753,,1074,bird_eye,0,0,False,0.0,no_alert,9130222823406097446,3028,1791358032023471315,-10.945528685,False
1791358032042807774,,1075,bird_eye,0,0,False,0.0,no_alert,9130222823406097446,3030,1791358032066648252,-10.902351748,False
1791358032067508557,,1076,bird_eye,0,0,False,0.0,no_alert,9130222823406097446,3032,1791358032087055549,-10.881944451,False
1791358032103496665,,1077,bird_eye,0,0,False,0.0,no_alert,9130222823406097446,3033,1791358032126996100,-10.8420039,False
1791358032138859079,,1078,bird_eye,0,0,False,0.0,no_alert,9130222823406097446,3035,1791358032158875255,-10.810124745,False
1791358032168429896,,1079,bird_eye,0,0,False,0.0,no_alert,9130222823406097446,3037,1791358032188722822,-10.780277178,False
1791358032203659284,,1080,bird_eye,0,0,False,0.0,no_alert,9130222823406097446,3038,1791358032232090648,-10.736909352,False
1791358032235579346,,1081,bird_eye,0,0,False,0.0,no_alert,9130222823406097446,3040,1791358032254635361,-10.714364639,False
1791358032268858037,,1082,bird_eye,0,0,False,0.0,no_alert,9130222823406097446,3041,1791358032289949721,-10.679050279,False
1791358032303181090,,1083,bird_eye,0,0,False,0.0,no_alert,9130222823406097446,3043,1791358032323053552,-10.645946448,False
1791358032337195853,,1084,bird_eye,0,0,False,0.0,no_alert,9130222823406097446,3045,1791358032356415342,-10.612584658,False
1791358032377170762,,1085,bird_eye,0,0,False,0.0,no_alert,9130222823406097446,3047,1791358032396097850,-10.57290215,False
1791358032408418280,,1086,bird_eye,0,0,False,0.0,no_alert,9130222823406097446,3049,1791358032430880942,-10.538119058,False
1791358032435553668,,1087,bird_eye,0,0,False,0.0,no_alert,9130222823406097446,3050,1791358032455124565,-10.513875435,False
1791358032470115784,,1088,bird_eye,0,0,False,0.0,no_alert,9130222823406097446,3051,1791358032490611652,-10.478388348,False
1791358032501464517,,1089,bird_eye,0,0,False,0.0,no_alert,9130222823406097446,3053,1791358032523968140,-10.44503186,False
1791358032535519237,,1090,bird_eye,0,0,False,0.0,no_alert,9130222823406097446,3055,1791358032555231478,-10.413768522,False
1791358032569313648,,1091,bird_eye,0,0,False,0.0,no_alert,9130222823406097446,3057,1791358032596631703,-10.372368297,False
1791358032602489752,,1092,bird_eye,0,0,False,0.0,no_alert,9130222823406097446,3058,1791358032621961786,-10.347038214,False
1791358032635749259,,1093,bird_eye,0,0,False,0.0,no_alert,9130222823406097446,3060,1791358032656207984,-10.312792016,False
1791358032669352395,,1094,bird_eye,0,0,False,0.0,no_alert,9130222823406097446,3062,1791358032688682956,-10.280317044,False
1791358032703190974,,1095,bird_eye,0,0,False,0.0,no_alert,9130222823406097446,3063,1791358032723967862,-10.245032138,False
1791358032736429753,,1096,bird_eye,0,0,False,0.0,no_alert,9130222823406097446,3065,1791358032758146284,-10.210853716,False
1791358032770055481,,1097,bird_eye,0,0,False,0.0,no_alert,9130222823406097446,3067,1791358032789596793,-10.179403207,False
1791358032802255819,,1098,bird_eye,0,0,False,0.0,no_alert,9130222823406097446,3068,1791358032823579201,-10.145420799,False
1791358032844448108,,1099,bird_eye,0,0,False,0.0,no_alert,9130222823406097446,3070,1791358032864264819,-10.104735181,False
1791358032868848620,,1100,bird_eye,0,0,False,0.0,no_alert,9130222823406097446,3072,1791358032892030389,-10.076969611,False
1791358032902234260,,1101,bird_eye,0,0,False,0.0,no_alert,9130222823406097446,3073,1791358032921572598,-10.047427402,False
1791358032943064588,,1102,bird_eye,0,0,False,0.0,no_alert,9130222823406097446,3075,1791358032963882301,-10.005117699,False
1791358032968437736,,1103,bird_eye,0,0,False,0.0,no_alert,9130222823406097446,3077,1791358032988569054,-9.980430946,False
1791358033005424586,,1104,bird_eye,0,0,False,0.0,no_alert,9130222823406097446,3079,1791358033024929564,-9.944070436,False
1791358033038109729,,1105,bird_eye,0,0,False,0.0,no_alert,9130222823406097446,3080,1791358033059507306,-9.909492694,False
1791358033071190042,,1106,bird_eye,0,0,False,0.0,no_alert,9130222823406097446,3082,1791358033091420733,-9.877579267,False
1791358033119447587,,1107,bird_eye,0,0,False,0.0,no_alert,9130222823406097446,3084,1791358033143104990,-9.82589501,False
1791358033142704747,,1108,bird_eye,0,0,False,0.0,no_alert,9130222823406097446,3085,1791358033162153713,-9.806846287,False
1791358033183283218,,1109,bird_eye,0,0,False,0.0,no_alert,9130222823406097446,3087,1791358033210366674,-9.758633326,False
1791358033208169521,,1110,bird_eye,0,0,False,0.0,no_alert,9130222823406097446,3089,1791358033227614759,-9.741385241,False
1791358033240873999,,1111,bird_eye,0,0,False,0.0,no_alert,9130222823406097446,3090,1791358033260849825,-9.708150175,False
1791358033275976742,,1112,bird_eye,0,0,False,0.0,no_alert,9130222823406097446,3092,1791358033295781066,-9.673218934,False
1791358033304030869,,1113,bird_eye,0,0,False,0.0,no_alert,9130222823406097446,3093,1791358033323669374,-9.645330626,False
1791358033337845497,,1114,bird_eye,0,0,False,0.0,no_alert,9130222823406097446,3095,1791358033359362701,-9.609637299,False
1791358033368501617,,1115,bird_eye,0,0,False,0.0,no_alert,9130222823406097446,3097,1791358033391537484,-9.577462516,False
1791358033403500848,,1116,bird_eye,0,0,False,0.0,no_alert,9130222823406097446,3098,1791358033423789792,-9.545210208,False
1791358033438703960,,1117,bird_eye,0,0,False,0.0,no_alert,9130222823406097446,3100,1791358033460730500,-9.5082695,False
1791358033467406403,,1118,bird_eye,0,0,False,0.0,no_alert,9130222823406097446,3102,1791358033486612994,-9.482387006,False
1791358033502547792,,1119,bird_eye,0,0,False,0.0,no_alert,9130222823406097446,3103,1791358033522819224,-9.446180776,False
1791358033537651851,,1120,bird_eye,0,0,False,0.0,no_alert,9130222823406097446,3105,1791358033557831440,-9.41116856,False
1791358033569831054,,1121,bird_eye,0,0,False,0.0,no_alert,9130222823406097446,3107,1791358033589650792,-9.379349208,False
1791358033611550849,,1122,bird_eye,0,0,False,0.0,no_alert,9130222823406097446,3109,1791358033632474757,-9.336525243,False
1791358033634472158,,1123,bird_eye,0,0,False,0.0,no_alert,9130222823406097446,3110,1791358033655312572,-9.313687428,False
1791358033669825341,,1124,bird_eye,0,0,False,0.0,no_alert,9130222823406097446,3112,1791358033690135502,-9.278864498,False
1791358033710464537,,1125,bird_eye,0,0,False,0.0,no_alert,9130222823406097446,3114,1791358033729976374,-9.239023626,False
1791358033735610119,,1126,bird_eye,0,0,False,0.0,no_alert,9130222823406097446,3115,1791358033755042127,-9.213957873,False
1791358033771716371,,1127,bird_eye,0,0,False,0.0,no_alert,9130222823406097446,3117,1791358033791425616,-9.177574384,False
1791358033802593647,,1128,bird_eye,0,0,False,0.0,no_alert,9130222823406097446,3118,1791358033823913541,-9.145086459,False
1791358033842893308,,1129,bird_eye,0,0,False,0.0,no_alert,9130222823406097446,3120,1791358033862392516,-9.106607484,False
1791358033874066007,,1130,bird_eye,0,0,False,0.0,no_alert,9130222823406097446,3122,1791358033893716453,-9.075283547,False
1791358033903640231,,1131,bird_eye,0,0,False,0.0,no_alert,9130222823406097446,3123,1791358033927010033,-9.041989967,False
1791358033937919842,,1132,bird_eye,0,0,False,0.0,no_alert,9130222823406097446,3125,1791358033957405661,-9.011594339,False
1791358033974961774,,1133,bird_eye,0,0,False,0.0,no_alert,9130222823406097446,3127,1791358033995382187,-8.973617813,False
1791358034002042784,,1134,bird_eye,0,0,False,0.0,no_alert,9130222823406097446,3128,1791358034026105881,-8.942894119,False
1791358034037784556,,1135,bird_eye,0,0,False,0.0,no_alert,9130222823406097446,3130,1791358034065466749,-8.903533251,False
1791358034069229481,,1136,bird_eye,0,0,False,0.0,no_alert,9130222823406097446,3132,1791358034092506722,-8.876493278,False
1791358034102700985,,1137,bird_eye,0,0,False,0.0,no_alert,9130222823406097446,3133,1791358034129420319,-8.839579681,False
1791358034136057560,,1138,bird_eye,0,0,False,0.0,no_alert,9130222823406097446,3135,1791358034159583873,-8.809416127,False
1791358034168845519,,1139,bird_eye,0,0,False,0.0,no_alert,9130222823406097446,3137,1791358034189547473,-8.779452527,False
1791358034204497336,,1140,bird_eye,0,0,False,0.0,no_alert,9130222823406097446,3138,1791358034233664062,-8.735335938,False
1791358034235950090,,1141,bird_eye,0,0,False,0.0,no_alert,9130222823406097446,3140,1791358034258478296,-8.710521704,False
1791358034279560781,,1142,bird_eye,0,0,False,0.0,no_alert,9130222823406097446,3142,1791358034301446411,-8.667553589,False
1791358034303999704,,1143,bird_eye,0,0,False,0.0,no_alert,9130222823406097446,3143,1791358034324043270,-8.64495673,False
1791358034339976700,,1144,bird_eye,0,0,False,0.0,no_alert,9130222823406097446,3145,1791358034360132711,-8.608867289,False
1791358034376732014,,1145,bird_eye,0,0,False,0.0,no_alert,9130222823406097446,3147,1791358034401065080,-8.56793492,False
1791358034405193434,,1146,bird_eye,0,0,False,0.0,no_alert,9130222823406097446,3148,1791358034428692909,-8.540307091,False
1791358034437715624,,1147,bird_eye,0,0,False,0.0,no_alert,9130222823406097446,3150,1791358034456896192,-8.512103808,False
1791358034477231520,,1148,bird_eye,0,0,False,0.0,no_alert,9130222823406097446,3152,1791358034496908715,-8.472091285,False
1791358034503809902,,1149,bird_eye,0,0,False,0.0,no_alert,9130222823406097446,3153,1791358034525060906,-8.443939094,False
1791358034537666532,,1150,bird_eye,0,0,False,0.0,no_alert,9130222823406097446,3155,1791358034557714883,-8.411285117,False
1791358034570014088,,1151,bird_eye,0,0,False,0.0,no_alert,9130222823406097446,3157,1791358034590049164,-8.378950836,False
1791358034605108784,,1152,bird_eye,0,0,False,0.0,no_alert,9130222823406097446,3158,1791358034628150636,-8.340849364,False
1791358034639736614,,1153,bird_eye,0,0,False,0.0,no_alert,9130222823406097446,3160,1791358034658889465,-8.310110535,False
1791358034668783199,,1154,bird_eye,0,0,False,0.0,no_alert,9130222823406097446,3162,1791358034690289380,-8.27871062,False
1791358034716016135,,1155,bird_eye,0,0,False,0.0,no_alert,9130222823406097446,3164,1791358034744774111,-8.224225889,False
1791358034744092141,,1156,bird_eye,0,0,False,0.0,no_alert,9130222823406097446,3165,1791358034764368428,-8.204631572,False
1791358034768747076,,1157,bird_eye,0,0,False,0.0,no_alert,9130222823406097446,3167,1791358034788095961,-8.180904039,False
1791358034804948721,,1158,bird_eye,0,0,False,0.0,no_alert,9130222823406097446,3169,1791358034828129688,-8.140870312,False
1791358034837509958,,1159,bird_eye,0,0,False,0.0,no_alert,9130222823406097446,3170,1791358034859617582,-8.109382418,False
1791358034870460554,,1160,bird_eye,0,0,False,0.0,no_alert,9130222823406097446,3172,1791358034890384222,-8.078615778,False
1791358034905013243,,1161,bird_eye,0,0,False,0.0,no_alert,9130222823406097446,3173,1791358034931877749,-8.037122251,False
1791358034937111379,,1162,bird_eye,0,0,False,0.0,no_alert,9130222823406097446,3175,1791358034957963785,-8.011036215,False
1791358034979219563,,1163,bird_eye,0,0,False,0.0,no_alert,9130222823406097446,3177,1791358034999415166,-7.969584834,False
1791358035006797475,,1164,bird_eye,0,0,False,0.0,no_alert,9130222823406097446,3179,1791358035026753311,-7.942246689,False
1791358035038974025,,1165,bird_eye,0,0,False,0.0,no_alert,9130222823406097446,3180,1791358035059811440,-7.90918856,False
1791358035069459261,,1166,bird_eye,0,0,False,0.0,no_alert,9130222823406097446,3182,1791358035090610739,-7.878389261,False
1791358035106294480,,1167,bird_eye,0,0,False,0.0,no_alert,9130222823406097446,3183,1791358035129712568,-7.839287432,False
1791358035136814902,,1168,bird_eye,0,0,False,0.0,no_alert,9130222823406097446,3185,1791358035160294008,-7.808705992,False
1791358035170365006,,1169,bird_eye,0,0,False,0.0,no_alert,9130222823406097446,3187,1791358035189636927,-7.779363073,False
1791358035204230632,,1170,bird_eye,0,0,False,0.0,no_alert,9130222823406097446,3188,1791358035227648329,-7.741351671,False
1791358035238139693,,1171,bird_eye,0,0,False,0.0,no_alert,9130222823406097446,3190,1791358035258367238,-7.710632762,False
1791358035269753967,,1172,bird_eye,0,0,False,0.0,no_alert,9130222823406097446,3192,1791358035289429650,-7.67957035,False
1791358035304128275,,1173,bird_eye,0,0,False,0.0,no_alert,9130222823406097446,3193,1791358035327460421,-7.641539579,False
1791358035337103971,,1174,bird_eye,0,0,False,0.0,no_alert,9130222823406097446,3195,1791358035358561230,-7.61043877,False
1791358035373603325,,1175,bird_eye,0,0,False,0.0,no_alert,9130222823406097446,3197,1791358035394022911,-7.574977089,False
1791358035402775568,,1176,bird_eye,0,0,False,0.0,no_alert,9130222823406097446,3198,1791358035424847444,-7.544152556,False
1791358035438816934,,1177,bird_eye,0,0,False,0.0,no_alert,9130222823406097446,3200,1791358035462698280,-7.50630172,False
1791358035470610511,,1178,bird_eye,0,0,False,0.0,no_alert,9130222823406097446,3202,1791358035490381792,-7.478618208,False
1791358035504232104,,1179,bird_eye,0,0,False,0.0,no_alert,9130222823406097446,3203,1791358035524206954,-7.444793046,False
1791358035541081177,,1180,bird_eye,0,0,False,0.0,no_alert,9130222823406097446,3205,1791358035564845077,-7.404154923,False
1791358035568935252,,1181,bird_eye,0,0,False,0.0,no_alert,9130222823406097446,3207,1791358035591834611,-7.377165389,False
1791358035602928451,,1182,bird_eye,0,0,False,0.0,no_alert,9130222823406097446,3208,1791358035623227173,-7.345772827,False
1791358035636969420,,1183,bird_eye,0,0,False,0.0,no_alert,9130222823406097446,3210,1791358035658434846,-7.310565154,False
1791358035671457244,,1184,bird_eye,0,0,False,0.0,no_alert,9130222823406097446,3212,1791358035691248394,-7.277751606,False
1791358035704483215,,1185,bird_eye,0,0,False,0.0,no_alert,9130222823406097446,3213,1791358035727002005,-7.241997995,False
1791358035736830626,,1186,bird_eye,0,0,False,0.0,no_alert,9130222823406097446,3215,1791358035756807587,-7.212192413,False
1791358035771085820,,1187,bird_eye,0,0,False,0.0,no_alert,9130222823406097446,3217,1791358035790386270,-7.17861373,False
1791358035803121505,,1188,bird_eye,0,0,False,0.0,no_alert,9130222823406097446,3218,1791358035826974239,-7.142025761,False
1791358035837050229,,1189,bird_eye,0,0,False,0.0,no_alert,9130222823406097446,3220,1791358035858874246,-7.110125754,False
1791358035869803739,,1190,bird_eye,0,0,False,0.0,no_alert,9130222823406097446,3222,1791358035889563512,-7.079436488,False
1791358035903086928,,1191,bird_eye,0,0,False,0.0,no_alert,9130222823406097446,3223,1791358035923352349,-7.045647651,False
1791358035937021362,,1192,bird_eye,0,0,False,0.0,no_alert,9130222823406097446,3225,1791358035959299920,-7.00970008,False
1791358035970525313,,1193,bird_eye,0,0,False,0.0,no_alert,9130222823406097446,3227,1791358035990352173,-6.978647827,False
1791358036003446789,,1194,bird_eye,0,0,False,0.0,no_alert,9130222823406097446,3228,1791358036025330435,-6.943669565,False
1791358036036564881,,1195,bird_eye,0,0,False,0.0,no_alert,9130222823406097446,3230,1791358036055889811,-6.913110189,False
1791358036073386532,,1196,bird_eye,0,0,False,0.0,no_alert,9130222823406097446,3232,1791358036093803630,-6.87519637,False
1791358036103070627,,1197,bird_eye,0,0,False,0.0,no_alert,9130222823406097446,3233,1791358036124525085,-6.844474915,False
1791358036139636009,,1198,bird_eye,0,0,False,0.0,no_alert,9130222823406097446,3235,1791358036159249660,-6.80975034,False
1791358036170004760,,1199,bird_eye,0,0,False,0.0,no_alert,9130222823406097446,3237,1791358036189672859,-6.779327141,False
1791358036202571024,,1200,bird_eye,0,0,False,0.0,no_alert,9130222823406097446,3238,1791358036222542096,-6.746457904,False
1791358036236569747,,1201,bird_eye,0,0,False,0.0,no_alert,9130222823406097446,3240,1791358036256050970,-6.71294903,False
1791358036269613949,,1202,bird_eye,0,0,False,0.0,no_alert,9130222823406097446,3242,1791358036289292034,-6.679707966,False
1791358036304108594,,1203,bird_eye,0,0,False,0.0,no_alert,9130222823406097446,3243,1791358036323914192,-6.645085808,False
1791358036338788844,,1204,bird_eye,0,0,False,0.0,no_alert,9130222823406097446,3245,1791358036358853838,-6.610146162,False
1791358036371418889,,1205,bird_eye,0,0,False,0.0,no_alert,9130222823406097446,3247,1791358036391729431,-6.577270569,False
1791358036402794759,,1206,bird_eye,0,0,False,0.0,no_alert,9130222823406097446,3248,1791358036423844310,-6.54515569,False
1791358036438126344,,1207,bird_eye,0,0,False,0.0,no_alert,9130222823406097446,3250,1791358036458230364,-6.510769636,False
1791358036470597356,,1208,bird_eye,0,0,False,0.0,no_alert,9130222823406097446,3252,1791358036490587820,-6.47841218,False
1791358036504235786,,1209,bird_eye,0,0,False,0.0,no_alert,9130222823406097446,3253,1791358036524652671,-6.444347329,False
1791358036543372585,,1210,bird_eye,0,0,False,0.0,no_alert,9130222823406097446,3255,1791358036564640529,-6.404359471,False
1791358036572070174,,1211,bird_eye,0,0,False,0.0,no_alert,9130222823406097446,3257,1791358036591455521,-6.377544479,False
1791358036604911298,,1212,bird_eye,0,0,False,0.0,no_alert,9130222823406097446,3259,1791358036625099260,-6.34390074,False
1791358036636419342,,1213,bird_eye,0,0,False,0.0,no_alert,9130222823406097446,3260,1791358036662716471,-6.306283529,False
1791358036672564034,,1214,bird_eye,0,0,False,0.0,no_alert,9130222823406097446,3262,1791358036693071802,-6.275928198,False
1791358036704864452,,1215,bird_eye,0,0,False,0.0,no_alert,9130222823406097446,3263,1791358036724878197,-6.244121803,False
1791358036736226959,,1216,bird_eye,0,0,False,0.0,no_alert,9130222823406097446,3265,1791358036756333448,-6.212666552,False
1791358036778908643,,1217,bird_eye,0,0,False,0.0,no_alert,9130222823406097446,3267,1791358036800976685,-6.168023315,False
1791358036802971182,,1218,bird_eye,0,0,False,0.0,no_alert,9130222823406097446,3268,1791358036823769450,-6.14523055,False
1791358036845915107,,1219,bird_eye,0,0,False,0.0,no_alert,9130222823406097446,3271,1791358036866655009,-6.102344991,False
1791358036872007489,,1220,bird_eye,0,0,False,0.0,no_alert,9130222823406097446,3272,1791358036896349247,-6.072650753,False
1791358036902589492,,1221,bird_eye,0,0,False,0.0,no_alert,9130222823406097446,3273,1791358036922615003,-6.046384997,False
1791358036938207168,,1222,bird_eye,0,0,False,0.0,no_alert,9130222823406097446,3275,1791358036958677089,-6.010322911,False
1791358036970931873,,1223,bird_eye,0,0,False,0.0,no_alert,9130222823406097446,3277,1791358036997042119,-5.971957881,False
1791358037008065836,,1224,bird_eye,0,0,False,0.0,no_alert,9130222823406097446,3279,1791358037027513955,-5.941486045,False
1791358037036278286,,1225,bird_eye,0,0,False,0.0,no_alert,9130222823406097446,3280,1791358037056304569,-5.912695431,False
1791358037070133323,,1226,bird_eye,0,0,False,0.0,no_alert,9130222823406097446,3282,1791358037090264811,-5.878735189,False
1791358037104231447,,1227,bird_eye,0,0,False,0.0,no_alert,9130222823406097446,3283,1791358037124863433,-5.844136567,False
1791358037138511292,,1228,bird_eye,0,0,False,0.0,no_alert,9130222823406097446,3285,1791358037159409316,-5.809590684,False
1791358037169185239,,1229,bird_eye,0,0,False,0.0,no_alert,9130222823406097446,3287,1791358037190873187,-5.778126813,False
1791358037205134579,,1230,bird_eye,0,0,False,0.0,no_alert,9130222823406097446,3289,1791358037225675227,-5.743324773,False
1791358037243194570,,1231,bird_eye,0,0,False,0.0,no_alert,9130222823406097446,3290,1791358037264049408,-5.704950592,False
1791358037269008578,,1232,bird_eye,0,0,False,0.0,no_alert,9130222823406097446,3292,1791358037293973478,-5.675026522,False
1791358037306007753,,1233,bird_eye,0,0,False,0.0,no_alert,9130222823406097446,3293,1791358037327463569,-5.641536431,False
1791358037335867406,,1234,bird_eye,0,0,False,0.0,no_alert,9130222823406097446,3295,1791358037357842734,-5.611157266,False
1791358037369716415,,1235,bird_eye,0,0,False,0.0,no_alert,9130222823406097446,3297,1791358037392977660,-5.57602234,False
1791358037405127779,,1236,bird_eye,0,0,False,0.0,no_alert,9130222823406097446,3299,1791358037425975201,-5.543024799,False
1791358037439447127,,1237,bird_eye,0,0,False,0.0,no_alert,9130222823406097446,3300,1791358037458812534,-5.510187466,False
1791358037477135421,,1238,bird_eye,0,0,False,0.0,no_alert,9130222823406097446,3302,1791358037497553421,-5.471446579,False
1791358037500658664,,1239,bird_eye,0,0,False,0.0,no_alert,9130222823406097446,3303,1791358037521322066,-5.447677934,False
1791358037534424503,,1240,bird_eye,0,0,False,0.0,no_alert,9130222823406097446,3305,1791358037557778996,-5.411221004,False
1791358037568867876,,1241,bird_eye,0,0,False,0.0,no_alert,9130222823406097446,3307,1791358037594028584,-5.374971416,False
1791358037603191584,,1242,bird_eye,0,0,False,0.0,no_alert,9130222823406097446,3308,1791358037624020755,-5.344979245,False
1791358037641437393,,1243,bird_eye,0,0,False,0.0,no_alert,9130222823406097446,3310,1791358037661738579,-5.307261421,False
1791358037674401759,,1244,bird_eye,0,0,False,0.0,no_alert,9130222823406097446,3312,1791358037701355221,-5.267644779,False
1791358037739820257,,1246,bird_eye,0,0,False,0.0,no_alert,9130222823406097446,3315,1791358037759503278,-5.209496722,False
1791358037770018877,,1247,bird_eye,0,0,False,0.0,no_alert,9130222823406097446,3317,1791358037796695958,-5.172304042,False
1791358037810437866,,1248,bird_eye,0,0,False,0.0,no_alert,9130222823406097446,3319,1791358037830005457,-5.138994543,False
1791358037841777758,,1249,bird_eye,0,0,False,0.0,no_alert,9130222823406097446,3320,1791358037862514449,-5.106485551,False
1791358037878058292,,1250,bird_eye,0,0,False,0.0,no_alert,9130222823406097446,3322,1791358037898152733,-5.070847267,False
1791358037900319985,,1251,bird_eye,0,0,False,0.0,no_alert,9130222823406097446,3323,1791358037923465820,-5.04553418,False
1791358037944500293,,1252,bird_eye,0,0,False,0.0,no_alert,9130222823406097446,3325,1791358037969273178,-4.999726822,False
1791358037968593570,,1253,bird_eye,0,0,False,0.0,no_alert,9130222823406097446,3327,1791358037994054267,-4.974945733,False
1791358038009580722,,1254,bird_eye,0,0,False,0.0,no_alert,9130222823406097446,3329,1791358038029363115,-4.939636885,False
1791358038035431723,,1255,bird_eye,0,0,False,0.0,no_alert,9130222823406097446,3330,1791358038059214660,-4.90978534,False
1791358038068681520,,1256,bird_eye,0,0,False,0.0,no_alert,9130222823406097446,3332,1791358038089836365,-4.879163635,False
1791358038100773907,,1257,bird_eye,0,0,False,0.0,no_alert,9130222823406097446,3333,1791358038123900734,-4.845099266,False
1791358038137235174,,1258,bird_eye,0,0,False,0.0,no_alert,9130222823406097446,3335,1791358038157956490,-4.81104351,False
1791358038175335404,,1259,bird_eye,0,0,False,0.0,no_alert,9130222823406097446,3337,1791358038196347851,-4.772652149,False
1791358038204350690,,1260,bird_eye,0,0,False,0.0,no_alert,9130222823406097446,3338,1791358038226456191,-4.742543809,False
1791358038236795108,,1261,bird_eye,0,0,False,0.0,no_alert,9130222823406097446,3340,1791358038257587508,-4.711412492,False
1791358038270285908,,1262,bird_eye,0,0,False,0.0,no_alert,9130222823406097446,3342,1791358038293281993,-4.675718007,False
1791358038302229170,,1263,bird_eye,0,0,False,0.0,no_alert,9130222823406097446,3343,1791358038327502694,-4.641497306,False
1791358038334739495,,1264,bird_eye,0,0,False,0.0,no_alert,9130222823406097446,3345,1791358038354937166,-4.614062834,False
1791358038367392318,,1265,bird_eye,0,0,False,0.0,no_alert,9130222823406097446,3347,1791358038387141805,-4.581858195,False
1791358038401405854,,1266,bird_eye,0,0,False,0.0,no_alert,9130222823406097446,3348,1791358038430749064,-4.538250936,False
1791358038434205313,,1267,bird_eye,0,0,False,0.0,no_alert,9130222823406097446,3350,1791358038457841487,-4.511158513,False
1791358038470719845,,1268,bird_eye,0,0,False,0.0,no_alert,9130222823406097446,3352,1791358038494933726,-4.474066274,False
1791358038501558823,,1269,bird_eye,0,0,False,0.0,no_alert,9130222823406097446,3353,1791358038521901503,-4.447098497,False
1791358038536843324,,1270,bird_eye,0,0,False,0.0,no_alert,9130222823406097446,3355,1791358038558208755,-4.410791245,False
1791358038567011373,,1271,bird_eye,0,0,False,0.0,no_alert,9130222823406097446,3357,1791358038592346793,-4.376653207,False
1791358038601426554,,1272,bird_eye,0,0,False,0.0,no_alert,9130222823406097446,3358,1791358038623750076,-4.345249924,False
1791358038675746338,,1273,bird_eye,0,0,False,0.0,no_alert,9130222823406097446,3362,1791358038696731061,-4.272268939,False
1791358038741340267,,1274,bird_eye,0,0,False,0.0,no_alert,9130222823406097446,3365,1791358038762539963,-4.206460037,False
1791358038767225947,,1275,bird_eye,0,0,False,0.0,no_alert,9130222823406097446,3367,1791358038787903644,-4.181096356,False
1791358038800696822,,1276,bird_eye,0,0,False,0.0,no_alert,9130222823406097446,3368,1791358038823410518,-4.145589482,False
1791358038838802191,,1277,bird_eye,0,0,False,0.0,no_alert,9130222823406097446,3370,1791358038860736783,-4.108263217,False
1791358038868286582,,1278,bird_eye,0,0,False,0.0,no_alert,9130222823406097446,3372,1791358038891127551,-4.077872449,False
1791358038902602476,,1279,bird_eye,0,0,False,0.0,no_alert,9130222823406097446,3373,1791358038926080925,-4.042919075,False
1791358038934053052,,1280,bird_eye,0,0,False,0.0,no_alert,9130222823406097446,3375,1791358038956007457,-4.012992543,False
1791358038966358097,,1281,bird_eye,0,0,False,0.0,no_alert,9130222823406097446,3377,1791358038986440466,-3.982559534,False
1791358039002313989,,1282,bird_eye,0,0,False,0.0,no_alert,9130222823406097446,3378,1791358039022108322,-3.946891678,False
1791358039034439939,,1283,bird_eye,0,0,False,0.0,no_alert,9130222823406097446,3380,1791358039055123393,-3.913876607,False
1791358039078831692,,1284,bird_eye,0,0,False,0.0,no_alert,9130222823406097446,3382,1791358039098701435,-3.870298565,False
1791358039101496127,,1285,bird_eye,0,0,False,0.0,no_alert,9130222823406097446,3383,1791358039121921863,-3.847078137,False
1791358039146810359,,1286,bird_eye,0,0,False,0.0,no_alert,9130222823406097446,3386,1791358039167964985,-3.801035015,False
1791358039168397159,,1287,bird_eye,0,0,False,0.0,no_alert,9130222823406097446,3387,1791358039188537731,-3.780462269,False
1791358039209800182,,1288,bird_eye,0,0,False,0.0,no_alert,9130222823406097446,3389,1791358039229455532,-3.739544468,False
1791358039234113126,,1289,bird_eye,0,0,False,0.0,no_alert,9130222823406097446,3390,1791358039254199137,-3.714800863,False
1791358039274698115,,1290,bird_eye,0,0,False,0.0,no_alert,9130222823406097446,3392,1791358039296945906,-3.672054094,False
1791358039300219625,,1291,bird_eye,0,0,False,0.0,no_alert,9130222823406097446,3393,1791358039322367924,-3.646632076,False
1791358039335388960,,1292,bird_eye,0,0,False,0.0,no_alert,9130222823406097446,3395,1791358039355535887,-3.613464113,False
1791358039367640143,,1293,bird_eye,0,0,False,0.0,no_alert,9130222823406097446,3397,1791358039387121223,-3.581878777,False
1791358039401571902,,1294,bird_eye,0,0,False,0.0,no_alert,9130222823406097446,3398,1791358039421140158,-3.547859842,False
1791358039435742171,,1295,bird_eye,0,0,False,0.0,no_alert,9130222823406097446,3400,1791358039456070464,-3.512929536,False
1791358039469055921,,1296,bird_eye,0,0,False,0.0,no_alert,9130222823406097446,3402,1791358039488917576,-3.480082424,False
1791358039505018743,,1297,bird_eye,0,0,False,0.0,no_alert,9130222823406097446,3403,1791358039528910314,-3.440089686,False
1791358039534698234,,1298,bird_eye,0,0,False,0.0,no_alert,9130222823406097446,3405,1791358039559740070,-3.40925993,False
1791358039568527034,,1299,bird_eye,0,0,False,0.0,no_alert,9130222823406097446,3407,1791358039588015237,-3.380984763,False
1791358039600535957,,1300,bird_eye,0,0,False,0.0,no_alert,9130222823406097446,3408,1791358039620248597,-3.348751403,False
1791358039633451839,,1301,bird_eye,0,0,False,0.0,no_alert,9130222823406097446,3410,1791358039661441900,-3.3075581,False
1791358039667316017,,1302,bird_eye,0,0,False,0.0,no_alert,9130222823406097446,3412,1791358039686695929,-3.282304071,False
1791358039699773278,,1303,bird_eye,0,0,False,0.0,no_alert,9130222823406097446,3413,1791358039719995250,-3.24900475,False
1791358039734355090,,1304,bird_eye,0,0,False,0.0,no_alert,9130222823406097446,3415,1791358039754350484,-3.214649516,False
1791358039772124190,,1305,bird_eye,0,0,False,0.0,no_alert,9130222823406097446,3417,1791358039791625538,-3.177374462,False
1791358039816054401,,1306,bird_eye,0,0,False,0.0,no_alert,9130222823406097446,3419,1791358039835852499,-3.133147501,False
1791358039834945303,,1307,bird_eye,0,0,False,0.0,no_alert,9130222823406097446,3420,1791358039855719169,-3.113280831,False
1791358039869413159,,1308,bird_eye,0,0,False,0.0,no_alert,9130222823406097446,3422,1791358039889373603,-3.079626397,False
1791358039904701947,,1309,bird_eye,0,0,False,0.0,no_alert,9130222823406097446,3423,1791358039925343884,-3.043656116,False
1791358039937646420,,1310,bird_eye,0,0,False,0.0,no_alert,9130222823406097446,3425,1791358039958342655,-3.010657345,False
1791358039979414814,,1311,bird_eye,0,0,False,0.0,no_alert,9130222823406097446,3427,1791358039999841440,-2.96915856,False
1791358040000690737,,1312,bird_eye,0,0,False,0.0,no_alert,9130222823406097446,3428,1791358040022047321,-2.946952679,False
1791358040038039476,,1313,bird_eye,0,0,False,0.0,no_alert,9130222823406097446,3430,1791358040058365039,-2.910634961,False
1791358040067896219,,1314,bird_eye,0,0,False,0.0,no_alert,9130222823406097446,3432,1791358040087381665,-2.881618335,False
1791358040102868194,,1315,bird_eye,0,0,False,0.0,no_alert,9130222823406097446,3433,1791358040123849392,-2.845150608,False
1791358040137837409,,1316,bird_eye,0,0,False,0.0,no_alert,9130222823406097446,3435,1791358040163084507,-2.805915493,False
1791358040168301074,,1317,bird_eye,0,0,False,0.0,no_alert,9130222823406097446,3437,1791358040188155722,-2.780844278,False
1791358040203982648,,1318,bird_eye,0,0,False,0.0,no_alert,9130222823406097446,3438,1791358040228120106,-2.740879894,False
1791358040234636218,,1319,bird_eye,0,0,False,0.0,no_alert,9130222823406097446,3440,1791358040254697363,-2.714302637,False
1791358040277891010,,1320,bird_eye,0,0,False,0.0,no_alert,9130222823406097446,3442,1791358040299461629,-2.669538371,False
1791358040301925764,,1321,bird_eye,0,0,False,0.0,no_alert,9130222823406097446,3443,1791358040322775194,-2.646224806,False
1791358040348268803,,1322,bird_eye,0,0,False,0.0,no_alert,9130222823406097446,3446,1791358040367995037,-2.601004963,False
1791358040370306296,,1323,bird_eye,0,0,False,0.0,no_alert,9130222823406097446,3447,1791358040390133125,-2.578866875,False
1791358040403206243,,1324,bird_eye,0,0,False,0.0,no_alert,9130222823406097446,3448,1791358040424888421,-2.544111579,False
1791358040451679943,,1325,bird_eye,0,0,False,0.0,no_alert,9130222823406097446,3451,1791358040476996972,-2.492003028,False
1791358040476612025,,1326,bird_eye,0,0,False,0.0,no_alert,9130222823406097446,3452,1791358040498700062,-2.470299938,False
1791358040508322297,,1327,bird_eye,0,0,False,0.0,no_alert,9130222823406097446,3454,1791358040528711312,-2.440288688,False
1791358040551616688,,1328,bird_eye,0,0,False,0.0,no_alert,9130222823406097446,3456,1791358040573062369,-2.395937631,False
1791358040583831778,,1329,bird_eye,0,0,False,0.0,no_alert,9130222823406097446,3457,1791358040604480613,-2.364519387,False
1791358040600967824,,1330,bird_eye,0,0,False,0.0,no_alert,9130222823406097446,3458,1791358040620607341,-2.348392659,False
1791358040637482045,,1331,bird_eye,0,0,False,0.0,no_alert,9130222823406097446,3460,1791358040657166853,-2.311833147,False
1791358040682244432,,1332,bird_eye,0,0,False,0.0,no_alert,9130222823406097446,3462,1791358040701685285,-2.267314715,False
1791358040699868768,,1333,bird_eye,0,0,False,0.0,no_alert,9130222823406097446,3463,1791358040719308378,-2.249691622,False
1791358040734804994,,1334,bird_eye,0,0,False,0.0,no_alert,9130222823406097446,3465,1791358040761739221,-2.207260779,False
1791358040766804048,,1335,bird_eye,0,0,False,0.0,no_alert,9130222823406097446,3467,1791358040787244384,-2.181755616,False
1791358040799482049,,1336,bird_eye,0,0,False,0.0,no_alert,9130222823406097446,3468,1791358040819971083,-2.149028917,False
1791358040834941299,,1337,bird_eye,0,0,False,0.0,no_alert,9130222823406097446,3470,1791358040854699743,-2.114300257,False
1791358040867942083,,1338,bird_eye,0,0,False,0.0,no_alert,9130222823406097446,3471,1791358040888248413,-2.080751587,False
1791358040902243395,,1339,bird_eye,0,0,False,0.0,no_alert,9130222823406097446,3473,1791358040923200465,-2.045799535,False
1791358040934705973,,1340,bird_eye,0,0,False,0.0,no_alert,9130222823406097446,3475,1791358040958340002,-2.010659998,False
1791358040974321250,,1341,bird_eye,0,0,False,0.0,no_alert,9130222823406097446,3477,1791358040996699845,-1.972300155,False
1791358041005583353,,1342,bird_eye,0,0,False,0.0,no_alert,9130222823406097446,3479,1791358041025721030,-1.94327897,False
1791358041041602092,,1343,bird_eye,0,0,False,0.0,no_alert,9130222823406097446,3480,1791358041061369226,-1.907630774,False
1791358041071564597,,1344,bird_eye,0,0,False,0.0,no_alert,9130222823406097446,3482,1791358041094135568,-1.874864432,False
1791358041106614128,,1345,bird_eye,0,0,False,0.0,no_alert,9130222823406097446,3484,1791358041127334937,-1.841665063,False
1791358041133723301,,1346,bird_eye,0,0,False,0.0,no_alert,9130222823406097446,3485,1791358041154785167,-1.814214833,False
1791358041171244712,,1347,bird_eye,0,0,False,0.0,no_alert,9130222823406097446,3487,1791358041195754577,-1.773245423,False
1791358041208856745,,1348,bird_eye,0,0,False,0.0,no_alert,9130222823406097446,3489,1791358041229793867,-1.739206133,False
1791358041232394343,,1349,bird_eye,0,0,False,0.0,no_alert,9130222823406097446,3490,1791358041257624098,-1.711375902,False
1791358041266709468,,1350,bird_eye,0,0,False,0.0,no_alert,9130222823406097446,3492,1791358041286650056,-1.682349944,False
1791358041306558256,,1351,bird_eye,0,0,False,0.0,no_alert,9130222823406097446,3494,1791358041330422243,-1.638577757,False
1791358041335979350,,1352,bird_eye,0,0,False,0.0,no_alert,9130222823406097446,3495,1791358041356614737,-1.612385263,False
1791358041372264624,,1353,bird_eye,0,0,False,0.0,no_alert,9130222823406097446,3497,1791358041392621384,-1.576378616,False
1791358041402898812,,1354,bird_eye,0,0,False,0.0,no_alert,9130222823406097446,3498,1791358041424575901,-1.544424099,False
1791358041439130106,,1355,bird_eye,0,0,False,0.0,no_alert,9130222823406097446,3500,1791358041460735047,-1.508264953,False
1791358041471193278,,1356,bird_eye,0,0,False,0.0,no_alert,9130222823406097446,3502,1791358041491292827,-1.477707173,False
1791358041505959922,,1357,bird_eye,0,0,False,0.0,no_alert,9130222823406097446,3504,1791358041527076940,-1.44192306,False
1791358041533716649,,1358,bird_eye,0,0,False,0.0,no_alert,9130222823406097446,3505,1791358041555073677,-1.413926323,False
1791358041568492402,,1359,bird_eye,0,0,False,0.0,no_alert,9130222823406097446,3507,1791358041591075282,-1.377924718,False
1791358041602667071,,1360,bird_eye,0,0,False,0.0,no_alert,9130222823406097446,3508,1791358041622294231,-1.346705769,False
1791358041634812886,,1361,bird_eye,0,0,False,0.0,no_alert,9130222823406097446,3510,1791358041655195936,-1.313804064,False
1791358041669505177,,1362,bird_eye,0,0,False,0.0,no_alert,9130222823406097446,3512,1791358041689644506,-1.279355494,False
1791358041702824190,,1363,bird_eye,0,0,False,0.0,no_alert,9130222823406097446,3513,1791358041723158017,-1.245841983,False
1791358041734543798,,1364,bird_eye,0,0,False,0.0,no_alert,9130222823406097446,3515,1791358041754580203,-1.214419797,False
1791358041769305048,,1365,bird_eye,0,0,False,0.0,no_alert,9130222823406097446,3517,1791358041789628426,-1.179371574,False
1791358041812893903,,1366,bird_eye,0,0,False,0.0,no_alert,9130222823406097446,3519,1791358041835147912,-1.133852088,False
1791358041834769904,,1367,bird_eye,0,0,False,0.0,no_alert,9130222823406097446,3520,1791358041858120118,-1.110879882,False
1791358041872891542,,1368,bird_eye,0,0,False,0.0,no_alert,9130222823406097446,3522,1791358041893117100,-1.0758829,False
1791358041905430077,,1369,bird_eye,0,0,False,0.0,no_alert,9130222823406097446,3524,1791358041925711874,-1.043288126,False
1791358041940790636,,1370,bird_eye,0,0,False,0.0,no_alert,9130222823406097446,3525,1791358041961403340,-1.00759666,False
1791358041974276923,,1371,bird_eye,0,0,False,0.0,no_alert,9130222823406097446,3527,1791358041995581801,-0.973418199,False
1791358042001475964,,1372,bird_eye,0,0,False,0.0,no_alert,9130222823406097446,3528,1791358042021492990,-0.94750701,False
1791358042041463335,,1373,bird_eye,0,0,False,0.0,no_alert,9130222823406097446,3530,1791358042068593550,-0.90040645,False
1791358042073696740,,1374,bird_eye,0,0,False,0.0,no_alert,9130222823406097446,3532,1791358042093869378,-0.875130622,False
1791358042107265574,,1375,bird_eye,0,0,False,0.0,no_alert,9130222823406097446,3534,1791358042126845591,-0.842154409,False
1791358042142235940,,1376,bird_eye,0,0,False,0.0,no_alert,9130222823406097446,3535,1791358042162755760,-0.80624424,False
1791358042169572260,,1377,bird_eye,0,0,False,0.0,no_alert,9130222823406097446,3537,1791358042190198404,-0.778801596,False
1791358042209560462,,1378,bird_eye,0,0,False,0.0,no_alert,9130222823406097446,3539,1791358042235205165,-0.733794835,False
1791358042237989198,,1379,bird_eye,0,0,False,0.0,no_alert,9130222823406097446,3540,1791358042257805690,-0.71119431,False
1791358042275232933,,1380,bird_eye,0,0,False,0.0,no_alert,9130222823406097446,3542,1791358042309853633,-0.659146367,False
1791358042300497263,,1381,bird_eye,0,0,False,0.0,no_alert,9130222823406097446,3543,1791358042321634704,-0.647365296,False
1791358042335710259,,1382,bird_eye,0,0,False,0.0,no_alert,9130222823406097446,3545,1791358042356521208,-0.612478792,False
1791358042371655305,,1383,bird_eye,0,0,False,0.0,no_alert,9130222823406097446,3547,1791358042394718902,-0.574281098,False
1791358042405184165,,1384,bird_eye,0,0,False,0.0,no_alert,9130222823406097446,3549,1791358042424992534,-0.544007466,False
1791358042436528315,,1385,bird_eye,0,0,False,0.0,no_alert,9130222823406097446,3550,1791358042459366355,-0.509633645,False
1791358042475620426,,1386,bird_eye,0,0,False,0.0,no_alert,9130222823406097446,3552,1791358042495271387,-0.473728613,False
1791358042506128836,,1387,bird_eye,0,0,False,0.0,no_alert,9130222823406097446,3553,1791358042526861730,-0.44213827,False
1791358042543108429,,1388,bird_eye,0,0,False,0.0,no_alert,9130222823406097446,3555,1791358042568272618,-0.400727382,False
1791358042567723354,,1389,bird_eye,0,0,False,0.0,no_alert,9130222823406097446,3557,1791358042587722869,-0.381277131,False
1791358042603757422,,1390,bird_eye,0,0,False,0.0,no_alert,9130222823406097446,3558,1791358042628012776,-0.340987224,False
1791358042640315776,,1391,bird_eye,0,0,False,0.0,no_alert,9130222823406097446,3560,1791358042662981516,-0.306018484,False
1791358042669956461,,1392,bird_eye,0,0,False,0.0,no_alert,9130222823406097446,3562,1791358042689948207,-0.279051793,False
1791358042704711038,,1393,bird_eye,0,0,False,0.0,no_alert,9130222823406097446,3564,1791358042732203837,-0.236796163,False
1791358042735574217,,1394,bird_eye,0,0,False,0.0,no_alert,9130222823406097446,3565,1791358042755245792,-0.213754208,False
1791358042773390078,,1395,bird_eye,0,0,False,0.0,no_alert,9130222823406097446,3567,1791358042794503204,-0.174496796,False
1791358042807799161,,1396,bird_eye,0,0,False,0.0,no_alert,9130222823406097446,3569,1791358042829002490,-0.13999751,False
1791358042844766686,,1397,bird_eye,0,0,False,0.0,no_alert,9130222823406097446,3571,1791358042864933857,-0.104066143,False
1791358042869398681,,1398,bird_eye,0,0,False,0.0,no_alert,9130222823406097446,3572,1791358042889079631,-0.079920369,False
1791358042904973552,,1399,bird_eye,0,0,False,0.0,no_alert,9130222823406097446,3573,1791358042925672144,-0.043327856,False
1791358042941484790,,1400,bird_eye,0,0,False,0.0,no_alert,9130222823406097446,3575,1791358042962132408,-0.006867592,False
1791358042965636820,,1401,bird_eye,0,0,False,0.0,no_alert,9130222823406097446,3577,1791358042985899878,0.016899878,True
1791358043002234251,,1402,bird_eye,0,0,False,0.0,no_alert,9130222823406097446,3578,1791358043026151926,0.057151926,True
1791358043033444837,,1403,bird_eye,0,0,False,0.0,no_alert,9130222823406097446,3580,1791358043054081067,0.085081067,True
1791358043065940219,,1404,bird_eye,0,0,False,0.0,no_alert,9130222823406097446,3582,1791358043087179536,0.118179536,True
1791358043100951095,,1405,bird_eye,0,0,False,0.0,no_alert,9130222823406097446,3583,1791358043121143739,0.152143739,True
1791358043133785920,,1406,bird_eye,0,0,False,0.0,no_alert,9130222823406097446,3585,1791358043153949630,0.18494963,True
1791358043166940374,,1407,bird_eye,0,0,False,0.0,no_alert,9130222823406097446,3587,1791358043186904678,0.217904678,True
1791358043200306387,,1408,bird_eye,0,0,False,0.0,no_alert,9130222823406097446,3588,1791358043220178794,0.251178794,True
1791358043233756662,,1409,bird_eye,0,0,False,0.0,no_alert,9130222823406097446,3590,1791358043253571286,0.284571286,True
1791358043266831832,,1410,bird_eye,0,0,False,0.0,no_alert,9130222823406097446,3592,1791358043288661221,0.319661221,True
1791358043301057967,,1411,bird_eye,0,0,False,0.0,no_alert,9130222823406097446,3593,1791358043321108244,0.352108244,True
1791358043333477755,,1412,bird_eye,0,0,False,0.0,no_alert,9130222823406097446,3595,1791358043354198945,0.385198945,True
1791358043367212651,,1413,bird_eye,0,0,False,0.0,no_alert,9130222823406097446,3597,1791358043387906536,0.418906536,True
1791358043400973677,,1414,bird_eye,0,0,False,0.0,no_alert,9130222823406097446,3598,1791358043421523197,0.452523197,True
1791358043433415532,,1415,bird_eye,0,0,False,0.0,no_alert,9130222823406097446,3600,1791358043454443357,0.485443357,True
1791358043467321540,,1416,bird_eye,0,0,False,0.0,no_alert,9130222823406097446,3602,1791358043489548206,0.520548206,True
1791358043500740559,,1417,bird_eye,0,0,False,0.0,no_alert,9130222823406097446,3603,1791358043521480228,0.552480228,True
1791358043535558590,,1418,bird_eye,0,0,False,0.0,no_alert,9130222823406097446,3605,1791358043557700970,0.58870097,True
1791358043576689479,,1419,bird_eye,0,0,False,0.0,no_alert,9130222823406097446,3607,1791358043604337064,0.635337064,True
1791358043608405458,,1420,bird_eye,0,0,False,0.0,no_alert,9130222823406097446,3609,1791358043632191949,0.663191949,True
1791358043636511479,,1421,bird_eye,0,0,False,0.0,no_alert,9130222823406097446,3610,1791358043658096361,0.689096361,True
1791358043666374709,,1422,bird_eye,0,0,False,0.0,no_alert,9130222823406097446,3612,1791358043688354248,0.719354248,True
1791358043700760640,,1423,bird_eye,0,0,False,0.0,no_alert,9130222823406097446,3613,1791358043720404196,0.751404196,True
1791358043734888115,,1424,bird_eye,0,0,False,0.0,no_alert,9130222823406097446,3615,1791358043759904055,0.790904055,True
1791358043768086386,,1425,bird_eye,0,0,False,0.0,no_alert,9130222823406097446,3617,1791358043791683741,0.822683741,True
1791358043802852842,,1426,bird_eye,0,0,False,0.0,no_alert,9130222823406097446,3618,1791358043822954718,0.853954718,True
1791358043834316019,,1427,bird_eye,0,0,False,0.0,no_alert,9130222823406097446,3620,1791358043861327864,0.892327864,True
1791358043869498768,,1428,bird_eye,0,0,False,0.0,no_alert,9130222823406097446,3622,1791358043889800218,0.920800218,True
1791358043912665595,,1429,bird_eye,0,0,False,0.0,no_alert,9130222823406097446,3624,1791358043932282974,0.963282974,True
1791358043948884060,,1430,bird_eye,0,0,False,0.0,no_alert,9130222823406097446,3626,1791358043968905114,0.999905114,True
1791358043980869768,,1431,bird_eye,0,0,False,0.0,no_alert,9130222823406097446,3627,1791358044001318123,1.032318123,True
1791358044016987038,,1432,bird_eye,0,0,False,0.0,no_alert,9130222823406097446,3629,1791358044037279094,1.068279094,True
1791358044047991357,,1433,bird_eye,0,0,False,0.0,no_alert,9130222823406097446,3631,1791358044068219594,1.099219594,True
1791358044081729359,,1434,bird_eye,0,0,False,0.0,no_alert,9130222823406097446,3632,1791358044101385264,1.132385264,True
1791358044111305262,,1435,bird_eye,0,0,False,0.0,no_alert,9130222823406097446,3634,1791358044134403232,1.165403232,True
1791358044154299706,,1436,bird_eye,0,0,False,0.0,no_alert,9130222823406097446,3636,1791358044175022434,1.206022434,True
1791358044185831358,,1437,bird_eye,0,0,False,0.0,no_alert,9130222823406097446,3638,1791358044209266344,1.240266344,True
1791358044213080992,,1438,bird_eye,0,0,False,0.0,no_alert,9130222823406097446,3639,1791358044232962491,1.263962491,True
1791358044239613476,,1439,bird_eye,0,0,False,0.0,no_alert,9130222823406097446,3640,1791358044259629634,1.290629634,True
1791358044269537422,,1440,bird_eye,0,0,False,0.0,no_alert,9130222823406097446,3642,1791358044290557492,1.321557492,True
1791358044306749987,,1441,bird_eye,0,0,False,0.0,no_alert,9130222823406097446,3644,1791358044327834099,1.358834099,True
1791358044336091087,,1442,bird_eye,0,0,False,0.0,no_alert,9130222823406097446,3645,1791358044357812004,1.388812004,True
1791358044374024934,,1443,bird_eye,0,0,False,0.0,no_alert,9130222823406097446,3647,1791358044394475888,1.425475888,True
1791358044403592234,,1444,bird_eye,0,0,False,0.0,no_alert,9130222823406097446,3648,1791358044424739729,1.455739729,True
1791358044434392250,,1445,bird_eye,0,0,False,0.0,no_alert,9130222823406097446,3650,1791358044454309787,1.485309787,True
1791358044467668194,,1446,bird_eye,0,0,False,0.0,no_alert,9130222823406097446,3652,1791358044488912179,1.519912179,True
1791358044504203558,,1447,bird_eye,0,0,False,0.0,no_alert,9130222823406097446,3653,1791358044523992118,1.554992118,True
1791358044535803792,,1448,bird_eye,0,0,False,0.0,no_alert,9130222823406097446,3655,1791358044555668545,1.586668545,True
1791358044569460345,,1449,bird_eye,0,0,False,0.0,no_alert,9130222823406097446,3657,1791358044589995781,1.620995781,True
1791358044600488078,,1450,bird_eye,0,0,False,0.0,no_alert,9130222823406097446,3658,1791358044621646871,1.652646871,True
1791358044633990714,,1451,bird_eye,0,0,False,0.0,no_alert,9130222823406097446,3660,1791358044653903319,1.684903319,True
1791358044668382130,,1452,bird_eye,0,0,False,0.0,no_alert,9130222823406097446,3661,1791358044688693815,1.719693815,True
1791358044701616400,,1453,bird_eye,0,0,False,0.0,no_alert,9130222823406097446,3663,1791358044723080905,1.754080905,True
1791358044735038343,,1454,bird_eye,0,0,False,0.0,no_alert,9130222823406097446,3665,1791358044756547782,1.787547782,True
1791358044776071120,,1455,bird_eye,0,0,False,0.0,no_alert,9130222823406097446,3667,1791358044797260023,1.828260023,True
1791358044805621645,,1456,bird_eye,0,0,False,0.0,no_alert,9130222823406097446,3668,1791358044826617505,1.857617505,True
1791358044835329850,,1457,bird_eye,0,0,False,0.0,no_alert,9130222823406097446,3670,1791358044865009423,1.896009423,True
1791358044867252083,,1458,bird_eye,0,0,False,0.0,no_alert,9130222823406097446,3672,1791358044887722868,1.918722868,True
1791358044900542717,,1459,bird_eye,0,0,False,0.0,no_alert,9130222823406097446,3673,1791358044924304098,1.955304098,True
1791358044934155877,,1460,bird_eye,0,0,False,0.0,no_alert,9130222823406097446,3675,1791358044955227756,1.986227756,True
1791358044967814389,,1461,bird_eye,0,0,False,0.0,no_alert,9130222823406097446,3676,1791358044989548382,2.020548382,True
1791358045001352334,,1462,bird_eye,0,0,False,0.0,no_alert,9130222823406097446,3678,1791358045022175891,2.053175891,True
1791358045036370714,,1463,bird_eye,0,0,False,0.0,no_alert,9130222823406097446,3680,1791358045059621688,2.090621688,True
1791358045068035584,,1464,bird_eye,0,0,False,0.0,no_alert,9130222823406097446,3682,1791358045088598716,2.119598716,True
1791358045101742735,,1465,bird_eye,0,0,False,0.0,no_alert,9130222823406097446,3683,1791358045124851344,2.155851344,True
1791358045135968745,,1466,bird_eye,0,0,False,0.0,no_alert,9130222823406097446,3685,1791358045155959832,2.186959832,True
1791358045168807374,,1467,bird_eye,0,0,False,0.0,no_alert,9130222823406097446,3686,1791358045190416917,2.221416917,True
1791358045202747775,,1468,bird_eye,0,0,False,0.0,no_alert,9130222823406097446,3688,1791358045226267669,2.257267669,True
1791358045235538463,,1469,bird_eye,0,0,False,0.0,no_alert,9130222823406097446,3690,1791358045258915595,2.289915595,True
1791358045269606602,,1470,bird_eye,0,0,False,0.0,no_alert,9130222823406097446,3692,1791358045297105384,2.328105384,True
1791358045302670954,,1471,bird_eye,0,0,False,0.0,no_alert,9130222823406097446,3693,1791358045324558462,2.355558462,True
1791358045336856786,,1472,bird_eye,0,0,False,0.0,no_alert,9130222823406097446,3695,1791358045366698650,2.39769865,True
1791358045369373672,,1473,bird_eye,0,0,False,0.0,no_alert,9130222823406097446,3696,1791358045393414904,2.424414904,True
1791358045402387089,,1474,bird_eye,0,0,False,0.0,no_alert,9130222823406097446,3698,1791358045423027756,2.454027756,True
1791358045436497863,,1475,bird_eye,0,0,False,0.0,no_alert,9130222823406097446,3700,1791358045457688854,2.488688854,True
1791358045469091697,,1476,bird_eye,0,0,False,0.0,no_alert,9130222823406097446,3701,1791358045495317193,2.526317193,True
1791358045502932285,,1477,bird_eye,0,0,False,0.0,no_alert,9130222823406097446,3703,1791358045525452888,2.556452888,True
1791358045534895985,,1478,bird_eye,0,0,False,0.0,no_alert,9130222823406097446,3704,1791358045556302477,2.587302477,True
1791358045568958868,,1479,bird_eye,0,0,False,0.0,no_alert,9130222823406097446,3707,1791358045591628305,2.622628305,True
1791358045601818627,,1480,bird_eye,0,0,False,0.0,no_alert,9130222823406097446,3708,1791358045629845721,2.660845721,True
1791358045634947082,,1481,bird_eye,0,0,False,0.0,no_alert,9130222823406097446,3710,1791358045655834739,2.686834739,True
1791358045669744840,,1482,bird_eye,0,0,False,0.0,no_alert,9130222823406097446,3712,1791358045700179986,2.731179986,True
1791358045701393788,,1483,bird_eye,0,0,False,0.0,no_alert,9130222823406097446,3713,1791358045721527247,2.752527247,True
1791358045735846807,,1484,bird_eye,0,0,False,0.0,no_alert,9130222823406097446,3715,1791358045758537579,2.789537579,True
1791358045768639245,,1485,bird_eye,0,0,False,0.0,no_alert,9130222823406097446,3717,1791358045792175496,2.823175496,True
1791358045802630015,,1486,bird_eye,0,0,False,0.0,no_alert,9130222823406097446,3718,1791358045830397685,2.861397685,True
1791358045835821024,,1487,bird_eye,0,0,False,0.0,no_alert,9130222823406097446,3720,1791358045870515496,2.901515496,True
1791358045869272942,,1488,bird_eye,0,0,False,0.0,no_alert,9130222823406097446,3722,1791358045889313987,2.920313987,True
1791358045902627925,,1489,bird_eye,0,0,False,0.0,no_alert,9130222823406097446,3723,1791358045924842760,2.95584276,True
1791358045935457935,,1490,bird_eye,0,0,False,0.0,no_alert,9130222823406097446,3725,1791358045959623042,2.990623042,True
1791358045968564305,,1491,bird_eye,0,0,False,0.0,no_alert,9130222823406097446,3727,1791358045990942025,3.021942025,True
1791358046002036794,,1492,bird_eye,0,0,False,0.0,no_alert,9130222823406097446,3728,1791358046022698261,3.053698261,True
1791358046035388506,,1493,bird_eye,0,0,False,0.0,no_alert,9130222823406097446,3730,1791358046056531348,3.087531348,True
1791358046068332196,,1494,bird_eye,0,0,False,0.0,no_alert,9130222823406097446,3731,1791358046093740159,3.124740159,True
1791358046102348153,,1495,bird_eye,0,0,False,0.0,no_alert,9130222823406097446,3733,1791358046125690948,3.156690948,True
1791358046134807051,,1496,bird_eye,0,0,False,0.0,no_alert,9130222823406097446,3735,1791358046154712850,3.18571285,True
1791358046168500595,,1497,bird_eye,0,0,False,0.0,no_alert,9130222823406097446,3737,1791358046188331999,3.219331999,True
1791358046200796830,,1498,bird_eye,0,0,False,0.0,no_alert,9130222823406097446,3738,1791358046220679786,3.251679786,True
1791358046234367293,,1499,bird_eye,0,0,False,0.0,no_alert,9130222823406097446,3740,1791358046255209343,3.286209343,True
1791358046269113638,,1500,bird_eye,0,0,False,0.0,no_alert,9130222823406097446,3742,1791358046291179376,3.322179376,True
1791358046302292084,,1501,bird_eye,0,0,False,0.0,no_alert,9130222823406097446,3743,1791358046327398798,3.358398798,True
1791358046334707468,,1502,bird_eye,0,0,False,0.0,no_alert,9130222823406097446,3745,1791358046356895531,3.387895531,True
1791358046367901444,,1503,bird_eye,0,0,False,0.0,no_alert,9130222823406097446,3747,1791358046389431272,3.420431272,True
1791358046401092703,,1504,bird_eye,0,0,False,0.0,no_alert,9130222823406097446,3748,1791358046421622468,3.452622468,True
1791358046434779459,,1505,bird_eye,0,0,False,0.0,no_alert,9130222823406097446,3750,1791358046455755958,3.486755958,True
1791358046467844491,,1506,bird_eye,0,0,False,0.0,no_alert,9130222823406097446,3752,1791358046489039613,3.520039613,True
1791358046500969614,,1507,bird_eye,0,0,False,0.0,no_alert,9130222823406097446,3753,1791358046522430132,3.553430132,True
1791358046534440661,,1508,bird_eye,0,0,False,0.0,no_alert,9130222823406097446,3755,1791358046558687909,3.589687909,True
1791358046566971309,,1509,bird_eye,0,0,False,0.0,no_alert,9130222823406097446,3757,1791358046587837060,3.61883706,True
1791358046601502176,,1510,bird_eye,0,0,False,0.0,no_alert,9130222823406097446,3758,1791358046622827420,3.65382742,True
1791358046635369372,,1511,bird_eye,0,0,False,0.0,no_alert,9130222823406097446,3760,1791358046655956227,3.686956227,True
1791358046668368204,,1512,bird_eye,0,0,False,0.0,no_alert,9130222823406097446,3762,1791358046688649895,3.719649895,True
1791358046701201882,,1513,bird_eye,0,0,False,0.0,no_alert,9130222823406097446,3763,1791358046724870953,3.755870953,True
1791358046734182853,,1514,bird_eye,0,0,False,0.0,no_alert,9130222823406097446,3765,1791358046754956840,3.78595684,True
1791358046768038492,,1515,bird_eye,0,0,False,0.0,no_alert,9130222823406097446,3767,1791358046789348122,3.820348122,True
1791358046802358061,,1516,bird_eye,0,0,False,0.0,no_alert,9130222823406097446,3768,1791358046832434295,3.863434295,True
1791358046834780604,,1517,bird_eye,0,0,False,0.0,no_alert,9130222823406097446,3770,1791358046855845721,3.886845721,True
1791358046868004967,,1518,bird_eye,0,0,False,0.0,no_alert,9130222823406097446,3772,1791358046888303698,3.919303698,True
1791358046901830925,,1519,bird_eye,0,0,False,0.0,no_alert,9130222823406097446,3773,1791358046930072416,3.961072416,True
1791358046935808417,,1520,bird_eye,0,0,False,0.0,no_alert,9130222823406097446,3775,1791358046959472136,3.990472136,True
1791358046969089994,,1521,bird_eye,0,0,False,0.0,no_alert,9130222823406097446,3777,1791358046991755963,4.022755963,True
1791358047001327101,,1522,bird_eye,0,0,False,0.0,no_alert,9130222823406097446,3778,1791358047022012364,4.053012364,True
1791358047034820743,,1523,bird_eye,0,0,False,0.0,no_alert,9130222823406097446,3780,1791358047056826600,4.0878266,True
1791358047068669419,,1524,bird_eye,0,0,False,0.0,no_alert,9130222823406097446,3782,1791358047090257017,4.121257017,True
1791358047101419091,,1525,bird_eye,0,0,False,0.0,no_alert,9130222823406097446,3783,1791358047121946725,4.152946725,True
1791358047135259690,,1526,bird_eye,0,0,False,0.0,no_alert,9130222823406097446,3785,1791358047155302375,4.186302375,True
1791358047169011411,,1527,bird_eye,0,0,False,0.0,no_alert,9130222823406097446,3787,1791358047189610933,4.220610933,True
1791358047214879028,,1528,bird_eye,0,0,False,0.0,no_alert,9130222823406097446,3789,1791358047236828692,4.267828692,True
1791358047244025786,,1529,bird_eye,0,0,False,0.0,no_alert,9130222823406097446,3791,1791358047264334062,4.295334062,True
1791358047274042773,,1530,bird_eye,0,0,False,0.0,no_alert,9130222823406097446,3792,1791358047298824541,4.329824541,True
1791358047303802928,,1531,bird_eye,0,0,False,0.0,no_alert,9130222823406097446,3793,1791358047323971962,4.354971962,True
1791358047336758615,,1532,bird_eye,0,0,False,0.0,no_alert,9130222823406097446,3795,1791358047357685506,4.388685506,True
1791358047370838573,,1533,bird_eye,0,0,False,0.0,no_alert,9130222823406097446,3797,1791358047393435853,4.424435853,True
1791358047409146960,,1534,bird_eye,0,0,False,0.0,no_alert,9130222823406097446,3799,1791358047430028862,4.461028862,True
1791358047439193550,,1535,bird_eye,0,0,False,0.0,no_alert,9130222823406097446,3800,1791358047460376459,4.491376459,True
1791358047468088648,,1536,bird_eye,0,0,False,0.0,no_alert,9130222823406097446,3802,1791358047491245415,4.522245415,True
1791358047502136000,,1537,bird_eye,0,0,False,0.0,no_alert,9130222823406097446,3803,1791358047524439400,4.5554394,True
1791358047535461465,,1538,bird_eye,0,0,False,0.0,no_alert,9130222823406097446,3805,1791358047558525242,4.589525242,True
1791358047568172463,,1539,bird_eye,0,0,False,0.0,no_alert,9130222823406097446,3807,1791358047588983497,4.619983497,True
1791358047605233642,,1540,bird_eye,0,0,False,0.0,no_alert,9130222823406097446,3808,1791358047625858577,4.656858577,True
1791358047635361113,,1541,bird_eye,0,0,False,0.0,no_alert,9130222823406097446,3810,1791358047657015391,4.688015391,True
1791358047667547507,,1542,bird_eye,0,0,False,0.0,no_alert,9130222823406097446,3812,1791358047688574056,4.719574056,True
1791358047700960073,,1543,bird_eye,0,0,False,0.0,no_alert,9130222823406097446,3813,1791358047725181023,4.756181023,True
1791358047734743046,,1544,bird_eye,0,0,False,0.0,no_alert,9130222823406097446,3815,1791358047754920808,4.785920808,True
1791358047809704908,,1545,bird_eye,0,0,False,0.0,no_alert,9130222823406097446,3819,1791358047833295400,4.8642954,True
1791358047875481622,,1546,bird_eye,0,0,False,0.0,no_alert,9130222823406097446,3822,1791358047895435669,4.926435669,True
1791358047903249355,,1547,bird_eye,0,0,False,0.0,no_alert,9130222823406097446,3823,1791358047927603183,4.958603183,True
1791358047936355980,,1548,bird_eye,0,0,False,0.0,no_alert,9130222823406097446,3825,1791358047958729169,4.989729169,True
1791358047969835451,,1549,bird_eye,0,0,False,0.0,no_alert,9130222823406097446,3827,1791358047991878854,5.022878854,True
1791358048002882448,,1550,bird_eye,0,0,False,0.0,no_alert,9130222823406097446,3828,1791358048026078630,5.05707863,True
1791358048034206792,,1551,bird_eye,0,0,False,0.0,no_alert,9130222823406097446,3830,1791358048059113568,5.090113568,True
1791358048066789855,,1552,bird_eye,0,0,False,0.0,no_alert,9130222823406097446,3832,1791358048089219614,5.120219614,True
1791358048103124953,,1553,bird_eye,0,0,False,0.0,no_alert,9130222823406097446,3833,1791358048125375674,5.156375674,True
1791358048134313791,,1554,bird_eye,0,0,False,0.0,no_alert,9130222823406097446,3835,1791358048157097634,5.188097634,True
1791358048167011736,,1555,bird_eye,0,0,False,0.0,no_alert,9130222823406097446,3837,1791358048190291181,5.221291181,True
1791358048200685193,,1556,bird_eye,0,0,False,0.0,no_alert,9130222823406097446,3838,1791358048224519486,5.255519486,True
1791358048236973799,,1557,bird_eye,0,0,False,0.0,no_alert,9130222823406097446,3840,1791358048260335558,5.291335558,True
1791358048268042458,,1558,bird_eye,0,0,False,0.0,no_alert,9130222823406097446,3842,1791358048291944553,5.322944553,True
1791358048302774213,,1559,bird_eye,0,0,False,0.0,no_alert,9130222823406097446,3843,1791358048324500196,5.355500196,True
1791358048334153019,,1560,bird_eye,0,0,False,0.0,no_alert,9130222823406097446,3845,1791358048364123772,5.395123772,True
1791358048367018607,,1561,bird_eye,0,0,False,0.0,no_alert,9130222823406097446,3847,1791358048387988943,5.418988943,True
1791358048408604179,,1562,bird_eye,0,0,False,0.0,no_alert,9130222823406097446,3849,1791358048437887012,5.468887012,True
1791358048436696608,,1563,bird_eye,0,0,False,0.0,no_alert,9130222823406097446,3850,1791358048459312281,5.490312281,True
1791358048466534495,,1564,bird_eye,0,0,False,0.0,no_alert,9130222823406097446,3852,1791358048494483693,5.525483693,True
1791358048499810303,,1565,bird_eye,0,0,False,0.0,no_alert,9130222823406097446,3853,1791358048521274616,5.552274616,True
1791358048533397254,,1566,bird_eye,0,0,False,0.0,no_alert,9130222823406097446,3855,1791358048554900327,5.585900327,True
1791358048565991969,,1567,bird_eye,0,0,False,0.0,no_alert,9130222823406097446,3857,1791358048587045893,5.618045893,True
1791358048599879032,,1568,bird_eye,0,0,False,0.0,no_alert,9130222823406097446,3858,1791358048623152725,5.654152725,True
1791358048633373337,,1569,bird_eye,0,0,False,0.0,no_alert,9130222823406097446,3860,1791358048653424772,5.684424772,True
1791358048667662491,,1570,bird_eye,0,0,False,0.0,no_alert,9130222823406097446,3862,1791358048690221845,5.721221845,True
1791358048706941790,,1571,bird_eye,0,0,False,0.0,no_alert,9130222823406097446,3864,1791358048730052933,5.761052933,True
1791358048735646245,,1572,bird_eye,0,0,False,0.0,no_alert,9130222823406097446,3865,1791358048756313036,5.787313036,True
1791358048768874384,,1573,bird_eye,0,0,False,0.0,no_alert,9130222823406097446,3867,1791358048790975567,5.821975567,True
1791358048802017968,,1574,bird_eye,0,0,False,0.0,no_alert,9130222823406097446,3868,1791358048826670406,5.857670406,True
1791358048833451084,,1575,bird_eye,0,0,False,0.0,no_alert,9130222823406097446,3870,1791358048854984185,5.885984185,True
1791358048867028283,,1576,bird_eye,0,0,False,0.0,no_alert,9130222823406097446,3872,1791358048887854101,5.918854101,True
1791358048901526376,,1577,bird_eye,0,0,False,0.0,no_alert,9130222823406097446,3873,1791358048927316272,5.958316272,True
1791358048935916658,,1578,bird_eye,0,0,False,0.0,no_alert,9130222823406097446,3875,1791358048959817311,5.990817311,True
1791358048972597447,,1579,bird_eye,0,0,False,0.0,no_alert,9130222823406097446,3877,1791358048994226817,6.025226817,True
1791358049009779539,,1580,bird_eye,0,0,False,0.0,no_alert,9130222823406097446,3879,1791358049036109940,6.06710994,True
1791358049037266554,,1581,bird_eye,0,0,False,0.0,no_alert,9130222823406097446,3880,1791358049060524331,6.091524331,True
1791358049066823559,,1582,bird_eye,0,0,False,0.0,no_alert,9130222823406097446,3882,1791358049086954051,6.117954051,True
1791358049100175382,,1583,bird_eye,0,0,False,0.0,no_alert,9130222823406097446,3883,1791358049125478992,6.156478992,True
1791358049133345854,,1584,bird_eye,0,0,False,0.0,no_alert,9130222823406097446,3885,1791358049154877524,6.185877524,True
1791358049166833625,,1585,bird_eye,0,0,False,0.0,no_alert,9130222823406097446,3886,1791358049192383419,6.223383419,True
1791358049200801150,,1586,bird_eye,0,0,False,0.0,no_alert,9130222823406097446,3888,1791358049224808361,6.255808361,True
1791358049235409314,,1587,bird_eye,0,0,False,0.0,no_alert,9130222823406097446,3890,1791358049255917715,6.286917715,True
1791358049266603269,,1588,bird_eye,0,0,False,0.0,no_alert,9130222823406097446,3892,1791358049289748455,6.320748455,True
1791358049300787580,,1589,bird_eye,0,0,False,0.0,no_alert,9130222823406097446,3893,1791358049325720746,6.356720746,True
1791358049333580023,,1590,bird_eye,0,0,False,0.0,no_alert,9130222823406097446,3895,1791358049359746933,6.390746933,True
1791358049366914962,,1591,bird_eye,0,0,False,0.0,no_alert,9130222823406097446,3896,1791358049387923450,6.41892345,True
1791358049402682517,,1592,bird_eye,0,0,False,0.0,no_alert,9130222823406097446,3898,1791358049423298468,6.454298468,True
1791358049433804218,,1593,bird_eye,0,0,False,0.0,no_alert,9130222823406097446,3900,1791358049455321256,6.486321256,True
1791358049470347924,,1594,bird_eye,0,0,False,0.0,no_alert,9130222823406097446,3902,1791358049492902644,6.523902644,True
1791358049499768270,,1595,bird_eye,0,0,False,0.0,no_alert,9130222823406097446,3903,1791358049520249040,6.55124904,True
1791358049533296940,,1596,bird_eye,0,0,False,0.0,no_alert,9130222823406097446,3905,1791358049554449009,6.585449009,True
1791358049566767387,,1597,bird_eye,0,0,False,0.0,no_alert,9130222823406097446,3906,1791358049591907252,6.622907252,True
1791358049600396760,,1598,bird_eye,0,0,False,0.0,no_alert,9130222823406097446,3908,1791358049620676856,6.651676856,True
1791358049633791049,,1599,bird_eye,0,0,False,0.0,no_alert,9130222823406097446,3910,1791358049655950082,6.686950082,True
1791358049667180695,,1600,bird_eye,0,0,False,0.0,no_alert,9130222823406097446,3912,1791358049687328569,6.718328569,True
1791358049700053646,,1601,bird_eye,0,0,False,0.0,no_alert,9130222823406097446,3913,1791358049721755237,6.752755237,True
1791358049733364405,,1602,bird_eye,0,0,False,0.0,no_alert,9130222823406097446,3915,1791358049754101414,6.785101414,True
1791358049766828213,,1603,bird_eye,0,0,False,0.0,no_alert,9130222823406097446,3917,1791358049788057105,6.819057105,True
1791358049799791112,,1604,bird_eye,0,0,False,0.0,no_alert,9130222823406097446,3918,1791358049819619719,6.850619719,True
1791358049834123127,,1605,bird_eye,0,0,False,0.0,no_alert,9130222823406097446,3920,1791358049860244853,6.891244853,True
1791358049866786824,,1606,bird_eye,0,0,False,0.0,no_alert,9130222823406097446,3922,1791358049887940329,6.918940329,True
1791358049899714990,,1607,bird_eye,0,0,False,0.0,no_alert,9130222823406097446,3923,1791358049919663375,6.950663375,True
1791358049932974444,,1608,bird_eye,0,0,False,0.0,no_alert,9130222823406097446,3925,1791358049955811962,6.986811962,True
1791358049966787208,,1609,bird_eye,0,0,False,0.0,no_alert,9130222823406097446,3927,1791358049988553424,7.019553424,True
1791358050001705146,,1610,bird_eye,0,0,False,0.0,no_alert,9130222823406097446,3928,1791358050022733688,7.053733688,True
1791358050033839397,,1611,bird_eye,0,0,False,0.0,no_alert,9130222823406097446,3930,1791358050054096784,7.085096784,True
1791358050066751399,,1612,bird_eye,0,0,False,0.0,no_alert,9130222823406097446,3931,1791358050087076028,7.118076028,True
1791358050099666024,,1613,bird_eye,0,0,False,0.0,no_alert,9130222823406097446,3933,1791358050119897734,7.150897734,True
1791358050133692995,,1614,bird_eye,0,0,False,0.0,no_alert,9130222823406097446,3935,1791358050155061517,7.186061517,True
1791358050168235594,,1615,bird_eye,0,0,False,0.0,no_alert,9130222823406097446,3937,1791358050190063261,7.221063261,True
1791358050204038459,,1616,bird_eye,0,0,False,0.0,no_alert,9130222823406097446,3939,1791358050226051047,7.257051047,True
1791358050233377154,,1617,bird_eye,0,0,False,0.0,no_alert,9130222823406097446,3940,1791358050258738898,7.289738898,True
1791358050266631447,,1618,bird_eye,0,0,False,0.0,no_alert,9130222823406097446,3942,1791358050286968831,7.317968831,True
1791358050300175481,,1619,bird_eye,0,0,False,0.0,no_alert,9130222823406097446,3943,1791358050321030072,7.352030072,True
1791358050333810591,,1620,bird_eye,0,0,False,0.0,no_alert,9130222823406097446,3945,1791358050353989555,7.384989555,True
1791358050367005181,,1621,bird_eye,0,0,False,0.0,no_alert,9130222823406097446,3947,1791358050387725694,7.418725694,True
1791358050403229366,,1622,bird_eye,0,0,False,0.0,no_alert,9130222823406097446,3948,1791358050424609701,7.455609701,True
1791358050435456049,,1623,bird_eye,0,0,False,0.0,no_alert,9130222823406097446,3950,1791358050455862242,7.486862242,True
1791358050467265959,,1624,bird_eye,0,0,False,0.0,no_alert,9130222823406097446,3952,1791358050490101298,7.521101298,True
1791358050502361316,,1625,bird_eye,0,0,False,0.0,no_alert,9130222823406097446,3953,1791358050522666341,7.553666341,True
1791358050536185557,,1626,bird_eye,0,0,False,0.0,no_alert,9130222823406097446,3955,1791358050556622330,7.58762233,True
1791358050568915767,,1627,bird_eye,0,0,False,0.0,no_alert,9130222823406097446,3957,1791358050589150904,7.620150904,True
1791358050603552564,,1628,bird_eye,0,0,False,0.0,no_alert,9130222823406097446,3958,1791358050624086002,7.655086002,True
1791358050635309346,,1629,bird_eye,0,0,False,0.0,no_alert,9130222823406097446,3960,1791358050655689035,7.686689035,True
1791358050669622777,,1630,bird_eye,0,0,False,0.0,no_alert,9130222823406097446,3962,1791358050690192196,7.721192196,True
1791358050703481902,,1631,bird_eye,0,0,False,0.0,no_alert,9130222823406097446,3963,1791358050724775283,7.755775283,True
1791358050738093743,,1632,bird_eye,0,0,False,0.0,no_alert,9130222823406097446,3965,1791358050758657299,7.789657299,True
1791358050766615750,,1633,bird_eye,0,0,False,0.0,no_alert,9130222823406097446,3967,1791358050787746238,7.818746238,True
1791358050807802504,,1634,bird_eye,0,0,False,0.0,no_alert,9130222823406097446,3969,1791358050827684546,7.858684546,True
1791358050835475372,,1635,bird_eye,0,0,False,0.0,no_alert,9130222823406097446,3970,1791358050855631625,7.886631625,True
1791358050866710802,,1636,bird_eye,0,0,False,0.0,no_alert,9130222823406097446,3972,1791358050887424422,7.918424422,True
1791358050900179560,,1637,bird_eye,0,0,False,0.0,no_alert,9130222823406097446,3973,1791358050923960762,7.954960762,True
1791358050933194669,,1638,bird_eye,0,0,False,0.0,no_alert,9130222823406097446,3975,1791358050953522784,7.984522784,True
1791358050967494102,,1639,bird_eye,0,0,False,0.0,no_alert,9130222823406097446,3977,1791358050987616280,8.01861628,True
1791358051000017220,,1640,bird_eye,0,0,False,0.0,no_alert,9130222823406097446,3978,1791358051026261638,8.057261638,True
1791358051034531486,,1641,bird_eye,0,0,False,0.0,no_alert,9130222823406097446,3980,1791358051057022446,8.088022446,True
1791358051068325124,,1642,bird_eye,0,0,False,0.0,no_alert,9130222823406097446,3982,1791358051094547655,8.125547655,True
1791358051100575028,,1643,bird_eye,0,0,False,0.0,no_alert,9130222823406097446,3983,1791358051120707761,8.151707761,True
1791358051133769047,,1644,bird_eye,0,0,False,0.0,no_alert,9130222823406097446,3985,1791358051155537658,8.186537658,True
1791358051166701076,,1645,bird_eye,0,0,False,0.0,no_alert,9130222823406097446,3987,1791358051188364462,8.219364462,True
1791358051202946540,,1646,bird_eye,0,0,False,0.0,no_alert,9130222823406097446,3988,1791358051223841222,8.254841222,True
1791358051234708366,,1647,bird_eye,0,0,False,0.0,no_alert,9130222823406097446,3990,1791358051255308077,8.286308077,True
1791358051267446407,,1648,bird_eye,0,0,False,0.0,no_alert,9130222823406097446,3992,1791358051288865980,8.31986598,True
1791358051302004733,,1649,bird_eye,0,0,False,0.0,no_alert,9130222823406097446,3993,1791358051322023371,8.353023371,True
1791358051333713601,,1650,bird_eye,0,0,False,0.0,no_alert,9130222823406097446,3995,1791358051355112908,8.386112908,True
1791358051366750057,,1651,bird_eye,0,0,False,0.0,no_alert,9130222823406097446,3997,1791358051387274348,8.418274348,True
1791358051406758927,,1652,bird_eye,0,0,False,0.0,no_alert,9130222823406097446,3999,1791358051427025762,8.458025762,True
1791358051437453049,,1653,bird_eye,0,0,False,0.0,no_alert,9130222823406097446,4000,1791358051458109594,8.489109594,True
1791358051474516771,,1654,bird_eye,0,0,False,0.0,no_alert,9130222823406097446,4002,1791358051497665421,8.528665421,True
1791358051505004900,,1655,bird_eye,0,0,False,0.0,no_alert,9130222823406097446,4003,1791358051530230086,8.561230086,True
1791358051539398067,,1656,bird_eye,0,0,False,0.0,no_alert,9130222823406097446,4005,1791358051559975754,8.590975754,True
1791358051569248685,,1657,bird_eye,0,0,False,0.0,no_alert,9130222823406097446,4007,1791358051589534422,8.620534422,True
1791358051604774980,,1658,bird_eye,0,0,False,0.0,no_alert,9130222823406097446,4008,1791358051640495457,8.671495457,True
1791358051633897274,,1659,bird_eye,0,0,False,0.0,no_alert,9130222823406097446,4010,1791358051655051552,8.686051552,True
1791358051669281281,,1660,bird_eye,0,0,False,0.0,no_alert,9130222823406097446,4012,1791358051689474919,8.720474919,True
1791358051701187724,,1661,bird_eye,0,0,False,0.0,no_alert,9130222823406097446,4013,1791358051720962700,8.7519627,True
1791358051741606130,,1662,bird_eye,0,0,False,0.0,no_alert,9130222823406097446,4015,1791358051762453008,8.793453008,True
1791358051772715560,,1663,bird_eye,0,0,False,0.0,no_alert,9130222823406097446,4017,1791358051792703242,8.823703242,True
1791358051805832830,,1664,bird_eye,0,0,False,0.0,no_alert,9130222823406097446,4019,1791358051826891179,8.857891179,True
1791358051833873010,,1665,bird_eye,0,0,False,0.0,no_alert,9130222823406097446,4020,1791358051855077280,8.88607728,True
1791358051866759672,,1666,bird_eye,0,0,False,0.0,no_alert,9130222823406097446,4022,1791358051887906664,8.918906664,True
1791358051900416856,,1667,bird_eye,0,0,False,0.0,no_alert,9130222823406097446,4023,1791358051921991778,8.952991778,True
1791358051933667572,,1668,bird_eye,0,0,False,0.0,no_alert,9130222823406097446,4025,1791358051957927240,8.98892724,True
1791358051970634067,,1669,bird_eye,0,0,False,0.0,no_alert,9130222823406097446,4027,1791358051991120406,9.022120406,True
1791358052006722083,,1670,bird_eye,0,0,False,0.0,no_alert,9130222823406097446,4029,1791358052028291999,9.059291999,True
1791358052035345721,,1671,bird_eye,0,0,False,0.0,no_alert,9130222823406097446,4030,1791358052057217585,9.088217585,True
1791358052066569342,,1672,bird_eye,0,0,False,0.0,no_alert,9130222823406097446,4032,1791358052087651703,9.118651703,True
1791358052101123545,,1673,bird_eye,0,0,False,0.0,no_alert,9130222823406097446,4033,1791358052123029369,9.154029369,True
1791358052133537754,,1674,bird_eye,0,0,False,0.0,no_alert,9130222823406097446,4035,1791358052154190735,9.185190735,True
1791358052168547232,,1675,bird_eye,0,0,False,0.0,no_alert,9130222823406097446,4037,1791358052190188446,9.221188446,True
1791358052200549954,,1676,bird_eye,0,0,False,0.0,no_alert,9130222823406097446,4038,1791358052223874025,9.254874025,True
1791358052233581758,,1677,bird_eye,0,0,False,0.0,no_alert,9130222823406097446,4040,1791358052255017990,9.28601799,True
1791358052266789840,,1678,bird_eye,0,0,False,0.0,no_alert,9130222823406097446,4042,1791358052287290682,9.318290682,True
1791358052302878025,,1679,bird_eye,0,0,False,0.0,no_alert,9130222823406097446,4043,1791358052324822089,9.355822089,True
1791358052333312291,,1680,bird_eye,0,0,False,0.0,no_alert,9130222823406097446,4045,1791358052357675209,9.388675209,True
1791358052387134722,,1681,bird_eye,0,0,False,0.0,no_alert,9130222823406097446,4048,1791358052408353093,9.439353093,True
1791358052428965147,,1682,bird_eye,0,0,False,0.0,no_alert,9130222823406097446,4050,1791358052449923686,9.480923686,True
1791358052457779289,,1683,bird_eye,0,0,False,0.0,no_alert,9130222823406097446,4051,1791358052480230365,9.511230365,True
1791358052489132085,,1684,bird_eye,1,0,False,0.0,no_alert,9130222823406097446,4053,1791358052511449289,9.542449289,True
1791358052516947661,,1685,bird_eye,1,0,False,0.0,no_alert,9130222823406097446,4054,1791358052544678123,9.575678123,True
1791358052544447680,,1686,bird_eye,2,1,True,0.25,ttc_warning:cadence_triple,9130222823406097446,4055,1791358052567519214,9.598519214,True
1791358052575073688,,1687,bird_eye,2,1,True,0.25,ttc_warning:cadence_triple,9130222823406097446,4057,1791358052597419392,9.628419392,True
1791358052602665485,,1688,bird_eye,2,1,True,0.25,ttc_warning:cadence_triple,9130222823406097446,4058,1791358052624642566,9.655642566,True
1791358052634424077,,1689,bird_eye,2,1,True,0.25,ttc_warning:cadence_triple,9130222823406097446,4060,1791358052654710422,9.685710422,True
1791358052671423565,,1690,bird_eye,0,0,False,0.0,cadence_gap:triple,9130222823406097446,4062,1791358052691551779,9.722551779,True
1791358052704150637,,1691,bird_eye,0,0,False,0.0,cadence_gap:triple,9130222823406097446,4064,1791358052724966513,9.755966513,True
1791358052735451870,,1692,bird_eye,3,2,True,0.25,finite_warning_hold:cadence_triple,9130222823406097446,4065,1791358052757002846,9.788002846,True
1791358052767432198,,1693,bird_eye,3,2,True,0.25,finite_warning_hold:cadence_triple,9130222823406097446,4067,1791358052795666883,9.826666883,True
1791358052800931060,,1694,bird_eye,3,2,True,0.25,finite_warning_hold:cadence_triple,9130222823406097446,4068,1791358052821460429,9.852460429,True
1791358052834235225,,1695,bird_eye,0,0,False,0.0,cadence_gap:triple,9130222823406097446,4070,1791358052855867387,9.886867387,True
1791358052867634357,,1696,bird_eye,0,0,False,0.0,cadence_gap:triple,9130222823406097446,4072,1791358052889468476,9.920468476,True
1791358052900866368,,1697,bird_eye,3,2,True,0.25,finite_warning_hold:cadence_triple,9130222823406097446,4073,1791358052921249788,9.952249788,True
1791358052934011810,,1698,bird_eye,3,2,True,0.25,finite_warning_hold:cadence_triple,9130222823406097446,4075,1791358052954688713,9.985688713,True
1791358052966931618,,1699,bird_eye,3,2,True,0.25,finite_warning_hold:cadence_triple,9130222823406097446,4077,1791358052987474653,10.018474653,True
1791358053000556713,,1700,bird_eye,0,0,False,0.0,cadence_gap:triple,9130222823406097446,4078,1791358053020644854,10.051644854,True
1791358053033793254,,1701,bird_eye,0,0,False,0.0,cadence_gap:triple,9130222823406097446,4080,1791358053057630575,10.088630575,True
1791358053068070974,,1702,bird_eye,0,0,False,0.0,cadence_complete,9130222823406097446,4082,1791358053088564444,10.119564444,True
1791358053100813435,,1703,bird_eye,0,0,False,0.0,cadence_complete,9130222823406097446,4083,1791358053122314475,10.153314475,True
1791358053133918696,,1704,bird_eye,0,0,False,0.0,cadence_complete,9130222823406097446,4085,1791358053154782915,10.185782915,True
1791358053167227365,,1705,bird_eye,0,0,False,0.0,cadence_complete,9130222823406097446,4087,1791358053189123411,10.220123411,True
1791358053201826853,,1706,bird_eye,0,0,False,0.0,cadence_complete,9130222823406097446,4088,1791358053222512136,10.253512136,True
1791358053275276966,,1707,bird_eye,0,0,False,0.0,cadence_complete,9130222823406097446,4092,1791358053295444605,10.326444605,True
1791358053343440161,,1708,bird_eye,0,0,False,0.0,cadence_complete,9130222823406097446,4095,1791358053364947626,10.395947626,True
1791358053368190951,,1709,bird_eye,0,0,False,0.0,cadence_complete,9130222823406097446,4097,1791358053389550516,10.420550516,True
1791358053401684310,,1710,bird_eye,0,0,False,0.0,cadence_complete,9130222823406097446,4098,1791358053423660072,10.454660072,True
1791358053434848845,,1711,bird_eye,0,0,False,0.0,cadence_complete,9130222823406097446,4100,1791358053455379206,10.486379206,True
1791358053467654968,,1712,bird_eye,0,0,False,0.0,cadence_complete,9130222823406097446,4102,1791358053489943364,10.520943364,True
1791358053500212620,,1713,bird_eye,5,3,True,0.15000000596046448,invalid_or_unknown_perception:cadence_single,9130222823406097446,4103,1791358053521598307,10.552598307,True
1791358053534211086,,1714,bird_eye,5,3,True,0.15000000596046448,invalid_or_unknown_perception:cadence_single,9130222823406097446,4105,1791358053554814289,10.585814289,True
1791358053567081075,,1715,bird_eye,5,3,True,0.15000000596046448,invalid_or_unknown_perception:cadence_single,9130222823406097446,4106,1791358053587718706,10.618718706,True
1791358053600423006,,1716,bird_eye,0,0,False,0.0,unknown_pulse_complete,9130222823406097446,4108,1791358053621050304,10.652050304,True
1791358053635687848,,1717,bird_eye,0,0,False,0.0,unknown_pulse_complete,9130222823406097446,4110,1791358053657019877,10.688019877,True
1791358053667217450,,1718,bird_eye,0,0,False,0.0,unknown_pulse_complete,9130222823406097446,4111,1791358053688796056,10.719796056,True
1791358053701459044,,1719,bird_eye,0,0,False,0.0,unknown_pulse_complete,9130222823406097446,4113,1791358053721525268,10.752525268,True
1791358053734926661,,1720,bird_eye,0,0,False,0.0,unknown_pulse_complete,9130222823406097446,4115,1791358053755396653,10.786396653,True
1791358053766797060,,1721,bird_eye,0,0,False,0.0,unknown_pulse_complete,9130222823406097446,4116,1791358053790382186,10.821382186,True
1791358053800618498,,1722,bird_eye,0,0,False,0.0,unknown_pulse_complete,9130222823406097446,4118,1791358053821937956,10.852937956,True
1791358053833835098,,1723,bird_eye,0,0,False,0.0,unknown_pulse_complete,9130222823406097446,4120,1791358053860581295,10.891581295,True
1791358053867239130,,1724,bird_eye,0,0,False,0.0,unknown_pulse_complete,9130222823406097446,4122,1791358053892906188,10.923906188,True
1791358053900484376,,1725,bird_eye,0,0,False,0.0,unknown_pulse_complete,9130222823406097446,4123,1791358053921262588,10.952262588,True
1791358053933855561,,1726,bird_eye,0,0,False,0.0,unknown_pulse_complete,9130222823406097446,4125,1791358053955376753,10.986376753,True
1791358053966803128,,1727,bird_eye,0,0,False,0.0,unknown_pulse_complete,9130222823406097446,4127,1791358053987645244,11.018645244,True
1791358054000390885,,1728,bird_eye,0,0,False,0.0,unknown_pulse_complete,9130222823406097446,4128,1791358054020399539,11.051399539,True
1791358054033964711,,1729,bird_eye,0,0,False,0.0,unknown_pulse_complete,9130222823406097446,4130,1791358054056166810,11.08716681,True
1791358054067041707,,1730,bird_eye,0,0,False,0.0,unknown_pulse_complete,9130222823406097446,4132,1791358054088598789,11.119598789,True
1791358054100736132,,1731,bird_eye,0,0,False,0.0,unknown_pulse_complete,9130222823406097446,4133,1791358054121367506,11.152367506,True
1791358054134373468,,1732,bird_eye,0,0,False,0.0,unknown_pulse_complete,9130222823406097446,4135,1791358054155456839,11.186456839,True
1791358054167208903,,1733,bird_eye,0,0,False,0.0,unknown_pulse_complete,9130222823406097446,4137,1791358054187756611,11.218756611,True
1791358054201137941,,1734,bird_eye,0,0,False,0.0,unknown_pulse_complete,9130222823406097446,4138,1791358054222803429,11.253803429,True
1791358054233758582,,1735,bird_eye,0,0,False,0.0,unknown_pulse_complete,9130222823406097446,4140,1791358054255901399,11.286901399,True
1791358054268177598,,1736,bird_eye,0,0,False,0.0,unknown_pulse_complete,9130222823406097446,4142,1791358054289409075,11.320409075,True
1791358054301077546,,1737,bird_eye,0,0,False,0.0,unknown_pulse_complete,9130222823406097446,4143,1791358054321108372,11.352108372,True
1791358054335307438,,1738,bird_eye,0,0,False,0.0,unknown_pulse_complete,9130222823406097446,4145,1791358054362078446,11.393078446,True
1791358054368017226,,1739,bird_eye,0,0,False,0.0,unknown_pulse_complete,9130222823406097446,4147,1791358054388402215,11.419402215,True
1791358054435074432,,1741,bird_eye,0,0,False,0.0,unknown_pulse_complete,9130222823406097446,4150,1791358054457075016,11.488075016,True
1791358054468457469,,1742,bird_eye,0,0,False,0.0,unknown_pulse_complete,9130222823406097446,4151,1791358054489042625,11.520042625,True
1791358054501073963,,1743,bird_eye,0,0,False,0.0,unknown_pulse_complete,9130222823406097446,4153,1791358054521718822,11.552718822,True
1791358054534181865,,1744,bird_eye,0,0,False,0.0,unknown_pulse_complete,9130222823406097446,4155,1791358054555295613,11.586295613,True
1791358054568199261,,1745,bird_eye,0,0,False,0.0,unknown_pulse_complete,9130222823406097446,4157,1791358054593075834,11.624075834,True
1791358054601050563,,1746,bird_eye,0,0,False,0.0,unknown_pulse_complete,9130222823406097446,4158,1791358054621092826,11.652092826,True
1791358054634236762,,1747,bird_eye,0,0,False,0.0,unknown_pulse_complete,9130222823406097446,4160,1791358054657406563,11.688406563,True
1791358054668654557,,1748,bird_eye,0,0,False,0.0,unknown_pulse_complete,9130222823406097446,4162,1791358054689328114,11.720328114,True
1791358054701093046,,1749,bird_eye,0,0,False,0.0,unknown_pulse_complete,9130222823406097446,4163,1791358054723422910,11.75442291,True
1791358054735313672,,1750,bird_eye,0,0,False,0.0,unknown_pulse_complete,9130222823406097446,4165,1791358054755332272,11.786332272,True
1791358054768013183,,1751,bird_eye,0,0,False,0.0,unknown_pulse_complete,9130222823406097446,4167,1791358054789321240,11.82032124,True
1791358054802620811,,1752,bird_eye,0,0,False,0.0,unknown_pulse_complete,9130222823406097446,4168,1791358054823467035,11.854467035,True
1791358054835109367,,1753,bird_eye,0,0,False,0.0,unknown_pulse_complete,9130222823406097446,4170,1791358054856847080,11.88784708,True
1791358054868169687,,1754,bird_eye,0,0,False,0.0,unknown_pulse_complete,9130222823406097446,4172,1791358054888865843,11.919865843,True
1791358054902070797,,1755,bird_eye,0,0,False,0.0,unknown_pulse_complete,9130222823406097446,4173,1791358054922468703,11.953468703,True
1791358054935620625,,1756,bird_eye,0,0,False,0.0,unknown_pulse_complete,9130222823406097446,4175,1791358054957986782,11.988986782,True
1791358054968790742,,1757,bird_eye,0,0,False,0.0,unknown_pulse_complete,9130222823406097446,4177,1791358054989834699,12.020834699,True
1791358055001784662,,1758,bird_eye,0,0,False,0.0,unknown_pulse_complete,9130222823406097446,4178,1791358055022977857,12.053977857,True
1791358055035162282,,1759,bird_eye,0,0,False,0.0,unknown_pulse_complete,9130222823406097446,4180,1791358055058109639,12.089109639,True
1791358055069056515,,1760,bird_eye,0,0,False,0.0,unknown_pulse_complete,9130222823406097446,4182,1791358055091269387,12.122269387,True
1791358055102580868,,1761,bird_eye,0,0,False,0.0,unknown_pulse_complete,9130222823406097446,4183,1791358055125105589,12.156105589,True
1791358055136567198,,1762,bird_eye,0,0,False,0.0,unknown_pulse_complete,9130222823406097446,4185,1791358055160318463,12.191318463,True
1791358055168045054,,1763,bird_eye,0,0,False,0.0,unknown_pulse_complete,9130222823406097446,4187,1791358055188782247,12.219782247,True
1791358055202262067,,1764,bird_eye,0,0,False,0.0,unknown_pulse_complete,9130222823406097446,4188,1791358055227508778,12.258508778,True
1791358055235892393,,1765,bird_eye,0,0,False,0.0,unknown_pulse_complete,9130222823406097446,4190,1791358055257561951,12.288561951,True
1791358055268564400,,1766,bird_eye,0,0,False,0.0,unknown_pulse_complete,9130222823406097446,4192,1791358055289474855,12.320474855,True
1791358055303570138,,1767,bird_eye,0,0,False,0.0,unknown_pulse_complete,9130222823406097446,4193,1791358055327664034,12.358664034,True
1791358055334950759,,1768,bird_eye,0,0,False,0.0,unknown_pulse_complete,9130222823406097446,4195,1791358055355682807,12.386682807,True
1791358055369083891,,1769,bird_eye,0,0,False,0.0,unknown_pulse_complete,9130222823406097446,4197,1791358055389985631,12.420985631,True
1791358055401502868,,1770,bird_eye,0,0,False,0.0,unknown_pulse_complete,9130222823406097446,4198,1791358055429379882,12.460379882,True
1791358055434979373,,1771,bird_eye,0,0,False,0.0,unknown_pulse_complete,9130222823406097446,4200,1791358055455285686,12.486285686,True
1791358055468306755,,1772,bird_eye,0,0,False,0.0,unknown_pulse_complete,9130222823406097446,4202,1791358055489101896,12.520101896,True
1791358055502114142,,1773,bird_eye,0,0,False,0.0,unknown_pulse_complete,9130222823406097446,4203,1791358055524700931,12.555700931,True
1791358055535411803,,1774,bird_eye,0,0,False,0.0,unknown_pulse_complete,9130222823406097446,4205,1791358055555966208,12.586966208,True
1791358055568379509,,1775,bird_eye,0,0,False,0.0,unknown_pulse_complete,9130222823406097446,4207,1791358055589296078,12.620296078,True
1791358055602150157,,1776,bird_eye,0,0,False,0.0,unknown_pulse_complete,9130222823406097446,4208,1791358055623355104,12.654355104,True
1791358055634660835,,1777,bird_eye,0,0,False,0.0,unknown_pulse_complete,9130222823406097446,4210,1791358055656141940,12.68714194,True
1791358055668723868,,1778,bird_eye,0,0,False,0.0,unknown_pulse_complete,9130222823406097446,4212,1791358055690634963,12.721634963,True
1791358055702419313,,1779,bird_eye,0,0,False,0.0,unknown_pulse_complete,9130222823406097446,4213,1791358055724093392,12.755093392,True
1791358055735850755,,1780,bird_eye,0,0,False,0.0,unknown_pulse_complete,9130222823406097446,4215,1791358055759415682,12.790415682,True
1791358055769279213,,1781,bird_eye,0,0,False,0.0,unknown_pulse_complete,9130222823406097446,4217,1791358055790021750,12.82102175,True
1791358055802707592,,1782,bird_eye,0,0,False,0.0,unknown_pulse_complete,9130222823406097446,4218,1791358055823807938,12.854807938,True
1791358055836214338,,1783,bird_eye,0,0,False,0.0,unknown_pulse_complete,9130222823406097446,4220,1791358055857067938,12.888067938,True
1791358055869479895,,1784,bird_eye,0,0,False,0.0,unknown_pulse_complete,9130222823406097446,4222,1791358055892094074,12.923094074,True
1791358055948206463,,1785,bird_eye,0,0,False,0.0,unknown_pulse_complete,9130222823406097446,4226,1791358055968765751,12.999765751,True
1791358056009746944,,1786,bird_eye,0,0,False,0.0,unknown_pulse_complete,9130222823406097446,4229,1791358056030162284,13.061162284,True
1791358056036021860,,1787,bird_eye,0,0,False,0.0,unknown_pulse_complete,9130222823406097446,4230,1791358056056851829,13.087851829,True
1791358056067692552,,1788,bird_eye,0,0,False,0.0,unknown_pulse_complete,9130222823406097446,4232,1791358056088136832,13.119136832,True
1791358056101231602,,1789,bird_eye,0,0,False,0.0,unknown_pulse_complete,9130222823406097446,4233,1791358056121812889,13.152812889,True
1791358056135661850,,1790,bird_eye,0,0,False,0.0,unknown_pulse_complete,9130222823406097446,4235,1791358056159921912,13.190921912,True
1791358056167867513,,1791,bird_eye,0,0,False,0.0,unknown_pulse_complete,9130222823406097446,4236,1791358056188541094,13.219541094,True
1791358056201119414,,1792,bird_eye,0,0,False,0.0,unknown_pulse_complete,9130222823406097446,4238,1791358056221744875,13.252744875,True
1791358056234623097,,1793,bird_eye,0,0,False,0.0,unknown_pulse_complete,9130222823406097446,4240,1791358056255533151,13.286533151,True
1791358056270224575,,1794,bird_eye,0,0,False,0.0,unknown_pulse_complete,9130222823406097446,4242,1791358056291945988,13.322945988,True
1791358056301196553,,1795,bird_eye,0,0,False,0.0,unknown_pulse_complete,9130222823406097446,4243,1791358056322237201,13.353237201,True
1791358056334926677,,1796,bird_eye,0,0,False,0.0,unknown_pulse_complete,9130222823406097446,4245,1791358056356223605,13.387223605,True
1791358056368812730,,1797,bird_eye,0,0,False,0.0,unknown_pulse_complete,9130222823406097446,4247,1791358056390278270,13.42127827,True
1791358056401472712,,1798,bird_eye,0,0,False,0.0,unknown_pulse_complete,9130222823406097446,4248,1791358056424776059,13.455776059,True
1791358056435277526,,1799,bird_eye,0,0,False,0.0,unknown_pulse_complete,9130222823406097446,4250,1791358056456336231,13.487336231,True
1791358056467973722,,1800,bird_eye,0,0,False,0.0,unknown_pulse_complete,9130222823406097446,4252,1791358056488265529,13.519265529,True
1791358056501505128,,1801,bird_eye,0,0,False,0.0,unknown_pulse_complete,9130222823406097446,4253,1791358056522087592,13.553087592,True
1791358056534663566,,1802,bird_eye,0,0,False,0.0,unknown_pulse_complete,9130222823406097446,4255,1791358056557299182,13.588299182,True
1791358056609281998,,1803,bird_eye,0,0,False,0.0,unknown_pulse_complete,9130222823406097446,4259,1791358056630137933,13.661137933,True
1791358056677086319,,1804,bird_eye,0,0,False,0.0,unknown_pulse_complete,9130222823406097446,4262,1791358056697834562,13.728834562,True
1791358056703595765,,1805,bird_eye,0,0,False,0.0,unknown_pulse_complete,9130222823406097446,4263,1791358056725065516,13.756065516,True
1791358056737899346,,1806,bird_eye,0,0,False,0.0,unknown_pulse_complete,9130222823406097446,4265,1791358056760728381,13.791728381,True
1791358056771685346,,1807,bird_eye,0,0,False,0.0,unknown_pulse_complete,9130222823406097446,4267,1791358056792266467,13.823266467,True
1791358056803673531,,1808,bird_eye,0,0,False,0.0,unknown_pulse_complete,9130222823406097446,4268,1791358056826568239,13.857568239,True
1791358056835445270,,1809,bird_eye,0,0,False,0.0,unknown_pulse_complete,9130222823406097446,4270,1791358056856537311,13.887537311,True
1791358056869313430,,1810,bird_eye,0,0,False,0.0,unknown_pulse_complete,9130222823406097446,4272,1791358056889705326,13.920705326,True
1791358056901673015,,1811,bird_eye,0,0,False,0.0,unknown_pulse_complete,9130222823406097446,4273,1791358056922687149,13.953687149,True
1791358056935355423,,1812,bird_eye,0,0,False,0.0,unknown_pulse_complete,9130222823406097446,4275,1791358056955989538,13.986989538,True
1791358056968304196,,1813,bird_eye,0,0,False,0.0,unknown_pulse_complete,9130222823406097446,4277,1791358056988950969,14.019950969,True
1791358057001188786,,1814,bird_eye,0,0,False,0.0,unknown_pulse_complete,9130222823406097446,4278,1791358057021408540,14.05240854,True
1791358057034644530,,1815,bird_eye,0,0,False,0.0,unknown_pulse_complete,9130222823406097446,4280,1791358057055410697,14.086410697,True
1791358057067911004,,1816,bird_eye,0,0,False,0.0,unknown_pulse_complete,9130222823406097446,4282,1791358057089050344,14.120050344,True
1791358057101314215,,1817,bird_eye,0,0,False,0.0,unknown_pulse_complete,9130222823406097446,4283,1791358057123068327,14.154068327,True
1791358057135040886,,1818,bird_eye,0,0,False,0.0,unknown_pulse_complete,9130222823406097446,4285,1791358057160218556,14.191218556,True
1791358057168364895,,1819,bird_eye,0,0,False,0.0,unknown_pulse_complete,9130222823406097446,4287,1791358057188718428,14.219718428,True
1791358057201685465,,1820,bird_eye,0,0,False,0.0,unknown_pulse_complete,9130222823406097446,4288,1791358057227536063,14.258536063,True
1791358057237309029,,1821,bird_eye,0,0,False,0.0,unknown_pulse_complete,9130222823406097446,4290,1791358057261929081,14.292929081,True
1791358057268328959,,1822,bird_eye,0,0,False,0.0,unknown_pulse_complete,9130222823406097446,4292,1791358057288913281,14.319913281,True
1791358057301458629,,1823,bird_eye,0,0,False,0.0,unknown_pulse_complete,9130222823406097446,4293,1791358057322603758,14.353603758,True
1791358057335532449,,1824,bird_eye,0,0,False,0.0,unknown_pulse_complete,9130222823406097446,4295,1791358057357077085,14.388077085,True
1791358057368435024,,1825,bird_eye,0,0,False,0.0,unknown_pulse_complete,9130222823406097446,4297,1791358057390435550,14.42143555,True
1791358057401509750,,1826,bird_eye,0,0,False,0.0,unknown_pulse_complete,9130222823406097446,4298,1791358057427542741,14.458542741,True
1791358057434800473,,1827,bird_eye,0,0,False,0.0,unknown_pulse_complete,9130222823406097446,4300,1791358057461060749,14.492060749,True
1791358057468373164,,1828,bird_eye,0,0,False,0.0,unknown_pulse_complete,9130222823406097446,4302,1791358057488688457,14.519688457,True
1791358057502568926,,1829,bird_eye,0,0,False,0.0,unknown_pulse_complete,9130222823406097446,4303,1791358057523367173,14.554367173,True
1791358057534995789,,1830,bird_eye,0,0,False,0.0,unknown_pulse_complete,9130222823406097446,4305,1791358057560864659,14.591864659,True
1791358057569616997,,1831,bird_eye,2,1,True,0.25,ttc_warning:cadence_triple,9130222823406097446,4307,1791358057590371868,14.621371868,True
1791358057601390080,,1832,bird_eye,2,1,True,0.25,ttc_warning:cadence_triple,9130222823406097446,4308,1791358057623912178,14.654912178,True
1791358057635311135,,1833,bird_eye,2,1,True,0.25,ttc_warning:cadence_triple,9130222823406097446,4310,1791358057656031452,14.687031452,True
1791358057669408647,,1834,bird_eye,2,1,True,0.25,ttc_warning:cadence_triple,9130222823406097446,4312,1791358057697050326,14.728050326,True
1791358057701819946,,1835,bird_eye,0,0,False,0.0,cadence_gap:triple,9130222823406097446,4313,1791358057725135985,14.756135985,True
1791358057734841801,,1836,bird_eye,0,0,False,0.0,cadence_gap:triple,9130222823406097446,4315,1791358057756348092,14.787348092,True
1791358057768293621,,1837,bird_eye,2,1,True,0.25,ttc_warning:cadence_triple,9130222823406097446,4316,1791358057789556712,14.820556712,True
1791358057802462273,,1838,bird_eye,2,1,True,0.25,ttc_warning:cadence_triple,9130222823406097446,4318,1791358057830292281,14.861292281,True
1791358057835089361,,1839,bird_eye,2,1,True,0.25,ttc_warning:cadence_triple,9130222823406097446,4320,1791358057855940474,14.886940474,True
1791358057869087292,,1840,bird_eye,0,0,False,0.0,cadence_gap:triple,9130222823406097446,4322,1791358057893313885,14.924313885,True
1791358057901461978,,1841,bird_eye,0,0,False,0.0,cadence_gap:triple,9130222823406097446,4323,1791358057929648000,14.960648,True
1791358057935402068,,1842,bird_eye,2,1,True,0.25,ttc_warning:cadence_triple,9130222823406097446,4325,1791358057956978679,14.987978679,True
1791358057968859384,,1843,bird_eye,2,1,True,0.25,ttc_warning:cadence_triple,9130222823406097446,4327,1791358057989719790,15.02071979,True
1791358058002399808,,1844,bird_eye,2,1,True,0.25,ttc_warning:cadence_triple,9130222823406097446,4328,1791358058023534844,15.054534844,True
1791358058044057273,,1845,bird_eye,0,0,False,0.0,cadence_gap:triple,9130222823406097446,4331,1791358058064545458,15.095545458,True
1791358058082327354,,1846,bird_eye,0,0,False,0.0,cadence_complete,9130222823406097446,4332,1791358058103023714,15.134023714,True
1791358058111771135,,1847,bird_eye,0,0,False,0.0,cadence_complete,9130222823406097446,4334,1791358058134871208,15.165871208,True
1791358058140389388,,1848,bird_eye,0,0,False,0.0,cadence_complete,9130222823406097446,4335,1791358058162423621,15.193423621,True
1791358058168709060,,1849,bird_eye,0,0,False,0.0,cadence_complete,9130222823406097446,4337,1791358058194344434,15.225344434,True
1791358058207245239,,1850,bird_eye,0,0,False,0.0,cadence_complete,9130222823406097446,4338,1791358058229235343,15.260235343,True
1791358058236753538,,1851,bird_eye,0,0,False,0.0,cadence_complete,9130222823406097446,4340,1791358058258286930,15.28928693,True
1791358058269230249,,1852,bird_eye,0,0,False,0.0,cadence_complete,9130222823406097446,4342,1791358058290218886,15.321218886,True
1791358058305287492,,1853,bird_eye,0,0,False,0.0,cadence_complete,9130222823406097446,4344,1791358058326669611,15.357669611,True
1791358058335601016,,1854,bird_eye,0,0,False,0.0,cadence_complete,9130222823406097446,4345,1791358058356497169,15.387497169,True
1791358058368650867,,1855,bird_eye,0,0,False,0.0,cadence_complete,9130222823406097446,4347,1791358058392238213,15.423238213,True
1791358058402318286,,1856,bird_eye,0,0,False,0.0,cadence_complete,9130222823406097446,4348,1791358058425142947,15.456142947,True
1791358058435267590,,1857,bird_eye,0,0,False,0.0,cadence_complete,9130222823406097446,4350,1791358058456351552,15.487351552,True
1791358058472723577,,1858,bird_eye,0,0,False,0.0,cadence_complete,9130222823406097446,4352,1791358058494353228,15.525353228,True
1791358058503484947,,1859,bird_eye,0,0,False,0.0,cadence_complete,9130222823406097446,4353,1791358058525844193,15.556844193,True
1791358058535509045,,1860,bird_eye,0,0,False,0.0,cadence_complete,9130222823406097446,4355,1791358058558732389,15.589732389,True
1791358058576373702,,1861,bird_eye,0,0,False,0.0,cadence_complete,9130222823406097446,4357,1791358058604721846,15.635721846,True
1791358058603806853,,1862,bird_eye,0,0,False,0.0,cadence_complete,9130222823406097446,4359,1791358058626005954,15.657005954,True
1791358058635253848,,1863,bird_eye,0,0,False,0.0,cadence_complete,9130222823406097446,4360,1791358058657447846,15.688447846,True
1791358058672492061,,1864,bird_eye,0,0,False,0.0,cadence_complete,9130222823406097446,4362,1791358058693651148,15.724651148,True
1791358058701770829,,1865,bird_eye,0,0,False,0.0,cadence_complete,9130222823406097446,4363,1791358058724425287,15.755425287,True
1791358058740261584,,1866,bird_eye,0,0,False,0.0,cadence_complete,9130222823406097446,4365,1791358058760724638,15.791724638,True
1791358058780422044,,1867,bird_eye,0,0,False,0.0,cadence_complete,9130222823406097446,4367,1791358058808193452,15.839193452,True
1791358058808978500,,1868,bird_eye,0,0,False,0.0,cadence_complete,9130222823406097446,4369,1791358058831026515,15.862026515,True
1791358058851529632,,1869,bird_eye,0,0,False,0.0,cadence_complete,9130222823406097446,4371,1791358058871937391,15.902937391,True
1791358058884552447,,1870,bird_eye,0,0,False,0.0,cadence_complete,9130222823406097446,4373,1791358058911236459,15.942236459,True
1791358058915532647,,1871,bird_eye,0,0,False,0.0,cadence_complete,9130222823406097446,4374,1791358058936842476,15.967842476,True
1791358058950897017,,1872,bird_eye,0,0,False,0.0,cadence_complete,9130222823406097446,4376,1791358058973463716,16.004463716,True
1791358058979208206,,1873,bird_eye,0,0,False,0.0,cadence_complete,9130222823406097446,4377,1791358059014389669,16.045389669,True
1791358059008063717,,1874,bird_eye,0,0,False,0.0,cadence_complete,9130222823406097446,4379,1791358059029001738,16.060001738,True
1791358059038620350,,1875,bird_eye,0,0,False,0.0,cadence_complete,9130222823406097446,4380,1791358059065492875,16.096492875,True
1791358059069488471,,1876,bird_eye,0,0,False,0.0,cadence_complete,9130222823406097446,4382,1791358059091589624,16.122589624,True
1791358059108076855,,1877,bird_eye,0,0,False,0.0,cadence_complete,9130222823406097446,4384,1791358059128961274,16.159961274,True
1791358059137110810,,1878,bird_eye,0,0,False,0.0,cadence_complete,9130222823406097446,4385,1791358059168926070,16.19992607,True
1791358059167791878,,1879,bird_eye,0,0,False,0.0,cadence_complete,9130222823406097446,4387,1791358059190998734,16.221998734,True
1791358059200789226,,1880,bird_eye,0,0,False,0.0,cadence_complete,9130222823406097446,4388,1791358059222350603,16.253350603,True
1791358059234262425,,1881,bird_eye,0,0,False,0.0,cadence_complete,9130222823406097446,4390,1791358059256609326,16.287609326,True
1791358059267237681,,1882,bird_eye,0,0,False,0.0,cadence_complete,9130222823406097446,4392,1791358059288702918,16.319702918,True
1791358059300473503,,1883,bird_eye,0,0,False,0.0,cadence_complete,9130222823406097446,4393,1791358059321616237,16.352616237,True
1791358059338009461,,1884,bird_eye,0,0,False,0.0,cadence_complete,9130222823406097446,4395,1791358059359181782,16.390181782,True
1791358059367365241,,1885,bird_eye,0,0,False,0.0,cadence_complete,9130222823406097446,4397,1791358059388073844,16.419073844,True
1791358059411267016,,1886,bird_eye,0,0,False,0.0,cadence_complete,9130222823406097446,4399,1791358059433115770,16.46411577,True
1791358059442889111,,1887,bird_eye,0,0,False,0.0,cadence_complete,9130222823406097446,4400,1791358059464096239,16.495096239,True
1791358059478934974,,1888,bird_eye,0,0,False,0.0,cadence_complete,9130222823406097446,4402,1791358059511688849,16.542688849,True
1791358059518326523,,1889,bird_eye,0,0,False,0.0,cadence_complete,9130222823406097446,4404,1791358059539309640,16.57030964,True
1791358059547377973,,1890,bird_eye,0,0,False,0.0,cadence_complete,9130222823406097446,4406,1791358059569122121,16.600122121,True
1791358059576061696,,1891,bird_eye,0,0,False,0.0,cadence_complete,9130222823406097446,4407,1791358059597892742,16.628892742,True
1791358059605242353,,1892,bird_eye,0,0,False,0.0,cadence_complete,9130222823406097446,4408,1791358059633544544,16.664544544,True
1791358059635348811,,1893,bird_eye,0,0,False,0.0,cadence_complete,9130222823406097446,4410,1791358059657937780,16.68893778,True
1791358059667802373,,1894,bird_eye,0,0,False,0.0,cadence_complete,9130222823406097446,4412,1791358059690745948,16.721745948,True
1791358059706827697,,1895,bird_eye,0,0,False,0.0,cadence_complete,9130222823406097446,4414,1791358059731965507,16.762965507,True
1791358059735022731,,1896,bird_eye,0,0,False,0.0,cadence_complete,9130222823406097446,4415,1791358059755976085,16.786976085,True
1791358059767379537,,1897,bird_eye,0,0,False,0.0,cadence_complete,9130222823406097446,4417,1791358059788222559,16.819222559,True
1791358059810367175,,1898,bird_eye,0,0,False,0.0,cadence_complete,9130222823406097446,4419,1791358059833356572,16.864356572,True
1791358059844026833,,1899,bird_eye,0,0,False,0.0,cadence_complete,9130222823406097446,4421,1791358059864624541,16.895624541,True
1791358059871409195,,1900,bird_eye,0,0,False,0.0,cadence_complete,9130222823406097446,4422,1791358059892915164,16.923915164,True
1791358059901742466,,1901,bird_eye,0,0,False,0.0,cadence_complete,9130222823406097446,4423,1791358059922816017,16.953816017,True
1791358059934850208,,1902,bird_eye,0,0,False,0.0,cadence_complete,9130222823406097446,4425,1791358059956042630,16.98704263,True
1791358059967824780,,1903,bird_eye,0,0,False,0.0,cadence_complete,9130222823406097446,4427,1791358059988376413,17.019376413,True
1791358060001228326,,1904,bird_eye,0,0,False,0.0,cadence_complete,9130222823406097446,4428,1791358060022119679,17.053119679,True
1791358060034115641,,1905,bird_eye,0,0,False,0.0,cadence_complete,9130222823406097446,4430,1791358060055000750,17.08600075,True
1791358060070208441,,1906,bird_eye,0,0,False,0.0,cadence_complete,9130222823406097446,4432,1791358060093110878,17.124110878,True
1791358060101043442,,1907,bird_eye,0,0,False,0.0,cadence_complete,9130222823406097446,4433,1791358060121600855,17.152600855,True
1791358060138758855,,1908,bird_eye,0,0,False,0.0,cadence_complete,9130222823406097446,4435,1791358060160317632,17.191317632,True
1791358060167674685,,1909,bird_eye,0,0,False,0.0,cadence_complete,9130222823406097446,4437,1791358060195373013,17.226373013,True
1791358060203153929,,1910,bird_eye,0,0,False,0.0,cadence_complete,9130222823406097446,4438,1791358060225276154,17.256276154,True
1791358060277670639,,1911,bird_eye,0,0,False,0.0,cadence_complete,9130222823406097446,4442,1791358060298355854,17.329355854,True
1791358060344660660,,1912,bird_eye,0,0,False,0.0,cadence_complete,9130222823406097446,4446,1791358060365332910,17.39633291,True
1791358060373468787,,1913,bird_eye,0,0,False,0.0,cadence_complete,9130222823406097446,4447,1791358060395882196,17.426882196,True
1791358060402047372,,1914,bird_eye,0,0,False,0.0,cadence_complete,9130222823406097446,4448,1791358060423283721,17.454283721,True
1791358060434449518,,1915,bird_eye,0,0,False,0.0,cadence_complete,9130222823406097446,4450,1791358060454943341,17.485943341,True
1791358060469970790,,1916,bird_eye,0,0,False,0.0,cadence_complete,9130222823406097446,4452,1791358060495588118,17.526588118,True
1791358060501429611,,1917,bird_eye,0,0,False,0.0,cadence_complete,9130222823406097446,4453,1791358060522860903,17.553860903,True
1791358060533884995,,1918,bird_eye,0,0,False,0.0,cadence_complete,9130222823406097446,4455,1791358060555299341,17.586299341,True
1791358060567656517,,1919,bird_eye,0,0,False,0.0,cadence_complete,9130222823406097446,4457,1791358060588434729,17.619434729,True
1791358060600726089,,1920,bird_eye,0,0,False,0.0,cadence_complete,9130222823406097446,4458,1791358060621778376,17.652778376,True
1791358060634542989,,1921,bird_eye,0,0,False,0.0,cadence_complete,9130222823406097446,4460,1791358060655803787,17.686803787,True
1791358060667112909,,1922,bird_eye,0,0,False,0.0,cadence_complete,9130222823406097446,4461,1791358060690389813,17.721389813,True
1791358060701339699,,1923,bird_eye,0,0,False,0.0,cadence_complete,9130222823406097446,4463,1791358060721840783,17.752840783,True
1791358060735085435,,1924,bird_eye,0,0,False,0.0,cadence_complete,9130222823406097446,4465,1791358060755898857,17.786898857,True
1791358060770674782,,1925,bird_eye,0,0,False,0.0,cadence_complete,9130222823406097446,4467,1791358060792494028,17.823494028,True
1791358060802411818,,1926,bird_eye,0,0,False,0.0,cadence_complete,9130222823406097446,4468,1791358060823644238,17.854644238,True
1791358060834247926,,1927,bird_eye,0,0,False,0.0,cadence_complete,9130222823406097446,4470,1791358060856356813,17.887356813,True
1791358060867416340,,1928,bird_eye,0,0,False,0.0,cadence_complete,9130222823406097446,4472,1791358060888222546,17.919222546,True
1791358060900870148,,1929,bird_eye,0,0,False,0.0,cadence_complete,9130222823406097446,4473,1791358060921532563,17.952532563,True
1791358060937014254,,1930,bird_eye,0,0,False,0.0,cadence_complete,9130222823406097446,4475,1791358060960613808,17.991613808,True
1791358060974259681,,1931,bird_eye,0,0,False,0.0,cadence_complete,9130222823406097446,4477,1791358060995791693,18.026791693,True
1791358061002002749,,1932,bird_eye,0,0,False,0.0,cadence_complete,9130222823406097446,4478,1791358061023117644,18.054117644,True
1791358061034115373,,1933,bird_eye,0,0,False,0.0,cadence_complete,9130222823406097446,4480,1791358061055192774,18.086192774,True
1791358061067368772,,1934,bird_eye,0,0,False,0.0,cadence_complete,9130222823406097446,4482,1791358061087917473,18.118917473,True
1791358061100536198,,1935,bird_eye,0,0,False,0.0,cadence_complete,9130222823406097446,4483,1791358061121583292,18.152583292,True
1791358061134410826,,1936,bird_eye,0,0,False,0.0,cadence_complete,9130222823406097446,4485,1791358061155371847,18.186371847,True
1791358061167163517,,1937,bird_eye,0,0,False,0.0,cadence_complete,9130222823406097446,4487,1791358061188459725,18.219459725,True
1791358061203094785,,1938,bird_eye,0,0,False,0.0,cadence_complete,9130222823406097446,4488,1791358061225035239,18.256035239,True
1791358061235175618,,1939,bird_eye,0,0,False,0.0,cadence_complete,9130222823406097446,4490,1791358061256107929,18.287107929,True
1791358061267216731,,1940,bird_eye,0,0,False,0.0,cadence_complete,9130222823406097446,4492,1791358061288442155,18.319442155,True
1791358061300575653,,1941,bird_eye,0,0,False,0.0,cadence_complete,9130222823406097446,4493,1791358061321835314,18.352835314,True
1791358061334534849,,1942,bird_eye,0,0,False,0.0,cadence_complete,9130222823406097446,4495,1791358061356290077,18.387290077,True
1791358061367747879,,1943,bird_eye,0,0,False,0.0,cadence_complete,9130222823406097446,4497,1791358061389568089,18.420568089,True
1791358061401715713,,1944,bird_eye,0,0,False,0.0,cadence_complete,9130222823406097446,4498,1791358061422933782,18.453933782,True
1791358061434481717,,1945,bird_eye,0,0,False,0.0,cadence_complete,9130222823406097446,4500,1791358061455165727,18.486165727,True
1791358061467610009,,1946,bird_eye,0,0,False,0.0,cadence_complete,9130222823406097446,4502,1791358061488642107,18.519642107,True
1791358061500696001,,1947,bird_eye,0,0,False,0.0,cadence_complete,9130222823406097446,4503,1791358061521276022,18.552276022,True
1791358061534653014,,1948,bird_eye,0,0,False,0.0,cadence_complete,9130222823406097446,4505,1791358061556335635,18.587335635,True
1791358061567715334,,1949,bird_eye,0,0,False,0.0,cadence_complete,9130222823406097446,4507,1791358061588444000,18.619444,True
1791358061601094678,,1950,bird_eye,0,0,False,0.0,cadence_complete,9130222823406097446,4508,1791358061621603471,18.652603471,True
1791358061635876192,,1951,bird_eye,0,0,False,0.0,cadence_complete,9130222823406097446,4510,1791358061657122265,18.688122265,True
1791358061667197964,,1952,bird_eye,0,0,False,0.0,cadence_complete,9130222823406097446,4512,1791358061687904525,18.718904525,True
1791358061742238373,,1953,bird_eye,0,0,False,0.0,cadence_complete,9130222823406097446,4515,1791358061763344043,18.794344043,True
1791358061807643172,,1954,bird_eye,0,0,False,0.0,cadence_complete,9130222823406097446,4519,1791358061828625894,18.859625894,True
1791358061835333838,,1955,bird_eye,0,0,False,0.0,cadence_complete,9130222823406097446,4520,1791358061855802413,18.886802413,True
1791358061869318239,,1956,bird_eye,0,0,False,0.0,cadence_complete,9130222823406097446,4522,1791358061892196954,18.923196954,True
1791358061902659338,,1957,bird_eye,0,0,False,0.0,cadence_complete,9130222823406097446,4523,1791358061924160020,18.95516002,True
1791358061933830277,,1958,bird_eye,0,0,False,0.0,cadence_complete,9130222823406097446,4525,1791358061957027834,18.988027834,True
1791358061967180430,,1959,bird_eye,0,0,False,0.0,cadence_complete,9130222823406097446,4527,1791358061988178901,19.019178901,True
1791358062001695443,,1960,bird_eye,0,0,False,0.0,cadence_complete,9130222823406097446,4528,1791358062022576555,19.053576555,True
1791358062034441168,,1961,bird_eye,0,0,False,0.0,cadence_complete,9130222823406097446,4530,1791358062055279182,19.086279182,True
1791358062067361602,,1962,bird_eye,0,0,False,0.0,cadence_complete,9130222823406097446,4532,1791358062088568580,19.11956858,True
1791358062100462739,,1963,bird_eye,0,0,False,0.0,cadence_complete,9130222823406097446,4533,1791358062120756615,19.151756615,True
1791358062134410789,,1964,bird_eye,0,0,False,0.0,cadence_complete,9130222823406097446,4535,1791358062155148718,19.186148718,True
1791358062168405339,,1965,bird_eye,0,0,False,0.0,cadence_complete,9130222823406097446,4537,1791358062190220075,19.221220075,True
1791358062200573000,,1966,bird_eye,0,0,False,0.0,cadence_complete,9130222823406097446,4538,1791358062220939240,19.25193924,True
1791358062235867963,,1967,bird_eye,0,0,False,0.0,cadence_complete,9130222823406097446,4540,1791358062256561180,19.28756118,True
1791358062267476868,,1968,bird_eye,0,0,False,0.0,cadence_complete,9130222823406097446,4541,1791358062290080371,19.321080371,True
1791358062300597898,,1969,bird_eye,0,0,False,0.0,cadence_complete,9130222823406097446,4543,1791358062320998452,19.351998452,True
1791358062334103996,,1970,bird_eye,0,0,False,0.0,cadence_complete,9130222823406097446,4545,1791358062354450791,19.385450791,True
1791358062368872260,,1971,bird_eye,0,0,False,0.0,cadence_complete,9130222823406097446,4547,1791358062392247209,19.423247209,True
1791358062400963725,,1972,bird_eye,0,0,False,0.0,cadence_complete,9130222823406097446,4548,1791358062421200597,19.452200597,True
1791358062434033412,,1973,bird_eye,0,0,False,0.0,cadence_complete,9130222823406097446,4550,1791358062455756251,19.486756251,True
1791358062467136434,,1974,bird_eye,0,0,False,0.0,cadence_complete,9130222823406097446,4552,1791358062489857666,19.520857666,True
1791358062500680765,,1975,bird_eye,0,0,False,0.0,cadence_complete,9130222823406097446,4553,1791358062521314111,19.552314111,True
1791358062533990216,,1976,bird_eye,0,0,False,0.0,cadence_complete,9130222823406097446,4555,1791358062555360083,19.586360083,True
1791358062567091426,,1977,bird_eye,0,0,False,0.0,cadence_complete,9130222823406097446,4557,1791358062598490725,19.629490725,True
1791358062600831676,,1978,bird_eye,0,0,False,0.0,cadence_complete,9130222823406097446,4558,1791358062621292747,19.652292747,True
1791358062635616613,,1979,bird_eye,0,0,False,0.0,cadence_complete,9130222823406097446,4560,1791358062656748277,19.687748277,True
1791358062667900760,,1980,bird_eye,0,0,False,0.0,cadence_complete,9130222823406097446,4561,1791358062688719782,19.719719782,True
1791358062703735478,,1981,bird_eye,0,0,False,0.0,cadence_complete,9130222823406097446,4564,1791358062727125093,19.758125093,True
1791358062734342688,,1982,bird_eye,0,0,False,0.0,cadence_complete,9130222823406097446,4565,1791358062757074061,19.788074061,True
1791358062767694801,,1983,bird_eye,0,0,False,0.0,cadence_complete,9130222823406097446,4567,1791358062790617744,19.821617744,True
1791358062802211138,,1984,bird_eye,0,0,False,0.0,cadence_complete,9130222823406097446,4568,1791358062824019144,19.855019144,True
1791358062833968481,,1985,bird_eye,0,0,False,0.0,cadence_complete,9130222823406097446,4570,1791358062856408563,19.887408563,True
1791358062870266164,,1986,bird_eye,0,0,False,0.0,cadence_complete,9130222823406097446,4572,1791358062892004012,19.923004012,True
1791358062900900940,,1987,bird_eye,0,0,False,0.0,cadence_complete,9130222823406097446,4573,1791358062922191859,19.953191859,True
1791358062935695292,,1988,bird_eye,0,0,False,0.0,cadence_complete,9130222823406097446,4575,1791358062969287486,20.000287486,True
1791358062968222353,,1989,bird_eye,0,0,False,0.0,cadence_complete,9130222823406097446,4577,1791358062989279880,20.02027988,True
1791358063001248119,,1990,bird_eye,0,0,False,0.0,cadence_complete,9130222823406097446,4578,1791358063024645452,20.055645452,True
1791358063034407254,,1991,bird_eye,0,0,False,0.0,cadence_complete,9130222823406097446,4580,1791358063061414266,20.092414266,True
1791358063068649044,,1992,bird_eye,0,0,False,0.0,cadence_complete,9130222823406097446,4582,1791358063089419209,20.120419209,True
1791358063101179708,,1993,bird_eye,0,0,False,0.0,cadence_complete,9130222823406097446,4583,1791358063121625897,20.152625897,True
1791358063135583925,,1994,bird_eye,0,0,False,0.0,cadence_complete,9130222823406097446,4585,1791358063156454089,20.187454089,True
1791358063169660606,,1995,bird_eye,0,0,False,0.0,cadence_complete,9130222823406097446,4587,1791358063191939985,20.222939985,True
1791358063200697236,,1996,bird_eye,0,0,False,0.0,cadence_complete,9130222823406097446,4588,1791358063222826367,20.253826367,True
1791358063234782820,,1997,bird_eye,0,0,False,0.0,cadence_complete,9130222823406097446,4590,1791358063255858506,20.286858506,True
1791358063269654330,,1998,bird_eye,0,0,False,0.0,cadence_complete,9130222823406097446,4592,1791358063290928587,20.321928587,True
1791358063302600740,,1999,bird_eye,0,0,False,0.0,cadence_complete,9130222823406097446,4593,1791358063326603681,20.357603681,True
1791358063334679174,,2000,bird_eye,0,0,False,0.0,cadence_complete,9130222823406097446,4595,1791358063357315988,20.388315988,True
1791358063370700162,,2001,bird_eye,0,0,False,0.0,cadence_complete,9130222823406097446,4597,1791358063391652221,20.422652221,True
1791358063401028887,,2002,bird_eye,0,0,False,0.0,cadence_complete,9130222823406097446,4598,1791358063426479843,20.457479843,True
1791358063434131460,,2003,bird_eye,0,0,False,0.0,cadence_complete,9130222823406097446,4600,1791358063457519638,20.488519638,True
1791358063469142230,,2004,bird_eye,0,0,False,0.0,cadence_complete,9130222823406097446,4602,1791358063496612400,20.5276124,True
1791358063501519471,,2005,bird_eye,0,0,False,0.0,cadence_complete,9130222823406097446,4603,1791358063529788721,20.560788721,True
1791358063534206366,,2006,bird_eye,0,0,False,0.0,cadence_complete,9130222823406097446,4605,1791358063555868884,20.586868884,True
1791358063570023800,,2007,bird_eye,0,0,False,0.0,cadence_complete,9130222823406097446,4607,1791358063591935001,20.622935001,True
1791358063602594122,,2008,bird_eye,0,0,False,0.0,cadence_complete,9130222823406097446,4608,1791358063623958746,20.654958746,True
1791358063634101553,,2009,bird_eye,0,0,False,0.0,cadence_complete,9130222823406097446,4610,1791358063658374652,20.689374652,True
1791358063668462195,,2010,bird_eye,0,0,False,0.0,cadence_complete,9130222823406097446,4612,1791358063689406169,20.720406169,True
1791358063700914957,,2011,bird_eye,0,0,False,0.0,cadence_complete,9130222823406097446,4613,1791358063724213969,20.755213969,True
1791358063734491447,,2012,bird_eye,0,0,False,0.0,cadence_complete,9130222823406097446,4615,1791358063774172249,20.805172249,True
1791358063767534097,,2013,bird_eye,0,0,False,0.0,cadence_complete,9130222823406097446,4617,1791358063788242795,20.819242795,True
1791358063802012221,,2014,bird_eye,0,0,False,0.0,cadence_complete,9130222823406097446,4618,1791358063825529195,20.856529195,True
1791358063834009943,,2015,bird_eye,0,0,False,0.0,cadence_complete,9130222823406097446,4620,1791358063855740459,20.886740459,True
1791358063867613754,,2016,bird_eye,0,0,False,0.0,cadence_complete,9130222823406097446,4622,1791358063888894824,20.919894824,True
1791358063903904194,,2017,bird_eye,0,0,False,0.0,cadence_complete,9130222823406097446,4623,1791358063930551408,20.961551408,True
1791358063934812995,,2018,bird_eye,0,0,False,0.0,cadence_complete,9130222823406097446,4625,1791358063956579871,20.987579871,True
1791358063967607962,,2019,bird_eye,0,0,False,0.0,cadence_complete,9130222823406097446,4627,1791358063990449989,21.021449989,True
1791358064002502840,,2020,bird_eye,0,0,False,0.0,cadence_complete,9130222823406097446,4628,1791358064034204195,21.065204195,True
1791358064034666638,,2021,bird_eye,0,0,False,0.0,cadence_complete,9130222823406097446,4630,1791358064058261781,21.089261781,True
1791358064067794875,,2022,bird_eye,0,0,False,0.0,cadence_complete,9130222823406097446,4632,1791358064091164304,21.122164304,True
1791358064100909100,,2023,bird_eye,0,0,False,0.0,cadence_complete,9130222823406097446,4633,1791358064121637242,21.152637242,True
1791358064134200065,,2024,bird_eye,0,0,False,0.0,cadence_complete,9130222823406097446,4635,1791358064158205688,21.189205688,True
1791358064170664436,,2025,bird_eye,0,0,False,0.0,cadence_complete,9130222823406097446,4637,1791358064191848060,21.22284806,True
1791358064201784962,,2026,bird_eye,0,0,False,0.0,cadence_complete,9130222823406097446,4638,1791358064224953461,21.255953461,True
1791358064235665972,,2027,bird_eye,0,0,False,0.0,cadence_complete,9130222823406097446,4640,1791358064258177820,21.28917782,True
1791358064269584472,,2028,bird_eye,0,0,False,0.0,cadence_complete,9130222823406097446,4642,1791358064290119860,21.32111986,True
1791358064303881571,,2029,bird_eye,0,0,False,0.0,cadence_complete,9130222823406097446,4644,1791358064327055093,21.358055093,True
1791358064336324243,,2030,bird_eye,0,0,False,0.0,cadence_complete,9130222823406097446,4645,1791358064358590875,21.389590875,True
1791358064368637956,,2031,bird_eye,0,0,False,0.0,cadence_complete,9130222823406097446,4647,1791358064389514135,21.420514135,True
1791358064401655639,,2032,bird_eye,0,0,False,0.0,cadence_complete,9130222823406097446,4648,1791358064423221197,21.454221197,True
1791358064435191480,,2033,bird_eye,0,0,False,0.0,cadence_complete,9130222823406097446,4650,1791358064459284689,21.490284689,True
1791358064469058943,,2034,bird_eye,0,0,False,0.0,cadence_complete,9130222823406097446,4652,1791358064490005465,21.521005465,True
1791358064502942622,,2035,bird_eye,0,0,False,0.0,cadence_complete,9130222823406097446,4653,1791358064524132806,21.555132806,True
1791358064534835344,,2036,bird_eye,0,0,False,0.0,cadence_complete,9130222823406097446,4655,1791358064558945870,21.58994587,True
1791358064567567377,,2037,bird_eye,0,0,False,0.0,cadence_complete,9130222823406097446,4657,1791358064588998771,21.619998771,True
1791358064609725854,,2038,bird_eye,0,0,False,0.0,cadence_complete,9130222823406097446,4659,1791358064631147672,21.662147672,True
1791358064639098649,,2039,bird_eye,0,0,False,0.0,cadence_complete,9130222823406097446,4660,1791358064660258946,21.691258946,True
1791358064673739194,,2040,bird_eye,0,0,False,0.0,cadence_complete,9130222823406097446,4662,1791358064695077858,21.726077858,True
1791358064705670153,,2041,bird_eye,0,0,False,0.0,cadence_complete,9130222823406097446,4664,1791358064726750155,21.757750155,True
1791358064743341857,,2042,bird_eye,0,0,False,0.0,cadence_complete,9130222823406097446,4666,1791358064764150580,21.79515058,True
1791358064781907474,,2043,bird_eye,0,0,False,0.0,cadence_complete,9130222823406097446,4667,1791358064805994749,21.836994749,True
1791358064812204847,,2044,bird_eye,0,0,False,0.0,cadence_complete,9130222823406097446,4669,1791358064833180816,21.864180816,True
1791358064841107475,,2045,bird_eye,0,0,False,0.0,cadence_complete,9130222823406097446,4670,1791358064866811466,21.897811466,True
1791358064869494049,,2046,bird_eye,0,0,False,0.0,cadence_complete,9130222823406097446,4672,1791358064890795074,21.921795074,True
1791358064906453049,,2047,bird_eye,0,0,False,0.0,cadence_complete,9130222823406097446,4674,1791358064930357801,21.961357801,True
1791358064938219976,,2048,bird_eye,0,0,False,0.0,cadence_complete,9130222823406097446,4675,1791358064959140333,21.990140333,True
1791358064969582702,,2049,bird_eye,0,0,False,0.0,cadence_complete,9130222823406097446,4677,1791358064992159299,22.023159299,True
1791358065000765651,,2050,bird_eye,0,0,False,0.0,cadence_complete,9130222823406097446,4678,1791358065023248411,22.054248411,True
1791358065035532067,,2051,bird_eye,0,0,False,0.0,cadence_complete,9130222823406097446,4680,1791358065058922325,22.089922325,True
1791358065069573508,,2052,bird_eye,0,0,False,0.0,cadence_complete,9130222823406097446,4682,1791358065090958929,22.121958929,True
1791358065101636425,,2053,bird_eye,0,0,False,0.0,cadence_complete,9130222823406097446,4683,1791358065146232336,22.177232336,True
1791358065134146056,,2054,bird_eye,0,0,False,0.0,cadence_complete,9130222823406097446,4685,1791358065159350687,22.190350687,True
1791358065173237224,,2055,bird_eye,0,0,False,0.0,cadence_complete,9130222823406097446,4687,1791358065194090514,22.225090514,True
1791358065201588796,,2056,bird_eye,0,0,False,0.0,cadence_complete,9130222823406097446,4688,1791358065222381274,22.253381274,True
1791358065234288438,,2057,bird_eye,0,0,False,0.0,cadence_complete,9130222823406097446,4690,1791358065259277907,22.290277907,True
1791358065269951665,,2058,bird_eye,0,0,False,0.0,cadence_complete,9130222823406097446,4692,1791358065291322271,22.322322271,True
1791358065301280652,,2059,bird_eye,0,0,False,0.0,cadence_complete,9130222823406097446,4693,1791358065322346356,22.353346356,True
1791358065334464662,,2060,bird_eye,0,0,False,0.0,cadence_complete,9130222823406097446,4695,1791358065362525474,22.393525474,True
1791358065368006034,,2061,bird_eye,0,0,False,0.0,cadence_complete,9130222823406097446,4697,1791358065389454786,22.420454786,True
1791358065401410868,,2062,bird_eye,0,0,False,0.0,cadence_complete,9130222823406097446,4698,1791358065422238016,22.453238016,True
1791358065434884097,,2063,bird_eye,0,0,False,0.0,cadence_complete,9130222823406097446,4700,1791358065456102614,22.487102614,True
1791358065468427896,,2064,bird_eye,0,0,False,0.0,cadence_complete,9130222823406097446,4702,1791358065490080334,22.521080334,True
1791358065502110392,,2065,bird_eye,0,0,False,0.0,cadence_complete,9130222823406097446,4703,1791358065523104301,22.554104301,True
1791358065535305991,,2066,bird_eye,5,3,True,0.15000000596046448,invalid_or_unknown_perception:cadence_single,9130222823406097446,4705,1791358065557655820,22.58865582,True
1791358065571540335,,2067,bird_eye,5,3,True,0.15000000596046448,invalid_or_unknown_perception:cadence_single,9130222823406097446,4707,1791358065592303825,22.623303825,True
1791358065602064554,,2068,bird_eye,5,3,True,0.15000000596046448,invalid_or_unknown_perception:cadence_single,9130222823406097446,4708,1791358065623841167,22.654841167,True
1791358065635295705,,2069,bird_eye,0,0,False,0.0,unknown_pulse_complete,9130222823406097446,4710,1791358065657855316,22.688855316,True
1791358065668572609,,2070,bird_eye,0,0,False,0.0,unknown_pulse_complete,9130222823406097446,4712,1791358065690592953,22.721592953,True
1791358065702132648,,2071,bird_eye,0,0,False,0.0,unknown_pulse_complete,9130222823406097446,4713,1791358065736566909,22.767566909,True
1791358065736454406,,2072,bird_eye,0,0,False,0.0,unknown_pulse_complete,9130222823406097446,4715,1791358065757077590,22.78807759,True
1791358065768912203,,2073,bird_eye,0,0,False,0.0,unknown_pulse_complete,9130222823406097446,4717,1791358065789821906,22.820821906,True
1791358065801669728,,2074,bird_eye,0,0,False,0.0,unknown_pulse_complete,9130222823406097446,4718,1791358065823957578,22.854957578,True
1791358065838586909,,2075,bird_eye,0,0,False,0.0,unknown_pulse_complete,9130222823406097446,4720,1791358065867314829,22.898314829,True
1791358065868200837,,2076,bird_eye,0,0,False,0.0,unknown_pulse_complete,9130222823406097446,4722,1791358065889104894,22.920104894,True
1791358065902991657,,2077,bird_eye,0,0,False,0.0,unknown_pulse_complete,9130222823406097446,4723,1791358065924297315,22.955297315,True
1791358065935367563,,2078,bird_eye,0,0,False,0.0,unknown_pulse_complete,9130222823406097446,4725,1791358065957770295,22.988770295,True
1791358065968511071,,2079,bird_eye,0,0,False,0.0,unknown_pulse_complete,9130222823406097446,4727,1791358065989679765,23.020679765,True
1791358066003861163,,2080,bird_eye,0,0,False,0.0,unknown_pulse_complete,9130222823406097446,4729,1791358066026396780,23.05739678,True
1791358066051920540,,2081,bird_eye,0,0,False,0.0,unknown_pulse_complete,9130222823406097446,4731,1791358066093065242,23.124065242,True
1791358066107295670,,2083,bird_eye,0,0,False,0.0,unknown_pulse_complete,9130222823406097446,4734,1791358066128616549,23.159616549,True
1791358066135169998,,2084,bird_eye,0,0,False,0.0,unknown_pulse_complete,9130222823406097446,4735,1791358066156477663,23.187477663,True
1791358066169183362,,2085,bird_eye,0,0,False,0.0,unknown_pulse_complete,9130222823406097446,4737,1791358066190095923,23.221095923,True
1791358066205513608,,2086,bird_eye,0,0,False,0.0,unknown_pulse_complete,9130222823406097446,4739,1791358066226729346,23.257729346,True
1791358066241174473,,2087,bird_eye,0,0,False,0.0,unknown_pulse_complete,9130222823406097446,4740,1791358066264704740,23.29570474,True
1791358066268549281,,2088,bird_eye,0,0,False,0.0,unknown_pulse_complete,9130222823406097446,4742,1791358066290026812,23.321026812,True
1791358066303608242,,2089,bird_eye,0,0,False,0.0,unknown_pulse_complete,9130222823406097446,4744,1791358066326403203,23.357403203,True
1791358066335513131,,2090,bird_eye,0,0,False,0.0,unknown_pulse_complete,9130222823406097446,4745,1791358066358350904,23.389350904,True
1791358066369084838,,2091,bird_eye,0,0,False,0.0,unknown_pulse_complete,9130222823406097446,4747,1791358066390705067,23.421705067,True
1791358066409639664,,2092,bird_eye,0,0,False,0.0,unknown_pulse_complete,9130222823406097446,4749,1791358066430218750,23.46121875,True
1791358066448006789,,2093,bird_eye,0,0,False,0.0,unknown_pulse_complete,9130222823406097446,4751,1791358066470186958,23.501186958,True
1791358066485085445,,2094,bird_eye,0,0,False,0.0,unknown_pulse_complete,9130222823406097446,4753,1791358066506315595,23.537315595,True
1791358066515310699,,2095,bird_eye,0,0,False,0.0,unknown_pulse_complete,9130222823406097446,4754,1791358066537425798,23.568425798,True
1791358066551581260,,2096,bird_eye,0,0,False,0.0,unknown_pulse_complete,9130222823406097446,4756,1791358066572372474,23.603372474,True
1791358066578807399,,2097,bird_eye,0,0,False,0.0,unknown_pulse_complete,9130222823406097446,4757,1791358066599682402,23.630682402,True
1791358066613952349,,2098,bird_eye,0,0,False,0.0,unknown_pulse_complete,9130222823406097446,4759,1791358066635204687,23.666204687,True
1791358066642119925,,2099,bird_eye,0,0,False,0.0,unknown_pulse_complete,9130222823406097446,4760,1791358066664487274,23.695487274,True
1791358066670403249,,2100,bird_eye,0,0,False,0.0,unknown_pulse_complete,9130222823406097446,4762,1791358066696330604,23.727330604,True
1791358066701494988,,2101,bird_eye,0,0,False,0.0,unknown_pulse_complete,9130222823406097446,4763,1791358066722415959,23.753415959,True
1791358066735154721,,2102,bird_eye,0,0,False,0.0,unknown_pulse_complete,9130222823406097446,4765,1791358066757353729,23.788353729,True
1791358066769637784,,2103,bird_eye,0,0,False,0.0,unknown_pulse_complete,9130222823406097446,4767,1791358066796611122,23.827611122,True
1791358066802276044,,2104,bird_eye,0,0,False,0.0,unknown_pulse_complete,9130222823406097446,4768,1791358066825229054,23.856229054,True
1791358066834645917,,2105,bird_eye,0,0,False,0.0,unknown_pulse_complete,9130222823406097446,4770,1791358066856223373,23.887223373,True
1791358066870394253,,2106,bird_eye,0,0,False,0.0,unknown_pulse_complete,9130222823406097446,4772,1791358066891470513,23.922470513,True
1791358066901621026,,2107,bird_eye,0,0,False,0.0,unknown_pulse_complete,9130222823406097446,4773,1791358066923798165,23.954798165,True
1791358066934829913,,2108,bird_eye,0,0,False,0.0,unknown_pulse_complete,9130222823406097446,4775,1791358066956345646,23.987345646,True
1791358066968463328,,2109,bird_eye,0,0,False,0.0,unknown_pulse_complete,9130222823406097446,4777,1791358066989229781,24.020229781,True
1791358067005228873,,2110,bird_eye,0,0,False,0.0,unknown_pulse_complete,9130222823406097446,4779,1791358067026157733,24.057157733,True
1791358067034763980,,2111,bird_eye,0,0,False,0.0,unknown_pulse_complete,9130222823406097446,4780,1791358067057337058,24.088337058,True
1791358067068332620,,2112,bird_eye,0,0,False,0.0,unknown_pulse_complete,9130222823406097446,4782,1791358067090374973,24.121374973,True
1791358067101466339,,2113,bird_eye,0,0,False,0.0,unknown_pulse_complete,9130222823406097446,4783,1791358067123912091,24.154912091,True
1791358067134867404,,2114,bird_eye,0,0,False,0.0,unknown_pulse_complete,9130222823406097446,4785,1791358067156979537,24.187979537,True
1791358067168544708,,2115,bird_eye,0,0,False,0.0,unknown_pulse_complete,9130222823406097446,4787,1791358067189726870,24.22072687,True
1791358067203809955,,2116,bird_eye,0,0,False,0.0,unknown_pulse_complete,9130222823406097446,4788,1791358067226815769,24.257815769,True
1791358067236815659,,2117,bird_eye,0,0,False,0.0,unknown_pulse_complete,9130222823406097446,4790,1791358067258053820,24.28905382,True
1791358067270476581,,2118,bird_eye,0,0,False,0.0,unknown_pulse_complete,9130222823406097446,4792,1791358067291670465,24.322670465,True
1791358067303279973,,2119,bird_eye,0,0,False,0.0,unknown_pulse_complete,9130222823406097446,4793,1791358067326151702,24.357151702,True
1791358067334819657,,2120,bird_eye,0,0,False,0.0,unknown_pulse_complete,9130222823406097446,4795,1791358067357379376,24.388379376,True
1791358067368452580,,2121,bird_eye,0,0,False,0.0,unknown_pulse_complete,9130222823406097446,4797,1791358067390167370,24.42116737,True
1791358067403243137,,2122,bird_eye,0,0,False,0.0,unknown_pulse_complete,9130222823406097446,4799,1791358067424038192,24.455038192,True
1791358067437658282,,2123,bird_eye,0,0,False,0.0,unknown_pulse_complete,9130222823406097446,4800,1791358067459667397,24.490667397,True
1791358067467770558,,2124,bird_eye,0,0,False,0.0,unknown_pulse_complete,9130222823406097446,4802,1791358067489064375,24.520064375,True
1791358067506084707,,2125,bird_eye,0,0,False,0.0,unknown_pulse_complete,9130222823406097446,4804,1791358067528134458,24.559134458,True
1791358067540813340,,2126,bird_eye,0,0,False,0.0,unknown_pulse_complete,9130222823406097446,4805,1791358067562210446,24.593210446,True
1791358067574283802,,2127,bird_eye,0,0,False,0.0,unknown_pulse_complete,9130222823406097446,4807,1791358067595422432,24.626422432,True
1791358067606531075,,2128,bird_eye,0,0,False,0.0,unknown_pulse_complete,9130222823406097446,4809,1791358067627524662,24.658524662,True
1791358067649036700,,2129,bird_eye,0,0,False,0.0,unknown_pulse_complete,9130222823406097446,4811,1791358067671793053,24.702793053,True
1791358067678217606,,2130,bird_eye,0,0,False,0.0,unknown_pulse_complete,9130222823406097446,4812,1791358067700194398,24.731194398,True
1791358067705805490,,2131,bird_eye,0,0,False,0.0,unknown_pulse_complete,9130222823406097446,4813,1791358067729151780,24.76015178,True
1791358067734812159,,2132,bird_eye,0,0,False,0.0,unknown_pulse_complete,9130222823406097446,4815,1791358067756378968,24.787378968,True
1791358067768049866,,2133,bird_eye,0,0,False,0.0,unknown_pulse_complete,9130222823406097446,4817,1791358067789482711,24.820482711,True
1791358067803778319,,2134,bird_eye,0,0,False,0.0,unknown_pulse_complete,9130222823406097446,4819,1791358067825930253,24.856930253,True
1791358067836193930,,2135,bird_eye,0,0,False,0.0,unknown_pulse_complete,9130222823406097446,4820,1791358067858250403,24.889250403,True
1791358067868006951,,2136,bird_eye,0,0,False,0.0,unknown_pulse_complete,9130222823406097446,4822,1791358067889180515,24.920180515,True
1791358067903225285,,2137,bird_eye,0,0,False,0.0,unknown_pulse_complete,9130222823406097446,4824,1791358067924370163,24.955370163,True
1791358067935148112,,2138,bird_eye,0,0,False,0.0,unknown_pulse_complete,9130222823406097446,4825,1791358067956386233,24.987386233,True
1791358067968901348,,2139,bird_eye,0,0,False,0.0,unknown_pulse_complete,9130222823406097446,4827,1791358067989314276,25.020314276,True
1791358068002094841,,2140,bird_eye,0,0,False,0.0,unknown_pulse_complete,9130222823406097446,4828,1791358068025855706,25.056855706,True
1791358068034877947,,2141,bird_eye,0,0,False,0.0,unknown_pulse_complete,9130222823406097446,4830,1791358068056025204,25.087025204,True
1791358068079481650,,2142,bird_eye,0,0,False,0.0,unknown_pulse_complete,9130222823406097446,4832,1791358068100166275,25.131166275,True
1791358068107504233,,2143,bird_eye,0,0,False,0.0,unknown_pulse_complete,9130222823406097446,4833,1791358068129397594,25.160397594,True
1791358068182449495,,2144,bird_eye,0,0,False,0.0,unknown_pulse_complete,9130222823406097446,4837,1791358068203394818,25.234394818,True
1791358068246753480,,2145,bird_eye,0,0,False,0.0,unknown_pulse_complete,9130222823406097446,4841,1791358068268519390,25.29951939,True
1791358068274643884,,2146,bird_eye,0,0,False,0.0,unknown_pulse_complete,9130222823406097446,4842,1791358068295724008,25.326724008,True
1791358068300847422,,2147,bird_eye,0,0,False,0.0,unknown_pulse_complete,9130222823406097446,4843,1791358068322221456,25.353221456,True
1791358068335259293,,2148,bird_eye,0,0,False,0.0,unknown_pulse_complete,9130222823406097446,4845,1791358068358882011,25.389882011,True
1791358068370414197,,2149,bird_eye,0,0,False,0.0,unknown_pulse_complete,9130222823406097446,4847,1791358068393966928,25.424966928,True
1791358068401993859,,2150,bird_eye,0,0,False,0.0,unknown_pulse_complete,9130222823406097446,4848,1791358068426356974,25.457356974,True
1791358068436797663,,2151,bird_eye,0,0,False,0.0,unknown_pulse_complete,9130222823406097446,4850,1791358068462459509,25.493459509,True
1791358068470139145,,2152,bird_eye,0,0,False,0.0,unknown_pulse_complete,9130222823406097446,4852,1791358068492729421,25.523729421,True
1791358068501442783,,2153,bird_eye,0,0,False,0.0,unknown_pulse_complete,9130222823406097446,4853,1791358068526559626,25.557559626,True
1791358068545318432,,2154,bird_eye,0,0,False,0.0,unknown_pulse_complete,9130222823406097446,4856,1791358068566705717,25.597705717,True
1791358068584525187,,2155,bird_eye,0,0,False,0.0,unknown_pulse_complete,9130222823406097446,4858,1791358068606246146,25.637246146,True
1791358068617656480,,2156,bird_eye,0,0,False,0.0,unknown_pulse_complete,9130222823406097446,4859,1791358068640012549,25.671012549,True
1791358068649800565,,2157,bird_eye,0,0,False,0.0,unknown_pulse_complete,9130222823406097446,4861,1791358068670928450,25.70192845,True
1791358068687819394,,2158,bird_eye,0,0,False,0.0,unknown_pulse_complete,9130222823406097446,4863,1791358068708964678,25.739964678,True
1791358068719841962,,2159,bird_eye,0,0,False,0.0,unknown_pulse_complete,9130222823406097446,4864,1791358068743221921,25.774221921,True
1791358068749813312,,2160,bird_eye,0,0,False,0.0,unknown_pulse_complete,9130222823406097446,4866,1791358068771251508,25.802251508,True
1791358068777426883,,2161,bird_eye,0,0,False,0.0,unknown_pulse_complete,9130222823406097446,4867,1791358068799481731,25.830481731,True
1791358068811978627,,2162,bird_eye,0,0,False,0.0,unknown_pulse_complete,9130222823406097446,4869,1791358068833303023,25.864303023,True
1791358068847918521,,2163,bird_eye,0,0,False,0.0,unknown_pulse_complete,9130222823406097446,4871,1791358068868817612,25.899817612,True
1791358068874837600,,2164,bird_eye,0,0,False,0.0,unknown_pulse_complete,9130222823406097446,4872,1791358068895666791,25.926666791,True
1791358068902718576,,2165,bird_eye,0,0,False,0.0,unknown_pulse_complete,9130222823406097446,4873,1791358068925063889,25.956063889,True
1791358068936846902,,2166,bird_eye,0,0,False,0.0,unknown_pulse_complete,9130222823406097446,4875,1791358068957694210,25.98869421,True
1791358068967583118,,2167,bird_eye,0,0,False,0.0,unknown_pulse_complete,9130222823406097446,4877,1791358068989212972,26.020212972,True
1791358069002084777,,2168,bird_eye,0,0,False,0.0,unknown_pulse_complete,9130222823406097446,4878,1791358069023991818,26.054991818,True
1791358069035404524,,2169,bird_eye,0,0,False,0.0,unknown_pulse_complete,9130222823406097446,4880,1791358069056707212,26.087707212,True
1791358069068769725,,2170,bird_eye,0,0,False,0.0,unknown_pulse_complete,9130222823406097446,4882,1791358069091496539,26.122496539,True
1791358069113034580,,2171,bird_eye,0,0,False,0.0,unknown_pulse_complete,9130222823406097446,4884,1791358069135824479,26.166824479,True
1791358069141603758,,2172,bird_eye,0,0,False,0.0,unknown_pulse_complete,9130222823406097446,4885,1791358069163787505,26.194787505,True
1791358069170969766,,2173,bird_eye,0,0,False,0.0,unknown_pulse_complete,9130222823406097446,4887,1791358069193385494,26.224385494,True
1791358069202000351,,2174,bird_eye,0,0,False,0.0,unknown_pulse_complete,9130222823406097446,4888,1791358069224033364,26.255033364,True
1791358069238525762,,2175,bird_eye,0,0,False,0.0,unknown_pulse_complete,9130222823406097446,4890,1791358069260925204,26.291925204,True
1791358069268677949,,2176,bird_eye,0,0,False,0.0,unknown_pulse_complete,9130222823406097446,4892,1791358069290154511,26.321154511,True
1791358069301923732,,2177,bird_eye,0,0,False,0.0,unknown_pulse_complete,9130222823406097446,4893,1791358069325826027,26.356826027,True
1791358069337284302,,2178,bird_eye,0,0,False,0.0,unknown_pulse_complete,9130222823406097446,4895,1791358069358657737,26.389657737,True
1791358069370733994,,2179,bird_eye,0,0,False,0.0,unknown_pulse_complete,9130222823406097446,4897,1791358069392269370,26.42326937,True
1791358069403151411,,2180,bird_eye,0,0,False,0.0,unknown_pulse_complete,9130222823406097446,4899,1791358069424772411,26.455772411,True
1791358069438970419,,2181,bird_eye,0,0,False,0.0,unknown_pulse_complete,9130222823406097446,4900,1791358069460947407,26.491947407,True
1791358069468810579,,2182,bird_eye,0,0,False,0.0,unknown_pulse_complete,9130222823406097446,4902,1791358069490088728,26.521088728,True
1791358069501348728,,2183,bird_eye,0,0,False,0.0,unknown_pulse_complete,9130222823406097446,4903,1791358069524122340,26.55512234,True
1791358069533809557,,2184,bird_eye,0,0,False,0.0,unknown_pulse_complete,9130222823406097446,4905,1791358069561012953,26.592012953,True
1791358069568420446,,2185,bird_eye,0,0,False,0.0,unknown_pulse_complete,9130222823406097446,4907,1791358069590202097,26.621202097,True
1791358069603692609,,2186,bird_eye,0,0,False,0.0,unknown_pulse_complete,9130222823406097446,4909,1791358069624809055,26.655809055,True
1791358069637195430,,2187,bird_eye,0,0,False,0.0,unknown_pulse_complete,9130222823406097446,4910,1791358069660560335,26.691560335,True
1791358069668714439,,2188,bird_eye,0,0,False,0.0,unknown_pulse_complete,9130222823406097446,4912,1791358069690011072,26.721011072,True
1791358069702204657,,2189,bird_eye,0,0,False,0.0,unknown_pulse_complete,9130222823406097446,4913,1791358069725884778,26.756884778,True
1791358069733869144,,2190,bird_eye,0,0,False,0.0,unknown_pulse_complete,9130222823406097446,4915,1791358069754945235,26.785945235,True
1791358069777374855,,2191,bird_eye,0,0,False,0.0,unknown_pulse_complete,9130222823406097446,4917,1791358069798746318,26.829746318,True
1791358069804301738,,2192,bird_eye,0,0,False,0.0,unknown_pulse_complete,9130222823406097446,4918,1791358069827050957,26.858050957,True
1791358069836379250,,2193,bird_eye,0,0,False,0.0,unknown_pulse_complete,9130222823406097446,4920,1791358069857412559,26.888412559,True
1791358069872022614,,2194,bird_eye,0,0,False,0.0,unknown_pulse_complete,9130222823406097446,4922,1791358069893876323,26.924876323,True
1791358069901954823,,2195,bird_eye,0,0,False,0.0,unknown_pulse_complete,9130222823406097446,4923,1791358069928072792,26.959072792,True
1791358069933744646,,2196,bird_eye,0,0,False,0.0,unknown_pulse_complete,9130222823406097446,4925,1791358069957949851,26.988949851,True
1791358069967392832,,2197,bird_eye,0,0,False,0.0,unknown_pulse_complete,9130222823406097446,4927,1791358069988527356,27.019527356,True
1791358070000621190,,2198,bird_eye,0,0,False,0.0,unknown_pulse_complete,9130222823406097446,4928,1791358070022831276,27.053831276,True
1791358070034867140,,2199,bird_eye,0,0,False,0.0,unknown_pulse_complete,9130222823406097446,4930,1791358070057270463,27.088270463,True
1791358070066786739,,2200,bird_eye,0,0,False,0.0,unknown_pulse_complete,9130222823406097446,4932,1791358070087451837,27.118451837,True
1791358070102562228,,2201,bird_eye,0,0,False,0.0,unknown_pulse_complete,9130222823406097446,4933,1791358070125169721,27.156169721,True
1791358070136744180,,2202,bird_eye,0,0,False,0.0,unknown_pulse_complete,9130222823406097446,4935,1791358070160331130,27.19133113,True
1791358070167352556,,2203,bird_eye,0,0,False,0.0,unknown_pulse_complete,9130222823406097446,4937,1791358070188520538,27.219520538,True
1791358070201212451,,2204,bird_eye,2,1,True,0.25,ttc_warning:cadence_triple,9130222823406097446,4938,1791358070223735030,27.25473503,True
1791358070234109114,,2205,bird_eye,3,2,True,0.25,finite_warning_hold:cadence_triple,9130222823406097446,4940,1791358070261510553,27.292510553,True
1791358070267280504,,2206,bird_eye,3,2,True,0.25,finite_warning_hold:cadence_triple,9130222823406097446,4942,1791358070288840171,27.319840171,True
1791358070304459585,,2207,bird_eye,0,0,False,0.0,cadence_gap:triple,9130222823406097446,4943,1791358070326989797,27.357989797,True
1791358070334173240,,2208,bird_eye,0,0,False,0.0,cadence_gap:triple,9130222823406097446,4945,1791358070356854431,27.387854431,True
1791358070367350948,,2209,bird_eye,0,0,False,0.0,cadence_gap:triple,9130222823406097446,4947,1791358070388738451,27.419738451,True
1791358070405519702,,2210,bird_eye,2,1,True,0.25,ttc_warning:cadence_triple,9130222823406097446,4949,1791358070426865360,27.45786536,True
1791358070436813793,,2211,bird_eye,2,1,True,0.25,ttc_warning:cadence_triple,9130222823406097446,4950,1791358070458260954,27.489260954,True
1791358070467406674,,2212,bird_eye,2,1,True,0.25,ttc_warning:cadence_triple,9130222823406097446,4952,1791358070488765649,27.519765649,True
1791358070507149089,,2213,bird_eye,0,0,False,0.0,cadence_gap:triple,9130222823406097446,4954,1791358070527849640,27.55884964,True
1791358070536568172,,2214,bird_eye,4,1,True,0.4000000059604645,ttc_critical:cadence_triple,9130222823406097446,4955,1791358070558359521,27.589359521,True
1791358070567442529,,2215,bird_eye,4,1,True,0.4000000059604645,ttc_critical:cadence_triple,9130222823406097446,4957,1791358070588591907,27.619591907,True
1791358070607357817,,2216,bird_eye,4,1,True,0.4000000059604645,ttc_critical:cadence_triple,9130222823406097446,4959,1791358070630094055,27.661094055,True
1791358070636346255,,2217,bird_eye,4,1,True,0.4000000059604645,ttc_critical:cadence_triple,9130222823406097446,4960,1791358070661175518,27.692175518,True
1791358070671213278,,2218,bird_eye,0,0,False,0.0,cadence_gap:triple,9130222823406097446,4962,1791358070695841818,27.726841818,True
1791358070700742556,,2219,bird_eye,0,0,False,0.0,cadence_gap:triple,9130222823406097446,4963,1791358070721602181,27.752602181,True
1791358070734469164,,2220,bird_eye,4,1,True,0.4000000059604645,ttc_critical:cadence_triple,9130222823406097446,4965,1791358070755501391,27.786501391,True
1791358070768214775,,2221,bird_eye,2,1,True,0.25,ttc_warning:cadence_triple,9130222823406097446,4967,1791358070790624829,27.821624829,True
1791358070802524359,,2222,bird_eye,2,1,True,0.25,ttc_warning:cadence_triple,9130222823406097446,4968,1791358070824835888,27.855835888,True
1791358070834850209,,2223,bird_eye,0,0,False,0.0,cadence_gap:triple,9130222823406097446,4970,1791358070855611943,27.886611943,True
1791358070867638454,,2224,bird_eye,0,0,False,0.0,cadence_gap:triple,9130222823406097446,4972,1791358070892296971,27.923296971,True
1791358070901302099,,2225,bird_eye,2,1,True,0.25,ttc_warning:cadence_triple,9130222823406097446,4973,1791358070927956143,27.958956143,True
1791358070934180918,,2226,bird_eye,2,1,True,0.25,ttc_warning:cadence_triple,9130222823406097446,4975,1791358070957334481,27.988334481,True
1791358070967610196,,2227,bird_eye,2,1,True,0.25,ttc_warning:cadence_triple,9130222823406097446,4977,1791358070995171809,28.026171809,True
1791358071001192936,,2228,bird_eye,0,0,False,0.0,cadence_gap:triple,9130222823406097446,4978,1791358071024300267,28.055300267,True
1791358071034103714,,2229,bird_eye,0,0,False,0.0,cadence_gap:triple,9130222823406097446,4980,1791358071055651478,28.086651478,True
1791358071068484712,,2230,bird_eye,0,0,False,0.0,cadence_complete,9130222823406097446,4982,1791358071089899218,28.120899218,True
1791358071101018453,,2231,bird_eye,0,0,False,0.0,cadence_complete,9130222823406097446,4983,1791358071122817105,28.153817105,True
1791358071134287940,,2232,bird_eye,0,0,False,0.0,cadence_complete,9130222823406097446,4985,1791358071156427299,28.187427299,True
1791358071167649425,,2233,bird_eye,0,0,False,0.0,cadence_complete,9130222823406097446,4987,1791358071188956623,28.219956623,True
1791358071200933583,,2234,bird_eye,0,0,False,0.0,cadence_complete,9130222823406097446,4988,1791358071225772352,28.256772352,True
1791358071234173941,,2235,bird_eye,0,0,False,0.0,cadence_complete,9130222823406097446,4990,1791358071256243459,28.287243459,True
1791358071267487942,,2236,bird_eye,0,0,False,0.0,cadence_complete,9130222823406097446,4992,1791358071290547643,28.321547643,True
1791358071300997742,,2237,bird_eye,0,0,False,0.0,cadence_complete,9130222823406097446,4993,1791358071327001480,28.35800148,True
1791358071334184513,,2238,bird_eye,0,0,False,0.0,cadence_complete,9130222823406097446,4995,1791358071361539419,28.392539419,True
1791358071369801147,,2239,bird_eye,0,0,False,0.0,cadence_complete,9130222823406097446,4997,1791358071392281398,28.423281398,True
1791358071404764506,,2240,bird_eye,0,0,False,0.0,cadence_complete,9130222823406097446,4998,1791358071427202463,28.458202463,True
1791358071434301947,,2241,bird_eye,0,0,False,0.0,cadence_complete,9130222823406097446,5000,1791358071456649704,28.487649704,True
1791358071469790031,,2242,bird_eye,0,0,False,0.0,cadence_complete,9130222823406097446,5002,1791358071494546415,28.525546415,True
1791358071500858823,,2243,bird_eye,0,0,False,0.0,cadence_complete,9130222823406097446,5003,1791358071522404502,28.553404502,True
1791358071535952250,,2244,bird_eye,0,0,False,0.0,cadence_complete,9130222823406097446,5005,1791358071557913516,28.588913516,True
1791358071568187724,,2245,bird_eye,0,0,False,0.0,cadence_complete,9130222823406097446,5007,1791358071592144849,28.623144849,True
1791358071601357308,,2246,bird_eye,0,0,False,0.0,cadence_complete,9130222823406097446,5008,1791358071623307995,28.654307995,True
1791358071636072403,,2247,bird_eye,0,0,False,0.0,cadence_complete,9130222823406097446,5010,1791358071659531513,28.690531513,True
1791358071667847411,,2248,bird_eye,0,0,False,0.0,cadence_complete,9130222823406097446,5012,1791358071689844062,28.720844062,True
1791358071700943500,,2249,bird_eye,0,0,False,0.0,cadence_complete,9130222823406097446,5013,1791358071721912608,28.752912608,True
1791358071733741596,,2250,bird_eye,0,0,False,0.0,cadence_complete,9130222823406097446,5015,1791358071755990474,28.786990474,True
1791358071768043077,,2251,bird_eye,0,0,False,0.0,cadence_complete,9130222823406097446,5017,1791358071790981247,28.821981247,True
1791358071800674953,,2252,bird_eye,0,0,False,0.0,cadence_complete,9130222823406097446,5018,1791358071821809830,28.85280983,True
1791358071835079030,,2253,bird_eye,0,0,False,0.0,cadence_complete,9130222823406097446,5020,1791358071858601211,28.889601211,True
1791358071867791463,,2254,bird_eye,0,0,False,0.0,cadence_complete,9130222823406097446,5022,1791358071889064091,28.920064091,True
1791358071901524500,,2255,bird_eye,0,0,False,0.0,cadence_complete,9130222823406097446,5023,1791358071922929435,28.953929435,True
1791358071936076129,,2256,bird_eye,0,0,False,0.0,cadence_complete,9130222823406097446,5025,1791358071957065124,28.988065124,True
1791358071968044522,,2257,bird_eye,0,0,False,0.0,cadence_complete,9130222823406097446,5027,1791358071989228299,29.020228299,True
1791358072001350745,,2258,bird_eye,0,0,False,0.0,cadence_complete,9130222823406097446,5028,1791358072022874193,29.053874193,True
1791358072034005866,,2259,bird_eye,0,0,False,0.0,cadence_complete,9130222823406097446,5030,1791358072055877368,29.086877368,True
1791358072067387820,,2260,bird_eye,0,0,False,0.0,cadence_complete,9130222823406097446,5032,1791358072088395728,29.119395728,True
1791358072101075260,,2261,bird_eye,0,0,False,0.0,cadence_complete,9130222823406097446,5033,1791358072122807916,29.153807916,True
1791358072134139541,,2262,bird_eye,0,0,False,0.0,cadence_complete,9130222823406097446,5035,1791358072156056627,29.187056627,True
1791358072167731891,,2263,bird_eye,0,0,False,0.0,cadence_complete,9130222823406097446,5037,1791358072188534033,29.219534033,True
1791358072201153186,,2264,bird_eye,0,0,False,0.0,cadence_complete,9130222823406097446,5038,1791358072223771696,29.254771696,True
1791358072234133091,,2265,bird_eye,0,0,False,0.0,cadence_complete,9130222823406097446,5040,1791358072256347696,29.287347696,True
1791358072267653457,,2266,bird_eye,0,0,False,0.0,cadence_complete,9130222823406097446,5042,1791358072289299739,29.320299739,True
1791358072300943133,,2267,bird_eye,0,0,False,0.0,cadence_complete,9130222823406097446,5043,1791358072325304018,29.356304018,True
1791358072335390448,,2268,bird_eye,0,0,False,0.0,cadence_complete,9130222823406097446,5045,1791358072359870803,29.390870803,True
1791358072369087787,,2269,bird_eye,0,0,False,0.0,cadence_complete,9130222823406097446,5047,1791358072390726496,29.421726496,True
1791358072400948291,,2270,bird_eye,0,0,False,0.0,cadence_complete,9130222823406097446,5048,1791358072422486320,29.45348632,True
1791358072438953394,,2271,bird_eye,0,0,False,0.0,cadence_complete,9130222823406097446,5050,1791358072459996629,29.490996629,True
1791358072467518020,,2272,bird_eye,0,0,False,0.0,cadence_complete,9130222823406097446,5052,1791358072489086130,29.52008613,True
1791358072500518553,,2273,bird_eye,0,0,False,0.0,cadence_complete,9130222823406097446,5053,1791358072522929967,29.553929967,True
1791358072534455459,,2274,bird_eye,0,0,False,0.0,cadence_cancelled_by_clear,9130222823406097446,5055,1791358072556052184,29.587052184,True
1791358072566471012,,2275,bird_eye,0,0,False,0.0,no_alert,9130222823406097446,5057,1791358072588775667,29.619775667,True
1791358072603077280,,2276,bird_eye,0,0,False,0.0,no_alert,9130222823406097446,5058,1791358072626133864,29.657133864,True
1791358072633482707,,2277,bird_eye,0,0,False,0.0,no_alert,9130222823406097446,5060,1791358072656112176,29.687112176,True
1791358072668561546,,2278,bird_eye,0,0,False,0.0,no_alert,9130222823406097446,5062,1791358072691550933,29.722550933,True
1791358072707238775,,2279,bird_eye,0,0,False,0.0,no_alert,9130222823406097446,5064,1791358072734826848,29.765826848,True
1791358072735329735,,2280,bird_eye,0,0,False,0.0,no_alert,9130222823406097446,5065,1791358072769816990,29.80081699,True
1791358072767028950,,2281,bird_eye,0,0,False,0.0,no_alert,9130222823406097446,5067,1791358072789157536,29.820157536,True
1791358072800405331,,2282,bird_eye,0,0,False,0.0,no_alert,9130222823406097446,5068,1791358072826001538,29.857001538,True
1791358072833555141,,2283,bird_eye,0,0,False,0.0,no_alert,9130222823406097446,5070,1791358072854347983,29.885347983,True
1791358072870900388,,2284,bird_eye,0,0,False,0.0,no_alert,9130222823406097446,5072,1791358072901120035,29.932120035,True
1791358072900628889,,2285,bird_eye,0,0,False,0.0,no_alert,9130222823406097446,5073,1791358072922449167,29.953449167,True
1791358072933704082,,2286,bird_eye,0,0,False,0.0,no_alert,9130222823406097446,5075,1791358072957685374,29.988685374,True
1791358072966830826,,2287,bird_eye,0,0,False,0.0,no_alert,9130222823406097446,5077,1791358072989720419,30.020720419,True
1791358073001737608,,2288,bird_eye,0,0,False,0.0,no_alert,9130222823406097446,5078,1791358073026573228,30.057573228,True
1791358073034384332,,2289,bird_eye,0,0,False,0.0,no_alert,9130222823406097446,5080,1791358073055962706,30.086962706,True
1791358073067557648,,2290,bird_eye,0,0,False,0.0,no_alert,9130222823406097446,5082,1791358073089267178,30.120267178,True
1791358073100822872,,2291,bird_eye,0,0,False,0.0,no_alert,9130222823406097446,5083,1791358073123067499,30.154067499,True
1791358073134392222,,2292,bird_eye,0,0,False,0.0,no_alert,9130222823406097446,5085,1791358073158721118,30.189721118,True
1791358073169055826,,2293,bird_eye,0,0,False,0.0,no_alert,9130222823406097446,5087,1791358073190403498,30.221403498,True
1791358073202223201,,2294,bird_eye,0,0,False,0.0,no_alert,9130222823406097446,5088,1791358073224137029,30.255137029,True
1791358073234275728,,2295,bird_eye,0,0,False,0.0,no_alert,9130222823406097446,5090,1791358073260869346,30.291869346,True
1791358073267117983,,2296,bird_eye,0,0,False,0.0,no_alert,9130222823406097446,5092,1791358073290407945,30.321407945,True
1791358073300583810,,2297,bird_eye,0,0,False,0.0,no_alert,9130222823406097446,5093,1791358073322239088,30.353239088,True
1791358073335136864,,2298,bird_eye,0,0,False,0.0,no_alert,9130222823406097446,5095,1791358073356982154,30.387982154,True
1791358073368378912,,2299,bird_eye,0,0,False,0.0,no_alert,9130222823406097446,5097,1791358073390752863,30.421752863,True
1791358073402191979,,2300,bird_eye,0,0,False,0.0,no_alert,9130222823406097446,5098,1791358073424216015,30.455216015,True
1791358073433754987,,2301,bird_eye,0,0,False,0.0,no_alert,9130222823406097446,5100,1791358073455706844,30.486706844,True
1791358073469332214,,2302,bird_eye,0,0,False,0.0,no_alert,9130222823406097446,5102,1791358073491951347,30.522951347,True
1791358073504029305,,2303,bird_eye,0,0,False,0.0,no_alert,9130222823406097446,5104,1791358073529667984,30.560667984,True
1791358073534100201,,2304,bird_eye,0,0,False,0.0,no_alert,9130222823406097446,5105,1791358073556532144,30.587532144,True
1791358073566936938,,2305,bird_eye,0,0,False,0.0,no_alert,9130222823406097446,5107,1791358073588967976,30.619967976,True
1791358073601442712,,2306,bird_eye,0,0,False,0.0,no_alert,9130222823406097446,5108,1791358073625303532,30.656303532,True
1791358073635932876,,2307,bird_eye,0,0,False,0.0,no_alert,9130222823406097446,5110,1791358073662937452,30.693937452,True
1791358073667086610,,2308,bird_eye,0,0,False,0.0,no_alert,9130222823406097446,5112,1791358073688392720,30.71939272,True
1791358073700386508,,2309,bird_eye,0,0,False,0.0,no_alert,9130222823406097446,5113,1791358073721481779,30.752481779,True
1791358073735365802,,2310,bird_eye,0,0,False,0.0,no_alert,9130222823406097446,5115,1791358073760658167,30.791658167,True
1791358073766722977,,2311,bird_eye,0,0,False,0.0,no_alert,9130222823406097446,5117,1791358073787741209,30.818741209,True
1791358073800420547,,2312,bird_eye,0,0,False,0.0,no_alert,9130222823406097446,5118,1791358073823542863,30.854542863,True
1791358073834431553,,2313,bird_eye,0,0,False,0.0,no_alert,9130222823406097446,5120,1791358073855744449,30.886744449,True
1791358073867353601,,2314,bird_eye,0,0,False,0.0,no_alert,9130222823406097446,5122,1791358073888551746,30.919551746,True
1791358073901396841,,2315,bird_eye,0,0,False,0.0,no_alert,9130222823406097446,5123,1791358073924810992,30.955810992,True
1791358073935600040,,2316,bird_eye,0,0,False,0.0,no_alert,9130222823406097446,5125,1791358073957933959,30.988933959,True
1791358073971151112,,2317,bird_eye,0,0,False,0.0,no_alert,9130222823406097446,5127,1791358073993124536,31.024124536,True
1791358074000445422,,2318,bird_eye,0,0,False,0.0,no_alert,9130222823406097446,5128,1791358074024441398,31.055441398,True
1791358074034739231,,2319,bird_eye,0,0,False,0.0,no_alert,9130222823406097446,5130,1791358074055699204,31.086699204,True
1791358074067493893,,2320,bird_eye,0,0,False,0.0,no_alert,9130222823406097446,5131,1791358074089019268,31.120019268,True
1791358074101607117,,2321,bird_eye,0,0,False,0.0,no_alert,9130222823406097446,5133,1791358074123131095,31.154131095,True
1791358074134220601,,2322,bird_eye,0,0,False,0.0,no_alert,9130222823406097446,5135,1791358074156352987,31.187352987,True
1791358074166645467,,2323,bird_eye,0,0,False,0.0,no_alert,9130222823406097446,5137,1791358074187857853,31.218857853,True
1791358074200572533,,2324,bird_eye,0,0,False,0.0,no_alert,9130222823406097446,5138,1791358074225976019,31.256976019,True
1791358074233531999,,2325,bird_eye,0,0,False,0.0,no_alert,9130222823406097446,5140,1791358074256673386,31.287673386,True
1791358074267744669,,2326,bird_eye,0,0,False,0.0,no_alert,9130222823406097446,5142,1791358074289663540,31.32066354,True
1791358074306507291,,2327,bird_eye,0,0,False,0.0,no_alert,9130222823406097446,5144,1791358074328744980,31.35974498,True
1791358074335560320,,2328,bird_eye,0,0,False,0.0,no_alert,9130222823406097446,5145,1791358074358650117,31.389650117,True
1791358074376673845,,2329,bird_eye,0,0,False,0.0,no_alert,9130222823406097446,5147,1791358074399337889,31.430337889,True
1791358074404550232,,2330,bird_eye,0,0,False,0.0,no_alert,9130222823406097446,5149,1791358074432747190,31.46374719,True
1791358074434318978,,2331,bird_eye,0,0,False,0.0,no_alert,9130222823406097446,5150,1791358074456121440,31.48712144,True
1791358074467607502,,2332,bird_eye,0,0,False,0.0,no_alert,9130222823406097446,5152,1791358074488644432,31.519644432,True
1791358074511532956,,2333,bird_eye,0,0,False,0.0,no_alert,9130222823406097446,5154,1791358074534170701,31.565170701,True
1791358074542603169,,2334,bird_eye,0,0,False,0.0,no_alert,9130222823406097446,5155,1791358074566407127,31.597407127,True
1791358074570570431,,2335,bird_eye,0,0,False,0.0,no_alert,9130222823406097446,5157,1791358074593519580,31.62451958,True
1791358074605262458,,2336,bird_eye,0,0,False,0.0,no_alert,9130222823406097446,5159,1791358074627344165,31.658344165,True
1791358074634108712,,2337,bird_eye,0,0,False,0.0,no_alert,9130222823406097446,5160,1791358074655986801,31.686986801,True
1791358074667321125,,2338,bird_eye,0,0,False,0.0,no_alert,9130222823406097446,5162,1791358074688566109,31.719566109,True
1791358074700398681,,2339,bird_eye,0,0,False,0.0,no_alert,9130222823406097446,5163,1791358074721363584,31.752363584,True
1791358074734522801,,2340,bird_eye,0,0,False,0.0,no_alert,9130222823406097446,5165,1791358074756868470,31.78786847,True
1791358074769926452,,2341,bird_eye,0,0,False,0.0,no_alert,9130222823406097446,5167,1791358074791351935,31.822351935,True
1791358074801239551,,2342,bird_eye,0,0,False,0.0,no_alert,9130222823406097446,5168,1791358074823846084,31.854846084,True
1791358074834264980,,2343,bird_eye,0,0,False,0.0,no_alert,9130222823406097446,5170,1791358074855990917,31.886990917,True
1791358074869426969,,2344,bird_eye,0,0,False,0.0,no_alert,9130222823406097446,5171,1791358074891298176,31.922298176,True
1791358074908289966,,2345,bird_eye,0,0,False,0.0,no_alert,9130222823406097446,5174,1791358074930314746,31.961314746,True
1791358074938527302,,2346,bird_eye,0,0,False,0.0,no_alert,9130222823406097446,5175,1791358074960249844,31.991249844,True
1791358074968352584,,2347,bird_eye,0,0,False,0.0,no_alert,9130222823406097446,5177,1791358075001287123,32.032287123,True
1791358075034822997,,2349,bird_eye,0,0,False,0.0,no_alert,9130222823406097446,5180,1791358075062372505,32.093372505,True
1791358075067680678,,2350,bird_eye,0,0,False,0.0,no_alert,9130222823406097446,5182,1791358075090921751,32.121921751,True
1791358075101983282,,2351,bird_eye,0,0,False,0.0,no_alert,9130222823406097446,5183,1791358075124183182,32.155183182,True
1791358075134282224,,2352,bird_eye,0,0,False,0.0,no_alert,9130222823406097446,5185,1791358075156355784,32.187355784,True
1791358075168581265,,2353,bird_eye,0,0,False,0.0,no_alert,9130222823406097446,5187,1791358075193133305,32.224133305,True
1791358075200915054,,2354,bird_eye,0,0,False,0.0,no_alert,9130222823406097446,5188,1791358075222306707,32.253306707,True
1791358075235509104,,2355,bird_eye,0,0,False,0.0,no_alert,9130222823406097446,5190,1791358075256591806,32.287591806,True
1791358075267403884,,2356,bird_eye,0,0,False,0.0,no_alert,9130222823406097446,5192,1791358075289416138,32.320416138,True
1791358075301234641,,2357,bird_eye,0,0,False,0.0,no_alert,9130222823406097446,5193,1791358075324274635,32.355274635,True
1791358075336249565,,2358,bird_eye,0,0,False,0.0,no_alert,9130222823406097446,5195,1791358075357933248,32.388933248,True
1791358075367843486,,2359,bird_eye,0,0,False,0.0,no_alert,9130222823406097446,5197,1791358075389513991,32.420513991,True
1791358075401096770,,2360,bird_eye,0,0,False,0.0,no_alert,9130222823406097446,5198,1791358075425481784,32.456481784,True
1791358075435396184,,2361,bird_eye,0,0,False,0.0,no_alert,9130222823406097446,5200,1791358075457725478,32.488725478,True
1791358075467506725,,2362,bird_eye,0,0,False,0.0,no_alert,9130222823406097446,5202,1791358075488607578,32.519607578,True
1791358075501694453,,2363,bird_eye,0,0,False,0.0,no_alert,9130222823406097446,5203,1791358075523655027,32.554655027,True
1791358075542761812,,2364,bird_eye,0,0,False,0.0,no_alert,9130222823406097446,5205,1791358075564478537,32.595478537,True
1791358075572125289,,2365,bird_eye,0,0,False,0.0,no_alert,9130222823406097446,5207,1791358075593588719,32.624588719,True
1791358075602223482,,2366,bird_eye,0,0,False,0.0,no_alert,9130222823406097446,5208,1791358075630360537,32.661360537,True
1791358075636787740,,2367,bird_eye,0,0,False,0.0,no_alert,9130222823406097446,5210,1791358075659236866,32.690236866,True
1791358075668428232,,2368,bird_eye,0,0,False,0.0,no_alert,9130222823406097446,5211,1791358075695049114,32.726049114,True
1791358075701432622,,2369,bird_eye,0,0,False,0.0,no_alert,9130222823406097446,5213,1791358075728061866,32.759061866,True
1791358075741891682,,2370,bird_eye,0,0,False,0.0,no_alert,9130222823406097446,5215,1791358075765572356,32.796572356,True
1791358075772176481,,2371,bird_eye,0,0,False,0.0,no_alert,9130222823406097446,5217,1791358075795797651,32.826797651,True
1791358075801079648,,2372,bird_eye,0,0,False,0.0,no_alert,9130222823406097446,5218,1791358075823658717,32.854658717,True
1791358075834518420,,2373,bird_eye,0,0,False,0.0,no_alert,9130222823406097446,5220,1791358075857103038,32.888103038,True
1791358075878330718,,2374,bird_eye,0,0,False,0.0,no_alert,9130222823406097446,5222,1791358075902682508,32.933682508,True
1791358075914566551,,2375,bird_eye,0,0,False,0.0,no_alert,9130222823406097446,5224,1791358075937657597,32.968657597,True
1791358075947830350,,2376,bird_eye,0,0,False,0.0,no_alert,9130222823406097446,5226,1791358075972257796,33.003257796,True
1791358075977412021,,2377,bird_eye,0,0,False,0.0,no_alert,9130222823406097446,5227,1791358076000860295,33.031860295,True
1791358076009227742,,2378,bird_eye,0,0,False,0.0,no_alert,9130222823406097446,5229,1791358076031729913,33.062729913,True
1791358076041799015,,2379,bird_eye,0,0,False,0.0,no_alert,9130222823406097446,5230,1791358076068659839,33.099659839,True
1791358076073315497,,2380,bird_eye,0,0,False,0.0,no_alert,9130222823406097446,5231,1791358076095615697,33.126615697,True
1791358076104813643,,2381,bird_eye,0,0,False,0.0,no_alert,9130222823406097446,5234,1791358076127492302,33.158492302,True
1791358076137690904,,2382,bird_eye,0,0,False,0.0,no_alert,9130222823406097446,5235,1791358076159669973,33.190669973,True
1791358076170921004,,2383,bird_eye,0,0,False,0.0,no_alert,9130222823406097446,5237,1791358076193650643,33.224650643,True
1791358076204250284,,2384,bird_eye,0,0,False,0.0,no_alert,9130222823406097446,5239,1791358076225718103,33.256718103,True
1791358076235343399,,2385,bird_eye,0,0,False,0.0,no_alert,9130222823406097446,5240,1791358076256912651,33.287912651,True
1791358076268660813,,2386,bird_eye,0,0,False,0.0,no_alert,9130222823406097446,5242,1791358076290345464,33.321345464,True
1791358076302503206,,2387,bird_eye,0,0,False,0.0,no_alert,9130222823406097446,5243,1791358076326566585,33.357566585,True
1791358076335613554,,2388,bird_eye,0,0,False,0.0,no_alert,9130222823406097446,5245,1791358076357592646,33.388592646,True
1791358076369429328,,2389,bird_eye,0,0,False,0.0,no_alert,9130222823406097446,5247,1791358076391420534,33.422420534,True
1791358076402765853,,2390,bird_eye,0,0,False,0.0,no_alert,9130222823406097446,5248,1791358076424818027,33.455818027,True
1791358076436282379,,2391,bird_eye,0,0,False,0.0,no_alert,9130222823406097446,5250,1791358076459116603,33.490116603,True
1791358076469595759,,2392,bird_eye,0,0,False,0.0,no_alert,9130222823406097446,5252,1791358076490801510,33.52180151,True
1791358076502987089,,2393,bird_eye,0,0,False,0.0,no_alert,9130222823406097446,5253,1791358076529025362,33.560025362,True
1791358076536023516,,2394,bird_eye,0,0,False,0.0,no_alert,9130222823406097446,5255,1791358076558204654,33.589204654,True
1791358076569798759,,2395,bird_eye,0,0,False,0.0,no_alert,9130222823406097446,5257,1791358076592219026,33.623219026,True
1791358076602735660,,2396,bird_eye,0,0,False,0.0,no_alert,9130222823406097446,5258,1791358076631509751,33.662509751,True
1791358076635933771,,2397,bird_eye,0,0,False,0.0,no_alert,9130222823406097446,5260,1791358076660220806,33.691220806,True
1791358076669165301,,2398,bird_eye,0,0,False,0.0,no_alert,9130222823406097446,5262,1791358076690566549,33.721566549,True
1791358076703322314,,2399,bird_eye,0,0,False,0.0,no_alert,9130222823406097446,5264,1791358076729269791,33.760269791,True
1791358076735312879,,2400,bird_eye,0,0,False,0.0,no_alert,9130222823406097446,5265,1791358076757203349,33.788203349,True
1791358076768979073,,2401,bird_eye,0,0,False,0.0,no_alert,9130222823406097446,5267,1791358076791350664,33.822350664,True
1791358076802368766,,2402,bird_eye,0,0,False,0.0,no_alert,9130222823406097446,5268,1791358076831551432,33.862551432,True
1791358076835622840,,2403,bird_eye,0,0,False,0.0,no_alert,9130222823406097446,5270,1791358076859389765,33.890389765,True
1791358076868526766,,2404,bird_eye,0,0,False,0.0,no_alert,9130222823406097446,5272,1791358076892348208,33.923348208,True
1791358076901805201,,2405,bird_eye,0,0,False,0.0,no_alert,9130222823406097446,5273,1791358076924658032,33.955658032,True
1791358076934759877,,2406,bird_eye,0,0,False,0.0,no_alert,9130222823406097446,5275,1791358076958807886,33.989807886,True
1791358076969577035,,2407,bird_eye,0,0,False,0.0,no_alert,9130222823406097446,5277,1791358076993958270,34.02495827,True
1791358077005655638,,2408,bird_eye,0,0,False,0.0,no_alert,9130222823406097446,5278,1791358077029113559,34.060113559,True
1791358077034548370,,2409,bird_eye,0,0,False,0.0,no_alert,9130222823406097446,5280,1791358077059454755,34.090454755,True
1791358077070341500,,2410,bird_eye,0,0,False,0.0,no_alert,9130222823406097446,5282,1791358077093783335,34.124783335,True
1791358077101251928,,2411,bird_eye,0,0,False,0.0,no_alert,9130222823406097446,5283,1791358077122842827,34.153842827,True
1791358077134118840,,2412,bird_eye,0,0,False,0.0,no_alert,9130222823406097446,5285,1791358077157476787,34.188476787,True
1791358077168978834,,2413,bird_eye,0,0,False,0.0,no_alert,9130222823406097446,5287,1791358077196432412,34.227432412,True
1791358077201364007,,2414,bird_eye,0,0,False,0.0,no_alert,9130222823406097446,5288,1791358077224682704,34.255682704,True
1791358077242797898,,2415,bird_eye,0,0,False,0.0,no_alert,9130222823406097446,5290,1791358077266074434,34.297074434,True
1791358077271121093,,2416,bird_eye,0,0,False,0.0,no_alert,9130222823406097446,5292,1791358077293717806,34.324717806,True
1791358077300907069,,2417,bird_eye,0,0,False,0.0,no_alert,9130222823406097446,5293,1791358077324840762,34.355840762,True
1791358077340847338,,2418,bird_eye,0,0,False,0.0,no_alert,9130222823406097446,5295,1791358077364041026,34.395041026,True
1791358077371486871,,2419,bird_eye,0,0,False,0.0,no_alert,9130222823406097446,5297,1791358077395541199,34.426541199,True
1791358077399934636,,2420,bird_eye,0,0,False,0.0,no_alert,9130222823406097446,5298,1791358077421327050,34.45232705,True
1791358077439206991,,2421,bird_eye,0,0,False,0.0,no_alert,9130222823406097446,5300,1791358077460819510,34.49181951,True
1791358077493552669,,2422,bird_eye,0,0,False,0.0,no_alert,9130222823406097446,5303,1791358077522106632,34.553106632,True
1791358077530345485,,2423,bird_eye,0,0,False,0.0,no_alert,9130222823406097446,5305,1791358077552597973,34.583597973,True
1791358077561296308,,2424,bird_eye,0,0,False,0.0,no_alert,9130222823406097446,5306,1791358077584289029,34.615289029,True
1791358077594076109,,2425,bird_eye,0,0,False,0.0,no_alert,9130222823406097446,5308,1791358077621859334,34.652859334,True
1791358077625125788,,2426,bird_eye,0,0,False,0.0,no_alert,9130222823406097446,5310,1791358077652046056,34.683046056,True
1791358077657138145,,2427,bird_eye,0,0,False,0.0,no_alert,9130222823406097446,5311,1791358077681746977,34.712746977,True
1791358077689169058,,2428,bird_eye,0,0,False,0.0,no_alert,9130222823406097446,5313,1791358077711296725,34.742296725,True
1791358077722659948,,2429,bird_eye,0,0,False,0.0,no_alert,9130222823406097446,5314,1791358077744897350,34.77589735,True
1791358077755497244,,2430,bird_eye,0,0,False,0.0,no_alert,9130222823406097446,5316,1791358077778251125,34.809251125,True
1791358077789326449,,2431,bird_eye,0,0,False,0.0,no_alert,9130222823406097446,5318,1791358077811569462,34.842569462,True
1791358077819255475,,2432,bird_eye,0,0,False,0.0,no_alert,9130222823406097446,5319,1791358077843320184,34.874320184,True
1791358077849730350,,2433,bird_eye,0,0,False,0.0,no_alert,9130222823406097446,5321,1791358077871287264,34.902287264,True
1791358077881139184,,2434,bird_eye,0,0,False,0.0,no_alert,9130222823406097446,5322,1791358077906257166,34.937257166,True
1791358077912790144,,2435,bird_eye,0,0,False,0.0,no_alert,9130222823406097446,5324,1791358077939270589,34.970270589,True
1791358077945050107,,2436,bird_eye,0,0,False,0.0,no_alert,9130222823406097446,5326,1791358077968671828,34.999671828,True
1791358077977912263,,2437,bird_eye,0,0,False,0.0,no_alert,9130222823406097446,5327,1791358078002595933,35.033595933,True
1791358078009389395,,2438,bird_eye,0,0,False,0.0,no_alert,9130222823406097446,5329,1791358078031980895,35.062980895,True
1791358078042071952,,2439,bird_eye,0,0,False,0.0,no_alert,9130222823406097446,5330,1791358078064748342,35.095748342,True
1791358078074743074,,2440,bird_eye,0,0,False,0.0,no_alert,9130222823406097446,5332,1791358078096270814,35.127270814,True
1791358078107042659,,2441,bird_eye,0,0,False,0.0,no_alert,9130222823406097446,5333,1791358078128890275,35.159890275,True
1791358078140035415,,2442,bird_eye,0,0,False,0.0,no_alert,9130222823406097446,5335,1791358078163423755,35.194423755,True
1791358078172497485,,2443,bird_eye,0,0,False,0.0,no_alert,9130222823406097446,5337,1791358078195687618,35.226687618,True
1791358078203876586,,2444,bird_eye,0,0,False,0.0,no_alert,9130222823406097446,5339,1791358078226159318,35.257159318,True
1791358078235957491,,2445,bird_eye,0,0,False,0.0,no_alert,9130222823406097446,5340,1791358078257570667,35.288570667,True
1791358078268558867,,2446,bird_eye,0,0,False,0.0,no_alert,9130222823406097446,5342,1791358078291509276,35.322509276,True
1791358078302034239,,2447,bird_eye,0,0,False,0.0,no_alert,9130222823406097446,5343,1791358078324940021,35.355940021,True
1791358078342072657,,2448,bird_eye,0,0,False,0.0,no_alert,9130222823406097446,5345,1791358078364626103,35.395626103,True
1791358078373620874,,2449,bird_eye,0,0,False,0.0,no_alert,9130222823406097446,5347,1791358078396515859,35.427515859,True
1791358078401629891,,2450,bird_eye,0,0,False,0.0,no_alert,9130222823406097446,5348,1791358078426254103,35.457254103,True
1791358078435901841,,2451,bird_eye,0,0,False,0.0,no_alert,9130222823406097446,5350,1791358078457717387,35.488717387,True
1791358078474929516,,2452,bird_eye,0,0,False,0.0,no_alert,9130222823406097446,5352,1791358078497404897,35.528404897,True
1791358078503408200,,2453,bird_eye,0,0,False,0.0,no_alert,9130222823406097446,5354,1791358078525348482,35.556348482,True
1791358078535194860,,2454,bird_eye,0,0,False,0.0,no_alert,9130222823406097446,5355,1791358078556654505,35.587654505,True
1791358078571186259,,2455,bird_eye,0,0,False,0.0,no_alert,9130222823406097446,5357,1791358078593800265,35.624800265,True
1791358078609265310,,2456,bird_eye,0,0,False,0.0,no_alert,9130222823406097446,5359,1791358078632859407,35.663859407,True
1791358078635977440,,2457,bird_eye,0,0,False,0.0,no_alert,9130222823406097446,5360,1791358078658398534,35.689398534,True
1791358078671709304,,2458,bird_eye,0,0,False,0.0,no_alert,9130222823406097446,5362,1791358078693389285,35.724389285,True
1791358078712621399,,2459,bird_eye,0,0,False,0.0,no_alert,9130222823406097446,5364,1791358078735894290,35.76689429,True
1791358078742608017,,2460,bird_eye,0,0,False,0.0,no_alert,9130222823406097446,5365,1791358078777805506,35.808805506,True
1791358078769605263,,2461,bird_eye,0,0,False,0.0,no_alert,9130222823406097446,5367,1791358078791372112,35.822372112,True
1791358078800201589,,2462,bird_eye,0,0,False,0.0,no_alert,9130222823406097446,5368,1791358078821599832,35.852599832,True
1791358078833620533,,2463,bird_eye,0,0,False,0.0,no_alert,9130222823406097446,5370,1791358078855524163,35.886524163,True
1791358078868151378,,2464,bird_eye,0,0,False,0.0,no_alert,9130222823406097446,5372,1791358078889585642,35.920585642,True
1791358078902925375,,2465,bird_eye,0,0,False,0.0,no_alert,9130222823406097446,5373,1791358078925055345,35.956055345,True
1791358078933824897,,2466,bird_eye,0,0,False,0.0,no_alert,9130222823406097446,5375,1791358078957671842,35.988671842,True
1791358078971918312,,2467,bird_eye,0,0,False,0.0,no_alert,9130222823406097446,5377,1791358078993893316,36.024893316,True
1791358079002360744,,2468,bird_eye,0,0,False,0.0,no_alert,9130222823406097446,5378,1791358079026449001,36.057449001,True
1791358079037427342,,2469,bird_eye,0,0,False,0.0,no_alert,9130222823406097446,5380,1791358079059842552,36.090842552,True
1791358079070677107,,2470,bird_eye,0,0,False,0.0,no_alert,9130222823406097446,5381,1791358079095775840,36.12677584,True
1791358079112877237,,2471,bird_eye,0,0,False,0.0,no_alert,9130222823406097446,5384,1791358079135508814,36.166508814,True
1791358079145265692,,2472,bird_eye,0,0,False,0.0,no_alert,9130222823406097446,5385,1791358079168621334,36.199621334,True
1791358079175818705,,2473,bird_eye,0,0,False,0.0,no_alert,9130222823406097446,5387,1791358079198086175,36.229086175,True
1791358079206285211,,2474,bird_eye,0,0,False,0.0,no_alert,9130222823406097446,5389,1791358079228327865,36.259327865,True
1791358079233180200,,2475,bird_eye,0,0,False,0.0,no_alert,9130222823406097446,5390,1791358079255027971,36.286027971,True
1791358079266476915,,2476,bird_eye,0,0,False,0.0,no_alert,9130222823406097446,5392,1791358079289436601,36.320436601,True
1791358079299813777,,2477,bird_eye,0,0,False,0.0,no_alert,9130222823406097446,5393,1791358079328284852,36.359284852,True
1791358079333043757,,2478,bird_eye,0,0,False,0.0,no_alert,9130222823406097446,5395,1791358079355199932,36.386199932,True
1791358079374413771,,2479,bird_eye,0,0,False,0.0,no_alert,9130222823406097446,5397,1791358079396571216,36.427571216,True
1791358079400237754,,2480,bird_eye,0,0,False,0.0,no_alert,9130222823406097446,5398,1791358079425379933,36.456379933,True
1791358079435537645,,2481,bird_eye,0,0,False,0.0,no_alert,9130222823406097446,5400,1791358079457975350,36.48897535,True
1791358079467195790,,2482,bird_eye,0,0,False,0.0,no_alert,9130222823406097446,5402,1791358079496476284,36.527476284,True
1791358079499847809,,2483,bird_eye,0,0,False,0.0,no_alert,9130222823406097446,5403,1791358079521753513,36.552753513,True
1791358079534051269,,2484,bird_eye,0,0,False,0.0,no_alert,9130222823406097446,5405,1791358079561460807,36.592460807,True
1791358079566696274,,2485,bird_eye,0,0,False,0.0,no_alert,9130222823406097446,5406,1791358079597672555,36.628672555,True
1791358079599961170,,2486,bird_eye,0,0,False,0.0,no_alert,9130222823406097446,5408,1791358079621192634,36.652192634,True
1791358079642558516,,2487,bird_eye,0,0,False,0.0,no_alert,9130222823406097446,5410,1791358079673548628,36.704548628,True
1791358079669989800,,2488,bird_eye,0,0,False,0.0,no_alert,9130222823406097446,5412,1791358079702286273,36.733286273,True
1791358079700065701,,2489,bird_eye,0,0,False,0.0,no_alert,9130222823406097446,5413,1791358079724159210,36.75515921,True
1791358079736045929,,2490,bird_eye,0,0,False,0.0,no_alert,9130222823406097446,5415,1791358079757756866,36.788756866,True
1791358079766222074,,2491,bird_eye,0,0,False,0.0,no_alert,9130222823406097446,5417,1791358079793012124,36.824012124,True
1791358079801046341,,2492,bird_eye,0,0,False,0.0,no_alert,9130222823406097446,5418,1791358079823227433,36.854227433,True
1791358079836470410,,2493,bird_eye,0,0,False,0.0,no_alert,9130222823406097446,5420,1791358079860008187,36.891008187,True
1791358079866577681,,2494,bird_eye,0,0,False,0.0,no_alert,9130222823406097446,5421,1791358079889017311,36.920017311,True
1791358079900062264,,2495,bird_eye,0,0,False,0.0,no_alert,9130222823406097446,5423,1791358079921852880,36.95285288,True
1791358079937629638,,2496,bird_eye,0,0,False,0.0,no_alert,9130222823406097446,5425,1791358079963255875,36.994255875,True
1791358079967053643,,2497,bird_eye,0,0,False,0.0,no_alert,9130222823406097446,5427,1791358079990326128,37.021326128,True
1791358080000317792,,2498,bird_eye,0,0,False,0.0,no_alert,9130222823406097446,5428,1791358080022476418,37.053476418,True
1791358080038502765,,2499,bird_eye,0,0,False,0.0,no_alert,9130222823406097446,5430,1791358080061537275,37.092537275,True
1791358080069868031,,2500,bird_eye,0,0,False,0.0,no_alert,9130222823406097446,5432,1791358080092014025,37.123014025,True
1791358080101322378,,2501,bird_eye,0,0,False,0.0,no_alert,9130222823406097446,5433,1791358080136195260,37.16719526,True
1791358080137684336,,2502,bird_eye,0,0,False,0.0,no_alert,9130222823406097446,5435,1791358080161550405,37.192550405,True
1791358080166598913,,2503,bird_eye,0,0,False,0.0,no_alert,9130222823406097446,5436,1791358080189138061,37.220138061,True
1791358080199638657,,2504,bird_eye,0,0,False,0.0,no_alert,9130222823406097446,5438,1791358080223433200,37.2544332,True
1791358080233074260,,2505,bird_eye,0,0,False,0.0,no_alert,9130222823406097446,5440,1791358080256603035,37.287603035,True
1791358080267045850,,2506,bird_eye,0,0,False,0.0,no_alert,9130222823406097446,5442,1791358080290352064,37.321352064,True
1791358080300124057,,2507,bird_eye,0,0,False,0.0,no_alert,9130222823406097446,5443,1791358080322562718,37.353562718,True
1791358080339458000,,2508,bird_eye,0,0,False,0.0,no_alert,9130222823406097446,5445,1791358080366095292,37.397095292,True
1791358080367525199,,2509,bird_eye,0,0,False,0.0,no_alert,9130222823406097446,5447,1791358080389990981,37.420990981,True
1791358080404736167,,2510,bird_eye,0,0,False,0.0,no_alert,9130222823406097446,5448,1791358080428361828,37.459361828,True
1791358080433311977,,2511,bird_eye,0,0,False,0.0,no_alert,9130222823406097446,5450,1791358080455134098,37.486134098,True
1791358080470132906,,2512,bird_eye,0,0,False,0.0,no_alert,9130222823406097446,5452,1791358080491951893,37.522951893,True
1791358080500141654,,2513,bird_eye,0,0,False,0.0,no_alert,9130222823406097446,5453,1791358080522902907,37.553902907,True
1791358080533084580,,2514,bird_eye,0,0,False,0.0,no_alert,9130222823406097446,5455,1791358080557390281,37.588390281,True
1791358080565938952,,2515,bird_eye,0,0,False,0.0,no_alert,9130222823406097446,5457,1791358080587838156,37.618838156,True
1791358080600387336,,2516,bird_eye,0,0,False,0.0,no_alert,9130222823406097446,5458,1791358080625086529,37.656086529,True
1791358080633515089,,2517,bird_eye,0,0,False,0.0,no_alert,9130222823406097446,5460,1791358080655539645,37.686539645,True
1791358080666126151,,2518,bird_eye,0,0,False,0.0,no_alert,9130222823406097446,5462,1791358080688092324,37.719092324,True
1791358080699729975,,2519,bird_eye,0,0,False,0.0,no_alert,9130222823406097446,5463,1791358080723649225,37.754649225,True
1791358080739226266,,2520,bird_eye,0,0,False,0.0,no_alert,9130222823406097446,5465,1791358080766602377,37.797602377,True
1791358080767007425,,2521,bird_eye,0,0,False,0.0,no_alert,9130222823406097446,5466,1791358080795912662,37.826912662,True
1791358080799698246,,2522,bird_eye,0,0,False,0.0,no_alert,9130222823406097446,5468,1791358080826702940,37.85770294,True
1791358080833068347,,2523,bird_eye,0,0,False,0.0,no_alert,9130222823406097446,5470,1791358080856909139,37.887909139,True
1791358080866245167,,2524,bird_eye,0,0,False,0.0,no_alert,9130222823406097446,5472,1791358080888312304,37.919312304,True
1791358080899924502,,2525,bird_eye,0,0,False,0.0,no_alert,9130222823406097446,5473,1791358080928924262,37.959924262,True
1791358080936613900,,2526,bird_eye,0,0,False,0.0,no_alert,9130222823406097446,5475,1791358080958178427,37.989178427,True
1791358080968428874,,2527,bird_eye,0,0,False,0.0,no_alert,9130222823406097446,5477,1791358080990331515,38.021331515,True
1791358081000907042,,2528,bird_eye,0,0,False,0.0,no_alert,9130222823406097446,5478,1791358081023051891,38.054051891,True
1791358081033337218,,2529,bird_eye,0,0,False,0.0,no_alert,9130222823406097446,5480,1791358081056858670,38.08785867,True
1791358081066786265,,2530,bird_eye,0,0,False,0.0,no_alert,9130222823406097446,5482,1791358081092302236,38.123302236,True
1791358081100293475,,2531,bird_eye,0,0,False,0.0,no_alert,9130222823406097446,5483,1791358081135949013,38.166949013,True
1791358081133312461,,2532,bird_eye,0,0,False,0.0,no_alert,9130222823406097446,5485,1791358081157313403,38.188313403,True
1791358081170038155,,2533,bird_eye,0,0,False,0.0,no_alert,9130222823406097446,5487,1791358081194722412,38.225722412,True
1791358081200512453,,2534,bird_eye,0,0,False,0.0,no_alert,9130222823406097446,5488,1791358081222412282,38.253412282,True
1791358081233572212,,2535,bird_eye,0,0,False,0.0,no_alert,9130222823406097446,5490,1791358081256784596,38.287784596,True
1791358081266971197,,2536,bird_eye,0,0,False,0.0,no_alert,9130222823406097446,5492,1791358081289376707,38.320376707,True
1791358081300443166,,2537,bird_eye,0,0,False,0.0,no_alert,9130222823406097446,5493,1791358081329728684,38.360728684,True
1791358081333450970,,2538,bird_eye,0,0,False,0.0,no_alert,9130222823406097446,5495,1791358081356567533,38.387567533,True
1791358081367486032,,2539,bird_eye,0,0,False,0.0,no_alert,9130222823406097446,5496,1791358081389155523,38.420155523,True
1791358081400550881,,2540,bird_eye,0,0,False,0.0,no_alert,9130222823406097446,5498,1791358081423938285,38.454938285,True
1791358081433534044,,2541,bird_eye,0,0,False,0.0,no_alert,9130222823406097446,5500,1791358081455387634,38.486387634,True
1791358081467182690,,2542,bird_eye,0,0,False,0.0,no_alert,9130222823406097446,5502,1791358081490791142,38.521791142,True
1791358081500468170,,2543,bird_eye,0,0,False,0.0,no_alert,9130222823406097446,5503,1791358081524211365,38.555211365,True
1791358081542057239,,2544,bird_eye,0,0,False,0.0,no_alert,9130222823406097446,5505,1791358081564041079,38.595041079,True
1791358081599560238,,2545,bird_eye,0,0,False,0.0,no_alert,9130222823406097446,5508,1791358081621872354,38.652872354,True
1791358081629830536,,2546,bird_eye,0,0,False,0.0,no_alert,9130222823406097446,5510,1791358081651640067,38.682640067,True
1791358081660278441,,2547,bird_eye,0,0,False,0.0,no_alert,9130222823406097446,5511,1791358081683516605,38.714516605,True
1791358081694815887,,2548,bird_eye,0,0,False,0.0,no_alert,9130222823406097446,5513,1791358081716602434,38.747602434,True
1791358081726138991,,2549,bird_eye,0,0,False,0.0,no_alert,9130222823406097446,5514,1791358081751736322,38.782736322,True
1791358081754963338,,2550,bird_eye,0,0,False,0.0,no_alert,9130222823406097446,5516,1791358081777698667,38.808698667,True
1791358081787588078,,2551,bird_eye,0,0,False,0.0,no_alert,9130222823406097446,5518,1791358081815682770,38.84668277,True
1791358081819286148,,2552,bird_eye,0,0,False,0.0,no_alert,9130222823406097446,5519,1791358081841183069,38.872183069,True
1791358081852714176,,2553,bird_eye,0,0,False,0.0,no_alert,9130222823406097446,5521,1791358081874522209,38.905522209,True
1791358081884309517,,2554,bird_eye,0,0,False,0.0,no_alert,9130222823406097446,5522,1791358081907641808,38.938641808,True
1791358081917855446,,2555,bird_eye,0,0,False,0.0,no_alert,9130222823406097446,5524,1791358081942219625,38.973219625,True
1791358081948046216,,2556,bird_eye,0,0,False,0.0,no_alert,9130222823406097446,5526,1791358081969992963,39.000992963,True
1791358081978909153,,2557,bird_eye,0,0,False,0.0,no_alert,9130222823406097446,5527,1791358082001548565,39.032548565,True
1791358082010380016,,2558,bird_eye,0,0,False,0.0,no_alert,9130222823406097446,5529,1791358082032269143,39.063269143,True
1791358082041403718,,2559,bird_eye,0,0,False,0.0,no_alert,9130222823406097446,5530,1791358082066812278,39.097812278,True
1791358082073408568,,2560,bird_eye,0,0,False,0.0,no_alert,9130222823406097446,5532,1791358082095433556,39.126433556,True
1791358082107889609,,2561,bird_eye,0,0,False,0.0,no_alert,9130222823406097446,5534,1791358082129223169,39.160223169,True
1791358082137279983,,2562,bird_eye,0,0,False,0.0,no_alert,9130222823406097446,5535,1791358082159223322,39.190223322,True
1791358082169047254,,2563,bird_eye,0,0,False,0.0,no_alert,9130222823406097446,5537,1791358082190388100,39.2213881,True
1791358082200778976,,2564,bird_eye,0,0,False,0.0,no_alert,9130222823406097446,5538,1791358082222526320,39.25352632,True
1791358082238834040,,2565,bird_eye,0,0,False,0.0,no_alert,9130222823406097446,5540,1791358082261223401,39.292223401,True
1791358082267573891,,2566,bird_eye,0,0,False,0.0,no_alert,9130222823406097446,5542,1791358082293515158,39.324515158,True
1791358082336305836,,2568,bird_eye,0,0,False,0.0,no_alert,9130222823406097446,5545,1791358082363573359,39.394573359,True
1791358082367330882,,2569,bird_eye,0,0,False,0.0,no_alert,9130222823406097446,5547,1791358082389331980,39.42033198,True
1791358082400611740,,2570,bird_eye,0,0,False,0.0,no_alert,9130222823406097446,5548,1791358082425550843,39.456550843,True
1791358082434716676,,2571,bird_eye,0,0,False,0.0,no_alert,9130222823406097446,5550,1791358082456548970,39.48754897,True
1791358082466904951,,2572,bird_eye,0,0,False,0.0,no_alert,9130222823406097446,5552,1791358082490357211,39.521357211,True
1791358082500709989,,2573,bird_eye,0,0,False,0.0,no_alert,9130222823406097446,5553,1791358082527278768,39.558278768,True
1791358082535972639,,2574,bird_eye,0,0,False,0.0,no_alert,9130222823406097446,5555,1791358082560004458,39.591004458,True
1791358082569025988,,2575,bird_eye,0,0,False,0.0,no_alert,9130222823406097446,5557,1791358082591038616,39.622038616,True
1791358082602407779,,2576,bird_eye,0,0,False,0.0,no_alert,9130222823406097446,5558,1791358082627253632,39.658253632,True
1791358082633731422,,2577,bird_eye,0,0,False,0.0,no_alert,9130222823406097446,5560,1791358082659922161,39.690922161,True
1791358082667413992,,2578,bird_eye,0,0,False,0.0,no_alert,9130222823406097446,5561,1791358082690680062,39.721680062,True
1791358082703862301,,2579,bird_eye,0,0,False,0.0,no_alert,9130222823406097446,5564,1791358082728246495,39.759246495,True
1791358082734669359,,2580,bird_eye,0,0,False,0.0,no_alert,9130222823406097446,5565,1791358082762368987,39.793368987,True
1791358082767153515,,2581,bird_eye,0,0,False,0.0,no_alert,9130222823406097446,5567,1791358082791815247,39.822815247,True
1791358082800660925,,2582,bird_eye,0,0,False,0.0,no_alert,9130222823406097446,5568,1791358082858207839,39.889207839,True
1791358082845149615,,2583,bird_eye,0,0,False,0.0,no_alert,9130222823406097446,5571,1791358082873886721,39.904886721,True
1791358082874491962,,2584,bird_eye,0,0,False,0.0,no_alert,9130222823406097446,5572,1791358082897075983,39.928075983,True
1791358082917817985,,2585,bird_eye,0,0,False,0.0,no_alert,9130222823406097446,5574,1791358082942880147,39.973880147,True
1791358082945068891,,2586,bird_eye,0,0,False,0.0,no_alert,9130222823406097446,5576,1791358082967580068,39.998580068,True
1791358082973498030,,2587,bird_eye,0,0,False,0.0,no_alert,9130222823406097446,5577,1791358082994744209,40.025744209,True
1791358083005763213,,2588,bird_eye,0,0,False,0.0,no_alert,9130222823406097446,5579,1791358083029092876,40.060092876,True
1791358083037090587,,2589,bird_eye,0,0,False,0.0,no_alert,9130222823406097446,5580,1791358083059695069,40.090695069,True
1791358083069951145,,2590,bird_eye,0,0,False,0.0,no_alert,9130222823406097446,5582,1791358083092174755,40.123174755,True
1791358083101120108,,2591,bird_eye,0,0,False,0.0,no_alert,9130222823406097446,5583,1791358083123978301,40.154978301,True
1791358083135753123,,2592,bird_eye,0,0,False,0.0,no_alert,9130222823406097446,5585,1791358083157400582,40.188400582,True
1791358083171407639,,2593,bird_eye,0,0,False,0.0,no_alert,9130222823406097446,5587,1791358083192846637,40.223846637,True
1791358083201842929,,2594,bird_eye,0,0,False,0.0,no_alert,9130222823406097446,5588,1791358083223714447,40.254714447,True
1791358083234470351,,2595,bird_eye,0,0,False,0.0,no_alert,9130222823406097446,5590,1791358083257627240,40.28862724,True
1791358083267081840,,2596,bird_eye,0,0,False,0.0,no_alert,9130222823406097446,5591,1791358083297073296,40.328073296,True
1791358083301748693,,2597,bird_eye,0,0,False,0.0,no_alert,9130222823406097446,5593,1791358083325713856,40.356713856,True
1791358083334544664,,2598,bird_eye,0,0,False,0.0,no_alert,9130222823406097446,5595,1791358083358518856,40.389518856,True
1791358083367490164,,2599,bird_eye,0,0,False,0.0,no_alert,9130222823406097446,5596,1791358083391117922,40.422117922,True
1791358083400988749,,2600,bird_eye,0,0,False,0.0,no_alert,9130222823406097446,5598,1791358083424647627,40.455647627,True
1791358083434331962,,2601,bird_eye,0,0,False,0.0,no_alert,9130222823406097446,5600,1791358083457889601,40.488889601,True
1791358083467250504,,2602,bird_eye,0,0,False,0.0,no_alert,9130222823406097446,5601,1791358083489567032,40.520567032,True
1791358083503906032,,2603,bird_eye,0,0,False,0.0,no_alert,9130222823406097446,5604,1791358083527617444,40.558617444,True
1791358083534343546,,2604,bird_eye,0,0,False,0.0,no_alert,9130222823406097446,5605,1791358083556259946,40.587259946,True
1791358083567389692,,2605,bird_eye,0,0,False,0.0,no_alert,9130222823406097446,5607,1791358083591163741,40.622163741,True
1791358083600560539,,2606,bird_eye,0,0,False,0.0,no_alert,9130222823406097446,5608,1791358083623453688,40.654453688,True
1791358083634885068,,2607,bird_eye,0,0,False,0.0,no_alert,9130222823406097446,5610,1791358083657322238,40.688322238,True
1791358083667424414,,2608,bird_eye,0,0,False,0.0,no_alert,9130222823406097446,5612,1791358083693582664,40.724582664,True
1791358083700864875,,2609,bird_eye,0,0,False,0.0,no_alert,9130222823406097446,5613,1791358083724402180,40.75540218,True
1791358083734259816,,2610,bird_eye,0,0,False,0.0,no_alert,9130222823406097446,5615,1791358083756131358,40.787131358,True
1791358083767534024,,2611,bird_eye,0,0,False,0.0,no_alert,9130222823406097446,5617,1791358083795449143,40.826449143,True
1791358083800529345,,2612,bird_eye,0,0,False,0.0,no_alert,9130222823406097446,5618,1791358083821990539,40.852990539,True
1791358083836558459,,2613,bird_eye,0,0,False,0.0,no_alert,9130222823406097446,5620,1791358083859681116,40.890681116,True
1791358083873747929,,2614,bird_eye,0,0,False,0.0,no_alert,9130222823406097446,5622,1791358083898610723,40.929610723,True
1791358083902544316,,2615,bird_eye,0,0,False,0.0,no_alert,9130222823406097446,5623,1791358083924725396,40.955725396,True
1791358083939799703,,2616,bird_eye,0,0,False,0.0,no_alert,9130222823406097446,5625,1791358083961196391,40.992196391,True
1791358083969510377,,2617,bird_eye,0,0,False,0.0,no_alert,9130222823406097446,5627,1791358083990935710,41.02193571,True
1791358084004286095,,2618,bird_eye,0,0,False,0.0,no_alert,9130222823406097446,5629,1791358084025624750,41.05662475,True
1791358084037907903,,2619,bird_eye,0,0,False,0.0,no_alert,9130222823406097446,5630,1791358084060749305,41.091749305,True
1791358084068442374,,2620,bird_eye,0,0,False,0.0,no_alert,9130222823406097446,5632,1791358084092582498,41.123582498,True
1791358084111016978,,2621,bird_eye,0,0,False,0.0,no_alert,9130222823406097446,5634,1791358084132642684,41.163642684,True
1791358084141116268,,2622,bird_eye,0,0,False,0.0,no_alert,9130222823406097446,5635,1791358084164732241,41.195732241,True
1791358084170745156,,2623,bird_eye,0,0,False,0.0,no_alert,9130222823406097446,5636,1791358084192989219,41.223989219,True
1791358084201099564,,2624,bird_eye,0,0,False,0.0,no_alert,9130222823406097446,5638,1791358084222707276,41.253707276,True
1791358084234587207,,2625,bird_eye,0,0,False,0.0,no_alert,9130222823406097446,5640,1791358084258098641,41.289098641,True
1791358084270227309,,2626,bird_eye,0,0,False,0.0,no_alert,9130222823406097446,5642,1791358084293647291,41.324647291,True
1791358084301585049,,2627,bird_eye,0,0,False,0.0,no_alert,9130222823406097446,5643,1791358084325821431,41.356821431,True
1791358084333779885,,2628,bird_eye,0,0,False,0.0,no_alert,9130222823406097446,5645,1791358084355151218,41.386151218,True
1791358084368138891,,2629,bird_eye,0,0,False,0.0,no_alert,9130222823406097446,5647,1791358084391721080,41.42272108,True
1791358084401526879,,2630,bird_eye,0,0,False,0.0,no_alert,9130222823406097446,5648,1791358084424273934,41.455273934,True
1791358084434513467,,2631,bird_eye,0,0,False,0.0,no_alert,9130222823406097446,5650,1791358084456648882,41.487648882,True
1791358084468551276,,2632,bird_eye,0,0,False,0.0,no_alert,9130222823406097446,5652,1791358084490270700,41.5212707,True
1791358084501177422,,2633,bird_eye,0,0,False,0.0,no_alert,9130222823406097446,5653,1791358084524046219,41.555046219,True
1791358084534415848,,2634,bird_eye,0,0,False,0.0,no_alert,9130222823406097446,5655,1791358084557935037,41.588935037,True
1791358084568450492,,2635,bird_eye,0,0,False,0.0,no_alert,9130222823406097446,5657,1791358084590729908,41.621729908,True
1791358084601473052,,2636,bird_eye,0,0,False,0.0,no_alert,9130222823406097446,5658,1791358084623826460,41.65482646,True
1791358084634570721,,2637,bird_eye,0,0,False,0.0,no_alert,9130222823406097446,5660,1791358084659099907,41.690099907,True
1791358084667541263,,2638,bird_eye,0,0,False,0.0,no_alert,9130222823406097446,5662,1791358084689696034,41.720696034,True
1791358084701588840,,2639,bird_eye,0,0,False,0.0,no_alert,9130222823406097446,5663,1791358084723705046,41.754705046,True
1791358084736060743,,2640,bird_eye,0,0,False,0.0,no_alert,9130222823406097446,5665,1791358084757890357,41.788890357,True
1791358084768436646,,2641,bird_eye,0,0,False,0.0,no_alert,9130222823406097446,5667,1791358084792427002,41.823427002,True
1791358084801561899,,2642,bird_eye,0,0,False,0.0,no_alert,9130222823406097446,5668,1791358084825547888,41.856547888,True
1791358084835331440,,2643,bird_eye,0,0,False,0.0,no_alert,9130222823406097446,5670,1791358084858109162,41.889109162,True
1791358084869619214,,2644,bird_eye,0,0,False,0.0,no_alert,9130222823406097446,5672,1791358084891371611,41.922371611,True
1791358084902855522,,2645,bird_eye,0,0,False,0.0,no_alert,9130222823406097446,5674,1791358084924652985,41.955652985,True
1791358084934527228,,2646,bird_eye,0,0,False,0.0,no_alert,9130222823406097446,5675,1791358084957024984,41.988024984,True
1791358084968543636,,2647,bird_eye,0,0,False,0.0,no_alert,9130222823406097446,5677,1791358084990245202,42.021245202,True
1791358085001658304,,2648,bird_eye,0,0,False,0.0,no_alert,9130222823406097446,5678,1791358085028579286,42.059579286,True
1791358085034521128,,2649,bird_eye,0,0,False,0.0,no_alert,9130222823406097446,5680,1791358085057322031,42.088322031,True
1791358085068368337,,2650,bird_eye,0,0,False,0.0,no_alert,9130222823406097446,5682,1791358085089887959,42.120887959,True
1791358085102241231,,2651,bird_eye,0,0,False,0.0,no_alert,9130222823406097446,5683,1791358085127327819,42.158327819,True
1791358085135668862,,2652,bird_eye,0,0,False,0.0,no_alert,9130222823406097446,5685,1791358085157592456,42.188592456,True
1791358085169205862,,2653,bird_eye,0,0,False,0.0,no_alert,9130222823406097446,5687,1791358085191214093,42.222214093,True
1791358085202248919,,2654,bird_eye,0,0,False,0.0,no_alert,9130222823406097446,5689,1791358085229271160,42.26027116,True
1791358085236664408,,2655,bird_eye,0,0,False,0.0,no_alert,9130222823406097446,5690,1791358085258647422,42.289647422,True
1791358085268641359,,2656,bird_eye,0,0,False,0.0,no_alert,9130222823406097446,5692,1791358085292722835,42.323722835,True
1791358085302340392,,2657,bird_eye,0,0,False,0.0,no_alert,9130222823406097446,5693,1791358085330722435,42.361722435,True
1791358085334803587,,2658,bird_eye,0,0,False,0.0,no_alert,9130222823406097446,5695,1791358085357927910,42.38892791,True
1791358085369598812,,2659,bird_eye,0,0,False,0.0,no_alert,9130222823406097446,5697,1791358085391035401,42.422035401,True
1791358085402445908,,2660,bird_eye,0,0,False,0.0,no_alert,9130222823406097446,5699,1791358085423879567,42.454879567,True
1791358085435601217,,2661,bird_eye,0,0,False,0.0,no_alert,9130222823406097446,5700,1791358085457165027,42.488165027,True
1791358085468674428,,2662,bird_eye,0,0,False,0.0,no_alert,9130222823406097446,5702,1791358085491183577,42.522183577,True
1791358085502970976,,2663,bird_eye,0,0,False,0.0,no_alert,9130222823406097446,5704,1791358085527093819,42.558093819,True
1791358085535938864,,2664,bird_eye,0,0,False,0.0,no_alert,9130222823406097446,5705,1791358085559209449,42.590209449,True
1791358085568576593,,2665,bird_eye,0,0,False,0.0,no_alert,9130222823406097446,5707,1791358085590960417,42.621960417,True
1791358085602322593,,2666,bird_eye,0,0,False,0.0,no_alert,9130222823406097446,5708,1791358085627897285,42.658897285,True
1791358085635894058,,2667,bird_eye,0,0,False,0.0,no_alert,9130222823406097446,5710,1791358085658879391,42.689879391,True
1791358085669570764,,2668,bird_eye,0,0,False,0.0,no_alert,9130222823406097446,5712,1791358085691131354,42.722131354,True
1791358085702738643,,2669,bird_eye,0,0,False,0.0,no_alert,9130222823406097446,5714,1791358085724406269,42.755406269,True
1791358085736001907,,2670,bird_eye,0,0,False,0.0,no_alert,9130222823406097446,5715,1791358085757730889,42.788730889,True
1791358085768533961,,2671,bird_eye,0,0,False,0.0,no_alert,9130222823406097446,5717,1791358085790647737,42.821647737,True
1791358085802760148,,2672,bird_eye,0,0,False,0.0,no_alert,9130222823406097446,5718,1791358085825333567,42.856333567,True
1791358085877435560,,2673,bird_eye,0,0,False,0.0,no_alert,9130222823406097446,5722,1791358085901037556,42.932037556,True
1791358085944805554,,2674,bird_eye,0,0,False,0.0,no_alert,9130222823406097446,5726,1791358085966666527,42.997666527,True
1791358085971096000,,2675,bird_eye,0,0,False,0.0,no_alert,9130222823406097446,5727,1791358085992583298,43.023583298,True
1791358086006088393,,2676,bird_eye,0,0,False,0.0,no_alert,9130222823406097446,5729,1791358086028817468,43.059817468,True
1791358086038296840,,2677,bird_eye,0,0,False,0.0,no_alert,9130222823406097446,5730,1791358086061439794,43.092439794,True
1791358086071293747,,2678,bird_eye,0,0,False,0.0,no_alert,9130222823406097446,5732,1791358086098791535,43.129791535,True
1791358086102502092,,2679,bird_eye,0,0,False,0.0,no_alert,9130222823406097446,5733,1791358086129305745,43.160305745,True
1791358086135700818,,2680,bird_eye,0,0,False,0.0,no_alert,9130222823406097446,5735,1791358086157825700,43.1888257,True
1791358086168833067,,2681,bird_eye,0,0,False,0.0,no_alert,9130222823406097446,5737,1791358086190609928,43.221609928,True
1791358086202738719,,2682,bird_eye,0,0,False,0.0,no_alert,9130222823406097446,5738,1791358086226035094,43.257035094,True
1791358086235496462,,2683,bird_eye,0,0,False,0.0,no_alert,9130222823406097446,5740,1791358086260175464,43.291175464,True
1791358086268861425,,2684,bird_eye,0,0,False,0.0,no_alert,9130222823406097446,5742,1791358086294192258,43.325192258,True
1791358086302109131,,2685,bird_eye,0,0,False,0.0,no_alert,9130222823406097446,5743,1791358086326351316,43.357351316,True
1791358086336363471,,2686,bird_eye,0,0,False,0.0,no_alert,9130222823406097446,5745,1791358086359261699,43.390261699,True
1791358086368382914,,2687,bird_eye,0,0,False,0.0,no_alert,9130222823406097446,5747,1791358086390858567,43.421858567,True
1791358086401534172,,2688,bird_eye,0,0,False,0.0,no_alert,9130222823406097446,5748,1791358086423579240,43.45457924,True
1791358086436392343,,2689,bird_eye,0,0,False,0.0,no_alert,9130222823406097446,5750,1791358086460115850,43.49111585,True
1791358086472461221,,2690,bird_eye,0,0,False,0.0,no_alert,9130222823406097446,5752,1791358086499012247,43.530012247,True
1791358086508892705,,2691,bird_eye,0,0,False,0.0,no_alert,9130222823406097446,5754,1791358086530485095,43.561485095,True
1791358086540617082,,2692,bird_eye,0,0,False,0.0,no_alert,9130222823406097446,5755,1791358086566165933,43.597165933,True
1791358086568447108,,2693,bird_eye,0,0,False,0.0,no_alert,9130222823406097446,5757,1791358086592001710,43.62300171,True
1791358086601785994,,2694,bird_eye,0,0,False,0.0,no_alert,9130222823406097446,5758,1791358086624920874,43.655920874,True
1791358086637443716,,2695,bird_eye,0,0,False,0.0,no_alert,9130222823406097446,5760,1791358086668051028,43.699051028,True
1791358086669198955,,2696,bird_eye,0,0,False,0.0,no_alert,9130222823406097446,5762,1791358086691120995,43.722120995,True
1791358086701546436,,2697,bird_eye,0,0,False,0.0,no_alert,9130222823406097446,5763,1791358086723936955,43.754936955,True
1791358086734660965,,2698,bird_eye,0,0,False,0.0,no_alert,9130222823406097446,5765,1791358086761354918,43.792354918,True
1791358086767695484,,2699,bird_eye,0,0,False,0.0,no_alert,9130222823406097446,5767,1791358086789281467,43.820281467,True
1791358086801481707,,2700,bird_eye,0,0,False,0.0,no_alert,9130222823406097446,5768,1791358086826656495,43.857656495,True
1791358086835582039,,2701,bird_eye,0,0,False,0.0,no_alert,9130222823406097446,5770,1791358086857395306,43.888395306,True
1791358086869225293,,2702,bird_eye,0,0,False,0.0,no_alert,9130222823406097446,5772,1791358086891198332,43.922198332,True
1791358086902667122,,2703,bird_eye,0,0,False,0.0,no_alert,9130222823406097446,5773,1791358086925797117,43.956797117,True
1791358086934935766,,2704,bird_eye,0,0,False,0.0,no_alert,9130222823406097446,5775,1791358086958187210,43.98918721,True
1791358086968345940,,2705,bird_eye,0,0,False,0.0,no_alert,9130222823406097446,5777,1791358086990938164,44.021938164,True
1791358087001601304,,2706,bird_eye,0,0,False,0.0,no_alert,9130222823406097446,5778,1791358087025428471,44.056428471,True
1791358087035116263,,2707,bird_eye,0,0,False,0.0,no_alert,9130222823406097446,5780,1791358087056931942,44.087931942,True
1791358087067928859,,2708,bird_eye,0,0,False,0.0,no_alert,9130222823406097446,5782,1791358087090612113,44.121612113,True
1791358087101325177,,2709,bird_eye,0,0,False,0.0,no_alert,9130222823406097446,5783,1791358087124843920,44.15584392,True
1791358087134369352,,2710,bird_eye,0,0,False,0.0,no_alert,9130222823406097446,5785,1791358087159752734,44.190752734,True
1791358087168152099,,2711,bird_eye,0,0,False,0.0,no_alert,9130222823406097446,5787,1791358087191001544,44.222001544,True
1791358087200885782,,2712,bird_eye,0,0,False,0.0,no_alert,9130222823406097446,5788,1791358087222705253,44.253705253,True
1791358087238916276,,2713,bird_eye,0,0,False,0.0,no_alert,9130222823406097446,5790,1791358087261649217,44.292649217,True
1791358087273886768,,2714,bird_eye,0,0,False,0.0,no_alert,9130222823406097446,5792,1791358087297273562,44.328273562,True
1791358087302540440,,2715,bird_eye,0,0,False,0.0,no_alert,9130222823406097446,5793,1791358087327137301,44.358137301,True
1791358087335314143,,2716,bird_eye,0,0,False,0.0,no_alert,9130222823406097446,5795,1791358087357578019,44.388578019,True
1791358087372849369,,2717,bird_eye,0,0,False,0.0,no_alert,9130222823406097446,5797,1791358087399638861,44.430638861,True
1791358087418482603,,2718,bird_eye,0,0,False,0.0,no_alert,9130222823406097446,5799,1791358087441351059,44.472351059,True
1791358087471047014,,2719,bird_eye,0,0,False,0.0,no_alert,9130222823406097446,5802,1791358087493127158,44.524127158,True
1791358087504362340,,2720,bird_eye,0,0,False,0.0,no_alert,9130222823406097446,5804,1791358087526572069,44.557572069,True
1791358087530289373,,2721,bird_eye,0,0,False,0.0,no_alert,9130222823406097446,5805,1791358087553980363,44.584980363,True
1791358087557489053,,2722,bird_eye,0,0,False,0.0,no_alert,9130222823406097446,5806,1791358087589099058,44.620099058,True
1791358087584720695,,2723,bird_eye,0,0,False,0.0,no_alert,9130222823406097446,5808,1791358087607451023,44.638451023,True
1791358087617727041,,2724,bird_eye,0,0,False,0.0,no_alert,9130222823406097446,5809,1791358087639789322,44.670789322,True
1791358087651517151,,2725,bird_eye,0,0,False,0.0,no_alert,9130222823406097446,5811,1791358087675540098,44.706540098,True
1791358087681999250,,2726,bird_eye,0,0,False,0.0,no_alert,9130222823406097446,5812,1791358087704771006,44.735771006,True
1791358087718469370,,2727,bird_eye,0,0,False,0.0,no_alert,9130222823406097446,5814,1791358087740943577,44.771943577,True
1791358087748663132,,2728,bird_eye,0,0,False,0.0,no_alert,9130222823406097446,5816,1791358087771863165,44.802863165,True
1791358087780576257,,2729,bird_eye,0,0,False,0.0,no_alert,9130222823406097446,5817,1791358087807592349,44.838592349,True
1791358087810731492,,2730,bird_eye,0,0,False,0.0,no_alert,9130222823406097446,5819,1791358087832904703,44.863904703,True
1791358087842258868,,2731,bird_eye,0,0,False,0.0,no_alert,9130222823406097446,5820,1791358087867806931,44.898806931,True
1791358087874672979,,2732,bird_eye,0,0,False,0.0,no_alert,9130222823406097446,5822,1791358087899661645,44.930661645,True
1791358087906262983,,2733,bird_eye,0,0,False,0.0,no_alert,9130222823406097446,5824,1791358087931392376,44.962392376,True
1791358087938868462,,2734,bird_eye,0,0,False,0.0,no_alert,9130222823406097446,5825,1791358087969464957,45.000464957,True
1791358087970913857,,2735,bird_eye,0,0,False,0.0,no_alert,9130222823406097446,5827,1791358087997055432,45.028055432,True
1791358088002513599,,2736,bird_eye,0,0,False,0.0,no_alert,9130222823406097446,5829,1791358088025828354,45.056828354,True
1791358088034857120,,2737,bird_eye,0,0,False,0.0,no_alert,9130222823406097446,5830,1791358088058394261,45.089394261,True
1791358088067993637,,2738,bird_eye,0,0,False,0.0,no_alert,9130222823406097446,5832,1791358088090152390,45.12115239,True
1791358088101710645,,2739,bird_eye,0,0,False,0.0,no_alert,9130222823406097446,5833,1791358088123811026,45.154811026,True
1791358088134708726,,2740,bird_eye,0,0,False,0.0,no_alert,9130222823406097446,5835,1791358088156863646,45.187863646,True
1791358088168700046,,2741,bird_eye,0,0,False,0.0,no_alert,9130222823406097446,5837,1791358088190836101,45.221836101,True
1791358088201817554,,2742,bird_eye,0,0,False,0.0,no_alert,9130222823406097446,5838,1791358088227796229,45.258796229,True
1791358088234815160,,2743,bird_eye,0,0,False,0.0,no_alert,9130222823406097446,5840,1791358088258834914,45.289834914,True
1791358088268908458,,2744,bird_eye,0,0,False,0.0,no_alert,9130222823406097446,5842,1791358088293574482,45.324574482,True
1791358088301817078,,2745,bird_eye,0,0,False,0.0,no_alert,9130222823406097446,5843,1791358088328999681,45.359999681,True
1791358088334958152,,2746,bird_eye,0,0,False,0.0,no_alert,9130222823406097446,5845,1791358088358980336,45.389980336,True
1791358088367501620,,2747,bird_eye,0,0,False,0.0,no_alert,9130222823406097446,5847,1791358088390537712,45.421537712,True
1791358088401729257,,2748,bird_eye,0,0,False,0.0,no_alert,9130222823406097446,5848,1791358088424753221,45.455753221,True
1791358088436240119,,2749,bird_eye,0,0,False,0.0,no_alert,9130222823406097446,5850,1791358088464347531,45.495347531,True
1791358088467835754,,2750,bird_eye,0,0,False,0.0,no_alert,9130222823406097446,5852,1791358088490089407,45.521089407,True
1791358088502716355,,2751,bird_eye,0,0,False,0.0,no_alert,9130222823406097446,5854,1791358088526508475,45.557508475,True
1791358088535502832,,2752,bird_eye,0,0,False,0.0,no_alert,9130222823406097446,5855,1791358088559533982,45.590533982,True
1791358088568342555,,2753,bird_eye,0,0,False,0.0,no_alert,9130222823406097446,5857,1791358088594087142,45.625087142,True
1791358088602058806,,2754,bird_eye,0,0,False,0.0,no_alert,9130222823406097446,5858,1791358088624937788,45.655937788,True
1791358088635317468,,2755,bird_eye,0,0,False,0.0,no_alert,9130222823406097446,5860,1791358088657458225,45.688458225,True
1791358088668321307,,2756,bird_eye,0,0,False,0.0,no_alert,9130222823406097446,5862,1791358088698560507,45.729560507,True
1791358088703150688,,2757,bird_eye,0,0,False,0.0,no_alert,9130222823406097446,5864,1791358088725522178,45.756522178,True
1791358088735021891,,2758,bird_eye,0,0,False,0.0,no_alert,9130222823406097446,5865,1791358088757225546,45.788225546,True
1791358088768460415,,2759,bird_eye,0,0,False,0.0,no_alert,9130222823406097446,5867,1791358088790676890,45.82167689,True
1791358088802211899,,2760,bird_eye,0,0,False,0.0,no_alert,9130222823406097446,5868,1791358088824155877,45.855155877,True
1791358088835515046,,2761,bird_eye,0,0,False,0.0,no_alert,9130222823406097446,5870,1791358088859442760,45.89044276,True
1791358088868561599,,2762,bird_eye,0,0,False,0.0,no_alert,9130222823406097446,5872,1791358088891606535,45.922606535,True
1791358088902739262,,2763,bird_eye,0,0,False,0.0,no_alert,9130222823406097446,5873,1791358088924826290,45.95582629,True
1791358088936168093,,2764,bird_eye,0,0,False,0.0,no_alert,9130222823406097446,5875,1791358088960892715,45.991892715,True
1791358088969406071,,2765,bird_eye,0,0,False,0.0,no_alert,9130222823406097446,5877,1791358088992908980,46.02390898,True
1791358089004316996,,2766,bird_eye,0,0,False,0.0,no_alert,9130222823406097446,5878,1791358089027137881,46.058137881,True
1791358089037098068,,2767,bird_eye,0,0,False,0.0,no_alert,9130222823406097446,5880,1791358089061428905,46.092428905,True
1791358089068261188,,2768,bird_eye,0,0,False,0.0,no_alert,9130222823406097446,5882,1791358089091141206,46.122141206,True
1791358089101252415,,2769,bird_eye,0,0,False,0.0,no_alert,9130222823406097446,5883,1791358089125424531,46.156424531,True
1791358089134877325,,2770,bird_eye,0,0,False,0.0,no_alert,9130222823406097446,5885,1791358089158956217,46.189956217,True
1791358089171615010,,2771,bird_eye,0,0,False,0.0,no_alert,9130222823406097446,5887,1791358089193780615,46.224780615,True
1791358089201702748,,2772,bird_eye,0,0,False,0.0,no_alert,9130222823406097446,5888,1791358089224116780,46.25511678,True
1791358089234757972,,2773,bird_eye,0,0,False,0.0,no_alert,9130222823406097446,5890,1791358089257364343,46.288364343,False
1791358089269753783,,2774,bird_eye,0,0,False,0.0,no_alert,9130222823406097446,5892,1791358089292227266,46.323227266,False
1791358089305563875,,2775,bird_eye,0,0,False,0.0,no_alert,9130222823406097446,5893,1791358089327689816,46.358689816,False
1791358089344872188,,2776,bird_eye,0,0,False,0.0,no_alert,9130222823406097446,5896,1791358089368059783,46.399059783,False
1791358089370848161,,2777,bird_eye,0,0,False,0.0,no_alert,9130222823406097446,5897,1791358089395928156,46.426928156,False
1791358089407132128,,2778,bird_eye,0,0,False,0.0,no_alert,9130222823406097446,5898,1791358089432797288,46.463797288,False
1791358089437463957,,2779,bird_eye,0,0,False,0.0,no_alert,9130222823406097446,5900,1791358089459396384,46.490396384,False
1791358089476205919,,2780,bird_eye,0,0,False,0.0,no_alert,9130222823406097446,5902,1791358089500940487,46.531940487,False
1791358089501863695,,2781,bird_eye,0,0,False,0.0,no_alert,9130222823406097446,5903,1791358089534065772,46.565065772,False
1791358089537408365,,2782,bird_eye,0,0,False,0.0,no_alert,9130222823406097446,5905,1791358089559651715,46.590651715,False
1791358089573037669,,2783,bird_eye,0,0,False,0.0,no_alert,9130222823406097446,5907,1791358089594966569,46.625966569,False
1791358089601808834,,2784,bird_eye,0,0,False,0.0,no_alert,9130222823406097446,5908,1791358089626171088,46.657171088,False
1791358089636140341,,2785,bird_eye,0,0,False,0.0,no_alert,9130222823406097446,5910,1791358089661039760,46.69203976,False
1791358089677346379,,2786,bird_eye,0,0,False,0.0,no_alert,9130222823406097446,5912,1791358089703102843,46.734102843,False
1791358089703954255,,2787,bird_eye,0,0,False,0.0,no_alert,9130222823406097446,5913,1791358089726389719,46.757389719,False
1791358089739581376,,2788,bird_eye,0,0,False,0.0,no_alert,9130222823406097446,5915,1791358089763779730,46.79477973,False
1791358089770217123,,2789,bird_eye,0,0,False,0.0,no_alert,9130222823406097446,5917,1791358089793674460,46.82467446,False
1791358089810542568,,2790,bird_eye,0,0,False,0.0,no_alert,9130222823406097446,5919,1791358089838228539,46.869228539,False
1791358089835689549,,2791,bird_eye,0,0,False,0.0,no_alert,9130222823406097446,5920,1791358089859133276,46.890133276,False
1791358089869898915,,2792,bird_eye,0,0,False,0.0,no_alert,9130222823406097446,5922,1791358089892483863,46.923483863,False
1791358089903197751,,2793,bird_eye,0,0,False,0.0,no_alert,9130222823406097446,5924,1791358089929101411,46.960101411,False
1791358089935012114,,2794,bird_eye,0,0,False,0.0,no_alert,9130222823406097446,5925,1791358089958261477,46.989261477,False
1791358089969356212,,2795,bird_eye,0,0,False,0.0,no_alert,9130222823406097446,5927,1791358089991488656,47.022488656,False
1791358090009581922,,2796,bird_eye,0,0,False,0.0,no_alert,9130222823406097446,5929,1791358090031101830,47.06210183,False
1791358090040641827,,2797,bird_eye,0,0,False,0.0,no_alert,9130222823406097446,5930,1791358090062334687,47.093334687,False
1791358090078431874,,2798,bird_eye,0,0,False,0.0,no_alert,9130222823406097446,5932,1791358090108591287,47.139591287,False
1791358090110110539,,2799,bird_eye,0,0,False,0.0,no_alert,9130222823406097446,5934,1791358090132454720,47.16345472,False
1791358090138467096,,2800,bird_eye,0,0,False,0.0,no_alert,9130222823406097446,5935,1791358090160247685,47.191247685,False
1791358090175854087,,2801,bird_eye,0,0,False,0.0,no_alert,9130222823406097446,5937,1791358090198349594,47.229349594,False
1791358090203957284,,2802,bird_eye,0,0,False,0.0,no_alert,9130222823406097446,5938,1791358090227028046,47.258028046,False
1791358090238063861,,2803,bird_eye,0,0,False,0.0,no_alert,9130222823406097446,5940,1791358090259740376,47.290740376,False
1791358090277706216,,2804,bird_eye,0,0,False,0.0,no_alert,9130222823406097446,5942,1791358090303930461,47.334930461,False
1791358090302003385,,2805,bird_eye,0,0,False,0.0,no_alert,9130222823406097446,5943,1791358090327463431,47.358463431,False
1791358090338346339,,2806,bird_eye,0,0,False,0.0,no_alert,9130222823406097446,5945,1791358090365741606,47.396741606,False
1791358090375199029,,2807,bird_eye,0,0,False,0.0,no_alert,9130222823406097446,5947,1791358090400902963,47.431902963,False
1791358090401776451,,2808,bird_eye,0,0,False,0.0,no_alert,9130222823406097446,5948,1791358090424575472,47.455575472,False
1791358090438076270,,2809,bird_eye,0,0,False,0.0,no_alert,9130222823406097446,5950,1791358090459909341,47.490909341,False
1791358090469070928,,2810,bird_eye,0,0,False,0.0,no_alert,9130222823406097446,5952,1791358090490600298,47.521600298,False
1791358090511444339,,2811,bird_eye,0,0,False,0.0,no_alert,9130222823406097446,5954,1791358090534968683,47.565968683,False
1791358090534376998,,2812,bird_eye,0,0,False,0.0,no_alert,9130222823406097446,5955,1791358090556362742,47.587362742,False
1791358090575877401,,2813,bird_eye,0,0,False,0.0,no_alert,9130222823406097446,5957,1791358090597884579,47.628884579,False
1791358090601293045,,2814,bird_eye,0,0,False,0.0,no_alert,9130222823406097446,5958,1791358090623922999,47.654922999,False
1791358090644609794,,2815,bird_eye,0,0,False,0.0,no_alert,9130222823406097446,5960,1791358090668168803,47.699168803,False
1791358090670028609,,2816,bird_eye,0,0,False,0.0,no_alert,9130222823406097446,5962,1791358090692041858,47.723041858,False
1791358090705890414,,2817,bird_eye,0,0,False,0.0,no_alert,9130222823406097446,5964,1791358090729430467,47.760430467,False
1791358090734988142,,2818,bird_eye,0,0,False,0.0,no_alert,9130222823406097446,5965,1791358090759853816,47.790853816,False
1791358090769503748,,2819,bird_eye,0,0,False,0.0,no_alert,9130222823406097446,5967,1791358090791917425,47.822917425,False
1791358090802895323,,2820,bird_eye,0,0,False,0.0,no_alert,9130222823406097446,5969,1791358090827104247,47.858104247,False
1791358090834561248,,2821,bird_eye,0,0,False,0.0,no_alert,9130222823406097446,5970,1791358090860968259,47.891968259,False
1791358090870441893,,2822,bird_eye,0,0,False,0.0,no_alert,9130222823406097446,5972,1791358090893874829,47.924874829,False
1791358090904805984,,2823,bird_eye,0,0,False,0.0,no_alert,9130222823406097446,5974,1791358090926997365,47.957997365,False
1791358090940427057,,2824,bird_eye,0,0,False,0.0,no_alert,9130222823406097446,5975,1791358090967131011,47.998131011,False
1791358090968599555,,2825,bird_eye,0,0,False,0.0,no_alert,9130222823406097446,5977,1791358090992116800,48.0231168,False
1791358091004568403,,2826,bird_eye,0,0,False,0.0,no_alert,9130222823406097446,5979,1791358091029375115,48.060375115,False
1791358091034929917,,2827,bird_eye,0,0,False,0.0,no_alert,9130222823406097446,5980,1791358091057870668,48.088870668,False
1791358091069535573,,2828,bird_eye,0,0,False,0.0,no_alert,9130222823406097446,5982,1791358091091446653,48.122446653,False
1791358091103937496,,2829,bird_eye,0,0,False,0.0,no_alert,9130222823406097446,5984,1791358091125927426,48.156927426,False
1791358091135634693,,2830,bird_eye,0,0,False,0.0,no_alert,9130222823406097446,5985,1791358091157993765,48.188993765,False
1791358091169881498,,2831,bird_eye,0,0,False,0.0,no_alert,9130222823406097446,5987,1791358091191802101,48.222802101,False
1791358091203520535,,2832,bird_eye,0,0,False,0.0,no_alert,9130222823406097446,5989,1791358091225827801,48.256827801,False
1791358091235086787,,2833,bird_eye,0,0,False,0.0,no_alert,9130222823406097446,5990,1791358091260134039,48.291134039,False
1791358091269561937,,2834,bird_eye,0,0,False,0.0,no_alert,9130222823406097446,5992,1791358091292792394,48.323792394,False
1791358091301741798,,2835,bird_eye,0,0,False,0.0,no_alert,9130222823406097446,5993,1791358091329066720,48.36006672,False
1791358091341914327,,2836,bird_eye,0,0,False,0.0,no_alert,9130222823406097446,5995,1791358091364176039,48.395176039,False
1791358091368361602,,2837,bird_eye,0,0,False,0.0,no_alert,9130222823406097446,5997,1791358091390694709,48.421694709,False
1791358091402719526,,2838,bird_eye,0,0,False,0.0,no_alert,9130222823406097446,5999,1791358091428942604,48.459942604,False
1791358091435614592,,2839,bird_eye,0,0,False,0.0,no_alert,9130222823406097446,6000,1791358091458692493,48.489692493,False
1791358091468502802,,2840,bird_eye,0,0,False,0.0,no_alert,9130222823406097446,6002,1791358091490440858,48.521440858,False
1791358091503831042,,2841,bird_eye,0,0,False,0.0,no_alert,9130222823406097446,6004,1791358091525946690,48.55694669,False
1791358091536894195,,2842,bird_eye,0,0,False,0.0,no_alert,9130222823406097446,6005,1791358091559035473,48.590035473,False
1791358091568737371,,2843,bird_eye,0,0,False,0.0,no_alert,9130222823406097446,6007,1791358091590717135,48.621717135,False
1791358091602520981,,2844,bird_eye,0,0,False,0.0,no_alert,9130222823406097446,6009,1791358091625270205,48.656270205,False
1791358091644268265,,2845,bird_eye,0,0,False,0.0,no_alert,9130222823406097446,6011,1791358091667682085,48.698682085,False
1791358091675414765,,2846,bird_eye,0,0,False,0.0,no_alert,9130222823406097446,6012,1791358091698793124,48.729793124,False
1791358091701460177,,2847,bird_eye,0,0,False,0.0,no_alert,9130222823406097446,6013,1791358091725941998,48.756941998,False
1791358091743343026,,2848,bird_eye,0,0,False,0.0,no_alert,9130222823406097446,6016,1791358091765393666,48.796393666,False
1791358091775317080,,2849,bird_eye,0,0,False,0.0,no_alert,9130222823406097446,6017,1791358091798071777,48.829071777,False
1791358091809056126,,2850,bird_eye,0,0,False,0.0,no_alert,9130222823406097446,6019,1791358091831729974,48.862729974,False
1791358091841666368,,2851,bird_eye,0,0,False,0.0,no_alert,9130222823406097446,6020,1791358091864162696,48.895162696,False
1791358091876512039,,2852,bird_eye,0,0,False,0.0,no_alert,9130222823406097446,6022,1791358091898324579,48.929324579,False
1791358091900773799,,2853,bird_eye,0,0,False,0.0,no_alert,9130222823406097446,6023,1791358091923481714,48.954481714,False
1791358091936765686,,2854,bird_eye,0,0,False,0.0,no_alert,9130222823406097446,6025,1791358091958541469,48.989541469,False
1791358091970338232,,2855,bird_eye,0,0,False,0.0,no_alert,9130222823406097446,6027,1791358091992055809,49.023055809,False
1791358092003228024,,2856,bird_eye,0,0,False,0.0,no_alert,9130222823406097446,6029,1791358092026385164,49.057385164,False
1791358092043756217,,2857,bird_eye,0,0,False,0.0,no_alert,9130222823406097446,6031,1791358092065430630,49.09643063,False
1791358092079800202,,2858,bird_eye,0,0,False,0.0,no_alert,9130222823406097446,6032,1791358092102127407,49.133127407,False
1791358092107377120,,2859,bird_eye,0,0,False,0.0,no_alert,9130222823406097446,6034,1791358092129668586,49.160668586,False
1791358092134848437,,2860,bird_eye,0,0,False,0.0,no_alert,9130222823406097446,6035,1791358092158823074,49.189823074,False
1791358092167577789,,2861,bird_eye,0,0,False,0.0,no_alert,9130222823406097446,6037,1791358092194733112,49.225733112,False
1791358092201551681,,2862,bird_eye,0,0,False,0.0,no_alert,9130222823406097446,6038,1791358092224567456,49.255567456,False
1791358092237802549,,2863,bird_eye,0,0,False,0.0,no_alert,9130222823406097446,6040,1791358092260088278,49.291088278,False
1791358092270524533,,2864,bird_eye,0,0,False,0.0,no_alert,9130222823406097446,6042,1791358092294517548,49.325517548,False
1791358092310123966,,2865,bird_eye,0,0,False,0.0,no_alert,9130222823406097446,6044,1791358092332340269,49.363340269,False
1791358092335954332,,2866,bird_eye,0,0,False,0.0,no_alert,9130222823406097446,6045,1791358092357888224,49.388888224,False
1791358092378515214,,2867,bird_eye,0,0,False,0.0,no_alert,9130222823406097446,6047,1791358092401773820,49.43277382,False
1791358092401572552,,2868,bird_eye,0,0,False,0.0,no_alert,9130222823406097446,6048,1791358092424727988,49.455727988,False
1791358092437790454,,2869,bird_eye,0,0,False,0.0,no_alert,9130222823406097446,6050,1791358092460509690,49.49150969,False
1791358092471817859,,2870,bird_eye,0,0,False,0.0,no_alert,9130222823406097446,6052,1791358092499279710,49.53027971,False
1791358092501991348,,2871,bird_eye,0,0,False,0.0,no_alert,9130222823406097446,6054,1791358092524279971,49.555279971,False
1791358092536529759,,2872,bird_eye,0,0,False,0.0,no_alert,9130222823406097446,6055,1791358092561755108,49.592755108,False
1791358092570216958,,2873,bird_eye,0,0,False,0.0,no_alert,9130222823406097446,6057,1791358092592250313,49.623250313,False
1791358092603124219,,2874,bird_eye,0,0,False,0.0,no_alert,9130222823406097446,6059,1791358092625016920,49.65601692,False
1791358092639085035,,2875,bird_eye,0,0,False,0.0,no_alert,9130222823406097446,6060,1791358092661053722,49.692053722,False
1791358092668937873,,2876,bird_eye,0,0,False,0.0,no_alert,9130222823406097446,6062,1791358092692712261,49.723712261,False
1791358092705165815,,2877,bird_eye,0,0,False,0.0,no_alert,9130222823406097446,6064,1791358092727443909,49.758443909,False
1791358092733970086,,2878,bird_eye,0,0,False,0.0,no_alert,9130222823406097446,6065,1791358092756324607,49.787324607,False
1791358092770590568,,2879,bird_eye,0,0,False,0.0,no_alert,9130222823406097446,6067,1791358092797318551,49.828318551,False
1791358092807962979,,2880,bird_eye,0,0,False,0.0,no_alert,9130222823406097446,6069,1791358092837928450,49.86892845,False
1791358092835910302,,2881,bird_eye,0,0,False,0.0,no_alert,9130222823406097446,6070,1791358092859530074,49.890530074,False
1791358092876005380,,2882,bird_eye,0,0,False,0.0,no_alert,9130222823406097446,6072,1791358092911189277,49.942189277,False
1791358092908495111,,2883,bird_eye,0,0,False,0.0,no_alert,9130222823406097446,6074,1791358092931362265,49.962362265,False
