stamp_ns,frame_id,sequence,source,risk_level,pattern,active,normalized_magnitude,reason,receiver_session_id,receiver_token,bag_ns,camera_relative_sec,in_camera_window
1791357996134137925,,4,bird_eye,0,0,False,0.0,no_alert,9130222823406097446,1235,1791357996134708816,-46.834291184,False
1791357996167130542,,5,bird_eye,0,0,False,0.0,no_alert,9130222823406097446,1236,1791357996167526110,-46.80147389,False
1791357996198475117,,6,bird_eye,0,0,False,0.0,no_alert,9130222823406097446,1238,1791357996198740495,-46.770259505,False
1791357996232666086,,7,bird_eye,0,0,False,0.0,no_alert,9130222823406097446,1240,1791357996232989198,-46.736010802,False
1791357996263086867,,8,bird_eye,0,0,False,0.0,no_alert,9130222823406097446,1241,1791357996263268073,-46.705731927,False
1791357996299582349,,9,bird_eye,0,0,False,0.0,no_alert,9130222823406097446,1243,1791357996299899136,-46.669100864,False
1791357996330909703,,10,bird_eye,0,0,False,0.0,no_alert,9130222823406097446,1245,1791357996331086327,-46.637913673,False
1791357996364517296,,11,bird_eye,0,0,False,0.0,no_alert,9130222823406097446,1246,1791357996364732520,-46.60426748,False
1791357996398524130,,12,bird_eye,0,0,False,0.0,no_alert,9130222823406097446,1248,1791357996398757121,-46.570242879,False
1791357996431509586,,13,bird_eye,0,0,False,0.0,no_alert,9130222823406097446,1249,1791357996431740170,-46.53725983,False
1791357996474495462,,14,bird_eye,0,0,False,0.0,no_alert,9130222823406097446,1252,1791357996474695037,-46.494304963,False
1791357996501758694,,15,bird_eye,0,0,False,0.0,no_alert,9130222823406097446,1253,1791357996501954923,-46.467045077,False
1791357996537786697,,16,bird_eye,0,0,False,0.0,no_alert,9130222823406097446,1255,1791357996538015885,-46.430984115,False
1791357996569409953,,17,bird_eye,0,0,False,0.0,no_alert,9130222823406097446,1257,1791357996569566984,-46.399433016,False
1791357996602492329,,18,bird_eye,0,0,False,0.0,no_alert,9130222823406097446,1258,1791357996603132547,-46.365867453,False
1791357996635340477,,19,bird_eye,0,0,False,0.0,no_alert,9130222823406097446,1260,1791357996635546565,-46.333453435,False
1791357996669244543,,20,bird_eye,0,0,False,0.0,no_alert,9130222823406097446,1262,1791357996669439403,-46.299560597,False
1791357996702594012,,21,bird_eye,0,0,False,0.0,no_alert,9130222823406097446,1263,1791357996702784213,-46.266215787,False
1791357996736627336,,22,bird_eye,0,0,False,0.0,no_alert,9130222823406097446,1265,1791357996736804864,-46.232195136,False
1791357996773013343,,23,bird_eye,0,0,False,0.0,no_alert,9130222823406097446,1267,1791357996773356500,-46.1956435,False
1791357996804762188,,24,bird_eye,0,0,False,0.0,no_alert,9130222823406097446,1268,1791357996804933589,-46.164066411,False
1791357996837028632,,25,bird_eye,0,0,False,0.0,no_alert,9130222823406097446,1269,1791357996837445107,-46.131554893,False
1791357996871866906,,26,bird_eye,0,0,False,0.0,no_alert,9130222823406097446,1272,1791357996872213405,-46.096786595,False
1791357996902713293,,27,bird_eye,0,0,False,0.0,no_alert,9130222823406097446,1273,1791357996903004131,-46.065995869,False
1791357996936935948,,28,bird_eye,0,0,False,0.0,no_alert,9130222823406097446,1275,1791357996937136247,-46.031863753,False
1791357996968577058,,29,bird_eye,0,0,False,0.0,no_alert,9130222823406097446,1277,1791357996968730120,-46.00026988,False
1791357997006218362,,30,bird_eye,0,0,False,0.0,no_alert,9130222823406097446,1278,1791357997006369062,-45.962630938,False
1791357997042822647,,31,bird_eye,0,0,False,0.0,no_alert,9130222823406097446,1280,1791357997043226380,-45.92577362,False
1791357997071964611,,32,bird_eye,0,0,False,0.0,no_alert,9130222823406097446,1282,1791357997072290371,-45.896709629,False
1791357997102672457,,33,bird_eye,0,0,False,0.0,no_alert,9130222823406097446,1283,1791357997102866726,-45.866133274,False
1791357997143784480,,34,bird_eye,0,0,False,0.0,no_alert,9130222823406097446,1285,1791357997143967678,-45.825032322,False
1791357997170042326,,35,bird_eye,0,0,False,0.0,no_alert,9130222823406097446,1287,1791357997170328914,-45.798671086,False
1791357997208038474,,36,bird_eye,0,0,False,0.0,no_alert,9130222823406097446,1289,1791357997208326334,-45.760673666,False
1791357997241102675,,37,bird_eye,0,0,False,0.0,no_alert,9130222823406097446,1290,1791357997241436200,-45.7275638,False
1791357997269524420,,38,bird_eye,0,0,False,0.0,no_alert,9130222823406097446,1292,1791357997269724235,-45.699275765,False
1791357997303978386,,39,bird_eye,0,0,False,0.0,no_alert,9130222823406097446,1293,1791357997304142295,-45.664857705,False
1791357997344830487,,40,bird_eye,0,0,False,0.0,no_alert,9130222823406097446,1295,1791357997345013046,-45.623986954,False
1791357997371963758,,41,bird_eye,0,0,False,0.0,no_alert,9130222823406097446,1297,1791357997372252781,-45.596747219,False
1791357997411293439,,42,bird_eye,0,0,False,0.0,no_alert,9130222823406097446,1299,1791357997411588102,-45.557411898,False
1791357997438150043,,43,bird_eye,0,0,False,0.0,no_alert,9130222823406097446,1300,1791357997438344919,-45.530655081,False
1791357997477247442,,44,bird_eye,0,0,False,0.0,no_alert,9130222823406097446,1302,1791357997477473657,-45.491526343,False
1791357997508725929,,45,bird_eye,0,0,False,0.0,no_alert,9130222823406097446,1304,1791357997508897319,-45.460102681,False
1791357997542761692,,46,bird_eye,0,0,False,0.0,no_alert,9130222823406097446,1305,1791357997542948558,-45.426051442,False
1791357997572908051,,47,bird_eye,0,0,False,0.0,no_alert,9130222823406097446,1307,1791357997573048694,-45.395951306,False
1791357997610600016,,48,bird_eye,0,0,False,0.0,no_alert,9130222823406097446,1308,1791357997610780474,-45.358219526,False
1791357997635908593,,49,bird_eye,0,0,False,0.0,no_alert,9130222823406097446,1310,1791357997636121062,-45.332878938,False
1791357997682837897,,50,bird_eye,0,0,False,0.0,no_alert,9130222823406097446,1312,1791357997683135021,-45.285864979,False
1791357997708331665,,51,bird_eye,0,0,False,0.0,no_alert,9130222823406097446,1314,1791357997708576565,-45.260423435,False
1791357997736731537,,52,bird_eye,0,0,False,0.0,no_alert,9130222823406097446,1315,1791357997737014720,-45.23198528,False
1791357997769361010,,53,bird_eye,0,0,False,0.0,no_alert,9130222823406097446,1317,1791357997769509609,-45.199490391,False
1791357997803250817,,54,bird_eye,0,0,False,0.0,no_alert,9130222823406097446,1318,1791357997803540629,-45.165459371,False
1791357997837986096,,55,bird_eye,0,0,False,0.0,no_alert,9130222823406097446,1320,1791357997838226345,-45.130773655,False
1791357997870035062,,56,bird_eye,0,0,False,0.0,no_alert,9130222823406097446,1322,1791357997870183788,-45.098816212,False
1791357997903655982,,57,bird_eye,0,0,False,0.0,no_alert,9130222823406097446,1323,1791357997903827413,-45.065172587,False
1791357997936042690,,58,bird_eye,0,0,False,0.0,no_alert,9130222823406097446,1325,1791357997936224870,-45.03277513,False
1791357997969672404,,59,bird_eye,0,0,False,0.0,no_alert,9130222823406097446,1327,1791357997969789926,-44.999210074,False
1791357998002636635,,60,bird_eye,0,0,False,0.0,no_alert,9130222823406097446,1328,1791357998002720875,-44.966279125,False
1791357998037123291,,61,bird_eye,0,0,False,0.0,no_alert,9130222823406097446,1330,1791357998037311212,-44.931688788,False
1791357998071071361,,62,bird_eye,0,0,False,0.0,no_alert,9130222823406097446,1332,1791357998071222962,-44.897777038,False
1791357998102951559,,63,bird_eye,0,0,False,0.0,no_alert,9130222823406097446,1333,1791357998103149797,-44.865850203,False
1791357998137722911,,64,bird_eye,0,0,False,0.0,no_alert,9130222823406097446,1335,1791357998137930673,-44.831069327,False
1791357998172070362,,65,bird_eye,0,0,False,0.0,no_alert,9130222823406097446,1337,1791357998172286491,-44.796713509,False
1791357998205060175,,66,bird_eye,0,0,False,0.0,no_alert,9130222823406097446,1338,1791357998205219842,-44.763780158,False
1791357998236872482,,67,bird_eye,0,0,False,0.0,no_alert,9130222823406097446,1340,1791357998237053169,-44.731946831,False
1791357998270131708,,68,bird_eye,0,0,False,0.0,no_alert,9130222823406097446,1342,1791357998270275783,-44.698724217,False
1791357998303903135,,69,bird_eye,0,0,False,0.0,no_alert,9130222823406097446,1343,1791357998304105527,-44.664894473,False
1791357998338026955,,70,bird_eye,0,0,False,0.0,no_alert,9130222823406097446,1345,1791357998338169947,-44.630830053,False
1791357998370296401,,71,bird_eye,0,0,False,0.0,no_alert,9130222823406097446,1346,1791357998370528139,-44.598471861,False
1791357998405876257,,72,bird_eye,0,0,False,0.0,no_alert,9130222823406097446,1348,1791357998406065334,-44.562934666,False
1791357998437947298,,73,bird_eye,0,0,False,0.0,no_alert,9130222823406097446,1350,1791357998438081372,-44.530918628,False
1791357998471452768,,74,bird_eye,0,0,False,0.0,no_alert,9130222823406097446,1351,1791357998471630800,-44.4973692,False
1791357998503880363,,75,bird_eye,0,0,False,0.0,no_alert,9130222823406097446,1353,1791357998504010159,-44.464989841,False
1791357998537693483,,76,bird_eye,0,0,False,0.0,no_alert,9130222823406097446,1355,1791357998537844338,-44.431155662,False
1791357998575772799,,77,bird_eye,0,0,False,0.0,no_alert,9130222823406097446,1357,1791357998576103392,-44.392896608,False
1791357998602718914,,78,bird_eye,0,0,False,0.0,no_alert,9130222823406097446,1358,1791357998602974263,-44.366025737,False
1791357998643419156,,79,bird_eye,0,0,False,0.0,no_alert,9130222823406097446,1360,1791357998643816004,-44.325183996,False
1791357998675589078,,80,bird_eye,0,0,False,0.0,no_alert,9130222823406097446,1362,1791357998675775982,-44.293224018,False
1791357998703897094,,81,bird_eye,0,0,False,0.0,no_alert,9130222823406097446,1363,1791357998704044876,-44.264955124,False
1791357998739146170,,82,bird_eye,0,0,False,0.0,no_alert,9130222823406097446,1365,1791357998739281510,-44.22971849,False
1791357998777568289,,83,bird_eye,0,0,False,0.0,no_alert,9130222823406097446,1367,1791357998777753884,-44.191246116,False
1791357998803859097,,84,bird_eye,0,0,False,0.0,no_alert,9130222823406097446,1368,1791357998804040911,-44.164959089,False
1791357998837213453,,85,bird_eye,0,0,False,0.0,no_alert,9130222823406097446,1370,1791357998837304791,-44.131695209,False
1791357998871293603,,86,bird_eye,0,0,False,0.0,no_alert,9130222823406097446,1372,1791357998871386522,-44.097613478,False
1791357998907105651,,87,bird_eye,0,0,False,0.0,no_alert,9130222823406097446,1374,1791357998907255439,-44.061744561,False
1791357998939364817,,88,bird_eye,0,0,False,0.0,no_alert,9130222823406097446,1375,1791357998939639199,-44.029360801,False
1791357998970957245,,89,bird_eye,0,0,False,0.0,no_alert,9130222823406097446,1377,1791357998971100574,-43.997899426,False
1791357999004767052,,90,bird_eye,0,0,False,0.0,no_alert,9130222823406097446,1378,1791357999004861814,-43.964138186,False
1791357999046628212,,91,bird_eye,0,0,False,0.0,no_alert,9130222823406097446,1380,1791357999046818972,-43.922181028,False
1791357999074890136,,92,bird_eye,0,0,False,0.0,no_alert,9130222823406097446,1382,1791357999075053553,-43.893946447,False
1791357999103882829,,93,bird_eye,0,0,False,0.0,no_alert,9130222823406097446,1383,1791357999104038605,-43.864961395,False
1791357999142091836,,94,bird_eye,0,0,False,0.0,no_alert,9130222823406097446,1385,1791357999142221235,-43.826778765,False
1791357999170322959,,95,bird_eye,0,0,False,0.0,no_alert,9130222823406097446,1387,1791357999170513598,-43.798486402,False
1791357999217532152,,96,bird_eye,0,0,False,0.0,no_alert,9130222823406097446,1389,1791357999217770336,-43.751229664,False
1791357999241040228,,97,bird_eye,0,0,False,0.0,no_alert,9130222823406097446,1390,1791357999241299809,-43.727700191,False
1791357999267986106,,98,bird_eye,0,0,False,0.0,no_alert,9130222823406097446,1392,1791357999268240149,-43.700759851,False
1791357999310541923,,99,bird_eye,0,0,False,0.0,no_alert,9130222823406097446,1394,1791357999310728448,-43.658271552,False
1791357999339337333,,100,bird_eye,0,0,False,0.0,no_alert,9130222823406097446,1395,1791357999339474679,-43.629525321,False
1791357999373138513,,101,bird_eye,0,0,False,0.0,no_alert,9130222823406097446,1397,1791357999373252156,-43.595747844,False
1791357999411220842,,102,bird_eye,0,0,False,0.0,no_alert,9130222823406097446,1399,1791357999411359268,-43.557640732,False
1791357999435682230,,103,bird_eye,0,0,False,0.0,no_alert,9130222823406097446,1400,1791357999435872348,-43.533127652,False
1791357999473016329,,104,bird_eye,0,0,False,0.0,no_alert,9130222823406097446,1402,1791357999473341018,-43.495658982,False
1791357999503772655,,105,bird_eye,0,0,False,0.0,no_alert,9130222823406097446,1403,1791357999504005341,-43.464994659,False
1791357999536565411,,106,bird_eye,0,0,False,0.0,no_alert,9130222823406097446,1405,1791357999536862378,-43.432137622,False
1791357999570384247,,107,bird_eye,0,0,False,0.0,no_alert,9130222823406097446,1407,1791357999570662985,-43.398337015,False
1791357999611638000,,108,bird_eye,0,0,False,0.0,no_alert,9130222823406097446,1408,1791357999612032792,-43.356967208,False
1791357999638768732,,109,bird_eye,0,0,False,0.0,no_alert,9130222823406097446,1410,1791357999639044238,-43.329955762,False
1791357999679395649,,110,bird_eye,0,0,False,0.0,no_alert,9130222823406097446,1412,1791357999679810017,-43.289189983,False
1791357999702283331,,111,bird_eye,0,0,False,0.0,no_alert,9130222823406097446,1413,1791357999702494012,-43.266505988,False
1791357999740361927,,112,bird_eye,0,0,False,0.0,no_alert,9130222823406097446,1415,1791357999740562132,-43.228437868,False
1791357999783830757,,113,bird_eye,0,0,False,0.0,no_alert,9130222823406097446,1417,1791357999784065809,-43.184934191,False
1791357999811364037,,114,bird_eye,0,0,False,0.0,no_alert,9130222823406097446,1419,1791357999811603120,-43.15739688,False
1791357999837374539,,115,bird_eye,0,0,False,0.0,no_alert,9130222823406097446,1420,1791357999837624669,-43.131375331,False
1791357999868800840,,116,bird_eye,0,0,False,0.0,no_alert,9130222823406097446,1422,1791357999869090088,-43.099909912,False
1791357999903124096,,117,bird_eye,0,0,False,0.0,no_alert,9130222823406097446,1423,1791357999903457502,-43.065542498,False
1791357999937256639,,118,bird_eye,0,0,False,0.0,no_alert,9130222823406097446,1425,1791357999937524481,-43.031475519,False
1791357999971321633,,119,bird_eye,0,0,False,0.0,no_alert,9130222823406097446,1427,1791357999971745325,-42.997254675,False
1791358000010877603,,120,bird_eye,0,0,False,0.0,no_alert,9130222823406097446,1428,1791358000011081730,-42.95791827,False
1791358000043627448,,121,bird_eye,0,0,False,0.0,no_alert,9130222823406097446,1430,1791358000043845773,-42.925154227,False
1791358000079672840,,122,bird_eye,0,0,False,0.0,no_alert,9130222823406097446,1432,1791358000079939741,-42.889060259,False
1791358000103815622,,123,bird_eye,0,0,False,0.0,no_alert,9130222823406097446,1433,1791358000104044029,-42.864955971,False
1791358000135578671,,124,bird_eye,0,0,False,0.0,no_alert,9130222823406097446,1435,1791358000135763518,-42.833236482,False
1791358000167895563,,125,bird_eye,0,0,False,0.0,no_alert,9130222823406097446,1437,1791358000168200979,-42.800799021,False
1791358000203220098,,126,bird_eye,0,0,False,0.0,no_alert,9130222823406097446,1438,1791358000203440666,-42.765559334,False
1791358000236223880,,127,bird_eye,0,0,False,0.0,no_alert,9130222823406097446,1440,1791358000236393310,-42.73260669,False
1791358000276367459,,128,bird_eye,0,0,False,0.0,no_alert,9130222823406097446,1442,1791358000276555528,-42.692444472,False
1791358000305371621,,129,bird_eye,0,0,False,0.0,no_alert,9130222823406097446,1443,1791358000305575834,-42.663424166,False
1791358000335670810,,130,bird_eye,0,0,False,0.0,no_alert,9130222823406097446,1445,1791358000335908928,-42.633091072,False
1791358000376663769,,131,bird_eye,0,0,False,0.0,no_alert,9130222823406097446,1447,1791358000376782255,-42.592217745,False
1791358000401564633,,132,bird_eye,0,0,False,0.0,no_alert,9130222823406097446,1448,1791358000401766107,-42.567233893,False
1791358000446305732,,133,bird_eye,0,0,False,0.0,no_alert,9130222823406097446,1451,1791358000446454371,-42.522545629,False
1791358000477863509,,134,bird_eye,0,0,False,0.0,no_alert,9130222823406097446,1452,1791358000478103797,-42.490896203,False
1791358000507225167,,135,bird_eye,0,0,False,0.0,no_alert,9130222823406097446,1454,1791358000507450490,-42.46154951,False
1791358000549715260,,136,bird_eye,0,0,False,0.0,no_alert,9130222823406097446,1456,1791358000549858675,-42.419141325,False
1791358000572434511,,137,bird_eye,0,0,False,0.0,no_alert,9130222823406097446,1457,1791358000572641358,-42.396358642,False
1791358000604357646,,138,bird_eye,0,0,False,0.0,no_alert,9130222823406097446,1458,1791358000604501959,-42.364498041,False
1791358000639124430,,139,bird_eye,0,0,False,0.0,no_alert,9130222823406097446,1460,1791358000639465586,-42.329534414,False
1791358000675303110,,140,bird_eye,0,0,False,0.0,no_alert,9130222823406097446,1462,1791358000675400288,-42.293599712,False
1791358000703562447,,141,bird_eye,0,0,False,0.0,no_alert,9130222823406097446,1463,1791358000703880329,-42.265119671,False
1791358000741411800,,142,bird_eye,0,0,False,0.0,no_alert,9130222823406097446,1465,1791358000741715836,-42.227284164,False
1791358000769153769,,143,bird_eye,0,0,False,0.0,no_alert,9130222823406097446,1466,1791358000769437482,-42.199562518,False
1791358000802379459,,144,bird_eye,0,0,False,0.0,no_alert,9130222823406097446,1468,1791358000802553123,-42.166446877,False
1791358000837079240,,145,bird_eye,0,0,False,0.0,no_alert,9130222823406097446,1470,1791358000837256940,-42.13174306,False
1791358000869585563,,146,bird_eye,0,0,False,0.0,no_alert,9130222823406097446,1472,1791358000869828740,-42.09917126,False
1791358000915367269,,147,bird_eye,0,0,False,0.0,no_alert,9130222823406097446,1474,1791358000915682471,-42.053317529,False
1791358000978309741,,149,bird_eye,0,0,False,0.0,no_alert,9130222823406097446,1477,1791358000978529278,-41.990470722,False
1791358001003086499,,150,bird_eye,0,0,False,0.0,no_alert,9130222823406097446,1478,1791358001003401911,-41.965598089,False
1791358001045675514,,151,bird_eye,0,0,False,0.0,no_alert,9130222823406097446,1480,1791358001045981691,-41.923018309,False
1791358001068657170,,152,bird_eye,0,0,False,0.0,no_alert,9130222823406097446,1482,1791358001069055327,-41.899944673,False
1791358001113057587,,153,bird_eye,0,0,False,0.0,no_alert,9130222823406097446,1484,1791358001113271637,-41.855728363,False
1791358001136641186,,154,bird_eye,0,0,False,0.0,no_alert,9130222823406097446,1485,1791358001136953944,-41.832046056,False
1791358001180117542,,155,bird_eye,0,0,False,0.0,no_alert,9130222823406097446,1487,1791358001180558407,-41.788441593,False
1791358001206121298,,156,bird_eye,0,0,False,0.0,no_alert,9130222823406097446,1488,1791358001206367578,-41.762632422,False
1791358001235736614,,157,bird_eye,0,0,False,0.0,no_alert,9130222823406097446,1490,1791358001236036155,-41.732963845,False
1791358001268994862,,158,bird_eye,0,0,False,0.0,no_alert,9130222823406097446,1492,1791358001269244128,-41.699755872,False
1791358001309310147,,159,bird_eye,0,0,False,0.0,no_alert,9130222823406097446,1494,1791358001309490582,-41.659509418,False
1791358001342797874,,160,bird_eye,0,0,False,0.0,no_alert,9130222823406097446,1495,1791358001342948341,-41.626051659,False
1791358001374498303,,161,bird_eye,0,0,False,0.0,no_alert,9130222823406097446,1497,1791358001374863376,-41.594136624,False
1791358001408760549,,162,bird_eye,0,0,False,0.0,no_alert,9130222823406097446,1499,1791358001408932762,-41.560067238,False
1791358001434952145,,163,bird_eye,0,0,False,0.0,no_alert,9130222823406097446,1500,1791358001435257125,-41.533742875,False
1791358001468954387,,164,bird_eye,0,0,False,0.0,no_alert,9130222823406097446,1502,1791358001469163329,-41.499836671,False
1791358001502150538,,165,bird_eye,0,0,False,0.0,no_alert,9130222823406097446,1503,1791358001502412996,-41.466587004,False
1791358001542869674,,166,bird_eye,0,0,False,0.0,no_alert,9130222823406097446,1505,1791358001543051922,-41.425948078,False
1791358001572412870,,167,bird_eye,0,0,False,0.0,no_alert,9130222823406097446,1507,1791358001572710037,-41.396289963,False
1791358001608652565,,168,bird_eye,0,0,False,0.0,no_alert,9130222823406097446,1509,1791358001608927085,-41.360072915,False
1791358001636712160,,169,bird_eye,0,0,False,0.0,no_alert,9130222823406097446,1510,1791358001636973278,-41.332026722,False
1791358001668801240,,170,bird_eye,0,0,False,0.0,no_alert,9130222823406097446,1512,1791358001669107624,-41.299892376,False
1791358001702190159,,171,bird_eye,0,0,False,0.0,no_alert,9130222823406097446,1513,1791358001702529376,-41.266470624,False
1791358001735805187,,172,bird_eye,0,0,False,0.0,no_alert,9130222823406097446,1515,1791358001736117322,-41.232882678,False
1791358001767758461,,173,bird_eye,0,0,False,0.0,no_alert,9130222823406097446,1517,1791358001768111961,-41.200888039,False
1791358001802015302,,174,bird_eye,0,0,False,0.0,no_alert,9130222823406097446,1518,1791358001802396521,-41.166603479,False
1791358001842661319,,175,bird_eye,0,0,False,0.0,no_alert,9130222823406097446,1520,1791358001842864629,-41.126135371,False
1791358001874849689,,176,bird_eye,0,0,False,0.0,no_alert,9130222823406097446,1522,1791358001875114762,-41.093885238,False
1791358001901440828,,177,bird_eye,0,0,False,0.0,no_alert,9130222823406097446,1523,1791358001901910841,-41.067089159,False
1791358001935490277,,178,bird_eye,0,0,False,0.0,no_alert,9130222823406097446,1525,1791358001936041097,-41.032958903,False
1791358001967663544,,179,bird_eye,0,0,False,0.0,no_alert,9130222823406097446,1527,1791358001968025720,-41.00097428,False
1791358002001410023,,180,bird_eye,0,0,False,0.0,no_alert,9130222823406097446,1528,1791358002001715029,-40.967284971,False
1791358002049787828,,181,bird_eye,0,0,False,0.0,no_alert,9130222823406097446,1531,1791358002049947708,-40.919052292,False
1791358002081659241,,182,bird_eye,0,0,False,0.0,no_alert,9130222823406097446,1532,1791358002081915543,-40.887084457,False
1791358002105605453,,183,bird_eye,0,0,False,0.0,no_alert,9130222823406097446,1533,1791358002105923797,-40.863076203,False
1791358002146409776,,184,bird_eye,0,0,False,0.0,no_alert,9130222823406097446,1535,1791358002146603760,-40.82239624,False
1791358002167726707,,185,bird_eye,0,0,False,0.0,no_alert,9130222823406097446,1537,1791358002167860923,-40.801139077,False
1791358002212605310,,186,bird_eye,0,0,False,0.0,no_alert,9130222823406097446,1539,1791358002212835284,-40.756164716,False
1791358002235311722,,187,bird_eye,0,0,False,0.0,no_alert,9130222823406097446,1540,1791358002235527519,-40.733472481,False
1791358002270101991,,188,bird_eye,0,0,False,0.0,no_alert,9130222823406097446,1542,1791358002270414624,-40.698585376,False
1791358002308819800,,189,bird_eye,0,0,False,0.0,no_alert,9130222823406097446,1544,1791358002309031381,-40.659968619,False
1791358002334426488,,190,bird_eye,0,0,False,0.0,no_alert,9130222823406097446,1545,1791358002334536125,-40.634463875,False
1791358002370610451,,191,bird_eye,0,0,False,0.0,no_alert,9130222823406097446,1547,1791358002370991586,-40.598008414,False
1791358002409065238,,192,bird_eye,0,0,False,0.0,no_alert,9130222823406097446,1549,1791358002409413874,-40.559586126,False
1791358002443465738,,193,bird_eye,0,0,False,0.0,no_alert,9130222823406097446,1550,1791358002443590092,-40.525409908,False
1791358002467586810,,194,bird_eye,0,0,False,0.0,no_alert,9130222823406097446,1551,1791358002467678315,-40.501321685,False
1791358002515745139,,195,bird_eye,0,0,False,0.0,no_alert,9130222823406097446,1554,1791358002515860722,-40.453139278,False
1791358002541526875,,196,bird_eye,0,0,False,0.0,no_alert,9130222823406097446,1555,1791358002541904939,-40.427095061,False
1791358002579498047,,197,bird_eye,0,0,False,0.0,no_alert,9130222823406097446,1557,1791358002579869789,-40.389130211,False
1791358002606373198,,198,bird_eye,0,0,False,0.0,no_alert,9130222823406097446,1558,1791358002606826645,-40.362173355,False
1791358002646753082,,199,bird_eye,0,0,False,0.0,no_alert,9130222823406097446,1560,1791358002647033431,-40.321966569,False
1791358002679491631,,200,bird_eye,0,0,False,0.0,no_alert,9130222823406097446,1562,1791358002679936617,-40.289063383,False
1791358002721050181,,201,bird_eye,0,0,False,0.0,no_alert,9130222823406097446,1564,1791358002721508995,-40.247491005,False
1791358002753472489,,202,bird_eye,0,0,False,0.0,no_alert,9130222823406097446,1566,1791358002753891888,-40.215108112,False
1791358002777357718,,203,bird_eye,0,0,False,0.0,no_alert,9130222823406097446,1567,1791358002777581522,-40.191418478,False
1791358002806874746,,204,bird_eye,0,0,False,0.0,no_alert,9130222823406097446,1568,1791358002807144408,-40.161855592,False
1791358002843746891,,205,bird_eye,0,0,False,0.0,no_alert,9130222823406097446,1570,1791358002844111806,-40.124888194,False
1791358002882747762,,206,bird_eye,0,0,False,0.0,no_alert,9130222823406097446,1572,1791358002882915593,-40.086084407,False
1791358002900525481,,207,bird_eye,0,0,False,0.0,no_alert,9130222823406097446,1573,1791358002900767188,-40.068232812,False
1791358002946933653,,208,bird_eye,0,0,False,0.0,no_alert,9130222823406097446,1576,1791358002947178296,-40.021821704,False
1791358002978401752,,209,bird_eye,0,0,False,0.0,no_alert,9130222823406097446,1577,1791358002978706715,-39.990293285,False
1791358003005800607,,210,bird_eye,0,0,False,0.0,no_alert,9130222823406097446,1578,1791358003006097924,-39.962902076,False
1791358003034304158,,211,bird_eye,0,0,False,0.0,no_alert,9130222823406097446,1580,1791358003034472082,-39.934527918,False
1791358003073252310,,212,bird_eye,0,0,False,0.0,no_alert,9130222823406097446,1582,1791358003073620159,-39.895379841,False
1791358003101007009,,213,bird_eye,0,0,False,0.0,no_alert,9130222823406097446,1583,1791358003101217417,-39.867782583,False
1791358003135205821,,214,bird_eye,0,0,False,0.0,no_alert,9130222823406097446,1585,1791358003135361940,-39.83363806,False
1791358003181929423,,215,bird_eye,0,0,False,0.0,no_alert,9130222823406097446,1587,1791358003182086995,-39.786913005,False
1791358003206919467,,216,bird_eye,0,0,False,0.0,no_alert,9130222823406097446,1588,1791358003207249120,-39.76175088,False
1791358003244984185,,217,bird_eye,0,0,False,0.0,no_alert,9130222823406097446,1590,1791358003245375634,-39.723624366,False
1791358003278492866,,218,bird_eye,0,0,False,0.0,no_alert,9130222823406097446,1592,1791358003278795582,-39.690204418,False
1791358003301975036,,219,bird_eye,0,0,False,0.0,no_alert,9130222823406097446,1593,1791358003302114459,-39.666885541,False
1791358003340989195,,220,bird_eye,0,0,False,0.0,no_alert,9130222823406097446,1595,1791358003341329807,-39.627670193,False
1791358003371642800,,221,bird_eye,0,0,False,0.0,no_alert,9130222823406097446,1597,1791358003371915000,-39.597085,False
1791358003414008014,,222,bird_eye,0,0,False,0.0,no_alert,9130222823406097446,1599,1791358003414169608,-39.554830392,False
1791358003433391179,,223,bird_eye,0,0,False,0.0,no_alert,9130222823406097446,1600,1791358003433522894,-39.535477106,False
1791358003468522652,,224,bird_eye,0,0,False,0.0,no_alert,9130222823406097446,1602,1791358003468603431,-39.500396569,False
1791358003512211831,,225,bird_eye,0,0,False,0.0,no_alert,9130222823406097446,1604,1791358003512360467,-39.456639533,False
1791358003535839345,,226,bird_eye,0,0,False,0.0,no_alert,9130222823406097446,1605,1791358003535957848,-39.433042152,False
1791358003578820029,,227,bird_eye,0,0,False,0.0,no_alert,9130222823406097446,1607,1791358003578973582,-39.390026418,False
1791358003600622677,,228,bird_eye,0,0,False,0.0,no_alert,9130222823406097446,1608,1791358003600782650,-39.36821735,False
1791358003649497767,,229,bird_eye,0,0,False,0.0,no_alert,9130222823406097446,1611,1791358003649828630,-39.31917137,False
1791358003680551024,,230,bird_eye,0,0,False,0.0,no_alert,9130222823406097446,1612,1791358003680674611,-39.288325389,False
1791358003704890928,,231,bird_eye,0,0,False,0.0,no_alert,9130222823406097446,1613,1791358003705035943,-39.263964057,False
1791358003743112674,,232,bird_eye,0,0,False,0.0,no_alert,9130222823406097446,1615,1791358003743284793,-39.225715207,False
1791358003782569521,,233,bird_eye,0,0,False,0.0,no_alert,9130222823406097446,1617,1791358003782897967,-39.186102033,False
1791358003813108253,,234,bird_eye,0,0,False,0.0,no_alert,9130222823406097446,1619,1791358003813371367,-39.155628633,False
1791358003837218101,,235,bird_eye,0,0,False,0.0,no_alert,9130222823406097446,1620,1791358003837319457,-39.131680543,False
1791358003868184833,,236,bird_eye,0,0,False,0.0,no_alert,9130222823406097446,1622,1791358003868287227,-39.100712773,False
1791358003908870553,,237,bird_eye,0,0,False,0.0,no_alert,9130222823406097446,1624,1791358003909018443,-39.059981557,False
1791358003935054665,,238,bird_eye,0,0,False,0.0,no_alert,9130222823406097446,1625,1791358003935215152,-39.033784848,False
1791358003978154814,,239,bird_eye,0,0,False,0.0,no_alert,9130222823406097446,1627,1791358003978439746,-38.990560254,False
1791358004008414997,,240,bird_eye,0,0,False,0.0,no_alert,9130222823406097446,1628,1791358004008788598,-38.960211402,False
1791358004051664342,,241,bird_eye,0,0,False,0.0,no_alert,9130222823406097446,1631,1791358004051912257,-38.917087743,False
1791358004071831367,,242,bird_eye,0,0,False,0.0,no_alert,9130222823406097446,1632,1791358004072010030,-38.89698997,False
1791358004101536681,,243,bird_eye,0,0,False,0.0,no_alert,9130222823406097446,1633,1791358004101725136,-38.867274864,False
1791358004146049937,,244,bird_eye,0,0,False,0.0,no_alert,9130222823406097446,1635,1791358004146306925,-38.822693075,False
1791358004173491725,,245,bird_eye,0,0,False,0.0,no_alert,9130222823406097446,1637,1791358004173799716,-38.795200284,False
1791358004210773516,,246,bird_eye,0,0,False,0.0,no_alert,9130222823406097446,1639,1791358004211316618,-38.757683382,False
1791358004237765174,,247,bird_eye,0,0,False,0.0,no_alert,9130222823406097446,1640,1791358004238139267,-38.730860733,False
1791358004274816616,,248,bird_eye,0,0,False,0.0,no_alert,9130222823406097446,1642,1791358004275221505,-38.693778495,False
1791358004306453467,,249,bird_eye,0,0,False,0.0,no_alert,9130222823406097446,1643,1791358004306573249,-38.662426751,False
1791358004333732866,,250,bird_eye,0,0,False,0.0,no_alert,9130222823406097446,1645,1791358004333871196,-38.635128804,False
1791358004371037999,,251,bird_eye,0,0,False,0.0,no_alert,9130222823406097446,1647,1791358004371139170,-38.59786083,False
1791358004401972034,,252,bird_eye,0,0,False,0.0,no_alert,9130222823406097446,1648,1791358004402248433,-38.566751567,False
1791358004435485138,,253,bird_eye,0,0,False,0.0,no_alert,9130222823406097446,1650,1791358004435778369,-38.533221631,False
1791358004469394828,,254,bird_eye,0,0,False,0.0,no_alert,9130222823406097446,1652,1791358004469686985,-38.499313015,False
1791358004501719714,,255,bird_eye,0,0,False,0.0,no_alert,9130222823406097446,1653,1791358004501979159,-38.467020841,False
1791358004535193391,,256,bird_eye,0,0,False,0.0,no_alert,9130222823406097446,1655,1791358004535391170,-38.43360883,False
1791358004568247137,,257,bird_eye,0,0,False,0.0,no_alert,9130222823406097446,1657,1791358004568478239,-38.400521761,False
1791358004601930192,,258,bird_eye,0,0,False,0.0,no_alert,9130222823406097446,1658,1791358004602288565,-38.366711435,False
1791358004638041178,,259,bird_eye,0,0,False,0.0,no_alert,9130222823406097446,1660,1791358004638239292,-38.330760708,False
1791358004667900414,,260,bird_eye,0,0,False,0.0,no_alert,9130222823406097446,1661,1791358004668071260,-38.30092874,False
1791358004701366304,,261,bird_eye,0,0,False,0.0,no_alert,9130222823406097446,1663,1791358004701532341,-38.267467659,False
1791358004735394202,,262,bird_eye,0,0,False,0.0,no_alert,9130222823406097446,1665,1791358004735569688,-38.233430312,False
1791358004768012336,,263,bird_eye,0,0,False,0.0,no_alert,9130222823406097446,1667,1791358004768212014,-38.200787986,False
1791358004801438204,,264,bird_eye,0,0,False,0.0,no_alert,9130222823406097446,1668,1791358004801639466,-38.167360534,False
1791358004834889936,,265,bird_eye,0,0,False,0.0,no_alert,9130222823406097446,1670,1791358004835091758,-38.133908242,False
1791358004868972001,,266,bird_eye,0,0,False,0.0,no_alert,9130222823406097446,1672,1791358004869166618,-38.099833382,False
1791358004904337081,,267,bird_eye,0,0,False,0.0,no_alert,9130222823406097446,1673,1791358004904562462,-38.064437538,False
1791358004934699050,,268,bird_eye,0,0,False,0.0,no_alert,9130222823406097446,1675,1791358004934874930,-38.03412507,False
1791358004976685529,,269,bird_eye,0,0,False,0.0,no_alert,9130222823406097446,1677,1791358004976894394,-37.992105606,False
1791358005001773354,,270,bird_eye,0,0,False,0.0,no_alert,9130222823406097446,1678,1791358005001968081,-37.967031919,False
1791358005037178830,,271,bird_eye,0,0,False,0.0,no_alert,9130222823406097446,1680,1791358005037459372,-37.931540628,False
1791358005073613900,,272,bird_eye,0,0,False,0.0,no_alert,9130222823406097446,1682,1791358005073856064,-37.895143936,False
1791358005100760188,,273,bird_eye,0,0,False,0.0,no_alert,9130222823406097446,1683,1791358005100964217,-37.868035783,False
1791358005135176392,,274,bird_eye,0,0,False,0.0,no_alert,9130222823406097446,1685,1791358005135460923,-37.833539077,False
1791358005168785907,,275,bird_eye,0,0,False,0.0,no_alert,9130222823406097446,1686,1791358005169086848,-37.799913152,False
1791358005200849031,,276,bird_eye,0,0,False,0.0,no_alert,9130222823406097446,1688,1791358005201020780,-37.76797922,False
1791358005235737375,,277,bird_eye,0,0,False,0.0,no_alert,9130222823406097446,1690,1791358005235953360,-37.73304664,False
1791358005268520786,,278,bird_eye,0,0,False,0.0,no_alert,9130222823406097446,1692,1791358005268770769,-37.700229231,False
1791358005310077010,,279,bird_eye,0,0,False,0.0,no_alert,9130222823406097446,1694,1791358005310389263,-37.658610737,False
1791358005337138982,,280,bird_eye,0,0,False,0.0,no_alert,9130222823406097446,1695,1791358005337407824,-37.631592176,False
1791358005368775624,,281,bird_eye,0,0,False,0.0,no_alert,9130222823406097446,1697,1791358005369000000,-37.6,False
1791358005410070188,,282,bird_eye,0,0,False,0.0,no_alert,9130222823406097446,1699,1791358005410604044,-37.558395956,False
1791358005443119746,,283,bird_eye,0,0,False,0.0,no_alert,9130222823406097446,1700,1791358005443541389,-37.525458611,False
1791358005475357177,,284,bird_eye,0,0,False,0.0,no_alert,9130222823406097446,1702,1791358005475582583,-37.493417417,False
1791358005517809741,,285,bird_eye,0,0,False,0.0,no_alert,9130222823406097446,1704,1791358005518260240,-37.45073976,False
1791358005549670504,,286,bird_eye,0,0,False,0.0,no_alert,9130222823406097446,1706,1791358005550102714,-37.418897286,False
1791358005568863338,,287,bird_eye,0,0,False,0.0,no_alert,9130222823406097446,1707,1791358005569041550,-37.39995845,False
1791358005602361714,,288,bird_eye,0,0,False,0.0,no_alert,9130222823406097446,1708,1791358005602649314,-37.366350686,False
1791358005635811246,,289,bird_eye,0,0,False,0.0,no_alert,9130222823406097446,1710,1791358005636020664,-37.332979336,False
1791358005680127233,,290,bird_eye,0,0,False,0.0,no_alert,9130222823406097446,1712,1791358005680376272,-37.288623728,False
1791358005714071034,,291,bird_eye,0,0,False,0.0,no_alert,9130222823406097446,1714,1791358005714430399,-37.254569601,False
1791358005741896986,,292,bird_eye,0,0,False,0.0,no_alert,9130222823406097446,1715,1791358005742218100,-37.2267819,False
1791358005766882443,,293,bird_eye,0,0,False,0.0,no_alert,9130222823406097446,1717,1791358005767037703,-37.201962297,False
1791358005801934058,,294,bird_eye,0,0,False,0.0,no_alert,9130222823406097446,1718,1791358005802077144,-37.166922856,False
1791358005835902801,,295,bird_eye,0,0,False,0.0,no_alert,9130222823406097446,1720,1791358005836109227,-37.132890773,False
1791358005868420871,,296,bird_eye,0,0,False,0.0,no_alert,9130222823406097446,1722,1791358005868695737,-37.100304263,False
1791358005901913443,,297,bird_eye,0,0,False,0.0,no_alert,9130222823406097446,1723,1791358005902106059,-37.066893941,False
1791358005943733565,,298,bird_eye,0,0,False,0.0,no_alert,9130222823406097446,1725,1791358005943949906,-37.025050094,False
1791358005968475916,,299,bird_eye,0,0,False,0.0,no_alert,9130222823406097446,1727,1791358005968647954,-37.000352046,False
1791358006001819168,,300,bird_eye,0,0,False,0.0,no_alert,9130222823406097446,1728,1791358006001969541,-36.967030459,False
1791358006050616927,,301,bird_eye,0,0,False,0.0,no_alert,9130222823406097446,1731,1791358006050869569,-36.918130431,False
1791358006075713933,,302,bird_eye,0,0,False,0.0,no_alert,9130222823406097446,1732,1791358006075889281,-36.893110719,False
1791358006100770637,,303,bird_eye,0,0,False,0.0,no_alert,9130222823406097446,1733,1791358006100988210,-36.86801179,False
1791358006141926782,,304,bird_eye,0,0,False,0.0,no_alert,9130222823406097446,1735,1791358006142152847,-36.826847153,False
1791358006181436610,,305,bird_eye,0,0,False,0.0,no_alert,9130222823406097446,1737,1791358006181945089,-36.787054911,False
1791358006209177964,,306,bird_eye,0,0,False,0.0,no_alert,9130222823406097446,1739,1791358006209345450,-36.75965455,False
1791358006235004135,,307,bird_eye,0,0,False,0.0,no_alert,9130222823406097446,1740,1791358006235118765,-36.733881235,False
1791358006269816207,,308,bird_eye,0,0,False,0.0,no_alert,9130222823406097446,1742,1791358006269926956,-36.699073044,False
1791358006306085976,,309,bird_eye,0,0,False,0.0,no_alert,9130222823406097446,1743,1791358006306255479,-36.662744521,False
1791358006334669641,,310,bird_eye,0,0,False,0.0,no_alert,9130222823406097446,1745,1791358006334836200,-36.6341638,False
1791358006367184627,,311,bird_eye,0,0,False,0.0,no_alert,9130222823406097446,1747,1791358006367300813,-36.601699187,False
1791358006406126223,,312,bird_eye,0,0,False,0.0,no_alert,9130222823406097446,1748,1791358006406298646,-36.562701354,False
1791358006441966831,,313,bird_eye,0,0,False,0.0,no_alert,9130222823406097446,1750,1791358006442156268,-36.526843732,False
1791358006473887780,,314,bird_eye,0,0,False,0.0,no_alert,9130222823406097446,1752,1791358006474221913,-36.494778087,False
1791358006506840157,,315,bird_eye,0,0,False,0.0,no_alert,9130222823406097446,1754,1791358006507025830,-36.46197417,False
1791358006537806776,,316,bird_eye,0,0,False,0.0,no_alert,9130222823406097446,1755,1791358006537946750,-36.43105325,False
1791358006569652851,,317,bird_eye,0,0,False,0.0,no_alert,9130222823406097446,1757,1791358006569840411,-36.399159589,False
1791358006600364005,,318,bird_eye,0,0,False,0.0,no_alert,9130222823406097446,1758,1791358006600473846,-36.368526154,False
1791358006634702776,,319,bird_eye,0,0,False,0.0,no_alert,9130222823406097446,1760,1791358006634796636,-36.334203364,False
1791358006668742840,,320,bird_eye,0,0,False,0.0,no_alert,9130222823406097446,1762,1791358006668856429,-36.300143571,False
1791358006711827881,,321,bird_eye,0,0,False,0.0,no_alert,9130222823406097446,1763,1791358006711970063,-36.257029937,False
1791358006733545527,,322,bird_eye,0,0,False,0.0,no_alert,9130222823406097446,1765,1791358006733670476,-36.235329524,False
1791358006768792906,,323,bird_eye,0,0,False,0.0,no_alert,9130222823406097446,1766,1791358006768957971,-36.200042029,False
1791358006801947562,,324,bird_eye,0,0,False,0.0,no_alert,9130222823406097446,1768,1791358006802074016,-36.166925984,False
1791358006837207452,,325,bird_eye,0,0,False,0.0,no_alert,9130222823406097446,1770,1791358006837462913,-36.131537087,False
1791358006869333311,,326,bird_eye,0,0,False,0.0,no_alert,9130222823406097446,1771,1791358006869485529,-36.099514471,False
1791358006904885272,,327,bird_eye,0,0,False,0.0,no_alert,9130222823406097446,1773,1791358006904992183,-36.064007817,False
1791358006935228796,,328,bird_eye,0,0,False,0.0,no_alert,9130222823406097446,1775,1791358006935358268,-36.033641732,False
1791358006968545840,,329,bird_eye,0,0,False,0.0,no_alert,9130222823406097446,1777,1791358006968702932,-36.000297068,False
1791358007004526328,,330,bird_eye,0,0,False,0.0,no_alert,9130222823406097446,1778,1791358007004714869,-35.964285131,False
1791358007035779099,,331,bird_eye,0,0,False,0.0,no_alert,9130222823406097446,1780,1791358007035939191,-35.933060809,False
1791358007073120722,,332,bird_eye,0,0,False,0.0,no_alert,9130222823406097446,1782,1791358007073257225,-35.895742775,False
1791358007109610567,,333,bird_eye,0,0,False,0.0,no_alert,9130222823406097446,1784,1791358007109894879,-35.859105121,False
1791358007138544595,,334,bird_eye,0,0,False,0.0,no_alert,9130222823406097446,1785,1791358007138752828,-35.830247172,False
1791358007170741527,,335,bird_eye,0,0,False,0.0,no_alert,9130222823406097446,1787,1791358007170940903,-35.798059097,False
1791358007205795855,,336,bird_eye,0,0,False,0.0,no_alert,9130222823406097446,1788,1791358007206006674,-35.762993326,False
1791358007238281123,,337,bird_eye,0,0,False,0.0,no_alert,9130222823406097446,1790,1791358007238649112,-35.730350888,False
1791358007270754500,,338,bird_eye,0,0,False,0.0,no_alert,9130222823406097446,1791,1791358007270928877,-35.698071123,False
1791358007304429073,,339,bird_eye,0,0,False,0.0,no_alert,9130222823406097446,1793,1791358007304730028,-35.664269972,False
1791358007337855432,,340,bird_eye,0,0,False,0.0,no_alert,9130222823406097446,1795,1791358007338098523,-35.630901477,False
1791358007378343919,,341,bird_eye,0,0,False,0.0,no_alert,9130222823406097446,1797,1791358007378573800,-35.5904262,False
1791358007400660916,,342,bird_eye,0,0,False,0.0,no_alert,9130222823406097446,1798,1791358007400852713,-35.568147287,False
1791358007435904630,,343,bird_eye,0,0,False,0.0,no_alert,9130222823406097446,1800,1791358007436070906,-35.532929094,False
1791358007478846082,,344,bird_eye,0,0,False,0.0,no_alert,9130222823406097446,1802,1791358007479156037,-35.489843963,False
1791358007506938943,,345,bird_eye,0,0,False,0.0,no_alert,9130222823406097446,1804,1791358007507296179,-35.461703821,False
1791358007534678174,,346,bird_eye,0,0,False,0.0,no_alert,9130222823406097446,1805,1791358007534944302,-35.434055698,False
1791358007577725734,,347,bird_eye,0,0,False,0.0,no_alert,9130222823406097446,1807,1791358007577945541,-35.391054459,False
1791358007608463808,,348,bird_eye,0,0,False,0.0,no_alert,9130222823406097446,1809,1791358007608814373,-35.360185627,False
1791358007637980720,,349,bird_eye,0,0,False,0.0,no_alert,9130222823406097446,1810,1791358007638306077,-35.330693923,False
1791358007670314222,,350,bird_eye,0,0,False,0.0,no_alert,9130222823406097446,1812,1791358007670637899,-35.298362101,False
1791358007701780922,,351,bird_eye,0,0,False,0.0,no_alert,9130222823406097446,1813,1791358007701979645,-35.267020355,False
1791358007736647596,,352,bird_eye,0,0,False,0.0,no_alert,9130222823406097446,1815,1791358007736847638,-35.232152362,False
1791358007769861084,,353,bird_eye,0,0,False,0.0,no_alert,9130222823406097446,1817,1791358007770081474,-35.198918526,False
1791358007802564921,,354,bird_eye,0,0,False,0.0,no_alert,9130222823406097446,1818,1791358007802858679,-35.166141321,False
1791358007836505670,,355,bird_eye,0,0,False,0.0,no_alert,9130222823406097446,1820,1791358007836843471,-35.132156529,False
1791358007878572556,,356,bird_eye,0,0,False,0.0,no_alert,9130222823406097446,1822,1791358007878762713,-35.090237287,False
1791358007902933722,,357,bird_eye,0,0,False,0.0,no_alert,9130222823406097446,1823,1791358007903103472,-35.065896528,False
1791358007944889690,,358,bird_eye,0,0,False,0.0,no_alert,9130222823406097446,1825,1791358007945096008,-35.023903992,False
1791358007967730725,,359,bird_eye,0,0,False,0.0,no_alert,9130222823406097446,1827,1791358007967964942,-35.001035058,False
1791358008005674751,,360,bird_eye,0,0,False,0.0,no_alert,9130222823406097446,1828,1791358008005972772,-34.963027228,False
1791358008036195270,,361,bird_eye,0,0,False,0.0,no_alert,9130222823406097446,1830,1791358008036389909,-34.932610091,False
1791358008072147035,,362,bird_eye,0,0,False,0.0,no_alert,9130222823406097446,1832,1791358008072509104,-34.896490896,False
1791358008109359687,,363,bird_eye,0,0,False,0.0,no_alert,9130222823406097446,1834,1791358008109629205,-34.859370795,False
1791358008135552684,,364,bird_eye,0,0,False,0.0,no_alert,9130222823406097446,1835,1791358008135796785,-34.833203215,False
1791358008172943564,,365,bird_eye,0,0,False,0.0,no_alert,9130222823406097446,1837,1791358008173182192,-34.795817808,False
1791358008204896178,,366,bird_eye,0,0,False,0.0,no_alert,9130222823406097446,1838,1791358008205068089,-34.763931911,False
1791358008236954220,,367,bird_eye,0,0,False,0.0,no_alert,9130222823406097446,1840,1791358008237155052,-34.731844948,False
1791358008268809879,,368,bird_eye,0,0,False,0.0,no_alert,9130222823406097446,1842,1791358008269119136,-34.699880864,False
1791358008304228870,,369,bird_eye,0,0,False,0.0,no_alert,9130222823406097446,1843,1791358008304627946,-34.664372054,False
1791358008344526269,,370,bird_eye,0,0,False,0.0,no_alert,9130222823406097446,1845,1791358008344731457,-34.624268543,False
1791358008367508829,,371,bird_eye,0,0,False,0.0,no_alert,9130222823406097446,1847,1791358008367670090,-34.60132991,False
1791358008404097100,,372,bird_eye,0,0,False,0.0,no_alert,9130222823406097446,1848,1791358008404442137,-34.564557863,False
1791358008444253774,,373,bird_eye,0,0,False,0.0,no_alert,9130222823406097446,1850,1791358008444657185,-34.524342815,False
1791358008467873763,,374,bird_eye,0,0,False,0.0,no_alert,9130222823406097446,1852,1791358008468023293,-34.500976707,False
1791358008509830395,,375,bird_eye,0,0,False,0.0,no_alert,9130222823406097446,1853,1791358008510115917,-34.458884083,False
1791358008540725602,,376,bird_eye,0,0,False,0.0,no_alert,9130222823406097446,1855,1791358008541082338,-34.427917662,False
1791358008568892929,,377,bird_eye,0,0,False,0.0,no_alert,9130222823406097446,1857,1791358008569085962,-34.399914038,False
1791358008604581791,,378,bird_eye,0,0,False,0.0,no_alert,9130222823406097446,1858,1791358008604869518,-34.364130482,False
1791358008636631144,,379,bird_eye,0,0,False,0.0,no_alert,9130222823406097446,1860,1791358008636821816,-34.332178184,False
1791358008671307109,,380,bird_eye,0,0,False,0.0,no_alert,9130222823406097446,1862,1791358008671395085,-34.297604915,False
1791358008708461938,,381,bird_eye,0,0,False,0.0,no_alert,9130222823406097446,1864,1791358008708714321,-34.260285679,False
1791358008737657806,,382,bird_eye,0,0,False,0.0,no_alert,9130222823406097446,1865,1791358008737797164,-34.231202836,False
1791358008770247690,,383,bird_eye,0,0,False,0.0,no_alert,9130222823406097446,1867,1791358008770535873,-34.198464127,False
1791358008802611930,,384,bird_eye,0,0,False,0.0,no_alert,9130222823406097446,1868,1791358008802795352,-34.166204648,False
1791358008839249673,,385,bird_eye,0,0,False,0.0,no_alert,9130222823406097446,1870,1791358008839507495,-34.129492505,False
1791358008869544140,,386,bird_eye,0,0,False,0.0,no_alert,9130222823406097446,1872,1791358008869742699,-34.099257301,False
1791358008904245609,,387,bird_eye,0,0,False,0.0,no_alert,9130222823406097446,1873,1791358008904602840,-34.06439716,False
1791358008937492425,,388,bird_eye,0,0,False,0.0,no_alert,9130222823406097446,1875,1791358008937795134,-34.031204866,False
1791358008970963214,,389,bird_eye,0,0,False,0.0,no_alert,9130222823406097446,1877,1791358008971236127,-33.997763873,False
1791358009003946438,,390,bird_eye,0,0,False,0.0,no_alert,9130222823406097446,1878,1791358009004154902,-33.964845098,False
1791358009038215109,,391,bird_eye,0,0,False,0.0,no_alert,9130222823406097446,1880,1791358009038532539,-33.930467461,False
1791358009077497267,,392,bird_eye,0,0,False,0.0,no_alert,9130222823406097446,1882,1791358009077608781,-33.891391219,False
1791358009101691875,,393,bird_eye,0,0,False,0.0,no_alert,9130222823406097446,1883,1791358009101860297,-33.867139703,False
1791358009136951726,,394,bird_eye,0,0,False,0.0,no_alert,9130222823406097446,1885,1791358009137188745,-33.831811255,False
1791358009173721172,,395,bird_eye,0,0,False,0.0,no_alert,9130222823406097446,1886,1791358009173920934,-33.795079066,False
1791358009207430347,,396,bird_eye,0,0,False,0.0,no_alert,9130222823406097446,1888,1791358009207688619,-33.761311381,False
1791358009238109112,,397,bird_eye,0,0,False,0.0,no_alert,9130222823406097446,1890,1791358009238457210,-33.73054279,False
1791358009276573319,,398,bird_eye,0,0,False,0.0,no_alert,9130222823406097446,1892,1791358009276924439,-33.692075561,False
1791358009303345815,,399,bird_eye,0,0,False,0.0,no_alert,9130222823406097446,1893,1791358009303592856,-33.665407144,False
1791358009339254217,,400,bird_eye,0,0,False,0.0,no_alert,9130222823406097446,1895,1791358009339482606,-33.629517394,False
1791358009369312871,,401,bird_eye,0,0,False,0.0,no_alert,9130222823406097446,1897,1791358009369709899,-33.599290101,False
1791358009405051518,,402,bird_eye,0,0,False,0.0,no_alert,9130222823406097446,1898,1791358009405296745,-33.563703255,False
1791358009437033400,,403,bird_eye,0,0,False,0.0,no_alert,9130222823406097446,1900,1791358009437216044,-33.531783956,False
1791358009470033146,,404,bird_eye,0,0,False,0.0,no_alert,9130222823406097446,1902,1791358009470240577,-33.498759423,False
1791358009506953131,,405,bird_eye,0,0,False,0.0,no_alert,9130222823406097446,1904,1791358009507255041,-33.461744959,False
1791358009539015004,,406,bird_eye,0,0,False,0.0,no_alert,9130222823406097446,1905,1791358009539195654,-33.429804346,False
1791358009582968415,,407,bird_eye,0,0,False,0.0,no_alert,9130222823406097446,1907,1791358009583149338,-33.385850662,False
1791358009601816527,,408,bird_eye,0,0,False,0.0,no_alert,9130222823406097446,1908,1791358009602162523,-33.366837477,False
1791358009644258284,,409,bird_eye,0,0,False,0.0,no_alert,9130222823406097446,1910,1791358009644561715,-33.324438285,False
1791358009669090974,,410,bird_eye,0,0,False,0.0,no_alert,9130222823406097446,1912,1791358009669276644,-33.299723356,False
1791358009705613455,,411,bird_eye,0,0,False,0.0,no_alert,9130222823406097446,1913,1791358009705900078,-33.263099922,False
1791358009749099812,,412,bird_eye,0,0,False,0.0,no_alert,9130222823406097446,1916,1791358009749260866,-33.219739134,False
1791358009770039397,,413,bird_eye,0,0,False,0.0,no_alert,9130222823406097446,1917,1791358009770258744,-33.198741256,False
1791358009806564695,,414,bird_eye,0,0,False,0.0,no_alert,9130222823406097446,1919,1791358009806764407,-33.162235593,False
1791358009853707299,,415,bird_eye,0,0,False,0.0,no_alert,9130222823406097446,1921,1791358009853950480,-33.11504952,False
1791358009872634442,,416,bird_eye,0,0,False,0.0,no_alert,9130222823406097446,1922,1791358009872828506,-33.096171494,False
1791358009909182509,,417,bird_eye,0,0,False,0.0,no_alert,9130222823406097446,1924,1791358009909390617,-33.059609383,False
1791358009937319859,,418,bird_eye,0,0,False,0.0,no_alert,9130222823406097446,1925,1791358009937426446,-33.031573554,False
1791358009970549635,,419,bird_eye,0,0,False,0.0,no_alert,9130222823406097446,1927,1791358009970741895,-32.998258105,False
1791358010004071703,,420,bird_eye,0,0,False,0.0,no_alert,9130222823406097446,1928,1791358010004226574,-32.964773426,False
1791358010038181937,,421,bird_eye,0,0,False,0.0,no_alert,9130222823406097446,1930,1791358010038292036,-32.930707964,False
1791358010071141603,,422,bird_eye,0,0,False,0.0,no_alert,9130222823406097446,1932,1791358010071289250,-32.89771075,False
1791358010103012113,,423,bird_eye,0,0,False,0.0,no_alert,9130222823406097446,1933,1791358010103183890,-32.86581611,False
1791358010144868197,,424,bird_eye,0,0,False,0.0,no_alert,9130222823406097446,1935,1791358010145120684,-32.823879316,False
1791358010172964475,,425,bird_eye,0,0,False,0.0,no_alert,9130222823406097446,1937,1791358010173100019,-32.795899981,False
1791358010209824407,,426,bird_eye,0,0,False,0.0,no_alert,9130222823406097446,1938,1791358010209999832,-32.759000168,False
1791358010241637383,,427,bird_eye,0,0,False,0.0,no_alert,9130222823406097446,1940,1791358010241945810,-32.72705419,False
1791358010275563153,,428,bird_eye,0,0,False,0.0,no_alert,9130222823406097446,1942,1791358010275910680,-32.69308932,False
1791358010306514189,,429,bird_eye,0,0,False,0.0,no_alert,9130222823406097446,1943,1791358010306911702,-32.662088298,False
1791358010340960799,,430,bird_eye,0,0,False,0.0,no_alert,9130222823406097446,1945,1791358010341172982,-32.627827018,False
1791358010370915309,,431,bird_eye,0,0,False,0.0,no_alert,9130222823406097446,1947,1791358010371097103,-32.597902897,False
1791358010404788908,,432,bird_eye,0,0,False,0.0,no_alert,9130222823406097446,1948,1791358010405006770,-32.56399323,False
1791358010440250591,,433,bird_eye,0,0,False,0.0,no_alert,9130222823406097446,1950,1791358010440451536,-32.528548464,False
1791358010480896592,,434,bird_eye,0,0,False,0.0,no_alert,9130222823406097446,1952,1791358010481108340,-32.48789166,False
1791358010502100581,,435,bird_eye,0,0,False,0.0,no_alert,9130222823406097446,1953,1791358010502271690,-32.46672831,False
1791358010539920983,,436,bird_eye,0,0,False,0.0,no_alert,9130222823406097446,1955,1791358010540099093,-32.428900907,False
1791358010579755982,,437,bird_eye,0,0,False,0.0,no_alert,9130222823406097446,1957,1791358010579946602,-32.389053398,False
1791358010607856078,,438,bird_eye,0,0,False,0.0,no_alert,9130222823406097446,1958,1791358010608068792,-32.360931208,False
1791358010637293359,,439,bird_eye,0,0,False,0.0,no_alert,9130222823406097446,1960,1791358010637503461,-32.331496539,False
1791358010671701562,,440,bird_eye,0,0,False,0.0,no_alert,9130222823406097446,1962,1791358010672034972,-32.296965028,False
1791358010706499567,,441,bird_eye,0,0,False,0.0,no_alert,9130222823406097446,1963,1791358010706684836,-32.262315164,False
1791358010737056544,,442,bird_eye,0,0,False,0.0,no_alert,9130222823406097446,1965,1791358010737218378,-32.231781622,False
1791358010775251927,,443,bird_eye,0,0,False,0.0,no_alert,9130222823406097446,1967,1791358010775667951,-32.193332049,False
1791358010809079677,,444,bird_eye,0,0,False,0.0,no_alert,9130222823406097446,1969,1791358010809461213,-32.159538787,False
1791358010844429552,,445,bird_eye,0,0,False,0.0,no_alert,9130222823406097446,1970,1791358010844749094,-32.124250906,False
1791358010876267103,,446,bird_eye,0,0,False,0.0,no_alert,9130222823406097446,1972,1791358010876477991,-32.092522009,False
1791358010904048517,,447,bird_eye,0,0,False,0.0,no_alert,9130222823406097446,1973,1791358010904187731,-32.064812269,False
1791358010944377395,,448,bird_eye,0,0,False,0.0,no_alert,9130222823406097446,1975,1791358010944605351,-32.024394649,False
1791358010981017496,,449,bird_eye,0,0,False,0.0,no_alert,9130222823406097446,1977,1791358010981285240,-31.98771476,False
1791358011006511826,,450,bird_eye,0,0,False,0.0,no_alert,9130222823406097446,1978,1791358011006626428,-31.962373572,False
1791358011044509263,,451,bird_eye,0,0,False,0.0,no_alert,9130222823406097446,1980,1791358011044648196,-31.924351804,False
1791358011068844310,,452,bird_eye,0,0,False,0.0,no_alert,9130222823406097446,1981,1791358011069071709,-31.899928291,False
1791358011104498039,,453,bird_eye,0,0,False,0.0,no_alert,9130222823406097446,1983,1791358011104902403,-31.864097597,False
1791358011136321545,,454,bird_eye,0,0,False,0.0,no_alert,9130222823406097446,1985,1791358011136534896,-31.832465104,False
1791358011178798483,,455,bird_eye,0,0,False,0.0,no_alert,9130222823406097446,1987,1791358011178948530,-31.79005147,False
1791358011203318299,,456,bird_eye,0,0,False,0.0,no_alert,9130222823406097446,1988,1791358011203634100,-31.7653659,False
1791358011247048950,,457,bird_eye,0,0,False,0.0,no_alert,9130222823406097446,1990,1791358011247606896,-31.721393104,False
1791358011271517554,,458,bird_eye,0,0,False,0.0,no_alert,9130222823406097446,1992,1791358011271703631,-31.697296369,False
1791358011301578019,,459,bird_eye,0,0,False,0.0,no_alert,9130222823406097446,1993,1791358011301783650,-31.66721635,False
1791358011337571813,,460,bird_eye,0,0,False,0.0,no_alert,9130222823406097446,1995,1791358011337859148,-31.631140852,False
1791358011368315004,,461,bird_eye,0,0,False,0.0,no_alert,9130222823406097446,1997,1791358011368587256,-31.600412744,False
1791358011403296899,,462,bird_eye,0,0,False,0.0,no_alert,9130222823406097446,1998,1791358011403460306,-31.565539694,False
1791358011438143541,,463,bird_eye,0,0,False,0.0,no_alert,9130222823406097446,2000,1791358011438345039,-31.530654961,False
1791358011469296236,,464,bird_eye,0,0,False,0.0,no_alert,9130222823406097446,2002,1791358011469533396,-31.499466604,False
1791358011502335903,,465,bird_eye,0,0,False,0.0,no_alert,9130222823406097446,2003,1791358011502621157,-31.466378843,False
1791358011535653431,,466,bird_eye,0,0,False,0.0,no_alert,9130222823406097446,2005,1791358011536007397,-31.432992603,False
1791358011570241992,,467,bird_eye,0,0,False,0.0,no_alert,9130222823406097446,2007,1791358011570698717,-31.398301283,False
1791358011603363355,,468,bird_eye,0,0,False,0.0,no_alert,9130222823406097446,2008,1791358011603696840,-31.36530316,False
1791358011636758045,,469,bird_eye,0,0,False,0.0,no_alert,9130222823406097446,2010,1791358011637048188,-31.331951812,False
1791358011670055580,,470,bird_eye,0,0,False,0.0,no_alert,9130222823406097446,2012,1791358011670333628,-31.298666372,False
1791358011703512855,,471,bird_eye,0,0,False,0.0,no_alert,9130222823406097446,2013,1791358011703706532,-31.265293468,False
1791358011736027420,,472,bird_eye,0,0,False,0.0,no_alert,9130222823406097446,2015,1791358011736327251,-31.232672749,False
1791358011769984746,,473,bird_eye,0,0,False,0.0,no_alert,9130222823406097446,2017,1791358011770218191,-31.198781809,False
1791358011803156623,,474,bird_eye,0,0,False,0.0,no_alert,9130222823406097446,2018,1791358011803316476,-31.165683524,False
1791358011848639392,,475,bird_eye,0,0,False,0.0,no_alert,9130222823406097446,2021,1791358011848843679,-31.120156321,False
1791358011871837133,,476,bird_eye,0,0,False,0.0,no_alert,9130222823406097446,2022,1791358011872055717,-31.096944283,False
1791358011914367633,,477,bird_eye,0,0,False,0.0,no_alert,9130222823406097446,2024,1791358011914556976,-31.054443024,False
1791358011938690296,,478,bird_eye,0,0,False,0.0,no_alert,9130222823406097446,2025,1791358011938869523,-31.030130477,False
1791358011969265838,,479,bird_eye,0,0,False,0.0,no_alert,9130222823406097446,2027,1791358011969404112,-30.999595888,False
1791358012010631575,,480,bird_eye,0,0,False,0.0,no_alert,9130222823406097446,2029,1791358012010905029,-30.958094971,False
1791358012036579505,,481,bird_eye,0,0,False,0.0,no_alert,9130222823406097446,2030,1791358012036898261,-30.932101739,False
1791358012077767445,,482,bird_eye,0,0,False,0.0,no_alert,9130222823406097446,2032,1791358012077982587,-30.891017413,False
1791358012102469510,,483,bird_eye,0,0,False,0.0,no_alert,9130222823406097446,2033,1791358012102665058,-30.866334942,False
1791358012136150693,,484,bird_eye,0,0,False,0.0,no_alert,9130222823406097446,2035,1791358012136923258,-30.832076742,False
1791358012174590743,,485,bird_eye,0,0,False,0.0,no_alert,9130222823406097446,2037,1791358012174798923,-30.794201077,False
1791358012204238479,,486,bird_eye,0,0,False,0.0,no_alert,9130222823406097446,2038,1791358012204431039,-30.764568961,False
1791358012236098917,,487,bird_eye,0,0,False,0.0,no_alert,9130222823406097446,2040,1791358012236315045,-30.732684955,False
1791358012270706568,,488,bird_eye,0,0,False,0.0,no_alert,9130222823406097446,2042,1791358012270936488,-30.698063512,False
1791358012304566995,,489,bird_eye,0,0,False,0.0,no_alert,9130222823406097446,2043,1791358012304776222,-30.664223778,False
1791358012347245370,,490,bird_eye,0,0,False,0.0,no_alert,9130222823406097446,2046,1791358012347512429,-30.621487571,False
1791358012371890165,,491,bird_eye,0,0,False,0.0,no_alert,9130222823406097446,2047,1791358012372127067,-30.596872933,False
1791358012409453762,,492,bird_eye,0,0,False,0.0,no_alert,9130222823406097446,2049,1791358012409618319,-30.559381681,False
1791358012436797397,,493,bird_eye,0,0,False,0.0,no_alert,9130222823406097446,2050,1791358012436982978,-30.532017022,False
1791358012475995412,,494,bird_eye,0,0,False,0.0,no_alert,9130222823406097446,2052,1791358012476230324,-30.492769676,False
1791358012508857019,,495,bird_eye,0,0,False,0.0,no_alert,9130222823406097446,2054,1791358012509043837,-30.459956163,False
1791358012536977262,,496,bird_eye,0,0,False,0.0,no_alert,9130222823406097446,2055,1791358012537304138,-30.431695862,False
1791358012579080762,,497,bird_eye,0,0,False,0.0,no_alert,9130222823406097446,2057,1791358012579299335,-30.389700665,False
1791358012603027107,,498,bird_eye,0,0,False,0.0,no_alert,9130222823406097446,2058,1791358012603280631,-30.365719369,False
1791358012644936036,,499,bird_eye,0,0,False,0.0,no_alert,9130222823406097446,2060,1791358012645349092,-30.323650908,False
1791358012681372620,,500,bird_eye,0,0,False,0.0,no_alert,9130222823406097446,2062,1791358012681649841,-30.287350159,False
1791358012703382405,,501,bird_eye,0,0,False,0.0,no_alert,9130222823406097446,2063,1791358012703735342,-30.265264658,False
1791358012739088476,,502,bird_eye,0,0,False,0.0,no_alert,9130222823406097446,2065,1791358012739271193,-30.229728807,False
1791358012770379698,,503,bird_eye,0,0,False,0.0,no_alert,9130222823406097446,2067,1791358012770561332,-30.198438668,False
1791358012803922933,,504,bird_eye,0,0,False,0.0,no_alert,9130222823406097446,2068,1791358012804077216,-30.164922784,False
1791358012835185845,,505,bird_eye,0,0,False,0.0,no_alert,9130222823406097446,2070,1791358012835391908,-30.133608092,False
1791358012868824288,,506,bird_eye,0,0,False,0.0,no_alert,9130222823406097446,2071,1791358012868955454,-30.100044546,False
1791358012903363854,,507,bird_eye,0,0,False,0.0,no_alert,9130222823406097446,2073,1791358012903705929,-30.065294071,False
1791358012937280457,,508,bird_eye,0,0,False,0.0,no_alert,9130222823406097446,2075,1791358012937544051,-30.031455949,False
1791358012970083405,,509,bird_eye,0,0,False,0.0,no_alert,9130222823406097446,2077,1791358012970459667,-29.998540333,False
1791358013011538216,,510,bird_eye,0,0,False,0.0,no_alert,9130222823406097446,2079,1791358013011746785,-29.957253215,False
1791358013037459008,,511,bird_eye,0,0,False,0.0,no_alert,9130222823406097446,2080,1791358013037791013,-29.931208987,False
1791358013072702983,,512,bird_eye,0,0,False,0.0,no_alert,9130222823406097446,2082,1791358013072955515,-29.896044485,False
1791358013106221185,,513,bird_eye,0,0,False,0.0,no_alert,9130222823406097446,2083,1791358013106382167,-29.862617833,False
1791358013138793351,,514,bird_eye,0,0,False,0.0,no_alert,9130222823406097446,2085,1791358013138950729,-29.830049271,False
1791358013171483526,,515,bird_eye,0,0,False,0.0,no_alert,9130222823406097446,2087,1791358013171809132,-29.797190868,False
1791358013207332461,,516,bird_eye,0,0,False,0.0,no_alert,9130222823406097446,2089,1791358013207643017,-29.761356983,False
1791358013238896474,,517,bird_eye,0,0,False,0.0,no_alert,9130222823406097446,2090,1791358013239250125,-29.729749875,False
1791358013277591119,,518,bird_eye,0,0,False,0.0,no_alert,9130222823406097446,2092,1791358013277784220,-29.69121578,False
1791358013305363210,,519,bird_eye,0,0,False,0.0,no_alert,9130222823406097446,2093,1791358013305707355,-29.663292645,False
1791358013338953150,,520,bird_eye,0,0,False,0.0,no_alert,9130222823406097446,2095,1791358013339099863,-29.629900137,False
1791358013373511128,,521,bird_eye,0,0,False,0.0,no_alert,9130222823406097446,2097,1791358013373730357,-29.595269643,False
1791358013417464167,,522,bird_eye,0,0,False,0.0,no_alert,9130222823406097446,2099,1791358013417765753,-29.551234247,False
1791358013437561984,,523,bird_eye,0,0,False,0.0,no_alert,9130222823406097446,2100,1791358013437725609,-29.531274391,False
1791358013484889520,,524,bird_eye,0,0,False,0.0,no_alert,9130222823406097446,2102,1791358013485050195,-29.483949805,False
1791358013503103442,,525,bird_eye,0,0,False,0.0,no_alert,9130222823406097446,2103,1791358013503304332,-29.465695668,False
1791358013536646130,,526,bird_eye,0,0,False,0.0,no_alert,9130222823406097446,2105,1791358013537032040,-29.43196796,False
1791358013569866274,,527,bird_eye,0,0,False,0.0,no_alert,9130222823406097446,2107,1791358013570218249,-29.398781751,False
1791358013601461672,,528,bird_eye,0,0,False,0.0,no_alert,9130222823406097446,2108,1791358013601637262,-29.367362738,False
1791358013636516178,,529,bird_eye,0,0,False,0.0,no_alert,9130222823406097446,2110,1791358013636752787,-29.332247213,False
1791358013668975326,,530,bird_eye,0,0,False,0.0,no_alert,9130222823406097446,2112,1791358013669218043,-29.299781957,False
1791358013704493158,,531,bird_eye,0,0,False,0.0,no_alert,9130222823406097446,2113,1791358013704743194,-29.264256806,False
1791358013735284189,,532,bird_eye,0,0,False,0.0,no_alert,9130222823406097446,2115,1791358013735461583,-29.233538417,False
1791358013775862237,,533,bird_eye,0,0,False,0.0,no_alert,9130222823406097446,2117,1791358013776005902,-29.192994098,False
1791358013803405662,,534,bird_eye,0,0,False,0.0,no_alert,9130222823406097446,2118,1791358013803744337,-29.165255663,False
1791358013835326424,,535,bird_eye,0,0,False,0.0,no_alert,9130222823406097446,2120,1791358013835556255,-29.133443745,False
1791358013876355404,,536,bird_eye,0,0,False,0.0,no_alert,9130222823406097446,2122,1791358013876538355,-29.092461645,False
1791358013900551156,,537,bird_eye,0,0,False,0.0,no_alert,9130222823406097446,2123,1791358013900719833,-29.068280167,False
1791358013934788045,,538,bird_eye,0,0,False,0.0,no_alert,9130222823406097446,2125,1791358013934942794,-29.034057206,False
1791358013968132360,,539,bird_eye,0,0,False,0.0,no_alert,9130222823406097446,2127,1791358013968346838,-29.000653162,False
1791358014002256115,,540,bird_eye,0,0,False,0.0,no_alert,9130222823406097446,2128,1791358014002595369,-28.966404631,False
1791358014041944113,,541,bird_eye,0,0,False,0.0,no_alert,9130222823406097446,2130,1791358014042125830,-28.92687417,False
1791358014072704659,,542,bird_eye,0,0,False,0.0,no_alert,9130222823406097446,2132,1791358014073130728,-28.895869272,False
1791358014111288859,,543,bird_eye,0,0,False,0.0,no_alert,9130222823406097446,2134,1791358014111625426,-28.857374574,False
1791358014143278918,,544,bird_eye,0,0,False,0.0,no_alert,9130222823406097446,2135,1791358014143611208,-28.825388792,False
1791358014168784967,,545,bird_eye,0,0,False,0.0,no_alert,9130222823406097446,2137,1791358014169054831,-28.799945169,False
1791358014202567081,,546,bird_eye,0,0,False,0.0,no_alert,9130222823406097446,2138,1791358014202853409,-28.766146591,False
1791358014235586773,,547,bird_eye,0,0,False,0.0,no_alert,9130222823406097446,2140,1791358014235994981,-28.733005019,False
1791358014278723889,,548,bird_eye,0,0,False,0.0,no_alert,9130222823406097446,2142,1791358014279113205,-28.689886795,False
1791358014302427796,,549,bird_eye,0,0,False,0.0,no_alert,9130222823406097446,2143,1791358014302723610,-28.66627639,False
1791358014343622148,,550,bird_eye,0,0,False,0.0,no_alert,9130222823406097446,2145,1791358014343933118,-28.625066882,False
1791358014369880445,,551,bird_eye,0,0,False,0.0,no_alert,9130222823406097446,2147,1791358014370073372,-28.598926628,False
1791358014406022078,,552,bird_eye,0,0,False,0.0,no_alert,9130222823406097446,2148,1791358014406312863,-28.562687137,False
1791358014443281123,,553,bird_eye,0,0,False,0.0,no_alert,9130222823406097446,2150,1791358014443537725,-28.525462275,False
1791358014478286859,,554,bird_eye,0,0,False,0.0,no_alert,9130222823406097446,2152,1791358014478497132,-28.490502868,False
1791358014502767302,,555,bird_eye,0,0,False,0.0,no_alert,9130222823406097446,2153,1791358014503038597,-28.465961403,False
1791358014541776064,,556,bird_eye,0,0,False,0.0,no_alert,9130222823406097446,2155,1791358014542002823,-28.426997177,False
1791358014577451963,,557,bird_eye,0,0,False,0.0,no_alert,9130222823406097446,2157,1791358014577845400,-28.3911546,False
1791358014605091405,,558,bird_eye,0,0,False,0.0,no_alert,9130222823406097446,2158,1791358014605559442,-28.363440558,False
1791358014641369215,,559,bird_eye,0,0,False,0.0,no_alert,9130222823406097446,2160,1791358014641584438,-28.327415562,False
1791358014677728383,,560,bird_eye,0,0,False,0.0,no_alert,9130222823406097446,2162,1791358014677911344,-28.291088656,False
1791358014716241283,,561,bird_eye,0,0,False,0.0,no_alert,9130222823406097446,2164,1791358014716415699,-28.252584301,False
1791358014746351964,,562,bird_eye,0,0,False,0.0,no_alert,9130222823406097446,2166,1791358014746530058,-28.222469942,False
1791358014767370482,,563,bird_eye,0,0,False,0.0,no_alert,9130222823406097446,2167,1791358014767563688,-28.201436312,False
1791358014801504874,,564,bird_eye,0,0,False,0.0,no_alert,9130222823406097446,2168,1791358014801734855,-28.167265145,False
1791358014843854083,,565,bird_eye,0,0,False,0.0,no_alert,9130222823406097446,2170,1791358014844002114,-28.124997886,False
1791358014868383833,,566,bird_eye,0,0,False,0.0,no_alert,9130222823406097446,2172,1791358014868487274,-28.100512726,False
1791358014902674796,,567,bird_eye,0,0,False,0.0,no_alert,9130222823406097446,2173,1791358014903312009,-28.065687991,False
1791358014938848261,,568,bird_eye,0,0,False,0.0,no_alert,9130222823406097446,2175,1791358014939014319,-28.029985681,False
1791358014968716030,,569,bird_eye,0,0,False,0.0,no_alert,9130222823406097446,2176,1791358014968898776,-28.000101224,False
1791358015001130117,,570,bird_eye,0,0,False,0.0,no_alert,9130222823406097446,2178,1791358015001241062,-27.967758938,False
1791358015048476075,,571,bird_eye,0,0,False,0.0,no_alert,9130222823406097446,2181,1791358015048803278,-27.920196722,False
1791358015068305881,,572,bird_eye,0,0,False,0.0,no_alert,9130222823406097446,2182,1791358015068438267,-27.900561733,False
1791358015105443876,,573,bird_eye,0,0,False,0.0,no_alert,9130222823406097446,2183,1791358015105970189,-27.863029811,False
1791358015136982911,,574,bird_eye,0,0,False,0.0,no_alert,9130222823406097446,2185,1791358015137696429,-27.831303571,False
1791358015169917500,,575,bird_eye,0,0,False,0.0,no_alert,9130222823406097446,2187,1791358015170083469,-27.798916531,False
1791358015212791597,,576,bird_eye,0,0,False,0.0,no_alert,9130222823406097446,2189,1791358015212972215,-27.756027785,False
1791358015241357700,,577,bird_eye,0,0,False,0.0,no_alert,9130222823406097446,2190,1791358015241612618,-27.727387382,False
1791358015268137346,,578,bird_eye,0,0,False,0.0,no_alert,9130222823406097446,2191,1791358015268373021,-27.700626979,False
1791358015316137420,,579,bird_eye,0,0,False,0.0,no_alert,9130222823406097446,2194,1791358015316390091,-27.652609909,False
1791358015341995143,,580,bird_eye,0,0,False,0.0,no_alert,9130222823406097446,2195,1791358015342243851,-27.626756149,False
1791358015368953346,,581,bird_eye,0,0,False,0.0,no_alert,9130222823406097446,2196,1791358015369129339,-27.599870661,False
1791358015410714277,,582,bird_eye,0,0,False,0.0,no_alert,9130222823406097446,2199,1791358015410950696,-27.558049304,False
1791358015434621264,,583,bird_eye,0,0,False,0.0,no_alert,9130222823406097446,2200,1791358015434836430,-27.53416357,False
1791358015501138686,,585,bird_eye,0,0,False,0.0,no_alert,9130222823406097446,2203,1791358015501378573,-27.467621427,False
1791358015537723335,,586,bird_eye,0,0,False,0.0,no_alert,9130222823406097446,2205,1791358015538006886,-27.430993114,False
1791358015570878196,,587,bird_eye,0,0,False,0.0,no_alert,9130222823406097446,2207,1791358015571178074,-27.397821926,False
1791358015604102890,,588,bird_eye,0,0,False,0.0,no_alert,9130222823406097446,2208,1791358015604284949,-27.364715051,False
1791358015645000312,,589,bird_eye,0,0,False,0.0,no_alert,9130222823406097446,2210,1791358015645179569,-27.323820431,False
1791358015675024644,,590,bird_eye,0,0,False,0.0,no_alert,9130222823406097446,2212,1791358015675246612,-27.293753388,False
1791358015702439590,,591,bird_eye,0,0,False,0.0,no_alert,9130222823406097446,2213,1791358015702668955,-27.266331045,False
1791358015741555686,,592,bird_eye,0,0,False,0.0,no_alert,9130222823406097446,2215,1791358015741974561,-27.227025439,False
1791358015770939504,,593,bird_eye,0,0,False,0.0,no_alert,9130222823406097446,2217,1791358015771040230,-27.19795977,False
1791358015802330938,,594,bird_eye,0,0,False,0.0,no_alert,9130222823406097446,2218,1791358015802610614,-27.166389386,False
1791358015836352423,,595,bird_eye,0,0,False,0.0,no_alert,9130222823406097446,2220,1791358015836515033,-27.132484967,False
1791358015869335532,,596,bird_eye,0,0,False,0.0,no_alert,9130222823406097446,2222,1791358015869479441,-27.099520559,False
1791358015909821167,,597,bird_eye,0,0,False,0.0,no_alert,9130222823406097446,2223,1791358015910127115,-27.058872885,False
1791358015934272437,,598,bird_eye,0,0,False,0.0,no_alert,9130222823406097446,2225,1791358015934564569,-27.034435431,False
1791358015980475266,,599,bird_eye,0,0,False,0.0,no_alert,9130222823406097446,2227,1791358015980646358,-26.988353642,False
1791358016037141253,,601,bird_eye,0,0,False,0.0,no_alert,9130222823406097446,2230,1791358016037382979,-26.931617021,False
1791358016077968305,,602,bird_eye,0,0,False,0.0,no_alert,9130222823406097446,2232,1791358016078314081,-26.890685919,False
1791358016101136204,,603,bird_eye,0,0,False,0.0,no_alert,9130222823406097446,2233,1791358016101300542,-26.867699458,False
1791358016137596448,,604,bird_eye,0,0,False,0.0,no_alert,9130222823406097446,2235,1791358016137940401,-26.831059599,False
1791358016171662793,,605,bird_eye,0,0,False,0.0,no_alert,9130222823406097446,2237,1791358016171940947,-26.797059053,False
1791358016203478051,,606,bird_eye,0,0,False,0.0,no_alert,9130222823406097446,2238,1791358016203691826,-26.765308174,False
1791358016239070904,,607,bird_eye,0,0,False,0.0,no_alert,9130222823406097446,2240,1791358016239414618,-26.729585382,False
1791358016286565893,,608,bird_eye,0,0,False,0.0,no_alert,9130222823406097446,2243,1791358016286940891,-26.682059109,False
1791358016312715486,,609,bird_eye,0,0,False,0.0,no_alert,9130222823406097446,2244,1791358016312881148,-26.656118852,False
1791358016339400149,,610,bird_eye,0,0,False,0.0,no_alert,9130222823406097446,2245,1791358016339601511,-26.629398489,False
1791358016372239682,,611,bird_eye,0,0,False,0.0,no_alert,9130222823406097446,2247,1791358016372472388,-26.596527612,False
1791358016402280546,,612,bird_eye,0,0,False,0.0,no_alert,9130222823406097446,2248,1791358016402517944,-26.566482056,False
1791358016436382208,,613,bird_eye,0,0,False,0.0,no_alert,9130222823406097446,2250,1791358016436708457,-26.532291543,False
1791358016479886667,,614,bird_eye,0,0,False,0.0,no_alert,9130222823406097446,2252,1791358016480104758,-26.488895242,False
1791358016502473546,,615,bird_eye,0,0,False,0.0,no_alert,9130222823406097446,2253,1791358016502720855,-26.466279145,False
1791358016539369764,,616,bird_eye,0,0,False,0.0,no_alert,9130222823406097446,2255,1791358016539640547,-26.429359453,False
1791358016568651736,,617,bird_eye,0,0,False,0.0,no_alert,9130222823406097446,2257,1791358016568865245,-26.400134755,False
1791358016609155763,,618,bird_eye,0,0,False,0.0,no_alert,9130222823406097446,2258,1791358016609348413,-26.359651587,False
1791358016634298785,,619,bird_eye,0,0,False,0.0,no_alert,9130222823406097446,2260,1791358016634439977,-26.334560023,False
1791358016681919280,,620,bird_eye,0,0,False,0.0,no_alert,9130222823406097446,2262,1791358016682153257,-26.286846743,False
1791358016700925352,,621,bird_eye,0,0,False,0.0,no_alert,9130222823406097446,2263,1791358016701089983,-26.267910017,False
1791358016736857453,,622,bird_eye,0,0,False,0.0,no_alert,9130222823406097446,2265,1791358016737029408,-26.231970592,False
1791358016772724657,,623,bird_eye,0,0,False,0.0,no_alert,9130222823406097446,2267,1791358016772913384,-26.196086616,False
1791358016801269095,,624,bird_eye,0,0,False,0.0,no_alert,9130222823406097446,2268,1791358016801433409,-26.167566591,False
1791358016836492055,,625,bird_eye,0,0,False,0.0,no_alert,9130222823406097446,2270,1791358016836662596,-26.132337404,False
1791358016868226508,,626,bird_eye,0,0,False,0.0,no_alert,9130222823406097446,2272,1791358016868388247,-26.100611753,False
1791358016903630777,,627,bird_eye,0,0,False,0.0,no_alert,9130222823406097446,2273,1791358016903902698,-26.065097302,False
1791358016938547091,,628,bird_eye,0,0,False,0.0,no_alert,9130222823406097446,2275,1791358016938677289,-26.030322711,False
1791358017009789669,,629,bird_eye,0,0,False,0.0,no_alert,9130222823406097446,2278,1791358017010297119,-25.958702881,False
1791358017076742002,,630,bird_eye,0,0,False,0.0,no_alert,9130222823406097446,2282,1791358017077011294,-25.891988706,False
1791358017101722966,,631,bird_eye,0,0,False,0.0,no_alert,9130222823406097446,2283,1791358017102018919,-25.866981081,False
1791358017136717046,,632,bird_eye,0,0,False,0.0,no_alert,9130222823406097446,2285,1791358017136927949,-25.832072051,False
1791358017170683035,,633,bird_eye,0,0,False,0.0,no_alert,9130222823406097446,2287,1791358017170878699,-25.798121301,False
1791358017203659101,,634,bird_eye,0,0,False,0.0,no_alert,9130222823406097446,2288,1791358017203878405,-25.765121595,False
1791358017236419765,,635,bird_eye,0,0,False,0.0,no_alert,9130222823406097446,2290,1791358017236685816,-25.732314184,False
1791358017270829220,,636,bird_eye,0,0,False,0.0,no_alert,9130222823406097446,2292,1791358017270974640,-25.69802536,False
1791358017302745605,,637,bird_eye,0,0,False,0.0,no_alert,9130222823406097446,2293,1791358017303043176,-25.665956824,False
1791358017336998576,,638,bird_eye,0,0,False,0.0,no_alert,9130222823406097446,2295,1791358017337169848,-25.631830152,False
1791358017370215051,,639,bird_eye,0,0,False,0.0,no_alert,9130222823406097446,2297,1791358017370412840,-25.59858716,False
1791358017402580436,,640,bird_eye,0,0,False,0.0,no_alert,9130222823406097446,2298,1791358017402825570,-25.56617443,False
1791358017437447999,,641,bird_eye,0,0,False,0.0,no_alert,9130222823406097446,2300,1791358017437637055,-25.531362945,False
1791358017469597488,,642,bird_eye,0,0,False,0.0,no_alert,9130222823406097446,2302,1791358017469767273,-25.499232727,False
1791358017502436328,,643,bird_eye,0,0,False,0.0,no_alert,9130222823406097446,2303,1791358017502629175,-25.466370825,False
1791358017537395690,,644,bird_eye,0,0,False,0.0,no_alert,9130222823406097446,2305,1791358017537612585,-25.431387415,False
1791358017569311750,,645,bird_eye,0,0,False,0.0,no_alert,9130222823406097446,2307,1791358017569414471,-25.399585529,False
1791358017602410629,,646,bird_eye,0,0,False,0.0,no_alert,9130222823406097446,2308,1791358017602542024,-25.366457976,False
1791358017637533382,,647,bird_eye,0,0,False,0.0,no_alert,9130222823406097446,2309,1791358017637680418,-25.331319582,False
1791358017670329909,,648,bird_eye,0,0,False,0.0,no_alert,9130222823406097446,2312,1791358017670442465,-25.298557535,False
1791358017703607148,,649,bird_eye,0,0,False,0.0,no_alert,9130222823406097446,2313,1791358017703759451,-25.265240549,False
1791358017737745392,,650,bird_eye,0,0,False,0.0,no_alert,9130222823406097446,2315,1791358017737897009,-25.231102991,False
1791358017770684049,,651,bird_eye,0,0,False,0.0,no_alert,9130222823406097446,2317,1791358017770926220,-25.19807378,False
1791358017805592327,,652,bird_eye,0,0,False,0.0,no_alert,9130222823406097446,2319,1791358017805691338,-25.163308662,False
1791358017835215035,,653,bird_eye,0,0,False,0.0,no_alert,9130222823406097446,2320,1791358017835316307,-25.133683693,False
1791358017872724653,,654,bird_eye,0,0,False,0.0,no_alert,9130222823406097446,2322,1791358017872980582,-25.096019418,False
1791358017906948719,,655,bird_eye,0,0,False,0.0,no_alert,9130222823406097446,2324,1791358017907191015,-25.061808985,False
1791358017935795371,,656,bird_eye,0,0,False,0.0,no_alert,9130222823406097446,2325,1791358017935958868,-25.033041132,False
1791358017970090183,,657,bird_eye,0,0,False,0.0,no_alert,9130222823406097446,2327,1791358017970255900,-24.9987441,False
1791358018003496852,,658,bird_eye,0,0,False,0.0,no_alert,9130222823406097446,2328,1791358018003684514,-24.965315486,False
1791358018038285451,,659,bird_eye,0,0,False,0.0,no_alert,9130222823406097446,2330,1791358018038381034,-24.930618966,False
1791358018069629603,,660,bird_eye,0,0,False,0.0,no_alert,9130222823406097446,2332,1791358018069786345,-24.899213655,False
1791358018103268304,,661,bird_eye,0,0,False,0.0,no_alert,9130222823406097446,2333,1791358018103372702,-24.865627298,False
1791358018138465692,,662,bird_eye,0,0,False,0.0,no_alert,9130222823406097446,2335,1791358018138570084,-24.830429916,False
1791358018169744657,,663,bird_eye,0,0,False,0.0,no_alert,9130222823406097446,2337,1791358018169981526,-24.799018474,False
1791358018202912878,,664,bird_eye,0,0,False,0.0,no_alert,9130222823406097446,2338,1791358018203169971,-24.765830029,False
1791358018240101617,,665,bird_eye,0,0,False,0.0,no_alert,9130222823406097446,2340,1791358018240351406,-24.728648594,False
1791358018269497737,,666,bird_eye,0,0,False,0.0,no_alert,9130222823406097446,2342,1791358018269716819,-24.699283181,False
1791358018303642037,,667,bird_eye,0,0,False,0.0,no_alert,9130222823406097446,2343,1791358018303928058,-24.665071942,False
1791358018337809104,,668,bird_eye,0,0,False,0.0,no_alert,9130222823406097446,2345,1791358018337999074,-24.631000926,False
1791358018368339736,,669,bird_eye,0,0,False,0.0,no_alert,9130222823406097446,2347,1791358018368517583,-24.600482417,False
1791358018402392755,,670,bird_eye,0,0,False,0.0,no_alert,9130222823406097446,2348,1791358018402600881,-24.566399119,False
1791358018436872334,,671,bird_eye,0,0,False,0.0,no_alert,9130222823406097446,2350,1791358018437115732,-24.531884268,False
1791358018469278448,,672,bird_eye,0,0,False,0.0,no_alert,9130222823406097446,2351,1791358018469515850,-24.49948415,False
1791358018502742994,,673,bird_eye,0,0,False,0.0,no_alert,9130222823406097446,2353,1791358018503017150,-24.46598285,False
1791358018536408980,,674,bird_eye,0,0,False,0.0,no_alert,9130222823406097446,2355,1791358018536599464,-24.432400536,False
1791358018574922170,,675,bird_eye,0,0,False,0.0,no_alert,9130222823406097446,2357,1791358018575146009,-24.393853991,False
1791358018608952674,,676,bird_eye,0,0,False,0.0,no_alert,9130222823406097446,2359,1791358018609040884,-24.359959116,False
1791358018634613904,,677,bird_eye,0,0,False,0.0,no_alert,9130222823406097446,2360,1791358018634779113,-24.334220887,False
1791358018673810558,,678,bird_eye,0,0,False,0.0,no_alert,9130222823406097446,2362,1791358018674050463,-24.294949537,False
1791358018703709514,,679,bird_eye,0,0,False,0.0,no_alert,9130222823406097446,2363,1791358018703915633,-24.265084367,False
1791358018736468165,,680,bird_eye,0,0,False,0.0,no_alert,9130222823406097446,2365,1791358018736674212,-24.232325788,False
1791358018769638789,,681,bird_eye,0,0,False,0.0,no_alert,9130222823406097446,2367,1791358018769798187,-24.199201813,False
1791358018802219976,,682,bird_eye,0,0,False,0.0,no_alert,9130222823406097446,2368,1791358018802408848,-24.166591152,False
1791358018838493684,,683,bird_eye,0,0,False,0.0,no_alert,9130222823406097446,2370,1791358018838740276,-24.130259724,False
1791358018876987620,,684,bird_eye,0,0,False,0.0,no_alert,9130222823406097446,2372,1791358018877220793,-24.091779207,False
1791358018903951167,,685,bird_eye,0,0,False,0.0,no_alert,9130222823406097446,2373,1791358018904145959,-24.064854041,False
1791358018942002881,,686,bird_eye,0,0,False,0.0,no_alert,9130222823406097446,2375,1791358018942241043,-24.026758957,False
1791358018967611085,,687,bird_eye,0,0,False,0.0,no_alert,9130222823406097446,2377,1791358018967776867,-24.001223133,False
1791358019003504134,,688,bird_eye,0,0,False,0.0,no_alert,9130222823406097446,2378,1791358019003690331,-23.965309669,False
1791358019036846894,,689,bird_eye,0,0,False,0.0,no_alert,9130222823406097446,2380,1791358019037071297,-23.931928703,False
1791358019071947514,,690,bird_eye,0,0,False,0.0,no_alert,9130222823406097446,2382,1791358019072205998,-23.896794002,False
1791358019105820974,,691,bird_eye,0,0,False,0.0,no_alert,9130222823406097446,2383,1791358019106133453,-23.862866547,False
1791358019135246183,,692,bird_eye,0,0,False,0.0,no_alert,9130222823406097446,2385,1791358019135415905,-23.833584095,False
1791358019175712774,,693,bird_eye,0,0,False,0.0,no_alert,9130222823406097446,2387,1791358019175888914,-23.793111086,False
1791358019204060045,,694,bird_eye,0,0,False,0.0,no_alert,9130222823406097446,2388,1791358019204263148,-23.764736852,False
1791358019241326319,,695,bird_eye,0,0,False,0.0,no_alert,9130222823406097446,2390,1791358019241558620,-23.72744138,False
1791358019267650799,,696,bird_eye,0,0,False,0.0,no_alert,9130222823406097446,2392,1791358019267901961,-23.701098039,False
1791358019301479212,,697,bird_eye,0,0,False,0.0,no_alert,9130222823406097446,2393,1791358019301669216,-23.667330784,False
1791358019335855227,,698,bird_eye,0,0,False,0.0,no_alert,9130222823406097446,2395,1791358019336145503,-23.632854497,False
1791358019373486263,,699,bird_eye,0,0,False,0.0,no_alert,9130222823406097446,2397,1791358019373691313,-23.595308687,False
1791358019403659528,,700,bird_eye,0,0,False,0.0,no_alert,9130222823406097446,2398,1791358019403925234,-23.565074766,False
1791358019436211084,,701,bird_eye,0,0,False,0.0,no_alert,9130222823406097446,2400,1791358019436302803,-23.532697197,False
1791358019469527849,,702,bird_eye,0,0,False,0.0,no_alert,9130222823406097446,2401,1791358019469668295,-23.499331705,False
1791358019506242277,,703,bird_eye,0,0,False,0.0,no_alert,9130222823406097446,2403,1791358019506437537,-23.462562463,False
1791358019545750537,,704,bird_eye,0,0,False,0.0,no_alert,9130222823406097446,2406,1791358019546026335,-23.422973665,False
1791358019574764072,,705,bird_eye,0,0,False,0.0,no_alert,9130222823406097446,2407,1791358019575044198,-23.393955802,False
1791358019603298936,,706,bird_eye,0,0,False,0.0,no_alert,9130222823406097446,2408,1791358019603464662,-23.365535338,False
1791358019647457431,,707,bird_eye,0,0,False,0.0,no_alert,9130222823406097446,2411,1791358019647670586,-23.321329414,False
1791358019670655545,,708,bird_eye,0,0,False,0.0,no_alert,9130222823406097446,2412,1791358019670966348,-23.298033652,False
1791358019711810665,,709,bird_eye,0,0,False,0.0,no_alert,9130222823406097446,2414,1791358019712241285,-23.256758715,False
1791358019746146307,,710,bird_eye,0,0,False,0.0,no_alert,9130222823406097446,2415,1791358019746258392,-23.222741608,False
1791358019768457572,,711,bird_eye,0,0,False,0.0,no_alert,9130222823406097446,2417,1791358019768551305,-23.200448695,False
1791358019809938805,,712,bird_eye,0,0,False,0.0,no_alert,9130222823406097446,2419,1791358019810091927,-23.158908073,False
1791358019834171165,,713,bird_eye,0,0,False,0.0,no_alert,9130222823406097446,2420,1791358019834316092,-23.134683908,False
1791358019870448273,,714,bird_eye,0,0,False,0.0,no_alert,9130222823406097446,2422,1791358019870563600,-23.0984364,False
1791358019915306109,,715,bird_eye,0,0,False,0.0,no_alert,9130222823406097446,2424,1791358019915450529,-23.053549471,False
1791358019933908075,,716,bird_eye,0,0,False,0.0,no_alert,9130222823406097446,2425,1791358019934005030,-23.03499497,False
1791358019970291497,,717,bird_eye,0,0,False,0.0,no_alert,9130222823406097446,2427,1791358019970388029,-22.998611971,False
1791358020003134289,,718,bird_eye,0,0,False,0.0,no_alert,9130222823406097446,2428,1791358020003256228,-22.965743772,False
1791358020048355260,,719,bird_eye,0,0,False,0.0,no_alert,9130222823406097446,2431,1791358020048574849,-22.920425151,False
1791358020072087314,,720,bird_eye,0,0,False,0.0,no_alert,9130222823406097446,2432,1791358020072183641,-22.896816359,False
1791358020118653456,,721,bird_eye,0,0,False,0.0,no_alert,9130222823406097446,2434,1791358020118900563,-22.850099437,False
1791358020146343721,,722,bird_eye,0,0,False,0.0,no_alert,9130222823406097446,2435,1791358020146443821,-22.822556179,False
1791358020174568219,,723,bird_eye,0,0,False,0.0,no_alert,9130222823406097446,2437,1791358020174901259,-22.794098741,False
1791358020202263093,,724,bird_eye,0,0,False,0.0,no_alert,9130222823406097446,2438,1791358020202360552,-22.766639448,False
1791358020237544199,,725,bird_eye,0,0,False,0.0,no_alert,9130222823406097446,2440,1791358020237689183,-22.731310817,False
1791358020268475420,,726,bird_eye,0,0,False,0.0,no_alert,9130222823406097446,2442,1791358020268709237,-22.700290763,False
1791358020303198621,,727,bird_eye,0,0,False,0.0,no_alert,9130222823406097446,2443,1791358020303290270,-22.66570973,False
1791358020337681347,,728,bird_eye,0,0,False,0.0,no_alert,9130222823406097446,2445,1791358020337941343,-22.631058657,False
1791358020369145312,,729,bird_eye,0,0,False,0.0,no_alert,9130222823406097446,2447,1791358020369370488,-22.599629512,False
1791358020416773632,,730,bird_eye,0,0,False,0.0,no_alert,9130222823406097446,2449,1791358020417101948,-22.551898052,False
1791358020440616204,,731,bird_eye,0,0,False,0.0,no_alert,9130222823406097446,2450,1791358020440807496,-22.528192504,False
1791358020467929607,,732,bird_eye,0,0,False,0.0,no_alert,9130222823406097446,2452,1791358020468146998,-22.500853002,False
1791358020516040723,,733,bird_eye,0,0,False,0.0,no_alert,9130222823406097446,2454,1791358020516195463,-22.452804537,False
1791358020535566132,,734,bird_eye,0,0,False,0.0,no_alert,9130222823406097446,2455,1791358020535668268,-22.433331732,False
1791358020575895404,,735,bird_eye,0,0,False,0.0,no_alert,9130222823406097446,2457,1791358020576249043,-22.392750957,False
1791358020603250472,,736,bird_eye,0,0,False,0.0,no_alert,9130222823406097446,2458,1791358020603471014,-22.365528986,False
1791358020647371708,,737,bird_eye,0,0,False,0.0,no_alert,9130222823406097446,2460,1791358020647679782,-22.321320218,False
1791358020671645195,,738,bird_eye,0,0,False,0.0,no_alert,9130222823406097446,2462,1791358020671975029,-22.297024971,False
1791358020707398731,,739,bird_eye,0,0,False,0.0,no_alert,9130222823406097446,2464,1791358020707620713,-22.261379287,False
1791358020743715277,,740,bird_eye,0,0,False,0.0,no_alert,9130222823406097446,2465,1791358020743821808,-22.225178192,False
1791358020767240130,,741,bird_eye,0,0,False,0.0,no_alert,9130222823406097446,2466,1791358020767406547,-22.201593453,False
1791358020804247877,,742,bird_eye,0,0,False,0.0,no_alert,9130222823406097446,2468,1791358020804408289,-22.164591711,False
1791358020847376241,,743,bird_eye,0,0,False,0.0,no_alert,9130222823406097446,2471,1791358020847530235,-22.121469765,False
1791358020871256960,,744,bird_eye,0,0,False,0.0,no_alert,9130222823406097446,2472,1791358020871417658,-22.097582342,False
1791358020915199416,,745,bird_eye,0,0,False,0.0,no_alert,9130222823406097446,2474,1791358020915400832,-22.053599168,False
1791358020945077812,,746,bird_eye,0,0,False,0.0,no_alert,9130222823406097446,2475,1791358020945208693,-22.023791307,False
1791358020968191929,,747,bird_eye,0,0,False,0.0,no_alert,9130222823406097446,2477,1791358020968342561,-22.000657439,False
1791358021003955153,,748,bird_eye,0,0,False,0.0,no_alert,9130222823406097446,2478,1791358021004211100,-21.9647889,False
1791358021038815342,,749,bird_eye,0,0,False,0.0,no_alert,9130222823406097446,2480,1791358021038972626,-21.930027374,False
1791358021070683101,,750,bird_eye,0,0,False,0.0,no_alert,9130222823406097446,2482,1791358021070787740,-21.89821226,False
1791358021104317555,,751,bird_eye,0,0,False,0.0,no_alert,9130222823406097446,2483,1791358021104412640,-21.86458736,False
1791358021147217605,,752,bird_eye,0,0,False,0.0,no_alert,9130222823406097446,2485,1791358021147392228,-21.821607772,False
1791358021169079579,,753,bird_eye,0,0,False,0.0,no_alert,9130222823406097446,2487,1791358021169185267,-21.799814733,False
1791358021204771487,,754,bird_eye,0,0,False,0.0,no_alert,9130222823406097446,2488,1791358021205134546,-21.763865454,False
1791358021238860407,,755,bird_eye,0,0,False,0.0,no_alert,9130222823406097446,2490,1791358021238955681,-21.730044319,False
1791358021271319715,,756,bird_eye,0,0,False,0.0,no_alert,9130222823406097446,2492,1791358021271538020,-21.69746198,False
1791358021303548570,,757,bird_eye,0,0,False,0.0,no_alert,9130222823406097446,2493,1791358021303786551,-21.665213449,False
1791358021345126732,,758,bird_eye,0,0,False,0.0,no_alert,9130222823406097446,2495,1791358021345349958,-21.623650042,False
1791358021378480654,,759,bird_eye,0,0,False,0.0,no_alert,9130222823406097446,2497,1791358021378798826,-21.590201174,False
1791358021410484158,,760,bird_eye,0,0,False,0.0,no_alert,9130222823406097446,2499,1791358021410629357,-21.558370643,False
1791358021438531608,,761,bird_eye,0,0,False,0.0,no_alert,9130222823406097446,2500,1791358021438805030,-21.53019497,False
1791358021485902540,,762,bird_eye,0,0,False,0.0,no_alert,9130222823406097446,2503,1791358021486191764,-21.482808236,False
1791358021515767767,,763,bird_eye,0,0,False,0.0,no_alert,9130222823406097446,2504,1791358021515873540,-21.45312646,False
1791358021547775006,,764,bird_eye,0,0,False,0.0,no_alert,9130222823406097446,2506,1791358021548131562,-21.420868438,False
1791358021585387820,,765,bird_eye,0,0,False,0.0,no_alert,9130222823406097446,2507,1791358021585675032,-21.383324968,False
1791358021609556540,,766,bird_eye,0,0,False,0.0,no_alert,9130222823406097446,2509,1791358021609754298,-21.359245702,False
1791358021642698614,,767,bird_eye,0,0,False,0.0,no_alert,9130222823406097446,2510,1791358021642846614,-21.326153386,False
1791358021672801984,,768,bird_eye,0,0,False,0.0,no_alert,9130222823406097446,2512,1791358021673132077,-21.295867923,False
1791358021705708278,,769,bird_eye,0,0,False,0.0,no_alert,9130222823406097446,2513,1791358021705861228,-21.263138772,False
1791358021738630097,,770,bird_eye,0,0,False,0.0,no_alert,9130222823406097446,2515,1791358021738825647,-21.230174353,False
1791358021780719146,,771,bird_eye,0,0,False,0.0,no_alert,9130222823406097446,2517,1791358021780964228,-21.188035772,False
1791358021804566975,,772,bird_eye,0,0,False,0.0,no_alert,9130222823406097446,2518,1791358021804763462,-21.164236538,False
1791358021837272708,,773,bird_eye,0,0,False,0.0,no_alert,9130222823406097446,2520,1791358021837373996,-21.131626004,False
1791358021872785961,,774,bird_eye,0,0,False,0.0,no_alert,9130222823406097446,2522,1791358021872926283,-21.096073717,False
1791358021905615294,,775,bird_eye,0,0,False,0.0,no_alert,9130222823406097446,2523,1791358021905757072,-21.063242928,False
1791358021940104242,,776,bird_eye,0,0,False,0.0,no_alert,9130222823406097446,2525,1791358021940338815,-21.028661185,False
1791358021969472642,,777,bird_eye,0,0,False,0.0,no_alert,9130222823406097446,2527,1791358021969621123,-20.999378877,False
1791358022014050312,,778,bird_eye,0,0,False,0.0,no_alert,9130222823406097446,2529,1791358022014269577,-20.954730423,False
1791358022034125168,,779,bird_eye,0,0,False,0.0,no_alert,9130222823406097446,2530,1791358022034351745,-20.934648255,False
1791358022072309207,,780,bird_eye,0,0,False,0.0,no_alert,9130222823406097446,2532,1791358022072458300,-20.8965417,False
1791358022103747905,,781,bird_eye,0,0,False,0.0,no_alert,9130222823406097446,2533,1791358022103958238,-20.865041762,False
1791358022140106849,,782,bird_eye,0,0,False,0.0,no_alert,9130222823406097446,2535,1791358022140231398,-20.828768602,False
1791358022170851339,,783,bird_eye,0,0,False,0.0,no_alert,9130222823406097446,2537,1791358022170991753,-20.798008247,False
1791358022217783421,,784,bird_eye,0,0,False,0.0,no_alert,9130222823406097446,2539,1791358022218032919,-20.750967081,False
1791358022246026576,,785,bird_eye,0,0,False,0.0,no_alert,9130222823406097446,2540,1791358022246218480,-20.72278152,False
1791358022284226912,,786,bird_eye,0,0,False,0.0,no_alert,9130222823406097446,2542,1791358022284474166,-20.684525834,False
1791358022316522482,,787,bird_eye,0,0,False,0.0,no_alert,9130222823406097446,2544,1791358022316644868,-20.652355132,False
1791358022339678946,,788,bird_eye,0,0,False,0.0,no_alert,9130222823406097446,2545,1791358022339857129,-20.629142871,False
1791358022377234975,,789,bird_eye,0,0,False,0.0,no_alert,9130222823406097446,2547,1791358022377520147,-20.591479853,False
1791358022403926837,,790,bird_eye,0,0,False,0.0,no_alert,9130222823406097446,2548,1791358022404190225,-20.564809775,False
1791358022440338136,,791,bird_eye,0,0,False,0.0,no_alert,9130222823406097446,2550,1791358022440540004,-20.528459996,False
1791358022469690222,,792,bird_eye,0,0,False,0.0,no_alert,9130222823406097446,2552,1791358022469941124,-20.499058876,False
1791358022512194187,,793,bird_eye,0,0,False,0.0,no_alert,9130222823406097446,2554,1791358022512395351,-20.456604649,False
1791358022541094827,,794,bird_eye,0,0,False,0.0,no_alert,9130222823406097446,2555,1791358022541350824,-20.427649176,False
1791358022569725843,,795,bird_eye,0,0,False,0.0,no_alert,9130222823406097446,2557,1791358022569876088,-20.399123912,False
1791358022607303272,,796,bird_eye,0,0,False,0.0,no_alert,9130222823406097446,2559,1791358022607540823,-20.361459177,False
1791358022636094300,,797,bird_eye,0,0,False,0.0,no_alert,9130222823406097446,2560,1791358022636262269,-20.332737731,False
1791358022673191171,,798,bird_eye,0,0,False,0.0,no_alert,9130222823406097446,2562,1791358022673408452,-20.295591548,False
1791358022703755764,,799,bird_eye,0,0,False,0.0,no_alert,9130222823406097446,2563,1791358022703964510,-20.26503549,False
1791358022738986323,,800,bird_eye,0,0,False,0.0,no_alert,9130222823406097446,2565,1791358022739324583,-20.229675417,False
1791358022772780288,,801,bird_eye,0,0,False,0.0,no_alert,9130222823406097446,2567,1791358022772911087,-20.196088913,False
1791358022804894828,,802,bird_eye,0,0,False,0.0,no_alert,9130222823406097446,2568,1791358022805249516,-20.163750484,False
1791358022836843451,,803,bird_eye,0,0,False,0.0,no_alert,9130222823406097446,2570,1791358022836956047,-20.132043953,False
1791358022869896878,,804,bird_eye,0,0,False,0.0,no_alert,9130222823406097446,2572,1791358022869996803,-20.099003197,False
1791358022903674469,,805,bird_eye,0,0,False,0.0,no_alert,9130222823406097446,2573,1791358022903859745,-20.065140255,False
1791358022936509727,,806,bird_eye,0,0,False,0.0,no_alert,9130222823406097446,2575,1791358022936673382,-20.032326618,False
1791358022971105911,,807,bird_eye,0,0,False,0.0,no_alert,9130222823406097446,2577,1791358022971231017,-19.997768983,False
1791358023011317740,,808,bird_eye,0,0,False,0.0,no_alert,9130222823406097446,2579,1791358023011588558,-19.957411442,False
1791358023036564793,,809,bird_eye,0,0,False,0.0,no_alert,9130222823406097446,2580,1791358023036776076,-19.932223924,False
1791358023070079111,,810,bird_eye,0,0,False,0.0,no_alert,9130222823406097446,2582,1791358023070185995,-19.898814005,False
1791358023111599106,,811,bird_eye,0,0,False,0.0,no_alert,9130222823406097446,2584,1791358023111801282,-19.857198718,False
1791358023142246232,,812,bird_eye,0,0,False,0.0,no_alert,9130222823406097446,2585,1791358023142385865,-19.826614135,False
1791358023169648287,,813,bird_eye,0,0,False,0.0,no_alert,9130222823406097446,2587,1791358023169827989,-19.799172011,False
1791358023211257788,,814,bird_eye,0,0,False,0.0,no_alert,9130222823406097446,2589,1791358023211385592,-19.757614408,False
1791358023235454570,,815,bird_eye,0,0,False,0.0,no_alert,9130222823406097446,2590,1791358023235569885,-19.733430115,False
1791358023284006888,,816,bird_eye,0,0,False,0.0,no_alert,9130222823406097446,2592,1791358023284328504,-19.684671496,False
1791358023310552935,,817,bird_eye,0,0,False,0.0,no_alert,9130222823406097446,2594,1791358023310832939,-19.658167061,False
1791358023337661975,,818,bird_eye,0,0,False,0.0,no_alert,9130222823406097446,2595,1791358023337859533,-19.631140467,False
1791358023373749365,,819,bird_eye,0,0,False,0.0,no_alert,9130222823406097446,2597,1791358023373950754,-19.595049246,False
1791358023408283742,,820,bird_eye,0,0,False,0.0,no_alert,9130222823406097446,2599,1791358023408446897,-19.560553103,False
1791358023447850503,,821,bird_eye,0,0,False,0.0,no_alert,9130222823406097446,2600,1791358023448040574,-19.520959426,False
1791358023476316759,,822,bird_eye,0,0,False,0.0,no_alert,9130222823406097446,2602,1791358023476502110,-19.49249789,False
1791358023502007114,,823,bird_eye,0,0,False,0.0,no_alert,9130222823406097446,2603,1791358023502353344,-19.466646656,False
1791358023548097410,,824,bird_eye,0,0,False,0.0,no_alert,9130222823406097446,2606,1791358023548378219,-19.420621781,False
1791358023575314767,,825,bird_eye,0,0,False,0.0,no_alert,9130222823406097446,2607,1791358023575431015,-19.393568985,False
1791358023604396432,,826,bird_eye,0,0,False,0.0,no_alert,9130222823406097446,2608,1791358023604634558,-19.364365442,False
1791358023636367219,,827,bird_eye,0,0,False,0.0,no_alert,9130222823406097446,2610,1791358023636547092,-19.332452908,False
1791358023676683321,,828,bird_eye,0,0,False,0.0,no_alert,9130222823406097446,2612,1791358023676907878,-19.292092122,False
1791358023710360661,,829,bird_eye,0,0,False,0.0,no_alert,9130222823406097446,2614,1791358023710698140,-19.25830186,False
1791358023738206137,,830,bird_eye,0,0,False,0.0,no_alert,9130222823406097446,2615,1791358023738436990,-19.23056301,False
1791358023775402668,,831,bird_eye,0,0,False,0.0,no_alert,9130222823406097446,2617,1791358023775694773,-19.193305227,False
1791358023803584266,,832,bird_eye,0,0,False,0.0,no_alert,9130222823406097446,2618,1791358023803753572,-19.165246428,False
1791358023854472674,,833,bird_eye,0,0,False,0.0,no_alert,9130222823406097446,2621,1791358023854765359,-19.114234641,False
1791358023880157105,,834,bird_eye,0,0,False,0.0,no_alert,9130222823406097446,2622,1791358023880448345,-19.088551655,False
1791358023901371522,,835,bird_eye,0,0,False,0.0,no_alert,9130222823406097446,2623,1791358023901622115,-19.067377885,False
1791358023936908989,,836,bird_eye,0,0,False,0.0,no_alert,9130222823406097446,2625,1791358023937202222,-19.031797778,False
1791358023969559317,,837,bird_eye,0,0,False,0.0,no_alert,9130222823406097446,2627,1791358023969810863,-18.999189137,False
1791358024004325494,,838,bird_eye,0,0,False,0.0,no_alert,9130222823406097446,2628,1791358024004639139,-18.964360861,False
1791358024036717714,,839,bird_eye,0,0,False,0.0,no_alert,9130222823406097446,2630,1791358024037010617,-18.931989383,False
1791358024071328496,,840,bird_eye,0,0,False,0.0,no_alert,9130222823406097446,2632,1791358024071449488,-18.897550512,False
1791358024102309464,,841,bird_eye,0,0,False,0.0,no_alert,9130222823406097446,2633,1791358024102474811,-18.866525189,False
1791358024136266381,,842,bird_eye,0,0,False,0.0,no_alert,9130222823406097446,2635,1791358024136480087,-18.832519913,False
1791358024169926933,,843,bird_eye,0,0,False,0.0,no_alert,9130222823406097446,2637,1791358024170039417,-18.798960583,False
1791358024203532502,,844,bird_eye,0,0,False,0.0,no_alert,9130222823406097446,2638,1791358024203766626,-18.765233374,False
1791358024238496763,,845,bird_eye,0,0,False,0.0,no_alert,9130222823406097446,2640,1791358024238873210,-18.73012679,False
1791358024279278972,,846,bird_eye,0,0,False,0.0,no_alert,9130222823406097446,2642,1791358024279562673,-18.689437327,False
1791358024311642038,,847,bird_eye,0,0,False,0.0,no_alert,9130222823406097446,2644,1791358024311831724,-18.657168276,False
1791358024334562152,,848,bird_eye,0,0,False,0.0,no_alert,9130222823406097446,2645,1791358024334791286,-18.634208714,False
1791358024370064493,,849,bird_eye,0,0,False,0.0,no_alert,9130222823406097446,2647,1791358024370247067,-18.598752933,False
1791358024406197484,,850,bird_eye,0,0,False,0.0,no_alert,9130222823406097446,2649,1791358024406388222,-18.562611778,False
1791358024446327451,,851,bird_eye,0,0,False,0.0,no_alert,9130222823406097446,2650,1791358024446628458,-18.522371542,False
1791358024478169335,,852,bird_eye,0,0,False,0.0,no_alert,9130222823406097446,2652,1791358024478404614,-18.490595386,False
1791358024501776976,,853,bird_eye,0,0,False,0.0,no_alert,9130222823406097446,2653,1791358024502067481,-18.466932519,False
1791358024536247749,,854,bird_eye,0,0,False,0.0,no_alert,9130222823406097446,2655,1791358024536576478,-18.432423522,False
1791358024571671426,,855,bird_eye,0,0,False,0.0,no_alert,9130222823406097446,2657,1791358024571961832,-18.397038168,False
1791358024601990439,,856,bird_eye,0,0,False,0.0,no_alert,9130222823406097446,2658,1791358024602266875,-18.366733125,False
1791358024636833157,,857,bird_eye,0,0,False,0.0,no_alert,9130222823406097446,2660,1791358024637348029,-18.331651971,False
1791358024669770487,,858,bird_eye,0,0,False,0.0,no_alert,9130222823406097446,2662,1791358024670191300,-18.2988087,False
1791358024704242590,,859,bird_eye,0,0,False,0.0,no_alert,9130222823406097446,2663,1791358024704659859,-18.264340141,False
1791358024735601402,,860,bird_eye,0,0,False,0.0,no_alert,9130222823406097446,2665,1791358024735948715,-18.233051285,False
1791358024777325402,,861,bird_eye,0,0,False,0.0,no_alert,9130222823406097446,2667,1791358024777539691,-18.191460309,False
1791358024803653681,,862,bird_eye,0,0,False,0.0,no_alert,9130222823406097446,2668,1791358024804007439,-18.164992561,False
1791358024841503729,,863,bird_eye,0,0,False,0.0,no_alert,9130222823406097446,2670,1791358024841761872,-18.127238128,False
1791358024872574257,,864,bird_eye,0,0,False,0.0,no_alert,9130222823406097446,2672,1791358024872884066,-18.096115934,False
1791358024912282734,,865,bird_eye,0,0,False,0.0,no_alert,9130222823406097446,2674,1791358024912518230,-18.05648177,False
1791358024943348156,,866,bird_eye,0,0,False,0.0,no_alert,9130222823406097446,2675,1791358024943498902,-18.025501098,False
1791358024974964055,,867,bird_eye,0,0,False,0.0,no_alert,9130222823406097446,2677,1791358024975293129,-17.993706871,False
1791358025012071445,,868,bird_eye,0,0,False,0.0,no_alert,9130222823406097446,2679,1791358025012323003,-17.956676997,False
1791358025038503192,,869,bird_eye,0,0,False,0.0,no_alert,9130222823406097446,2680,1791358025038625011,-17.930374989,False
1791358025083874028,,870,bird_eye,0,0,False,0.0,no_alert,9130222823406097446,2682,1791358025084073171,-17.884926829,False
1791358025103761648,,871,bird_eye,0,0,False,0.0,no_alert,9130222823406097446,2683,1791358025103955784,-17.865044216,False
1791358025137637728,,872,bird_eye,0,0,False,0.0,no_alert,9130222823406097446,2685,1791358025138056054,-17.830943946,False
1791358025178678304,,873,bird_eye,0,0,False,0.0,no_alert,9130222823406097446,2687,1791358025178995552,-17.790004448,False
1791358025201152660,,874,bird_eye,0,0,False,0.0,no_alert,9130222823406097446,2688,1791358025201465564,-17.767534436,False
1791358025249562665,,875,bird_eye,0,0,False,0.0,no_alert,9130222823406097446,2691,1791358025249748536,-17.719251464,False
1791358025266236262,,876,bird_eye,0,0,False,0.0,no_alert,9130222823406097446,2692,1791358025266490032,-17.702509968,False
1791358025305543398,,877,bird_eye,0,0,False,0.0,no_alert,9130222823406097446,2693,1791358025305809471,-17.663190529,False
1791358025335310855,,878,bird_eye,0,0,False,0.0,no_alert,9130222823406097446,2695,1791358025335621841,-17.633378159,False
1791358025381770543,,879,bird_eye,0,0,False,0.0,no_alert,9130222823406097446,2697,1791358025381902317,-17.587097683,False
1791358025399743241,,880,bird_eye,0,0,False,0.0,no_alert,9130222823406097446,2698,1791358025399941677,-17.569058323,False
1791358025437005738,,881,bird_eye,0,0,False,0.0,no_alert,9130222823406097446,2700,1791358025437256998,-17.531743002,False
1791358025471513597,,882,bird_eye,0,0,False,0.0,no_alert,9130222823406097446,2702,1791358025471693035,-17.497306965,False
1791358025502044640,,883,bird_eye,0,0,False,0.0,no_alert,9130222823406097446,2703,1791358025502287180,-17.46671282,False
1791358025536797246,,884,bird_eye,0,0,False,0.0,no_alert,9130222823406097446,2705,1791358025537215368,-17.431784632,False
1791358025579944321,,885,bird_eye,0,0,False,0.0,no_alert,9130222823406097446,2707,1791358025580176455,-17.388823545,False
1791358025600648923,,886,bird_eye,0,0,False,0.0,no_alert,9130222823406097446,2708,1791358025600964291,-17.368035709,False
1791358025650146859,,887,bird_eye,0,0,False,0.0,no_alert,9130222823406097446,2711,1791358025650374278,-17.318625722,False
1791358025676770182,,888,bird_eye,0,0,False,0.0,no_alert,9130222823406097446,2712,1791358025677120215,-17.291879785,False
1791358025709904443,,889,bird_eye,0,0,False,0.0,no_alert,9130222823406097446,2714,1791358025710104136,-17.258895864,False
1791358025743672180,,890,bird_eye,0,0,False,0.0,no_alert,9130222823406097446,2715,1791358025743862610,-17.22513739,False
1791358025769438576,,891,bird_eye,0,0,False,0.0,no_alert,9130222823406097446,2717,1791358025769628240,-17.19937176,False
1791358025810481660,,892,bird_eye,0,0,False,0.0,no_alert,9130222823406097446,2719,1791358025810732283,-17.158267717,False
1791358025835995712,,893,bird_eye,0,0,False,0.0,no_alert,9130222823406097446,2720,1791358025836297236,-17.132702764,False
1791358025876560447,,894,bird_eye,0,0,False,0.0,no_alert,9130222823406097446,2722,1791358025876856153,-17.092143847,False
1791358025903516672,,895,bird_eye,0,0,False,0.0,no_alert,9130222823406097446,2723,1791358025903752177,-17.065247823,False
1791358025936633233,,896,bird_eye,0,0,False,0.0,no_alert,9130222823406097446,2725,1791358025936921052,-17.032078948,False
1791358025968130558,,897,bird_eye,0,0,False,0.0,no_alert,9130222823406097446,2727,1791358025968325964,-17.000674036,False
1791358026014248132,,898,bird_eye,0,0,False,0.0,no_alert,9130222823406097446,2729,1791358026014413440,-16.95458656,False
1791358026035745634,,899,bird_eye,0,0,False,0.0,no_alert,9130222823406097446,2730,1791358026036047723,-16.932952277,False
1791358026076726274,,900,bird_eye,0,0,False,0.0,no_alert,9130222823406097446,2732,1791358026077070000,-16.89193,False
1791358026102057852,,901,bird_eye,0,0,False,0.0,no_alert,9130222823406097446,2733,1791358026102333325,-16.866666675,False
1791358026134576628,,902,bird_eye,0,0,False,0.0,no_alert,9130222823406097446,2735,1791358026134879612,-16.834120388,False
1791358026170131476,,903,bird_eye,0,0,False,0.0,no_alert,9130222823406097446,2737,1791358026170552823,-16.798447177,False
1791358026209618907,,904,bird_eye,0,0,False,0.0,no_alert,9130222823406097446,2739,1791358026209930813,-16.759069187,False
1791358026241994378,,905,bird_eye,0,0,False,0.0,no_alert,9130222823406097446,2740,1791358026242351128,-16.726648872,False
1791358026267200159,,906,bird_eye,0,0,False,0.0,no_alert,9130222823406097446,2742,1791358026267396582,-16.701603418,False
1791358026309793885,,907,bird_eye,0,0,False,0.0,no_alert,9130222823406097446,2744,1791358026310128840,-16.65887116,False
1791358026343391212,,908,bird_eye,0,0,False,0.0,no_alert,9130222823406097446,2745,1791358026343609966,-16.625390034,False
1791358026367673611,,909,bird_eye,0,0,False,0.0,no_alert,9130222823406097446,2747,1791358026367939965,-16.601060035,False
1791358026405648331,,910,bird_eye,0,0,False,0.0,no_alert,9130222823406097446,2749,1791358026406045134,-16.562954866,False
1791358026447780104,,911,bird_eye,0,0,False,0.0,no_alert,9130222823406097446,2751,1791358026447975781,-16.521024219,False
1791358026468783482,,912,bird_eye,0,0,False,0.0,no_alert,9130222823406097446,2752,1791358026469036542,-16.499963458,False
1791358026506557189,,913,bird_eye,0,0,False,0.0,no_alert,9130222823406097446,2754,1791358026506863194,-16.462136806,False
1791358026537288663,,914,bird_eye,0,0,False,0.0,no_alert,9130222823406097446,2755,1791358026537605127,-16.431394873,False
1791358026577489752,,915,bird_eye,0,0,False,0.0,no_alert,9130222823406097446,2757,1791358026577772303,-16.391227697,False
1791358026601206842,,916,bird_eye,0,0,False,0.0,no_alert,9130222823406097446,2758,1791358026601396813,-16.367603187,False
1791358026645986923,,917,bird_eye,0,0,False,0.0,no_alert,9130222823406097446,2761,1791358026646184560,-16.32281544,False
1791358026668705104,,918,bird_eye,0,0,False,0.0,no_alert,9130222823406097446,2762,1791358026668835191,-16.300164809,False
1791358026711992663,,919,bird_eye,0,0,False,0.0,no_alert,9130222823406097446,2764,1791358026712354902,-16.256645098,False
1791358026738410896,,920,bird_eye,0,0,False,0.0,no_alert,9130222823406097446,2765,1791358026738834958,-16.230165042,False
1791358026768085951,,921,bird_eye,0,0,False,0.0,no_alert,9130222823406097446,2767,1791358026768184151,-16.200815849,False
1791358026809879442,,922,bird_eye,0,0,False,0.0,no_alert,9130222823406097446,2769,1791358026810046310,-16.15895369,False
1791358026833808810,,923,bird_eye,0,0,False,0.0,no_alert,9130222823406097446,2770,1791358026833990371,-16.135009629,False
1791358026868792732,,924,bird_eye,0,0,False,0.0,no_alert,9130222823406097446,2771,1791358026869031300,-16.0999687,False
1791358026902291738,,925,bird_eye,0,0,False,0.0,no_alert,9130222823406097446,2773,1791358026902489596,-16.066510404,False
1791358026934701679,,926,bird_eye,0,0,False,0.0,no_alert,9130222823406097446,2775,1791358026934879173,-16.034120827,False
1791358026971361198,,927,bird_eye,0,0,False,0.0,no_alert,9130222823406097446,2777,1791358026971498162,-15.997501838,False
1791358027002062353,,928,bird_eye,0,0,False,0.0,no_alert,9130222823406097446,2778,1791358027002272599,-15.966727401,False
1791358027034743650,,929,bird_eye,0,0,False,0.0,no_alert,9130222823406097446,2780,1791358027034945505,-15.934054495,False
1791358027078118421,,930,bird_eye,0,0,False,0.0,no_alert,9130222823406097446,2782,1791358027078449055,-15.890550945,False
1791358027101917497,,931,bird_eye,0,0,False,0.0,no_alert,9130222823406097446,2783,1791358027102267201,-15.866732799,False
1791358027143084595,,932,bird_eye,0,0,False,0.0,no_alert,9130222823406097446,2785,1791358027143339408,-15.825660592,False
1791358027166363949,,933,bird_eye,0,0,False,0.0,no_alert,9130222823406097446,2786,1791358027166467519,-15.802532481,False
1791358027203443964,,934,bird_eye,0,0,False,0.0,no_alert,9130222823406097446,2788,1791358027203664709,-15.765335291,False
1791358027244594664,,935,bird_eye,0,0,False,0.0,no_alert,9130222823406097446,2790,1791358027245005516,-15.723994484,False
1791358027269238636,,936,bird_eye,0,0,False,0.0,no_alert,9130222823406097446,2792,1791358027269415992,-15.699584008,False
1791358027302123625,,937,bird_eye,0,0,False,0.0,no_alert,9130222823406097446,2793,1791358027302338026,-15.666661974,False
1791358027334405698,,938,bird_eye,0,0,False,0.0,no_alert,9130222823406097446,2795,1791358027334592183,-15.634407817,False
1791358027369310597,,939,bird_eye,0,0,False,0.0,no_alert,9130222823406097446,2797,1791358027369516579,-15.599483421,False
1791358027408465897,,940,bird_eye,0,0,False,0.0,no_alert,9130222823406097446,2799,1791358027408692746,-15.560307254,False
1791358027434452765,,941,bird_eye,0,0,False,0.0,no_alert,9130222823406097446,2800,1791358027434676146,-15.534323854,False
1791358027468651619,,942,bird_eye,0,0,False,0.0,no_alert,9130222823406097446,2802,1791358027468788373,-15.500211627,False
1791358027502940367,,943,bird_eye,0,0,False,0.0,no_alert,9130222823406097446,2803,1791358027503168779,-15.465831221,False
1791358027542366306,,944,bird_eye,0,0,False,0.0,no_alert,9130222823406097446,2805,1791358027542698936,-15.426301064,False
1791358027568497895,,945,bird_eye,0,0,False,0.0,no_alert,9130222823406097446,2806,1791358027568705703,-15.400294297,False
1791358027601503071,,946,bird_eye,0,0,False,0.0,no_alert,9130222823406097446,2808,1791358027601690544,-15.367309456,False
1791358027637193959,,947,bird_eye,0,0,False,0.0,no_alert,9130222823406097446,2810,1791358027637334968,-15.331665032,False
1791358027666531883,,948,bird_eye,0,0,False,0.0,no_alert,9130222823406097446,2812,1791358027666786816,-15.302213184,False
1791358027708411476,,949,bird_eye,0,0,False,0.0,no_alert,9130222823406097446,2813,1791358027708889724,-15.260110276,False
1791358027734832473,,950,bird_eye,0,0,False,0.0,no_alert,9130222823406097446,2815,1791358027735217694,-15.233782306,False
1791358027768959879,,951,bird_eye,0,0,False,0.0,no_alert,9130222823406097446,2817,1791358027769260740,-15.19973926,False
1791358027809898687,,952,bird_eye,0,0,False,0.0,no_alert,9130222823406097446,2819,1791358027810094738,-15.158905262,False
1791358027841925528,,953,bird_eye,0,0,False,0.0,no_alert,9130222823406097446,2820,1791358027842291572,-15.126708428,False
1791358027872765937,,954,bird_eye,0,0,False,0.0,no_alert,9130222823406097446,2822,1791358027873064881,-15.095935119,False
1791358027908810617,,955,bird_eye,0,0,False,0.0,no_alert,9130222823406097446,2824,1791358027909123720,-15.05987628,False
1791358027939093234,,956,bird_eye,0,0,False,0.0,no_alert,9130222823406097446,2825,1791358027939544258,-15.029455742,False
1791358027976649417,,957,bird_eye,0,0,False,0.0,no_alert,9130222823406097446,2827,1791358027976847390,-14.99215261,False
1791358028004968409,,958,bird_eye,0,0,False,0.0,no_alert,9130222823406097446,2828,1791358028005227368,-14.963772632,False
1791358028041777307,,959,bird_eye,0,0,False,0.0,no_alert,9130222823406097446,2830,1791358028042224386,-14.926775614,False
1791358028067676284,,960,bird_eye,0,0,False,0.0,no_alert,9130222823406097446,2831,1791358028067926976,-14.901073024,False
1791358028111873557,,961,bird_eye,0,0,False,0.0,no_alert,9130222823406097446,2834,1791358028112199671,-14.856800329,False
1791358028134249762,,962,bird_eye,0,0,False,0.0,no_alert,9130222823406097446,2835,1791358028134425390,-14.83457461,False
1791358028183610594,,963,bird_eye,0,0,False,0.0,no_alert,9130222823406097446,2837,1791358028183937765,-14.785062235,False
1791358028201499201,,964,bird_eye,0,0,False,0.0,no_alert,9130222823406097446,2838,1791358028201629475,-14.767370525,False
1791358028236454526,,965,bird_eye,0,0,False,0.0,no_alert,9130222823406097446,2840,1791358028236651253,-14.732348747,False
1791358028273181959,,966,bird_eye,0,0,False,0.0,no_alert,9130222823406097446,2841,1791358028273411861,-14.695588139,False
1791358028302462576,,967,bird_eye,0,0,False,0.0,no_alert,9130222823406097446,2843,1791358028302607181,-14.666392819,False
1791358028335711442,,968,bird_eye,0,0,False,0.0,no_alert,9130222823406097446,2845,1791358028335927759,-14.633072241,False
1791358028370708678,,969,bird_eye,0,0,False,0.0,no_alert,9130222823406097446,2847,1791358028371041902,-14.597958098,False
1791358028403713072,,970,bird_eye,0,0,False,0.0,no_alert,9130222823406097446,2848,1791358028403956728,-14.565043272,False
1791358028436479848,,971,bird_eye,0,0,False,0.0,no_alert,9130222823406097446,2850,1791358028436750242,-14.532249758,False
1791358028470085835,,972,bird_eye,0,0,False,0.0,no_alert,9130222823406097446,2852,1791358028470292989,-14.498707011,False
1791358028503484721,,973,bird_eye,0,0,False,0.0,no_alert,9130222823406097446,2853,1791358028503594788,-14.465405212,False
1791358028535347164,,974,bird_eye,0,0,False,0.0,no_alert,9130222823406097446,2855,1791358028535486526,-14.433513474,False
1791358028572030711,,975,bird_eye,0,0,False,0.0,no_alert,9130222823406097446,2857,1791358028572259889,-14.396740111,False
1791358028604338839,,976,bird_eye,0,0,False,0.0,no_alert,9130222823406097446,2858,1791358028604442917,-14.364557083,False
1791358028640349405,,977,bird_eye,0,0,False,0.0,no_alert,9130222823406097446,2860,1791358028640563653,-14.328436347,False
1791358028668847208,,978,bird_eye,0,0,False,0.0,no_alert,9130222823406097446,2862,1791358028669077461,-14.299922539,False
1791358028701615202,,979,bird_eye,0,0,False,0.0,no_alert,9130222823406097446,2863,1791358028701768975,-14.267231025,False
1791358028733967025,,980,bird_eye,0,0,False,0.0,no_alert,9130222823406097446,2865,1791358028734209197,-14.234790803,False
1791358028772526845,,981,bird_eye,0,0,False,0.0,no_alert,9130222823406097446,2867,1791358028772766398,-14.196233602,False
1791358028801886618,,982,bird_eye,0,0,False,0.0,no_alert,9130222823406097446,2868,1791358028802035854,-14.166964146,False
1791358028836495430,,983,bird_eye,0,0,False,0.0,no_alert,9130222823406097446,2870,1791358028836692933,-14.132307067,False
1791358028868374105,,984,bird_eye,0,0,False,0.0,no_alert,9130222823406097446,2872,1791358028868556114,-14.100443886,False
1791358028911854744,,985,bird_eye,0,0,False,0.0,no_alert,9130222823406097446,2874,1791358028912278280,-14.05672172,False
1791358028936518136,,986,bird_eye,0,0,False,0.0,no_alert,9130222823406097446,2875,1791358028936642890,-14.03235711,False
1791358028971355487,,987,bird_eye,0,0,False,0.0,no_alert,9130222823406097446,2877,1791358028971450052,-13.997549948,False
1791358029015889269,,988,bird_eye,0,0,False,0.0,no_alert,9130222823406097446,2879,1791358029016059571,-13.952940429,False
1791358029035906272,,989,bird_eye,0,0,False,0.0,no_alert,9130222823406097446,2880,1791358029036248685,-13.932751315,False
1791358029070413420,,990,bird_eye,0,0,False,0.0,no_alert,9130222823406097446,2882,1791358029070701561,-13.898298439,False
1791358029104085212,,991,bird_eye,0,0,False,0.0,no_alert,9130222823406097446,2883,1791358029104296168,-13.864703832,False
1791358029139805881,,992,bird_eye,0,0,False,0.0,no_alert,9130222823406097446,2885,1791358029140007305,-13.828992695,False
1791358029175497234,,993,bird_eye,0,0,False,0.0,no_alert,9130222823406097446,2887,1791358029175731013,-13.793268987,False
1791358029211508252,,994,bird_eye,0,0,False,0.0,no_alert,9130222823406097446,2889,1791358029211817508,-13.757182492,False
1791358029238204567,,995,bird_eye,0,0,False,0.0,no_alert,9130222823406097446,2890,1791358029238298039,-13.730701961,False
1791358029281602078,,996,bird_eye,0,0,False,0.0,no_alert,9130222823406097446,2892,1791358029281782338,-13.687217662,False
1791358029300206781,,997,bird_eye,0,0,False,0.0,no_alert,9130222823406097446,2893,1791358029300373514,-13.668626486,False
1791358029334619151,,998,bird_eye,0,0,False,0.0,no_alert,9130222823406097446,2895,1791358029334796175,-13.634203825,False
1791358029369424049,,999,bird_eye,0,0,False,0.0,no_alert,9130222823406097446,2897,1791358029369519584,-13.599480416,False
1791358029402443632,,1000,bird_eye,0,0,False,0.0,no_alert,9130222823406097446,2898,1791358029402594824,-13.566405176,False
1791358029434407206,,1001,bird_eye,0,0,False,0.0,no_alert,9130222823406097446,2900,1791358029434578545,-13.534421455,False
1791358029468827831,,1002,bird_eye,0,0,False,0.0,no_alert,9130222823406097446,2902,1791358029468974207,-13.500025793,False
1791358029502536045,,1003,bird_eye,0,0,False,0.0,no_alert,9130222823406097446,2903,1791358029502769029,-13.466230971,False
1791358029535307308,,1004,bird_eye,0,0,False,0.0,no_alert,9130222823406097446,2905,1791358029535406564,-13.433593436,False
1791358029569592104,,1005,bird_eye,0,0,False,0.0,no_alert,9130222823406097446,2907,1791358029569722774,-13.399277226,False
1791358029602287097,,1006,bird_eye,0,0,False,0.0,no_alert,9130222823406097446,2908,1791358029602419430,-13.36658057,False
1791358029668471885,,1007,bird_eye,0,0,False,0.0,no_alert,9130222823406097446,2912,1791358029668601601,-13.300398399,False
1791358029743085121,,1008,bird_eye,0,0,False,0.0,no_alert,9130222823406097446,2915,1791358029743274242,-13.225725758,False
1791358029767156120,,1009,bird_eye,0,0,False,0.0,no_alert,9130222823406097446,2917,1791358029767303016,-13.201696984,False
1791358029803305899,,1010,bird_eye,0,0,False,0.0,no_alert,9130222823406097446,2918,1791358029803435505,-13.165564495,False
1791358029835685175,,1011,bird_eye,0,0,False,0.0,no_alert,9130222823406097446,2920,1791358029835865759,-13.133134241,False
1791358029868354889,,1012,bird_eye,0,0,False,0.0,no_alert,9130222823406097446,2922,1791358029868471760,-13.10052824,False
1791358029902648379,,1013,bird_eye,0,0,False,0.0,no_alert,9130222823406097446,2923,1791358029902769779,-13.066230221,False
1791358029934464602,,1014,bird_eye,0,0,False,0.0,no_alert,9130222823406097446,2925,1791358029934625035,-13.034374965,False
1791358029977432319,,1015,bird_eye,0,0,False,0.0,no_alert,9130222823406097446,2927,1791358029977607734,-12.991392266,False
1791358030005582554,,1016,bird_eye,0,0,False,0.0,no_alert,9130222823406097446,2929,1791358030005705643,-12.963294357,False
1791358030034782402,,1017,bird_eye,0,0,False,0.0,no_alert,9130222823406097446,2930,1791358030034908081,-12.934091919,False
1791358030068550316,,1018,bird_eye,0,0,False,0.0,no_alert,9130222823406097446,2932,1791358030068633143,-12.900366857,False
1791358030102100441,,1019,bird_eye,0,0,False,0.0,no_alert,9130222823406097446,2933,1791358030102246651,-12.866753349,False
1791358030140647135,,1020,bird_eye,0,0,False,0.0,no_alert,9130222823406097446,2935,1791358030140823063,-12.828176937,False
1791358030168549213,,1021,bird_eye,0,0,False,0.0,no_alert,9130222823406097446,2936,1791358030168699822,-12.800300178,False
1791358030204573834,,1022,bird_eye,0,0,False,0.0,no_alert,9130222823406097446,2938,1791358030204709017,-12.764290983,False
1791358030241038859,,1023,bird_eye,0,0,False,0.0,no_alert,9130222823406097446,2940,1791358030241174278,-12.727825722,False
1791358030266982099,,1024,bird_eye,0,0,False,0.0,no_alert,9130222823406097446,2941,1791358030267157308,-12.701842692,False
1791358030303013175,,1025,bird_eye,0,0,False,0.0,no_alert,9130222823406097446,2943,1791358030303218366,-12.665781634,False
1791358030334425548,,1026,bird_eye,0,0,False,0.0,no_alert,9130222823406097446,2945,1791358030334611856,-12.634388144,False
1791358030368731649,,1027,bird_eye,0,0,False,0.0,no_alert,9130222823406097446,2947,1791358030368889260,-12.60011074,False
1791358030401656278,,1028,bird_eye,0,0,False,0.0,no_alert,9130222823406097446,2948,1791358030401786349,-12.567213651,False
1791358030434571155,,1029,bird_eye,0,0,False,0.0,no_alert,9130222823406097446,2950,1791358030434736624,-12.534263376,False
1791358030468395912,,1030,bird_eye,0,0,False,0.0,no_alert,9130222823406097446,2952,1791358030468595083,-12.500404917,False
1791358030501342342,,1031,bird_eye,0,0,False,0.0,no_alert,9130222823406097446,2953,1791358030501497145,-12.467502855,False
1791358030537027095,,1032,bird_eye,0,0,False,0.0,no_alert,9130222823406097446,2954,1791358030537163129,-12.431836871,False
1791358030567309837,,1033,bird_eye,0,0,False,0.0,no_alert,9130222823406097446,2957,1791358030567451633,-12.401548367,False
1791358030602360598,,1034,bird_eye,0,0,False,0.0,no_alert,9130222823406097446,2958,1791358030602565065,-12.366434935,False
1791358030633488980,,1035,bird_eye,0,0,False,0.0,no_alert,9130222823406097446,2960,1791358030633696693,-12.335303307,False
1791358030675246107,,1036,bird_eye,0,0,False,0.0,no_alert,9130222823406097446,2962,1791358030675405932,-12.293594068,False
1791358030707785075,,1037,bird_eye,0,0,False,0.0,no_alert,9130222823406097446,2964,1791358030707923926,-12.261076074,False
1791358030735542199,,1038,bird_eye,0,0,False,0.0,no_alert,9130222823406097446,2965,1791358030735824324,-12.233175676,False
1791358030767695256,,1039,bird_eye,0,0,False,0.0,no_alert,9130222823406097446,2967,1791358030767858662,-12.201141338,False
1791358030801853586,,1040,bird_eye,0,0,False,0.0,no_alert,9130222823406097446,2968,1791358030802031705,-12.166968295,False
1791358030835204985,,1041,bird_eye,0,0,False,0.0,no_alert,9130222823406097446,2970,1791358030835390274,-12.133609726,False
1791358030869032181,,1042,bird_eye,0,0,False,0.0,no_alert,9130222823406097446,2972,1791358030869257676,-12.099742324,False
1791358030909479127,,1043,bird_eye,0,0,False,0.0,no_alert,9130222823406097446,2974,1791358030909662943,-12.059337057,False
1791358030935486041,,1044,bird_eye,0,0,False,0.0,no_alert,9130222823406097446,2975,1791358030935597729,-12.033402271,False
1791358030974745621,,1045,bird_eye,0,0,False,0.0,no_alert,9130222823406097446,2977,1791358030975103587,-11.993896413,False
1791358030999687518,,1046,bird_eye,0,0,False,0.0,no_alert,9130222823406097446,2978,1791358030999872862,-11.969127138,False
1791358031035624494,,1047,bird_eye,0,0,False,0.0,no_alert,9130222823406097446,2980,1791358031035778917,-11.933221083,False
1791358031068520417,,1048,bird_eye,0,0,False,0.0,no_alert,9130222823406097446,2982,1791358031068684059,-11.900315941,False
1791358031101570109,,1049,bird_eye,0,0,False,0.0,no_alert,9130222823406097446,2983,1791358031101822727,-11.867177273,False
1791358031148338810,,1050,bird_eye,0,0,False,0.0,no_alert,9130222823406097446,2986,1791358031148705845,-11.820294155,False
1791358031172601270,,1051,bird_eye,0,0,False,0.0,no_alert,9130222823406097446,2987,1791358031172711349,-11.796288651,False
1791358031207019934,,1052,bird_eye,0,0,False,0.0,no_alert,9130222823406097446,2989,1791358031207124975,-11.761875025,False
1791358031235396755,,1053,bird_eye,0,0,False,0.0,no_alert,9130222823406097446,2990,1791358031235565949,-11.733434051,False
1791358031309254827,,1054,bird_eye,0,0,False,0.0,no_alert,9130222823406097446,2994,1791358031309413886,-11.659586114,False
1791358031375043084,,1055,bird_eye,0,0,False,0.0,no_alert,9130222823406097446,2997,1791358031375265524,-11.593734476,False
1791358031401612230,,1056,bird_eye,0,0,False,0.0,no_alert,9130222823406097446,2998,1791358031401813825,-11.567186175,False
1791358031439802006,,1057,bird_eye,0,0,False,0.0,no_alert,9130222823406097446,3000,1791358031440092637,-11.528907363,False
1791358031472672301,,1058,bird_eye,0,0,False,0.0,no_alert,9130222823406097446,3002,1791358031472881660,-11.49611834,False
1791358031504104170,,1059,bird_eye,0,0,False,0.0,no_alert,9130222823406097446,3003,1791358031504331856,-11.464668144,False
1791358031546856667,,1060,bird_eye,0,0,False,0.0,no_alert,9130222823406097446,3005,1791358031547009603,-11.421990397,False
1791358031568808783,,1061,bird_eye,0,0,False,0.0,no_alert,9130222823406097446,3007,1791358031568952545,-11.400047455,False
1791358031603904024,,1062,bird_eye,0,0,False,0.0,no_alert,9130222823406097446,3008,1791358031604065717,-11.364934283,False
1791358031638567741,,1063,bird_eye,0,0,False,0.0,no_alert,9130222823406097446,3010,1791358031638727932,-11.330272068,False
1791358031672761596,,1064,bird_eye,0,0,False,0.0,no_alert,9130222823406097446,3012,1791358031673002498,-11.295997502,False
1791358031712261509,,1065,bird_eye,0,0,False,0.0,no_alert,9130222823406097446,3014,1791358031712635980,-11.25636402,False
1791358031741742805,,1066,bird_eye,0,0,False,0.0,no_alert,9130222823406097446,3015,1791358031741941112,-11.227058888,False
1791358031778090949,,1067,bird_eye,0,0,False,0.0,no_alert,9130222823406097446,3017,1791358031778226260,-11.19077374,False
1791358031809426570,,1068,bird_eye,0,0,False,0.0,no_alert,9130222823406097446,3019,1791358031809592461,-11.159407539,False
1791358031837782278,,1069,bird_eye,0,0,False,0.0,no_alert,9130222823406097446,3020,1791358031837925599,-11.131074401,False
1791358031878005396,,1070,bird_eye,0,0,False,0.0,no_alert,9130222823406097446,3022,1791358031878320170,-11.09067983,False
1791358031899909844,,1071,bird_eye,0,0,False,0.0,no_alert,9130222823406097446,3023,1791358031900070740,-11.06892926,False
1791358031947621893,,1072,bird_eye,0,0,False,0.0,no_alert,9130222823406097446,3026,1791358031947872045,-11.021127955,False
1791358031966126815,,1073,bird_eye,0,0,False,0.0,no_alert,9130222823406097446,3027,1791358031966261380,-11.00273862,False
1791358032003424753,,1074,bird_eye,0,0,False,0.0,no_alert,9130222823406097446,3028,1791358032003657931,-10.965342069,False
1791358032042807774,,1075,bird_eye,0,0,False,0.0,no_alert,9130222823406097446,3030,1791358032043113160,-10.92588684,False
1791358032067508557,,1076,bird_eye,0,0,False,0.0,no_alert,9130222823406097446,3032,1791358032067681112,-10.901318888,False
1791358032103496665,,1077,bird_eye,0,0,False,0.0,no_alert,9130222823406097446,3033,1791358032103795905,-10.865204095,False
1791358032138859079,,1078,bird_eye,0,0,False,0.0,no_alert,9130222823406097446,3035,1791358032138980178,-10.830019822,False
1791358032168429896,,1079,bird_eye,0,0,False,0.0,no_alert,9130222823406097446,3037,1791358032168577179,-10.800422821,False
1791358032203659284,,1080,bird_eye,0,0,False,0.0,no_alert,9130222823406097446,3038,1791358032203881527,-10.765118473,False
1791358032235579346,,1081,bird_eye,0,0,False,0.0,no_alert,9130222823406097446,3040,1791358032235834370,-10.73316563,False
1791358032268858037,,1082,bird_eye,0,0,False,0.0,no_alert,9130222823406097446,3041,1791358032269116746,-10.699883254,False
1791358032303181090,,1083,bird_eye,0,0,False,0.0,no_alert,9130222823406097446,3043,1791358032303488769,-10.665511231,False
1791358032337195853,,1084,bird_eye,0,0,False,0.0,no_alert,9130222823406097446,3045,1791358032337595915,-10.631404085,False
1791358032377170762,,1085,bird_eye,0,0,False,0.0,no_alert,9130222823406097446,3047,1791358032377366348,-10.591633652,False
1791358032408418280,,1086,bird_eye,0,0,False,0.0,no_alert,9130222823406097446,3049,1791358032408522593,-10.560477407,False
1791358032435553668,,1087,bird_eye,0,0,False,0.0,no_alert,9130222823406097446,3050,1791358032435649479,-10.533350521,False
1791358032470115784,,1088,bird_eye,0,0,False,0.0,no_alert,9130222823406097446,3051,1791358032470213218,-10.498786782,False
1791358032501464517,,1089,bird_eye,0,0,False,0.0,no_alert,9130222823406097446,3053,1791358032501557753,-10.467442247,False
1791358032535519237,,1090,bird_eye,0,0,False,0.0,no_alert,9130222823406097446,3055,1791358032535615300,-10.4333847,False
1791358032569313648,,1091,bird_eye,0,0,False,0.0,no_alert,9130222823406097446,3057,1791358032569411199,-10.399588801,False
1791358032602489752,,1092,bird_eye,0,0,False,0.0,no_alert,9130222823406097446,3058,1791358032602588373,-10.366411627,False
1791358032635749259,,1093,bird_eye,0,0,False,0.0,no_alert,9130222823406097446,3060,1791358032635847224,-10.333152776,False
1791358032669352395,,1094,bird_eye,0,0,False,0.0,no_alert,9130222823406097446,3062,1791358032669446997,-10.299553003,False
1791358032703190974,,1095,bird_eye,0,0,False,0.0,no_alert,9130222823406097446,3063,1791358032703292519,-10.265707481,False
1791358032736429753,,1096,bird_eye,0,0,False,0.0,no_alert,9130222823406097446,3065,1791358032736527994,-10.232472006,False
1791358032770055481,,1097,bird_eye,0,0,False,0.0,no_alert,9130222823406097446,3067,1791358032770281378,-10.198718622,False
1791358032802255819,,1098,bird_eye,0,0,False,0.0,no_alert,9130222823406097446,3068,1791358032802355241,-10.166644759,False
1791358032844448108,,1099,bird_eye,0,0,False,0.0,no_alert,9130222823406097446,3070,1791358032844564231,-10.124435769,False
1791358032868848620,,1100,bird_eye,0,0,False,0.0,no_alert,9130222823406097446,3072,1791358032868951747,-10.100048253,False
1791358032902234260,,1101,bird_eye,0,0,False,0.0,no_alert,9130222823406097446,3073,1791358032902332147,-10.066667853,False
1791358032943064588,,1102,bird_eye,0,0,False,0.0,no_alert,9130222823406097446,3075,1791358032943376407,-10.025623593,False
1791358032968437736,,1103,bird_eye,0,0,False,0.0,no_alert,9130222823406097446,3077,1791358032968617586,-10.000382414,False
1791358033005424586,,1104,bird_eye,0,0,False,0.0,no_alert,9130222823406097446,3079,1791358033005514975,-9.963485025,False
1791358033038109729,,1105,bird_eye,0,0,False,0.0,no_alert,9130222823406097446,3080,1791358033038350266,-9.930649734,False
1791358033071190042,,1106,bird_eye,0,0,False,0.0,no_alert,9130222823406097446,3082,1791358033071416831,-9.897583169,False
1791358033119447587,,1107,bird_eye,0,0,False,0.0,no_alert,9130222823406097446,3084,1791358033119962066,-9.849037934,False
1791358033142704747,,1108,bird_eye,0,0,False,0.0,no_alert,9130222823406097446,3085,1791358033142963199,-9.826036801,False
1791358033183283218,,1109,bird_eye,0,0,False,0.0,no_alert,9130222823406097446,3087,1791358033183625749,-9.785374251,False
1791358033208169521,,1110,bird_eye,0,0,False,0.0,no_alert,9130222823406097446,3089,1791358033208315205,-9.760684795,False
1791358033240873999,,1111,bird_eye,0,0,False,0.0,no_alert,9130222823406097446,3090,1791358033241104173,-9.727895827,False
1791358033275976742,,1112,bird_eye,0,0,False,0.0,no_alert,9130222823406097446,3092,1791358033276229534,-9.692770466,False
1791358033304030869,,1113,bird_eye,0,0,False,0.0,no_alert,9130222823406097446,3093,1791358033304185615,-9.664814385,False
1791358033337845497,,1114,bird_eye,0,0,False,0.0,no_alert,9130222823406097446,3095,1791358033338064334,-9.630935666,False
1791358033368501617,,1115,bird_eye,0,0,False,0.0,no_alert,9130222823406097446,3097,1791358033368782069,-9.600217931,False
1791358033403500848,,1116,bird_eye,0,0,False,0.0,no_alert,9130222823406097446,3098,1791358033403636644,-9.565363356,False
1791358033438703960,,1117,bird_eye,0,0,False,0.0,no_alert,9130222823406097446,3100,1791358033438809084,-9.530190916,False
1791358033467406403,,1118,bird_eye,0,0,False,0.0,no_alert,9130222823406097446,3102,1791358033467544429,-9.501455571,False
1791358033502547792,,1119,bird_eye,0,0,False,0.0,no_alert,9130222823406097446,3103,1791358033502642490,-9.46635751,False
1791358033537651851,,1120,bird_eye,0,0,False,0.0,no_alert,9130222823406097446,3105,1791358033537789922,-9.431210078,False
1791358033569831054,,1121,bird_eye,0,0,False,0.0,no_alert,9130222823406097446,3107,1791358033569984788,-9.399015212,False
1791358033611550849,,1122,bird_eye,0,0,False,0.0,no_alert,9130222823406097446,3109,1791358033611779597,-9.357220403,False
1791358033634472158,,1123,bird_eye,0,0,False,0.0,no_alert,9130222823406097446,3110,1791358033634643928,-9.334356072,False
1791358033669825341,,1124,bird_eye,0,0,False,0.0,no_alert,9130222823406097446,3112,1791358033669975487,-9.299024513,False
1791358033710464537,,1125,bird_eye,0,0,False,0.0,no_alert,9130222823406097446,3114,1791358033710590778,-9.258409222,False
1791358033735610119,,1126,bird_eye,0,0,False,0.0,no_alert,9130222823406097446,3115,1791358033735771857,-9.233228143,False
1791358033771716371,,1127,bird_eye,0,0,False,0.0,no_alert,9130222823406097446,3117,1791358033771818917,-9.197181083,False
1791358033802593647,,1128,bird_eye,0,0,False,0.0,no_alert,9130222823406097446,3118,1791358033802696619,-9.166303381,False
1791358033842893308,,1129,bird_eye,0,0,False,0.0,no_alert,9130222823406097446,3120,1791358033843066085,-9.125933915,False
1791358033874066007,,1130,bird_eye,0,0,False,0.0,no_alert,9130222823406097446,3122,1791358033874264214,-9.094735786,False
1791358033903640231,,1131,bird_eye,0,0,False,0.0,no_alert,9130222823406097446,3123,1791358033903884845,-9.065115155,False
1791358033937919842,,1132,bird_eye,0,0,False,0.0,no_alert,9130222823406097446,3125,1791358033938100433,-9.030899567,False
1791358033974961774,,1133,bird_eye,0,0,False,0.0,no_alert,9130222823406097446,3127,1791358033975233118,-8.993766882,False
1791358034002042784,,1134,bird_eye,0,0,False,0.0,no_alert,9130222823406097446,3128,1791358034002227601,-8.966772399,False
1791358034037784556,,1135,bird_eye,0,0,False,0.0,no_alert,9130222823406097446,3130,1791358034037925939,-8.931074061,False
1791358034069229481,,1136,bird_eye,0,0,False,0.0,no_alert,9130222823406097446,3132,1791358034069413579,-8.899586421,False
1791358034102700985,,1137,bird_eye,0,0,False,0.0,no_alert,9130222823406097446,3133,1791358034102802258,-8.866197742,False
1791358034136057560,,1138,bird_eye,0,0,False,0.0,no_alert,9130222823406097446,3135,1791358034136146887,-8.832853113,False
1791358034168845519,,1139,bird_eye,0,0,False,0.0,no_alert,9130222823406097446,3137,1791358034169050233,-8.799949767,False
1791358034204497336,,1140,bird_eye,0,0,False,0.0,no_alert,9130222823406097446,3138,1791358034204697838,-8.764302162,False
1791358034235950090,,1141,bird_eye,0,0,False,0.0,no_alert,9130222823406097446,3140,1791358034236136152,-8.732863848,False
1791358034279560781,,1142,bird_eye,0,0,False,0.0,no_alert,9130222823406097446,3142,1791358034279872567,-8.689127433,False
1791358034303999704,,1143,bird_eye,0,0,False,0.0,no_alert,9130222823406097446,3143,1791358034304116655,-8.664883345,False
1791358034339976700,,1144,bird_eye,0,0,False,0.0,no_alert,9130222823406097446,3145,1791358034340190054,-8.628809946,False
1791358034376732014,,1145,bird_eye,0,0,False,0.0,no_alert,9130222823406097446,3147,1791358034376940370,-8.59205963,False
1791358034405193434,,1146,bird_eye,0,0,False,0.0,no_alert,9130222823406097446,3148,1791358034405426552,-8.563573448,False
1791358034437715624,,1147,bird_eye,0,0,False,0.0,no_alert,9130222823406097446,3150,1791358034437876734,-8.531123266,False
1791358034477231520,,1148,bird_eye,0,0,False,0.0,no_alert,9130222823406097446,3152,1791358034477387965,-8.491612035,False
1791358034503809902,,1149,bird_eye,0,0,False,0.0,no_alert,9130222823406097446,3153,1791358034503969676,-8.465030324,False
1791358034537666532,,1150,bird_eye,0,0,False,0.0,no_alert,9130222823406097446,3155,1791358034537875619,-8.431124381,False
1791358034570014088,,1151,bird_eye,0,0,False,0.0,no_alert,9130222823406097446,3157,1791358034570136338,-8.398863662,False
1791358034605108784,,1152,bird_eye,0,0,False,0.0,no_alert,9130222823406097446,3158,1791358034605381656,-8.363618344,False
1791358034639736614,,1153,bird_eye,0,0,False,0.0,no_alert,9130222823406097446,3160,1791358034639924725,-8.329075275,False
1791358034668783199,,1154,bird_eye,0,0,False,0.0,no_alert,9130222823406097446,3162,1791358034669176271,-8.299823729,False
1791358034716016135,,1155,bird_eye,0,0,False,0.0,no_alert,9130222823406097446,3164,1791358034716353566,-8.252646434,False
1791358034744092141,,1156,bird_eye,0,0,False,0.0,no_alert,9130222823406097446,3165,1791358034744206154,-8.224793846,False
1791358034768747076,,1157,bird_eye,0,0,False,0.0,no_alert,9130222823406097446,3167,1791358034768903607,-8.200096393,False
1791358034804948721,,1158,bird_eye,0,0,False,0.0,no_alert,9130222823406097446,3169,1791358034805211858,-8.163788142,False
1791358034837509958,,1159,bird_eye,0,0,False,0.0,no_alert,9130222823406097446,3170,1791358034837704494,-8.131295506,False
1791358034870460554,,1160,bird_eye,0,0,False,0.0,no_alert,9130222823406097446,3172,1791358034870792419,-8.098207581,False
1791358034905013243,,1161,bird_eye,0,0,False,0.0,no_alert,9130222823406097446,3173,1791358034905283667,-8.063716333,False
1791358034937111379,,1162,bird_eye,0,0,False,0.0,no_alert,9130222823406097446,3175,1791358034937359147,-8.031640853,False
1791358034979219563,,1163,bird_eye,0,0,False,0.0,no_alert,9130222823406097446,3177,1791358034979802373,-7.989197627,False
1791358035006797475,,1164,bird_eye,0,0,False,0.0,no_alert,9130222823406097446,3179,1791358035006911895,-7.962088105,False
1791358035038974025,,1165,bird_eye,0,0,False,0.0,no_alert,9130222823406097446,3180,1791358035039140177,-7.929859823,False
1791358035069459261,,1166,bird_eye,0,0,False,0.0,no_alert,9130222823406097446,3182,1791358035069671251,-7.899328749,False
1791358035106294480,,1167,bird_eye,0,0,False,0.0,no_alert,9130222823406097446,3183,1791358035106474348,-7.862525652,False
1791358035136814902,,1168,bird_eye,0,0,False,0.0,no_alert,9130222823406097446,3185,1791358035136920861,-7.832079139,False
1791358035170365006,,1169,bird_eye,0,0,False,0.0,no_alert,9130222823406097446,3187,1791358035170461248,-7.798538752,False
1791358035204230632,,1170,bird_eye,0,0,False,0.0,no_alert,9130222823406097446,3188,1791358035204359570,-7.76464043,False
1791358035238139693,,1171,bird_eye,0,0,False,0.0,no_alert,9130222823406097446,3190,1791358035238237231,-7.730762769,False
1791358035269753967,,1172,bird_eye,0,0,False,0.0,no_alert,9130222823406097446,3192,1791358035269965839,-7.699034161,False
1791358035304128275,,1173,bird_eye,0,0,False,0.0,no_alert,9130222823406097446,3193,1791358035304275039,-7.664724961,False
1791358035337103971,,1174,bird_eye,0,0,False,0.0,no_alert,9130222823406097446,3195,1791358035337311830,-7.63168817,False
1791358035373603325,,1175,bird_eye,0,0,False,0.0,no_alert,9130222823406097446,3197,1791358035373714128,-7.595285872,False
1791358035402775568,,1176,bird_eye,0,0,False,0.0,no_alert,9130222823406097446,3198,1791358035402925639,-7.566074361,False
1791358035438816934,,1177,bird_eye,0,0,False,0.0,no_alert,9130222823406097446,3200,1791358035438907870,-7.53009213,False
1791358035470610511,,1178,bird_eye,0,0,False,0.0,no_alert,9130222823406097446,3202,1791358035470792791,-7.498207209,False
1791358035504232104,,1179,bird_eye,0,0,False,0.0,no_alert,9130222823406097446,3203,1791358035504476150,-7.46452385,False
1791358035541081177,,1180,bird_eye,0,0,False,0.0,no_alert,9130222823406097446,3205,1791358035541258737,-7.427741263,False
1791358035568935252,,1181,bird_eye,0,0,False,0.0,no_alert,9130222823406097446,3207,1791358035569073010,-7.39992699,False
1791358035602928451,,1182,bird_eye,0,0,False,0.0,no_alert,9130222823406097446,3208,1791358035603206834,-7.365793166,False
1791358035636969420,,1183,bird_eye,0,0,False,0.0,no_alert,9130222823406097446,3210,1791358035637172004,-7.331827996,False
1791358035671457244,,1184,bird_eye,0,0,False,0.0,no_alert,9130222823406097446,3212,1791358035671651887,-7.297348113,False
1791358035704483215,,1185,bird_eye,0,0,False,0.0,no_alert,9130222823406097446,3213,1791358035704651723,-7.264348277,False
1791358035736830626,,1186,bird_eye,0,0,False,0.0,no_alert,9130222823406097446,3215,1791358035736973805,-7.232026195,False
1791358035771085820,,1187,bird_eye,0,0,False,0.0,no_alert,9130222823406097446,3217,1791358035771323535,-7.197676465,False
1791358035803121505,,1188,bird_eye,0,0,False,0.0,no_alert,9130222823406097446,3218,1791358035803384800,-7.1656152,False
1791358035837050229,,1189,bird_eye,0,0,False,0.0,no_alert,9130222823406097446,3220,1791358035837454841,-7.131545159,False
1791358035869803739,,1190,bird_eye,0,0,False,0.0,no_alert,9130222823406097446,3222,1791358035870032219,-7.098967781,False
1791358035903086928,,1191,bird_eye,0,0,False,0.0,no_alert,9130222823406097446,3223,1791358035903307870,-7.06569213,False
1791358035937021362,,1192,bird_eye,0,0,False,0.0,no_alert,9130222823406097446,3225,1791358035937262304,-7.031737696,False
1791358035970525313,,1193,bird_eye,0,0,False,0.0,no_alert,9130222823406097446,3227,1791358035970733401,-6.998266599,False
1791358036003446789,,1194,bird_eye,0,0,False,0.0,no_alert,9130222823406097446,3228,1791358036003717795,-6.965282205,False
1791358036036564881,,1195,bird_eye,0,0,False,0.0,no_alert,9130222823406097446,3230,1791358036036700673,-6.932299327,False
1791358036073386532,,1196,bird_eye,0,0,False,0.0,no_alert,9130222823406097446,3232,1791358036073568193,-6.895431807,False
1791358036103070627,,1197,bird_eye,0,0,False,0.0,no_alert,9130222823406097446,3233,1791358036103345698,-6.865654302,False
1791358036139636009,,1198,bird_eye,0,0,False,0.0,no_alert,9130222823406097446,3235,1791358036139949803,-6.829050197,False
1791358036170004760,,1199,bird_eye,0,0,False,0.0,no_alert,9130222823406097446,3237,1791358036170219386,-6.798780614,False
1791358036202571024,,1200,bird_eye,0,0,False,0.0,no_alert,9130222823406097446,3238,1791358036202939525,-6.766060475,False
1791358036236569747,,1201,bird_eye,0,0,False,0.0,no_alert,9130222823406097446,3240,1791358036236792305,-6.732207695,False
1791358036269613949,,1202,bird_eye,0,0,False,0.0,no_alert,9130222823406097446,3242,1791358036269801385,-6.699198615,False
1791358036304108594,,1203,bird_eye,0,0,False,0.0,no_alert,9130222823406097446,3243,1791358036304255177,-6.664744823,False
1791358036338788844,,1204,bird_eye,0,0,False,0.0,no_alert,9130222823406097446,3245,1791358036338976831,-6.630023169,False
1791358036371418889,,1205,bird_eye,0,0,False,0.0,no_alert,9130222823406097446,3247,1791358036371556553,-6.597443447,False
1791358036402794759,,1206,bird_eye,0,0,False,0.0,no_alert,9130222823406097446,3248,1791358036402978456,-6.566021544,False
1791358036438126344,,1207,bird_eye,0,0,False,0.0,no_alert,9130222823406097446,3250,1791358036438288121,-6.530711879,False
1791358036470597356,,1208,bird_eye,0,0,False,0.0,no_alert,9130222823406097446,3252,1791358036470982069,-6.498017931,False
1791358036504235786,,1209,bird_eye,0,0,False,0.0,no_alert,9130222823406097446,3253,1791358036504544607,-6.464455393,False
1791358036543372585,,1210,bird_eye,0,0,False,0.0,no_alert,9130222823406097446,3255,1791358036543592107,-6.425407893,False
1791358036572070174,,1211,bird_eye,0,0,False,0.0,no_alert,9130222823406097446,3257,1791358036572375163,-6.396624837,False
1791358036604911298,,1212,bird_eye,0,0,False,0.0,no_alert,9130222823406097446,3259,1791358036605088625,-6.363911375,False
1791358036636419342,,1213,bird_eye,0,0,False,0.0,no_alert,9130222823406097446,3260,1791358036636744795,-6.332255205,False
1791358036672564034,,1214,bird_eye,0,0,False,0.0,no_alert,9130222823406097446,3262,1791358036672670015,-6.296329985,False
1791358036704864452,,1215,bird_eye,0,0,False,0.0,no_alert,9130222823406097446,3263,1791358036705016236,-6.263983764,False
1791358036736226959,,1216,bird_eye,0,0,False,0.0,no_alert,9130222823406097446,3265,1791358036736538880,-6.23246112,False
1791358036778908643,,1217,bird_eye,0,0,False,0.0,no_alert,9130222823406097446,3267,1791358036779108095,-6.189891905,False
1791358036802971182,,1218,bird_eye,0,0,False,0.0,no_alert,9130222823406097446,3268,1791358036803151661,-6.165848339,False
1791358036845915107,,1219,bird_eye,0,0,False,0.0,no_alert,9130222823406097446,3271,1791358036846179831,-6.122820169,False
1791358036872007489,,1220,bird_eye,0,0,False,0.0,no_alert,9130222823406097446,3272,1791358036872125171,-6.096874829,False
1791358036902589492,,1221,bird_eye,0,0,False,0.0,no_alert,9130222823406097446,3273,1791358036902804026,-6.066195974,False
1791358036938207168,,1222,bird_eye,0,0,False,0.0,no_alert,9130222823406097446,3275,1791358036938539241,-6.030460759,False
1791358036970931873,,1223,bird_eye,0,0,False,0.0,no_alert,9130222823406097446,3277,1791358036971448760,-5.99755124,False
1791358037008065836,,1224,bird_eye,0,0,False,0.0,no_alert,9130222823406097446,3279,1791358037008232344,-5.960767656,False
1791358037036278286,,1225,bird_eye,0,0,False,0.0,no_alert,9130222823406097446,3280,1791358037036643941,-5.932356059,False
1791358037070133323,,1226,bird_eye,0,0,False,0.0,no_alert,9130222823406097446,3282,1791358037070408629,-5.898591371,False
1791358037104231447,,1227,bird_eye,0,0,False,0.0,no_alert,9130222823406097446,3283,1791358037104484352,-5.864515648,False
1791358037138511292,,1228,bird_eye,0,0,False,0.0,no_alert,9130222823406097446,3285,1791358037138729252,-5.830270748,False
1791358037169185239,,1229,bird_eye,0,0,False,0.0,no_alert,9130222823406097446,3287,1791358037169486507,-5.799513493,False
1791358037205134579,,1230,bird_eye,0,0,False,0.0,no_alert,9130222823406097446,3289,1791358037205352393,-5.763647607,False
1791358037243194570,,1231,bird_eye,0,0,False,0.0,no_alert,9130222823406097446,3290,1791358037243365582,-5.725634418,False
1791358037269008578,,1232,bird_eye,0,0,False,0.0,no_alert,9130222823406097446,3292,1791358037269186177,-5.699813823,False
1791358037306007753,,1233,bird_eye,0,0,False,0.0,no_alert,9130222823406097446,3293,1791358037306178056,-5.662821944,False
1791358037335867406,,1234,bird_eye,0,0,False,0.0,no_alert,9130222823406097446,3295,1791358037336055877,-5.632944123,False
1791358037369716415,,1235,bird_eye,0,0,False,0.0,no_alert,9130222823406097446,3297,1791358037369971747,-5.599028253,False
1791358037405127779,,1236,bird_eye,0,0,False,0.0,no_alert,9130222823406097446,3299,1791358037405471734,-5.563528266,False
1791358037439447127,,1237,bird_eye,0,0,False,0.0,no_alert,9130222823406097446,3300,1791358037439760770,-5.52923923,False
1791358037477135421,,1238,bird_eye,0,0,False,0.0,no_alert,9130222823406097446,3302,1791358037477333634,-5.491666366,False
1791358037500658664,,1239,bird_eye,0,0,False,0.0,no_alert,9130222823406097446,3303,1791358037500904369,-5.468095631,False
1791358037534424503,,1240,bird_eye,0,0,False,0.0,no_alert,9130222823406097446,3305,1791358037534649407,-5.434350593,False
1791358037568867876,,1241,bird_eye,0,0,False,0.0,no_alert,9130222823406097446,3307,1791358037569247842,-5.399752158,False
1791358037603191584,,1242,bird_eye,0,0,False,0.0,no_alert,9130222823406097446,3308,1791358037603544596,-5.365455404,False
1791358037641437393,,1243,bird_eye,0,0,False,0.0,no_alert,9130222823406097446,3310,1791358037641622964,-5.327377036,False
1791358037674401759,,1244,bird_eye,0,0,False,0.0,no_alert,9130222823406097446,3312,1791358037674546158,-5.294453842,False
1791358037739820257,,1246,bird_eye,0,0,False,0.0,no_alert,9130222823406097446,3315,1791358037740055348,-5.228944652,False
1791358037770018877,,1247,bird_eye,0,0,False,0.0,no_alert,9130222823406097446,3317,1791358037770497383,-5.198502617,False
1791358037810437866,,1248,bird_eye,0,0,False,0.0,no_alert,9130222823406097446,3319,1791358037810721449,-5.158278551,False
1791358037841777758,,1249,bird_eye,0,0,False,0.0,no_alert,9130222823406097446,3320,1791358037841923601,-5.127076399,False
1791358037878058292,,1250,bird_eye,0,0,False,0.0,no_alert,9130222823406097446,3322,1791358037878262254,-5.090737746,False
1791358037900319985,,1251,bird_eye,0,0,False,0.0,no_alert,9130222823406097446,3323,1791358037900604035,-5.068395965,False
1791358037944500293,,1252,bird_eye,0,0,False,0.0,no_alert,9130222823406097446,3325,1791358037944797494,-5.024202506,False
1791358037968593570,,1253,bird_eye,0,0,False,0.0,no_alert,9130222823406097446,3327,1791358037968841983,-5.000158017,False
1791358038009580722,,1254,bird_eye,0,0,False,0.0,no_alert,9130222823406097446,3329,1791358038009756623,-4.959243377,False
1791358038035431723,,1255,bird_eye,0,0,False,0.0,no_alert,9130222823406097446,3330,1791358038035727736,-4.933272264,False
1791358038068681520,,1256,bird_eye,0,0,False,0.0,no_alert,9130222823406097446,3332,1791358038069008054,-4.899991946,False
1791358038100773907,,1257,bird_eye,0,0,False,0.0,no_alert,9130222823406097446,3333,1791358038101377169,-4.867622831,False
1791358038137235174,,1258,bird_eye,0,0,False,0.0,no_alert,9130222823406097446,3335,1791358038137485876,-4.831514124,False
1791358038175335404,,1259,bird_eye,0,0,False,0.0,no_alert,9130222823406097446,3337,1791358038175568062,-4.793431938,False
1791358038204350690,,1260,bird_eye,0,0,False,0.0,no_alert,9130222823406097446,3338,1791358038204640467,-4.764359533,False
1791358038236795108,,1261,bird_eye,0,0,False,0.0,no_alert,9130222823406097446,3340,1791358038237164782,-4.731835218,False
1791358038270285908,,1262,bird_eye,0,0,False,0.0,no_alert,9130222823406097446,3342,1791358038270692517,-4.698307483,False
1791358038302229170,,1263,bird_eye,0,0,False,0.0,no_alert,9130222823406097446,3343,1791358038302410848,-4.666589152,False
1791358038334739495,,1264,bird_eye,0,0,False,0.0,no_alert,9130222823406097446,3345,1791358038334826868,-4.634173132,False
1791358038367392318,,1265,bird_eye,0,0,False,0.0,no_alert,9130222823406097446,3347,1791358038367521527,-4.601478473,False
1791358038401405854,,1266,bird_eye,0,0,False,0.0,no_alert,9130222823406097446,3348,1791358038401502850,-4.56749715,False
1791358038434205313,,1267,bird_eye,0,0,False,0.0,no_alert,9130222823406097446,3350,1791358038434347489,-4.534652511,False
1791358038470719845,,1268,bird_eye,0,0,False,0.0,no_alert,9130222823406097446,3352,1791358038471068118,-4.497931882,False
1791358038501558823,,1269,bird_eye,0,0,False,0.0,no_alert,9130222823406097446,3353,1791358038501785056,-4.467214944,False
1791358038536843324,,1270,bird_eye,0,0,False,0.0,no_alert,9130222823406097446,3355,1791358038537111956,-4.431888044,False
1791358038567011373,,1271,bird_eye,0,0,False,0.0,no_alert,9130222823406097446,3357,1791358038567210458,-4.401789542,False
1791358038601426554,,1272,bird_eye,0,0,False,0.0,no_alert,9130222823406097446,3358,1791358038601576359,-4.367423641,False
1791358038675746338,,1273,bird_eye,0,0,False,0.0,no_alert,9130222823406097446,3362,1791358038675933320,-4.29306668,False
1791358038741340267,,1274,bird_eye,0,0,False,0.0,no_alert,9130222823406097446,3365,1791358038741515622,-4.227484378,False
1791358038767225947,,1275,bird_eye,0,0,False,0.0,no_alert,9130222823406097446,3367,1791358038767314094,-4.201685906,False
1791358038800696822,,1276,bird_eye,0,0,False,0.0,no_alert,9130222823406097446,3368,1791358038800853017,-4.168146983,False
1791358038838802191,,1277,bird_eye,0,0,False,0.0,no_alert,9130222823406097446,3370,1791358038839104124,-4.129895876,False
1791358038868286582,,1278,bird_eye,0,0,False,0.0,no_alert,9130222823406097446,3372,1791358038868369708,-4.100630292,False
1791358038902602476,,1279,bird_eye,0,0,False,0.0,no_alert,9130222823406097446,3373,1791358038903026672,-4.065973328,False
1791358038934053052,,1280,bird_eye,0,0,False,0.0,no_alert,9130222823406097446,3375,1791358038934240176,-4.034759824,False
1791358038966358097,,1281,bird_eye,0,0,False,0.0,no_alert,9130222823406097446,3377,1791358038966456911,-4.002543089,False
1791358039002313989,,1282,bird_eye,0,0,False,0.0,no_alert,9130222823406097446,3378,1791358039002451508,-3.966548492,False
1791358039034439939,,1283,bird_eye,0,0,False,0.0,no_alert,9130222823406097446,3380,1791358039034588708,-3.934411292,False
1791358039078831692,,1284,bird_eye,0,0,False,0.0,no_alert,9130222823406097446,3382,1791358039079015856,-3.889984144,False
1791358039101496127,,1285,bird_eye,0,0,False,0.0,no_alert,9130222823406097446,3383,1791358039101594128,-3.867405872,False
1791358039146810359,,1286,bird_eye,0,0,False,0.0,no_alert,9130222823406097446,3386,1791358039147027156,-3.821972844,False
1791358039168397159,,1287,bird_eye,0,0,False,0.0,no_alert,9130222823406097446,3387,1791358039168490729,-3.800509271,False
1791358039209800182,,1288,bird_eye,0,0,False,0.0,no_alert,9130222823406097446,3389,1791358039209936483,-3.759063517,False
1791358039234113126,,1289,bird_eye,0,0,False,0.0,no_alert,9130222823406097446,3390,1791358039234235596,-3.734764404,False
1791358039274698115,,1290,bird_eye,0,0,False,0.0,no_alert,9130222823406097446,3392,1791358039274943341,-3.694056659,False
1791358039300219625,,1291,bird_eye,0,0,False,0.0,no_alert,9130222823406097446,3393,1791358039300324443,-3.668675557,False
1791358039335388960,,1292,bird_eye,0,0,False,0.0,no_alert,9130222823406097446,3395,1791358039335486697,-3.633513303,False
1791358039367640143,,1293,bird_eye,0,0,False,0.0,no_alert,9130222823406097446,3397,1791358039367838080,-3.60116192,False
1791358039401571902,,1294,bird_eye,0,0,False,0.0,no_alert,9130222823406097446,3398,1791358039401721801,-3.567278199,False
1791358039435742171,,1295,bird_eye,0,0,False,0.0,no_alert,9130222823406097446,3400,1791358039435883925,-3.533116075,False
1791358039469055921,,1296,bird_eye,0,0,False,0.0,no_alert,9130222823406097446,3402,1791358039469334593,-3.499665407,False
1791358039505018743,,1297,bird_eye,0,0,False,0.0,no_alert,9130222823406097446,3403,1791358039505239400,-3.4637606,False
1791358039534698234,,1298,bird_eye,0,0,False,0.0,no_alert,9130222823406097446,3405,1791358039534870743,-3.434129257,False
1791358039568527034,,1299,bird_eye,0,0,False,0.0,no_alert,9130222823406097446,3407,1791358039568630167,-3.400369833,False
1791358039600535957,,1300,bird_eye,0,0,False,0.0,no_alert,9130222823406097446,3408,1791358039600728771,-3.368271229,False
1791358039633451839,,1301,bird_eye,0,0,False,0.0,no_alert,9130222823406097446,3410,1791358039633652963,-3.335347037,False
1791358039667316017,,1302,bird_eye,0,0,False,0.0,no_alert,9130222823406097446,3412,1791358039667518375,-3.301481625,False
1791358039699773278,,1303,bird_eye,0,0,False,0.0,no_alert,9130222823406097446,3413,1791358039699901397,-3.269098603,False
1791358039734355090,,1304,bird_eye,0,0,False,0.0,no_alert,9130222823406097446,3415,1791358039734524103,-3.234475897,False
1791358039772124190,,1305,bird_eye,0,0,False,0.0,no_alert,9130222823406097446,3417,1791358039772349050,-3.19665095,False
1791358039816054401,,1306,bird_eye,0,0,False,0.0,no_alert,9130222823406097446,3419,1791358039816314569,-3.152685431,False
1791358039834945303,,1307,bird_eye,0,0,False,0.0,no_alert,9130222823406097446,3420,1791358039835046351,-3.133953649,False
1791358039869413159,,1308,bird_eye,0,0,False,0.0,no_alert,9130222823406097446,3422,1791358039869572556,-3.099427444,False
1791358039904701947,,1309,bird_eye,0,0,False,0.0,no_alert,9130222823406097446,3423,1791358039904952869,-3.064047131,False
1791358039937646420,,1310,bird_eye,0,0,False,0.0,no_alert,9130222823406097446,3425,1791358039937758072,-3.031241928,False
1791358039979414814,,1311,bird_eye,0,0,False,0.0,no_alert,9130222823406097446,3427,1791358039979718892,-2.989281108,False
1791358040000690737,,1312,bird_eye,0,0,False,0.0,no_alert,9130222823406097446,3428,1791358040000898507,-2.968101493,False
1791358040038039476,,1313,bird_eye,0,0,False,0.0,no_alert,9130222823406097446,3430,1791358040038243151,-2.930756849,False
1791358040067896219,,1314,bird_eye,0,0,False,0.0,no_alert,9130222823406097446,3432,1791358040068057428,-2.900942572,False
1791358040102868194,,1315,bird_eye,0,0,False,0.0,no_alert,9130222823406097446,3433,1791358040103016618,-2.865983382,False
1791358040137837409,,1316,bird_eye,0,0,False,0.0,no_alert,9130222823406097446,3435,1791358040138029368,-2.830970632,False
1791358040168301074,,1317,bird_eye,0,0,False,0.0,no_alert,9130222823406097446,3437,1791358040168483124,-2.800516876,False
1791358040203982648,,1318,bird_eye,0,0,False,0.0,no_alert,9130222823406097446,3438,1791358040204122177,-2.764877823,False
1791358040234636218,,1319,bird_eye,0,0,False,0.0,no_alert,9130222823406097446,3440,1791358040234943399,-2.734056601,False
1791358040277891010,,1320,bird_eye,0,0,False,0.0,no_alert,9130222823406097446,3442,1791358040278216785,-2.690783215,False
1791358040301925764,,1321,bird_eye,0,0,False,0.0,no_alert,9130222823406097446,3443,1791358040302219817,-2.666780183,False
1791358040348268803,,1322,bird_eye,0,0,False,0.0,no_alert,9130222823406097446,3446,1791358040348590982,-2.620409018,False
1791358040370306296,,1323,bird_eye,0,0,False,0.0,no_alert,9130222823406097446,3447,1791358040370476149,-2.598523851,False
1791358040403206243,,1324,bird_eye,0,0,False,0.0,no_alert,9130222823406097446,3448,1791358040403515001,-2.565484999,False
1791358040451679943,,1325,bird_eye,0,0,False,0.0,no_alert,9130222823406097446,3451,1791358040452186269,-2.516813731,False
1791358040476612025,,1326,bird_eye,0,0,False,0.0,no_alert,9130222823406097446,3452,1791358040477078744,-2.491921256,False
1791358040508322297,,1327,bird_eye,0,0,False,0.0,no_alert,9130222823406097446,3454,1791358040508510101,-2.460489899,False
1791358040551616688,,1328,bird_eye,0,0,False,0.0,no_alert,9130222823406097446,3456,1791358040551968129,-2.417031871,False
1791358040583831778,,1329,bird_eye,0,0,False,0.0,no_alert,9130222823406097446,3457,1791358040583994906,-2.385005094,False
1791358040600967824,,1330,bird_eye,0,0,False,0.0,no_alert,9130222823406097446,3458,1791358040601082230,-2.36791777,False
1791358040637482045,,1331,bird_eye,0,0,False,0.0,no_alert,9130222823406097446,3460,1791358040637641394,-2.331358606,False
1791358040682244432,,1332,bird_eye,0,0,False,0.0,no_alert,9130222823406097446,3462,1791358040682454173,-2.286545827,False
1791358040699868768,,1333,bird_eye,0,0,False,0.0,no_alert,9130222823406097446,3463,1791358040700112745,-2.268887255,False
1791358040734804994,,1334,bird_eye,0,0,False,0.0,no_alert,9130222823406097446,3465,1791358040734963650,-2.23403635,False
1791358040766804048,,1335,bird_eye,0,0,False,0.0,no_alert,9130222823406097446,3467,1791358040766943005,-2.202056995,False
1791358040799482049,,1336,bird_eye,0,0,False,0.0,no_alert,9130222823406097446,3468,1791358040799692321,-2.169307679,False
1791358040834941299,,1337,bird_eye,0,0,False,0.0,no_alert,9130222823406097446,3470,1791358040835143416,-2.133856584,False
1791358040867942083,,1338,bird_eye,0,0,False,0.0,no_alert,9130222823406097446,3471,1791358040868093251,-2.100906749,False
1791358040902243395,,1339,bird_eye,0,0,False,0.0,no_alert,9130222823406097446,3473,1791358040902447116,-2.066552884,False
1791358040934705973,,1340,bird_eye,0,0,False,0.0,no_alert,9130222823406097446,3475,1791358040934930631,-2.034069369,False
1791358040974321250,,1341,bird_eye,0,0,False,0.0,no_alert,9130222823406097446,3477,1791358040974581208,-1.994418792,False
1791358041005583353,,1342,bird_eye,0,0,False,0.0,no_alert,9130222823406097446,3479,1791358041005728218,-1.963271782,False
1791358041041602092,,1343,bird_eye,0,0,False,0.0,no_alert,9130222823406097446,3480,1791358041041795334,-1.927204666,False
1791358041071564597,,1344,bird_eye,0,0,False,0.0,no_alert,9130222823406097446,3482,1791358041071775703,-1.897224297,False
1791358041106614128,,1345,bird_eye,0,0,False,0.0,no_alert,9130222823406097446,3484,1791358041106833289,-1.862166711,False
1791358041133723301,,1346,bird_eye,0,0,False,0.0,no_alert,9130222823406097446,3485,1791358041133946054,-1.835053946,False
1791358041171244712,,1347,bird_eye,0,0,False,0.0,no_alert,9130222823406097446,3487,1791358041171352223,-1.797647777,False
1791358041208856745,,1348,bird_eye,0,0,False,0.0,no_alert,9130222823406097446,3489,1791358041209053507,-1.759946493,False
1791358041232394343,,1349,bird_eye,0,0,False,0.0,no_alert,9130222823406097446,3490,1791358041232549713,-1.736450287,False
1791358041266709468,,1350,bird_eye,0,0,False,0.0,no_alert,9130222823406097446,3492,1791358041266871056,-1.702128944,False
1791358041306558256,,1351,bird_eye,0,0,False,0.0,no_alert,9130222823406097446,3494,1791358041306771053,-1.662228947,False
1791358041335979350,,1352,bird_eye,0,0,False,0.0,no_alert,9130222823406097446,3495,1791358041336367319,-1.632632681,False
1791358041372264624,,1353,bird_eye,0,0,False,0.0,no_alert,9130222823406097446,3497,1791358041372606379,-1.596393621,False
1791358041402898812,,1354,bird_eye,0,0,False,0.0,no_alert,9130222823406097446,3498,1791358041403269933,-1.565730067,False
1791358041439130106,,1355,bird_eye,0,0,False,0.0,no_alert,9130222823406097446,3500,1791358041439338740,-1.52966126,False
1791358041471193278,,1356,bird_eye,0,0,False,0.0,no_alert,9130222823406097446,3502,1791358041471477175,-1.497522825,False
1791358041505959922,,1357,bird_eye,0,0,False,0.0,no_alert,9130222823406097446,3504,1791358041506179830,-1.46282017,False
1791358041533716649,,1358,bird_eye,0,0,False,0.0,no_alert,9130222823406097446,3505,1791358041533795123,-1.435204877,False
1791358041568492402,,1359,bird_eye,0,0,False,0.0,no_alert,9130222823406097446,3507,1791358041568655393,-1.400344607,False
1791358041602667071,,1360,bird_eye,0,0,False,0.0,no_alert,9130222823406097446,3508,1791358041602753263,-1.366246737,False
1791358041634812886,,1361,bird_eye,0,0,False,0.0,no_alert,9130222823406097446,3510,1791358041634981279,-1.334018721,False
1791358041669505177,,1362,bird_eye,0,0,False,0.0,no_alert,9130222823406097446,3512,1791358041669650506,-1.299349494,False
1791358041702824190,,1363,bird_eye,0,0,False,0.0,no_alert,9130222823406097446,3513,1791358041702942252,-1.266057748,False
1791358041734543798,,1364,bird_eye,0,0,False,0.0,no_alert,9130222823406097446,3515,1791358041734697000,-1.234303,False
1791358041769305048,,1365,bird_eye,0,0,False,0.0,no_alert,9130222823406097446,3517,1791358041769394368,-1.199605632,False
1791358041812893903,,1366,bird_eye,0,0,False,0.0,no_alert,9130222823406097446,3519,1791358041813215785,-1.155784215,False
1791358041834769904,,1367,bird_eye,0,0,False,0.0,no_alert,9130222823406097446,3520,1791358041834998249,-1.134001751,False
1791358041872891542,,1368,bird_eye,0,0,False,0.0,no_alert,9130222823406097446,3522,1791358041873095600,-1.0959044,False
1791358041905430077,,1369,bird_eye,0,0,False,0.0,no_alert,9130222823406097446,3524,1791358041905608656,-1.063391344,False
1791358041940790636,,1370,bird_eye,0,0,False,0.0,no_alert,9130222823406097446,3525,1791358041940894094,-1.028105906,False
1791358041974276923,,1371,bird_eye,0,0,False,0.0,no_alert,9130222823406097446,3527,1791358041974404679,-0.994595321,False
1791358042001475964,,1372,bird_eye,0,0,False,0.0,no_alert,9130222823406097446,3528,1791358042001583849,-0.967416151,False
1791358042041463335,,1373,bird_eye,0,0,False,0.0,no_alert,9130222823406097446,3530,1791358042041619732,-0.927380268,False
1791358042073696740,,1374,bird_eye,0,0,False,0.0,no_alert,9130222823406097446,3532,1791358042073814358,-0.895185642,False
1791358042107265574,,1375,bird_eye,0,0,False,0.0,no_alert,9130222823406097446,3534,1791358042107364657,-0.861635343,False
1791358042142235940,,1376,bird_eye,0,0,False,0.0,no_alert,9130222823406097446,3535,1791358042142406679,-0.826593321,False
1791358042169572260,,1377,bird_eye,0,0,False,0.0,no_alert,9130222823406097446,3537,1791358042169690533,-0.799309467,False
1791358042209560462,,1378,bird_eye,0,0,False,0.0,no_alert,9130222823406097446,3539,1791358042209767584,-0.759232416,False
1791358042237989198,,1379,bird_eye,0,0,False,0.0,no_alert,9130222823406097446,3540,1791358042238095682,-0.730904318,False
1791358042275232933,,1380,bird_eye,0,0,False,0.0,no_alert,9130222823406097446,3542,1791358042275390481,-0.693609519,False
1791358042300497263,,1381,bird_eye,0,0,False,0.0,no_alert,9130222823406097446,3543,1791358042300678796,-0.668321204,False
1791358042335710259,,1382,bird_eye,0,0,False,0.0,no_alert,9130222823406097446,3545,1791358042335920181,-0.633079819,False
1791358042371655305,,1383,bird_eye,0,0,False,0.0,no_alert,9130222823406097446,3547,1791358042371901985,-0.597098015,False
1791358042405184165,,1384,bird_eye,0,0,False,0.0,no_alert,9130222823406097446,3549,1791358042405409975,-0.563590025,False
1791358042436528315,,1385,bird_eye,0,0,False,0.0,no_alert,9130222823406097446,3550,1791358042436672569,-0.532327431,False
1791358042475620426,,1386,bird_eye,0,0,False,0.0,no_alert,9130222823406097446,3552,1791358042475828528,-0.493171472,False
1791358042506128836,,1387,bird_eye,0,0,False,0.0,no_alert,9130222823406097446,3553,1791358042506317682,-0.462682318,False
1791358042543108429,,1388,bird_eye,0,0,False,0.0,no_alert,9130222823406097446,3555,1791358042543225831,-0.425774169,False
1791358042567723354,,1389,bird_eye,0,0,False,0.0,no_alert,9130222823406097446,3557,1791358042567958689,-0.401041311,False
1791358042603757422,,1390,bird_eye,0,0,False,0.0,no_alert,9130222823406097446,3558,1791358042603956586,-0.365043414,False
1791358042640315776,,1391,bird_eye,0,0,False,0.0,no_alert,9130222823406097446,3560,1791358042640519534,-0.328480466,False
1791358042669956461,,1392,bird_eye,0,0,False,0.0,no_alert,9130222823406097446,3562,1791358042670237451,-0.298762549,False
1791358042704711038,,1393,bird_eye,0,0,False,0.0,no_alert,9130222823406097446,3564,1791358042704793425,-0.264206575,False
1791358042735574217,,1394,bird_eye,0,0,False,0.0,no_alert,9130222823406097446,3565,1791358042735724423,-0.233275577,False
1791358042773390078,,1395,bird_eye,0,0,False,0.0,no_alert,9130222823406097446,3567,1791358042773508994,-0.195491006,False
1791358042807799161,,1396,bird_eye,0,0,False,0.0,no_alert,9130222823406097446,3569,1791358042808020680,-0.16097932,False
1791358042844766686,,1397,bird_eye,0,0,False,0.0,no_alert,9130222823406097446,3571,1791358042845118063,-0.123881937,False
1791358042869398681,,1398,bird_eye,0,0,False,0.0,no_alert,9130222823406097446,3572,1791358042869523622,-0.099476378,False
1791358042904973552,,1399,bird_eye,0,0,False,0.0,no_alert,9130222823406097446,3573,1791358042905064177,-0.063935823,False
1791358042941484790,,1400,bird_eye,0,0,False,0.0,no_alert,9130222823406097446,3575,1791358042941741878,-0.027258122,False
1791358042965636820,,1401,bird_eye,0,0,False,0.0,no_alert,9130222823406097446,3577,1791358042965831403,-0.003168597,False
1791358043002234251,,1402,bird_eye,0,0,False,0.0,no_alert,9130222823406097446,3578,1791358043002446072,0.033446072,True
1791358043033444837,,1403,bird_eye,0,0,False,0.0,no_alert,9130222823406097446,3580,1791358043033665257,0.064665257,True
1791358043065940219,,1404,bird_eye,0,0,False,0.0,no_alert,9130222823406097446,3582,1791358043066039207,0.097039207,True
1791358043100951095,,1405,bird_eye,0,0,False,0.0,no_alert,9130222823406097446,3583,1791358043101089486,0.132089486,True
1791358043133785920,,1406,bird_eye,0,0,False,0.0,no_alert,9130222823406097446,3585,1791358043133977575,0.164977575,True
1791358043166940374,,1407,bird_eye,0,0,False,0.0,no_alert,9130222823406097446,3587,1791358043167126188,0.198126188,True
1791358043200306387,,1408,bird_eye,0,0,False,0.0,no_alert,9130222823406097446,3588,1791358043200527816,0.231527816,True
1791358043233756662,,1409,bird_eye,0,0,False,0.0,no_alert,9130222823406097446,3590,1791358043233978108,0.264978108,True
1791358043266831832,,1410,bird_eye,0,0,False,0.0,no_alert,9130222823406097446,3592,1791358043267011543,0.298011543,True
1791358043301057967,,1411,bird_eye,0,0,False,0.0,no_alert,9130222823406097446,3593,1791358043301239177,0.332239177,True
1791358043333477755,,1412,bird_eye,0,0,False,0.0,no_alert,9130222823406097446,3595,1791358043333711392,0.364711392,True
1791358043367212651,,1413,bird_eye,0,0,False,0.0,no_alert,9130222823406097446,3597,1791358043367355089,0.398355089,True
1791358043400973677,,1414,bird_eye,0,0,False,0.0,no_alert,9130222823406097446,3598,1791358043401122571,0.432122571,True
1791358043433415532,,1415,bird_eye,0,0,False,0.0,no_alert,9130222823406097446,3600,1791358043433504580,0.46450458,True
1791358043467321540,,1416,bird_eye,0,0,False,0.0,no_alert,9130222823406097446,3602,1791358043467509444,0.498509444,True
1791358043500740559,,1417,bird_eye,0,0,False,0.0,no_alert,9130222823406097446,3603,1791358043500928971,0.531928971,True
1791358043535558590,,1418,bird_eye,0,0,False,0.0,no_alert,9130222823406097446,3605,1791358043535700737,0.566700737,True
1791358043576689479,,1419,bird_eye,0,0,False,0.0,no_alert,9130222823406097446,3607,1791358043576847949,0.607847949,True
1791358043608405458,,1420,bird_eye,0,0,False,0.0,no_alert,9130222823406097446,3609,1791358043608826429,0.639826429,True
1791358043636511479,,1421,bird_eye,0,0,False,0.0,no_alert,9130222823406097446,3610,1791358043636701583,0.667701583,True
1791358043666374709,,1422,bird_eye,0,0,False,0.0,no_alert,9130222823406097446,3612,1791358043666585212,0.697585212,True
1791358043700760640,,1423,bird_eye,0,0,False,0.0,no_alert,9130222823406097446,3613,1791358043701033076,0.732033076,True
1791358043734888115,,1424,bird_eye,0,0,False,0.0,no_alert,9130222823406097446,3615,1791358043735145749,0.766145749,True
1791358043768086386,,1425,bird_eye,0,0,False,0.0,no_alert,9130222823406097446,3617,1791358043768242678,0.799242678,True
1791358043802852842,,1426,bird_eye,0,0,False,0.0,no_alert,9130222823406097446,3618,1791358043803002032,0.834002032,True
1791358043834316019,,1427,bird_eye,0,0,False,0.0,no_alert,9130222823406097446,3620,1791358043834677387,0.865677387,True
1791358043869498768,,1428,bird_eye,0,0,False,0.0,no_alert,9130222823406097446,3622,1791358043869652447,0.900652447,True
1791358043912665595,,1429,bird_eye,0,0,False,0.0,no_alert,9130222823406097446,3624,1791358043913025196,0.944025196,True
1791358043948884060,,1430,bird_eye,0,0,False,0.0,no_alert,9130222823406097446,3626,1791358043949030259,0.980030259,True
1791358043980869768,,1431,bird_eye,0,0,False,0.0,no_alert,9130222823406097446,3627,1791358043981012941,1.012012941,True
1791358044016987038,,1432,bird_eye,0,0,False,0.0,no_alert,9130222823406097446,3629,1791358044017318159,1.048318159,True
1791358044047991357,,1433,bird_eye,0,0,False,0.0,no_alert,9130222823406097446,3631,1791358044048130709,1.079130709,True
1791358044081729359,,1434,bird_eye,0,0,False,0.0,no_alert,9130222823406097446,3632,1791358044081876994,1.112876994,True
1791358044111305262,,1435,bird_eye,0,0,False,0.0,no_alert,9130222823406097446,3634,1791358044111472608,1.142472608,True
1791358044154299706,,1436,bird_eye,0,0,False,0.0,no_alert,9130222823406097446,3636,1791358044154624617,1.185624617,True
1791358044185831358,,1437,bird_eye,0,0,False,0.0,no_alert,9130222823406097446,3638,1791358044186153624,1.217153624,True
1791358044213080992,,1438,bird_eye,0,0,False,0.0,no_alert,9130222823406097446,3639,1791358044213260688,1.244260688,True
1791358044239613476,,1439,bird_eye,0,0,False,0.0,no_alert,9130222823406097446,3640,1791358044239821744,1.270821744,True
1791358044269537422,,1440,bird_eye,0,0,False,0.0,no_alert,9130222823406097446,3642,1791358044269800257,1.300800257,True
1791358044306749987,,1441,bird_eye,0,0,False,0.0,no_alert,9130222823406097446,3644,1791358044307018565,1.338018565,True
1791358044336091087,,1442,bird_eye,0,0,False,0.0,no_alert,9130222823406097446,3645,1791358044336313033,1.367313033,True
1791358044374024934,,1443,bird_eye,0,0,False,0.0,no_alert,9130222823406097446,3647,1791358044374212859,1.405212859,True
1791358044403592234,,1444,bird_eye,0,0,False,0.0,no_alert,9130222823406097446,3648,1791358044403692060,1.43469206,True
1791358044434392250,,1445,bird_eye,0,0,False,0.0,no_alert,9130222823406097446,3650,1791358044434490136,1.465490136,True
1791358044467668194,,1446,bird_eye,0,0,False,0.0,no_alert,9130222823406097446,3652,1791358044467815739,1.498815739,True
1791358044504203558,,1447,bird_eye,0,0,False,0.0,no_alert,9130222823406097446,3653,1791358044504501611,1.535501611,True
1791358044535803792,,1448,bird_eye,0,0,False,0.0,no_alert,9130222823406097446,3655,1791358044535980542,1.566980542,True
1791358044569460345,,1449,bird_eye,0,0,False,0.0,no_alert,9130222823406097446,3657,1791358044569590673,1.600590673,True
1791358044600488078,,1450,bird_eye,0,0,False,0.0,no_alert,9130222823406097446,3658,1791358044600661604,1.631661604,True
1791358044633990714,,1451,bird_eye,0,0,False,0.0,no_alert,9130222823406097446,3660,1791358044634195312,1.665195312,True
1791358044668382130,,1452,bird_eye,0,0,False,0.0,no_alert,9130222823406097446,3661,1791358044668487599,1.699487599,True
1791358044701616400,,1453,bird_eye,0,0,False,0.0,no_alert,9130222823406097446,3663,1791358044701784233,1.732784233,True
1791358044735038343,,1454,bird_eye,0,0,False,0.0,no_alert,9130222823406097446,3665,1791358044735214729,1.766214729,True
1791358044776071120,,1455,bird_eye,0,0,False,0.0,no_alert,9130222823406097446,3667,1791358044776313019,1.807313019,True
1791358044805621645,,1456,bird_eye,0,0,False,0.0,no_alert,9130222823406097446,3668,1791358044805758208,1.836758208,True
1791358044835329850,,1457,bird_eye,0,0,False,0.0,no_alert,9130222823406097446,3670,1791358044835470780,1.86647078,True
1791358044867252083,,1458,bird_eye,0,0,False,0.0,no_alert,9130222823406097446,3672,1791358044867402472,1.898402472,True
1791358044900542717,,1459,bird_eye,0,0,False,0.0,no_alert,9130222823406097446,3673,1791358044900896984,1.931896984,True
1791358044934155877,,1460,bird_eye,0,0,False,0.0,no_alert,9130222823406097446,3675,1791358044934478203,1.965478203,True
1791358044967814389,,1461,bird_eye,0,0,False,0.0,no_alert,9130222823406097446,3676,1791358044968041327,1.999041327,True
1791358045001352334,,1462,bird_eye,0,0,False,0.0,no_alert,9130222823406097446,3678,1791358045001682683,2.032682683,True
1791358045036370714,,1463,bird_eye,0,0,False,0.0,no_alert,9130222823406097446,3680,1791358045036691323,2.067691323,True
1791358045068035584,,1464,bird_eye,0,0,False,0.0,no_alert,9130222823406097446,3682,1791358045068401737,2.099401737,True
1791358045101742735,,1465,bird_eye,0,0,False,0.0,no_alert,9130222823406097446,3683,1791358045102038976,2.133038976,True
1791358045135968745,,1466,bird_eye,0,0,False,0.0,no_alert,9130222823406097446,3685,1791358045136190914,2.167190914,True
1791358045168807374,,1467,bird_eye,0,0,False,0.0,no_alert,9130222823406097446,3686,1791358045169082482,2.200082482,True
1791358045202747775,,1468,bird_eye,0,0,False,0.0,no_alert,9130222823406097446,3688,1791358045203018676,2.234018676,True
1791358045235538463,,1469,bird_eye,0,0,False,0.0,no_alert,9130222823406097446,3690,1791358045235822406,2.266822406,True
1791358045269606602,,1470,bird_eye,0,0,False,0.0,no_alert,9130222823406097446,3692,1791358045269892757,2.300892757,True
1791358045302670954,,1471,bird_eye,0,0,False,0.0,no_alert,9130222823406097446,3693,1791358045302876474,2.333876474,True
1791358045336856786,,1472,bird_eye,0,0,False,0.0,no_alert,9130222823406097446,3695,1791358045337200518,2.368200518,True
1791358045369373672,,1473,bird_eye,0,0,False,0.0,no_alert,9130222823406097446,3696,1791358045369691487,2.400691487,True
1791358045402387089,,1474,bird_eye,0,0,False,0.0,no_alert,9130222823406097446,3698,1791358045402635797,2.433635797,True
1791358045436497863,,1475,bird_eye,0,0,False,0.0,no_alert,9130222823406097446,3700,1791358045436831632,2.467831632,True
1791358045469091697,,1476,bird_eye,0,0,False,0.0,no_alert,9130222823406097446,3701,1791358045469379067,2.500379067,True
1791358045502932285,,1477,bird_eye,0,0,False,0.0,no_alert,9130222823406097446,3703,1791358045503131715,2.534131715,True
1791358045534895985,,1478,bird_eye,0,0,False,0.0,no_alert,9130222823406097446,3704,1791358045535109151,2.566109151,True
1791358045568958868,,1479,bird_eye,0,0,False,0.0,no_alert,9130222823406097446,3707,1791358045569256371,2.600256371,True
1791358045601818627,,1480,bird_eye,0,0,False,0.0,no_alert,9130222823406097446,3708,1791358045602074948,2.633074948,True
1791358045634947082,,1481,bird_eye,0,0,False,0.0,no_alert,9130222823406097446,3710,1791358045635264662,2.666264662,True
1791358045669744840,,1482,bird_eye,0,0,False,0.0,no_alert,9130222823406097446,3712,1791358045670045241,2.701045241,True
1791358045701393788,,1483,bird_eye,0,0,False,0.0,no_alert,9130222823406097446,3713,1791358045701763987,2.732763987,True
1791358045735846807,,1484,bird_eye,0,0,False,0.0,no_alert,9130222823406097446,3715,1791358045736029102,2.767029102,True
1791358045768639245,,1485,bird_eye,0,0,False,0.0,no_alert,9130222823406097446,3717,1791358045768818147,2.799818147,True
1791358045802630015,,1486,bird_eye,0,0,False,0.0,no_alert,9130222823406097446,3718,1791358045802832922,2.833832922,True
1791358045835821024,,1487,bird_eye,0,0,False,0.0,no_alert,9130222823406097446,3720,1791358045835994851,2.866994851,True
1791358045869272942,,1488,bird_eye,0,0,False,0.0,no_alert,9130222823406097446,3722,1791358045869521009,2.900521009,True
1791358045902627925,,1489,bird_eye,0,0,False,0.0,no_alert,9130222823406097446,3723,1791358045902855090,2.93385509,True
1791358045935457935,,1490,bird_eye,0,0,False,0.0,no_alert,9130222823406097446,3725,1791358045935613678,2.966613678,True
1791358045968564305,,1491,bird_eye,0,0,False,0.0,no_alert,9130222823406097446,3727,1791358045968917082,2.999917082,True
1791358046002036794,,1492,bird_eye,0,0,False,0.0,no_alert,9130222823406097446,3728,1791358046002200183,3.033200183,True
1791358046035388506,,1493,bird_eye,0,0,False,0.0,no_alert,9130222823406097446,3730,1791358046035700123,3.066700123,True
1791358046068332196,,1494,bird_eye,0,0,False,0.0,no_alert,9130222823406097446,3731,1791358046068665869,3.099665869,True
1791358046102348153,,1495,bird_eye,0,0,False,0.0,no_alert,9130222823406097446,3733,1791358046102652015,3.133652015,True
1791358046134807051,,1496,bird_eye,0,0,False,0.0,no_alert,9130222823406097446,3735,1791358046135106730,3.16610673,True
1791358046168500595,,1497,bird_eye,0,0,False,0.0,no_alert,9130222823406097446,3737,1791358046168893506,3.199893506,True
1791358046200796830,,1498,bird_eye,0,0,False,0.0,no_alert,9130222823406097446,3738,1791358046201168782,3.232168782,True
1791358046234367293,,1499,bird_eye,0,0,False,0.0,no_alert,9130222823406097446,3740,1791358046234730289,3.265730289,True
1791358046269113638,,1500,bird_eye,0,0,False,0.0,no_alert,9130222823406097446,3742,1791358046269368272,3.300368272,True
1791358046302292084,,1501,bird_eye,0,0,False,0.0,no_alert,9130222823406097446,3743,1791358046302658607,3.333658607,True
1791358046334707468,,1502,bird_eye,0,0,False,0.0,no_alert,9130222823406097446,3745,1791358046335097113,3.366097113,True
1791358046367901444,,1503,bird_eye,0,0,False,0.0,no_alert,9130222823406097446,3747,1791358046368187936,3.399187936,True
1791358046401092703,,1504,bird_eye,0,0,False,0.0,no_alert,9130222823406097446,3748,1791358046401338657,3.432338657,True
1791358046434779459,,1505,bird_eye,0,0,False,0.0,no_alert,9130222823406097446,3750,1791358046435229421,3.466229421,True
1791358046467844491,,1506,bird_eye,0,0,False,0.0,no_alert,9130222823406097446,3752,1791358046468272537,3.499272537,True
1791358046500969614,,1507,bird_eye,0,0,False,0.0,no_alert,9130222823406097446,3753,1791358046501390484,3.532390484,True
1791358046534440661,,1508,bird_eye,0,0,False,0.0,no_alert,9130222823406097446,3755,1791358046534866508,3.565866508,True
1791358046566971309,,1509,bird_eye,0,0,False,0.0,no_alert,9130222823406097446,3757,1791358046567074425,3.598074425,True
1791358046601502176,,1510,bird_eye,0,0,False,0.0,no_alert,9130222823406097446,3758,1791358046601761652,3.632761652,True
1791358046635369372,,1511,bird_eye,0,0,False,0.0,no_alert,9130222823406097446,3760,1791358046635659720,3.66665972,True
1791358046668368204,,1512,bird_eye,0,0,False,0.0,no_alert,9130222823406097446,3762,1791358046668654003,3.699654003,True
1791358046701201882,,1513,bird_eye,0,0,False,0.0,no_alert,9130222823406097446,3763,1791358046701506799,3.732506799,True
1791358046734182853,,1514,bird_eye,0,0,False,0.0,no_alert,9130222823406097446,3765,1791358046734445918,3.765445918,True
1791358046768038492,,1515,bird_eye,0,0,False,0.0,no_alert,9130222823406097446,3767,1791358046768327610,3.79932761,True
1791358046802358061,,1516,bird_eye,0,0,False,0.0,no_alert,9130222823406097446,3768,1791358046802672828,3.833672828,True
1791358046834780604,,1517,bird_eye,0,0,False,0.0,no_alert,9130222823406097446,3770,1791358046835112630,3.86611263,True
1791358046868004967,,1518,bird_eye,0,0,False,0.0,no_alert,9130222823406097446,3772,1791358046868269551,3.899269551,True
1791358046901830925,,1519,bird_eye,0,0,False,0.0,no_alert,9130222823406097446,3773,1791358046902009974,3.933009974,True
1791358046935808417,,1520,bird_eye,0,0,False,0.0,no_alert,9130222823406097446,3775,1791358046936067462,3.967067462,True
1791358046969089994,,1521,bird_eye,0,0,False,0.0,no_alert,9130222823406097446,3777,1791358046969327921,4.000327921,True
1791358047001327101,,1522,bird_eye,0,0,False,0.0,no_alert,9130222823406097446,3778,1791358047001608145,4.032608145,True
1791358047034820743,,1523,bird_eye,0,0,False,0.0,no_alert,9130222823406097446,3780,1791358047035053652,4.066053652,True
1791358047068669419,,1524,bird_eye,0,0,False,0.0,no_alert,9130222823406097446,3782,1791358047068908044,4.099908044,True
1791358047101419091,,1525,bird_eye,0,0,False,0.0,no_alert,9130222823406097446,3783,1791358047101692898,4.132692898,True
1791358047135259690,,1526,bird_eye,0,0,False,0.0,no_alert,9130222823406097446,3785,1791358047135564358,4.166564358,True
1791358047169011411,,1527,bird_eye,0,0,False,0.0,no_alert,9130222823406097446,3787,1791358047169318880,4.20031888,True
1791358047214879028,,1528,bird_eye,0,0,False,0.0,no_alert,9130222823406097446,3789,1791358047215457660,4.24645766,True
1791358047244025786,,1529,bird_eye,0,0,False,0.0,no_alert,9130222823406097446,3791,1791358047244414782,4.275414782,True
1791358047274042773,,1530,bird_eye,0,0,False,0.0,no_alert,9130222823406097446,3792,1791358047274209433,4.305209433,True
1791358047303802928,,1531,bird_eye,0,0,False,0.0,no_alert,9130222823406097446,3793,1791358047304213470,4.33521347,True
1791358047336758615,,1532,bird_eye,0,0,False,0.0,no_alert,9130222823406097446,3795,1791358047337111348,4.368111348,True
1791358047370838573,,1533,bird_eye,0,0,False,0.0,no_alert,9130222823406097446,3797,1791358047371263231,4.402263231,True
1791358047409146960,,1534,bird_eye,0,0,False,0.0,no_alert,9130222823406097446,3799,1791358047409347490,4.44034749,True
1791358047439193550,,1535,bird_eye,0,0,False,0.0,no_alert,9130222823406097446,3800,1791358047439415529,4.470415529,True
1791358047468088648,,1536,bird_eye,0,0,False,0.0,no_alert,9130222823406097446,3802,1791358047468335551,4.499335551,True
1791358047502136000,,1537,bird_eye,0,0,False,0.0,no_alert,9130222823406097446,3803,1791358047502421790,4.53342179,True
1791358047535461465,,1538,bird_eye,0,0,False,0.0,no_alert,9130222823406097446,3805,1791358047535719155,4.566719155,True
1791358047568172463,,1539,bird_eye,0,0,False,0.0,no_alert,9130222823406097446,3807,1791358047568470894,4.599470894,True
1791358047605233642,,1540,bird_eye,0,0,False,0.0,no_alert,9130222823406097446,3808,1791358047605449475,4.636449475,True
1791358047635361113,,1541,bird_eye,0,0,False,0.0,no_alert,9130222823406097446,3810,1791358047635723521,4.666723521,True
1791358047667547507,,1542,bird_eye,0,0,False,0.0,no_alert,9130222823406097446,3812,1791358047667775254,4.698775254,True
1791358047700960073,,1543,bird_eye,0,0,False,0.0,no_alert,9130222823406097446,3813,1791358047701228977,4.732228977,True
1791358047734743046,,1544,bird_eye,0,0,False,0.0,no_alert,9130222823406097446,3815,1791358047735002095,4.766002095,True
1791358047809704908,,1545,bird_eye,0,0,False,0.0,no_alert,9130222823406097446,3819,1791358047810041514,4.841041514,True
1791358047875481622,,1546,bird_eye,0,0,False,0.0,no_alert,9130222823406097446,3822,1791358047875665671,4.906665671,True
1791358047903249355,,1547,bird_eye,0,0,False,0.0,no_alert,9130222823406097446,3823,1791358047903433647,4.934433647,True
1791358047936355980,,1548,bird_eye,0,0,False,0.0,no_alert,9130222823406097446,3825,1791358047936592613,4.967592613,True
1791358047969835451,,1549,bird_eye,0,0,False,0.0,no_alert,9130222823406097446,3827,1791358047970145197,5.001145197,True
1791358048002882448,,1550,bird_eye,0,0,False,0.0,no_alert,9130222823406097446,3828,1791358048003209363,5.034209363,True
1791358048034206792,,1551,bird_eye,0,0,False,0.0,no_alert,9130222823406097446,3830,1791358048034660131,5.065660131,True
1791358048066789855,,1552,bird_eye,0,0,False,0.0,no_alert,9130222823406097446,3832,1791358048066985731,5.097985731,True
1791358048103124953,,1553,bird_eye,0,0,False,0.0,no_alert,9130222823406097446,3833,1791358048103403865,5.134403865,True
1791358048134313791,,1554,bird_eye,0,0,False,0.0,no_alert,9130222823406097446,3835,1791358048134696834,5.165696834,True
1791358048167011736,,1555,bird_eye,0,0,False,0.0,no_alert,9130222823406097446,3837,1791358048167268267,5.198268267,True
1791358048200685193,,1556,bird_eye,0,0,False,0.0,no_alert,9130222823406097446,3838,1791358048200926219,5.231926219,True
1791358048236973799,,1557,bird_eye,0,0,False,0.0,no_alert,9130222823406097446,3840,1791358048237222235,5.268222235,True
1791358048268042458,,1558,bird_eye,0,0,False,0.0,no_alert,9130222823406097446,3842,1791358048268258061,5.299258061,True
1791358048302774213,,1559,bird_eye,0,0,False,0.0,no_alert,9130222823406097446,3843,1791358048302998274,5.333998274,True
1791358048334153019,,1560,bird_eye,0,0,False,0.0,no_alert,9130222823406097446,3845,1791358048334423261,5.365423261,True
1791358048367018607,,1561,bird_eye,0,0,False,0.0,no_alert,9130222823406097446,3847,1791358048367252534,5.398252534,True
1791358048408604179,,1562,bird_eye,0,0,False,0.0,no_alert,9130222823406097446,3849,1791358048408775655,5.439775655,True
1791358048436696608,,1563,bird_eye,0,0,False,0.0,no_alert,9130222823406097446,3850,1791358048437042318,5.468042318,True
1791358048466534495,,1564,bird_eye,0,0,False,0.0,no_alert,9130222823406097446,3852,1791358048466800079,5.497800079,True
1791358048499810303,,1565,bird_eye,0,0,False,0.0,no_alert,9130222823406097446,3853,1791358048500215421,5.531215421,True
1791358048533397254,,1566,bird_eye,0,0,False,0.0,no_alert,9130222823406097446,3855,1791358048533829766,5.564829766,True
1791358048565991969,,1567,bird_eye,0,0,False,0.0,no_alert,9130222823406097446,3857,1791358048566086349,5.597086349,True
1791358048599879032,,1568,bird_eye,0,0,False,0.0,no_alert,9130222823406097446,3858,1791358048600092736,5.631092736,True
1791358048633373337,,1569,bird_eye,0,0,False,0.0,no_alert,9130222823406097446,3860,1791358048633848123,5.664848123,True
1791358048667662491,,1570,bird_eye,0,0,False,0.0,no_alert,9130222823406097446,3862,1791358048668016612,5.699016612,True
1791358048706941790,,1571,bird_eye,0,0,False,0.0,no_alert,9130222823406097446,3864,1791358048707156611,5.738156611,True
1791358048735646245,,1572,bird_eye,0,0,False,0.0,no_alert,9130222823406097446,3865,1791358048736177361,5.767177361,True
1791358048768874384,,1573,bird_eye,0,0,False,0.0,no_alert,9130222823406097446,3867,1791358048769330742,5.800330742,True
1791358048802017968,,1574,bird_eye,0,0,False,0.0,no_alert,9130222823406097446,3868,1791358048802515271,5.833515271,True
1791358048833451084,,1575,bird_eye,0,0,False,0.0,no_alert,9130222823406097446,3870,1791358048833764246,5.864764246,True
1791358048867028283,,1576,bird_eye,0,0,False,0.0,no_alert,9130222823406097446,3872,1791358048867226902,5.898226902,True
1791358048901526376,,1577,bird_eye,0,0,False,0.0,no_alert,9130222823406097446,3873,1791358048902030789,5.933030789,True
1791358048935916658,,1578,bird_eye,0,0,False,0.0,no_alert,9130222823406097446,3875,1791358048936351782,5.967351782,True
1791358048972597447,,1579,bird_eye,0,0,False,0.0,no_alert,9130222823406097446,3877,1791358048972946935,6.003946935,True
1791358049009779539,,1580,bird_eye,0,0,False,0.0,no_alert,9130222823406097446,3879,1791358049010031901,6.041031901,True
1791358049037266554,,1581,bird_eye,0,0,False,0.0,no_alert,9130222823406097446,3880,1791358049037540538,6.068540538,True
1791358049066823559,,1582,bird_eye,0,0,False,0.0,no_alert,9130222823406097446,3882,1791358049067094693,6.098094693,True
1791358049100175382,,1583,bird_eye,0,0,False,0.0,no_alert,9130222823406097446,3883,1791358049100429923,6.131429923,True
1791358049133345854,,1584,bird_eye,0,0,False,0.0,no_alert,9130222823406097446,3885,1791358049133689491,6.164689491,True
1791358049166833625,,1585,bird_eye,0,0,False,0.0,no_alert,9130222823406097446,3886,1791358049167116522,6.198116522,True
1791358049200801150,,1586,bird_eye,0,0,False,0.0,no_alert,9130222823406097446,3888,1791358049201095651,6.232095651,True
1791358049235409314,,1587,bird_eye,0,0,False,0.0,no_alert,9130222823406097446,3890,1791358049235976236,6.266976236,True
1791358049266603269,,1588,bird_eye,0,0,False,0.0,no_alert,9130222823406097446,3892,1791358049266936089,6.297936089,True
1791358049300787580,,1589,bird_eye,0,0,False,0.0,no_alert,9130222823406097446,3893,1791358049301099055,6.332099055,True
1791358049333580023,,1590,bird_eye,0,0,False,0.0,no_alert,9130222823406097446,3895,1791358049333854025,6.364854025,True
1791358049366914962,,1591,bird_eye,0,0,False,0.0,no_alert,9130222823406097446,3896,1791358049367277943,6.398277943,True
1791358049402682517,,1592,bird_eye,0,0,False,0.0,no_alert,9130222823406097446,3898,1791358049403176168,6.434176168,True
1791358049433804218,,1593,bird_eye,0,0,False,0.0,no_alert,9130222823406097446,3900,1791358049434101930,6.46510193,True
1791358049470347924,,1594,bird_eye,0,0,False,0.0,no_alert,9130222823406097446,3902,1791358049470892847,6.501892847,True
1791358049499768270,,1595,bird_eye,0,0,False,0.0,no_alert,9130222823406097446,3903,1791358049499975124,6.530975124,True
1791358049533296940,,1596,bird_eye,0,0,False,0.0,no_alert,9130222823406097446,3905,1791358049533577433,6.564577433,True
1791358049566767387,,1597,bird_eye,0,0,False,0.0,no_alert,9130222823406097446,3906,1791358049567094772,6.598094772,True
1791358049600396760,,1598,bird_eye,0,0,False,0.0,no_alert,9130222823406097446,3908,1791358049600638090,6.63163809,True
1791358049633791049,,1599,bird_eye,0,0,False,0.0,no_alert,9130222823406097446,3910,1791358049634221471,6.665221471,True
1791358049667180695,,1600,bird_eye,0,0,False,0.0,no_alert,9130222823406097446,3912,1791358049667456005,6.698456005,True
1791358049700053646,,1601,bird_eye,0,0,False,0.0,no_alert,9130222823406097446,3913,1791358049700385560,6.73138556,True
1791358049733364405,,1602,bird_eye,0,0,False,0.0,no_alert,9130222823406097446,3915,1791358049733754164,6.764754164,True
1791358049766828213,,1603,bird_eye,0,0,False,0.0,no_alert,9130222823406097446,3917,1791358049767157314,6.798157314,True
1791358049799791112,,1604,bird_eye,0,0,False,0.0,no_alert,9130222823406097446,3918,1791358049800233392,6.831233392,True
1791358049834123127,,1605,bird_eye,0,0,False,0.0,no_alert,9130222823406097446,3920,1791358049834402667,6.865402667,True
1791358049866786824,,1606,bird_eye,0,0,False,0.0,no_alert,9130222823406097446,3922,1791358049867053576,6.898053576,True
1791358049899714990,,1607,bird_eye,0,0,False,0.0,no_alert,9130222823406097446,3923,1791358049900003380,6.93100338,True
1791358049932974444,,1608,bird_eye,0,0,False,0.0,no_alert,9130222823406097446,3925,1791358049933232302,6.964232302,True
1791358049966787208,,1609,bird_eye,0,0,False,0.0,no_alert,9130222823406097446,3927,1791358049967078256,6.998078256,True
1791358050001705146,,1610,bird_eye,0,0,False,0.0,no_alert,9130222823406097446,3928,1791358050001846266,7.032846266,True
1791358050033839397,,1611,bird_eye,0,0,False,0.0,no_alert,9130222823406097446,3930,1791358050034153984,7.065153984,True
1791358050066751399,,1612,bird_eye,0,0,False,0.0,no_alert,9130222823406097446,3931,1791358050067024549,7.098024549,True
1791358050099666024,,1613,bird_eye,0,0,False,0.0,no_alert,9130222823406097446,3933,1791358050099939521,7.130939521,True
1791358050133692995,,1614,bird_eye,0,0,False,0.0,no_alert,9130222823406097446,3935,1791358050134036846,7.165036846,True
1791358050168235594,,1615,bird_eye,0,0,False,0.0,no_alert,9130222823406097446,3937,1791358050168484060,7.19948406,True
1791358050204038459,,1616,bird_eye,0,0,False,0.0,no_alert,9130222823406097446,3939,1791358050204345850,7.23534585,True
1791358050233377154,,1617,bird_eye,0,0,False,0.0,no_alert,9130222823406097446,3940,1791358050233630276,7.264630276,True
1791358050266631447,,1618,bird_eye,0,0,False,0.0,no_alert,9130222823406097446,3942,1791358050266982229,7.297982229,True
1791358050300175481,,1619,bird_eye,0,0,False,0.0,no_alert,9130222823406097446,3943,1791358050300474744,7.331474744,True
1791358050333810591,,1620,bird_eye,0,0,False,0.0,no_alert,9130222823406097446,3945,1791358050334186272,7.365186272,True
1791358050367005181,,1621,bird_eye,0,0,False,0.0,no_alert,9130222823406097446,3947,1791358050367310078,7.398310078,True
1791358050403229366,,1622,bird_eye,0,0,False,0.0,no_alert,9130222823406097446,3948,1791358050403532809,7.434532809,True
1791358050435456049,,1623,bird_eye,0,0,False,0.0,no_alert,9130222823406097446,3950,1791358050435758746,7.466758746,True
1791358050467265959,,1624,bird_eye,0,0,False,0.0,no_alert,9130222823406097446,3952,1791358050467561532,7.498561532,True
1791358050502361316,,1625,bird_eye,0,0,False,0.0,no_alert,9130222823406097446,3953,1791358050502650803,7.533650803,True
1791358050536185557,,1626,bird_eye,0,0,False,0.0,no_alert,9130222823406097446,3955,1791358050536425917,7.567425917,True
1791358050568915767,,1627,bird_eye,0,0,False,0.0,no_alert,9130222823406097446,3957,1791358050569183770,7.60018377,True
1791358050603552564,,1628,bird_eye,0,0,False,0.0,no_alert,9130222823406097446,3958,1791358050603905957,7.634905957,True
1791358050635309346,,1629,bird_eye,0,0,False,0.0,no_alert,9130222823406097446,3960,1791358050635548035,7.666548035,True
1791358050669622777,,1630,bird_eye,0,0,False,0.0,no_alert,9130222823406097446,3962,1791358050669921219,7.700921219,True
1791358050703481902,,1631,bird_eye,0,0,False,0.0,no_alert,9130222823406097446,3963,1791358050703727904,7.734727904,True
1791358050738093743,,1632,bird_eye,0,0,False,0.0,no_alert,9130222823406097446,3965,1791358050738381738,7.769381738,True
1791358050766615750,,1633,bird_eye,0,0,False,0.0,no_alert,9130222823406097446,3967,1791358050766973781,7.797973781,True
1791358050807802504,,1634,bird_eye,0,0,False,0.0,no_alert,9130222823406097446,3969,1791358050808126861,7.839126861,True
1791358050835475372,,1635,bird_eye,0,0,False,0.0,no_alert,9130222823406097446,3970,1791358050835771427,7.866771427,True
1791358050866710802,,1636,bird_eye,0,0,False,0.0,no_alert,9130222823406097446,3972,1791358050866977912,7.897977912,True
1791358050900179560,,1637,bird_eye,0,0,False,0.0,no_alert,9130222823406097446,3973,1791358050900494381,7.931494381,True
1791358050933194669,,1638,bird_eye,0,0,False,0.0,no_alert,9130222823406097446,3975,1791358050933398314,7.964398314,True
1791358050967494102,,1639,bird_eye,0,0,False,0.0,no_alert,9130222823406097446,3977,1791358050967801093,7.998801093,True
1791358051000017220,,1640,bird_eye,0,0,False,0.0,no_alert,9130222823406097446,3978,1791358051000416764,8.031416764,True
1791358051034531486,,1641,bird_eye,0,0,False,0.0,no_alert,9130222823406097446,3980,1791358051034826394,8.065826394,True
1791358051068325124,,1642,bird_eye,0,0,False,0.0,no_alert,9130222823406097446,3982,1791358051068646447,8.099646447,True
1791358051100575028,,1643,bird_eye,0,0,False,0.0,no_alert,9130222823406097446,3983,1791358051100934134,8.131934134,True
1791358051133769047,,1644,bird_eye,0,0,False,0.0,no_alert,9130222823406097446,3985,1791358051134038324,8.165038324,True
1791358051166701076,,1645,bird_eye,0,0,False,0.0,no_alert,9130222823406097446,3987,1791358051167012322,8.198012322,True
1791358051202946540,,1646,bird_eye,0,0,False,0.0,no_alert,9130222823406097446,3988,1791358051203204837,8.234204837,True
1791358051234708366,,1647,bird_eye,0,0,False,0.0,no_alert,9130222823406097446,3990,1791358051234881087,8.265881087,True
1791358051267446407,,1648,bird_eye,0,0,False,0.0,no_alert,9130222823406097446,3992,1791358051267725026,8.298725026,True
1791358051302004733,,1649,bird_eye,0,0,False,0.0,no_alert,9130222823406097446,3993,1791358051302207098,8.333207098,True
1791358051333713601,,1650,bird_eye,0,0,False,0.0,no_alert,9130222823406097446,3995,1791358051334051912,8.365051912,True
1791358051366750057,,1651,bird_eye,0,0,False,0.0,no_alert,9130222823406097446,3997,1791358051367097966,8.398097966,True
1791358051406758927,,1652,bird_eye,0,0,False,0.0,no_alert,9130222823406097446,3999,1791358051407067349,8.438067349,True
1791358051437453049,,1653,bird_eye,0,0,False,0.0,no_alert,9130222823406097446,4000,1791358051437640341,8.468640341,True
1791358051474516771,,1654,bird_eye,0,0,False,0.0,no_alert,9130222823406097446,4002,1791358051474732854,8.505732854,True
1791358051505004900,,1655,bird_eye,0,0,False,0.0,no_alert,9130222823406097446,4003,1791358051505310333,8.536310333,True
1791358051539398067,,1656,bird_eye,0,0,False,0.0,no_alert,9130222823406097446,4005,1791358051539660898,8.570660898,True
1791358051569248685,,1657,bird_eye,0,0,False,0.0,no_alert,9130222823406097446,4007,1791358051569585906,8.600585906,True
1791358051604774980,,1658,bird_eye,0,0,False,0.0,no_alert,9130222823406097446,4008,1791358051604953907,8.635953907,True
1791358051633897274,,1659,bird_eye,0,0,False,0.0,no_alert,9130222823406097446,4010,1791358051634036366,8.665036366,True
1791358051669281281,,1660,bird_eye,0,0,False,0.0,no_alert,9130222823406097446,4012,1791358051669702651,8.700702651,True
1791358051701187724,,1661,bird_eye,0,0,False,0.0,no_alert,9130222823406097446,4013,1791358051701411290,8.73241129,True
1791358051741606130,,1662,bird_eye,0,0,False,0.0,no_alert,9130222823406097446,4015,1791358051741887982,8.772887982,True
1791358051772715560,,1663,bird_eye,0,0,False,0.0,no_alert,9130222823406097446,4017,1791358051772962751,8.803962751,True
1791358051805832830,,1664,bird_eye,0,0,False,0.0,no_alert,9130222823406097446,4019,1791358051806143593,8.837143593,True
1791358051833873010,,1665,bird_eye,0,0,False,0.0,no_alert,9130222823406097446,4020,1791358051834100219,8.865100219,True
1791358051866759672,,1666,bird_eye,0,0,False,0.0,no_alert,9130222823406097446,4022,1791358051867019699,8.898019699,True
1791358051900416856,,1667,bird_eye,0,0,False,0.0,no_alert,9130222823406097446,4023,1791358051900697391,8.931697391,True
1791358051933667572,,1668,bird_eye,0,0,False,0.0,no_alert,9130222823406097446,4025,1791358051933872918,8.964872918,True
1791358051970634067,,1669,bird_eye,0,0,False,0.0,no_alert,9130222823406097446,4027,1791358051971035954,9.002035954,True
1791358052006722083,,1670,bird_eye,0,0,False,0.0,no_alert,9130222823406097446,4029,1791358052007116093,9.038116093,True
1791358052035345721,,1671,bird_eye,0,0,False,0.0,no_alert,9130222823406097446,4030,1791358052035702943,9.066702943,True
1791358052066569342,,1672,bird_eye,0,0,False,0.0,no_alert,9130222823406097446,4032,1791358052066784838,9.097784838,True
1791358052101123545,,1673,bird_eye,0,0,False,0.0,no_alert,9130222823406097446,4033,1791358052101335074,9.132335074,True
1791358052133537754,,1674,bird_eye,0,0,False,0.0,no_alert,9130222823406097446,4035,1791358052133864087,9.164864087,True
1791358052168547232,,1675,bird_eye,0,0,False,0.0,no_alert,9130222823406097446,4037,1791358052168748076,9.199748076,True
1791358052200549954,,1676,bird_eye,0,0,False,0.0,no_alert,9130222823406097446,4038,1791358052200939071,9.231939071,True
1791358052233581758,,1677,bird_eye,0,0,False,0.0,no_alert,9130222823406097446,4040,1791358052233896684,9.264896684,True
1791358052266789840,,1678,bird_eye,0,0,False,0.0,no_alert,9130222823406097446,4042,1791358052267049754,9.298049754,True
1791358052302878025,,1679,bird_eye,0,0,False,0.0,no_alert,9130222823406097446,4043,1791358052303151318,9.334151318,True
1791358052333312291,,1680,bird_eye,0,0,False,0.0,no_alert,9130222823406097446,4045,1791358052333595771,9.364595771,True
1791358052387134722,,1681,bird_eye,0,0,False,0.0,no_alert,9130222823406097446,4048,1791358052387601869,9.418601869,True
1791358052428965147,,1682,bird_eye,0,0,False,0.0,no_alert,9130222823406097446,4050,1791358052429255319,9.460255319,True
1791358052457779289,,1683,bird_eye,0,0,False,0.0,no_alert,9130222823406097446,4051,1791358052458065412,9.489065412,True
1791358052489132085,,1684,bird_eye,1,0,False,0.0,no_alert,9130222823406097446,4053,1791358052489348252,9.520348252,True
1791358052516947661,,1685,bird_eye,1,0,False,0.0,no_alert,9130222823406097446,4054,1791358052517215056,9.548215056,True
1791358052544447680,,1686,bird_eye,2,1,True,0.25,ttc_warning:cadence_triple,9130222823406097446,4055,1791358052544764531,9.575764531,True
1791358052575073688,,1687,bird_eye,2,1,True,0.25,ttc_warning:cadence_triple,9130222823406097446,4057,1791358052575413124,9.606413124,True
1791358052602665485,,1688,bird_eye,2,1,True,0.25,ttc_warning:cadence_triple,9130222823406097446,4058,1791358052602931695,9.633931695,True
1791358052634424077,,1689,bird_eye,2,1,True,0.25,ttc_warning:cadence_triple,9130222823406097446,4060,1791358052634690048,9.665690048,True
1791358052671423565,,1690,bird_eye,0,0,False,0.0,cadence_gap:triple,9130222823406097446,4062,1791358052671699320,9.70269932,True
1791358052704150637,,1691,bird_eye,0,0,False,0.0,cadence_gap:triple,9130222823406097446,4064,1791358052704390734,9.735390734,True
1791358052735451870,,1692,bird_eye,3,2,True,0.25,finite_warning_hold:cadence_triple,9130222823406097446,4065,1791358052735720698,9.766720698,True
1791358052767432198,,1693,bird_eye,3,2,True,0.25,finite_warning_hold:cadence_triple,9130222823406097446,4067,1791358052767756381,9.798756381,True
1791358052800931060,,1694,bird_eye,3,2,True,0.25,finite_warning_hold:cadence_triple,9130222823406097446,4068,1791358052801189997,9.832189997,True
1791358052834235225,,1695,bird_eye,0,0,False,0.0,cadence_gap:triple,9130222823406097446,4070,1791358052834528178,9.865528178,True
1791358052867634357,,1696,bird_eye,0,0,False,0.0,cadence_gap:triple,9130222823406097446,4072,1791358052867922494,9.898922494,True
1791358052900866368,,1697,bird_eye,3,2,True,0.25,finite_warning_hold:cadence_triple,9130222823406097446,4073,1791358052901071513,9.932071513,True
1791358052934011810,,1698,bird_eye,3,2,True,0.25,finite_warning_hold:cadence_triple,9130222823406097446,4075,1791358052934192867,9.965192867,True
1791358052966931618,,1699,bird_eye,3,2,True,0.25,finite_warning_hold:cadence_triple,9130222823406097446,4077,1791358052967067019,9.998067019,True
1791358053000556713,,1700,bird_eye,0,0,False,0.0,cadence_gap:triple,9130222823406097446,4078,1791358053000836114,10.031836114,True
1791358053033793254,,1701,bird_eye,0,0,False,0.0,cadence_gap:triple,9130222823406097446,4080,1791358053034051314,10.065051314,True
1791358053068070974,,1702,bird_eye,0,0,False,0.0,cadence_complete,9130222823406097446,4082,1791358053068324736,10.099324736,True
1791358053100813435,,1703,bird_eye,0,0,False,0.0,cadence_complete,9130222823406097446,4083,1791358053101037238,10.132037238,True
1791358053133918696,,1704,bird_eye,0,0,False,0.0,cadence_complete,9130222823406097446,4085,1791358053134199804,10.165199804,True
1791358053167227365,,1705,bird_eye,0,0,False,0.0,cadence_complete,9130222823406097446,4087,1791358053167518707,10.198518707,True
1791358053201826853,,1706,bird_eye,0,0,False,0.0,cadence_complete,9130222823406097446,4088,1791358053201990647,10.232990647,True
1791358053275276966,,1707,bird_eye,0,0,False,0.0,cadence_complete,9130222823406097446,4092,1791358053275526411,10.306526411,True
1791358053343440161,,1708,bird_eye,0,0,False,0.0,cadence_complete,9130222823406097446,4095,1791358053343659060,10.37465906,True
1791358053368190951,,1709,bird_eye,0,0,False,0.0,cadence_complete,9130222823406097446,4097,1791358053368506644,10.399506644,True
1791358053401684310,,1710,bird_eye,0,0,False,0.0,cadence_complete,9130222823406097446,4098,1791358053401998859,10.432998859,True
1791358053434848845,,1711,bird_eye,0,0,False,0.0,cadence_complete,9130222823406097446,4100,1791358053435069254,10.466069254,True
1791358053467654968,,1712,bird_eye,0,0,False,0.0,cadence_complete,9130222823406097446,4102,1791358053467853856,10.498853856,True
1791358053500212620,,1713,bird_eye,5,3,True,0.15000000596046448,invalid_or_unknown_perception:cadence_single,9130222823406097446,4103,1791358053500378728,10.531378728,True
1791358053534211086,,1714,bird_eye,5,3,True,0.15000000596046448,invalid_or_unknown_perception:cadence_single,9130222823406097446,4105,1791358053534365189,10.565365189,True
1791358053567081075,,1715,bird_eye,5,3,True,0.15000000596046448,invalid_or_unknown_perception:cadence_single,9130222823406097446,4106,1791358053567245202,10.598245202,True
1791358053600423006,,1716,bird_eye,0,0,False,0.0,unknown_pulse_complete,9130222823406097446,4108,1791358053600596141,10.631596141,True
1791358053635687848,,1717,bird_eye,0,0,False,0.0,unknown_pulse_complete,9130222823406097446,4110,1791358053635857669,10.666857669,True
1791358053667217450,,1718,bird_eye,0,0,False,0.0,unknown_pulse_complete,9130222823406097446,4111,1791358053667381594,10.698381594,True
1791358053701459044,,1719,bird_eye,0,0,False,0.0,unknown_pulse_complete,9130222823406097446,4113,1791358053701661286,10.732661286,True
1791358053734926661,,1720,bird_eye,0,0,False,0.0,unknown_pulse_complete,9130222823406097446,4115,1791358053735136939,10.766136939,True
1791358053766797060,,1721,bird_eye,0,0,False,0.0,unknown_pulse_complete,9130222823406097446,4116,1791358053767118468,10.798118468,True
1791358053800618498,,1722,bird_eye,0,0,False,0.0,unknown_pulse_complete,9130222823406097446,4118,1791358053800891154,10.831891154,True
1791358053833835098,,1723,bird_eye,0,0,False,0.0,unknown_pulse_complete,9130222823406097446,4120,1791358053834079044,10.865079044,True
1791358053867239130,,1724,bird_eye,0,0,False,0.0,unknown_pulse_complete,9130222823406097446,4122,1791358053867435831,10.898435831,True
1791358053900484376,,1725,bird_eye,0,0,False,0.0,unknown_pulse_complete,9130222823406097446,4123,1791358053900659228,10.931659228,True
1791358053933855561,,1726,bird_eye,0,0,False,0.0,unknown_pulse_complete,9130222823406097446,4125,1791358053934010458,10.965010458,True
1791358053966803128,,1727,bird_eye,0,0,False,0.0,unknown_pulse_complete,9130222823406097446,4127,1791358053966949295,10.997949295,True
1791358054000390885,,1728,bird_eye,0,0,False,0.0,unknown_pulse_complete,9130222823406097446,4128,1791358054000659746,11.031659746,True
1791358054033964711,,1729,bird_eye,0,0,False,0.0,unknown_pulse_complete,9130222823406097446,4130,1791358054034182013,11.065182013,True
1791358054067041707,,1730,bird_eye,0,0,False,0.0,unknown_pulse_complete,9130222823406097446,4132,1791358054067228423,11.098228423,True
1791358054100736132,,1731,bird_eye,0,0,False,0.0,unknown_pulse_complete,9130222823406097446,4133,1791358054100954247,11.131954247,True
1791358054134373468,,1732,bird_eye,0,0,False,0.0,unknown_pulse_complete,9130222823406097446,4135,1791358054134576600,11.1655766,True
1791358054167208903,,1733,bird_eye,0,0,False,0.0,unknown_pulse_complete,9130222823406097446,4137,1791358054167458658,11.198458658,True
1791358054201137941,,1734,bird_eye,0,0,False,0.0,unknown_pulse_complete,9130222823406097446,4138,1791358054201391039,11.232391039,True
1791358054233758582,,1735,bird_eye,0,0,False,0.0,unknown_pulse_complete,9130222823406097446,4140,1791358054234041376,11.265041376,True
1791358054268177598,,1736,bird_eye,0,0,False,0.0,unknown_pulse_complete,9130222823406097446,4142,1791358054268380323,11.299380323,True
1791358054301077546,,1737,bird_eye,0,0,False,0.0,unknown_pulse_complete,9130222823406097446,4143,1791358054301284986,11.332284986,True
1791358054335307438,,1738,bird_eye,0,0,False,0.0,unknown_pulse_complete,9130222823406097446,4145,1791358054335522660,11.36652266,True
1791358054368017226,,1739,bird_eye,0,0,False,0.0,unknown_pulse_complete,9130222823406097446,4147,1791358054368120601,11.399120601,True
1791358054435074432,,1741,bird_eye,0,0,False,0.0,unknown_pulse_complete,9130222823406097446,4150,1791358054435301843,11.466301843,True
1791358054468457469,,1742,bird_eye,0,0,False,0.0,unknown_pulse_complete,9130222823406097446,4151,1791358054468722283,11.499722283,True
1791358054501073963,,1743,bird_eye,0,0,False,0.0,unknown_pulse_complete,9130222823406097446,4153,1791358054501255923,11.532255923,True
1791358054534181865,,1744,bird_eye,0,0,False,0.0,unknown_pulse_complete,9130222823406097446,4155,1791358054534421798,11.565421798,True
1791358054568199261,,1745,bird_eye,0,0,False,0.0,unknown_pulse_complete,9130222823406097446,4157,1791358054568384284,11.599384284,True
1791358054601050563,,1746,bird_eye,0,0,False,0.0,unknown_pulse_complete,9130222823406097446,4158,1791358054601183602,11.632183602,True
1791358054634236762,,1747,bird_eye,0,0,False,0.0,unknown_pulse_complete,9130222823406097446,4160,1791358054634532653,11.665532653,True
1791358054668654557,,1748,bird_eye,0,0,False,0.0,unknown_pulse_complete,9130222823406097446,4162,1791358054668872817,11.699872817,True
1791358054701093046,,1749,bird_eye,0,0,False,0.0,unknown_pulse_complete,9130222823406097446,4163,1791358054701346306,11.732346306,True
1791358054735313672,,1750,bird_eye,0,0,False,0.0,unknown_pulse_complete,9130222823406097446,4165,1791358054735501690,11.76650169,True
1791358054768013183,,1751,bird_eye,0,0,False,0.0,unknown_pulse_complete,9130222823406097446,4167,1791358054768198911,11.799198911,True
1791358054802620811,,1752,bird_eye,0,0,False,0.0,unknown_pulse_complete,9130222823406097446,4168,1791358054802855555,11.833855555,True
1791358054835109367,,1753,bird_eye,0,0,False,0.0,unknown_pulse_complete,9130222823406097446,4170,1791358054835291567,11.866291567,True
1791358054868169687,,1754,bird_eye,0,0,False,0.0,unknown_pulse_complete,9130222823406097446,4172,1791358054868300949,11.899300949,True
1791358054902070797,,1755,bird_eye,0,0,False,0.0,unknown_pulse_complete,9130222823406097446,4173,1791358054902278863,11.933278863,True
1791358054935620625,,1756,bird_eye,0,0,False,0.0,unknown_pulse_complete,9130222823406097446,4175,1791358054935935887,11.966935887,True
1791358054968790742,,1757,bird_eye,0,0,False,0.0,unknown_pulse_complete,9130222823406097446,4177,1791358054968956137,11.999956137,True
1791358055001784662,,1758,bird_eye,0,0,False,0.0,unknown_pulse_complete,9130222823406097446,4178,1791358055001982966,12.032982966,True
1791358055035162282,,1759,bird_eye,0,0,False,0.0,unknown_pulse_complete,9130222823406097446,4180,1791358055035279582,12.066279582,True
1791358055069056515,,1760,bird_eye,0,0,False,0.0,unknown_pulse_complete,9130222823406097446,4182,1791358055069239742,12.100239742,True
1791358055102580868,,1761,bird_eye,0,0,False,0.0,unknown_pulse_complete,9130222823406097446,4183,1791358055102795623,12.133795623,True
1791358055136567198,,1762,bird_eye,0,0,False,0.0,unknown_pulse_complete,9130222823406097446,4185,1791358055136776589,12.167776589,True
1791358055168045054,,1763,bird_eye,0,0,False,0.0,unknown_pulse_complete,9130222823406097446,4187,1791358055168208910,12.19920891,True
1791358055202262067,,1764,bird_eye,0,0,False,0.0,unknown_pulse_complete,9130222823406097446,4188,1791358055202509283,12.233509283,True
1791358055235892393,,1765,bird_eye,0,0,False,0.0,unknown_pulse_complete,9130222823406097446,4190,1791358055236157012,12.267157012,True
1791358055268564400,,1766,bird_eye,0,0,False,0.0,unknown_pulse_complete,9130222823406097446,4192,1791358055268799094,12.299799094,True
1791358055303570138,,1767,bird_eye,0,0,False,0.0,unknown_pulse_complete,9130222823406097446,4193,1791358055303871822,12.334871822,True
1791358055334950759,,1768,bird_eye,0,0,False,0.0,unknown_pulse_complete,9130222823406097446,4195,1791358055335179717,12.366179717,True
1791358055369083891,,1769,bird_eye,0,0,False,0.0,unknown_pulse_complete,9130222823406097446,4197,1791358055369253191,12.400253191,True
1791358055401502868,,1770,bird_eye,0,0,False,0.0,unknown_pulse_complete,9130222823406097446,4198,1791358055401753020,12.43275302,True
1791358055434979373,,1771,bird_eye,0,0,False,0.0,unknown_pulse_complete,9130222823406097446,4200,1791358055435171774,12.466171774,True
1791358055468306755,,1772,bird_eye,0,0,False,0.0,unknown_pulse_complete,9130222823406097446,4202,1791358055468532312,12.499532312,True
1791358055502114142,,1773,bird_eye,0,0,False,0.0,unknown_pulse_complete,9130222823406097446,4203,1791358055502401016,12.533401016,True
1791358055535411803,,1774,bird_eye,0,0,False,0.0,unknown_pulse_complete,9130222823406097446,4205,1791358055535643573,12.566643573,True
1791358055568379509,,1775,bird_eye,0,0,False,0.0,unknown_pulse_complete,9130222823406097446,4207,1791358055568539224,12.599539224,True
1791358055602150157,,1776,bird_eye,0,0,False,0.0,unknown_pulse_complete,9130222823406097446,4208,1791358055602425306,12.633425306,True
1791358055634660835,,1777,bird_eye,0,0,False,0.0,unknown_pulse_complete,9130222823406097446,4210,1791358055634876685,12.665876685,True
1791358055668723868,,1778,bird_eye,0,0,False,0.0,unknown_pulse_complete,9130222823406097446,4212,1791358055668868576,12.699868576,True
1791358055702419313,,1779,bird_eye,0,0,False,0.0,unknown_pulse_complete,9130222823406097446,4213,1791358055702591751,12.733591751,True
1791358055735850755,,1780,bird_eye,0,0,False,0.0,unknown_pulse_complete,9130222823406097446,4215,1791358055735986107,12.766986107,True
1791358055769279213,,1781,bird_eye,0,0,False,0.0,unknown_pulse_complete,9130222823406097446,4217,1791358055769420345,12.800420345,True
1791358055802707592,,1782,bird_eye,0,0,False,0.0,unknown_pulse_complete,9130222823406097446,4218,1791358055802919181,12.833919181,True
1791358055836214338,,1783,bird_eye,0,0,False,0.0,unknown_pulse_complete,9130222823406097446,4220,1791358055836353300,12.8673533,True
1791358055869479895,,1784,bird_eye,0,0,False,0.0,unknown_pulse_complete,9130222823406097446,4222,1791358055869684363,12.900684363,True
1791358055948206463,,1785,bird_eye,0,0,False,0.0,unknown_pulse_complete,9130222823406097446,4226,1791358055948426551,12.979426551,True
1791358056009746944,,1786,bird_eye,0,0,False,0.0,unknown_pulse_complete,9130222823406097446,4229,1791358056009955099,13.040955099,True
1791358056036021860,,1787,bird_eye,0,0,False,0.0,unknown_pulse_complete,9130222823406097446,4230,1791358056036266211,13.067266211,True
1791358056067692552,,1788,bird_eye,0,0,False,0.0,unknown_pulse_complete,9130222823406097446,4232,1791358056067942375,13.098942375,True
1791358056101231602,,1789,bird_eye,0,0,False,0.0,unknown_pulse_complete,9130222823406097446,4233,1791358056101581042,13.132581042,True
1791358056135661850,,1790,bird_eye,0,0,False,0.0,unknown_pulse_complete,9130222823406097446,4235,1791358056135988267,13.166988267,True
1791358056167867513,,1791,bird_eye,0,0,False,0.0,unknown_pulse_complete,9130222823406097446,4236,1791358056168079730,13.19907973,True
1791358056201119414,,1792,bird_eye,0,0,False,0.0,unknown_pulse_complete,9130222823406097446,4238,1791358056201369341,13.232369341,True
1791358056234623097,,1793,bird_eye,0,0,False,0.0,unknown_pulse_complete,9130222823406097446,4240,1791358056234882161,13.265882161,True
1791358056270224575,,1794,bird_eye,0,0,False,0.0,unknown_pulse_complete,9130222823406097446,4242,1791358056270420883,13.301420883,True
1791358056301196553,,1795,bird_eye,0,0,False,0.0,unknown_pulse_complete,9130222823406097446,4243,1791358056301353000,13.332353,True
1791358056334926677,,1796,bird_eye,0,0,False,0.0,unknown_pulse_complete,9130222823406097446,4245,1791358056335207612,13.366207612,True
1791358056368812730,,1797,bird_eye,0,0,False,0.0,unknown_pulse_complete,9130222823406097446,4247,1791358056369017701,13.400017701,True
1791358056401472712,,1798,bird_eye,0,0,False,0.0,unknown_pulse_complete,9130222823406097446,4248,1791358056401727434,13.432727434,True
1791358056435277526,,1799,bird_eye,0,0,False,0.0,unknown_pulse_complete,9130222823406097446,4250,1791358056435527175,13.466527175,True
1791358056467973722,,1800,bird_eye,0,0,False,0.0,unknown_pulse_complete,9130222823406097446,4252,1791358056468180954,13.499180954,True
1791358056501505128,,1801,bird_eye,0,0,False,0.0,unknown_pulse_complete,9130222823406097446,4253,1791358056501778386,13.532778386,True
1791358056534663566,,1802,bird_eye,0,0,False,0.0,unknown_pulse_complete,9130222823406097446,4255,1791358056535044331,13.566044331,True
1791358056609281998,,1803,bird_eye,0,0,False,0.0,unknown_pulse_complete,9130222823406097446,4259,1791358056609502040,13.64050204,True
1791358056677086319,,1804,bird_eye,0,0,False,0.0,unknown_pulse_complete,9130222823406097446,4262,1791358056677291674,13.708291674,True
1791358056703595765,,1805,bird_eye,0,0,False,0.0,unknown_pulse_complete,9130222823406097446,4263,1791358056703768881,13.734768881,True
1791358056737899346,,1806,bird_eye,0,0,False,0.0,unknown_pulse_complete,9130222823406097446,4265,1791358056738150330,13.76915033,True
1791358056771685346,,1807,bird_eye,0,0,False,0.0,unknown_pulse_complete,9130222823406097446,4267,1791358056772013025,13.803013025,True
1791358056803673531,,1808,bird_eye,0,0,False,0.0,unknown_pulse_complete,9130222823406097446,4268,1791358056803903037,13.834903037,True
1791358056835445270,,1809,bird_eye,0,0,False,0.0,unknown_pulse_complete,9130222823406097446,4270,1791358056835719729,13.866719729,True
1791358056869313430,,1810,bird_eye,0,0,False,0.0,unknown_pulse_complete,9130222823406097446,4272,1791358056869585656,13.900585656,True
1791358056901673015,,1811,bird_eye,0,0,False,0.0,unknown_pulse_complete,9130222823406097446,4273,1791358056901968501,13.932968501,True
1791358056935355423,,1812,bird_eye,0,0,False,0.0,unknown_pulse_complete,9130222823406097446,4275,1791358056935598463,13.966598463,True
1791358056968304196,,1813,bird_eye,0,0,False,0.0,unknown_pulse_complete,9130222823406097446,4277,1791358056968555508,13.999555508,True
1791358057001188786,,1814,bird_eye,0,0,False,0.0,unknown_pulse_complete,9130222823406097446,4278,1791358057001528486,14.032528486,True
1791358057034644530,,1815,bird_eye,0,0,False,0.0,unknown_pulse_complete,9130222823406097446,4280,1791358057034958394,14.065958394,True
1791358057067911004,,1816,bird_eye,0,0,False,0.0,unknown_pulse_complete,9130222823406097446,4282,1791358057068195637,14.099195637,True
1791358057101314215,,1817,bird_eye,0,0,False,0.0,unknown_pulse_complete,9130222823406097446,4283,1791358057101659473,14.132659473,True
1791358057135040886,,1818,bird_eye,0,0,False,0.0,unknown_pulse_complete,9130222823406097446,4285,1791358057135354605,14.166354605,True
1791358057168364895,,1819,bird_eye,0,0,False,0.0,unknown_pulse_complete,9130222823406097446,4287,1791358057168606012,14.199606012,True
1791358057201685465,,1820,bird_eye,0,0,False,0.0,unknown_pulse_complete,9130222823406097446,4288,1791358057201860635,14.232860635,True
1791358057237309029,,1821,bird_eye,0,0,False,0.0,unknown_pulse_complete,9130222823406097446,4290,1791358057237579150,14.26857915,True
1791358057268328959,,1822,bird_eye,0,0,False,0.0,unknown_pulse_complete,9130222823406097446,4292,1791358057268510969,14.299510969,True
1791358057301458629,,1823,bird_eye,0,0,False,0.0,unknown_pulse_complete,9130222823406097446,4293,1791358057301657663,14.332657663,True
1791358057335532449,,1824,bird_eye,0,0,False,0.0,unknown_pulse_complete,9130222823406097446,4295,1791358057335838310,14.36683831,True
1791358057368435024,,1825,bird_eye,0,0,False,0.0,unknown_pulse_complete,9130222823406097446,4297,1791358057368675970,14.39967597,True
1791358057401509750,,1826,bird_eye,0,0,False,0.0,unknown_pulse_complete,9130222823406097446,4298,1791358057401753605,14.432753605,True
1791358057434800473,,1827,bird_eye,0,0,False,0.0,unknown_pulse_complete,9130222823406097446,4300,1791358057435009411,14.466009411,True
1791358057468373164,,1828,bird_eye,0,0,False,0.0,unknown_pulse_complete,9130222823406097446,4302,1791358057468658381,14.499658381,True
1791358057502568926,,1829,bird_eye,0,0,False,0.0,unknown_pulse_complete,9130222823406097446,4303,1791358057502822097,14.533822097,True
1791358057534995789,,1830,bird_eye,0,0,False,0.0,unknown_pulse_complete,9130222823406097446,4305,1791358057535174906,14.566174906,True
1791358057569616997,,1831,bird_eye,2,1,True,0.25,ttc_warning:cadence_triple,9130222823406097446,4307,1791358057569767485,14.600767485,True
1791358057601390080,,1832,bird_eye,2,1,True,0.25,ttc_warning:cadence_triple,9130222823406097446,4308,1791358057601598041,14.632598041,True
1791358057635311135,,1833,bird_eye,2,1,True,0.25,ttc_warning:cadence_triple,9130222823406097446,4310,1791358057635510455,14.666510455,True
1791358057669408647,,1834,bird_eye,2,1,True,0.25,ttc_warning:cadence_triple,9130222823406097446,4312,1791358057669667769,14.700667769,True
1791358057701819946,,1835,bird_eye,0,0,False,0.0,cadence_gap:triple,9130222823406097446,4313,1791358057702109674,14.733109674,True
1791358057734841801,,1836,bird_eye,0,0,False,0.0,cadence_gap:triple,9130222823406097446,4315,1791358057735130302,14.766130302,True
1791358057768293621,,1837,bird_eye,2,1,True,0.25,ttc_warning:cadence_triple,9130222823406097446,4316,1791358057768587157,14.799587157,True
1791358057802462273,,1838,bird_eye,2,1,True,0.25,ttc_warning:cadence_triple,9130222823406097446,4318,1791358057802702070,14.83370207,True
1791358057835089361,,1839,bird_eye,2,1,True,0.25,ttc_warning:cadence_triple,9130222823406097446,4320,1791358057835299046,14.866299046,True
1791358057869087292,,1840,bird_eye,0,0,False,0.0,cadence_gap:triple,9130222823406097446,4322,1791358057869372191,14.900372191,True
1791358057901461978,,1841,bird_eye,0,0,False,0.0,cadence_gap:triple,9130222823406097446,4323,1791358057901671421,14.932671421,True
1791358057935402068,,1842,bird_eye,2,1,True,0.25,ttc_warning:cadence_triple,9130222823406097446,4325,1791358057935712948,14.966712948,True
1791358057968859384,,1843,bird_eye,2,1,True,0.25,ttc_warning:cadence_triple,9130222823406097446,4327,1791358057969091553,15.000091553,True
1791358058002399808,,1844,bird_eye,2,1,True,0.25,ttc_warning:cadence_triple,9130222823406097446,4328,1791358058002829027,15.033829027,True
1791358058044057273,,1845,bird_eye,0,0,False,0.0,cadence_gap:triple,9130222823406097446,4331,1791358058044351886,15.075351886,True
1791358058082327354,,1846,bird_eye,0,0,False,0.0,cadence_complete,9130222823406097446,4332,1791358058082532769,15.113532769,True
1791358058111771135,,1847,bird_eye,0,0,False,0.0,cadence_complete,9130222823406097446,4334,1791358058111937161,15.142937161,True
1791358058140389388,,1848,bird_eye,0,0,False,0.0,cadence_complete,9130222823406097446,4335,1791358058140657655,15.171657655,True
1791358058168709060,,1849,bird_eye,0,0,False,0.0,cadence_complete,9130222823406097446,4337,1791358058168959288,15.199959288,True
1791358058207245239,,1850,bird_eye,0,0,False,0.0,cadence_complete,9130222823406097446,4338,1791358058207367744,15.238367744,True
1791358058236753538,,1851,bird_eye,0,0,False,0.0,cadence_complete,9130222823406097446,4340,1791358058236961216,15.267961216,True
1791358058269230249,,1852,bird_eye,0,0,False,0.0,cadence_complete,9130222823406097446,4342,1791358058269421737,15.300421737,True
1791358058305287492,,1853,bird_eye,0,0,False,0.0,cadence_complete,9130222823406097446,4344,1791358058305504977,15.336504977,True
1791358058335601016,,1854,bird_eye,0,0,False,0.0,cadence_complete,9130222823406097446,4345,1791358058335853360,15.36685336,True
1791358058368650867,,1855,bird_eye,0,0,False,0.0,cadence_complete,9130222823406097446,4347,1791358058368865578,15.399865578,True
1791358058402318286,,1856,bird_eye,0,0,False,0.0,cadence_complete,9130222823406097446,4348,1791358058402490233,15.433490233,True
1791358058435267590,,1857,bird_eye,0,0,False,0.0,cadence_complete,9130222823406097446,4350,1791358058435557650,15.46655765,True
1791358058472723577,,1858,bird_eye,0,0,False,0.0,cadence_complete,9130222823406097446,4352,1791358058472975817,15.503975817,True
1791358058503484947,,1859,bird_eye,0,0,False,0.0,cadence_complete,9130222823406097446,4353,1791358058503693515,15.534693515,True
1791358058535509045,,1860,bird_eye,0,0,False,0.0,cadence_complete,9130222823406097446,4355,1791358058535734170,15.56673417,True
1791358058576373702,,1861,bird_eye,0,0,False,0.0,cadence_complete,9130222823406097446,4357,1791358058576598735,15.607598735,True
1791358058603806853,,1862,bird_eye,0,0,False,0.0,cadence_complete,9130222823406097446,4359,1791358058604124362,15.635124362,True
1791358058635253848,,1863,bird_eye,0,0,False,0.0,cadence_complete,9130222823406097446,4360,1791358058635594636,15.666594636,True
1791358058672492061,,1864,bird_eye,0,0,False,0.0,cadence_complete,9130222823406097446,4362,1791358058672758648,15.703758648,True
1791358058701770829,,1865,bird_eye,0,0,False,0.0,cadence_complete,9130222823406097446,4363,1791358058702047209,15.733047209,True
1791358058740261584,,1866,bird_eye,0,0,False,0.0,cadence_complete,9130222823406097446,4365,1791358058740543198,15.771543198,True
1791358058780422044,,1867,bird_eye,0,0,False,0.0,cadence_complete,9130222823406097446,4367,1791358058780665149,15.811665149,True
1791358058808978500,,1868,bird_eye,0,0,False,0.0,cadence_complete,9130222823406097446,4369,1791358058809118892,15.840118892,True
1791358058851529632,,1869,bird_eye,0,0,False,0.0,cadence_complete,9130222823406097446,4371,1791358058851699089,15.882699089,True
1791358058884552447,,1870,bird_eye,0,0,False,0.0,cadence_complete,9130222823406097446,4373,1791358058884652198,15.915652198,True
1791358058915532647,,1871,bird_eye,0,0,False,0.0,cadence_complete,9130222823406097446,4374,1791358058915661742,15.946661742,True
1791358058950897017,,1872,bird_eye,0,0,False,0.0,cadence_complete,9130222823406097446,4376,1791358058951073020,15.98207302,True
1791358058979208206,,1873,bird_eye,0,0,False,0.0,cadence_complete,9130222823406097446,4377,1791358058979359739,16.010359739,True
1791358059008063717,,1874,bird_eye,0,0,False,0.0,cadence_complete,9130222823406097446,4379,1791358059008254636,16.039254636,True
1791358059038620350,,1875,bird_eye,0,0,False,0.0,cadence_complete,9130222823406097446,4380,1791358059038969918,16.069969918,True
1791358059069488471,,1876,bird_eye,0,0,False,0.0,cadence_complete,9130222823406097446,4382,1791358059069843518,16.100843518,True
1791358059108076855,,1877,bird_eye,0,0,False,0.0,cadence_complete,9130222823406097446,4384,1791358059108221480,16.13922148,True
1791358059137110810,,1878,bird_eye,0,0,False,0.0,cadence_complete,9130222823406097446,4385,1791358059137377204,16.168377204,True
1791358059167791878,,1879,bird_eye,0,0,False,0.0,cadence_complete,9130222823406097446,4387,1791358059168012982,16.199012982,True
1791358059200789226,,1880,bird_eye,0,0,False,0.0,cadence_complete,9130222823406097446,4388,1791358059201074346,16.232074346,True
1791358059234262425,,1881,bird_eye,0,0,False,0.0,cadence_complete,9130222823406097446,4390,1791358059234517114,16.265517114,True
1791358059267237681,,1882,bird_eye,0,0,False,0.0,cadence_complete,9130222823406097446,4392,1791358059267566728,16.298566728,True
1791358059300473503,,1883,bird_eye,0,0,False,0.0,cadence_complete,9130222823406097446,4393,1791358059300687290,16.33168729,True
1791358059338009461,,1884,bird_eye,0,0,False,0.0,cadence_complete,9130222823406097446,4395,1791358059338363317,16.369363317,True
1791358059367365241,,1885,bird_eye,0,0,False,0.0,cadence_complete,9130222823406097446,4397,1791358059367596818,16.398596818,True
1791358059411267016,,1886,bird_eye,0,0,False,0.0,cadence_complete,9130222823406097446,4399,1791358059411612283,16.442612283,True
1791358059442889111,,1887,bird_eye,0,0,False,0.0,cadence_complete,9130222823406097446,4400,1791358059443220826,16.474220826,True
1791358059478934974,,1888,bird_eye,0,0,False,0.0,cadence_complete,9130222823406097446,4402,1791358059479057243,16.510057243,True
1791358059518326523,,1889,bird_eye,0,0,False,0.0,cadence_complete,9130222823406097446,4404,1791358059518446749,16.549446749,True
1791358059547377973,,1890,bird_eye,0,0,False,0.0,cadence_complete,9130222823406097446,4406,1791358059547515888,16.578515888,True
1791358059576061696,,1891,bird_eye,0,0,False,0.0,cadence_complete,9130222823406097446,4407,1791358059576468205,16.607468205,True
1791358059605242353,,1892,bird_eye,0,0,False,0.0,cadence_complete,9130222823406097446,4408,1791358059605535772,16.636535772,True
1791358059635348811,,1893,bird_eye,0,0,False,0.0,cadence_complete,9130222823406097446,4410,1791358059635783509,16.666783509,True
1791358059667802373,,1894,bird_eye,0,0,False,0.0,cadence_complete,9130222823406097446,4412,1791358059668223640,16.69922364,True
1791358059706827697,,1895,bird_eye,0,0,False,0.0,cadence_complete,9130222823406097446,4414,1791358059707315955,16.738315955,True
1791358059735022731,,1896,bird_eye,0,0,False,0.0,cadence_complete,9130222823406097446,4415,1791358059735472199,16.766472199,True
1791358059767379537,,1897,bird_eye,0,0,False,0.0,cadence_complete,9130222823406097446,4417,1791358059767644098,16.798644098,True
1791358059810367175,,1898,bird_eye,0,0,False,0.0,cadence_complete,9130222823406097446,4419,1791358059810643672,16.841643672,True
1791358059844026833,,1899,bird_eye,0,0,False,0.0,cadence_complete,9130222823406097446,4421,1791358059844322666,16.875322666,True
1791358059871409195,,1900,bird_eye,0,0,False,0.0,cadence_complete,9130222823406097446,4422,1791358059871867984,16.902867984,True
1791358059901742466,,1901,bird_eye,0,0,False,0.0,cadence_complete,9130222823406097446,4423,1791358059902053785,16.933053785,True
1791358059934850208,,1902,bird_eye,0,0,False,0.0,cadence_complete,9130222823406097446,4425,1791358059935225472,16.966225472,True
1791358059967824780,,1903,bird_eye,0,0,False,0.0,cadence_complete,9130222823406097446,4427,1791358059968074626,16.999074626,True
1791358060001228326,,1904,bird_eye,0,0,False,0.0,cadence_complete,9130222823406097446,4428,1791358060001514922,17.032514922,True
1791358060034115641,,1905,bird_eye,0,0,False,0.0,cadence_complete,9130222823406097446,4430,1791358060034365592,17.065365592,True
1791358060070208441,,1906,bird_eye,0,0,False,0.0,cadence_complete,9130222823406097446,4432,1791358060070517996,17.101517996,True
1791358060101043442,,1907,bird_eye,0,0,False,0.0,cadence_complete,9130222823406097446,4433,1791358060101266893,17.132266893,True
1791358060138758855,,1908,bird_eye,0,0,False,0.0,cadence_complete,9130222823406097446,4435,1791358060139100869,17.170100869,True
1791358060167674685,,1909,bird_eye,0,0,False,0.0,cadence_complete,9130222823406097446,4437,1791358060167997226,17.198997226,True
1791358060203153929,,1910,bird_eye,0,0,False,0.0,cadence_complete,9130222823406097446,4438,1791358060203795627,17.234795627,True
1791358060277670639,,1911,bird_eye,0,0,False,0.0,cadence_complete,9130222823406097446,4442,1791358060277925497,17.308925497,True
1791358060344660660,,1912,bird_eye,0,0,False,0.0,cadence_complete,9130222823406097446,4446,1791358060344929753,17.375929753,True
1791358060373468787,,1913,bird_eye,0,0,False,0.0,cadence_complete,9130222823406097446,4447,1791358060373859515,17.404859515,True
1791358060402047372,,1914,bird_eye,0,0,False,0.0,cadence_complete,9130222823406097446,4448,1791358060402304636,17.433304636,True
1791358060434449518,,1915,bird_eye,0,0,False,0.0,cadence_complete,9130222823406097446,4450,1791358060434667729,17.465667729,True
1791358060469970790,,1916,bird_eye,0,0,False,0.0,cadence_complete,9130222823406097446,4452,1791358060470408325,17.501408325,True
1791358060501429611,,1917,bird_eye,0,0,False,0.0,cadence_complete,9130222823406097446,4453,1791358060501657170,17.53265717,True
1791358060533884995,,1918,bird_eye,0,0,False,0.0,cadence_complete,9130222823406097446,4455,1791358060534138945,17.565138945,True
1791358060567656517,,1919,bird_eye,0,0,False,0.0,cadence_complete,9130222823406097446,4457,1791358060567923950,17.59892395,True
1791358060600726089,,1920,bird_eye,0,0,False,0.0,cadence_complete,9130222823406097446,4458,1791358060601002967,17.632002967,True
1791358060634542989,,1921,bird_eye,0,0,False,0.0,cadence_complete,9130222823406097446,4460,1791358060634741291,17.665741291,True
1791358060667112909,,1922,bird_eye,0,0,False,0.0,cadence_complete,9130222823406097446,4461,1791358060667284509,17.698284509,True
1791358060701339699,,1923,bird_eye,0,0,False,0.0,cadence_complete,9130222823406097446,4463,1791358060701498025,17.732498025,True
1791358060735085435,,1924,bird_eye,0,0,False,0.0,cadence_complete,9130222823406097446,4465,1791358060735287837,17.766287837,True
1791358060770674782,,1925,bird_eye,0,0,False,0.0,cadence_complete,9130222823406097446,4467,1791358060770940861,17.801940861,True
1791358060802411818,,1926,bird_eye,0,0,False,0.0,cadence_complete,9130222823406097446,4468,1791358060802645632,17.833645632,True
1791358060834247926,,1927,bird_eye,0,0,False,0.0,cadence_complete,9130222823406097446,4470,1791358060834417359,17.865417359,True
1791358060867416340,,1928,bird_eye,0,0,False,0.0,cadence_complete,9130222823406097446,4472,1791358060867554528,17.898554528,True
1791358060900870148,,1929,bird_eye,0,0,False,0.0,cadence_complete,9130222823406097446,4473,1791358060901012046,17.932012046,True
1791358060937014254,,1930,bird_eye,0,0,False,0.0,cadence_complete,9130222823406097446,4475,1791358060937341029,17.968341029,True
1791358060974259681,,1931,bird_eye,0,0,False,0.0,cadence_complete,9130222823406097446,4477,1791358060974650136,18.005650136,True
1791358061002002749,,1932,bird_eye,0,0,False,0.0,cadence_complete,9130222823406097446,4478,1791358061002295951,18.033295951,True
1791358061034115373,,1933,bird_eye,0,0,False,0.0,cadence_complete,9130222823406097446,4480,1791358061034353809,18.065353809,True
1791358061067368772,,1934,bird_eye,0,0,False,0.0,cadence_complete,9130222823406097446,4482,1791358061067648129,18.098648129,True
1791358061100536198,,1935,bird_eye,0,0,False,0.0,cadence_complete,9130222823406097446,4483,1791358061100841841,18.131841841,True
1791358061134410826,,1936,bird_eye,0,0,False,0.0,cadence_complete,9130222823406097446,4485,1791358061134573340,18.16557334,True
1791358061167163517,,1937,bird_eye,0,0,False,0.0,cadence_complete,9130222823406097446,4487,1791358061167434033,18.198434033,True
1791358061203094785,,1938,bird_eye,0,0,False,0.0,cadence_complete,9130222823406097446,4488,1791358061203377466,18.234377466,True
1791358061235175618,,1939,bird_eye,0,0,False,0.0,cadence_complete,9130222823406097446,4490,1791358061235403192,18.266403192,True
1791358061267216731,,1940,bird_eye,0,0,False,0.0,cadence_complete,9130222823406097446,4492,1791358061267406081,18.298406081,True
1791358061300575653,,1941,bird_eye,0,0,False,0.0,cadence_complete,9130222823406097446,4493,1791358061300832678,18.331832678,True
1791358061334534849,,1942,bird_eye,0,0,False,0.0,cadence_complete,9130222823406097446,4495,1791358061334828678,18.365828678,True
1791358061367747879,,1943,bird_eye,0,0,False,0.0,cadence_complete,9130222823406097446,4497,1791358061368036917,18.399036917,True
1791358061401715713,,1944,bird_eye,0,0,False,0.0,cadence_complete,9130222823406097446,4498,1791358061401912590,18.43291259,True
1791358061434481717,,1945,bird_eye,0,0,False,0.0,cadence_complete,9130222823406097446,4500,1791358061434690185,18.465690185,True
1791358061467610009,,1946,bird_eye,0,0,False,0.0,cadence_complete,9130222823406097446,4502,1791358061467815760,18.49881576,True
1791358061500696001,,1947,bird_eye,0,0,False,0.0,cadence_complete,9130222823406097446,4503,1791358061500999257,18.531999257,True
1791358061534653014,,1948,bird_eye,0,0,False,0.0,cadence_complete,9130222823406097446,4505,1791358061535028075,18.566028075,True
1791358061567715334,,1949,bird_eye,0,0,False,0.0,cadence_complete,9130222823406097446,4507,1791358061568014833,18.599014833,True
1791358061601094678,,1950,bird_eye,0,0,False,0.0,cadence_complete,9130222823406097446,4508,1791358061601446772,18.632446772,True
1791358061635876192,,1951,bird_eye,0,0,False,0.0,cadence_complete,9130222823406097446,4510,1791358061636154597,18.667154597,True
1791358061667197964,,1952,bird_eye,0,0,False,0.0,cadence_complete,9130222823406097446,4512,1791358061667365528,18.698365528,True
1791358061742238373,,1953,bird_eye,0,0,False,0.0,cadence_complete,9130222823406097446,4515,1791358061742402190,18.77340219,True
1791358061807643172,,1954,bird_eye,0,0,False,0.0,cadence_complete,9130222823406097446,4519,1791358061807951255,18.838951255,True
1791358061835333838,,1955,bird_eye,0,0,False,0.0,cadence_complete,9130222823406097446,4520,1791358061835510695,18.866510695,True
1791358061869318239,,1956,bird_eye,0,0,False,0.0,cadence_complete,9130222823406097446,4522,1791358061869582333,18.900582333,True
1791358061902659338,,1957,bird_eye,0,0,False,0.0,cadence_complete,9130222823406097446,4523,1791358061902912159,18.933912159,True
1791358061933830277,,1958,bird_eye,0,0,False,0.0,cadence_complete,9130222823406097446,4525,1791358061934088554,18.965088554,True
1791358061967180430,,1959,bird_eye,0,0,False,0.0,cadence_complete,9130222823406097446,4527,1791358061967408476,18.998408476,True
1791358062001695443,,1960,bird_eye,0,0,False,0.0,cadence_complete,9130222823406097446,4528,1791358062001956593,19.032956593,True
1791358062034441168,,1961,bird_eye,0,0,False,0.0,cadence_complete,9130222823406097446,4530,1791358062034633423,19.065633423,True
1791358062067361602,,1962,bird_eye,0,0,False,0.0,cadence_complete,9130222823406097446,4532,1791358062067507967,19.098507967,True
1791358062100462739,,1963,bird_eye,0,0,False,0.0,cadence_complete,9130222823406097446,4533,1791358062100615818,19.131615818,True
1791358062134410789,,1964,bird_eye,0,0,False,0.0,cadence_complete,9130222823406097446,4535,1791358062134564087,19.165564087,True
1791358062168405339,,1965,bird_eye,0,0,False,0.0,cadence_complete,9130222823406097446,4537,1791358062168625150,19.19962515,True
1791358062200573000,,1966,bird_eye,0,0,False,0.0,cadence_complete,9130222823406097446,4538,1791358062200724333,19.231724333,True
1791358062235867963,,1967,bird_eye,0,0,False,0.0,cadence_complete,9130222823406097446,4540,1791358062236032381,19.267032381,True
1791358062267476868,,1968,bird_eye,0,0,False,0.0,cadence_complete,9130222823406097446,4541,1791358062267619661,19.298619661,True
1791358062300597898,,1969,bird_eye,0,0,False,0.0,cadence_complete,9130222823406097446,4543,1791358062300746466,19.331746466,True
1791358062334103996,,1970,bird_eye,0,0,False,0.0,cadence_complete,9130222823406097446,4545,1791358062334323913,19.365323913,True
1791358062368872260,,1971,bird_eye,0,0,False,0.0,cadence_complete,9130222823406097446,4547,1791358062369052187,19.400052187,True
1791358062400963725,,1972,bird_eye,0,0,False,0.0,cadence_complete,9130222823406097446,4548,1791358062401176514,19.432176514,True
1791358062434033412,,1973,bird_eye,0,0,False,0.0,cadence_complete,9130222823406097446,4550,1791358062434279238,19.465279238,True
1791358062467136434,,1974,bird_eye,0,0,False,0.0,cadence_complete,9130222823406097446,4552,1791358062467400176,19.498400176,True
1791358062500680765,,1975,bird_eye,0,0,False,0.0,cadence_complete,9130222823406097446,4553,1791358062500921148,19.531921148,True
1791358062533990216,,1976,bird_eye,0,0,False,0.0,cadence_complete,9130222823406097446,4555,1791358062534246306,19.565246306,True
1791358062567091426,,1977,bird_eye,0,0,False,0.0,cadence_complete,9130222823406097446,4557,1791358062567356012,19.598356012,True
1791358062600831676,,1978,bird_eye,0,0,False,0.0,cadence_complete,9130222823406097446,4558,1791358062601113379,19.632113379,True
1791358062635616613,,1979,bird_eye,0,0,False,0.0,cadence_complete,9130222823406097446,4560,1791358062635883156,19.666883156,True
1791358062667900760,,1980,bird_eye,0,0,False,0.0,cadence_complete,9130222823406097446,4561,1791358062668098437,19.699098437,True
1791358062703735478,,1981,bird_eye,0,0,False,0.0,cadence_complete,9130222823406097446,4564,1791358062703910155,19.734910155,True
1791358062734342688,,1982,bird_eye,0,0,False,0.0,cadence_complete,9130222823406097446,4565,1791358062734603588,19.765603588,True
1791358062767694801,,1983,bird_eye,0,0,False,0.0,cadence_complete,9130222823406097446,4567,1791358062767944972,19.798944972,True
1791358062802211138,,1984,bird_eye,0,0,False,0.0,cadence_complete,9130222823406097446,4568,1791358062802533756,19.833533756,True
1791358062833968481,,1985,bird_eye,0,0,False,0.0,cadence_complete,9130222823406097446,4570,1791358062834115213,19.865115213,True
1791358062870266164,,1986,bird_eye,0,0,False,0.0,cadence_complete,9130222823406097446,4572,1791358062870600075,19.901600075,True
1791358062900900940,,1987,bird_eye,0,0,False,0.0,cadence_complete,9130222823406097446,4573,1791358062901152386,19.932152386,True
1791358062935695292,,1988,bird_eye,0,0,False,0.0,cadence_complete,9130222823406097446,4575,1791358062935893756,19.966893756,True
1791358062968222353,,1989,bird_eye,0,0,False,0.0,cadence_complete,9130222823406097446,4577,1791358062968504369,19.999504369,True
1791358063001248119,,1990,bird_eye,0,0,False,0.0,cadence_complete,9130222823406097446,4578,1791358063001536626,20.032536626,True
1791358063034407254,,1991,bird_eye,0,0,False,0.0,cadence_complete,9130222823406097446,4580,1791358063034689803,20.065689803,True
1791358063068649044,,1992,bird_eye,0,0,False,0.0,cadence_complete,9130222823406097446,4582,1791358063068944775,20.099944775,True
1791358063101179708,,1993,bird_eye,0,0,False,0.0,cadence_complete,9130222823406097446,4583,1791358063101395077,20.132395077,True
1791358063135583925,,1994,bird_eye,0,0,False,0.0,cadence_complete,9130222823406097446,4585,1791358063135873237,20.166873237,True
1791358063169660606,,1995,bird_eye,0,0,False,0.0,cadence_complete,9130222823406097446,4587,1791358063169960975,20.200960975,True
1791358063200697236,,1996,bird_eye,0,0,False,0.0,cadence_complete,9130222823406097446,4588,1791358063200975461,20.231975461,True
1791358063234782820,,1997,bird_eye,0,0,False,0.0,cadence_complete,9130222823406097446,4590,1791358063235052283,20.266052283,True
1791358063269654330,,1998,bird_eye,0,0,False,0.0,cadence_complete,9130222823406097446,4592,1791358063269969771,20.300969771,True
1791358063302600740,,1999,bird_eye,0,0,False,0.0,cadence_complete,9130222823406097446,4593,1791358063302842587,20.333842587,True
1791358063334679174,,2000,bird_eye,0,0,False,0.0,cadence_complete,9130222823406097446,4595,1791358063334838070,20.36583807,True
1791358063370700162,,2001,bird_eye,0,0,False,0.0,cadence_complete,9130222823406097446,4597,1791358063370990541,20.401990541,True
1791358063401028887,,2002,bird_eye,0,0,False,0.0,cadence_complete,9130222823406097446,4598,1791358063401171152,20.432171152,True
1791358063434131460,,2003,bird_eye,0,0,False,0.0,cadence_complete,9130222823406097446,4600,1791358063434358513,20.465358513,True
1791358063469142230,,2004,bird_eye,0,0,False,0.0,cadence_complete,9130222823406097446,4602,1791358063469353012,20.500353012,True
1791358063501519471,,2005,bird_eye,0,0,False,0.0,cadence_complete,9130222823406097446,4603,1791358063501823727,20.532823727,True
1791358063534206366,,2006,bird_eye,0,0,False,0.0,cadence_complete,9130222823406097446,4605,1791358063534485119,20.565485119,True
1791358063570023800,,2007,bird_eye,0,0,False,0.0,cadence_complete,9130222823406097446,4607,1791358063570185564,20.601185564,True
1791358063602594122,,2008,bird_eye,0,0,False,0.0,cadence_complete,9130222823406097446,4608,1791358063602900082,20.633900082,True
1791358063634101553,,2009,bird_eye,0,0,False,0.0,cadence_complete,9130222823406097446,4610,1791358063634400022,20.665400022,True
1791358063668462195,,2010,bird_eye,0,0,False,0.0,cadence_complete,9130222823406097446,4612,1791358063668730381,20.699730381,True
1791358063700914957,,2011,bird_eye,0,0,False,0.0,cadence_complete,9130222823406097446,4613,1791358063701135296,20.732135296,True
1791358063734491447,,2012,bird_eye,0,0,False,0.0,cadence_complete,9130222823406097446,4615,1791358063734733028,20.765733028,True
1791358063767534097,,2013,bird_eye,0,0,False,0.0,cadence_complete,9130222823406097446,4617,1791358063767713857,20.798713857,True
1791358063802012221,,2014,bird_eye,0,0,False,0.0,cadence_complete,9130222823406097446,4618,1791358063802157287,20.833157287,True
1791358063834009943,,2015,bird_eye,0,0,False,0.0,cadence_complete,9130222823406097446,4620,1791358063834156132,20.865156132,True
1791358063867613754,,2016,bird_eye,0,0,False,0.0,cadence_complete,9130222823406097446,4622,1791358063867882572,20.898882572,True
1791358063903904194,,2017,bird_eye,0,0,False,0.0,cadence_complete,9130222823406097446,4623,1791358063904135520,20.93513552,True
1791358063934812995,,2018,bird_eye,0,0,False,0.0,cadence_complete,9130222823406097446,4625,1791358063935070559,20.966070559,True
1791358063967607962,,2019,bird_eye,0,0,False,0.0,cadence_complete,9130222823406097446,4627,1791358063967862972,20.998862972,True
1791358064002502840,,2020,bird_eye,0,0,False,0.0,cadence_complete,9130222823406097446,4628,1791358064002717968,21.033717968,True
1791358064034666638,,2021,bird_eye,0,0,False,0.0,cadence_complete,9130222823406097446,4630,1791358064034956166,21.065956166,True
1791358064067794875,,2022,bird_eye,0,0,False,0.0,cadence_complete,9130222823406097446,4632,1791358064068231982,21.099231982,True
1791358064100909100,,2023,bird_eye,0,0,False,0.0,cadence_complete,9130222823406097446,4633,1791358064101227102,21.132227102,True
1791358064134200065,,2024,bird_eye,0,0,False,0.0,cadence_complete,9130222823406097446,4635,1791358064134478461,21.165478461,True
1791358064170664436,,2025,bird_eye,0,0,False,0.0,cadence_complete,9130222823406097446,4637,1791358064170996999,21.201996999,True
1791358064201784962,,2026,bird_eye,0,0,False,0.0,cadence_complete,9130222823406097446,4638,1791358064202094244,21.233094244,True
1791358064235665972,,2027,bird_eye,0,0,False,0.0,cadence_complete,9130222823406097446,4640,1791358064235973873,21.266973873,True
1791358064269584472,,2028,bird_eye,0,0,False,0.0,cadence_complete,9130222823406097446,4642,1791358064269870690,21.30087069,True
1791358064303881571,,2029,bird_eye,0,0,False,0.0,cadence_complete,9130222823406097446,4644,1791358064304170529,21.335170529,True
1791358064336324243,,2030,bird_eye,0,0,False,0.0,cadence_complete,9130222823406097446,4645,1791358064336638648,21.367638648,True
1791358064368637956,,2031,bird_eye,0,0,False,0.0,cadence_complete,9130222823406097446,4647,1791358064368874812,21.399874812,True
1791358064401655639,,2032,bird_eye,0,0,False,0.0,cadence_complete,9130222823406097446,4648,1791358064401889852,21.432889852,True
1791358064435191480,,2033,bird_eye,0,0,False,0.0,cadence_complete,9130222823406097446,4650,1791358064435487974,21.466487974,True
1791358064469058943,,2034,bird_eye,0,0,False,0.0,cadence_complete,9130222823406097446,4652,1791358064469173671,21.500173671,True
1791358064502942622,,2035,bird_eye,0,0,False,0.0,cadence_complete,9130222823406097446,4653,1791358064503140856,21.534140856,True
1791358064534835344,,2036,bird_eye,0,0,False,0.0,cadence_complete,9130222823406097446,4655,1791358064535169843,21.566169843,True
1791358064567567377,,2037,bird_eye,0,0,False,0.0,cadence_complete,9130222823406097446,4657,1791358064567773646,21.598773646,True
1791358064609725854,,2038,bird_eye,0,0,False,0.0,cadence_complete,9130222823406097446,4659,1791358064609947439,21.640947439,True
1791358064639098649,,2039,bird_eye,0,0,False,0.0,cadence_complete,9130222823406097446,4660,1791358064639340515,21.670340515,True
1791358064673739194,,2040,bird_eye,0,0,False,0.0,cadence_complete,9130222823406097446,4662,1791358064673891200,21.7048912,True
1791358064705670153,,2041,bird_eye,0,0,False,0.0,cadence_complete,9130222823406097446,4664,1791358064705903201,21.736903201,True
1791358064743341857,,2042,bird_eye,0,0,False,0.0,cadence_complete,9130222823406097446,4666,1791358064743573055,21.774573055,True
1791358064781907474,,2043,bird_eye,0,0,False,0.0,cadence_complete,9130222823406097446,4667,1791358064782265407,21.813265407,True
1791358064812204847,,2044,bird_eye,0,0,False,0.0,cadence_complete,9130222823406097446,4669,1791358064812467470,21.84346747,True
1791358064841107475,,2045,bird_eye,0,0,False,0.0,cadence_complete,9130222823406097446,4670,1791358064841770220,21.87277022,True
1791358064869494049,,2046,bird_eye,0,0,False,0.0,cadence_complete,9130222823406097446,4672,1791358064869714139,21.900714139,True
1791358064906453049,,2047,bird_eye,0,0,False,0.0,cadence_complete,9130222823406097446,4674,1791358064906697831,21.937697831,True
1791358064938219976,,2048,bird_eye,0,0,False,0.0,cadence_complete,9130222823406097446,4675,1791358064938431529,21.969431529,True
1791358064969582702,,2049,bird_eye,0,0,False,0.0,cadence_complete,9130222823406097446,4677,1791358064969739297,22.000739297,True
1791358065000765651,,2050,bird_eye,0,0,False,0.0,cadence_complete,9130222823406097446,4678,1791358065000935939,22.031935939,True
1791358065035532067,,2051,bird_eye,0,0,False,0.0,cadence_complete,9130222823406097446,4680,1791358065035698794,22.066698794,True
1791358065069573508,,2052,bird_eye,0,0,False,0.0,cadence_complete,9130222823406097446,4682,1791358065069766585,22.100766585,True
1791358065101636425,,2053,bird_eye,0,0,False,0.0,cadence_complete,9130222823406097446,4683,1791358065101803940,22.13280394,True
1791358065134146056,,2054,bird_eye,0,0,False,0.0,cadence_complete,9130222823406097446,4685,1791358065134363736,22.165363736,True
1791358065173237224,,2055,bird_eye,0,0,False,0.0,cadence_complete,9130222823406097446,4687,1791358065173404572,22.204404572,True
1791358065201588796,,2056,bird_eye,0,0,False,0.0,cadence_complete,9130222823406097446,4688,1791358065201815479,22.232815479,True
1791358065234288438,,2057,bird_eye,0,0,False,0.0,cadence_complete,9130222823406097446,4690,1791358065234439328,22.265439328,True
1791358065269951665,,2058,bird_eye,0,0,False,0.0,cadence_complete,9130222823406097446,4692,1791358065270111984,22.301111984,True
1791358065301280652,,2059,bird_eye,0,0,False,0.0,cadence_complete,9130222823406097446,4693,1791358065301432166,22.332432166,True
1791358065334464662,,2060,bird_eye,0,0,False,0.0,cadence_complete,9130222823406097446,4695,1791358065334630335,22.365630335,True
1791358065368006034,,2061,bird_eye,0,0,False,0.0,cadence_complete,9130222823406097446,4697,1791358065368152946,22.399152946,True
1791358065401410868,,2062,bird_eye,0,0,False,0.0,cadence_complete,9130222823406097446,4698,1791358065401583205,22.432583205,True
1791358065434884097,,2063,bird_eye,0,0,False,0.0,cadence_complete,9130222823406097446,4700,1791358065435030064,22.466030064,True
1791358065468427896,,2064,bird_eye,0,0,False,0.0,cadence_complete,9130222823406097446,4702,1791358065468580962,22.499580962,True
1791358065502110392,,2065,bird_eye,0,0,False,0.0,cadence_complete,9130222823406097446,4703,1791358065502241394,22.533241394,True
1791358065535305991,,2066,bird_eye,5,3,True,0.15000000596046448,invalid_or_unknown_perception:cadence_single,9130222823406097446,4705,1791358065535499575,22.566499575,True
1791358065571540335,,2067,bird_eye,5,3,True,0.15000000596046448,invalid_or_unknown_perception:cadence_single,9130222823406097446,4707,1791358065571656682,22.602656682,True
1791358065602064554,,2068,bird_eye,5,3,True,0.15000000596046448,invalid_or_unknown_perception:cadence_single,9130222823406097446,4708,1791358065602235069,22.633235069,True
1791358065635295705,,2069,bird_eye,0,0,False,0.0,unknown_pulse_complete,9130222823406097446,4710,1791358065635418572,22.666418572,True
1791358065668572609,,2070,bird_eye,0,0,False,0.0,unknown_pulse_complete,9130222823406097446,4712,1791358065668738723,22.699738723,True
1791358065702132648,,2071,bird_eye,0,0,False,0.0,unknown_pulse_complete,9130222823406097446,4713,1791358065702261945,22.733261945,True
1791358065736454406,,2072,bird_eye,0,0,False,0.0,unknown_pulse_complete,9130222823406097446,4715,1791358065736590464,22.767590464,True
1791358065768912203,,2073,bird_eye,0,0,False,0.0,unknown_pulse_complete,9130222823406097446,4717,1791358065769005149,22.800005149,True
1791358065801669728,,2074,bird_eye,0,0,False,0.0,unknown_pulse_complete,9130222823406097446,4718,1791358065801772786,22.832772786,True
1791358065838586909,,2075,bird_eye,0,0,False,0.0,unknown_pulse_complete,9130222823406097446,4720,1791358065838768078,22.869768078,True
1791358065868200837,,2076,bird_eye,0,0,False,0.0,unknown_pulse_complete,9130222823406097446,4722,1791358065868398582,22.899398582,True
1791358065902991657,,2077,bird_eye,0,0,False,0.0,unknown_pulse_complete,9130222823406097446,4723,1791358065903241284,22.934241284,True
1791358065935367563,,2078,bird_eye,0,0,False,0.0,unknown_pulse_complete,9130222823406097446,4725,1791358065935538646,22.966538646,True
1791358065968511071,,2079,bird_eye,0,0,False,0.0,unknown_pulse_complete,9130222823406097446,4727,1791358065968666109,22.999666109,True
1791358066003861163,,2080,bird_eye,0,0,False,0.0,unknown_pulse_complete,9130222823406097446,4729,1791358066003961615,23.034961615,True
1791358066051920540,,2081,bird_eye,0,0,False,0.0,unknown_pulse_complete,9130222823406097446,4731,1791358066052062411,23.083062411,True
1791358066107295670,,2083,bird_eye,0,0,False,0.0,unknown_pulse_complete,9130222823406097446,4734,1791358066107412843,23.138412843,True
1791358066135169998,,2084,bird_eye,0,0,False,0.0,unknown_pulse_complete,9130222823406097446,4735,1791358066135290541,23.166290541,True
1791358066169183362,,2085,bird_eye,0,0,False,0.0,unknown_pulse_complete,9130222823406097446,4737,1791358066169294915,23.200294915,True
1791358066205513608,,2086,bird_eye,0,0,False,0.0,unknown_pulse_complete,9130222823406097446,4739,1791358066205720067,23.236720067,True
1791358066241174473,,2087,bird_eye,0,0,False,0.0,unknown_pulse_complete,9130222823406097446,4740,1791358066241312016,23.272312016,True
1791358066268549281,,2088,bird_eye,0,0,False,0.0,unknown_pulse_complete,9130222823406097446,4742,1791358066268668091,23.299668091,True
1791358066303608242,,2089,bird_eye,0,0,False,0.0,unknown_pulse_complete,9130222823406097446,4744,1791358066303896584,23.334896584,True
1791358066335513131,,2090,bird_eye,0,0,False,0.0,unknown_pulse_complete,9130222823406097446,4745,1791358066335697180,23.36669718,True
1791358066369084838,,2091,bird_eye,0,0,False,0.0,unknown_pulse_complete,9130222823406097446,4747,1791358066369281907,23.400281907,True
1791358066409639664,,2092,bird_eye,0,0,False,0.0,unknown_pulse_complete,9130222823406097446,4749,1791358066409887178,23.440887178,True
1791358066448006789,,2093,bird_eye,0,0,False,0.0,unknown_pulse_complete,9130222823406097446,4751,1791358066448339433,23.479339433,True
1791358066485085445,,2094,bird_eye,0,0,False,0.0,unknown_pulse_complete,9130222823406097446,4753,1791358066485228091,23.516228091,True
1791358066515310699,,2095,bird_eye,0,0,False,0.0,unknown_pulse_complete,9130222823406097446,4754,1791358066515399370,23.54639937,True
1791358066551581260,,2096,bird_eye,0,0,False,0.0,unknown_pulse_complete,9130222823406097446,4756,1791358066551768202,23.582768202,True
1791358066578807399,,2097,bird_eye,0,0,False,0.0,unknown_pulse_complete,9130222823406097446,4757,1791358066578939177,23.609939177,True
1791358066613952349,,2098,bird_eye,0,0,False,0.0,unknown_pulse_complete,9130222823406097446,4759,1791358066614088464,23.645088464,True
1791358066642119925,,2099,bird_eye,0,0,False,0.0,unknown_pulse_complete,9130222823406097446,4760,1791358066642418613,23.673418613,True
1791358066670403249,,2100,bird_eye,0,0,False,0.0,unknown_pulse_complete,9130222823406097446,4762,1791358066670735624,23.701735624,True
1791358066701494988,,2101,bird_eye,0,0,False,0.0,unknown_pulse_complete,9130222823406097446,4763,1791358066701884625,23.732884625,True
1791358066735154721,,2102,bird_eye,0,0,False,0.0,unknown_pulse_complete,9130222823406097446,4765,1791358066735490648,23.766490648,True
1791358066769637784,,2103,bird_eye,0,0,False,0.0,unknown_pulse_complete,9130222823406097446,4767,1791358066769912921,23.800912921,True
1791358066802276044,,2104,bird_eye,0,0,False,0.0,unknown_pulse_complete,9130222823406097446,4768,1791358066802523558,23.833523558,True
1791358066834645917,,2105,bird_eye,0,0,False,0.0,unknown_pulse_complete,9130222823406097446,4770,1791358066834964557,23.865964557,True
1791358066870394253,,2106,bird_eye,0,0,False,0.0,unknown_pulse_complete,9130222823406097446,4772,1791358066870717740,23.90171774,True
1791358066901621026,,2107,bird_eye,0,0,False,0.0,unknown_pulse_complete,9130222823406097446,4773,1791358066901954703,23.932954703,True
1791358066934829913,,2108,bird_eye,0,0,False,0.0,unknown_pulse_complete,9130222823406097446,4775,1791358066935113392,23.966113392,True
1791358066968463328,,2109,bird_eye,0,0,False,0.0,unknown_pulse_complete,9130222823406097446,4777,1791358066968615477,23.999615477,True
1791358067005228873,,2110,bird_eye,0,0,False,0.0,unknown_pulse_complete,9130222823406097446,4779,1791358067005451375,24.036451375,True
1791358067034763980,,2111,bird_eye,0,0,False,0.0,unknown_pulse_complete,9130222823406097446,4780,1791358067035030974,24.066030974,True
1791358067068332620,,2112,bird_eye,0,0,False,0.0,unknown_pulse_complete,9130222823406097446,4782,1791358067068538559,24.099538559,True
1791358067101466339,,2113,bird_eye,0,0,False,0.0,unknown_pulse_complete,9130222823406097446,4783,1791358067101795457,24.132795457,True
1791358067134867404,,2114,bird_eye,0,0,False,0.0,unknown_pulse_complete,9130222823406097446,4785,1791358067135055760,24.16605576,True
1791358067168544708,,2115,bird_eye,0,0,False,0.0,unknown_pulse_complete,9130222823406097446,4787,1791358067168699772,24.199699772,True
1791358067203809955,,2116,bird_eye,0,0,False,0.0,unknown_pulse_complete,9130222823406097446,4788,1791358067204070198,24.235070198,True
1791358067236815659,,2117,bird_eye,0,0,False,0.0,unknown_pulse_complete,9130222823406097446,4790,1791358067237099390,24.26809939,True
1791358067270476581,,2118,bird_eye,0,0,False,0.0,unknown_pulse_complete,9130222823406097446,4792,1791358067270651479,24.301651479,True
1791358067303279973,,2119,bird_eye,0,0,False,0.0,unknown_pulse_complete,9130222823406097446,4793,1791358067303562476,24.334562476,True
1791358067334819657,,2120,bird_eye,0,0,False,0.0,unknown_pulse_complete,9130222823406097446,4795,1791358067335175037,24.366175037,True
1791358067368452580,,2121,bird_eye,0,0,False,0.0,unknown_pulse_complete,9130222823406097446,4797,1791358067368840483,24.399840483,True
1791358067403243137,,2122,bird_eye,0,0,False,0.0,unknown_pulse_complete,9130222823406097446,4799,1791358067403440383,24.434440383,True
1791358067437658282,,2123,bird_eye,0,0,False,0.0,unknown_pulse_complete,9130222823406097446,4800,1791358067437875097,24.468875097,True
1791358067467770558,,2124,bird_eye,0,0,False,0.0,unknown_pulse_complete,9130222823406097446,4802,1791358067468026724,24.499026724,True
1791358067506084707,,2125,bird_eye,0,0,False,0.0,unknown_pulse_complete,9130222823406097446,4804,1791358067506250225,24.537250225,True
1791358067540813340,,2126,bird_eye,0,0,False,0.0,unknown_pulse_complete,9130222823406097446,4805,1791358067541117875,24.572117875,True
1791358067574283802,,2127,bird_eye,0,0,False,0.0,unknown_pulse_complete,9130222823406097446,4807,1791358067574538283,24.605538283,True
1791358067606531075,,2128,bird_eye,0,0,False,0.0,unknown_pulse_complete,9130222823406097446,4809,1791358067606740207,24.637740207,True
1791358067649036700,,2129,bird_eye,0,0,False,0.0,unknown_pulse_complete,9130222823406097446,4811,1791358067649178688,24.680178688,True
1791358067678217606,,2130,bird_eye,0,0,False,0.0,unknown_pulse_complete,9130222823406097446,4812,1791358067678412515,24.709412515,True
1791358067705805490,,2131,bird_eye,0,0,False,0.0,unknown_pulse_complete,9130222823406097446,4813,1791358067706127259,24.737127259,True
1791358067734812159,,2132,bird_eye,0,0,False,0.0,unknown_pulse_complete,9130222823406097446,4815,1791358067735078855,24.766078855,True
1791358067768049866,,2133,bird_eye,0,0,False,0.0,unknown_pulse_complete,9130222823406097446,4817,1791358067768311029,24.799311029,True
1791358067803778319,,2134,bird_eye,0,0,False,0.0,unknown_pulse_complete,9130222823406097446,4819,1791358067804017789,24.835017789,True
1791358067836193930,,2135,bird_eye,0,0,False,0.0,unknown_pulse_complete,9130222823406097446,4820,1791358067836478014,24.867478014,True
1791358067868006951,,2136,bird_eye,0,0,False,0.0,unknown_pulse_complete,9130222823406097446,4822,1791358067868255383,24.899255383,True
1791358067903225285,,2137,bird_eye,0,0,False,0.0,unknown_pulse_complete,9130222823406097446,4824,1791358067903394883,24.934394883,True
1791358067935148112,,2138,bird_eye,0,0,False,0.0,unknown_pulse_complete,9130222823406097446,4825,1791358067935384388,24.966384388,True
1791358067968901348,,2139,bird_eye,0,0,False,0.0,unknown_pulse_complete,9130222823406097446,4827,1791358067969063647,25.000063647,True
1791358068002094841,,2140,bird_eye,0,0,False,0.0,unknown_pulse_complete,9130222823406097446,4828,1791358068002354291,25.033354291,True
1791358068034877947,,2141,bird_eye,0,0,False,0.0,unknown_pulse_complete,9130222823406097446,4830,1791358068035186248,25.066186248,True
1791358068079481650,,2142,bird_eye,0,0,False,0.0,unknown_pulse_complete,9130222823406097446,4832,1791358068079673438,25.110673438,True
1791358068107504233,,2143,bird_eye,0,0,False,0.0,unknown_pulse_complete,9130222823406097446,4833,1791358068107726413,25.138726413,True
1791358068182449495,,2144,bird_eye,0,0,False,0.0,unknown_pulse_complete,9130222823406097446,4837,1791358068182690076,25.213690076,True
1791358068246753480,,2145,bird_eye,0,0,False,0.0,unknown_pulse_complete,9130222823406097446,4841,1791358068246963911,25.277963911,True
1791358068274643884,,2146,bird_eye,0,0,False,0.0,unknown_pulse_complete,9130222823406097446,4842,1791358068274834048,25.305834048,True
1791358068300847422,,2147,bird_eye,0,0,False,0.0,unknown_pulse_complete,9130222823406097446,4843,1791358068301109384,25.332109384,True
1791358068335259293,,2148,bird_eye,0,0,False,0.0,unknown_pulse_complete,9130222823406097446,4845,1791358068335451744,25.366451744,True
1791358068370414197,,2149,bird_eye,0,0,False,0.0,unknown_pulse_complete,9130222823406097446,4847,1791358068370734535,25.401734535,True
1791358068401993859,,2150,bird_eye,0,0,False,0.0,unknown_pulse_complete,9130222823406097446,4848,1791358068402279851,25.433279851,True
1791358068436797663,,2151,bird_eye,0,0,False,0.0,unknown_pulse_complete,9130222823406097446,4850,1791358068437133133,25.468133133,True
1791358068470139145,,2152,bird_eye,0,0,False,0.0,unknown_pulse_complete,9130222823406097446,4852,1791358068470571721,25.501571721,True
1791358068501442783,,2153,bird_eye,0,0,False,0.0,unknown_pulse_complete,9130222823406097446,4853,1791358068501717943,25.532717943,True
1791358068545318432,,2154,bird_eye,0,0,False,0.0,unknown_pulse_complete,9130222823406097446,4856,1791358068545506103,25.576506103,True
1791358068584525187,,2155,bird_eye,0,0,False,0.0,unknown_pulse_complete,9130222823406097446,4858,1791358068584765790,25.61576579,True
1791358068617656480,,2156,bird_eye,0,0,False,0.0,unknown_pulse_complete,9130222823406097446,4859,1791358068617860191,25.648860191,True
1791358068649800565,,2157,bird_eye,0,0,False,0.0,unknown_pulse_complete,9130222823406097446,4861,1791358068650009842,25.681009842,True
1791358068687819394,,2158,bird_eye,0,0,False,0.0,unknown_pulse_complete,9130222823406097446,4863,1791358068688138737,25.719138737,True
1791358068719841962,,2159,bird_eye,0,0,False,0.0,unknown_pulse_complete,9130222823406097446,4864,1791358068720040529,25.751040529,True
1791358068749813312,,2160,bird_eye,0,0,False,0.0,unknown_pulse_complete,9130222823406097446,4866,1791358068750028418,25.781028418,True
1791358068777426883,,2161,bird_eye,0,0,False,0.0,unknown_pulse_complete,9130222823406097446,4867,1791358068777631728,25.808631728,True
1791358068811978627,,2162,bird_eye,0,0,False,0.0,unknown_pulse_complete,9130222823406097446,4869,1791358068812119283,25.843119283,True
1791358068847918521,,2163,bird_eye,0,0,False,0.0,unknown_pulse_complete,9130222823406097446,4871,1791358068848083899,25.879083899,True
1791358068874837600,,2164,bird_eye,0,0,False,0.0,unknown_pulse_complete,9130222823406097446,4872,1791358068875089268,25.906089268,True
1791358068902718576,,2165,bird_eye,0,0,False,0.0,unknown_pulse_complete,9130222823406097446,4873,1791358068902961325,25.933961325,True
1791358068936846902,,2166,bird_eye,0,0,False,0.0,unknown_pulse_complete,9130222823406097446,4875,1791358068937084637,25.968084637,True
1791358068967583118,,2167,bird_eye,0,0,False,0.0,unknown_pulse_complete,9130222823406097446,4877,1791358068967837341,25.998837341,True
1791358069002084777,,2168,bird_eye,0,0,False,0.0,unknown_pulse_complete,9130222823406097446,4878,1791358069002426525,26.033426525,True
1791358069035404524,,2169,bird_eye,0,0,False,0.0,unknown_pulse_complete,9130222823406097446,4880,1791358069035673506,26.066673506,True
1791358069068769725,,2170,bird_eye,0,0,False,0.0,unknown_pulse_complete,9130222823406097446,4882,1791358069069109345,26.100109345,True
1791358069113034580,,2171,bird_eye,0,0,False,0.0,unknown_pulse_complete,9130222823406097446,4884,1791358069113280367,26.144280367,True
1791358069141603758,,2172,bird_eye,0,0,False,0.0,unknown_pulse_complete,9130222823406097446,4885,1791358069141742563,26.172742563,True
1791358069170969766,,2173,bird_eye,0,0,False,0.0,unknown_pulse_complete,9130222823406097446,4887,1791358069171169472,26.202169472,True
1791358069202000351,,2174,bird_eye,0,0,False,0.0,unknown_pulse_complete,9130222823406097446,4888,1791358069202297107,26.233297107,True
1791358069238525762,,2175,bird_eye,0,0,False,0.0,unknown_pulse_complete,9130222823406097446,4890,1791358069238843224,26.269843224,True
1791358069268677949,,2176,bird_eye,0,0,False,0.0,unknown_pulse_complete,9130222823406097446,4892,1791358069268867876,26.299867876,True
1791358069301923732,,2177,bird_eye,0,0,False,0.0,unknown_pulse_complete,9130222823406097446,4893,1791358069302391281,26.333391281,True
1791358069337284302,,2178,bird_eye,0,0,False,0.0,unknown_pulse_complete,9130222823406097446,4895,1791358069337459029,26.368459029,True
1791358069370733994,,2179,bird_eye,0,0,False,0.0,unknown_pulse_complete,9130222823406097446,4897,1791358069370911780,26.40191178,True
1791358069403151411,,2180,bird_eye,0,0,False,0.0,unknown_pulse_complete,9130222823406097446,4899,1791358069403497825,26.434497825,True
1791358069438970419,,2181,bird_eye,0,0,False,0.0,unknown_pulse_complete,9130222823406097446,4900,1791358069439201447,26.470201447,True
1791358069468810579,,2182,bird_eye,0,0,False,0.0,unknown_pulse_complete,9130222823406097446,4902,1791358069468962000,26.499962,True
1791358069501348728,,2183,bird_eye,0,0,False,0.0,unknown_pulse_complete,9130222823406097446,4903,1791358069501579191,26.532579191,True
1791358069533809557,,2184,bird_eye,0,0,False,0.0,unknown_pulse_complete,9130222823406097446,4905,1791358069534025861,26.565025861,True
1791358069568420446,,2185,bird_eye,0,0,False,0.0,unknown_pulse_complete,9130222823406097446,4907,1791358069568856142,26.599856142,True
1791358069603692609,,2186,bird_eye,0,0,False,0.0,unknown_pulse_complete,9130222823406097446,4909,1791358069603975372,26.634975372,True
1791358069637195430,,2187,bird_eye,0,0,False,0.0,unknown_pulse_complete,9130222823406097446,4910,1791358069637514658,26.668514658,True
1791358069668714439,,2188,bird_eye,0,0,False,0.0,unknown_pulse_complete,9130222823406097446,4912,1791358069669063446,26.700063446,True
1791358069702204657,,2189,bird_eye,0,0,False,0.0,unknown_pulse_complete,9130222823406097446,4913,1791358069702609572,26.733609572,True
1791358069733869144,,2190,bird_eye,0,0,False,0.0,unknown_pulse_complete,9130222823406097446,4915,1791358069734262205,26.765262205,True
1791358069777374855,,2191,bird_eye,0,0,False,0.0,unknown_pulse_complete,9130222823406097446,4917,1791358069777702187,26.808702187,True
1791358069804301738,,2192,bird_eye,0,0,False,0.0,unknown_pulse_complete,9130222823406097446,4918,1791358069804929753,26.835929753,True
1791358069836379250,,2193,bird_eye,0,0,False,0.0,unknown_pulse_complete,9130222823406097446,4920,1791358069836629017,26.867629017,True
1791358069872022614,,2194,bird_eye,0,0,False,0.0,unknown_pulse_complete,9130222823406097446,4922,1791358069872518725,26.903518725,True
1791358069901954823,,2195,bird_eye,0,0,False,0.0,unknown_pulse_complete,9130222823406097446,4923,1791358069902331908,26.933331908,True
1791358069933744646,,2196,bird_eye,0,0,False,0.0,unknown_pulse_complete,9130222823406097446,4925,1791358069934117947,26.965117947,True
1791358069967392832,,2197,bird_eye,0,0,False,0.0,unknown_pulse_complete,9130222823406097446,4927,1791358069967922938,26.998922938,True
1791358070000621190,,2198,bird_eye,0,0,False,0.0,unknown_pulse_complete,9130222823406097446,4928,1791358070001178605,27.032178605,True
1791358070034867140,,2199,bird_eye,0,0,False,0.0,unknown_pulse_complete,9130222823406097446,4930,1791358070035280314,27.066280314,True
1791358070066786739,,2200,bird_eye,0,0,False,0.0,unknown_pulse_complete,9130222823406097446,4932,1791358070067171788,27.098171788,True
1791358070102562228,,2201,bird_eye,0,0,False,0.0,unknown_pulse_complete,9130222823406097446,4933,1791358070103025840,27.13402584,True
1791358070136744180,,2202,bird_eye,0,0,False,0.0,unknown_pulse_complete,9130222823406097446,4935,1791358070137284417,27.168284417,True
1791358070167352556,,2203,bird_eye,0,0,False,0.0,unknown_pulse_complete,9130222823406097446,4937,1791358070167589198,27.198589198,True
1791358070201212451,,2204,bird_eye,2,1,True,0.25,ttc_warning:cadence_triple,9130222823406097446,4938,1791358070201570005,27.232570005,True
1791358070234109114,,2205,bird_eye,3,2,True,0.25,finite_warning_hold:cadence_triple,9130222823406097446,4940,1791358070234424944,27.265424944,True
1791358070267280504,,2206,bird_eye,3,2,True,0.25,finite_warning_hold:cadence_triple,9130222823406097446,4942,1791358070267618849,27.298618849,True
1791358070304459585,,2207,bird_eye,0,0,False,0.0,cadence_gap:triple,9130222823406097446,4943,1791358070304810916,27.335810916,True
1791358070334173240,,2208,bird_eye,0,0,False,0.0,cadence_gap:triple,9130222823406097446,4945,1791358070334418459,27.365418459,True
1791358070367350948,,2209,bird_eye,0,0,False,0.0,cadence_gap:triple,9130222823406097446,4947,1791358070367624960,27.39862496,True
1791358070405519702,,2210,bird_eye,2,1,True,0.25,ttc_warning:cadence_triple,9130222823406097446,4949,1791358070405918967,27.436918967,True
1791358070436813793,,2211,bird_eye,2,1,True,0.25,ttc_warning:cadence_triple,9130222823406097446,4950,1791358070437212812,27.468212812,True
1791358070467406674,,2212,bird_eye,2,1,True,0.25,ttc_warning:cadence_triple,9130222823406097446,4952,1791358070467743326,27.498743326,True
1791358070507149089,,2213,bird_eye,0,0,False,0.0,cadence_gap:triple,9130222823406097446,4954,1791358070507458594,27.538458594,True
1791358070536568172,,2214,bird_eye,4,1,True,0.4000000059604645,ttc_critical:cadence_triple,9130222823406097446,4955,1791358070536961442,27.567961442,True
1791358070567442529,,2215,bird_eye,4,1,True,0.4000000059604645,ttc_critical:cadence_triple,9130222823406097446,4957,1791358070567781407,27.598781407,True
1791358070607357817,,2216,bird_eye,4,1,True,0.4000000059604645,ttc_critical:cadence_triple,9130222823406097446,4959,1791358070607810792,27.638810792,True
1791358070636346255,,2217,bird_eye,4,1,True,0.4000000059604645,ttc_critical:cadence_triple,9130222823406097446,4960,1791358070636701688,27.667701688,True
1791358070671213278,,2218,bird_eye,0,0,False,0.0,cadence_gap:triple,9130222823406097446,4962,1791358070671916069,27.702916069,True
1791358070700742556,,2219,bird_eye,0,0,False,0.0,cadence_gap:triple,9130222823406097446,4963,1791358070701140148,27.732140148,True
1791358070734469164,,2220,bird_eye,4,1,True,0.4000000059604645,ttc_critical:cadence_triple,9130222823406097446,4965,1791358070734810339,27.765810339,True
1791358070768214775,,2221,bird_eye,2,1,True,0.25,ttc_warning:cadence_triple,9130222823406097446,4967,1791358070768601855,27.799601855,True
1791358070802524359,,2222,bird_eye,2,1,True,0.25,ttc_warning:cadence_triple,9130222823406097446,4968,1791358070802904287,27.833904287,True
1791358070834850209,,2223,bird_eye,0,0,False,0.0,cadence_gap:triple,9130222823406097446,4970,1791358070835044280,27.86604428,True
1791358070867638454,,2224,bird_eye,0,0,False,0.0,cadence_gap:triple,9130222823406097446,4972,1791358070867868518,27.898868518,True
1791358070901302099,,2225,bird_eye,2,1,True,0.25,ttc_warning:cadence_triple,9130222823406097446,4973,1791358070901601395,27.932601395,True
1791358070934180918,,2226,bird_eye,2,1,True,0.25,ttc_warning:cadence_triple,9130222823406097446,4975,1791358070934581536,27.965581536,True
1791358070967610196,,2227,bird_eye,2,1,True,0.25,ttc_warning:cadence_triple,9130222823406097446,4977,1791358070967799280,27.99879928,True
1791358071001192936,,2228,bird_eye,0,0,False,0.0,cadence_gap:triple,9130222823406097446,4978,1791358071001478203,28.032478203,True
1791358071034103714,,2229,bird_eye,0,0,False,0.0,cadence_gap:triple,9130222823406097446,4980,1791358071034310024,28.065310024,True
1791358071068484712,,2230,bird_eye,0,0,False,0.0,cadence_complete,9130222823406097446,4982,1791358071068624641,28.099624641,True
1791358071101018453,,2231,bird_eye,0,0,False,0.0,cadence_complete,9130222823406097446,4983,1791358071101186180,28.13218618,True
1791358071134287940,,2232,bird_eye,0,0,False,0.0,cadence_complete,9130222823406097446,4985,1791358071134447179,28.165447179,True
1791358071167649425,,2233,bird_eye,0,0,False,0.0,cadence_complete,9130222823406097446,4987,1791358071167791687,28.198791687,True
1791358071200933583,,2234,bird_eye,0,0,False,0.0,cadence_complete,9130222823406097446,4988,1791358071201080012,28.232080012,True
1791358071234173941,,2235,bird_eye,0,0,False,0.0,cadence_complete,9130222823406097446,4990,1791358071234330638,28.265330638,True
1791358071267487942,,2236,bird_eye,0,0,False,0.0,cadence_complete,9130222823406097446,4992,1791358071267684760,28.29868476,True
1791358071300997742,,2237,bird_eye,0,0,False,0.0,cadence_complete,9130222823406097446,4993,1791358071301140345,28.332140345,True
1791358071334184513,,2238,bird_eye,0,0,False,0.0,cadence_complete,9130222823406097446,4995,1791358071334382286,28.365382286,True
1791358071369801147,,2239,bird_eye,0,0,False,0.0,cadence_complete,9130222823406097446,4997,1791358071370081584,28.401081584,True
1791358071404764506,,2240,bird_eye,0,0,False,0.0,cadence_complete,9130222823406097446,4998,1791358071404969032,28.435969032,True
1791358071434301947,,2241,bird_eye,0,0,False,0.0,cadence_complete,9130222823406097446,5000,1791358071434556177,28.465556177,True
1791358071469790031,,2242,bird_eye,0,0,False,0.0,cadence_complete,9130222823406097446,5002,1791358071470141320,28.50114132,True
1791358071500858823,,2243,bird_eye,0,0,False,0.0,cadence_complete,9130222823406097446,5003,1791358071501144914,28.532144914,True
1791358071535952250,,2244,bird_eye,0,0,False,0.0,cadence_complete,9130222823406097446,5005,1791358071536325159,28.567325159,True
1791358071568187724,,2245,bird_eye,0,0,False,0.0,cadence_complete,9130222823406097446,5007,1791358071568478643,28.599478643,True
1791358071601357308,,2246,bird_eye,0,0,False,0.0,cadence_complete,9130222823406097446,5008,1791358071601659680,28.63265968,True
1791358071636072403,,2247,bird_eye,0,0,False,0.0,cadence_complete,9130222823406097446,5010,1791358071636357394,28.667357394,True
1791358071667847411,,2248,bird_eye,0,0,False,0.0,cadence_complete,9130222823406097446,5012,1791358071668008153,28.699008153,True
1791358071700943500,,2249,bird_eye,0,0,False,0.0,cadence_complete,9130222823406097446,5013,1791358071701071093,28.732071093,True
1791358071733741596,,2250,bird_eye,0,0,False,0.0,cadence_complete,9130222823406097446,5015,1791358071734064713,28.765064713,True
1791358071768043077,,2251,bird_eye,0,0,False,0.0,cadence_complete,9130222823406097446,5017,1791358071768439599,28.799439599,True
1791358071800674953,,2252,bird_eye,0,0,False,0.0,cadence_complete,9130222823406097446,5018,1791358071800914246,28.831914246,True
1791358071835079030,,2253,bird_eye,0,0,False,0.0,cadence_complete,9130222823406097446,5020,1791358071835409350,28.86640935,True
1791358071867791463,,2254,bird_eye,0,0,False,0.0,cadence_complete,9130222823406097446,5022,1791358071867942671,28.898942671,True
1791358071901524500,,2255,bird_eye,0,0,False,0.0,cadence_complete,9130222823406097446,5023,1791358071901713988,28.932713988,True
1791358071936076129,,2256,bird_eye,0,0,False,0.0,cadence_complete,9130222823406097446,5025,1791358071936341656,28.967341656,True
1791358071968044522,,2257,bird_eye,0,0,False,0.0,cadence_complete,9130222823406097446,5027,1791358071968292624,28.999292624,True
1791358072001350745,,2258,bird_eye,0,0,False,0.0,cadence_complete,9130222823406097446,5028,1791358072001639107,29.032639107,True
1791358072034005866,,2259,bird_eye,0,0,False,0.0,cadence_complete,9130222823406097446,5030,1791358072034246911,29.065246911,True
1791358072067387820,,2260,bird_eye,0,0,False,0.0,cadence_complete,9130222823406097446,5032,1791358072067698190,29.09869819,True
1791358072101075260,,2261,bird_eye,0,0,False,0.0,cadence_complete,9130222823406097446,5033,1791358072101336810,29.13233681,True
1791358072134139541,,2262,bird_eye,0,0,False,0.0,cadence_complete,9130222823406097446,5035,1791358072134441183,29.165441183,True
1791358072167731891,,2263,bird_eye,0,0,False,0.0,cadence_complete,9130222823406097446,5037,1791358072167958886,29.198958886,True
1791358072201153186,,2264,bird_eye,0,0,False,0.0,cadence_complete,9130222823406097446,5038,1791358072201425443,29.232425443,True
1791358072234133091,,2265,bird_eye,0,0,False,0.0,cadence_complete,9130222823406097446,5040,1791358072234356655,29.265356655,True
1791358072267653457,,2266,bird_eye,0,0,False,0.0,cadence_complete,9130222823406097446,5042,1791358072267957749,29.298957749,True
1791358072300943133,,2267,bird_eye,0,0,False,0.0,cadence_complete,9130222823406097446,5043,1791358072301211874,29.332211874,True
1791358072335390448,,2268,bird_eye,0,0,False,0.0,cadence_complete,9130222823406097446,5045,1791358072335679219,29.366679219,True
1791358072369087787,,2269,bird_eye,0,0,False,0.0,cadence_complete,9130222823406097446,5047,1791358072369370688,29.400370688,True
1791358072400948291,,2270,bird_eye,0,0,False,0.0,cadence_complete,9130222823406097446,5048,1791358072401111479,29.432111479,True
1791358072438953394,,2271,bird_eye,0,0,False,0.0,cadence_complete,9130222823406097446,5050,1791358072439058996,29.470058996,True
1791358072467518020,,2272,bird_eye,0,0,False,0.0,cadence_complete,9130222823406097446,5052,1791358072467799807,29.498799807,True
1791358072500518553,,2273,bird_eye,0,0,False,0.0,cadence_complete,9130222823406097446,5053,1791358072500824661,29.531824661,True
1791358072534455459,,2274,bird_eye,0,0,False,0.0,cadence_cancelled_by_clear,9130222823406097446,5055,1791358072534844640,29.56584464,True
1791358072566471012,,2275,bird_eye,0,0,False,0.0,no_alert,9130222823406097446,5057,1791358072566794399,29.597794399,True
1791358072603077280,,2276,bird_eye,0,0,False,0.0,no_alert,9130222823406097446,5058,1791358072603310083,29.634310083,True
1791358072633482707,,2277,bird_eye,0,0,False,0.0,no_alert,9130222823406097446,5060,1791358072633905254,29.664905254,True
1791358072668561546,,2278,bird_eye,0,0,False,0.0,no_alert,9130222823406097446,5062,1791358072668921248,29.699921248,True
1791358072707238775,,2279,bird_eye,0,0,False,0.0,no_alert,9130222823406097446,5064,1791358072707494236,29.738494236,True
1791358072735329735,,2280,bird_eye,0,0,False,0.0,no_alert,9130222823406097446,5065,1791358072735604230,29.76660423,True
1791358072767028950,,2281,bird_eye,0,0,False,0.0,no_alert,9130222823406097446,5067,1791358072767178580,29.79817858,True
1791358072800405331,,2282,bird_eye,0,0,False,0.0,no_alert,9130222823406097446,5068,1791358072800691605,29.831691605,True
1791358072833555141,,2283,bird_eye,0,0,False,0.0,no_alert,9130222823406097446,5070,1791358072833937190,29.86493719,True
1791358072870900388,,2284,bird_eye,0,0,False,0.0,no_alert,9130222823406097446,5072,1791358072871189339,29.902189339,True
1791358072900628889,,2285,bird_eye,0,0,False,0.0,no_alert,9130222823406097446,5073,1791358072900951814,29.931951814,True
1791358072933704082,,2286,bird_eye,0,0,False,0.0,no_alert,9130222823406097446,5075,1791358072934072100,29.9650721,True
1791358072966830826,,2287,bird_eye,0,0,False,0.0,no_alert,9130222823406097446,5077,1791358072966958456,29.997958456,True
1791358073001737608,,2288,bird_eye,0,0,False,0.0,no_alert,9130222823406097446,5078,1791358073002010692,30.033010692,True
1791358073034384332,,2289,bird_eye,0,0,False,0.0,no_alert,9130222823406097446,5080,1791358073034638134,30.065638134,True
1791358073067557648,,2290,bird_eye,0,0,False,0.0,no_alert,9130222823406097446,5082,1791358073067898636,30.098898636,True
1791358073100822872,,2291,bird_eye,0,0,False,0.0,no_alert,9130222823406097446,5083,1791358073101225761,30.132225761,True
1791358073134392222,,2292,bird_eye,0,0,False,0.0,no_alert,9130222823406097446,5085,1791358073134670034,30.165670034,True
1791358073169055826,,2293,bird_eye,0,0,False,0.0,no_alert,9130222823406097446,5087,1791358073169326954,30.200326954,True
1791358073202223201,,2294,bird_eye,0,0,False,0.0,no_alert,9130222823406097446,5088,1791358073202538480,30.23353848,True
1791358073234275728,,2295,bird_eye,0,0,False,0.0,no_alert,9130222823406097446,5090,1791358073234638029,30.265638029,True
1791358073267117983,,2296,bird_eye,0,0,False,0.0,no_alert,9130222823406097446,5092,1791358073267381591,30.298381591,True
1791358073300583810,,2297,bird_eye,0,0,False,0.0,no_alert,9130222823406097446,5093,1791358073300756081,30.331756081,True
1791358073335136864,,2298,bird_eye,0,0,False,0.0,no_alert,9130222823406097446,5095,1791358073335498766,30.366498766,True
1791358073368378912,,2299,bird_eye,0,0,False,0.0,no_alert,9130222823406097446,5097,1791358073368676543,30.399676543,True
1791358073402191979,,2300,bird_eye,0,0,False,0.0,no_alert,9130222823406097446,5098,1791358073402498648,30.433498648,True
1791358073433754987,,2301,bird_eye,0,0,False,0.0,no_alert,9130222823406097446,5100,1791358073434051254,30.465051254,True
1791358073469332214,,2302,bird_eye,0,0,False,0.0,no_alert,9130222823406097446,5102,1791358073469658342,30.500658342,True
1791358073504029305,,2303,bird_eye,0,0,False,0.0,no_alert,9130222823406097446,5104,1791358073504189007,30.535189007,True
1791358073534100201,,2304,bird_eye,0,0,False,0.0,no_alert,9130222823406097446,5105,1791358073534408455,30.565408455,True
1791358073566936938,,2305,bird_eye,0,0,False,0.0,no_alert,9130222823406097446,5107,1791358073567210032,30.598210032,True
1791358073601442712,,2306,bird_eye,0,0,False,0.0,no_alert,9130222823406097446,5108,1791358073601698491,30.632698491,True
1791358073635932876,,2307,bird_eye,0,0,False,0.0,no_alert,9130222823406097446,5110,1791358073636275897,30.667275897,True
1791358073667086610,,2308,bird_eye,0,0,False,0.0,no_alert,9130222823406097446,5112,1791358073667369348,30.698369348,True
1791358073700386508,,2309,bird_eye,0,0,False,0.0,no_alert,9130222823406097446,5113,1791358073700591256,30.731591256,True
1791358073735365802,,2310,bird_eye,0,0,False,0.0,no_alert,9130222823406097446,5115,1791358073735589407,30.766589407,True
1791358073766722977,,2311,bird_eye,0,0,False,0.0,no_alert,9130222823406097446,5117,1791358073766973660,30.79797366,True
1791358073800420547,,2312,bird_eye,0,0,False,0.0,no_alert,9130222823406097446,5118,1791358073800693456,30.831693456,True
1791358073834431553,,2313,bird_eye,0,0,False,0.0,no_alert,9130222823406097446,5120,1791358073834738569,30.865738569,True
1791358073867353601,,2314,bird_eye,0,0,False,0.0,no_alert,9130222823406097446,5122,1791358073867553201,30.898553201,True
1791358073901396841,,2315,bird_eye,0,0,False,0.0,no_alert,9130222823406097446,5123,1791358073901776849,30.932776849,True
1791358073935600040,,2316,bird_eye,0,0,False,0.0,no_alert,9130222823406097446,5125,1791358073935711864,30.966711864,True
1791358073971151112,,2317,bird_eye,0,0,False,0.0,no_alert,9130222823406097446,5127,1791358073971387882,31.002387882,True
1791358074000445422,,2318,bird_eye,0,0,False,0.0,no_alert,9130222823406097446,5128,1791358074000638304,31.031638304,True
1791358074034739231,,2319,bird_eye,0,0,False,0.0,no_alert,9130222823406097446,5130,1791358074035320333,31.066320333,True
1791358074067493893,,2320,bird_eye,0,0,False,0.0,no_alert,9130222823406097446,5131,1791358074067712434,31.098712434,True
1791358074101607117,,2321,bird_eye,0,0,False,0.0,no_alert,9130222823406097446,5133,1791358074101959314,31.132959314,True
1791358074134220601,,2322,bird_eye,0,0,False,0.0,no_alert,9130222823406097446,5135,1791358074134524649,31.165524649,True
1791358074166645467,,2323,bird_eye,0,0,False,0.0,no_alert,9130222823406097446,5137,1791358074166840416,31.197840416,True
1791358074200572533,,2324,bird_eye,0,0,False,0.0,no_alert,9130222823406097446,5138,1791358074200763541,31.231763541,True
1791358074233531999,,2325,bird_eye,0,0,False,0.0,no_alert,9130222823406097446,5140,1791358074233723382,31.264723382,True
1791358074267744669,,2326,bird_eye,0,0,False,0.0,no_alert,9130222823406097446,5142,1791358074267907431,31.298907431,True
1791358074306507291,,2327,bird_eye,0,0,False,0.0,no_alert,9130222823406097446,5144,1791358074306842991,31.337842991,True
1791358074335560320,,2328,bird_eye,0,0,False,0.0,no_alert,9130222823406097446,5145,1791358074335840769,31.366840769,True
1791358074376673845,,2329,bird_eye,0,0,False,0.0,no_alert,9130222823406097446,5147,1791358074376965892,31.407965892,True
1791358074404550232,,2330,bird_eye,0,0,False,0.0,no_alert,9130222823406097446,5149,1791358074404858641,31.435858641,True
1791358074434318978,,2331,bird_eye,0,0,False,0.0,no_alert,9130222823406097446,5150,1791358074434633256,31.465633256,True
1791358074467607502,,2332,bird_eye,0,0,False,0.0,no_alert,9130222823406097446,5152,1791358074467972686,31.498972686,True
1791358074511532956,,2333,bird_eye,0,0,False,0.0,no_alert,9130222823406097446,5154,1791358074512098989,31.543098989,True
1791358074542603169,,2334,bird_eye,0,0,False,0.0,no_alert,9130222823406097446,5155,1791358074543182899,31.574182899,True
1791358074570570431,,2335,bird_eye,0,0,False,0.0,no_alert,9130222823406097446,5157,1791358074570933374,31.601933374,True
1791358074605262458,,2336,bird_eye,0,0,False,0.0,no_alert,9130222823406097446,5159,1791358074605604247,31.636604247,True
1791358074634108712,,2337,bird_eye,0,0,False,0.0,no_alert,9130222823406097446,5160,1791358074634387250,31.66538725,True
1791358074667321125,,2338,bird_eye,0,0,False,0.0,no_alert,9130222823406097446,5162,1791358074667495697,31.698495697,True
1791358074700398681,,2339,bird_eye,0,0,False,0.0,no_alert,9130222823406097446,5163,1791358074700652792,31.731652792,True
1791358074734522801,,2340,bird_eye,0,0,False,0.0,no_alert,9130222823406097446,5165,1791358074734851212,31.765851212,True
1791358074769926452,,2341,bird_eye,0,0,False,0.0,no_alert,9130222823406097446,5167,1791358074770178369,31.801178369,True
1791358074801239551,,2342,bird_eye,0,0,False,0.0,no_alert,9130222823406097446,5168,1791358074801521480,31.83252148,True
1791358074834264980,,2343,bird_eye,0,0,False,0.0,no_alert,9130222823406097446,5170,1791358074834436961,31.865436961,True
1791358074869426969,,2344,bird_eye,0,0,False,0.0,no_alert,9130222823406097446,5171,1791358074869784249,31.900784249,True
1791358074908289966,,2345,bird_eye,0,0,False,0.0,no_alert,9130222823406097446,5174,1791358074908718611,31.939718611,True
1791358074938527302,,2346,bird_eye,0,0,False,0.0,no_alert,9130222823406097446,5175,1791358074938895201,31.969895201,True
1791358074968352584,,2347,bird_eye,0,0,False,0.0,no_alert,9130222823406097446,5177,1791358074968663407,31.999663407,True
1791358075034822997,,2349,bird_eye,0,0,False,0.0,no_alert,9130222823406097446,5180,1791358075034992079,32.065992079,True
1791358075067680678,,2350,bird_eye,0,0,False,0.0,no_alert,9130222823406097446,5182,1791358075067882800,32.0988828,True
1791358075101983282,,2351,bird_eye,0,0,False,0.0,no_alert,9130222823406097446,5183,1791358075102271258,32.133271258,True
1791358075134282224,,2352,bird_eye,0,0,False,0.0,no_alert,9130222823406097446,5185,1791358075134564287,32.165564287,True
1791358075168581265,,2353,bird_eye,0,0,False,0.0,no_alert,9130222823406097446,5187,1791358075168849581,32.199849581,True
1791358075200915054,,2354,bird_eye,0,0,False,0.0,no_alert,9130222823406097446,5188,1791358075201127822,32.232127822,True
1791358075235509104,,2355,bird_eye,0,0,False,0.0,no_alert,9130222823406097446,5190,1791358075235628029,32.266628029,True
1791358075267403884,,2356,bird_eye,0,0,False,0.0,no_alert,9130222823406097446,5192,1791358075267506182,32.298506182,True
1791358075301234641,,2357,bird_eye,0,0,False,0.0,no_alert,9130222823406097446,5193,1791358075301339454,32.332339454,True
1791358075336249565,,2358,bird_eye,0,0,False,0.0,no_alert,9130222823406097446,5195,1791358075336443441,32.367443441,True
1791358075367843486,,2359,bird_eye,0,0,False,0.0,no_alert,9130222823406097446,5197,1791358075367963567,32.398963567,True
1791358075401096770,,2360,bird_eye,0,0,False,0.0,no_alert,9130222823406097446,5198,1791358075401318226,32.432318226,True
1791358075435396184,,2361,bird_eye,0,0,False,0.0,no_alert,9130222823406097446,5200,1791358075435703430,32.46670343,True
1791358075467506725,,2362,bird_eye,0,0,False,0.0,no_alert,9130222823406097446,5202,1791358075467735482,32.498735482,True
1791358075501694453,,2363,bird_eye,0,0,False,0.0,no_alert,9130222823406097446,5203,1791358075501860807,32.532860807,True
1791358075542761812,,2364,bird_eye,0,0,False,0.0,no_alert,9130222823406097446,5205,1791358075543061193,32.574061193,True
1791358075572125289,,2365,bird_eye,0,0,False,0.0,no_alert,9130222823406097446,5207,1791358075572401336,32.603401336,True
1791358075602223482,,2366,bird_eye,0,0,False,0.0,no_alert,9130222823406097446,5208,1791358075602429624,32.633429624,True
1791358075636787740,,2367,bird_eye,0,0,False,0.0,no_alert,9130222823406097446,5210,1791358075636993827,32.667993827,True
1791358075668428232,,2368,bird_eye,0,0,False,0.0,no_alert,9130222823406097446,5211,1791358075668641819,32.699641819,True
1791358075701432622,,2369,bird_eye,0,0,False,0.0,no_alert,9130222823406097446,5213,1791358075701665312,32.732665312,True
1791358075741891682,,2370,bird_eye,0,0,False,0.0,no_alert,9130222823406097446,5215,1791358075742142648,32.773142648,True
1791358075772176481,,2371,bird_eye,0,0,False,0.0,no_alert,9130222823406097446,5217,1791358075772415239,32.803415239,True
1791358075801079648,,2372,bird_eye,0,0,False,0.0,no_alert,9130222823406097446,5218,1791358075801267312,32.832267312,True
1791358075834518420,,2373,bird_eye,0,0,False,0.0,no_alert,9130222823406097446,5220,1791358075834716383,32.865716383,True
1791358075878330718,,2374,bird_eye,0,0,False,0.0,no_alert,9130222823406097446,5222,1791358075878555230,32.90955523,True
1791358075914566551,,2375,bird_eye,0,0,False,0.0,no_alert,9130222823406097446,5224,1791358075914751571,32.945751571,True
1791358075947830350,,2376,bird_eye,0,0,False,0.0,no_alert,9130222823406097446,5226,1791358075948118407,32.979118407,True
1791358075977412021,,2377,bird_eye,0,0,False,0.0,no_alert,9130222823406097446,5227,1791358075977633204,33.008633204,True
1791358076009227742,,2378,bird_eye,0,0,False,0.0,no_alert,9130222823406097446,5229,1791358076009446887,33.040446887,True
1791358076041799015,,2379,bird_eye,0,0,False,0.0,no_alert,9130222823406097446,5230,1791358076042050177,33.073050177,True
1791358076073315497,,2380,bird_eye,0,0,False,0.0,no_alert,9130222823406097446,5231,1791358076073582600,33.1045826,True
1791358076104813643,,2381,bird_eye,0,0,False,0.0,no_alert,9130222823406097446,5234,1791358076105204576,33.136204576,True
1791358076137690904,,2382,bird_eye,0,0,False,0.0,no_alert,9130222823406097446,5235,1791358076137972260,33.16897226,True
1791358076170921004,,2383,bird_eye,0,0,False,0.0,no_alert,9130222823406097446,5237,1791358076171201047,33.202201047,True
1791358076204250284,,2384,bird_eye,0,0,False,0.0,no_alert,9130222823406097446,5239,1791358076204581484,33.235581484,True
1791358076235343399,,2385,bird_eye,0,0,False,0.0,no_alert,9130222823406097446,5240,1791358076235574634,33.266574634,True
1791358076268660813,,2386,bird_eye,0,0,False,0.0,no_alert,9130222823406097446,5242,1791358076268882660,33.29988266,True
1791358076302503206,,2387,bird_eye,0,0,False,0.0,no_alert,9130222823406097446,5243,1791358076302875935,33.333875935,True
1791358076335613554,,2388,bird_eye,0,0,False,0.0,no_alert,9130222823406097446,5245,1791358076335896864,33.366896864,True
1791358076369429328,,2389,bird_eye,0,0,False,0.0,no_alert,9130222823406097446,5247,1791358076369676191,33.400676191,True
1791358076402765853,,2390,bird_eye,0,0,False,0.0,no_alert,9130222823406097446,5248,1791358076402987013,33.433987013,True
1791358076436282379,,2391,bird_eye,0,0,False,0.0,no_alert,9130222823406097446,5250,1791358076436486174,33.467486174,True
1791358076469595759,,2392,bird_eye,0,0,False,0.0,no_alert,9130222823406097446,5252,1791358076469931177,33.500931177,True
1791358076502987089,,2393,bird_eye,0,0,False,0.0,no_alert,9130222823406097446,5253,1791358076503345129,33.534345129,True
1791358076536023516,,2394,bird_eye,0,0,False,0.0,no_alert,9130222823406097446,5255,1791358076536420829,33.567420829,True
1791358076569798759,,2395,bird_eye,0,0,False,0.0,no_alert,9130222823406097446,5257,1791358076570110350,33.60111035,True
1791358076602735660,,2396,bird_eye,0,0,False,0.0,no_alert,9130222823406097446,5258,1791358076603059566,33.634059566,True
1791358076635933771,,2397,bird_eye,0,0,False,0.0,no_alert,9130222823406097446,5260,1791358076636156014,33.667156014,True
1791358076669165301,,2398,bird_eye,0,0,False,0.0,no_alert,9130222823406097446,5262,1791358076669458317,33.700458317,True
1791358076703322314,,2399,bird_eye,0,0,False,0.0,no_alert,9130222823406097446,5264,1791358076703535325,33.734535325,True
1791358076735312879,,2400,bird_eye,0,0,False,0.0,no_alert,9130222823406097446,5265,1791358076735564806,33.766564806,True
1791358076768979073,,2401,bird_eye,0,0,False,0.0,no_alert,9130222823406097446,5267,1791358076769278921,33.800278921,True
1791358076802368766,,2402,bird_eye,0,0,False,0.0,no_alert,9130222823406097446,5268,1791358076802654554,33.833654554,True
1791358076835622840,,2403,bird_eye,0,0,False,0.0,no_alert,9130222823406097446,5270,1791358076835842329,33.866842329,True
1791358076868526766,,2404,bird_eye,0,0,False,0.0,no_alert,9130222823406097446,5272,1791358076868863559,33.899863559,True
1791358076901805201,,2405,bird_eye,0,0,False,0.0,no_alert,9130222823406097446,5273,1791358076902002278,33.933002278,True
1791358076934759877,,2406,bird_eye,0,0,False,0.0,no_alert,9130222823406097446,5275,1791358076935031803,33.966031803,True
1791358076969577035,,2407,bird_eye,0,0,False,0.0,no_alert,9130222823406097446,5277,1791358076969999549,34.000999549,True
1791358077005655638,,2408,bird_eye,0,0,False,0.0,no_alert,9130222823406097446,5278,1791358077005889161,34.036889161,True
1791358077034548370,,2409,bird_eye,0,0,False,0.0,no_alert,9130222823406097446,5280,1791358077034765372,34.065765372,True
1791358077070341500,,2410,bird_eye,0,0,False,0.0,no_alert,9130222823406097446,5282,1791358077070653784,34.101653784,True
1791358077101251928,,2411,bird_eye,0,0,False,0.0,no_alert,9130222823406097446,5283,1791358077101599852,34.132599852,True
1791358077134118840,,2412,bird_eye,0,0,False,0.0,no_alert,9130222823406097446,5285,1791358077134446241,34.165446241,True
1791358077168978834,,2413,bird_eye,0,0,False,0.0,no_alert,9130222823406097446,5287,1791358077169249955,34.200249955,True
1791358077201364007,,2414,bird_eye,0,0,False,0.0,no_alert,9130222823406097446,5288,1791358077201796363,34.232796363,True
1791358077242797898,,2415,bird_eye,0,0,False,0.0,no_alert,9130222823406097446,5290,1791358077243235597,34.274235597,True
1791358077271121093,,2416,bird_eye,0,0,False,0.0,no_alert,9130222823406097446,5292,1791358077271345288,34.302345288,True
1791358077300907069,,2417,bird_eye,0,0,False,0.0,no_alert,9130222823406097446,5293,1791358077301236586,34.332236586,True
1791358077340847338,,2418,bird_eye,0,0,False,0.0,no_alert,9130222823406097446,5295,1791358077341472035,34.372472035,True
1791358077371486871,,2419,bird_eye,0,0,False,0.0,no_alert,9130222823406097446,5297,1791358077371749291,34.402749291,True
1791358077399934636,,2420,bird_eye,0,0,False,0.0,no_alert,9130222823406097446,5298,1791358077400170489,34.431170489,True
1791358077439206991,,2421,bird_eye,0,0,False,0.0,no_alert,9130222823406097446,5300,1791358077439546847,34.470546847,True
1791358077493552669,,2422,bird_eye,0,0,False,0.0,no_alert,9130222823406097446,5303,1791358077494056210,34.52505621,True
1791358077530345485,,2423,bird_eye,0,0,False,0.0,no_alert,9130222823406097446,5305,1791358077530601817,34.561601817,True
1791358077561296308,,2424,bird_eye,0,0,False,0.0,no_alert,9130222823406097446,5306,1791358077561544990,34.59254499,True
1791358077594076109,,2425,bird_eye,0,0,False,0.0,no_alert,9130222823406097446,5308,1791358077594430805,34.625430805,True
1791358077625125788,,2426,bird_eye,0,0,False,0.0,no_alert,9130222823406097446,5310,1791358077625428855,34.656428855,True
1791358077657138145,,2427,bird_eye,0,0,False,0.0,no_alert,9130222823406097446,5311,1791358077657464364,34.688464364,True
1791358077689169058,,2428,bird_eye,0,0,False,0.0,no_alert,9130222823406097446,5313,1791358077689455229,34.720455229,True
1791358077722659948,,2429,bird_eye,0,0,False,0.0,no_alert,9130222823406097446,5314,1791358077722962245,34.753962245,True
1791358077755497244,,2430,bird_eye,0,0,False,0.0,no_alert,9130222823406097446,5316,1791358077755799370,34.78679937,True
1791358077789326449,,2431,bird_eye,0,0,False,0.0,no_alert,9130222823406097446,5318,1791358077789583321,34.820583321,True
1791358077819255475,,2432,bird_eye,0,0,False,0.0,no_alert,9130222823406097446,5319,1791358077819571006,34.850571006,True
1791358077849730350,,2433,bird_eye,0,0,False,0.0,no_alert,9130222823406097446,5321,1791358077849990393,34.880990393,True
1791358077881139184,,2434,bird_eye,0,0,False,0.0,no_alert,9130222823406097446,5322,1791358077881472328,34.912472328,True
1791358077912790144,,2435,bird_eye,0,0,False,0.0,no_alert,9130222823406097446,5324,1791358077913056256,34.944056256,True
1791358077945050107,,2436,bird_eye,0,0,False,0.0,no_alert,9130222823406097446,5326,1791358077945350304,34.976350304,True
1791358077977912263,,2437,bird_eye,0,0,False,0.0,no_alert,9130222823406097446,5327,1791358077978080622,35.009080622,True
1791358078009389395,,2438,bird_eye,0,0,False,0.0,no_alert,9130222823406097446,5329,1791358078009605738,35.040605738,True
1791358078042071952,,2439,bird_eye,0,0,False,0.0,no_alert,9130222823406097446,5330,1791358078042333892,35.073333892,True
1791358078074743074,,2440,bird_eye,0,0,False,0.0,no_alert,9130222823406097446,5332,1791358078075044053,35.106044053,True
1791358078107042659,,2441,bird_eye,0,0,False,0.0,no_alert,9130222823406097446,5333,1791358078107184353,35.138184353,True
1791358078140035415,,2442,bird_eye,0,0,False,0.0,no_alert,9130222823406097446,5335,1791358078140382800,35.1713828,True
1791358078172497485,,2443,bird_eye,0,0,False,0.0,no_alert,9130222823406097446,5337,1791358078172843009,35.203843009,True
1791358078203876586,,2444,bird_eye,0,0,False,0.0,no_alert,9130222823406097446,5339,1791358078204096118,35.235096118,True
1791358078235957491,,2445,bird_eye,0,0,False,0.0,no_alert,9130222823406097446,5340,1791358078236293174,35.267293174,True
1791358078268558867,,2446,bird_eye,0,0,False,0.0,no_alert,9130222823406097446,5342,1791358078268931896,35.299931896,True
1791358078302034239,,2447,bird_eye,0,0,False,0.0,no_alert,9130222823406097446,5343,1791358078302472275,35.333472275,True
1791358078342072657,,2448,bird_eye,0,0,False,0.0,no_alert,9130222823406097446,5345,1791358078342345800,35.3733458,True
1791358078373620874,,2449,bird_eye,0,0,False,0.0,no_alert,9130222823406097446,5347,1791358078373802381,35.404802381,True
1791358078401629891,,2450,bird_eye,0,0,False,0.0,no_alert,9130222823406097446,5348,1791358078401938265,35.432938265,True
1791358078435901841,,2451,bird_eye,0,0,False,0.0,no_alert,9130222823406097446,5350,1791358078436254074,35.467254074,True
1791358078474929516,,2452,bird_eye,0,0,False,0.0,no_alert,9130222823406097446,5352,1791358078475396006,35.506396006,True
1791358078503408200,,2453,bird_eye,0,0,False,0.0,no_alert,9130222823406097446,5354,1791358078503832444,35.534832444,True
1791358078535194860,,2454,bird_eye,0,0,False,0.0,no_alert,9130222823406097446,5355,1791358078535611613,35.566611613,True
1791358078571186259,,2455,bird_eye,0,0,False,0.0,no_alert,9130222823406097446,5357,1791358078571626739,35.602626739,True
1791358078609265310,,2456,bird_eye,0,0,False,0.0,no_alert,9130222823406097446,5359,1791358078609542009,35.640542009,True
1791358078635977440,,2457,bird_eye,0,0,False,0.0,no_alert,9130222823406097446,5360,1791358078636411803,35.667411803,True
1791358078671709304,,2458,bird_eye,0,0,False,0.0,no_alert,9130222823406097446,5362,1791358078672003208,35.703003208,True
1791358078712621399,,2459,bird_eye,0,0,False,0.0,no_alert,9130222823406097446,5364,1791358078712883383,35.743883383,True
1791358078742608017,,2460,bird_eye,0,0,False,0.0,no_alert,9130222823406097446,5365,1791358078743122721,35.774122721,True
1791358078769605263,,2461,bird_eye,0,0,False,0.0,no_alert,9130222823406097446,5367,1791358078769937500,35.8009375,True
1791358078800201589,,2462,bird_eye,0,0,False,0.0,no_alert,9130222823406097446,5368,1791358078800729507,35.831729507,True
1791358078833620533,,2463,bird_eye,0,0,False,0.0,no_alert,9130222823406097446,5370,1791358078834039122,35.865039122,True
1791358078868151378,,2464,bird_eye,0,0,False,0.0,no_alert,9130222823406097446,5372,1791358078868726096,35.899726096,True
1791358078902925375,,2465,bird_eye,0,0,False,0.0,no_alert,9130222823406097446,5373,1791358078903185954,35.934185954,True
1791358078933824897,,2466,bird_eye,0,0,False,0.0,no_alert,9130222823406097446,5375,1791358078934221058,35.965221058,True
1791358078971918312,,2467,bird_eye,0,0,False,0.0,no_alert,9130222823406097446,5377,1791358078972197674,36.003197674,True
1791358079002360744,,2468,bird_eye,0,0,False,0.0,no_alert,9130222823406097446,5378,1791358079002781400,36.0337814,True
1791358079037427342,,2469,bird_eye,0,0,False,0.0,no_alert,9130222823406097446,5380,1791358079037773989,36.068773989,True
1791358079070677107,,2470,bird_eye,0,0,False,0.0,no_alert,9130222823406097446,5381,1791358079070990900,36.1019909,True
1791358079112877237,,2471,bird_eye,0,0,False,0.0,no_alert,9130222823406097446,5384,1791358079113230039,36.144230039,True
1791358079145265692,,2472,bird_eye,0,0,False,0.0,no_alert,9130222823406097446,5385,1791358079145461964,36.176461964,True
1791358079175818705,,2473,bird_eye,0,0,False,0.0,no_alert,9130222823406097446,5387,1791358079176058845,36.207058845,True
1791358079206285211,,2474,bird_eye,0,0,False,0.0,no_alert,9130222823406097446,5389,1791358079206597867,36.237597867,True
1791358079233180200,,2475,bird_eye,0,0,False,0.0,no_alert,9130222823406097446,5390,1791358079233496241,36.264496241,True
1791358079266476915,,2476,bird_eye,0,0,False,0.0,no_alert,9130222823406097446,5392,1791358079266795794,36.297795794,True
1791358079299813777,,2477,bird_eye,0,0,False,0.0,no_alert,9130222823406097446,5393,1791358079300062960,36.33106296,True
1791358079333043757,,2478,bird_eye,0,0,False,0.0,no_alert,9130222823406097446,5395,1791358079333192440,36.36419244,True
1791358079374413771,,2479,bird_eye,0,0,False,0.0,no_alert,9130222823406097446,5397,1791358079374803963,36.405803963,True
1791358079400237754,,2480,bird_eye,0,0,False,0.0,no_alert,9130222823406097446,5398,1791358079400538898,36.431538898,True
1791358079435537645,,2481,bird_eye,0,0,False,0.0,no_alert,9130222823406097446,5400,1791358079436068056,36.467068056,True
1791358079467195790,,2482,bird_eye,0,0,False,0.0,no_alert,9130222823406097446,5402,1791358079467531816,36.498531816,True
1791358079499847809,,2483,bird_eye,0,0,False,0.0,no_alert,9130222823406097446,5403,1791358079500000457,36.531000457,True
1791358079534051269,,2484,bird_eye,0,0,False,0.0,no_alert,9130222823406097446,5405,1791358079534197745,36.565197745,True
1791358079566696274,,2485,bird_eye,0,0,False,0.0,no_alert,9130222823406097446,5406,1791358079566986197,36.597986197,True
1791358079599961170,,2486,bird_eye,0,0,False,0.0,no_alert,9130222823406097446,5408,1791358079600189250,36.63118925,True
1791358079642558516,,2487,bird_eye,0,0,False,0.0,no_alert,9130222823406097446,5410,1791358079642824405,36.673824405,True
1791358079669989800,,2488,bird_eye,0,0,False,0.0,no_alert,9130222823406097446,5412,1791358079670380547,36.701380547,True
1791358079700065701,,2489,bird_eye,0,0,False,0.0,no_alert,9130222823406097446,5413,1791358079700263891,36.731263891,True
1791358079736045929,,2490,bird_eye,0,0,False,0.0,no_alert,9130222823406097446,5415,1791358079736444184,36.767444184,True
1791358079766222074,,2491,bird_eye,0,0,False,0.0,no_alert,9130222823406097446,5417,1791358079766385959,36.797385959,True
1791358079801046341,,2492,bird_eye,0,0,False,0.0,no_alert,9130222823406097446,5418,1791358079801381730,36.83238173,True
1791358079836470410,,2493,bird_eye,0,0,False,0.0,no_alert,9130222823406097446,5420,1791358079836846069,36.867846069,True
1791358079866577681,,2494,bird_eye,0,0,False,0.0,no_alert,9130222823406097446,5421,1791358079866783987,36.897783987,True
1791358079900062264,,2495,bird_eye,0,0,False,0.0,no_alert,9130222823406097446,5423,1791358079900300304,36.931300304,True
1791358079937629638,,2496,bird_eye,0,0,False,0.0,no_alert,9130222823406097446,5425,1791358079938028194,36.969028194,True
1791358079967053643,,2497,bird_eye,0,0,False,0.0,no_alert,9130222823406097446,5427,1791358079967235551,36.998235551,True
1791358080000317792,,2498,bird_eye,0,0,False,0.0,no_alert,9130222823406097446,5428,1791358080000581173,37.031581173,True
1791358080038502765,,2499,bird_eye,0,0,False,0.0,no_alert,9130222823406097446,5430,1791358080038964498,37.069964498,True
1791358080069868031,,2500,bird_eye,0,0,False,0.0,no_alert,9130222823406097446,5432,1791358080070332887,37.101332887,True
1791358080101322378,,2501,bird_eye,0,0,False,0.0,no_alert,9130222823406097446,5433,1791358080101618691,37.132618691,True
1791358080137684336,,2502,bird_eye,0,0,False,0.0,no_alert,9130222823406097446,5435,1791358080137974785,37.168974785,True
1791358080166598913,,2503,bird_eye,0,0,False,0.0,no_alert,9130222823406097446,5436,1791358080166809412,37.197809412,True
1791358080199638657,,2504,bird_eye,0,0,False,0.0,no_alert,9130222823406097446,5438,1791358080199928874,37.230928874,True
1791358080233074260,,2505,bird_eye,0,0,False,0.0,no_alert,9130222823406097446,5440,1791358080233320237,37.264320237,True
1791358080267045850,,2506,bird_eye,0,0,False,0.0,no_alert,9130222823406097446,5442,1791358080267301213,37.298301213,True
1791358080300124057,,2507,bird_eye,0,0,False,0.0,no_alert,9130222823406097446,5443,1791358080300508015,37.331508015,True
1791358080339458000,,2508,bird_eye,0,0,False,0.0,no_alert,9130222823406097446,5445,1791358080340068267,37.371068267,True
1791358080367525199,,2509,bird_eye,0,0,False,0.0,no_alert,9130222823406097446,5447,1791358080367775430,37.39877543,True
1791358080404736167,,2510,bird_eye,0,0,False,0.0,no_alert,9130222823406097446,5448,1791358080406615049,37.437615049,True
1791358080433311977,,2511,bird_eye,0,0,False,0.0,no_alert,9130222823406097446,5450,1791358080433600076,37.464600076,True
1791358080470132906,,2512,bird_eye,0,0,False,0.0,no_alert,9130222823406097446,5452,1791358080470639792,37.501639792,True
1791358080500141654,,2513,bird_eye,0,0,False,0.0,no_alert,9130222823406097446,5453,1791358080500408961,37.531408961,True
1791358080533084580,,2514,bird_eye,0,0,False,0.0,no_alert,9130222823406097446,5455,1791358080533265706,37.564265706,True
1791358080565938952,,2515,bird_eye,0,0,False,0.0,no_alert,9130222823406097446,5457,1791358080566150380,37.59715038,True
1791358080600387336,,2516,bird_eye,0,0,False,0.0,no_alert,9130222823406097446,5458,1791358080600673445,37.631673445,True
1791358080633515089,,2517,bird_eye,0,0,False,0.0,no_alert,9130222823406097446,5460,1791358080633807653,37.664807653,True
1791358080666126151,,2518,bird_eye,0,0,False,0.0,no_alert,9130222823406097446,5462,1791358080666356327,37.697356327,True
1791358080699729975,,2519,bird_eye,0,0,False,0.0,no_alert,9130222823406097446,5463,1791358080699906001,37.730906001,True
1791358080739226266,,2520,bird_eye,0,0,False,0.0,no_alert,9130222823406097446,5465,1791358080739701920,37.77070192,True
1791358080767007425,,2521,bird_eye,0,0,False,0.0,no_alert,9130222823406097446,5466,1791358080767122458,37.798122458,True
1791358080799698246,,2522,bird_eye,0,0,False,0.0,no_alert,9130222823406097446,5468,1791358080799843966,37.830843966,True
1791358080833068347,,2523,bird_eye,0,0,False,0.0,no_alert,9130222823406097446,5470,1791358080833228005,37.864228005,True
1791358080866245167,,2524,bird_eye,0,0,False,0.0,no_alert,9130222823406097446,5472,1791358080866519050,37.89751905,True
1791358080899924502,,2525,bird_eye,0,0,False,0.0,no_alert,9130222823406097446,5473,1791358080900024616,37.931024616,True
1791358080936613900,,2526,bird_eye,0,0,False,0.0,no_alert,9130222823406097446,5475,1791358080936983606,37.967983606,True
1791358080968428874,,2527,bird_eye,0,0,False,0.0,no_alert,9130222823406097446,5477,1791358080968705275,37.999705275,True
1791358081000907042,,2528,bird_eye,0,0,False,0.0,no_alert,9130222823406097446,5478,1791358081001242673,38.032242673,True
1791358081033337218,,2529,bird_eye,0,0,False,0.0,no_alert,9130222823406097446,5480,1791358081033509829,38.064509829,True
1791358081066786265,,2530,bird_eye,0,0,False,0.0,no_alert,9130222823406097446,5482,1791358081066994366,38.097994366,True
1791358081100293475,,2531,bird_eye,0,0,False,0.0,no_alert,9130222823406097446,5483,1791358081100504659,38.131504659,True
1791358081133312461,,2532,bird_eye,0,0,False,0.0,no_alert,9130222823406097446,5485,1791358081133606309,38.164606309,True
1791358081170038155,,2533,bird_eye,0,0,False,0.0,no_alert,9130222823406097446,5487,1791358081170441573,38.201441573,True
1791358081200512453,,2534,bird_eye,0,0,False,0.0,no_alert,9130222823406097446,5488,1791358081200833470,38.23183347,True
1791358081233572212,,2535,bird_eye,0,0,False,0.0,no_alert,9130222823406097446,5490,1791358081233927989,38.264927989,True
1791358081266971197,,2536,bird_eye,0,0,False,0.0,no_alert,9130222823406097446,5492,1791358081267345707,38.298345707,True
1791358081300443166,,2537,bird_eye,0,0,False,0.0,no_alert,9130222823406097446,5493,1791358081300786830,38.33178683,True
1791358081333450970,,2538,bird_eye,0,0,False,0.0,no_alert,9130222823406097446,5495,1791358081333828070,38.36482807,True
1791358081367486032,,2539,bird_eye,0,0,False,0.0,no_alert,9130222823406097446,5496,1791358081367717545,38.398717545,True
1791358081400550881,,2540,bird_eye,0,0,False,0.0,no_alert,9130222823406097446,5498,1791358081400815977,38.431815977,True
1791358081433534044,,2541,bird_eye,0,0,False,0.0,no_alert,9130222823406097446,5500,1791358081433837679,38.464837679,True
1791358081467182690,,2542,bird_eye,0,0,False,0.0,no_alert,9130222823406097446,5502,1791358081467450882,38.498450882,True
1791358081500468170,,2543,bird_eye,0,0,False,0.0,no_alert,9130222823406097446,5503,1791358081500735282,38.531735282,True
1791358081542057239,,2544,bird_eye,0,0,False,0.0,no_alert,9130222823406097446,5505,1791358081543055464,38.574055464,True
1791358081599560238,,2545,bird_eye,0,0,False,0.0,no_alert,9130222823406097446,5508,1791358081599927516,38.630927516,True
1791358081629830536,,2546,bird_eye,0,0,False,0.0,no_alert,9130222823406097446,5510,1791358081630005022,38.661005022,True
1791358081660278441,,2547,bird_eye,0,0,False,0.0,no_alert,9130222823406097446,5511,1791358081660543195,38.691543195,True
1791358081694815887,,2548,bird_eye,0,0,False,0.0,no_alert,9130222823406097446,5513,1791358081695140240,38.72614024,True
1791358081726138991,,2549,bird_eye,0,0,False,0.0,no_alert,9130222823406097446,5514,1791358081726472003,38.757472003,True
1791358081754963338,,2550,bird_eye,0,0,False,0.0,no_alert,9130222823406097446,5516,1791358081755241023,38.786241023,True
1791358081787588078,,2551,bird_eye,0,0,False,0.0,no_alert,9130222823406097446,5518,1791358081787741778,38.818741778,True
1791358081819286148,,2552,bird_eye,0,0,False,0.0,no_alert,9130222823406097446,5519,1791358081819515378,38.850515378,True
1791358081852714176,,2553,bird_eye,0,0,False,0.0,no_alert,9130222823406097446,5521,1791358081853031686,38.884031686,True
1791358081884309517,,2554,bird_eye,0,0,False,0.0,no_alert,9130222823406097446,5522,1791358081884635312,38.915635312,True
1791358081917855446,,2555,bird_eye,0,0,False,0.0,no_alert,9130222823406097446,5524,1791358081918200752,38.949200752,True
1791358081948046216,,2556,bird_eye,0,0,False,0.0,no_alert,9130222823406097446,5526,1791358081948340242,38.979340242,True
1791358081978909153,,2557,bird_eye,0,0,False,0.0,no_alert,9130222823406097446,5527,1791358081979460333,39.010460333,True
1791358082010380016,,2558,bird_eye,0,0,False,0.0,no_alert,9130222823406097446,5529,1791358082010650472,39.041650472,True
1791358082041403718,,2559,bird_eye,0,0,False,0.0,no_alert,9130222823406097446,5530,1791358082041820868,39.072820868,True
1791358082073408568,,2560,bird_eye,0,0,False,0.0,no_alert,9130222823406097446,5532,1791358082073676326,39.104676326,True
1791358082107889609,,2561,bird_eye,0,0,False,0.0,no_alert,9130222823406097446,5534,1791358082108196433,39.139196433,True
1791358082137279983,,2562,bird_eye,0,0,False,0.0,no_alert,9130222823406097446,5535,1791358082137623295,39.168623295,True
1791358082169047254,,2563,bird_eye,0,0,False,0.0,no_alert,9130222823406097446,5537,1791358082169333986,39.200333986,True
1791358082200778976,,2564,bird_eye,0,0,False,0.0,no_alert,9130222823406097446,5538,1791358082201063877,39.232063877,True
1791358082238834040,,2565,bird_eye,0,0,False,0.0,no_alert,9130222823406097446,5540,1791358082239207373,39.270207373,True
1791358082267573891,,2566,bird_eye,0,0,False,0.0,no_alert,9130222823406097446,5542,1791358082267778761,39.298778761,True
1791358082336305836,,2568,bird_eye,0,0,False,0.0,no_alert,9130222823406097446,5545,1791358082336650376,39.367650376,True
1791358082367330882,,2569,bird_eye,0,0,False,0.0,no_alert,9130222823406097446,5547,1791358082367526479,39.398526479,True
1791358082400611740,,2570,bird_eye,0,0,False,0.0,no_alert,9130222823406097446,5548,1791358082400813481,39.431813481,True
1791358082434716676,,2571,bird_eye,0,0,False,0.0,no_alert,9130222823406097446,5550,1791358082435032548,39.466032548,True
1791358082466904951,,2572,bird_eye,0,0,False,0.0,no_alert,9130222823406097446,5552,1791358082467187275,39.498187275,True
1791358082500709989,,2573,bird_eye,0,0,False,0.0,no_alert,9130222823406097446,5553,1791358082501016456,39.532016456,True
1791358082535972639,,2574,bird_eye,0,0,False,0.0,no_alert,9130222823406097446,5555,1791358082536300740,39.56730074,True
1791358082569025988,,2575,bird_eye,0,0,False,0.0,no_alert,9130222823406097446,5557,1791358082569334777,39.600334777,True
1791358082602407779,,2576,bird_eye,0,0,False,0.0,no_alert,9130222823406097446,5558,1791358082602748621,39.633748621,True
1791358082633731422,,2577,bird_eye,0,0,False,0.0,no_alert,9130222823406097446,5560,1791358082634113903,39.665113903,True
1791358082667413992,,2578,bird_eye,0,0,False,0.0,no_alert,9130222823406097446,5561,1791358082667699536,39.698699536,True
1791358082703862301,,2579,bird_eye,0,0,False,0.0,no_alert,9130222823406097446,5564,1791358082704347590,39.73534759,True
1791358082734669359,,2580,bird_eye,0,0,False,0.0,no_alert,9130222823406097446,5565,1791358082735011211,39.766011211,True
1791358082767153515,,2581,bird_eye,0,0,False,0.0,no_alert,9130222823406097446,5567,1791358082767425752,39.798425752,True
1791358082800660925,,2582,bird_eye,0,0,False,0.0,no_alert,9130222823406097446,5568,1791358082800941842,39.831941842,True
1791358082845149615,,2583,bird_eye,0,0,False,0.0,no_alert,9130222823406097446,5571,1791358082845541041,39.876541041,True
1791358082874491962,,2584,bird_eye,0,0,False,0.0,no_alert,9130222823406097446,5572,1791358082874826342,39.905826342,True
1791358082917817985,,2585,bird_eye,0,0,False,0.0,no_alert,9130222823406097446,5574,1791358082918122565,39.949122565,True
1791358082945068891,,2586,bird_eye,0,0,False,0.0,no_alert,9130222823406097446,5576,1791358082945405862,39.976405862,True
1791358082973498030,,2587,bird_eye,0,0,False,0.0,no_alert,9130222823406097446,5577,1791358082973768157,40.004768157,True
1791358083005763213,,2588,bird_eye,0,0,False,0.0,no_alert,9130222823406097446,5579,1791358083006032966,40.037032966,True
1791358083037090587,,2589,bird_eye,0,0,False,0.0,no_alert,9130222823406097446,5580,1791358083037320668,40.068320668,True
1791358083069951145,,2590,bird_eye,0,0,False,0.0,no_alert,9130222823406097446,5582,1791358083070205635,40.101205635,True
1791358083101120108,,2591,bird_eye,0,0,False,0.0,no_alert,9130222823406097446,5583,1791358083101428230,40.13242823,True
1791358083135753123,,2592,bird_eye,0,0,False,0.0,no_alert,9130222823406097446,5585,1791358083136045132,40.167045132,True
1791358083171407639,,2593,bird_eye,0,0,False,0.0,no_alert,9130222823406097446,5587,1791358083171630009,40.202630009,True
1791358083201842929,,2594,bird_eye,0,0,False,0.0,no_alert,9130222823406097446,5588,1791358083202072281,40.233072281,True
1791358083234470351,,2595,bird_eye,0,0,False,0.0,no_alert,9130222823406097446,5590,1791358083234707262,40.265707262,True
1791358083267081840,,2596,bird_eye,0,0,False,0.0,no_alert,9130222823406097446,5591,1791358083267336313,40.298336313,True
1791358083301748693,,2597,bird_eye,0,0,False,0.0,no_alert,9130222823406097446,5593,1791358083301852577,40.332852577,True
1791358083334544664,,2598,bird_eye,0,0,False,0.0,no_alert,9130222823406097446,5595,1791358083334839071,40.365839071,True
1791358083367490164,,2599,bird_eye,0,0,False,0.0,no_alert,9130222823406097446,5596,1791358083367722794,40.398722794,True
1791358083400988749,,2600,bird_eye,0,0,False,0.0,no_alert,9130222823406097446,5598,1791358083401462289,40.432462289,True
1791358083434331962,,2601,bird_eye,0,0,False,0.0,no_alert,9130222823406097446,5600,1791358083434618100,40.4656181,True
1791358083467250504,,2602,bird_eye,0,0,False,0.0,no_alert,9130222823406097446,5601,1791358083467613220,40.49861322,True
1791358083503906032,,2603,bird_eye,0,0,False,0.0,no_alert,9130222823406097446,5604,1791358083504179239,40.535179239,True
1791358083534343546,,2604,bird_eye,0,0,False,0.0,no_alert,9130222823406097446,5605,1791358083534654227,40.565654227,True
1791358083567389692,,2605,bird_eye,0,0,False,0.0,no_alert,9130222823406097446,5607,1791358083567669423,40.598669423,True
1791358083600560539,,2606,bird_eye,0,0,False,0.0,no_alert,9130222823406097446,5608,1791358083600881564,40.631881564,True
1791358083634885068,,2607,bird_eye,0,0,False,0.0,no_alert,9130222823406097446,5610,1791358083635233210,40.66623321,True
1791358083667424414,,2608,bird_eye,0,0,False,0.0,no_alert,9130222823406097446,5612,1791358083667663845,40.698663845,True
1791358083700864875,,2609,bird_eye,0,0,False,0.0,no_alert,9130222823406097446,5613,1791358083701145092,40.732145092,True
1791358083734259816,,2610,bird_eye,0,0,False,0.0,no_alert,9130222823406097446,5615,1791358083734592492,40.765592492,True
1791358083767534024,,2611,bird_eye,0,0,False,0.0,no_alert,9130222823406097446,5617,1791358083767823455,40.798823455,True
1791358083800529345,,2612,bird_eye,0,0,False,0.0,no_alert,9130222823406097446,5618,1791358083800870684,40.831870684,True
1791358083836558459,,2613,bird_eye,0,0,False,0.0,no_alert,9130222823406097446,5620,1791358083836849652,40.867849652,True
1791358083873747929,,2614,bird_eye,0,0,False,0.0,no_alert,9130222823406097446,5622,1791358083874157079,40.905157079,True
1791358083902544316,,2615,bird_eye,0,0,False,0.0,no_alert,9130222823406097446,5623,1791358083902716594,40.933716594,True
1791358083939799703,,2616,bird_eye,0,0,False,0.0,no_alert,9130222823406097446,5625,1791358083940058200,40.9710582,True
1791358083969510377,,2617,bird_eye,0,0,False,0.0,no_alert,9130222823406097446,5627,1791358083969769987,41.000769987,True
1791358084004286095,,2618,bird_eye,0,0,False,0.0,no_alert,9130222823406097446,5629,1791358084004660642,41.035660642,True
1791358084037907903,,2619,bird_eye,0,0,False,0.0,no_alert,9130222823406097446,5630,1791358084038408289,41.069408289,True
1791358084068442374,,2620,bird_eye,0,0,False,0.0,no_alert,9130222823406097446,5632,1791358084068778947,41.099778947,True
1791358084111016978,,2621,bird_eye,0,0,False,0.0,no_alert,9130222823406097446,5634,1791358084111377674,41.142377674,True
1791358084141116268,,2622,bird_eye,0,0,False,0.0,no_alert,9130222823406097446,5635,1791358084141322368,41.172322368,True
1791358084170745156,,2623,bird_eye,0,0,False,0.0,no_alert,9130222823406097446,5636,1791358084170886775,41.201886775,True
1791358084201099564,,2624,bird_eye,0,0,False,0.0,no_alert,9130222823406097446,5638,1791358084201271331,41.232271331,True
1791358084234587207,,2625,bird_eye,0,0,False,0.0,no_alert,9130222823406097446,5640,1791358084234856297,41.265856297,True
1791358084270227309,,2626,bird_eye,0,0,False,0.0,no_alert,9130222823406097446,5642,1791358084270513231,41.301513231,True
1791358084301585049,,2627,bird_eye,0,0,False,0.0,no_alert,9130222823406097446,5643,1791358084301866167,41.332866167,True
1791358084333779885,,2628,bird_eye,0,0,False,0.0,no_alert,9130222823406097446,5645,1791358084334067186,41.365067186,True
1791358084368138891,,2629,bird_eye,0,0,False,0.0,no_alert,9130222823406097446,5647,1791358084368405351,41.399405351,True
1791358084401526879,,2630,bird_eye,0,0,False,0.0,no_alert,9130222823406097446,5648,1791358084401707615,41.432707615,True
1791358084434513467,,2631,bird_eye,0,0,False,0.0,no_alert,9130222823406097446,5650,1791358084434754482,41.465754482,True
1791358084468551276,,2632,bird_eye,0,0,False,0.0,no_alert,9130222823406097446,5652,1791358084468806564,41.499806564,True
1791358084501177422,,2633,bird_eye,0,0,False,0.0,no_alert,9130222823406097446,5653,1791358084501369751,41.532369751,True
1791358084534415848,,2634,bird_eye,0,0,False,0.0,no_alert,9130222823406097446,5655,1791358084534612139,41.565612139,True
1791358084568450492,,2635,bird_eye,0,0,False,0.0,no_alert,9130222823406097446,5657,1791358084568681607,41.599681607,True
1791358084601473052,,2636,bird_eye,0,0,False,0.0,no_alert,9130222823406097446,5658,1791358084601817428,41.632817428,True
1791358084634570721,,2637,bird_eye,0,0,False,0.0,no_alert,9130222823406097446,5660,1791358084634913399,41.665913399,True
1791358084667541263,,2638,bird_eye,0,0,False,0.0,no_alert,9130222823406097446,5662,1791358084667855964,41.698855964,True
1791358084701588840,,2639,bird_eye,0,0,False,0.0,no_alert,9130222823406097446,5663,1791358084701927644,41.732927644,True
1791358084736060743,,2640,bird_eye,0,0,False,0.0,no_alert,9130222823406097446,5665,1791358084736367398,41.767367398,True
1791358084768436646,,2641,bird_eye,0,0,False,0.0,no_alert,9130222823406097446,5667,1791358084768675702,41.799675702,True
1791358084801561899,,2642,bird_eye,0,0,False,0.0,no_alert,9130222823406097446,5668,1791358084801811138,41.832811138,True
1791358084835331440,,2643,bird_eye,0,0,False,0.0,no_alert,9130222823406097446,5670,1791358084835725326,41.866725326,True
1791358084869619214,,2644,bird_eye,0,0,False,0.0,no_alert,9130222823406097446,5672,1791358084869995250,41.90099525,True
1791358084902855522,,2645,bird_eye,0,0,False,0.0,no_alert,9130222823406097446,5674,1791358084902993023,41.933993023,True
1791358084934527228,,2646,bird_eye,0,0,False,0.0,no_alert,9130222823406097446,5675,1791358084934652774,41.965652774,True
1791358084968543636,,2647,bird_eye,0,0,False,0.0,no_alert,9130222823406097446,5677,1791358084968723784,41.999723784,True
1791358085001658304,,2648,bird_eye,0,0,False,0.0,no_alert,9130222823406097446,5678,1791358085001939748,42.032939748,True
1791358085034521128,,2649,bird_eye,0,0,False,0.0,no_alert,9130222823406097446,5680,1791358085034815674,42.065815674,True
1791358085068368337,,2650,bird_eye,0,0,False,0.0,no_alert,9130222823406097446,5682,1791358085068497638,42.099497638,True
1791358085102241231,,2651,bird_eye,0,0,False,0.0,no_alert,9130222823406097446,5683,1791358085102461651,42.133461651,True
1791358085135668862,,2652,bird_eye,0,0,False,0.0,no_alert,9130222823406097446,5685,1791358085135853123,42.166853123,True
1791358085169205862,,2653,bird_eye,0,0,False,0.0,no_alert,9130222823406097446,5687,1791358085169409651,42.200409651,True
1791358085202248919,,2654,bird_eye,0,0,False,0.0,no_alert,9130222823406097446,5689,1791358085202457743,42.233457743,True
1791358085236664408,,2655,bird_eye,0,0,False,0.0,no_alert,9130222823406097446,5690,1791358085236798568,42.267798568,True
1791358085268641359,,2656,bird_eye,0,0,False,0.0,no_alert,9130222823406097446,5692,1791358085268773236,42.299773236,True
1791358085302340392,,2657,bird_eye,0,0,False,0.0,no_alert,9130222823406097446,5693,1791358085302468140,42.33346814,True
1791358085334803587,,2658,bird_eye,0,0,False,0.0,no_alert,9130222823406097446,5695,1791358085335029213,42.366029213,True
1791358085369598812,,2659,bird_eye,0,0,False,0.0,no_alert,9130222823406097446,5697,1791358085369806022,42.400806022,True
1791358085402445908,,2660,bird_eye,0,0,False,0.0,no_alert,9130222823406097446,5699,1791358085402687079,42.433687079,True
1791358085435601217,,2661,bird_eye,0,0,False,0.0,no_alert,9130222823406097446,5700,1791358085435874296,42.466874296,True
1791358085468674428,,2662,bird_eye,0,0,False,0.0,no_alert,9130222823406097446,5702,1791358085468920108,42.499920108,True
1791358085502970976,,2663,bird_eye,0,0,False,0.0,no_alert,9130222823406097446,5704,1791358085503221822,42.534221822,True
1791358085535938864,,2664,bird_eye,0,0,False,0.0,no_alert,9130222823406097446,5705,1791358085536173732,42.567173732,True
1791358085568576593,,2665,bird_eye,0,0,False,0.0,no_alert,9130222823406097446,5707,1791358085568699939,42.599699939,True
1791358085602322593,,2666,bird_eye,0,0,False,0.0,no_alert,9130222823406097446,5708,1791358085602488308,42.633488308,True
1791358085635894058,,2667,bird_eye,0,0,False,0.0,no_alert,9130222823406097446,5710,1791358085636056398,42.667056398,True
1791358085669570764,,2668,bird_eye,0,0,False,0.0,no_alert,9130222823406097446,5712,1791358085669734712,42.700734712,True
1791358085702738643,,2669,bird_eye,0,0,False,0.0,no_alert,9130222823406097446,5714,1791358085702916003,42.733916003,True
1791358085736001907,,2670,bird_eye,0,0,False,0.0,no_alert,9130222823406097446,5715,1791358085736185179,42.767185179,True
1791358085768533961,,2671,bird_eye,0,0,False,0.0,no_alert,9130222823406097446,5717,1791358085768621517,42.799621517,True
1791358085802760148,,2672,bird_eye,0,0,False,0.0,no_alert,9130222823406097446,5718,1791358085802900399,42.833900399,True
1791358085877435560,,2673,bird_eye,0,0,False,0.0,no_alert,9130222823406097446,5722,1791358085877582963,42.908582963,True
1791358085944805554,,2674,bird_eye,0,0,False,0.0,no_alert,9130222823406097446,5726,1791358085944901855,42.975901855,True
1791358085971096000,,2675,bird_eye,0,0,False,0.0,no_alert,9130222823406097446,5727,1791358085971197857,43.002197857,True
1791358086006088393,,2676,bird_eye,0,0,False,0.0,no_alert,9130222823406097446,5729,1791358086006293953,43.037293953,True
1791358086038296840,,2677,bird_eye,0,0,False,0.0,no_alert,9130222823406097446,5730,1791358086038475142,43.069475142,True
1791358086071293747,,2678,bird_eye,0,0,False,0.0,no_alert,9130222823406097446,5732,1791358086071554814,43.102554814,True
1791358086102502092,,2679,bird_eye,0,0,False,0.0,no_alert,9130222823406097446,5733,1791358086102777354,43.133777354,True
1791358086135700818,,2680,bird_eye,0,0,False,0.0,no_alert,9130222823406097446,5735,1791358086135861904,43.166861904,True
1791358086168833067,,2681,bird_eye,0,0,False,0.0,no_alert,9130222823406097446,5737,1791358086168995894,43.199995894,True
1791358086202738719,,2682,bird_eye,0,0,False,0.0,no_alert,9130222823406097446,5738,1791358086202890452,43.233890452,True
1791358086235496462,,2683,bird_eye,0,0,False,0.0,no_alert,9130222823406097446,5740,1791358086235671415,43.266671415,True
1791358086268861425,,2684,bird_eye,0,0,False,0.0,no_alert,9130222823406097446,5742,1791358086269060723,43.300060723,True
1791358086302109131,,2685,bird_eye,0,0,False,0.0,no_alert,9130222823406097446,5743,1791358086302358592,43.333358592,True
1791358086336363471,,2686,bird_eye,0,0,False,0.0,no_alert,9130222823406097446,5745,1791358086336567477,43.367567477,True
1791358086368382914,,2687,bird_eye,0,0,False,0.0,no_alert,9130222823406097446,5747,1791358086368673625,43.399673625,True
1791358086401534172,,2688,bird_eye,0,0,False,0.0,no_alert,9130222823406097446,5748,1791358086401713050,43.43271305,True
1791358086436392343,,2689,bird_eye,0,0,False,0.0,no_alert,9130222823406097446,5750,1791358086436540422,43.467540422,True
1791358086472461221,,2690,bird_eye,0,0,False,0.0,no_alert,9130222823406097446,5752,1791358086472630335,43.503630335,True
1791358086508892705,,2691,bird_eye,0,0,False,0.0,no_alert,9130222823406097446,5754,1791358086509084628,43.540084628,True
1791358086540617082,,2692,bird_eye,0,0,False,0.0,no_alert,9130222823406097446,5755,1791358086540795098,43.571795098,True
1791358086568447108,,2693,bird_eye,0,0,False,0.0,no_alert,9130222823406097446,5757,1791358086568623232,43.599623232,True
1791358086601785994,,2694,bird_eye,0,0,False,0.0,no_alert,9130222823406097446,5758,1791358086602049448,43.633049448,True
1791358086637443716,,2695,bird_eye,0,0,False,0.0,no_alert,9130222823406097446,5760,1791358086637720122,43.668720122,True
1791358086669198955,,2696,bird_eye,0,0,False,0.0,no_alert,9130222823406097446,5762,1791358086669480001,43.700480001,True
1791358086701546436,,2697,bird_eye,0,0,False,0.0,no_alert,9130222823406097446,5763,1791358086701881644,43.732881644,True
1791358086734660965,,2698,bird_eye,0,0,False,0.0,no_alert,9130222823406097446,5765,1791358086734938134,43.765938134,True
1791358086767695484,,2699,bird_eye,0,0,False,0.0,no_alert,9130222823406097446,5767,1791358086767869358,43.798869358,True
1791358086801481707,,2700,bird_eye,0,0,False,0.0,no_alert,9130222823406097446,5768,1791358086801673318,43.832673318,True
1791358086835582039,,2701,bird_eye,0,0,False,0.0,no_alert,9130222823406097446,5770,1791358086835726339,43.866726339,True
1791358086869225293,,2702,bird_eye,0,0,False,0.0,no_alert,9130222823406097446,5772,1791358086869426590,43.90042659,True
1791358086902667122,,2703,bird_eye,0,0,False,0.0,no_alert,9130222823406097446,5773,1791358086902784108,43.933784108,True
1791358086934935766,,2704,bird_eye,0,0,False,0.0,no_alert,9130222823406097446,5775,1791358086935054800,43.9660548,True
1791358086968345940,,2705,bird_eye,0,0,False,0.0,no_alert,9130222823406097446,5777,1791358086968509990,43.99950999,True
1791358087001601304,,2706,bird_eye,0,0,False,0.0,no_alert,9130222823406097446,5778,1791358087001725196,44.032725196,True
1791358087035116263,,2707,bird_eye,0,0,False,0.0,no_alert,9130222823406097446,5780,1791358087035333821,44.066333821,True
1791358087067928859,,2708,bird_eye,0,0,False,0.0,no_alert,9130222823406097446,5782,1791358087068099699,44.099099699,True
1791358087101325177,,2709,bird_eye,0,0,False,0.0,no_alert,9130222823406097446,5783,1791358087101442284,44.132442284,True
1791358087134369352,,2710,bird_eye,0,0,False,0.0,no_alert,9130222823406097446,5785,1791358087134502837,44.165502837,True
1791358087168152099,,2711,bird_eye,0,0,False,0.0,no_alert,9130222823406097446,5787,1791358087168287859,44.199287859,True
1791358087200885782,,2712,bird_eye,0,0,False,0.0,no_alert,9130222823406097446,5788,1791358087200986776,44.231986776,True
1791358087238916276,,2713,bird_eye,0,0,False,0.0,no_alert,9130222823406097446,5790,1791358087239098789,44.270098789,True
1791358087273886768,,2714,bird_eye,0,0,False,0.0,no_alert,9130222823406097446,5792,1791358087274066739,44.305066739,True
1791358087302540440,,2715,bird_eye,0,0,False,0.0,no_alert,9130222823406097446,5793,1791358087302785187,44.333785187,True
1791358087335314143,,2716,bird_eye,0,0,False,0.0,no_alert,9130222823406097446,5795,1791358087335523190,44.36652319,True
1791358087372849369,,2717,bird_eye,0,0,False,0.0,no_alert,9130222823406097446,5797,1791358087373022554,44.404022554,True
1791358087418482603,,2718,bird_eye,0,0,False,0.0,no_alert,9130222823406097446,5799,1791358087418695125,44.449695125,True
1791358087471047014,,2719,bird_eye,0,0,False,0.0,no_alert,9130222823406097446,5802,1791358087471488378,44.502488378,True
1791358087504362340,,2720,bird_eye,0,0,False,0.0,no_alert,9130222823406097446,5804,1791358087504511660,44.53551166,True
1791358087530289373,,2721,bird_eye,0,0,False,0.0,no_alert,9130222823406097446,5805,1791358087530599828,44.561599828,True
1791358087557489053,,2722,bird_eye,0,0,False,0.0,no_alert,9130222823406097446,5806,1791358087557659928,44.588659928,True
1791358087584720695,,2723,bird_eye,0,0,False,0.0,no_alert,9130222823406097446,5808,1791358087584884088,44.615884088,True
1791358087617727041,,2724,bird_eye,0,0,False,0.0,no_alert,9130222823406097446,5809,1791358087617951203,44.648951203,True
1791358087651517151,,2725,bird_eye,0,0,False,0.0,no_alert,9130222823406097446,5811,1791358087651835254,44.682835254,True
1791358087681999250,,2726,bird_eye,0,0,False,0.0,no_alert,9130222823406097446,5812,1791358087682409510,44.71340951,True
1791358087718469370,,2727,bird_eye,0,0,False,0.0,no_alert,9130222823406097446,5814,1791358087718654214,44.749654214,True
1791358087748663132,,2728,bird_eye,0,0,False,0.0,no_alert,9130222823406097446,5816,1791358087748874442,44.779874442,True
1791358087780576257,,2729,bird_eye,0,0,False,0.0,no_alert,9130222823406097446,5817,1791358087780857895,44.811857895,True
1791358087810731492,,2730,bird_eye,0,0,False,0.0,no_alert,9130222823406097446,5819,1791358087810912046,44.841912046,True
1791358087842258868,,2731,bird_eye,0,0,False,0.0,no_alert,9130222823406097446,5820,1791358087842380848,44.873380848,True
1791358087874672979,,2732,bird_eye,0,0,False,0.0,no_alert,9130222823406097446,5822,1791358087874975935,44.905975935,True
1791358087906262983,,2733,bird_eye,0,0,False,0.0,no_alert,9130222823406097446,5824,1791358087906394875,44.937394875,True
1791358087938868462,,2734,bird_eye,0,0,False,0.0,no_alert,9130222823406097446,5825,1791358087939209932,44.970209932,True
1791358087970913857,,2735,bird_eye,0,0,False,0.0,no_alert,9130222823406097446,5827,1791358087971356713,45.002356713,True
1791358088002513599,,2736,bird_eye,0,0,False,0.0,no_alert,9130222823406097446,5829,1791358088002969477,45.033969477,True
1791358088034857120,,2737,bird_eye,0,0,False,0.0,no_alert,9130222823406097446,5830,1791358088035233436,45.066233436,True
1791358088067993637,,2738,bird_eye,0,0,False,0.0,no_alert,9130222823406097446,5832,1791358088068251319,45.099251319,True
1791358088101710645,,2739,bird_eye,0,0,False,0.0,no_alert,9130222823406097446,5833,1791358088101958362,45.132958362,True
1791358088134708726,,2740,bird_eye,0,0,False,0.0,no_alert,9130222823406097446,5835,1791358088134926052,45.165926052,True
1791358088168700046,,2741,bird_eye,0,0,False,0.0,no_alert,9130222823406097446,5837,1791358088168996606,45.199996606,True
1791358088201817554,,2742,bird_eye,0,0,False,0.0,no_alert,9130222823406097446,5838,1791358088202148676,45.233148676,True
1791358088234815160,,2743,bird_eye,0,0,False,0.0,no_alert,9130222823406097446,5840,1791358088235138166,45.266138166,True
1791358088268908458,,2744,bird_eye,0,0,False,0.0,no_alert,9130222823406097446,5842,1791358088269390496,45.300390496,True
1791358088301817078,,2745,bird_eye,0,0,False,0.0,no_alert,9130222823406097446,5843,1791358088302178058,45.333178058,True
1791358088334958152,,2746,bird_eye,0,0,False,0.0,no_alert,9130222823406097446,5845,1791358088335218735,45.366218735,True
1791358088367501620,,2747,bird_eye,0,0,False,0.0,no_alert,9130222823406097446,5847,1791358088367833897,45.398833897,True
1791358088401729257,,2748,bird_eye,0,0,False,0.0,no_alert,9130222823406097446,5848,1791358088401978271,45.432978271,True
1791358088436240119,,2749,bird_eye,0,0,False,0.0,no_alert,9130222823406097446,5850,1791358088436580102,45.467580102,True
1791358088467835754,,2750,bird_eye,0,0,False,0.0,no_alert,9130222823406097446,5852,1791358088468037048,45.499037048,True
1791358088502716355,,2751,bird_eye,0,0,False,0.0,no_alert,9130222823406097446,5854,1791358088502940664,45.533940664,True
1791358088535502832,,2752,bird_eye,0,0,False,0.0,no_alert,9130222823406097446,5855,1791358088535803429,45.566803429,True
1791358088568342555,,2753,bird_eye,0,0,False,0.0,no_alert,9130222823406097446,5857,1791358088568547807,45.599547807,True
1791358088602058806,,2754,bird_eye,0,0,False,0.0,no_alert,9130222823406097446,5858,1791358088602291008,45.633291008,True
1791358088635317468,,2755,bird_eye,0,0,False,0.0,no_alert,9130222823406097446,5860,1791358088635529066,45.666529066,True
1791358088668321307,,2756,bird_eye,0,0,False,0.0,no_alert,9130222823406097446,5862,1791358088668579807,45.699579807,True
1791358088703150688,,2757,bird_eye,0,0,False,0.0,no_alert,9130222823406097446,5864,1791358088703431582,45.734431582,True
1791358088735021891,,2758,bird_eye,0,0,False,0.0,no_alert,9130222823406097446,5865,1791358088735296433,45.766296433,True
1791358088768460415,,2759,bird_eye,0,0,False,0.0,no_alert,9130222823406097446,5867,1791358088768680988,45.799680988,True
1791358088802211899,,2760,bird_eye,0,0,False,0.0,no_alert,9130222823406097446,5868,1791358088802487787,45.833487787,True
1791358088835515046,,2761,bird_eye,0,0,False,0.0,no_alert,9130222823406097446,5870,1791358088835800600,45.8668006,True
1791358088868561599,,2762,bird_eye,0,0,False,0.0,no_alert,9130222823406097446,5872,1791358088868815974,45.899815974,True
1791358088902739262,,2763,bird_eye,0,0,False,0.0,no_alert,9130222823406097446,5873,1791358088903108482,45.934108482,True
1791358088936168093,,2764,bird_eye,0,0,False,0.0,no_alert,9130222823406097446,5875,1791358088936446020,45.96744602,True
1791358088969406071,,2765,bird_eye,0,0,False,0.0,no_alert,9130222823406097446,5877,1791358088969720496,46.000720496,True
1791358089004316996,,2766,bird_eye,0,0,False,0.0,no_alert,9130222823406097446,5878,1791358089004710564,46.035710564,True
1791358089037098068,,2767,bird_eye,0,0,False,0.0,no_alert,9130222823406097446,5880,1791358089037403755,46.068403755,True
1791358089068261188,,2768,bird_eye,0,0,False,0.0,no_alert,9130222823406097446,5882,1791358089068667933,46.099667933,True
1791358089101252415,,2769,bird_eye,0,0,False,0.0,no_alert,9130222823406097446,5883,1791358089101547436,46.132547436,True
1791358089134877325,,2770,bird_eye,0,0,False,0.0,no_alert,9130222823406097446,5885,1791358089135150289,46.166150289,True
1791358089171615010,,2771,bird_eye,0,0,False,0.0,no_alert,9130222823406097446,5887,1791358089172038317,46.203038317,True
1791358089201702748,,2772,bird_eye,0,0,False,0.0,no_alert,9130222823406097446,5888,1791358089202045412,46.233045412,True
1791358089234757972,,2773,bird_eye,0,0,False,0.0,no_alert,9130222823406097446,5890,1791358089235225781,46.266225781,False
1791358089269753783,,2774,bird_eye,0,0,False,0.0,no_alert,9130222823406097446,5892,1791358089270094000,46.301094,False
1791358089305563875,,2775,bird_eye,0,0,False,0.0,no_alert,9130222823406097446,5893,1791358089305827915,46.336827915,False
1791358089344872188,,2776,bird_eye,0,0,False,0.0,no_alert,9130222823406097446,5896,1791358089344966328,46.375966328,False
1791358089370848161,,2777,bird_eye,0,0,False,0.0,no_alert,9130222823406097446,5897,1791358089371129133,46.402129133,False
1791358089407132128,,2778,bird_eye,0,0,False,0.0,no_alert,9130222823406097446,5898,1791358089407260074,46.438260074,False
1791358089437463957,,2779,bird_eye,0,0,False,0.0,no_alert,9130222823406097446,5900,1791358089437702942,46.468702942,False
1791358089476205919,,2780,bird_eye,0,0,False,0.0,no_alert,9130222823406097446,5902,1791358089476474548,46.507474548,False
1791358089501863695,,2781,bird_eye,0,0,False,0.0,no_alert,9130222823406097446,5903,1791358089502278001,46.533278001,False
1791358089537408365,,2782,bird_eye,0,0,False,0.0,no_alert,9130222823406097446,5905,1791358089537785492,46.568785492,False
1791358089573037669,,2783,bird_eye,0,0,False,0.0,no_alert,9130222823406097446,5907,1791358089573321063,46.604321063,False
1791358089601808834,,2784,bird_eye,0,0,False,0.0,no_alert,9130222823406097446,5908,1791358089602260698,46.633260698,False
1791358089636140341,,2785,bird_eye,0,0,False,0.0,no_alert,9130222823406097446,5910,1791358089636523141,46.667523141,False
1791358089677346379,,2786,bird_eye,0,0,False,0.0,no_alert,9130222823406097446,5912,1791358089677532309,46.708532309,False
1791358089703954255,,2787,bird_eye,0,0,False,0.0,no_alert,9130222823406097446,5913,1791358089704212494,46.735212494,False
1791358089739581376,,2788,bird_eye,0,0,False,0.0,no_alert,9130222823406097446,5915,1791358089739782209,46.770782209,False
1791358089770217123,,2789,bird_eye,0,0,False,0.0,no_alert,9130222823406097446,5917,1791358089770482453,46.801482453,False
1791358089810542568,,2790,bird_eye,0,0,False,0.0,no_alert,9130222823406097446,5919,1791358089810711070,46.84171107,False
1791358089835689549,,2791,bird_eye,0,0,False,0.0,no_alert,9130222823406097446,5920,1791358089836055845,46.867055845,False
1791358089869898915,,2792,bird_eye,0,0,False,0.0,no_alert,9130222823406097446,5922,1791358089870154392,46.901154392,False
1791358089903197751,,2793,bird_eye,0,0,False,0.0,no_alert,9130222823406097446,5924,1791358089903511968,46.934511968,False
1791358089935012114,,2794,bird_eye,0,0,False,0.0,no_alert,9130222823406097446,5925,1791358089935354616,46.966354616,False
1791358089969356212,,2795,bird_eye,0,0,False,0.0,no_alert,9130222823406097446,5927,1791358089969718996,47.000718996,False
1791358090009581922,,2796,bird_eye,0,0,False,0.0,no_alert,9130222823406097446,5929,1791358090009789996,47.040789996,False
1791358090040641827,,2797,bird_eye,0,0,False,0.0,no_alert,9130222823406097446,5930,1791358090040764308,47.071764308,False
1791358090078431874,,2798,bird_eye,0,0,False,0.0,no_alert,9130222823406097446,5932,1791358090078560688,47.109560688,False
1791358090110110539,,2799,bird_eye,0,0,False,0.0,no_alert,9130222823406097446,5934,1791358090110369264,47.141369264,False
1791358090138467096,,2800,bird_eye,0,0,False,0.0,no_alert,9130222823406097446,5935,1791358090138765036,47.169765036,False
1791358090175854087,,2801,bird_eye,0,0,False,0.0,no_alert,9130222823406097446,5937,1791358090176215014,47.207215014,False
1791358090203957284,,2802,bird_eye,0,0,False,0.0,no_alert,9130222823406097446,5938,1791358090204325717,47.235325717,False
1791358090238063861,,2803,bird_eye,0,0,False,0.0,no_alert,9130222823406097446,5940,1791358090238291724,47.269291724,False
1791358090277706216,,2804,bird_eye,0,0,False,0.0,no_alert,9130222823406097446,5942,1791358090277931598,47.308931598,False
1791358090302003385,,2805,bird_eye,0,0,False,0.0,no_alert,9130222823406097446,5943,1791358090302186034,47.333186034,False
1791358090338346339,,2806,bird_eye,0,0,False,0.0,no_alert,9130222823406097446,5945,1791358090338634634,47.369634634,False
1791358090375199029,,2807,bird_eye,0,0,False,0.0,no_alert,9130222823406097446,5947,1791358090375327932,47.406327932,False
1791358090401776451,,2808,bird_eye,0,0,False,0.0,no_alert,9130222823406097446,5948,1791358090401976093,47.432976093,False
1791358090438076270,,2809,bird_eye,0,0,False,0.0,no_alert,9130222823406097446,5950,1791358090438251650,47.46925165,False
1791358090469070928,,2810,bird_eye,0,0,False,0.0,no_alert,9130222823406097446,5952,1791358090469187633,47.500187633,False
1791358090511444339,,2811,bird_eye,0,0,False,0.0,no_alert,9130222823406097446,5954,1791358090511735775,47.542735775,False
1791358090534376998,,2812,bird_eye,0,0,False,0.0,no_alert,9130222823406097446,5955,1791358090534553251,47.565553251,False
1791358090575877401,,2813,bird_eye,0,0,False,0.0,no_alert,9130222823406097446,5957,1791358090576092252,47.607092252,False
1791358090601293045,,2814,bird_eye,0,0,False,0.0,no_alert,9130222823406097446,5958,1791358090601442960,47.63244296,False
1791358090644609794,,2815,bird_eye,0,0,False,0.0,no_alert,9130222823406097446,5960,1791358090644828422,47.675828422,False
1791358090670028609,,2816,bird_eye,0,0,False,0.0,no_alert,9130222823406097446,5962,1791358090670219866,47.701219866,False
1791358090705890414,,2817,bird_eye,0,0,False,0.0,no_alert,9130222823406097446,5964,1791358090706129610,47.73712961,False
1791358090734988142,,2818,bird_eye,0,0,False,0.0,no_alert,9130222823406097446,5965,1791358090735209242,47.766209242,False
1791358090769503748,,2819,bird_eye,0,0,False,0.0,no_alert,9130222823406097446,5967,1791358090769680487,47.800680487,False
1791358090802895323,,2820,bird_eye,0,0,False,0.0,no_alert,9130222823406097446,5969,1791358090803005000,47.834005,False
1791358090834561248,,2821,bird_eye,0,0,False,0.0,no_alert,9130222823406097446,5970,1791358090834657935,47.865657935,False
1791358090870441893,,2822,bird_eye,0,0,False,0.0,no_alert,9130222823406097446,5972,1791358090870743687,47.901743687,False
1791358090904805984,,2823,bird_eye,0,0,False,0.0,no_alert,9130222823406097446,5974,1791358090905280239,47.936280239,False
1791358090940427057,,2824,bird_eye,0,0,False,0.0,no_alert,9130222823406097446,5975,1791358090940688641,47.971688641,False
1791358090968599555,,2825,bird_eye,0,0,False,0.0,no_alert,9130222823406097446,5977,1791358090968735479,47.999735479,False
1791358091004568403,,2826,bird_eye,0,0,False,0.0,no_alert,9130222823406097446,5979,1791358091004799720,48.03579972,False
1791358091034929917,,2827,bird_eye,0,0,False,0.0,no_alert,9130222823406097446,5980,1791358091035033233,48.066033233,False
1791358091069535573,,2828,bird_eye,0,0,False,0.0,no_alert,9130222823406097446,5982,1791358091069743030,48.10074303,False
1791358091103937496,,2829,bird_eye,0,0,False,0.0,no_alert,9130222823406097446,5984,1791358091104202358,48.135202358,False
1791358091135634693,,2830,bird_eye,0,0,False,0.0,no_alert,9130222823406097446,5985,1791358091135832103,48.166832103,False
1791358091169881498,,2831,bird_eye,0,0,False,0.0,no_alert,9130222823406097446,5987,1791358091170101001,48.201101001,False
1791358091203520535,,2832,bird_eye,0,0,False,0.0,no_alert,9130222823406097446,5989,1791358091203747042,48.234747042,False
1791358091235086787,,2833,bird_eye,0,0,False,0.0,no_alert,9130222823406097446,5990,1791358091235269135,48.266269135,False
1791358091269561937,,2834,bird_eye,0,0,False,0.0,no_alert,9130222823406097446,5992,1791358091269760278,48.300760278,False
1791358091301741798,,2835,bird_eye,0,0,False,0.0,no_alert,9130222823406097446,5993,1791358091301939547,48.332939547,False
1791358091341914327,,2836,bird_eye,0,0,False,0.0,no_alert,9130222823406097446,5995,1791358091342171243,48.373171243,False
1791358091368361602,,2837,bird_eye,0,0,False,0.0,no_alert,9130222823406097446,5997,1791358091368459208,48.399459208,False
1791358091402719526,,2838,bird_eye,0,0,False,0.0,no_alert,9130222823406097446,5999,1791358091402850105,48.433850105,False
1791358091435614592,,2839,bird_eye,0,0,False,0.0,no_alert,9130222823406097446,6000,1791358091435761006,48.466761006,False
1791358091468502802,,2840,bird_eye,0,0,False,0.0,no_alert,9130222823406097446,6002,1791358091468597347,48.499597347,False
1791358091503831042,,2841,bird_eye,0,0,False,0.0,no_alert,9130222823406097446,6004,1791358091503999650,48.53499965,False
1791358091536894195,,2842,bird_eye,0,0,False,0.0,no_alert,9130222823406097446,6005,1791358091536985930,48.56798593,False
1791358091568737371,,2843,bird_eye,0,0,False,0.0,no_alert,9130222823406097446,6007,1791358091568831847,48.599831847,False
1791358091602520981,,2844,bird_eye,0,0,False,0.0,no_alert,9130222823406097446,6009,1791358091602669462,48.633669462,False
1791358091644268265,,2845,bird_eye,0,0,False,0.0,no_alert,9130222823406097446,6011,1791358091644504102,48.675504102,False
1791358091675414765,,2846,bird_eye,0,0,False,0.0,no_alert,9130222823406097446,6012,1791358091675532065,48.706532065,False
1791358091701460177,,2847,bird_eye,0,0,False,0.0,no_alert,9130222823406097446,6013,1791358091701563190,48.73256319,False
1791358091743343026,,2848,bird_eye,0,0,False,0.0,no_alert,9130222823406097446,6016,1791358091743648114,48.774648114,False
1791358091775317080,,2849,bird_eye,0,0,False,0.0,no_alert,9130222823406097446,6017,1791358091775591932,48.806591932,False
1791358091809056126,,2850,bird_eye,0,0,False,0.0,no_alert,9130222823406097446,6019,1791358091809228729,48.840228729,False
1791358091841666368,,2851,bird_eye,0,0,False,0.0,no_alert,9130222823406097446,6020,1791358091842106266,48.873106266,False
1791358091876512039,,2852,bird_eye,0,0,False,0.0,no_alert,9130222823406097446,6022,1791358091876801701,48.907801701,False
1791358091900773799,,2853,bird_eye,0,0,False,0.0,no_alert,9130222823406097446,6023,1791358091900905447,48.931905447,False
1791358091936765686,,2854,bird_eye,0,0,False,0.0,no_alert,9130222823406097446,6025,1791358091936919503,48.967919503,False
1791358091970338232,,2855,bird_eye,0,0,False,0.0,no_alert,9130222823406097446,6027,1791358091970491597,49.001491597,False
1791358092003228024,,2856,bird_eye,0,0,False,0.0,no_alert,9130222823406097446,6029,1791358092003335063,49.034335063,False
1791358092043756217,,2857,bird_eye,0,0,False,0.0,no_alert,9130222823406097446,6031,1791358092043859836,49.074859836,False
1791358092079800202,,2858,bird_eye,0,0,False,0.0,no_alert,9130222823406097446,6032,1791358092080241750,49.11124175,False
1791358092107377120,,2859,bird_eye,0,0,False,0.0,no_alert,9130222823406097446,6034,1791358092107761644,49.138761644,False
1791358092134848437,,2860,bird_eye,0,0,False,0.0,no_alert,9130222823406097446,6035,1791358092135136989,49.166136989,False
1791358092167577789,,2861,bird_eye,0,0,False,0.0,no_alert,9130222823406097446,6037,1791358092167828884,49.198828884,False
1791358092201551681,,2862,bird_eye,0,0,False,0.0,no_alert,9130222823406097446,6038,1791358092201950357,49.232950357,False
1791358092237802549,,2863,bird_eye,0,0,False,0.0,no_alert,9130222823406097446,6040,1791358092238011208,49.269011208,False
1791358092270524533,,2864,bird_eye,0,0,False,0.0,no_alert,9130222823406097446,6042,1791358092270770185,49.301770185,False
1791358092310123966,,2865,bird_eye,0,0,False,0.0,no_alert,9130222823406097446,6044,1791358092310397863,49.341397863,False
1791358092335954332,,2866,bird_eye,0,0,False,0.0,no_alert,9130222823406097446,6045,1791358092336054674,49.367054674,False
1791358092378515214,,2867,bird_eye,0,0,False,0.0,no_alert,9130222823406097446,6047,1791358092378767058,49.409767058,False
1791358092401572552,,2868,bird_eye,0,0,False,0.0,no_alert,9130222823406097446,6048,1791358092401821225,49.432821225,False
1791358092437790454,,2869,bird_eye,0,0,False,0.0,no_alert,9130222823406097446,6050,1791358092437957383,49.468957383,False
1791358092471817859,,2870,bird_eye,0,0,False,0.0,no_alert,9130222823406097446,6052,1791358092472082365,49.503082365,False
1791358092501991348,,2871,bird_eye,0,0,False,0.0,no_alert,9130222823406097446,6054,1791358092502194127,49.533194127,False
1791358092536529759,,2872,bird_eye,0,0,False,0.0,no_alert,9130222823406097446,6055,1791358092536737357,49.567737357,False
1791358092570216958,,2873,bird_eye,0,0,False,0.0,no_alert,9130222823406097446,6057,1791358092570419362,49.601419362,False
1791358092603124219,,2874,bird_eye,0,0,False,0.0,no_alert,9130222823406097446,6059,1791358092603457035,49.634457035,False
1791358092639085035,,2875,bird_eye,0,0,False,0.0,no_alert,9130222823406097446,6060,1791358092639441236,49.670441236,False
1791358092668937873,,2876,bird_eye,0,0,False,0.0,no_alert,9130222823406097446,6062,1791358092669087347,49.700087347,False
1791358092705165815,,2877,bird_eye,0,0,False,0.0,no_alert,9130222823406097446,6064,1791358092705359202,49.736359202,False
1791358092733970086,,2878,bird_eye,0,0,False,0.0,no_alert,9130222823406097446,6065,1791358092734140582,49.765140582,False
1791358092770590568,,2879,bird_eye,0,0,False,0.0,no_alert,9130222823406097446,6067,1791358092770767702,49.801767702,False
1791358092807962979,,2880,bird_eye,0,0,False,0.0,no_alert,9130222823406097446,6069,1791358092808235175,49.839235175,False
1791358092835910302,,2881,bird_eye,0,0,False,0.0,no_alert,9130222823406097446,6070,1791358092836104957,49.867104957,False
1791358092876005380,,2882,bird_eye,0,0,False,0.0,no_alert,9130222823406097446,6072,1791358092876269569,49.907269569,False
1791358092908495111,,2883,bird_eye,0,0,False,0.0,no_alert,9130222823406097446,6074,1791358092908843091,49.939843091,False
