session_id,token,bag_ns,camera_relative_sec,in_camera_window
4622169276517035216,450,1791359349233953829,-141.198046171,False
4622169276517035216,451,1791359349254012108,-141.177987892,False
4622169276517035216,452,1791359349274125113,-141.157874887,False
4622169276517035216,453,1791359349294272677,-141.137727323,False
4622169276517035216,454,1791359349313992688,-141.118007312,False
4622169276517035216,455,1791359349333997824,-141.098002176,False
4622169276517035216,456,1791359349353981640,-141.07801836,False
4622169276517035216,457,1791359349373935345,-141.058064655,False
4622169276517035216,458,1791359349394111987,-141.037888013,False
4622169276517035216,459,1791359349414097461,-141.017902539,False
4622169276517035216,460,1791359349434089557,-140.997910443,False
4622169276517035216,461,1791359349454060664,-140.977939336,False
4622169276517035216,462,1791359349474050894,-140.957949106,False
4622169276517035216,463,1791359349494226568,-140.937773432,False
4622169276517035216,464,1791359349514123249,-140.917876751,False
4622169276517035216,465,1791359349534277958,-140.897722042,False
4622169276517035216,466,1791359349554190992,-140.877809008,False
4622169276517035216,467,1791359349574111611,-140.857888389,False
4622169276517035216,468,1791359349594112177,-140.837887823,False
4622169276517035216,469,1791359349614107239,-140.817892761,False
4622169276517035216,470,1791359349634115012,-140.797884988,False
4622169276517035216,471,1791359349654120566,-140.777879434,False
4622169276517035216,472,1791359349674166799,-140.757833201,False
4622169276517035216,473,1791359349694165522,-140.737834478,False
4622169276517035216,474,1791359349714086577,-140.717913423,False
4622169276517035216,475,1791359349733956289,-140.698043711,False
4622169276517035216,476,1791359349753957195,-140.678042805,False
4622169276517035216,477,1791359349773911813,-140.658088187,False
4622169276517035216,478,1791359349793901268,-140.638098732,False
4622169276517035216,479,1791359349814088675,-140.617911325,False
4622169276517035216,480,1791359349834050417,-140.597949583,False
4622169276517035216,481,1791359349853975213,-140.578024787,False
4622169276517035216,482,1791359349874002061,-140.557997939,False
4622169276517035216,483,1791359349894091629,-140.537908371,False
4622169276517035216,484,1791359349914241898,-140.517758102,False
4622169276517035216,485,1791359349934165785,-140.497834215,False
4622169276517035216,486,1791359349954176581,-140.477823419,False
4622169276517035216,487,1791359349974258583,-140.457741417,False
4622169276517035216,488,1791359349994124624,-140.437875376,False
4622169276517035216,489,1791359350014292677,-140.417707323,False
4622169276517035216,490,1791359350034461217,-140.397538783,False
4622169276517035216,491,1791359350054118032,-140.377881968,False
4622169276517035216,492,1791359350074123824,-140.357876176,False
4622169276517035216,493,1791359350094105569,-140.337894431,False
4622169276517035216,494,1791359350114267880,-140.31773212,False
4622169276517035216,495,1791359350134123171,-140.297876829,False
4622169276517035216,496,1791359350154244992,-140.277755008,False
4622169276517035216,497,1791359350174094412,-140.257905588,False
4622169276517035216,498,1791359350194107003,-140.237892997,False
4622169276517035216,499,1791359350214072751,-140.217927249,False
4622169276517035216,500,1791359350234082793,-140.197917207,False
4622169276517035216,501,1791359350254131167,-140.177868833,False
4622169276517035216,502,1791359350274123174,-140.157876826,False
4622169276517035216,503,1791359350293998865,-140.138001135,False
4622169276517035216,504,1791359350314258726,-140.117741274,False
4622169276517035216,505,1791359350334054628,-140.097945372,False
4622169276517035216,506,1791359350353979090,-140.07802091,False
4622169276517035216,507,1791359350373950560,-140.05804944,False
4622169276517035216,508,1791359350394004292,-140.037995708,False
4622169276517035216,509,1791359350414048428,-140.017951572,False
4622169276517035216,510,1791359350434294295,-139.997705705,False
4622169276517035216,511,1791359350454161520,-139.97783848,False
4622169276517035216,512,1791359350474189252,-139.957810748,False
4622169276517035216,513,1791359350494165820,-139.93783418,False
4622169276517035216,514,1791359350514093674,-139.917906326,False
4622169276517035216,515,1791359350534222341,-139.897777659,False
4622169276517035216,516,1791359350554113629,-139.877886371,False
4622169276517035216,517,1791359350574126080,-139.85787392,False
4622169276517035216,518,1791359350594096509,-139.837903491,False
4622169276517035216,519,1791359350614255583,-139.817744417,False
4622169276517035216,520,1791359350634192903,-139.797807097,False
4622169276517035216,521,1791359350654152019,-139.777847981,False
4622169276517035216,522,1791359350674185378,-139.757814622,False
4622169276517035216,523,1791359350694153252,-139.737846748,False
4622169276517035216,524,1791359350714110342,-139.717889658,False
4622169276517035216,525,1791359350734170791,-139.697829209,False
4622169276517035216,526,1791359350754159290,-139.67784071,False
4622169276517035216,527,1791359350774204014,-139.657795986,False
4622169276517035216,528,1791359350794167524,-139.637832476,False
4622169276517035216,529,1791359350814144965,-139.617855035,False
4622169276517035216,530,1791359350834102291,-139.597897709,False
4622169276517035216,531,1791359350854158234,-139.577841766,False
4622169276517035216,532,1791359350874221494,-139.557778506,False
4622169276517035216,533,1791359350894072409,-139.537927591,False
4622169276517035216,534,1791359350914166909,-139.517833091,False
4622169276517035216,535,1791359350934150793,-139.497849207,False
4622169276517035216,536,1791359350954239604,-139.477760396,False
4622169276517035216,537,1791359350974217547,-139.457782453,False
4622169276517035216,538,1791359350994036896,-139.437963104,False
4622169276517035216,539,1791359351014239633,-139.417760367,False
4622169276517035216,540,1791359351034073274,-139.397926726,False
4622169276517035216,541,1791359351054311173,-139.377688827,False
4622169276517035216,542,1791359351074182645,-139.357817355,False
4622169276517035216,543,1791359351094063640,-139.33793636,False
4622169276517035216,544,1791359351113985678,-139.318014322,False
4622169276517035216,545,1791359351133937233,-139.298062767,False
4622169276517035216,546,1791359351154091125,-139.277908875,False
4622169276517035216,547,1791359351174071119,-139.257928881,False
4622169276517035216,548,1791359351194091248,-139.237908752,False
4622169276517035216,549,1791359351214225072,-139.217774928,False
4622169276517035216,550,1791359351234159425,-139.197840575,False
4622169276517035216,551,1791359351254222424,-139.177777576,False
4622169276517035216,552,1791359351274191634,-139.157808366,False
4622169276517035216,553,1791359351294196383,-139.137803617,False
4622169276517035216,554,1791359351314185137,-139.117814863,False
4622169276517035216,555,1791359351334032087,-139.097967913,False
4622169276517035216,556,1791359351354033297,-139.077966703,False
4622169276517035216,557,1791359351374060452,-139.057939548,False
4622169276517035216,558,1791359351393951611,-139.038048389,False
4622169276517035216,559,1791359351414099038,-139.017900962,False
4622169276517035216,560,1791359351434104104,-138.997895896,False
4622169276517035216,561,1791359351454077694,-138.977922306,False
4622169276517035216,562,1791359351474219587,-138.957780413,False
4622169276517035216,563,1791359351494360598,-138.937639402,False
4622169276517035216,564,1791359351514172860,-138.91782714,False
4622169276517035216,565,1791359351534317835,-138.897682165,False
4622169276517035216,566,1791359351554165967,-138.877834033,False
4622169276517035216,567,1791359351574097145,-138.857902855,False
4622169276517035216,568,1791359351594094623,-138.837905377,False
4622169276517035216,569,1791359351614228276,-138.817771724,False
4622169276517035216,570,1791359351634245744,-138.797754256,False
4622169276517035216,571,1791359351654280939,-138.777719061,False
4622169276517035216,572,1791359351674243497,-138.757756503,False
4622169276517035216,573,1791359351694191855,-138.737808145,False
4622169276517035216,574,1791359351714187495,-138.717812505,False
4622169276517035216,575,1791359351734177170,-138.69782283,False
4622169276517035216,576,1791359351754248334,-138.677751666,False
4622169276517035216,577,1791359351774236039,-138.657763961,False
4622169276517035216,578,1791359351794189450,-138.63781055,False
4622169276517035216,579,1791359351814147282,-138.617852718,False
4622169276517035216,580,1791359351834385019,-138.597614981,False
4622169276517035216,581,1791359351854534512,-138.577465488,False
4622169276517035216,582,1791359351874550644,-138.557449356,False
4622169276517035216,583,1791359351894643907,-138.537356093,False
4622169276517035216,584,1791359351914695700,-138.5173043,False
4622169276517035216,585,1791359351934655601,-138.497344399,False
4622169276517035216,586,1791359351954726104,-138.477273896,False
4622169276517035216,587,1791359351974636124,-138.457363876,False
4622169276517035216,588,1791359351994652911,-138.437347089,False
4622169276517035216,589,1791359352014591763,-138.417408237,False
4622169276517035216,590,1791359352034623983,-138.397376017,False
4622169276517035216,591,1791359352054577217,-138.377422783,False
4622169276517035216,592,1791359352074570390,-138.35742961,False
4622169276517035216,593,1791359352094532707,-138.337467293,False
4622169276517035216,594,1791359352114560108,-138.317439892,False
4622169276517035216,595,1791359352134539326,-138.297460674,False
4622169276517035216,596,1791359352154695012,-138.277304988,False
4622169276517035216,597,1791359352174850592,-138.257149408,False
4622169276517035216,598,1791359352194581054,-138.237418946,False
4622169276517035216,599,1791359352214719143,-138.217280857,False
4622169276517035216,600,1791359352234551295,-138.197448705,False
4622169276517035216,601,1791359352254562025,-138.177437975,False
4622169276517035216,602,1791359352274541819,-138.157458181,False
4622169276517035216,603,1791359352294622891,-138.137377109,False
4622169276517035216,604,1791359352314546072,-138.117453928,False
4622169276517035216,605,1791359352334575577,-138.097424423,False
4622169276517035216,606,1791359352354605160,-138.07739484,False
4622169276517035216,607,1791359352374592493,-138.057407507,False
4622169276517035216,608,1791359352394615940,-138.03738406,False
4622169276517035216,609,1791359352414717259,-138.017282741,False
4622169276517035216,610,1791359352434683141,-137.997316859,False
4622169276517035216,611,1791359352454601838,-137.977398162,False
4622169276517035216,612,1791359352474601507,-137.957398493,False
4622169276517035216,613,1791359352494600321,-137.937399679,False
4622169276517035216,614,1791359352514591439,-137.917408561,False
4622169276517035216,615,1791359352534585591,-137.897414409,False
4622169276517035216,616,1791359352554603213,-137.877396787,False
4622169276517035216,617,1791359352574603947,-137.857396053,False
4622169276517035216,618,1791359352594613173,-137.837386827,False
4622169276517035216,619,1791359352614867064,-137.817132936,False
4622169276517035216,620,1791359352634401395,-137.797598605,False
4622169276517035216,621,1791359352654238162,-137.777761838,False
4622169276517035216,622,1791359352674338077,-137.757661923,False
4622169276517035216,623,1791359352694259766,-137.737740234,False
4622169276517035216,624,1791359352714325762,-137.717674238,False
4622169276517035216,625,1791359352734419260,-137.69758074,False
4622169276517035216,626,1791359352754369090,-137.67763091,False
4622169276517035216,627,1791359352774330313,-137.657669687,False
4622169276517035216,628,1791359352794333141,-137.637666859,False
4622169276517035216,629,1791359352814368985,-137.617631015,False
4622169276517035216,630,1791359352834302931,-137.597697069,False
4622169276517035216,631,1791359352854410811,-137.577589189,False
4622169276517035216,632,1791359352874275285,-137.557724715,False
4622169276517035216,633,1791359352894218634,-137.537781366,False
4622169276517035216,634,1791359352914323981,-137.517676019,False
4622169276517035216,635,1791359352934197066,-137.497802934,False
4622169276517035216,636,1791359352954198506,-137.477801494,False
4622169276517035216,637,1791359352974458832,-137.457541168,False
4622169276517035216,638,1791359352994286906,-137.437713094,False
4622169276517035216,639,1791359353014341437,-137.417658563,False
4622169276517035216,640,1791359353034366053,-137.397633947,False
4622169276517035216,641,1791359353054348266,-137.377651734,False
4622169276517035216,642,1791359353074300244,-137.357699756,False
4622169276517035216,643,1791359353094267847,-137.337732153,False
4622169276517035216,644,1791359353114207078,-137.317792922,False
4622169276517035216,645,1791359353134226927,-137.297773073,False
4622169276517035216,646,1791359353154250896,-137.277749104,False
4622169276517035216,647,1791359353174297177,-137.257702823,False
4622169276517035216,648,1791359353194366008,-137.237633992,False
4622169276517035216,649,1791359353214251819,-137.217748181,False
4622169276517035216,650,1791359353234374982,-137.197625018,False
4622169276517035216,651,1791359353254279130,-137.17772087,False
4622169276517035216,652,1791359353274413160,-137.15758684,False
4622169276517035216,653,1791359353294250814,-137.137749186,False
4622169276517035216,654,1791359353314299894,-137.117700106,False
4622169276517035216,655,1791359353334370890,-137.09762911,False
4622169276517035216,656,1791359353354406616,-137.077593384,False
4622169276517035216,657,1791359353374405725,-137.057594275,False
4622169276517035216,658,1791359353394252782,-137.037747218,False
4622169276517035216,659,1791359353414374474,-137.017625526,False
4622169276517035216,660,1791359353434332255,-136.997667745,False
4622169276517035216,661,1791359353454277158,-136.977722842,False
4622169276517035216,662,1791359353474197964,-136.957802036,False
4622169276517035216,663,1791359353494320268,-136.937679732,False
4622169276517035216,664,1791359353514224532,-136.917775468,False
4622169276517035216,665,1791359353534335042,-136.897664958,False
4622169276517035216,666,1791359353554295350,-136.87770465,False
4622169276517035216,667,1791359353574231544,-136.857768456,False
4622169276517035216,668,1791359353594277990,-136.83772201,False
4622169276517035216,669,1791359353614282395,-136.817717605,False
4622169276517035216,670,1791359353634285061,-136.797714939,False
4622169276517035216,671,1791359353654290362,-136.777709638,False
4622169276517035216,672,1791359353674360681,-136.757639319,False
4622169276517035216,673,1791359353694260513,-136.737739487,False
4622169276517035216,674,1791359353714439467,-136.717560533,False
4622169276517035216,675,1791359353734387989,-136.697612011,False
4622169276517035216,676,1791359353754358837,-136.677641163,False
4622169276517035216,677,1791359353774267521,-136.657732479,False
4622169276517035216,678,1791359353794155013,-136.637844987,False
4622169276517035216,679,1791359353814151173,-136.617848827,False
4622169276517035216,680,1791359353833975407,-136.598024593,False
4622169276517035216,681,1791359353854286834,-136.577713166,False
4622169276517035216,682,1791359353874458987,-136.557541013,False
4622169276517035216,683,1791359353894344362,-136.537655638,False
4622169276517035216,684,1791359353914388894,-136.517611106,False
4622169276517035216,685,1791359353934367104,-136.497632896,False
4622169276517035216,686,1791359353954280685,-136.477719315,False
4622169276517035216,687,1791359353974346765,-136.457653235,False
4622169276517035216,688,1791359353994260116,-136.437739884,False
4622169276517035216,689,1791359354014435588,-136.417564412,False
4622169276517035216,690,1791359354034368436,-136.397631564,False
4622169276517035216,691,1791359354054190702,-136.377809298,False
4622169276517035216,692,1791359354074399216,-136.357600784,False
4622169276517035216,693,1791359354094440762,-136.337559238,False
4622169276517035216,694,1791359354114267760,-136.31773224,False
4622169276517035216,695,1791359354134327048,-136.297672952,False
4622169276517035216,696,1791359354154384691,-136.277615309,False
4622169276517035216,697,1791359354174385713,-136.257614287,False
4622169276517035216,698,1791359354194423667,-136.237576333,False
4622169276517035216,699,1791359354214287204,-136.217712796,False
4622169276517035216,700,1791359354234367837,-136.197632163,False
4622169276517035216,701,1791359354254444849,-136.177555151,False
4622169276517035216,702,1791359354274478493,-136.157521507,False
4622169276517035216,703,1791359354294394734,-136.137605266,False
4622169276517035216,704,1791359354314430152,-136.117569848,False
4622169276517035216,705,1791359354334318037,-136.097681963,False
4622169276517035216,706,1791359354354258695,-136.077741305,False
4622169276517035216,707,1791359354374364606,-136.057635394,False
4622169276517035216,708,1791359354394221012,-136.037778988,False
4622169276517035216,709,1791359354414338124,-136.017661876,False
4622169276517035216,710,1791359354434351662,-135.997648338,False
4622169276517035216,711,1791359354454498598,-135.977501402,False
4622169276517035216,712,1791359354474306059,-135.957693941,False
4622169276517035216,713,1791359354494383257,-135.937616743,False
4622169276517035216,714,1791359354514304321,-135.917695679,False
4622169276517035216,715,1791359354534343491,-135.897656509,False
4622169276517035216,716,1791359354554279744,-135.877720256,False
4622169276517035216,717,1791359354574293594,-135.857706406,False
4622169276517035216,718,1791359354594321342,-135.837678658,False
4622169276517035216,719,1791359354614293977,-135.817706023,False
4622169276517035216,720,1791359354634289404,-135.797710596,False
4622169276517035216,721,1791359354654490584,-135.777509416,False
4622169276517035216,722,1791359354674346088,-135.757653912,False
4622169276517035216,723,1791359354694284922,-135.737715078,False
4622169276517035216,724,1791359354714294292,-135.717705708,False
4622169276517035216,725,1791359354734321945,-135.697678055,False
4622169276517035216,726,1791359354754343571,-135.677656429,False
4622169276517035216,727,1791359354774287234,-135.657712766,False
4622169276517035216,728,1791359354794290638,-135.637709362,False
4622169276517035216,729,1791359354814284019,-135.617715981,False
4622169276517035216,730,1791359354834301296,-135.597698704,False
4622169276517035216,731,1791359354854282140,-135.57771786,False
4622169276517035216,732,1791359354874434255,-135.557565745,False
4622169276517035216,733,1791359354894331672,-135.537668328,False
4622169276517035216,734,1791359354914342698,-135.517657302,False
4622169276517035216,735,1791359354934306638,-135.497693362,False
4622169276517035216,736,1791359354954402649,-135.477597351,False
4622169276517035216,737,1791359354974273217,-135.457726783,False
4622169276517035216,738,1791359354994285151,-135.437714849,False
4622169276517035216,739,1791359355014328175,-135.417671825,False
4622169276517035216,740,1791359355034283384,-135.397716616,False
4622169276517035216,741,1791359355054230708,-135.377769292,False
4622169276517035216,742,1791359355074189577,-135.357810423,False
4622169276517035216,743,1791359355094213553,-135.337786447,False
4622169276517035216,744,1791359355114191495,-135.317808505,False
4622169276517035216,745,1791359355134275448,-135.297724552,False
4622169276517035216,746,1791359355154314687,-135.277685313,False
4622169276517035216,747,1791359355174284687,-135.257715313,False
4622169276517035216,748,1791359355194304347,-135.237695653,False
4622169276517035216,749,1791359355214292981,-135.217707019,False
4622169276517035216,750,1791359355234292633,-135.197707367,False
4622169276517035216,751,1791359355254341754,-135.177658246,False
4622169276517035216,752,1791359355274359210,-135.15764079,False
4622169276517035216,753,1791359355294275698,-135.137724302,False
4622169276517035216,754,1791359355314235074,-135.117764926,False
4622169276517035216,755,1791359355334232294,-135.097767706,False
4622169276517035216,756,1791359355354280165,-135.077719835,False
4622169276517035216,757,1791359355374226233,-135.057773767,False
4622169276517035216,758,1791359355394303952,-135.037696048,False
4622169276517035216,759,1791359355414211388,-135.017788612,False
4622169276517035216,760,1791359355434307554,-134.997692446,False
4622169276517035216,761,1791359355454352720,-134.97764728,False
4622169276517035216,762,1791359355474264539,-134.957735461,False
4622169276517035216,763,1791359355494265182,-134.937734818,False
4622169276517035216,764,1791359355514175228,-134.917824772,False
4622169276517035216,765,1791359355534347270,-134.89765273,False
4622169276517035216,766,1791359355554316181,-134.877683819,False
4622169276517035216,767,1791359355574301772,-134.857698228,False
4622169276517035216,768,1791359355594281686,-134.837718314,False
4622169276517035216,769,1791359355614315266,-134.817684734,False
4622169276517035216,770,1791359355634285911,-134.797714089,False
4622169276517035216,771,1791359355654379955,-134.777620045,False
4622169276517035216,772,1791359355674285773,-134.757714227,False
4622169276517035216,773,1791359355694288807,-134.737711193,False
4622169276517035216,774,1791359355714251463,-134.717748537,False
4622169276517035216,775,1791359355734276363,-134.697723637,False
4622169276517035216,776,1791359355754326129,-134.677673871,False
4622169276517035216,777,1791359355774284335,-134.657715665,False
4622169276517035216,778,1791359355794499568,-134.637500432,False
4622169276517035216,779,1791359355814285138,-134.617714862,False
4622169276517035216,780,1791359355834289934,-134.597710066,False
4622169276517035216,781,1791359355854281772,-134.577718228,False
4622169276517035216,782,1791359355874214636,-134.557785364,False
4622169276517035216,783,1791359355894268998,-134.537731002,False
4622169276517035216,784,1791359355914380965,-134.517619035,False
4622169276517035216,785,1791359355934528660,-134.49747134,False
4622169276517035216,786,1791359355954520763,-134.477479237,False
4622169276517035216,787,1791359355974330985,-134.457669015,False
4622169276517035216,788,1791359355994267120,-134.43773288,False
4622169276517035216,789,1791359356014299121,-134.417700879,False
4622169276517035216,790,1791359356034361159,-134.397638841,False
4622169276517035216,791,1791359356054352775,-134.377647225,False
4622169276517035216,792,1791359356074261793,-134.357738207,False
4622169276517035216,793,1791359356094372572,-134.337627428,False
4622169276517035216,794,1791359356114414636,-134.317585364,False
4622169276517035216,795,1791359356134304344,-134.297695656,False
4622169276517035216,796,1791359356154330667,-134.277669333,False
4622169276517035216,797,1791359356174321436,-134.257678564,False
4622169276517035216,798,1791359356194377786,-134.237622214,False
4622169276517035216,799,1791359356214330237,-134.217669763,False
4622169276517035216,800,1791359356234282850,-134.19771715,False
4622169276517035216,801,1791359356254292727,-134.177707273,False
4622169276517035216,802,1791359356274271451,-134.157728549,False
4622169276517035216,803,1791359356294340701,-134.137659299,False
4622169276517035216,804,1791359356314289533,-134.117710467,False
4622169276517035216,805,1791359356334257421,-134.097742579,False
4622169276517035216,806,1791359356354280899,-134.077719101,False
4622169276517035216,807,1791359356374361342,-134.057638658,False
4622169276517035216,808,1791359356394362849,-134.037637151,False
4622169276517035216,809,1791359356414374636,-134.017625364,False
4622169276517035216,810,1791359356434326842,-133.997673158,False
4622169276517035216,811,1791359356454371689,-133.977628311,False
4622169276517035216,812,1791359356474316554,-133.957683446,False
4622169276517035216,813,1791359356494326962,-133.937673038,False
4622169276517035216,814,1791359356514403819,-133.917596181,False
4622169276517035216,815,1791359356534312584,-133.897687416,False
4622169276517035216,816,1791359356554303036,-133.877696964,False
4622169276517035216,817,1791359356574231491,-133.857768509,False
4622169276517035216,818,1791359356594218097,-133.837781903,False
4622169276517035216,819,1791359356614272433,-133.817727567,False
4622169276517035216,820,1791359356634240420,-133.79775958,False
4622169276517035216,821,1791359356654203396,-133.777796604,False
4622169276517035216,822,1791359356674293837,-133.757706163,False
4622169276517035216,823,1791359356694282172,-133.737717828,False
4622169276517035216,824,1791359356714225205,-133.717774795,False
4622169276517035216,825,1791359356734275231,-133.697724769,False
4622169276517035216,826,1791359356754298281,-133.677701719,False
4622169276517035216,827,1791359356774269483,-133.657730517,False
4622169276517035216,828,1791359356794336970,-133.63766303,False
4622169276517035216,829,1791359356814360597,-133.617639403,False
4622169276517035216,830,1791359356834297197,-133.597702803,False
4622169276517035216,831,1791359356854250111,-133.577749889,False
4622169276517035216,832,1791359356874300294,-133.557699706,False
4622169276517035216,833,1791359356894323283,-133.537676717,False
4622169276517035216,834,1791359356914332821,-133.517667179,False
4622169276517035216,835,1791359356934334930,-133.49766507,False
4622169276517035216,836,1791359356954498713,-133.477501287,False
4622169276517035216,837,1791359356974345115,-133.457654885,False
4622169276517035216,838,1791359356994292289,-133.437707711,False
4622169276517035216,839,1791359357014413057,-133.417586943,False
4622169276517035216,840,1791359357034216908,-133.397783092,False
4622169276517035216,841,1791359357054329391,-133.377670609,False
4622169276517035216,842,1791359357074279812,-133.357720188,False
4622169276517035216,843,1791359357094358185,-133.337641815,False
4622169276517035216,844,1791359357114291595,-133.317708405,False
4622169276517035216,845,1791359357134280002,-133.297719998,False
4622169276517035216,846,1791359357154320173,-133.277679827,False
4622169276517035216,847,1791359357174242567,-133.257757433,False
4622169276517035216,848,1791359357194278140,-133.23772186,False
4622169276517035216,849,1791359357214278026,-133.217721974,False
4622169276517035216,850,1791359357234284535,-133.197715465,False
4622169276517035216,851,1791359357254301433,-133.177698567,False
4622169276517035216,852,1791359357274281822,-133.157718178,False
4622169276517035216,853,1791359357294288714,-133.137711286,False
4622169276517035216,854,1791359357314290590,-133.11770941,False
4622169276517035216,855,1791359357334315560,-133.09768444,False
4622169276517035216,856,1791359357354348894,-133.077651106,False
4622169276517035216,857,1791359357374270773,-133.057729227,False
4622169276517035216,858,1791359357394356321,-133.037643679,False
4622169276517035216,859,1791359357414355622,-133.017644378,False
4622169276517035216,860,1791359357434319935,-132.997680065,False
4622169276517035216,861,1791359357454296723,-132.977703277,False
4622169276517035216,862,1791359357474273192,-132.957726808,False
4622169276517035216,863,1791359357494347323,-132.937652677,False
4622169276517035216,864,1791359357514373090,-132.91762691,False
4622169276517035216,865,1791359357534325806,-132.897674194,False
4622169276517035216,866,1791359357554312822,-132.877687178,False
4622169276517035216,867,1791359357574281420,-132.85771858,False
4622169276517035216,868,1791359357594313430,-132.83768657,False
4622169276517035216,869,1791359357614301212,-132.817698788,False
4622169276517035216,870,1791359357634266453,-132.797733547,False
4622169276517035216,871,1791359357654438708,-132.777561292,False
4622169276517035216,872,1791359357674305806,-132.757694194,False
4622169276517035216,873,1791359357694310196,-132.737689804,False
4622169276517035216,874,1791359357714291724,-132.717708276,False
4622169276517035216,875,1791359357734291655,-132.697708345,False
4622169276517035216,876,1791359357754295093,-132.677704907,False
4622169276517035216,877,1791359357774276502,-132.657723498,False
4622169276517035216,878,1791359357794289413,-132.637710587,False
4622169276517035216,879,1791359357814409888,-132.617590112,False
4622169276517035216,880,1791359357834311732,-132.597688268,False
4622169276517035216,881,1791359357854286690,-132.57771331,False
4622169276517035216,882,1791359357874295390,-132.55770461,False
4622169276517035216,883,1791359357894286849,-132.537713151,False
4622169276517035216,884,1791359357914288336,-132.517711664,False
4622169276517035216,885,1791359357934270563,-132.497729437,False
4622169276517035216,886,1791359357954288659,-132.477711341,False
4622169276517035216,887,1791359357974280231,-132.457719769,False
4622169276517035216,888,1791359357994312858,-132.437687142,False
4622169276517035216,889,1791359358014307104,-132.417692896,False
4622169276517035216,890,1791359358034295482,-132.397704518,False
4622169276517035216,891,1791359358054164421,-132.377835579,False
4622169276517035216,892,1791359358074023105,-132.357976895,False
4622169276517035216,893,1791359358094418049,-132.337581951,False
4622169276517035216,894,1791359358114355043,-132.317644957,False
4622169276517035216,895,1791359358134296870,-132.29770313,False
4622169276517035216,896,1791359358154312466,-132.277687534,False
4622169276517035216,897,1791359358174400552,-132.257599448,False
4622169276517035216,898,1791359358194295524,-132.237704476,False
4622169276517035216,899,1791359358214235857,-132.217764143,False
4622169276517035216,900,1791359358234296044,-132.197703956,False
4622169276517035216,901,1791359358254311403,-132.177688597,False
4622169276517035216,902,1791359358274323229,-132.157676771,False
4622169276517035216,903,1791359358294283713,-132.137716287,False
4622169276517035216,904,1791359358314304240,-132.11769576,False
4622169276517035216,905,1791359358334286782,-132.097713218,False
4622169276517035216,906,1791359358354362839,-132.077637161,False
4622169276517035216,907,1791359358374297781,-132.057702219,False
4622169276517035216,908,1791359358394279693,-132.037720307,False
4622169276517035216,909,1791359358414287214,-132.017712786,False
4622169276517035216,910,1791359358434407742,-131.997592258,False
4622169276517035216,911,1791359358454283731,-131.977716269,False
4622169276517035216,912,1791359358474249461,-131.957750539,False
4622169276517035216,913,1791359358494264997,-131.937735003,False
4622169276517035216,914,1791359358514310261,-131.917689739,False
4622169276517035216,915,1791359358534219705,-131.897780295,False
4622169276517035216,916,1791359358554307954,-131.877692046,False
4622169276517035216,917,1791359358574283688,-131.857716312,False
4622169276517035216,918,1791359358594316662,-131.837683338,False
4622169276517035216,919,1791359358614345553,-131.817654447,False
4622169276517035216,920,1791359358634292300,-131.7977077,False
4622169276517035216,921,1791359358654289768,-131.777710232,False
4622169276517035216,922,1791359358674319427,-131.757680573,False
4622169276517035216,923,1791359358694312175,-131.737687825,False
4622169276517035216,924,1791359358714346104,-131.717653896,False
4622169276517035216,925,1791359358734330626,-131.697669374,False
4622169276517035216,926,1791359358754350300,-131.6776497,False
4622169276517035216,927,1791359358774316201,-131.657683799,False
4622169276517035216,928,1791359358794351094,-131.637648906,False
4622169276517035216,929,1791359358814299696,-131.617700304,False
4622169276517035216,930,1791359358834403530,-131.59759647,False
4622169276517035216,931,1791359358854340395,-131.577659605,False
4622169276517035216,932,1791359358874380049,-131.557619951,False
4622169276517035216,933,1791359358894398665,-131.537601335,False
4622169276517035216,934,1791359358914367194,-131.517632806,False
4622169276517035216,935,1791359358934345596,-131.497654404,False
4622169276517035216,936,1791359358954301784,-131.477698216,False
4622169276517035216,937,1791359358974328299,-131.457671701,False
4622169276517035216,938,1791359358994296050,-131.43770395,False
4622169276517035216,939,1791359359014306222,-131.417693778,False
4622169276517035216,940,1791359359034388417,-131.397611583,False
4622169276517035216,941,1791359359054340184,-131.377659816,False
4622169276517035216,942,1791359359074278826,-131.357721174,False
4622169276517035216,943,1791359359094285189,-131.337714811,False
4622169276517035216,944,1791359359114239293,-131.317760707,False
4622169276517035216,945,1791359359134253601,-131.297746399,False
4622169276517035216,946,1791359359154292976,-131.277707024,False
4622169276517035216,947,1791359359174289560,-131.25771044,False
4622169276517035216,948,1791359359194429754,-131.237570246,False
4622169276517035216,949,1791359359214301921,-131.217698079,False
4622169276517035216,950,1791359359234214185,-131.197785815,False
4622169276517035216,951,1791359359254305314,-131.177694686,False
4622169276517035216,952,1791359359274284640,-131.15771536,False
4622169276517035216,953,1791359359294217390,-131.13778261,False
4622169276517035216,954,1791359359314069804,-131.117930196,False
4622169276517035216,955,1791359359334186874,-131.097813126,False
4622169276517035216,956,1791359359354364518,-131.077635482,False
4622169276517035216,957,1791359359374248751,-131.057751249,False
4622169276517035216,958,1791359359394335366,-131.037664634,False
4622169276517035216,959,1791359359414217715,-131.017782285,False
4622169276517035216,960,1791359359434488054,-130.997511946,False
4622169276517035216,961,1791359359454316926,-130.977683074,False
4622169276517035216,962,1791359359474306791,-130.957693209,False
4622169276517035216,963,1791359359494292740,-130.93770726,False
4622169276517035216,964,1791359359514281543,-130.917718457,False
4622169276517035216,965,1791359359534297803,-130.897702197,False
4622169276517035216,966,1791359359554311431,-130.877688569,False
4622169276517035216,967,1791359359574284199,-130.857715801,False
4622169276517035216,968,1791359359594282810,-130.83771719,False
4622169276517035216,969,1791359359614337394,-130.817662606,False
4622169276517035216,970,1791359359634285961,-130.797714039,False
4622169276517035216,971,1791359359654296468,-130.777703532,False
4622169276517035216,972,1791359359674273623,-130.757726377,False
4622169276517035216,973,1791359359694315520,-130.73768448,False
4622169276517035216,974,1791359359714338145,-130.717661855,False
4622169276517035216,975,1791359359734301717,-130.697698283,False
4622169276517035216,976,1791359359754418843,-130.677581157,False
4622169276517035216,977,1791359359774304077,-130.657695923,False
4622169276517035216,978,1791359359794326247,-130.637673753,False
4622169276517035216,979,1791359359814238845,-130.617761155,False
4622169276517035216,980,1791359359834651715,-130.597348285,False
4622169276517035216,981,1791359359854089861,-130.577910139,False
4622169276517035216,982,1791359359874185976,-130.557814024,False
4622169276517035216,983,1791359359894356352,-130.537643648,False
4622169276517035216,984,1791359359914353117,-130.517646883,False
4622169276517035216,985,1791359359934395835,-130.497604165,False
4622169276517035216,986,1791359359954294203,-130.477705797,False
4622169276517035216,987,1791359359974462780,-130.45753722,False
4622169276517035216,988,1791359359994385028,-130.437614972,False
4622169276517035216,989,1791359360014333704,-130.417666296,False
4622169276517035216,990,1791359360034264303,-130.397735697,False
4622169276517035216,991,1791359360054126111,-130.377873889,False
4622169276517035216,992,1791359360074104978,-130.357895022,False
4622169276517035216,993,1791359360094322832,-130.337677168,False
4622169276517035216,994,1791359360114338470,-130.31766153,False
4622169276517035216,995,1791359360134319626,-130.297680374,False
4622169276517035216,996,1791359360154228620,-130.27777138,False
4622169276517035216,997,1791359360174266582,-130.257733418,False
4622169276517035216,998,1791359360194160758,-130.237839242,False
4622169276517035216,999,1791359360214276820,-130.21772318,False
4622169276517035216,1000,1791359360234371695,-130.197628305,False
4622169276517035216,1001,1791359360254298597,-130.177701403,False
4622169276517035216,1002,1791359360274257138,-130.157742862,False
4622169276517035216,1003,1791359360294319156,-130.137680844,False
4622169276517035216,1004,1791359360314282459,-130.117717541,False
4622169276517035216,1005,1791359360334293501,-130.097706499,False
4622169276517035216,1006,1791359360354229432,-130.077770568,False
4622169276517035216,1007,1791359360374059112,-130.057940888,False
4622169276517035216,1008,1791359360394257644,-130.037742356,False
4622169276517035216,1009,1791359360414215931,-130.017784069,False
4622169276517035216,1010,1791359360434356813,-129.997643187,False
4622169276517035216,1011,1791359360454290532,-129.977709468,False
4622169276517035216,1012,1791359360474261283,-129.957738717,False
4622169276517035216,1013,1791359360494577955,-129.937422045,False
4622169276517035216,1014,1791359360514315941,-129.917684059,False
4622169276517035216,1015,1791359360534222000,-129.897778,False
4622169276517035216,1016,1791359360554180909,-129.877819091,False
4622169276517035216,1017,1791359360574218846,-129.857781154,False
4622169276517035216,1018,1791359360594196760,-129.83780324,False
4622169276517035216,1019,1791359360614157012,-129.817842988,False
4622169276517035216,1020,1791359360634196065,-129.797803935,False
4622169276517035216,1021,1791359360654218741,-129.777781259,False
4622169276517035216,1022,1791359360674312541,-129.757687459,False
4622169276517035216,1023,1791359360694321368,-129.737678632,False
4622169276517035216,1024,1791359360714436385,-129.717563615,False
4622169276517035216,1025,1791359360734263987,-129.697736013,False
4622169276517035216,1026,1791359360754270197,-129.677729803,False
4622169276517035216,1027,1791359360774235153,-129.657764847,False
4622169276517035216,1028,1791359360794279747,-129.637720253,False
4622169276517035216,1029,1791359360814258390,-129.61774161,False
4622169276517035216,1030,1791359360834495197,-129.597504803,False
4622169276517035216,1031,1791359360854215343,-129.577784657,False
4622169276517035216,1032,1791359360874300344,-129.557699656,False
4622169276517035216,1033,1791359360894281274,-129.537718726,False
4622169276517035216,1034,1791359360914281805,-129.517718195,False
4622169276517035216,1035,1791359360934221323,-129.497778677,False
4622169276517035216,1036,1791359360954179217,-129.477820783,False
4622169276517035216,1037,1791359360974240370,-129.45775963,False
4622169276517035216,1038,1791359360994245689,-129.437754311,False
4622169276517035216,1039,1791359361014218252,-129.417781748,False
4622169276517035216,1040,1791359361034090132,-129.397909868,False
4622169276517035216,1041,1791359361053971023,-129.378028977,False
4622169276517035216,1042,1791359361074263634,-129.357736366,False
4622169276517035216,1043,1791359361094249730,-129.33775027,False
4622169276517035216,1044,1791359361114156052,-129.317843948,False
4622169276517035216,1045,1791359361134169745,-129.297830255,False
4622169276517035216,1046,1791359361154156668,-129.277843332,False
4622169276517035216,1047,1791359361174190657,-129.257809343,False
4622169276517035216,1048,1791359361194232486,-129.237767514,False
4622169276517035216,1049,1791359361214193426,-129.217806574,False
4622169276517035216,1050,1791359361234191868,-129.197808132,False
4622169276517035216,1051,1791359361254168616,-129.177831384,False
4622169276517035216,1052,1791359361274159601,-129.157840399,False
4622169276517035216,1053,1791359361294423636,-129.137576364,False
4622169276517035216,1054,1791359361314280864,-129.117719136,False
4622169276517035216,1055,1791359361334238772,-129.097761228,False
4622169276517035216,1056,1791359361354295869,-129.077704131,False
4622169276517035216,1057,1791359361374290799,-129.057709201,False
4622169276517035216,1058,1791359361394227722,-129.037772278,False
4622169276517035216,1059,1791359361414118792,-129.017881208,False
4622169276517035216,1060,1791359361434105277,-128.997894723,False
4622169276517035216,1061,1791359361454324685,-128.977675315,False
4622169276517035216,1062,1791359361474102764,-128.957897236,False
4622169276517035216,1063,1791359361494169536,-128.937830464,False
4622169276517035216,1064,1791359361514269390,-128.91773061,False
4622169276517035216,1065,1791359361534320376,-128.897679624,False
4622169276517035216,1066,1791359361554294521,-128.877705479,False
4622169276517035216,1067,1791359361574345415,-128.857654585,False
4622169276517035216,1068,1791359361594369143,-128.837630857,False
4622169276517035216,1069,1791359361614387804,-128.817612196,False
4622169276517035216,1070,1791359361634394194,-128.797605806,False
4622169276517035216,1071,1791359361654334934,-128.777665066,False
4622169276517035216,1072,1791359361674509010,-128.75749099,False
4622169276517035216,1073,1791359361694400150,-128.73759985,False
4622169276517035216,1074,1791359361714329295,-128.717670705,False
4622169276517035216,1075,1791359361734348748,-128.697651252,False
4622169276517035216,1076,1791359361754239365,-128.677760635,False
4622169276517035216,1077,1791359361774354481,-128.657645519,False
4622169276517035216,1078,1791359361794276975,-128.637723025,False
4622169276517035216,1079,1791359361814300943,-128.617699057,False
4622169276517035216,1080,1791359361834345009,-128.597654991,False
4622169276517035216,1081,1791359361854345038,-128.577654962,False
4622169276517035216,1082,1791359361874603276,-128.557396724,False
4622169276517035216,1083,1791359361894455775,-128.537544225,False
4622169276517035216,1084,1791359361914379273,-128.517620727,False
4622169276517035216,1085,1791359361934300373,-128.497699627,False
4622169276517035216,1086,1791359361954255282,-128.477744718,False
4622169276517035216,1087,1791359361974475287,-128.457524713,False
4622169276517035216,1088,1791359361994305162,-128.437694838,False
4622169276517035216,1089,1791359362014329023,-128.417670977,False
4622169276517035216,1090,1791359362034257943,-128.397742057,False
4622169276517035216,1091,1791359362054276034,-128.377723966,False
4622169276517035216,1092,1791359362074297046,-128.357702954,False
4622169276517035216,1093,1791359362094398574,-128.337601426,False
4622169276517035216,1094,1791359362114268290,-128.31773171,False
4622169276517035216,1095,1791359362134259793,-128.297740207,False
4622169276517035216,1096,1791359362154250763,-128.277749237,False
4622169276517035216,1097,1791359362174340165,-128.257659835,False
4622169276517035216,1098,1791359362194316668,-128.237683332,False
4622169276517035216,1099,1791359362214254211,-128.217745789,False
4622169276517035216,1100,1791359362234289325,-128.197710675,False
4622169276517035216,1101,1791359362254322816,-128.177677184,False
4622169276517035216,1102,1791359362274403813,-128.157596187,False
4622169276517035216,1103,1791359362294266224,-128.137733776,False
4622169276517035216,1104,1791359362314137131,-128.117862869,False
4622169276517035216,1105,1791359362334169062,-128.097830938,False
4622169276517035216,1106,1791359362354065373,-128.077934627,False
4622169276517035216,1107,1791359362374388076,-128.057611924,False
4622169276517035216,1108,1791359362394219015,-128.037780985,False
4622169276517035216,1109,1791359362414429325,-128.017570675,False
4622169276517035216,1110,1791359362434421427,-127.997578573,False
4622169276517035216,1111,1791359362454353729,-127.977646271,False
4622169276517035216,1112,1791359362474279455,-127.957720545,False
4622169276517035216,1113,1791359362494269822,-127.937730178,False
4622169276517035216,1114,1791359362514232239,-127.917767761,False
4622169276517035216,1115,1791359362534341715,-127.897658285,False
4622169276517035216,1116,1791359362554312850,-127.87768715,False
4622169276517035216,1117,1791359362574295868,-127.857704132,False
4622169276517035216,1118,1791359362594318651,-127.837681349,False
4622169276517035216,1119,1791359362614335621,-127.817664379,False
4622169276517035216,1120,1791359362634289292,-127.797710708,False
4622169276517035216,1121,1791359362654340240,-127.77765976,False
4622169276517035216,1122,1791359362674376481,-127.757623519,False
4622169276517035216,1123,1791359362694335188,-127.737664812,False
4622169276517035216,1124,1791359362714382429,-127.717617571,False
4622169276517035216,1125,1791359362734322925,-127.697677075,False
4622169276517035216,1126,1791359362754325949,-127.677674051,False
4622169276517035216,1127,1791359362774490213,-127.657509787,False
4622169276517035216,1128,1791359362794376245,-127.637623755,False
4622169276517035216,1129,1791359362814317366,-127.617682634,False
4622169276517035216,1130,1791359362834300681,-127.597699319,False
4622169276517035216,1131,1791359362854326757,-127.577673243,False
4622169276517035216,1132,1791359362874376803,-127.557623197,False
4622169276517035216,1133,1791359362894327288,-127.537672712,False
4622169276517035216,1134,1791359362914303005,-127.517696995,False
4622169276517035216,1135,1791359362934321263,-127.497678737,False
4622169276517035216,1136,1791359362954292622,-127.477707378,False
4622169276517035216,1137,1791359362974295871,-127.457704129,False
4622169276517035216,1138,1791359362994280849,-127.437719151,False
4622169276517035216,1139,1791359363014315056,-127.417684944,False
4622169276517035216,1140,1791359363034310933,-127.397689067,False
4622169276517035216,1141,1791359363054348934,-127.377651066,False
4622169276517035216,1142,1791359363074387991,-127.357612009,False
4622169276517035216,1143,1791359363094316988,-127.337683012,False
4622169276517035216,1144,1791359363114390265,-127.317609735,False
4622169276517035216,1145,1791359363134220936,-127.297779064,False
4622169276517035216,1146,1791359363154320329,-127.277679671,False
4622169276517035216,1147,1791359363174401359,-127.257598641,False
4622169276517035216,1148,1791359363194206902,-127.237793098,False
4622169276517035216,1149,1791359363214281174,-127.217718826,False
4622169276517035216,1150,1791359363234335691,-127.197664309,False
4622169276517035216,1151,1791359363254360135,-127.177639865,False
4622169276517035216,1152,1791359363274414951,-127.157585049,False
4622169276517035216,1153,1791359363294432651,-127.137567349,False
4622169276517035216,1154,1791359363314258568,-127.117741432,False
4622169276517035216,1155,1791359363334331791,-127.097668209,False
4622169276517035216,1156,1791359363354446147,-127.077553853,False
4622169276517035216,1157,1791359363374382694,-127.057617306,False
4622169276517035216,1158,1791359363394545172,-127.037454828,False
4622169276517035216,1159,1791359363414252020,-127.01774798,False
4622169276517035216,1160,1791359363434374299,-126.997625701,False
4622169276517035216,1161,1791359363454284592,-126.977715408,False
4622169276517035216,1162,1791359363474508618,-126.957491382,False
4622169276517035216,1163,1791359363494250312,-126.937749688,False
4622169276517035216,1164,1791359363514381328,-126.917618672,False
4622169276517035216,1165,1791359363534356748,-126.897643252,False
4622169276517035216,1166,1791359363554195505,-126.877804495,False
4622169276517035216,1167,1791359363574338873,-126.857661127,False
4622169276517035216,1168,1791359363594234902,-126.837765098,False
4622169276517035216,1169,1791359363614328073,-126.817671927,False
4622169276517035216,1170,1791359363634248206,-126.797751794,False
4622169276517035216,1171,1791359363654244168,-126.777755832,False
4622169276517035216,1172,1791359363674462069,-126.757537931,False
4622169276517035216,1173,1791359363694254031,-126.737745969,False
4622169276517035216,1174,1791359363714305124,-126.717694876,False
4622169276517035216,1175,1791359363734214905,-126.697785095,False
4622169276517035216,1176,1791359363754319878,-126.677680122,False
4622169276517035216,1177,1791359363774414005,-126.657585995,False
4622169276517035216,1178,1791359363794250230,-126.63774977,False
4622169276517035216,1179,1791359363814265261,-126.617734739,False
4622169276517035216,1180,1791359363834253855,-126.597746145,False
4622169276517035216,1181,1791359363854207645,-126.577792355,False
4622169276517035216,1182,1791359363874333348,-126.557666652,False
4622169276517035216,1183,1791359363894454335,-126.537545665,False
4622169276517035216,1184,1791359363914248823,-126.517751177,False
4622169276517035216,1185,1791359363934245707,-126.497754293,False
4622169276517035216,1186,1791359363954238982,-126.477761018,False
4622169276517035216,1187,1791359363974230025,-126.457769975,False
4622169276517035216,1188,1791359363994217532,-126.437782468,False
4622169276517035216,1189,1791359364014298416,-126.417701584,False
4622169276517035216,1190,1791359364034324928,-126.397675072,False
4622169276517035216,1191,1791359364054418892,-126.377581108,False
4622169276517035216,1192,1791359364074242737,-126.357757263,False
4622169276517035216,1193,1791359364094248892,-126.337751108,False
4622169276517035216,1194,1791359364114236947,-126.317763053,False
4622169276517035216,1195,1791359364134110319,-126.297889681,False
4622169276517035216,1196,1791359364154286564,-126.277713436,False
4622169276517035216,1197,1791359364174426161,-126.257573839,False
4622169276517035216,1198,1791359364194274440,-126.23772556,False
4622169276517035216,1199,1791359364214335566,-126.217664434,False
4622169276517035216,1200,1791359364234292091,-126.197707909,False
4622169276517035216,1201,1791359364254287541,-126.177712459,False
4622169276517035216,1202,1791359364274293095,-126.157706905,False
4622169276517035216,1203,1791359364294327202,-126.137672798,False
4622169276517035216,1204,1791359364314278799,-126.117721201,False
4622169276517035216,1205,1791359364334392991,-126.097607009,False
4622169276517035216,1206,1791359364354279587,-126.077720413,False
4622169276517035216,1207,1791359364374463247,-126.057536753,False
4622169276517035216,1208,1791359364394357673,-126.037642327,False
4622169276517035216,1209,1791359364414293378,-126.017706622,False
4622169276517035216,1210,1791359364434370770,-125.99762923,False
4622169276517035216,1211,1791359364454298066,-125.977701934,False
4622169276517035216,1212,1791359364474307817,-125.957692183,False
4622169276517035216,1213,1791359364494308155,-125.937691845,False
4622169276517035216,1214,1791359364514302835,-125.917697165,False
4622169276517035216,1215,1791359364534372600,-125.8976274,False
4622169276517035216,1216,1791359364554293795,-125.877706205,False
4622169276517035216,1217,1791359364574307431,-125.857692569,False
4622169276517035216,1218,1791359364594296098,-125.837703902,False
4622169276517035216,1219,1791359364614327061,-125.817672939,False
4622169276517035216,1220,1791359364634271704,-125.797728296,False
4622169276517035216,1221,1791359364654327492,-125.777672508,False
4622169276517035216,1222,1791359364674300043,-125.757699957,False
4622169276517035216,1223,1791359364694199750,-125.73780025,False
4622169276517035216,1224,1791359364714231882,-125.717768118,False
4622169276517035216,1225,1791359364734286395,-125.697713605,False
4622169276517035216,1226,1791359364754335067,-125.677664933,False
4622169276517035216,1227,1791359364774287423,-125.657712577,False
4622169276517035216,1228,1791359364794204887,-125.637795113,False
4622169276517035216,1229,1791359364814282438,-125.617717562,False
4622169276517035216,1230,1791359364834292425,-125.597707575,False
4622169276517035216,1231,1791359364854281775,-125.577718225,False
4622169276517035216,1232,1791359364874276566,-125.557723434,False
4622169276517035216,1233,1791359364894283618,-125.537716382,False
4622169276517035216,1234,1791359364914280070,-125.51771993,False
4622169276517035216,1235,1791359364934308288,-125.497691712,False
4622169276517035216,1236,1791359364954287221,-125.477712779,False
4622169276517035216,1237,1791359364974292146,-125.457707854,False
4622169276517035216,1238,1791359364994278905,-125.437721095,False
4622169276517035216,1239,1791359365014272649,-125.417727351,False
4622169276517035216,1240,1791359365034389864,-125.397610136,False
4622169276517035216,1241,1791359365054424604,-125.377575396,False
4622169276517035216,1242,1791359365074293961,-125.357706039,False
4622169276517035216,1243,1791359365094309808,-125.337690192,False
4622169276517035216,1244,1791359365114298113,-125.317701887,False
4622169276517035216,1245,1791359365134237097,-125.297762903,False
4622169276517035216,1246,1791359365154192194,-125.277807806,False
4622169276517035216,1247,1791359365174139640,-125.25786036,False
4622169276517035216,1248,1791359365194277098,-125.237722902,False
4622169276517035216,1249,1791359365214256733,-125.217743267,False
4622169276517035216,1250,1791359365234296029,-125.197703971,False
4622169276517035216,1251,1791359365254283119,-125.177716881,False
4622169276517035216,1252,1791359365274282986,-125.157717014,False
4622169276517035216,1253,1791359365295217987,-125.136782013,False
4622169276517035216,1254,1791359365314220332,-125.117779668,False
4622169276517035216,1255,1791359365334133146,-125.097866854,False
4622169276517035216,1256,1791359365354056347,-125.077943653,False
4622169276517035216,1257,1791359365374029924,-125.057970076,False
4622169276517035216,1258,1791359365394148457,-125.037851543,False
4622169276517035216,1259,1791359365414065466,-125.017934534,False
4622169276517035216,1260,1791359365434413418,-124.997586582,False
4622169276517035216,1261,1791359365454246609,-124.977753391,False
4622169276517035216,1262,1791359365474121955,-124.957878045,False
4622169276517035216,1263,1791359365494099413,-124.937900587,False
4622169276517035216,1264,1791359365514176664,-124.917823336,False
4622169276517035216,1265,1791359365534279194,-124.897720806,False
4622169276517035216,1266,1791359365554219986,-124.877780014,False
4622169276517035216,1267,1791359365574254206,-124.857745794,False
4622169276517035216,1268,1791359365594274919,-124.837725081,False
4622169276517035216,1269,1791359365614260014,-124.817739986,False
4622169276517035216,1270,1791359365634247405,-124.797752595,False
4622169276517035216,1271,1791359365654259786,-124.777740214,False
4622169276517035216,1272,1791359365674264445,-124.757735555,False
4622169276517035216,1273,1791359365694134774,-124.737865226,False
4622169276517035216,1274,1791359365714199798,-124.717800202,False
4622169276517035216,1275,1791359365734289059,-124.697710941,False
4622169276517035216,1276,1791359365754315090,-124.67768491,False
4622169276517035216,1277,1791359365774254796,-124.657745204,False
4622169276517035216,1278,1791359365794350339,-124.637649661,False
4622169276517035216,1279,1791359365814235775,-124.617764225,False
4622169276517035216,1280,1791359365834247464,-124.597752536,False
4622169276517035216,1281,1791359365854329405,-124.577670595,False
4622169276517035216,1282,1791359365874371321,-124.557628679,False
4622169276517035216,1283,1791359365894278844,-124.537721156,False
4622169276517035216,1284,1791359365914275536,-124.517724464,False
4622169276517035216,1285,1791359365934272434,-124.497727566,False
4622169276517035216,1286,1791359365954279753,-124.477720247,False
4622169276517035216,1287,1791359365974284058,-124.457715942,False
4622169276517035216,1288,1791359365994301993,-124.437698007,False
4622169276517035216,1289,1791359366014348444,-124.417651556,False
4622169276517035216,1290,1791359366034305288,-124.397694712,False
4622169276517035216,1291,1791359366054287275,-124.377712725,False
4622169276517035216,1292,1791359366074278591,-124.357721409,False
4622169276517035216,1293,1791359366094266221,-124.337733779,False
4622169276517035216,1294,1791359366114230944,-124.317769056,False
4622169276517035216,1295,1791359366134211919,-124.297788081,False
4622169276517035216,1296,1791359366154217978,-124.277782022,False
4622169276517035216,1297,1791359366174222406,-124.257777594,False
4622169276517035216,1298,1791359366194225749,-124.237774251,False
4622169276517035216,1299,1791359366214174990,-124.21782501,False
4622169276517035216,1300,1791359366234218429,-124.197781571,False
4622169276517035216,1301,1791359366254316451,-124.177683549,False
4622169276517035216,1302,1791359366274264402,-124.157735598,False
4622169276517035216,1303,1791359366294215821,-124.137784179,False
4622169276517035216,1304,1791359366314321805,-124.117678195,False
4622169276517035216,1305,1791359366334276385,-124.097723615,False
4622169276517035216,1306,1791359366354347353,-124.077652647,False
4622169276517035216,1307,1791359366374239112,-124.057760888,False
4622169276517035216,1308,1791359366394205485,-124.037794515,False
4622169276517035216,1309,1791359366414400927,-124.017599073,False
4622169276517035216,1310,1791359366434240062,-123.997759938,False
4622169276517035216,1311,1791359366454220086,-123.977779914,False
4622169276517035216,1312,1791359366474241856,-123.957758144,False
4622169276517035216,1313,1791359366494232770,-123.93776723,False
4622169276517035216,1314,1791359366514239028,-123.917760972,False
4622169276517035216,1315,1791359366534217154,-123.897782846,False
4622169276517035216,1316,1791359366554214629,-123.877785371,False
4622169276517035216,1317,1791359366574270426,-123.857729574,False
4622169276517035216,1318,1791359366594233949,-123.837766051,False
4622169276517035216,1319,1791359366614350904,-123.817649096,False
4622169276517035216,1320,1791359366634274698,-123.797725302,False
4622169276517035216,1321,1791359366654273928,-123.777726072,False
4622169276517035216,1322,1791359366674320313,-123.757679687,False
4622169276517035216,1323,1791359366694278905,-123.737721095,False
4622169276517035216,1324,1791359366714247478,-123.717752522,False
4622169276517035216,1325,1791359366734286134,-123.697713866,False
4622169276517035216,1326,1791359366754205128,-123.677794872,False
4622169276517035216,1327,1791359366774283545,-123.657716455,False
4622169276517035216,1328,1791359366794360723,-123.637639277,False
4622169276517035216,1329,1791359366814270115,-123.617729885,False
4622169276517035216,1330,1791359366834277316,-123.597722684,False
4622169276517035216,1331,1791359366854363849,-123.577636151,False
4622169276517035216,1332,1791359366874320907,-123.557679093,False
4622169276517035216,1333,1791359366894290112,-123.537709888,False
4622169276517035216,1334,1791359366914339031,-123.517660969,False
4622169276517035216,1335,1791359366934285383,-123.497714617,False
4622169276517035216,1336,1791359366954290091,-123.477709909,False
4622169276517035216,1337,1791359366974280572,-123.457719428,False
4622169276517035216,1338,1791359366994213243,-123.437786757,False
4622169276517035216,1339,1791359367014262944,-123.417737056,False
4622169276517035216,1340,1791359367034265964,-123.397734036,False
4622169276517035216,1341,1791359367054264491,-123.377735509,False
4622169276517035216,1342,1791359367074310842,-123.357689158,False
4622169276517035216,1343,1791359367094304265,-123.337695735,False
4622169276517035216,1344,1791359367114241018,-123.317758982,False
4622169276517035216,1345,1791359367134255419,-123.297744581,False
4622169276517035216,1346,1791359367154192879,-123.277807121,False
4622169276517035216,1347,1791359367174291949,-123.257708051,False
4622169276517035216,1348,1791359367194385718,-123.237614282,False
4622169276517035216,1349,1791359367214291010,-123.21770899,False
4622169276517035216,1350,1791359367234270698,-123.197729302,False
4622169276517035216,1351,1791359367254298330,-123.17770167,False
4622169276517035216,1352,1791359367274274604,-123.157725396,False
4622169276517035216,1353,1791359367294387820,-123.13761218,False
4622169276517035216,1354,1791359367314299395,-123.117700605,False
4622169276517035216,1355,1791359367334219898,-123.097780102,False
4622169276517035216,1356,1791359367354200141,-123.077799859,False
4622169276517035216,1357,1791359367374299139,-123.057700861,False
4622169276517035216,1358,1791359367394341106,-123.037658894,False
4622169276517035216,1359,1791359367414292976,-123.017707024,False
4622169276517035216,1360,1791359367434385717,-122.997614283,False
4622169276517035216,1361,1791359367454339156,-122.977660844,False
4622169276517035216,1362,1791359367474308510,-122.95769149,False
4622169276517035216,1363,1791359367494284275,-122.937715725,False
4622169276517035216,1364,1791359367514283746,-122.917716254,False
4622169276517035216,1365,1791359367534370348,-122.897629652,False
4622169276517035216,1366,1791359367554329551,-122.877670449,False
4622169276517035216,1367,1791359367574265936,-122.857734064,False
4622169276517035216,1368,1791359367594284555,-122.837715445,False
4622169276517035216,1369,1791359367614281316,-122.817718684,False
4622169276517035216,1370,1791359367634326324,-122.797673676,False
4622169276517035216,1371,1791359367654340543,-122.777659457,False
4622169276517035216,1372,1791359367674291610,-122.75770839,False
4622169276517035216,1373,1791359367694329274,-122.737670726,False
4622169276517035216,1374,1791359367714258521,-122.717741479,False
4622169276517035216,1375,1791359367734271650,-122.69772835,False
4622169276517035216,1376,1791359367754318841,-122.677681159,False
4622169276517035216,1377,1791359367774286571,-122.657713429,False
4622169276517035216,1378,1791359367794269280,-122.63773072,False
4622169276517035216,1379,1791359367814276283,-122.617723717,False
4622169276517035216,1380,1791359367834263518,-122.597736482,False
4622169276517035216,1381,1791359367854275122,-122.577724878,False
4622169276517035216,1382,1791359367874297293,-122.557702707,False
4622169276517035216,1383,1791359367894328085,-122.537671915,False
4622169276517035216,1384,1791359367914287309,-122.517712691,False
4622169276517035216,1385,1791359367934250879,-122.497749121,False
4622169276517035216,1386,1791359367954254724,-122.477745276,False
4622169276517035216,1387,1791359367974386165,-122.457613835,False
4622169276517035216,1388,1791359367994299649,-122.437700351,False
4622169276517035216,1389,1791359368014285940,-122.41771406,False
4622169276517035216,1390,1791359368034417412,-122.397582588,False
4622169276517035216,1391,1791359368054314275,-122.377685725,False
4622169276517035216,1392,1791359368074287966,-122.357712034,False
4622169276517035216,1393,1791359368094289884,-122.337710116,False
4622169276517035216,1394,1791359368114230532,-122.317769468,False
4622169276517035216,1395,1791359368134194234,-122.297805766,False
4622169276517035216,1396,1791359368154365657,-122.277634343,False
4622169276517035216,1397,1791359368174191960,-122.25780804,False
4622169276517035216,1398,1791359368194303023,-122.237696977,False
4622169276517035216,1399,1791359368214277157,-122.217722843,False
4622169276517035216,1400,1791359368234234036,-122.197765964,False
4622169276517035216,1401,1791359368254294458,-122.177705542,False
4622169276517035216,1402,1791359368274302548,-122.157697452,False
4622169276517035216,1403,1791359368294191134,-122.137808866,False
4622169276517035216,1404,1791359368314194702,-122.117805298,False
4622169276517035216,1405,1791359368334207334,-122.097792666,False
4622169276517035216,1406,1791359368354070353,-122.077929647,False
4622169276517035216,1407,1791359368374093162,-122.057906838,False
4622169276517035216,1408,1791359368394145033,-122.037854967,False
4622169276517035216,1409,1791359368414052748,-122.017947252,False
4622169276517035216,1410,1791359368433963592,-121.998036408,False
4622169276517035216,1411,1791359368454243027,-121.977756973,False
4622169276517035216,1412,1791359368474366784,-121.957633216,False
4622169276517035216,1413,1791359368494282921,-121.937717079,False
4622169276517035216,1414,1791359368514350974,-121.917649026,False
4622169276517035216,1415,1791359368534333296,-121.897666704,False
4622169276517035216,1416,1791359368554295517,-121.877704483,False
4622169276517035216,1417,1791359368574279281,-121.857720719,False
4622169276517035216,1418,1791359368594218655,-121.837781345,False
4622169276517035216,1419,1791359368614211516,-121.817788484,False
4622169276517035216,1420,1791359368634277581,-121.797722419,False
4622169276517035216,1421,1791359368654368495,-121.777631505,False
4622169276517035216,1422,1791359368674237795,-121.757762205,False
4622169276517035216,1423,1791359368694329542,-121.737670458,False
4622169276517035216,1424,1791359368714349265,-121.717650735,False
4622169276517035216,1425,1791359368734281678,-121.697718322,False
4622169276517035216,1426,1791359368754294989,-121.677705011,False
4622169276517035216,1427,1791359368774282022,-121.657717978,False
4622169276517035216,1428,1791359368794288834,-121.637711166,False
4622169276517035216,1429,1791359368814359434,-121.617640566,False
4622169276517035216,1430,1791359368834628252,-121.597371748,False
4622169276517035216,1431,1791359368854420504,-121.577579496,False
4622169276517035216,1432,1791359368874434765,-121.557565235,False
4622169276517035216,1433,1791359368894521035,-121.537478965,False
4622169276517035216,1434,1791359368914420270,-121.51757973,False
4622169276517035216,1435,1791359368934559857,-121.497440143,False
4622169276517035216,1436,1791359368954384896,-121.477615104,False
4622169276517035216,1437,1791359368974442127,-121.457557873,False
4622169276517035216,1438,1791359368994533048,-121.437466952,False
4622169276517035216,1439,1791359369014402517,-121.417597483,False
4622169276517035216,1440,1791359369034543934,-121.397456066,False
4622169276517035216,1441,1791359369054694698,-121.377305302,False
4622169276517035216,1442,1791359369074431050,-121.35756895,False
4622169276517035216,1443,1791359369094576307,-121.337423693,False
4622169276517035216,1444,1791359369114249462,-121.317750538,False
4622169276517035216,1445,1791359369134399758,-121.297600242,False
4622169276517035216,1446,1791359369154247863,-121.277752137,False
4622169276517035216,1447,1791359369174330960,-121.25766904,False
4622169276517035216,1448,1791359369194271981,-121.237728019,False
4622169276517035216,1449,1791359369214277801,-121.217722199,False
4622169276517035216,1450,1791359369234409937,-121.197590063,False
4622169276517035216,1451,1791359369254275838,-121.177724162,False
4622169276517035216,1452,1791359369274272016,-121.157727984,False
4622169276517035216,1453,1791359369294329198,-121.137670802,False
4622169276517035216,1454,1791359369314279699,-121.117720301,False
4622169276517035216,1455,1791359369334373895,-121.097626105,False
4622169276517035216,1456,1791359369354230336,-121.077769664,False
4622169276517035216,1457,1791359369374267377,-121.057732623,False
4622169276517035216,1458,1791359369394280959,-121.037719041,False
4622169276517035216,1459,1791359369414132245,-121.017867755,False
4622169276517035216,1460,1791359369434288585,-120.997711415,False
4622169276517035216,1461,1791359369454213508,-120.977786492,False
4622169276517035216,1462,1791359369474390169,-120.957609831,False
4622169276517035216,1463,1791359369494422409,-120.937577591,False
4622169276517035216,1464,1791359369514290842,-120.917709158,False
4622169276517035216,1465,1791359369534623964,-120.897376036,False
4622169276517035216,1466,1791359369554277779,-120.877722221,False
4622169276517035216,1467,1791359369574304654,-120.857695346,False
4622169276517035216,1468,1791359369594466308,-120.837533692,False
4622169276517035216,1469,1791359369614331833,-120.817668167,False
4622169276517035216,1470,1791359369634329695,-120.797670305,False
4622169276517035216,1471,1791359369654279999,-120.777720001,False
4622169276517035216,1472,1791359369674347200,-120.7576528,False
4622169276517035216,1473,1791359369694463525,-120.737536475,False
4622169276517035216,1474,1791359369714217269,-120.717782731,False
4622169276517035216,1475,1791359369734249602,-120.697750398,False
4622169276517035216,1476,1791359369754235702,-120.677764298,False
4622169276517035216,1477,1791359369774244718,-120.657755282,False
4622169276517035216,1478,1791359369794388912,-120.637611088,False
4622169276517035216,1479,1791359369814229681,-120.617770319,False
4622169276517035216,1480,1791359369834262440,-120.59773756,False
4622169276517035216,1481,1791359369854221057,-120.577778943,False
4622169276517035216,1482,1791359369874224351,-120.557775649,False
4622169276517035216,1483,1791359369894362345,-120.537637655,False
4622169276517035216,1484,1791359369914277622,-120.517722378,False
4622169276517035216,1485,1791359369934304047,-120.497695953,False
4622169276517035216,1486,1791359369954292042,-120.477707958,False
4622169276517035216,1487,1791359369974282500,-120.4577175,False
4622169276517035216,1488,1791359369994324488,-120.437675512,False
4622169276517035216,1489,1791359370014443834,-120.417556166,False
4622169276517035216,1490,1791359370034449010,-120.39755099,False
4622169276517035216,1491,1791359370054254715,-120.377745285,False
4622169276517035216,1492,1791359370074331326,-120.357668674,False
4622169276517035216,1493,1791359370094396020,-120.33760398,False
4622169276517035216,1494,1791359370114344082,-120.317655918,False
4622169276517035216,1495,1791359370134367871,-120.297632129,False
4622169276517035216,1496,1791359370154320461,-120.277679539,False
4622169276517035216,1497,1791359370174381443,-120.257618557,False
4622169276517035216,1498,1791359370194437052,-120.237562948,False
4622169276517035216,1499,1791359370214366964,-120.217633036,False
4622169276517035216,1500,1791359370234203765,-120.197796235,False
4622169276517035216,1501,1791359370254266982,-120.177733018,False
4622169276517035216,1502,1791359370274221116,-120.157778884,False
4622169276517035216,1503,1791359370294234986,-120.137765014,False
4622169276517035216,1504,1791359370314225745,-120.117774255,False
4622169276517035216,1505,1791359370334287429,-120.097712571,False
4622169276517035216,1506,1791359370354243851,-120.077756149,False
4622169276517035216,1507,1791359370374243313,-120.057756687,False
4622169276517035216,1508,1791359370394340437,-120.037659563,False
4622169276517035216,1509,1791359370414411102,-120.017588898,False
4622169276517035216,1510,1791359370434602694,-119.997397306,False
4622169276517035216,1511,1791359370454316421,-119.977683579,False
4622169276517035216,1512,1791359370474327476,-119.957672524,False
4622169276517035216,1513,1791359370494268159,-119.937731841,False
4622169276517035216,1514,1791359370514382601,-119.917617399,False
4622169276517035216,1515,1791359370534293853,-119.897706147,False
4622169276517035216,1516,1791359370554373870,-119.87762613,False
4622169276517035216,1517,1791359370574277239,-119.857722761,False
4622169276517035216,1518,1791359370594392646,-119.837607354,False
4622169276517035216,1519,1791359370614320095,-119.817679905,False
4622169276517035216,1520,1791359370634271275,-119.797728725,False
4622169276517035216,1521,1791359370654331436,-119.777668564,False
4622169276517035216,1522,1791359370674334810,-119.75766519,False
4622169276517035216,1523,1791359370694385322,-119.737614678,False
4622169276517035216,1524,1791359370714301258,-119.717698742,False
4622169276517035216,1525,1791359370734385687,-119.697614313,False
4622169276517035216,1526,1791359370754283182,-119.677716818,False
4622169276517035216,1527,1791359370774253460,-119.65774654,False
4622169276517035216,1528,1791359370794318798,-119.637681202,False
4622169276517035216,1529,1791359370814218413,-119.617781587,False
4622169276517035216,1530,1791359370834297927,-119.597702073,False
4622169276517035216,1531,1791359370854296509,-119.577703491,False
4622169276517035216,1532,1791359370874324471,-119.557675529,False
4622169276517035216,1533,1791359370894278755,-119.537721245,False
4622169276517035216,1534,1791359370914332881,-119.517667119,False
4622169276517035216,1535,1791359370934465303,-119.497534697,False
4622169276517035216,1536,1791359370954308407,-119.477691593,False
4622169276517035216,1537,1791359370974354162,-119.457645838,False
4622169276517035216,1538,1791359370994312618,-119.437687382,False
4622169276517035216,1539,1791359371014320076,-119.417679924,False
4622169276517035216,1540,1791359371034237204,-119.397762796,False
4622169276517035216,1541,1791359371054218996,-119.377781004,False
4622169276517035216,1542,1791359371074273525,-119.357726475,False
4622169276517035216,1543,1791359371094408889,-119.337591111,False
4622169276517035216,1544,1791359371114299347,-119.317700653,False
4622169276517035216,1545,1791359371134270025,-119.297729975,False
4622169276517035216,1546,1791359371154328986,-119.277671014,False
4622169276517035216,1547,1791359371174220871,-119.257779129,False
4622169276517035216,1548,1791359371194274552,-119.237725448,False
4622169276517035216,1549,1791359371214435860,-119.21756414,False
4622169276517035216,1550,1791359371234493029,-119.197506971,False
4622169276517035216,1551,1791359371254337381,-119.177662619,False
4622169276517035216,1552,1791359371274242817,-119.157757183,False
4622169276517035216,1553,1791359371294376119,-119.137623881,False
4622169276517035216,1554,1791359371314399207,-119.117600793,False
4622169276517035216,1555,1791359371334460906,-119.097539094,False
4622169276517035216,1556,1791359371354296902,-119.077703098,False
4622169276517035216,1557,1791359371374282386,-119.057717614,False
4622169276517035216,1558,1791359371394348647,-119.037651353,False
4622169276517035216,1559,1791359371414381976,-119.017618024,False
4622169276517035216,1560,1791359371434328826,-118.997671174,False
4622169276517035216,1561,1791359371454254667,-118.977745333,False
4622169276517035216,1562,1791359371474380466,-118.957619534,False
4622169276517035216,1563,1791359371494408871,-118.937591129,False
4622169276517035216,1564,1791359371514408349,-118.917591651,False
4622169276517035216,1565,1791359371534378810,-118.89762119,False
4622169276517035216,1566,1791359371554382423,-118.877617577,False
4622169276517035216,1567,1791359371574511923,-118.857488077,False
4622169276517035216,1568,1791359371594532078,-118.837467922,False
4622169276517035216,1569,1791359371614309038,-118.817690962,False
4622169276517035216,1570,1791359371634304215,-118.797695785,False
4622169276517035216,1571,1791359371654285584,-118.777714416,False
4622169276517035216,1572,1791359371674372256,-118.757627744,False
4622169276517035216,1573,1791359371694376677,-118.737623323,False
4622169276517035216,1574,1791359371714326414,-118.717673586,False
4622169276517035216,1575,1791359371734366371,-118.697633629,False
4622169276517035216,1576,1791359371754351982,-118.677648018,False
4622169276517035216,1577,1791359371774231999,-118.657768001,False
4622169276517035216,1578,1791359371794335090,-118.63766491,False
4622169276517035216,1579,1791359371814416816,-118.617583184,False
4622169276517035216,1580,1791359371834428922,-118.597571078,False
4622169276517035216,1581,1791359371854278853,-118.577721147,False
4622169276517035216,1582,1791359371874233697,-118.557766303,False
4622169276517035216,1583,1791359371894340056,-118.537659944,False
4622169276517035216,1584,1791359371914344393,-118.517655607,False
4622169276517035216,1585,1791359371934344440,-118.49765556,False
4622169276517035216,1586,1791359371954345925,-118.477654075,False
4622169276517035216,1587,1791359371974373796,-118.457626204,False
4622169276517035216,1588,1791359371994345495,-118.437654505,False
4622169276517035216,1589,1791359372014304443,-118.417695557,False
4622169276517035216,1590,1791359372034354579,-118.397645421,False
4622169276517035216,1591,1791359372054463363,-118.377536637,False
4622169276517035216,1592,1791359372074436425,-118.357563575,False
4622169276517035216,1593,1791359372094410714,-118.337589286,False
4622169276517035216,1594,1791359372114311620,-118.31768838,False
4622169276517035216,1595,1791359372134362907,-118.297637093,False
4622169276517035216,1596,1791359372154336103,-118.277663897,False
4622169276517035216,1597,1791359372174435367,-118.257564633,False
4622169276517035216,1598,1791359372194424244,-118.237575756,False
4622169276517035216,1599,1791359372214426037,-118.217573963,False
4622169276517035216,1600,1791359372234430810,-118.19756919,False
4622169276517035216,1601,1791359372254414060,-118.17758594,False
4622169276517035216,1602,1791359372274396123,-118.157603877,False
4622169276517035216,1603,1791359372294496440,-118.13750356,False
4622169276517035216,1604,1791359372314365874,-118.117634126,False
4622169276517035216,1605,1791359372334367032,-118.097632968,False
4622169276517035216,1606,1791359372354450327,-118.077549673,False
4622169276517035216,1607,1791359372374401415,-118.057598585,False
4622169276517035216,1608,1791359372394495347,-118.037504653,False
4622169276517035216,1609,1791359372414419613,-118.017580387,False
4622169276517035216,1610,1791359372434434090,-117.99756591,False
4622169276517035216,1611,1791359372454441119,-117.977558881,False
4622169276517035216,1612,1791359372474482228,-117.957517772,False
4622169276517035216,1613,1791359372494426723,-117.937573277,False
4622169276517035216,1614,1791359372514460636,-117.917539364,False
4622169276517035216,1615,1791359372534435968,-117.897564032,False
4622169276517035216,1616,1791359372554483269,-117.877516731,False
4622169276517035216,1617,1791359372574390309,-117.857609691,False
4622169276517035216,1618,1791359372594450955,-117.837549045,False
4622169276517035216,1619,1791359372614406435,-117.817593565,False
4622169276517035216,1620,1791359372634372767,-117.797627233,False
4622169276517035216,1621,1791359372654371720,-117.77762828,False
4622169276517035216,1622,1791359372674402889,-117.757597111,False
4622169276517035216,1623,1791359372694388786,-117.737611214,False
4622169276517035216,1624,1791359372714472441,-117.717527559,False
4622169276517035216,1625,1791359372734412670,-117.69758733,False
4622169276517035216,1626,1791359372754429643,-117.677570357,False
4622169276517035216,1627,1791359372774503805,-117.657496195,False
4622169276517035216,1628,1791359372794454943,-117.637545057,False
4622169276517035216,1629,1791359372814361536,-117.617638464,False
4622169276517035216,1630,1791359372834353108,-117.597646892,False
4622169276517035216,1631,1791359372854452901,-117.577547099,False
4622169276517035216,1632,1791359372874353714,-117.557646286,False
4622169276517035216,1633,1791359372894423197,-117.537576803,False
4622169276517035216,1634,1791359372914313069,-117.517686931,False
4622169276517035216,1635,1791359372934427702,-117.497572298,False
4622169276517035216,1636,1791359372954354457,-117.477645543,False
4622169276517035216,1637,1791359372974307691,-117.457692309,False
4622169276517035216,1638,1791359372994440410,-117.43755959,False
4622169276517035216,1639,1791359373014338491,-117.417661509,False
4622169276517035216,1640,1791359373034248061,-117.397751939,False
4622169276517035216,1641,1791359373054378465,-117.377621535,False
4622169276517035216,1642,1791359373074291771,-117.357708229,False
4622169276517035216,1643,1791359373094480221,-117.337519779,False
4622169276517035216,1644,1791359373114377732,-117.317622268,False
4622169276517035216,1645,1791359373134360027,-117.297639973,False
4622169276517035216,1646,1791359373154504076,-117.277495924,False
4622169276517035216,1647,1791359373174345524,-117.257654476,False
4622169276517035216,1648,1791359373194379864,-117.237620136,False
4622169276517035216,1649,1791359373214315909,-117.217684091,False
4622169276517035216,1650,1791359373234340080,-117.19765992,False
4622169276517035216,1651,1791359373254503243,-117.177496757,False
4622169276517035216,1652,1791359373274470627,-117.157529373,False
4622169276517035216,1653,1791359373294391459,-117.137608541,False
4622169276517035216,1654,1791359373314361368,-117.117638632,False
4622169276517035216,1655,1791359373334339768,-117.097660232,False
4622169276517035216,1656,1791359373354370328,-117.077629672,False
4622169276517035216,1657,1791359373374376958,-117.057623042,False
4622169276517035216,1658,1791359373394369977,-117.037630023,False
4622169276517035216,1659,1791359373414356720,-117.01764328,False
4622169276517035216,1660,1791359373434313046,-116.997686954,False
4622169276517035216,1661,1791359373454336567,-116.977663433,False
4622169276517035216,1662,1791359373474349485,-116.957650515,False
4622169276517035216,1663,1791359373494356789,-116.937643211,False
4622169276517035216,1664,1791359373514486902,-116.917513098,False
4622169276517035216,1665,1791359373534377224,-116.897622776,False
4622169276517035216,1666,1791359373554408317,-116.877591683,False
4622169276517035216,1667,1791359373574371213,-116.857628787,False
4622169276517035216,1668,1791359373594392914,-116.837607086,False
4622169276517035216,1669,1791359373614388977,-116.817611023,False
4622169276517035216,1670,1791359373634530582,-116.797469418,False
4622169276517035216,1671,1791359373654363196,-116.777636804,False
4622169276517035216,1672,1791359373674294439,-116.757705561,False
4622169276517035216,1673,1791359373694392541,-116.737607459,False
4622169276517035216,1674,1791359373714411688,-116.717588312,False
4622169276517035216,1675,1791359373734367526,-116.697632474,False
4622169276517035216,1676,1791359373754426677,-116.677573323,False
4622169276517035216,1677,1791359373774275022,-116.657724978,False
4622169276517035216,1678,1791359373794343061,-116.637656939,False
4622169276517035216,1679,1791359373814475088,-116.617524912,False
4622169276517035216,1680,1791359373834264030,-116.59773597,False
4622169276517035216,1681,1791359373854333884,-116.577666116,False
4622169276517035216,1682,1791359373874421279,-116.557578721,False
4622169276517035216,1683,1791359373894332838,-116.537667162,False
4622169276517035216,1684,1791359373914230452,-116.517769548,False
4622169276517035216,1685,1791359373934265157,-116.497734843,False
4622169276517035216,1686,1791359373954272341,-116.477727659,False
4622169276517035216,1687,1791359373974179260,-116.45782074,False
4622169276517035216,1688,1791359373994373529,-116.437626471,False
4622169276517035216,1689,1791359374014544366,-116.417455634,False
4622169276517035216,1690,1791359374034389059,-116.397610941,False
4622169276517035216,1691,1791359374054462094,-116.377537906,False
4622169276517035216,1692,1791359374074339154,-116.357660846,False
4622169276517035216,1693,1791359374094327418,-116.337672582,False
4622169276517035216,1694,1791359374114305904,-116.317694096,False
4622169276517035216,1695,1791359374134321414,-116.297678586,False
4622169276517035216,1696,1791359374154318756,-116.277681244,False
4622169276517035216,1697,1791359374174234156,-116.257765844,False
4622169276517035216,1698,1791359374194324363,-116.237675637,False
4622169276517035216,1699,1791359374214363520,-116.21763648,False
4622169276517035216,1700,1791359374234324705,-116.197675295,False
4622169276517035216,1701,1791359374254324204,-116.177675796,False
4622169276517035216,1702,1791359374274478236,-116.157521764,False
4622169276517035216,1703,1791359374294334425,-116.137665575,False
4622169276517035216,1704,1791359374314436501,-116.117563499,False
4622169276517035216,1705,1791359374334235505,-116.097764495,False
4622169276517035216,1706,1791359374354245512,-116.077754488,False
4622169276517035216,1707,1791359374374283968,-116.057716032,False
4622169276517035216,1708,1791359374394356079,-116.037643921,False
4622169276517035216,1709,1791359374414205804,-116.017794196,False
4622169276517035216,1710,1791359374434061454,-115.997938546,False
4622169276517035216,1711,1791359374454218347,-115.977781653,False
4622169276517035216,1712,1791359374474249946,-115.957750054,False
4622169276517035216,1713,1791359374494241921,-115.937758079,False
4622169276517035216,1714,1791359374514422627,-115.917577373,False
4622169276517035216,1715,1791359374534223481,-115.897776519,False
4622169276517035216,1716,1791359374554255739,-115.877744261,False
4622169276517035216,1717,1791359374574295107,-115.857704893,False
4622169276517035216,1718,1791359374594284012,-115.837715988,False
4622169276517035216,1719,1791359374614297255,-115.817702745,False
4622169276517035216,1720,1791359374634287178,-115.797712822,False
4622169276517035216,1721,1791359374654274615,-115.777725385,False
4622169276517035216,1722,1791359374674348150,-115.75765185,False
4622169276517035216,1723,1791359374694257765,-115.737742235,False
4622169276517035216,1724,1791359374714262149,-115.717737851,False
4622169276517035216,1725,1791359374734207495,-115.697792505,False
4622169276517035216,1726,1791359374754294902,-115.677705098,False
4622169276517035216,1727,1791359374774233582,-115.657766418,False
4622169276517035216,1728,1791359374794245890,-115.63775411,False
4622169276517035216,1729,1791359374814277531,-115.617722469,False
4622169276517035216,1730,1791359374834267854,-115.597732146,False
4622169276517035216,1731,1791359374854355831,-115.577644169,False
4622169276517035216,1732,1791359374874327756,-115.557672244,False
4622169276517035216,1733,1791359374894408651,-115.537591349,False
4622169276517035216,1734,1791359374914316617,-115.517683383,False
4622169276517035216,1735,1791359374934225251,-115.497774749,False
4622169276517035216,1736,1791359374954244521,-115.477755479,False
4622169276517035216,1737,1791359374974298283,-115.457701717,False
4622169276517035216,1738,1791359374994315653,-115.437684347,False
4622169276517035216,1739,1791359375014256679,-115.417743321,False
4622169276517035216,1740,1791359375034302091,-115.397697909,False
4622169276517035216,1741,1791359375054399209,-115.377600791,False
4622169276517035216,1742,1791359375074321233,-115.357678767,False
4622169276517035216,1743,1791359375094318682,-115.337681318,False
4622169276517035216,1744,1791359375114274699,-115.317725301,False
4622169276517035216,1745,1791359375134279745,-115.297720255,False
4622169276517035216,1746,1791359375154271918,-115.277728082,False
4622169276517035216,1747,1791359375174281423,-115.257718577,False
4622169276517035216,1748,1791359375194357531,-115.237642469,False
4622169276517035216,1749,1791359375214221595,-115.217778405,False
4622169276517035216,1750,1791359375234296851,-115.197703149,False
4622169276517035216,1751,1791359375254279037,-115.177720963,False
4622169276517035216,1752,1791359375274266156,-115.157733844,False
4622169276517035216,1753,1791359375294436003,-115.137563997,False
4622169276517035216,1754,1791359375316857550,-115.11514245,False
4622169276517035216,1755,1791359375334270066,-115.097729934,False
4622169276517035216,1756,1791359375354339664,-115.077660336,False
4622169276517035216,1757,1791359375374323459,-115.057676541,False
4622169276517035216,1758,1791359375394318726,-115.037681274,False
4622169276517035216,1759,1791359375414349525,-115.017650475,False
4622169276517035216,1760,1791359375434339779,-114.997660221,False
4622169276517035216,1761,1791359375454297241,-114.977702759,False
4622169276517035216,1762,1791359375474364154,-114.957635846,False
4622169276517035216,1763,1791359375494276987,-114.937723013,False
4622169276517035216,1764,1791359375514282724,-114.917717276,False
4622169276517035216,1765,1791359375534257746,-114.897742254,False
4622169276517035216,1766,1791359375554287087,-114.877712913,False
4622169276517035216,1767,1791359375574237413,-114.857762587,False
4622169276517035216,1768,1791359375594292281,-114.837707719,False
4622169276517035216,1769,1791359375614336891,-114.817663109,False
4622169276517035216,1770,1791359375634221887,-114.797778113,False
4622169276517035216,1771,1791359375654249849,-114.777750151,False
4622169276517035216,1772,1791359375674136150,-114.75786385,False
4622169276517035216,1773,1791359375694299022,-114.737700978,False
4622169276517035216,1774,1791359375714289938,-114.717710062,False
4622169276517035216,1775,1791359375734294727,-114.697705273,False
4622169276517035216,1776,1791359375754164041,-114.677835959,False
4622169276517035216,1777,1791359375774209468,-114.657790532,False
4622169276517035216,1778,1791359375794320608,-114.637679392,False
4622169276517035216,1779,1791359375814296672,-114.617703328,False
4622169276517035216,1780,1791359375834211858,-114.597788142,False
4622169276517035216,1781,1791359375854361850,-114.57763815,False
4622169276517035216,1782,1791359375874279490,-114.55772051,False
4622169276517035216,1783,1791359375894280281,-114.537719719,False
4622169276517035216,1784,1791359375914332914,-114.517667086,False
4622169276517035216,1785,1791359375934323153,-114.497676847,False
4622169276517035216,1786,1791359375954292350,-114.47770765,False
4622169276517035216,1787,1791359375974327292,-114.457672708,False
4622169276517035216,1788,1791359375994265513,-114.437734487,False
4622169276517035216,1789,1791359376014276139,-114.417723861,False
4622169276517035216,1790,1791359376034359344,-114.397640656,False
4622169276517035216,1791,1791359376054309607,-114.377690393,False
4622169276517035216,1792,1791359376074241509,-114.357758491,False
4622169276517035216,1793,1791359376094266076,-114.337733924,False
4622169276517035216,1794,1791359376114243375,-114.317756625,False
4622169276517035216,1795,1791359376134244173,-114.297755827,False
4622169276517035216,1796,1791359376154206416,-114.277793584,False
4622169276517035216,1797,1791359376174304032,-114.257695968,False
4622169276517035216,1798,1791359376194292821,-114.237707179,False
4622169276517035216,1799,1791359376214221579,-114.217778421,False
4622169276517035216,1800,1791359376234371010,-114.19762899,False
4622169276517035216,1801,1791359376254381151,-114.177618849,False
4622169276517035216,1802,1791359376274337287,-114.157662713,False
4622169276517035216,1803,1791359376294424870,-114.13757513,False
4622169276517035216,1804,1791359376314412504,-114.117587496,False
4622169276517035216,1805,1791359376334356431,-114.097643569,False
4622169276517035216,1806,1791359376354436207,-114.077563793,False
4622169276517035216,1807,1791359376374275443,-114.057724557,False
4622169276517035216,1808,1791359376394309320,-114.03769068,False
4622169276517035216,1809,1791359376414250923,-114.017749077,False
4622169276517035216,1810,1791359376434351674,-113.997648326,False
4622169276517035216,1811,1791359376454235266,-113.977764734,False
4622169276517035216,1812,1791359376474302540,-113.95769746,False
4622169276517035216,1813,1791359376494332236,-113.937667764,False
4622169276517035216,1814,1791359376514350121,-113.917649879,False
4622169276517035216,1815,1791359376534319082,-113.897680918,False
4622169276517035216,1816,1791359376554255560,-113.87774444,False
4622169276517035216,1817,1791359376574086879,-113.857913121,False
4622169276517035216,1818,1791359376594249247,-113.837750753,False
4622169276517035216,1819,1791359376614258583,-113.817741417,False
4622169276517035216,1820,1791359376634252159,-113.797747841,False
4622169276517035216,1821,1791359376654304891,-113.777695109,False
4622169276517035216,1822,1791359376674221942,-113.757778058,False
4622169276517035216,1823,1791359376694266086,-113.737733914,False
4622169276517035216,1824,1791359376714248013,-113.717751987,False
4622169276517035216,1825,1791359376734214588,-113.697785412,False
4622169276517035216,1826,1791359376754275366,-113.677724634,False
4622169276517035216,1827,1791359376774286271,-113.657713729,False
4622169276517035216,1828,1791359376794286242,-113.637713758,False
4622169276517035216,1829,1791359376814321420,-113.61767858,False
4622169276517035216,1830,1791359376834286179,-113.597713821,False
4622169276517035216,1831,1791359376854263848,-113.577736152,False
4622169276517035216,1832,1791359376874332378,-113.557667622,False
4622169276517035216,1833,1791359376894397949,-113.537602051,False
4622169276517035216,1834,1791359376914581697,-113.517418303,False
4622169276517035216,1835,1791359376934343070,-113.49765693,False
4622169276517035216,1836,1791359376954354642,-113.477645358,False
4622169276517035216,1837,1791359376974268426,-113.457731574,False
4622169276517035216,1838,1791359376994347157,-113.437652843,False
4622169276517035216,1839,1791359377014352870,-113.41764713,False
4622169276517035216,1840,1791359377034359133,-113.397640867,False
4622169276517035216,1841,1791359377054259766,-113.377740234,False
4622169276517035216,1842,1791359377074275735,-113.357724265,False
4622169276517035216,1843,1791359377094411998,-113.337588002,False
4622169276517035216,1844,1791359377114288712,-113.317711288,False
4622169276517035216,1845,1791359377134334529,-113.297665471,False
4622169276517035216,1846,1791359377154422310,-113.27757769,False
4622169276517035216,1847,1791359377174250203,-113.257749797,False
4622169276517035216,1848,1791359377194263516,-113.237736484,False
4622169276517035216,1849,1791359377214300170,-113.21769983,False
4622169276517035216,1850,1791359377234323639,-113.197676361,False
4622169276517035216,1851,1791359377254285501,-113.177714499,False
4622169276517035216,1852,1791359377274279990,-113.15772001,False
4622169276517035216,1853,1791359377294289333,-113.137710667,False
4622169276517035216,1854,1791359377314647808,-113.117352192,False
4622169276517035216,1855,1791359377334326803,-113.097673197,False
4622169276517035216,1856,1791359377354272372,-113.077727628,False
4622169276517035216,1857,1791359377374245824,-113.057754176,False
4622169276517035216,1858,1791359377394431957,-113.037568043,False
4622169276517035216,1859,1791359377414326782,-113.017673218,False
4622169276517035216,1860,1791359377434394496,-112.997605504,False
4622169276517035216,1861,1791359377454118675,-112.977881325,False
4622169276517035216,1862,1791359377474318205,-112.957681795,False
4622169276517035216,1863,1791359377494346826,-112.937653174,False
4622169276517035216,1864,1791359377514351765,-112.917648235,False
4622169276517035216,1865,1791359377534414783,-112.897585217,False
4622169276517035216,1866,1791359377554452627,-112.877547373,False
4622169276517035216,1867,1791359377574361179,-112.857638821,False
4622169276517035216,1868,1791359377594428202,-112.837571798,False
4622169276517035216,1869,1791359377614311720,-112.81768828,False
4622169276517035216,1870,1791359377634500770,-112.79749923,False
4622169276517035216,1871,1791359377654420560,-112.77757944,False
4622169276517035216,1872,1791359377674397457,-112.757602543,False
4622169276517035216,1873,1791359377694259914,-112.737740086,False
4622169276517035216,1874,1791359377714251297,-112.717748703,False
4622169276517035216,1875,1791359377734287608,-112.697712392,False
4622169276517035216,1876,1791359377754314511,-112.677685489,False
4622169276517035216,1877,1791359377774331648,-112.657668352,False
4622169276517035216,1878,1791359377794421387,-112.637578613,False
4622169276517035216,1879,1791359377814344467,-112.617655533,False
4622169276517035216,1880,1791359377834535802,-112.597464198,False
4622169276517035216,1881,1791359377854481396,-112.577518604,False
4622169276517035216,1882,1791359377874316115,-112.557683885,False
4622169276517035216,1883,1791359377894460444,-112.537539556,False
4622169276517035216,1884,1791359377914378769,-112.517621231,False
4622169276517035216,1885,1791359377934476415,-112.497523585,False
4622169276517035216,1886,1791359377954432960,-112.47756704,False
4622169276517035216,1887,1791359377974258126,-112.457741874,False
4622169276517035216,1888,1791359377994306213,-112.437693787,False
4622169276517035216,1889,1791359378014245701,-112.417754299,False
4622169276517035216,1890,1791359378034399428,-112.397600572,False
4622169276517035216,1891,1791359378054194067,-112.377805933,False
4622169276517035216,1892,1791359378074339526,-112.357660474,False
4622169276517035216,1893,1791359378094251155,-112.337748845,False
4622169276517035216,1894,1791359378114232731,-112.317767269,False
4622169276517035216,1895,1791359378134219340,-112.29778066,False
4622169276517035216,1896,1791359378154217539,-112.277782461,False
4622169276517035216,1897,1791359378174193566,-112.257806434,False
4622169276517035216,1898,1791359378194357851,-112.237642149,False
4622169276517035216,1899,1791359378214270308,-112.217729692,False
4622169276517035216,1900,1791359378234319285,-112.197680715,False
4622169276517035216,1901,1791359378254331727,-112.177668273,False
4622169276517035216,1902,1791359378274278130,-112.15772187,False
4622169276517035216,1903,1791359378294285510,-112.13771449,False
4622169276517035216,1904,1791359378314331861,-112.117668139,False
4622169276517035216,1905,1791359378334295816,-112.097704184,False
4622169276517035216,1906,1791359378354212873,-112.077787127,False
4622169276517035216,1907,1791359378374256110,-112.05774389,False
4622169276517035216,1908,1791359378394309299,-112.037690701,False
4622169276517035216,1909,1791359378414334691,-112.017665309,False
4622169276517035216,1910,1791359378434251829,-111.997748171,False
4622169276517035216,1911,1791359378454214335,-111.977785665,False
4622169276517035216,1912,1791359378474204545,-111.957795455,False
4622169276517035216,1913,1791359378494326978,-111.937673022,False
4622169276517035216,1914,1791359378514313050,-111.91768695,False
4622169276517035216,1915,1791359378534324413,-111.897675587,False
4622169276517035216,1916,1791359378554286876,-111.877713124,False
4622169276517035216,1917,1791359378574266320,-111.85773368,False
4622169276517035216,1918,1791359378594255978,-111.837744022,False
4622169276517035216,1919,1791359378614211392,-111.817788608,False
4622169276517035216,1920,1791359378634314200,-111.7976858,False
4622169276517035216,1921,1791359378654183083,-111.777816917,False
4622169276517035216,1922,1791359378674297039,-111.757702961,False
4622169276517035216,1923,1791359378694248475,-111.737751525,False
4622169276517035216,1924,1791359378714272374,-111.717727626,False
4622169276517035216,1925,1791359378734272648,-111.697727352,False
4622169276517035216,1926,1791359378754279603,-111.677720397,False
4622169276517035216,1927,1791359378774280811,-111.657719189,False
4622169276517035216,1928,1791359378794271970,-111.63772803,False
4622169276517035216,1929,1791359378814303744,-111.617696256,False
4622169276517035216,1930,1791359378834289494,-111.597710506,False
4622169276517035216,1931,1791359378854269101,-111.577730899,False
4622169276517035216,1932,1791359378874238012,-111.557761988,False
4622169276517035216,1933,1791359378894458432,-111.537541568,False
4622169276517035216,1934,1791359378914275509,-111.517724491,False
4622169276517035216,1935,1791359378934294750,-111.49770525,False
4622169276517035216,1936,1791359378954296496,-111.477703504,False
4622169276517035216,1937,1791359378974217126,-111.457782874,False
4622169276517035216,1938,1791359378994223630,-111.43777637,False
4622169276517035216,1939,1791359379014243310,-111.41775669,False
4622169276517035216,1940,1791359379034204361,-111.397795639,False
4622169276517035216,1941,1791359379054412665,-111.377587335,False
4622169276517035216,1942,1791359379074206550,-111.35779345,False
4622169276517035216,1943,1791359379094229775,-111.337770225,False
4622169276517035216,1944,1791359379114253940,-111.31774606,False
4622169276517035216,1945,1791359379134240496,-111.297759504,False
4622169276517035216,1946,1791359379154209048,-111.277790952,False
4622169276517035216,1947,1791359379174310069,-111.257689931,False
4622169276517035216,1948,1791359379194318549,-111.237681451,False
4622169276517035216,1949,1791359379214241276,-111.217758724,False
4622169276517035216,1950,1791359379234247568,-111.197752432,False
4622169276517035216,1951,1791359379254190455,-111.177809545,False
4622169276517035216,1952,1791359379274277440,-111.15772256,False
4622169276517035216,1953,1791359379294215964,-111.137784036,False
4622169276517035216,1954,1791359379314413770,-111.11758623,False
4622169276517035216,1955,1791359379334306994,-111.097693006,False
4622169276517035216,1956,1791359379354352867,-111.077647133,False
4622169276517035216,1957,1791359379374227776,-111.057772224,False
4622169276517035216,1958,1791359379394308426,-111.037691574,False
4622169276517035216,1959,1791359379414326065,-111.017673935,False
4622169276517035216,1960,1791359379434269340,-110.99773066,False
4622169276517035216,1961,1791359379454301544,-110.977698456,False
4622169276517035216,1962,1791359379474280536,-110.957719464,False
4622169276517035216,1963,1791359379494200668,-110.937799332,False
4622169276517035216,1964,1791359379514221661,-110.917778339,False
4622169276517035216,1965,1791359379534231947,-110.897768053,False
4622169276517035216,1966,1791359379554281016,-110.877718984,False
4622169276517035216,1967,1791359379574242748,-110.857757252,False
4622169276517035216,1968,1791359379594427883,-110.837572117,False
4622169276517035216,1969,1791359379614261061,-110.817738939,False
4622169276517035216,1970,1791359379634277268,-110.797722732,False
4622169276517035216,1971,1791359379654300754,-110.777699246,False
4622169276517035216,1972,1791359379674274529,-110.757725471,False
4622169276517035216,1973,1791359379694272730,-110.73772727,False
4622169276517035216,1974,1791359379714246314,-110.717753686,False
4622169276517035216,1975,1791359379734293619,-110.697706381,False
4622169276517035216,1976,1791359379754213117,-110.677786883,False
4622169276517035216,1977,1791359379774213296,-110.657786704,False
4622169276517035216,1978,1791359379794341300,-110.6376587,False
4622169276517035216,1979,1791359379814221566,-110.617778434,False
4622169276517035216,1980,1791359379834236466,-110.597763534,False
4622169276517035216,1981,1791359379854203863,-110.577796137,False
4622169276517035216,1982,1791359379874287508,-110.557712492,False
4622169276517035216,1983,1791359379894432752,-110.537567248,False
4622169276517035216,1984,1791359379914267258,-110.517732742,False
4622169276517035216,1985,1791359379934313885,-110.497686115,False
4622169276517035216,1986,1791359379954292265,-110.477707735,False
4622169276517035216,1987,1791359379974269317,-110.457730683,False
4622169276517035216,1988,1791359379994322267,-110.437677733,False
4622169276517035216,1989,1791359380014248738,-110.417751262,False
4622169276517035216,1990,1791359380034237387,-110.397762613,False
4622169276517035216,1991,1791359380054224905,-110.377775095,False
4622169276517035216,1992,1791359380074241002,-110.357758998,False
4622169276517035216,1993,1791359380094364934,-110.337635066,False
4622169276517035216,1994,1791359380114287362,-110.317712638,False
4622169276517035216,1995,1791359380134271540,-110.29772846,False
4622169276517035216,1996,1791359380154228191,-110.277771809,False
4622169276517035216,1997,1791359380174286765,-110.257713235,False
4622169276517035216,1998,1791359380194319454,-110.237680546,False
4622169276517035216,1999,1791359380214297264,-110.217702736,False
4622169276517035216,2000,1791359380234247371,-110.197752629,False
4622169276517035216,2001,1791359380254229563,-110.177770437,False
4622169276517035216,2002,1791359380274242034,-110.157757966,False
4622169276517035216,2003,1791359380294405805,-110.137594195,False
4622169276517035216,2004,1791359380314480076,-110.117519924,False
4622169276517035216,2005,1791359380334319074,-110.097680926,False
4622169276517035216,2006,1791359380354311650,-110.07768835,False
4622169276517035216,2007,1791359380374292412,-110.057707588,False
4622169276517035216,2008,1791359380394319762,-110.037680238,False
4622169276517035216,2009,1791359380414306048,-110.017693952,False
4622169276517035216,2010,1791359380434238414,-109.997761586,False
4622169276517035216,2011,1791359380454225708,-109.977774292,False
4622169276517035216,2012,1791359380474181322,-109.957818678,False
4622169276517035216,2013,1791359380494406078,-109.937593922,False
4622169276517035216,2014,1791359380514301293,-109.917698707,False
4622169276517035216,2015,1791359380534274230,-109.89772577,False
4622169276517035216,2016,1791359380554179481,-109.877820519,False
4622169276517035216,2017,1791359380574182495,-109.857817505,False
4622169276517035216,2018,1791359380594201886,-109.837798114,False
4622169276517035216,2019,1791359380614298340,-109.81770166,False
4622169276517035216,2020,1791359380634263243,-109.797736757,False
4622169276517035216,2021,1791359380654306082,-109.777693918,False
4622169276517035216,2022,1791359380674300708,-109.757699292,False
4622169276517035216,2023,1791359380694267500,-109.7377325,False
4622169276517035216,2024,1791359380714331317,-109.717668683,False
4622169276517035216,2025,1791359380734278778,-109.697721222,False
4622169276517035216,2026,1791359380754255104,-109.677744896,False
4622169276517035216,2027,1791359380774270477,-109.657729523,False
4622169276517035216,2028,1791359380794273508,-109.637726492,False
4622169276517035216,2029,1791359380814256543,-109.617743457,False
4622169276517035216,2030,1791359380834295842,-109.597704158,False
4622169276517035216,2031,1791359380854309305,-109.577690695,False
4622169276517035216,2032,1791359380874202602,-109.557797398,False
4622169276517035216,2033,1791359380894366934,-109.537633066,False
4622169276517035216,2034,1791359380914240487,-109.517759513,False
4622169276517035216,2035,1791359380934200668,-109.497799332,False
4622169276517035216,2036,1791359380954237991,-109.477762009,False
4622169276517035216,2037,1791359380974240582,-109.457759418,False
4622169276517035216,2038,1791359380994292621,-109.437707379,False
4622169276517035216,2039,1791359381014308590,-109.41769141,False
4622169276517035216,2040,1791359381034230458,-109.397769542,False
4622169276517035216,2041,1791359381054278950,-109.37772105,False
4622169276517035216,2042,1791359381074239993,-109.357760007,False
4622169276517035216,2043,1791359381094287050,-109.33771295,False
4622169276517035216,2044,1791359381114188306,-109.317811694,False
4622169276517035216,2045,1791359381134238545,-109.297761455,False
4622169276517035216,2046,1791359381154216423,-109.277783577,False
4622169276517035216,2047,1791359381174285988,-109.257714012,False
4622169276517035216,2048,1791359381194358593,-109.237641407,False
4622169276517035216,2049,1791359381214297416,-109.217702584,False
4622169276517035216,2050,1791359381234304226,-109.197695774,False
4622169276517035216,2051,1791359381254303983,-109.177696017,False
4622169276517035216,2052,1791359381274500256,-109.157499744,False
4622169276517035216,2053,1791359381294232739,-109.137767261,False
4622169276517035216,2054,1791359381314215814,-109.117784186,False
4622169276517035216,2055,1791359381334251278,-109.097748722,False
4622169276517035216,2056,1791359381354238318,-109.077761682,False
4622169276517035216,2057,1791359381374325337,-109.057674663,False
4622169276517035216,2058,1791359381394377468,-109.037622532,False
4622169276517035216,2059,1791359381414252135,-109.017747865,False
4622169276517035216,2060,1791359381434385304,-108.997614696,False
4622169276517035216,2061,1791359381454299492,-108.977700508,False
4622169276517035216,2062,1791359381474293585,-108.957706415,False
4622169276517035216,2063,1791359381494341919,-108.937658081,False
4622169276517035216,2064,1791359381514346957,-108.917653043,False
4622169276517035216,2065,1791359381534250740,-108.89774926,False
4622169276517035216,2066,1791359381554286606,-108.877713394,False
4622169276517035216,2067,1791359381574311713,-108.857688287,False
4622169276517035216,2068,1791359381594363261,-108.837636739,False
4622169276517035216,2069,1791359381614268627,-108.817731373,False
4622169276517035216,2070,1791359381634184980,-108.79781502,False
4622169276517035216,2071,1791359381654206540,-108.77779346,False
4622169276517035216,2072,1791359381674287401,-108.757712599,False
4622169276517035216,2073,1791359381694295730,-108.73770427,False
4622169276517035216,2074,1791359381714274602,-108.717725398,False
4622169276517035216,2075,1791359381734339307,-108.697660693,False
4622169276517035216,2076,1791359381754317019,-108.677682981,False
4622169276517035216,2077,1791359381774207830,-108.65779217,False
4622169276517035216,2078,1791359381794202002,-108.637797998,False
4622169276517035216,2079,1791359381814292303,-108.617707697,False
4622169276517035216,2080,1791359381834323001,-108.597676999,False
4622169276517035216,2081,1791359381854277701,-108.577722299,False
4622169276517035216,2082,1791359381874272451,-108.557727549,False
4622169276517035216,2083,1791359381894285891,-108.537714109,False
4622169276517035216,2084,1791359381914257282,-108.517742718,False
4622169276517035216,2085,1791359381934391875,-108.497608125,False
4622169276517035216,2086,1791359381954297556,-108.477702444,False
4622169276517035216,2087,1791359381974314467,-108.457685533,False
4622169276517035216,2088,1791359381994345307,-108.437654693,False
4622169276517035216,2089,1791359382014305301,-108.417694699,False
4622169276517035216,2090,1791359382034292796,-108.397707204,False
4622169276517035216,2091,1791359382054286219,-108.377713781,False
4622169276517035216,2092,1791359382074278742,-108.357721258,False
4622169276517035216,2093,1791359382094295496,-108.337704504,False
4622169276517035216,2094,1791359382114242303,-108.317757697,False
4622169276517035216,2095,1791359382134189599,-108.297810401,False
4622169276517035216,2096,1791359382154276686,-108.277723314,False
4622169276517035216,2097,1791359382174240784,-108.257759216,False
4622169276517035216,2098,1791359382194323540,-108.23767646,False
4622169276517035216,2099,1791359382214371094,-108.217628906,False
4622169276517035216,2100,1791359382234256460,-108.19774354,False
4622169276517035216,2101,1791359382254290195,-108.177709805,False
4622169276517035216,2102,1791359382274309320,-108.15769068,False
4622169276517035216,2103,1791359382294279930,-108.13772007,False
4622169276517035216,2104,1791359382314519120,-108.11748088,False
4622169276517035216,2105,1791359382334319025,-108.097680975,False
4622169276517035216,2106,1791359382354308912,-108.077691088,False
4622169276517035216,2107,1791359382374310887,-108.057689113,False
4622169276517035216,2108,1791359382394439376,-108.037560624,False
4622169276517035216,2109,1791359382414268242,-108.017731758,False
4622169276517035216,2110,1791359382434398953,-107.997601047,False
4622169276517035216,2111,1791359382454270444,-107.977729556,False
4622169276517035216,2112,1791359382474238042,-107.957761958,False
4622169276517035216,2113,1791359382494273364,-107.937726636,False
4622169276517035216,2114,1791359382514344005,-107.917655995,False
4622169276517035216,2115,1791359382534234527,-107.897765473,False
4622169276517035216,2116,1791359382554338901,-107.877661099,False
4622169276517035216,2117,1791359382574303840,-107.85769616,False
4622169276517035216,2118,1791359382594285543,-107.837714457,False
4622169276517035216,2119,1791359382614421263,-107.817578737,False
4622169276517035216,2120,1791359382634284282,-107.797715718,False
4622169276517035216,2121,1791359382654290879,-107.777709121,False
4622169276517035216,2122,1791359382674293914,-107.757706086,False
4622169276517035216,2123,1791359382694274995,-107.737725005,False
4622169276517035216,2124,1791359382714226046,-107.717773954,False
4622169276517035216,2125,1791359382734309409,-107.697690591,False
4622169276517035216,2126,1791359382754320141,-107.677679859,False
4622169276517035216,2127,1791359382774286118,-107.657713882,False
4622169276517035216,2128,1791359382794309952,-107.637690048,False
4622169276517035216,2129,1791359382814303886,-107.617696114,False
4622169276517035216,2130,1791359382834228748,-107.597771252,False
4622169276517035216,2131,1791359382854242377,-107.577757623,False
4622169276517035216,2132,1791359382874235678,-107.557764322,False
4622169276517035216,2133,1791359382894460619,-107.537539381,False
4622169276517035216,2134,1791359382914284784,-107.517715216,False
4622169276517035216,2135,1791359382934340033,-107.497659967,False
4622169276517035216,2136,1791359382954306783,-107.477693217,False
4622169276517035216,2137,1791359382974307367,-107.457692633,False
4622169276517035216,2138,1791359382994275628,-107.437724372,False
4622169276517035216,2139,1791359383014283750,-107.41771625,False
4622169276517035216,2140,1791359383034281991,-107.397718009,False
4622169276517035216,2141,1791359383054283979,-107.377716021,False
4622169276517035216,2142,1791359383074331403,-107.357668597,False
4622169276517035216,2143,1791359383094359343,-107.337640657,False
4622169276517035216,2144,1791359383114217649,-107.317782351,False
4622169276517035216,2145,1791359383134194306,-107.297805694,False
4622169276517035216,2146,1791359383154205988,-107.277794012,False
4622169276517035216,2147,1791359383174154874,-107.257845126,False
4622169276517035216,2148,1791359383194223175,-107.237776825,False
4622169276517035216,2149,1791359383214189586,-107.217810414,False
4622169276517035216,2150,1791359383234221334,-107.197778666,False
4622169276517035216,2151,1791359383254219515,-107.177780485,False
4622169276517035216,2152,1791359383274311501,-107.157688499,False
4622169276517035216,2153,1791359383294388497,-107.137611503,False
4622169276517035216,2154,1791359383314652162,-107.117347838,False
4622169276517035216,2155,1791359383334260004,-107.097739996,False
4622169276517035216,2156,1791359383354274569,-107.077725431,False
4622169276517035216,2157,1791359383374281264,-107.057718736,False
4622169276517035216,2158,1791359383394241357,-107.037758643,False
4622169276517035216,2159,1791359383414282484,-107.017717516,False
4622169276517035216,2160,1791359383434251529,-106.997748471,False
4622169276517035216,2161,1791359383454308344,-106.977691656,False
4622169276517035216,2162,1791359383474392166,-106.957607834,False
4622169276517035216,2163,1791359383494237794,-106.937762206,False
4622169276517035216,2164,1791359383514256816,-106.917743184,False
4622169276517035216,2165,1791359383534235279,-106.897764721,False
4622169276517035216,2166,1791359383554332349,-106.877667651,False
4622169276517035216,2167,1791359383574285274,-106.857714726,False
4622169276517035216,2168,1791359383594268449,-106.837731551,False
4622169276517035216,2169,1791359383614262500,-106.8177375,False
4622169276517035216,2170,1791359383634305319,-106.797694681,False
4622169276517035216,2171,1791359383654283348,-106.777716652,False
4622169276517035216,2172,1791359383674252085,-106.757747915,False
4622169276517035216,2173,1791359383694334909,-106.737665091,False
4622169276517035216,2174,1791359383714378871,-106.717621129,False
4622169276517035216,2175,1791359383734266762,-106.697733238,False
4622169276517035216,2176,1791359383754279174,-106.677720826,False
4622169276517035216,2177,1791359383774301157,-106.657698843,False
4622169276517035216,2178,1791359383794251947,-106.637748053,False
4622169276517035216,2179,1791359383814283024,-106.617716976,False
4622169276517035216,2180,1791359383834284246,-106.597715754,False
4622169276517035216,2181,1791359383854294223,-106.577705777,False
4622169276517035216,2182,1791359383874305289,-106.557694711,False
4622169276517035216,2183,1791359383894445482,-106.537554518,False
4622169276517035216,2184,1791359383914277957,-106.517722043,False
4622169276517035216,2185,1791359383934279608,-106.497720392,False
4622169276517035216,2186,1791359383954277250,-106.47772275,False
4622169276517035216,2187,1791359383974296353,-106.457703647,False
4622169276517035216,2188,1791359383994275085,-106.437724915,False
4622169276517035216,2189,1791359384014303585,-106.417696415,False
4622169276517035216,2190,1791359384034284171,-106.397715829,False
4622169276517035216,2191,1791359384054245306,-106.377754694,False
4622169276517035216,2192,1791359384074240236,-106.357759764,False
4622169276517035216,2193,1791359384094387092,-106.337612908,False
4622169276517035216,2194,1791359384114294062,-106.317705938,False
4622169276517035216,2195,1791359384133980823,-106.298019177,False
4622169276517035216,2196,1791359384154001538,-106.277998462,False
4622169276517035216,2197,1791359384174275424,-106.257724576,False
4622169276517035216,2198,1791359384194311443,-106.237688557,False
4622169276517035216,2199,1791359384214277415,-106.217722585,False
4622169276517035216,2200,1791359384234301374,-106.197698626,False
4622169276517035216,2201,1791359384254225801,-106.177774199,False
4622169276517035216,2202,1791359384274216408,-106.157783592,False
4622169276517035216,2203,1791359384294201219,-106.137798781,False
4622169276517035216,2204,1791359384314274377,-106.117725623,False
4622169276517035216,2205,1791359384334296008,-106.097703992,False
4622169276517035216,2206,1791359384354318369,-106.077681631,False
4622169276517035216,2207,1791359384374298837,-106.057701163,False
4622169276517035216,2208,1791359384394351691,-106.037648309,False
4622169276517035216,2209,1791359384414427419,-106.017572581,False
4622169276517035216,2210,1791359384434268309,-105.997731691,False
4622169276517035216,2211,1791359384454275440,-105.97772456,False
4622169276517035216,2212,1791359384474263516,-105.957736484,False
4622169276517035216,2213,1791359384494311946,-105.937688054,False
4622169276517035216,2214,1791359384514304289,-105.917695711,False
4622169276517035216,2215,1791359384534258556,-105.897741444,False
4622169276517035216,2216,1791359384554294647,-105.877705353,False
4622169276517035216,2217,1791359384574340333,-105.857659667,False
4622169276517035216,2218,1791359384594289594,-105.837710406,False
4622169276517035216,2219,1791359384614477440,-105.81752256,False
4622169276517035216,2220,1791359384634239450,-105.79776055,False
4622169276517035216,2221,1791359384654683359,-105.777316641,False
4622169276517035216,2222,1791359384674286084,-105.757713916,False
4622169276517035216,2223,1791359384694289901,-105.737710099,False
4622169276517035216,2224,1791359384714276728,-105.717723272,False
4622169276517035216,2225,1791359384734303002,-105.697696998,False
4622169276517035216,2226,1791359384754324737,-105.677675263,False
4622169276517035216,2227,1791359384774288104,-105.657711896,False
4622169276517035216,2228,1791359384794292200,-105.6377078,False
4622169276517035216,2229,1791359384814280563,-105.617719437,False
4622169276517035216,2230,1791359384834363735,-105.597636265,False
4622169276517035216,2231,1791359384854302145,-105.577697855,False
4622169276517035216,2232,1791359384874275042,-105.557724958,False
4622169276517035216,2233,1791359384894251330,-105.53774867,False
4622169276517035216,2234,1791359384914171618,-105.517828382,False
4622169276517035216,2235,1791359384934216448,-105.497783552,False
4622169276517035216,2236,1791359384954305515,-105.477694485,False
4622169276517035216,2237,1791359384974355528,-105.457644472,False
4622169276517035216,2238,1791359384994253594,-105.437746406,False
4622169276517035216,2239,1791359385014453384,-105.417546616,False
4622169276517035216,2240,1791359385034292790,-105.39770721,False
4622169276517035216,2241,1791359385054323547,-105.377676453,False
4622169276517035216,2242,1791359385074224185,-105.357775815,False
4622169276517035216,2243,1791359385094241416,-105.337758584,False
4622169276517035216,2244,1791359385114194716,-105.317805284,False
4622169276517035216,2245,1791359385134203809,-105.297796191,False
4622169276517035216,2246,1791359385154321854,-105.277678146,False
4622169276517035216,2247,1791359385174295346,-105.257704654,False
4622169276517035216,2248,1791359385194329838,-105.237670162,False
4622169276517035216,2249,1791359385214287781,-105.217712219,False
4622169276517035216,2250,1791359385234526702,-105.197473298,False
4622169276517035216,2251,1791359385254282659,-105.177717341,False
4622169276517035216,2252,1791359385274475178,-105.157524822,False
4622169276517035216,2253,1791359385294265851,-105.137734149,False
4622169276517035216,2254,1791359385314352716,-105.117647284,False
4622169276517035216,2255,1791359385334210078,-105.097789922,False
4622169276517035216,2256,1791359385354167664,-105.077832336,False
4622169276517035216,2257,1791359385374161893,-105.057838107,False
4622169276517035216,2258,1791359385394072242,-105.037927758,False
4622169276517035216,2259,1791359385414025610,-105.01797439,False
4622169276517035216,2260,1791359385434235862,-104.997764138,False
4622169276517035216,2261,1791359385453961242,-104.978038758,False
4622169276517035216,2262,1791359385474193983,-104.957806017,False
4622169276517035216,2263,1791359385494174283,-104.937825717,False
4622169276517035216,2264,1791359385514256953,-104.917743047,False
4622169276517035216,2265,1791359385533943039,-104.898056961,False
4622169276517035216,2266,1791359385554250456,-104.877749544,False
4622169276517035216,2267,1791359385574092974,-104.857907026,False
4622169276517035216,2268,1791359385594066224,-104.837933776,False
4622169276517035216,2269,1791359385614142012,-104.817857988,False
4622169276517035216,2270,1791359385634107386,-104.797892614,False
4622169276517035216,2271,1791359385654121262,-104.777878738,False
4622169276517035216,2272,1791359385674187504,-104.757812496,False
4622169276517035216,2273,1791359385694239977,-104.737760023,False
4622169276517035216,2274,1791359385714133225,-104.717866775,False
4622169276517035216,2275,1791359385734069262,-104.697930738,False
4622169276517035216,2276,1791359385754075865,-104.677924135,False
4622169276517035216,2277,1791359385774252300,-104.6577477,False
4622169276517035216,2278,1791359385794166342,-104.637833658,False
4622169276517035216,2279,1791359385814270315,-104.617729685,False
4622169276517035216,2280,1791359385834129199,-104.597870801,False
4622169276517035216,2281,1791359385853981119,-104.578018881,False
4622169276517035216,2282,1791359385874085893,-104.557914107,False
4622169276517035216,2283,1791359385894105613,-104.537894387,False
4622169276517035216,2284,1791359385914070679,-104.517929321,False
4622169276517035216,2285,1791359385934088517,-104.497911483,False
4622169276517035216,2286,1791359385954187968,-104.477812032,False
4622169276517035216,2287,1791359385974199047,-104.457800953,False
4622169276517035216,2288,1791359385994234810,-104.43776519,False
4622169276517035216,2289,1791359386014372081,-104.417627919,False
4622169276517035216,2290,1791359386034299696,-104.397700304,False
4622169276517035216,2291,1791359386054178169,-104.377821831,False
4622169276517035216,2292,1791359386074165001,-104.357834999,False
4622169276517035216,2293,1791359386094013733,-104.337986267,False
4622169276517035216,2294,1791359386114024465,-104.317975535,False
4622169276517035216,2295,1791359386134093687,-104.297906313,False
4622169276517035216,2296,1791359386154188642,-104.277811358,False
4622169276517035216,2297,1791359386174213594,-104.257786406,False
4622169276517035216,2298,1791359386194193463,-104.237806537,False
4622169276517035216,2299,1791359386214223819,-104.217776181,False
4622169276517035216,2300,1791359386234052387,-104.197947613,False
4622169276517035216,2301,1791359386254192292,-104.177807708,False
4622169276517035216,2302,1791359386274161489,-104.157838511,False
4622169276517035216,2303,1791359386294082342,-104.137917658,False
4622169276517035216,2304,1791359386314170191,-104.117829809,False
4622169276517035216,2305,1791359386334129697,-104.097870303,False
4622169276517035216,2306,1791359386354158120,-104.07784188,False
4622169276517035216,2307,1791359386374115009,-104.057884991,False
4622169276517035216,2308,1791359386394234919,-104.037765081,False
4622169276517035216,2309,1791359386414107444,-104.017892556,False
4622169276517035216,2310,1791359386434210984,-103.997789016,False
4622169276517035216,2311,1791359386454213037,-103.977786963,False
4622169276517035216,2312,1791359386474184176,-103.957815824,False
4622169276517035216,2313,1791359386494183838,-103.937816162,False
4622169276517035216,2314,1791359386514236236,-103.917763764,False
4622169276517035216,2315,1791359386534379571,-103.897620429,False
4622169276517035216,2316,1791359386554295533,-103.877704467,False
4622169276517035216,2317,1791359386574186126,-103.857813874,False
4622169276517035216,2318,1791359386594201050,-103.83779895,False
4622169276517035216,2319,1791359386614268239,-103.817731761,False
4622169276517035216,2320,1791359386634334458,-103.797665542,False
4622169276517035216,2321,1791359386654212972,-103.777787028,False
4622169276517035216,2322,1791359386674207005,-103.757792995,False
4622169276517035216,2323,1791359386694220833,-103.737779167,False
4622169276517035216,2324,1791359386714210781,-103.717789219,False
4622169276517035216,2325,1791359386734288117,-103.697711883,False
4622169276517035216,2326,1791359386754259522,-103.677740478,False
4622169276517035216,2327,1791359386774237361,-103.657762639,False
4622169276517035216,2328,1791359386794216257,-103.637783743,False
4622169276517035216,2329,1791359386814216491,-103.617783509,False
4622169276517035216,2330,1791359386834246930,-103.59775307,False
4622169276517035216,2331,1791359386854277794,-103.577722206,False
4622169276517035216,2332,1791359386874211618,-103.557788382,False
4622169276517035216,2333,1791359386894046544,-103.537953456,False
4622169276517035216,2334,1791359386913994041,-103.518005959,False
4622169276517035216,2335,1791359386934225682,-103.497774318,False
4622169276517035216,2336,1791359386954131542,-103.477868458,False
4622169276517035216,2337,1791359386974169878,-103.457830122,False
4622169276517035216,2338,1791359386994331934,-103.437668066,False
4622169276517035216,2339,1791359387014364153,-103.417635847,False
4622169276517035216,2340,1791359387034267526,-103.397732474,False
4622169276517035216,2341,1791359387054287103,-103.377712897,False
4622169276517035216,2342,1791359387074216923,-103.357783077,False
4622169276517035216,2343,1791359387094282648,-103.337717352,False
4622169276517035216,2344,1791359387114097005,-103.317902995,False
4622169276517035216,2345,1791359387134029458,-103.297970542,False
4622169276517035216,2346,1791359387154111878,-103.277888122,False
4622169276517035216,2347,1791359387174220239,-103.257779761,False
4622169276517035216,2348,1791359387194317476,-103.237682524,False
4622169276517035216,2349,1791359387214235696,-103.217764304,False
4622169276517035216,2350,1791359387234201252,-103.197798748,False
4622169276517035216,2351,1791359387254251310,-103.17774869,False
4622169276517035216,2352,1791359387274287492,-103.157712508,False
4622169276517035216,2353,1791359387294278559,-103.137721441,False
4622169276517035216,2354,1791359387314280596,-103.117719404,False
4622169276517035216,2355,1791359387334315620,-103.09768438,False
4622169276517035216,2356,1791359387354200014,-103.077799986,False
4622169276517035216,2357,1791359387374134294,-103.057865706,False
4622169276517035216,2358,1791359387394218676,-103.037781324,False
4622169276517035216,2359,1791359387414261530,-103.01773847,False
4622169276517035216,2360,1791359387434195277,-102.997804723,False
4622169276517035216,2361,1791359387454211316,-102.977788684,False
4622169276517035216,2362,1791359387474257268,-102.957742732,False
4622169276517035216,2363,1791359387494350063,-102.937649937,False
4622169276517035216,2364,1791359387514293241,-102.917706759,False
4622169276517035216,2365,1791359387534339466,-102.897660534,False
4622169276517035216,2366,1791359387554408500,-102.8775915,False
4622169276517035216,2367,1791359387574254588,-102.857745412,False
4622169276517035216,2368,1791359387594240589,-102.837759411,False
4622169276517035216,2369,1791359387614376402,-102.817623598,False
4622169276517035216,2370,1791359387634216273,-102.797783727,False
4622169276517035216,2371,1791359387654244706,-102.777755294,False
4622169276517035216,2372,1791359387674283318,-102.757716682,False
4622169276517035216,2373,1791359387694251227,-102.737748773,False
4622169276517035216,2374,1791359387714236084,-102.717763916,False
4622169276517035216,2375,1791359387734208118,-102.697791882,False
4622169276517035216,2376,1791359387754213400,-102.6777866,False
4622169276517035216,2377,1791359387774198850,-102.65780115,False
4622169276517035216,2378,1791359387794248219,-102.637751781,False
4622169276517035216,2379,1791359387814290263,-102.617709737,False
4622169276517035216,2380,1791359387834334569,-102.597665431,False
4622169276517035216,2381,1791359387854082547,-102.577917453,False
4622169276517035216,2382,1791359387874043793,-102.557956207,False
4622169276517035216,2383,1791359387894165328,-102.537834672,False
4622169276517035216,2384,1791359387914170390,-102.51782961,False
4622169276517035216,2385,1791359387934280146,-102.497719854,False
4622169276517035216,2386,1791359387954172963,-102.477827037,False
4622169276517035216,2387,1791359387974006911,-102.457993089,False
4622169276517035216,2388,1791359387993972767,-102.438027233,False
4622169276517035216,2389,1791359388014197605,-102.417802395,False
4622169276517035216,2390,1791359388034124314,-102.397875686,False
4622169276517035216,2391,1791359388054287604,-102.377712396,False
4622169276517035216,2392,1791359388074252881,-102.357747119,False
4622169276517035216,2393,1791359388094228541,-102.337771459,False
4622169276517035216,2394,1791359388114178060,-102.31782194,False
4622169276517035216,2395,1791359388134096750,-102.29790325,False
4622169276517035216,2396,1791359388154111576,-102.277888424,False
4622169276517035216,2397,1791359388174316284,-102.257683716,False
4622169276517035216,2398,1791359388194162817,-102.237837183,False
4622169276517035216,2399,1791359388214202585,-102.217797415,False
4622169276517035216,2400,1791359388234253530,-102.19774647,False
4622169276517035216,2401,1791359388254246292,-102.177753708,False
4622169276517035216,2402,1791359388274210310,-102.15778969,False
4622169276517035216,2403,1791359388294256678,-102.137743322,False
4622169276517035216,2404,1791359388314197532,-102.117802468,False
4622169276517035216,2405,1791359388334180301,-102.097819699,False
4622169276517035216,2406,1791359388354157974,-102.077842026,False
4622169276517035216,2407,1791359388374210562,-102.057789438,False
4622169276517035216,2408,1791359388394231671,-102.037768329,False
4622169276517035216,2409,1791359388414256860,-102.01774314,False
4622169276517035216,2410,1791359388434377160,-101.99762284,False
4622169276517035216,2411,1791359388454212419,-101.977787581,False
4622169276517035216,2412,1791359388474200844,-101.957799156,False
4622169276517035216,2413,1791359388494046034,-101.937953966,False
4622169276517035216,2414,1791359388514176656,-101.917823344,False
4622169276517035216,2415,1791359388534222520,-101.89777748,False
4622169276517035216,2416,1791359388554275741,-101.877724259,False
4622169276517035216,2417,1791359388574240912,-101.857759088,False
4622169276517035216,2418,1791359388594167226,-101.837832774,False
4622169276517035216,2419,1791359388614224852,-101.817775148,False
4622169276517035216,2420,1791359388634189436,-101.797810564,False
4622169276517035216,2421,1791359388654198172,-101.777801828,False
4622169276517035216,2422,1791359388674257052,-101.757742948,False
4622169276517035216,2423,1791359388694182111,-101.737817889,False
4622169276517035216,2424,1791359388714134994,-101.717865006,False
4622169276517035216,2425,1791359388734199864,-101.697800136,False
4622169276517035216,2426,1791359388754181147,-101.677818853,False
4622169276517035216,2427,1791359388774213882,-101.657786118,False
4622169276517035216,2428,1791359388794220492,-101.637779508,False
4622169276517035216,2429,1791359388814257682,-101.617742318,False
4622169276517035216,2430,1791359388834147668,-101.597852332,False
4622169276517035216,2431,1791359388854201957,-101.577798043,False
4622169276517035216,2432,1791359388874142032,-101.557857968,False
4622169276517035216,2433,1791359388894092406,-101.537907594,False
4622169276517035216,2434,1791359388914104023,-101.517895977,False
4622169276517035216,2435,1791359388934133243,-101.497866757,False
4622169276517035216,2436,1791359388954190464,-101.477809536,False
4622169276517035216,2437,1791359388974189482,-101.457810518,False
4622169276517035216,2438,1791359388994119963,-101.437880037,False
4622169276517035216,2439,1791359389014064706,-101.417935294,False
4622169276517035216,2440,1791359389034109246,-101.397890754,False
4622169276517035216,2441,1791359389054023781,-101.377976219,False
4622169276517035216,2442,1791359389074446152,-101.357553848,False
4622169276517035216,2443,1791359389094348327,-101.337651673,False
4622169276517035216,2444,1791359389114055639,-101.317944361,False
4622169276517035216,2445,1791359389134081052,-101.297918948,False
4622169276517035216,2446,1791359389154086867,-101.277913133,False
4622169276517035216,2447,1791359389174140256,-101.257859744,False
4622169276517035216,2448,1791359389194192237,-101.237807763,False
4622169276517035216,2449,1791359389214096901,-101.217903099,False
4622169276517035216,2450,1791359389234097957,-101.197902043,False
4622169276517035216,2451,1791359389254114416,-101.177885584,False
4622169276517035216,2452,1791359389274163374,-101.157836626,False
4622169276517035216,2453,1791359389294161286,-101.137838714,False
4622169276517035216,2454,1791359389314159344,-101.117840656,False
4622169276517035216,2455,1791359389334194377,-101.097805623,False
4622169276517035216,2456,1791359389354143890,-101.07785611,False
4622169276517035216,2457,1791359389374098729,-101.057901271,False
4622169276517035216,2458,1791359389394134146,-101.037865854,False
4622169276517035216,2459,1791359389414204941,-101.017795059,False
4622169276517035216,2460,1791359389434256636,-100.997743364,False
4622169276517035216,2461,1791359389454196062,-100.977803938,False
4622169276517035216,2462,1791359389474165942,-100.957834058,False
4622169276517035216,2463,1791359389494168652,-100.937831348,False
4622169276517035216,2464,1791359389514216351,-100.917783649,False
4622169276517035216,2465,1791359389534254459,-100.897745541,False
4622169276517035216,2466,1791359389554059218,-100.877940782,False
4622169276517035216,2467,1791359389574315217,-100.857684783,False
4622169276517035216,2468,1791359389594171307,-100.837828693,False
4622169276517035216,2469,1791359389614171035,-100.817828965,False
4622169276517035216,2470,1791359389634193552,-100.797806448,False
4622169276517035216,2471,1791359389654170229,-100.777829771,False
4622169276517035216,2472,1791359389674243012,-100.757756988,False
4622169276517035216,2473,1791359389694182434,-100.737817566,False
4622169276517035216,2474,1791359389714228653,-100.717771347,False
4622169276517035216,2475,1791359389734346563,-100.697653437,False
4622169276517035216,2476,1791359389754294703,-100.677705297,False
4622169276517035216,2477,1791359389774166965,-100.657833035,False
4622169276517035216,2478,1791359389794205442,-100.637794558,False
4622169276517035216,2479,1791359389814220346,-100.617779654,False
4622169276517035216,2480,1791359389834068810,-100.59793119,False
4622169276517035216,2481,1791359389854121148,-100.577878852,False
4622169276517035216,2482,1791359389874193681,-100.557806319,False
4622169276517035216,2483,1791359389893927136,-100.538072864,False
4622169276517035216,2484,1791359389914090267,-100.517909733,False
4622169276517035216,2485,1791359389934213544,-100.497786456,False
4622169276517035216,2486,1791359389954219789,-100.477780211,False
4622169276517035216,2487,1791359389974338128,-100.457661872,False
4622169276517035216,2488,1791359389994024578,-100.437975422,False
4622169276517035216,2489,1791359390014034047,-100.417965953,False
4622169276517035216,2490,1791359390034079052,-100.397920948,False
4622169276517035216,2491,1791359390054294883,-100.377705117,False
4622169276517035216,2492,1791359390074154042,-100.357845958,False
4622169276517035216,2493,1791359390094056447,-100.337943553,False
4622169276517035216,2494,1791359390114090596,-100.317909404,False
4622169276517035216,2495,1791359390133923181,-100.298076819,False
4622169276517035216,2496,1791359390154020266,-100.277979734,False
4622169276517035216,2497,1791359390174143177,-100.257856823,False
4622169276517035216,2498,1791359390194252292,-100.237747708,False
4622169276517035216,2499,1791359390214027114,-100.217972886,False
4622169276517035216,2500,1791359390234149427,-100.197850573,False
4622169276517035216,2501,1791359390254197031,-100.177802969,False
4622169276517035216,2502,1791359390274086808,-100.157913192,False
4622169276517035216,2503,1791359390294173447,-100.137826553,False
4622169276517035216,2504,1791359390314392880,-100.11760712,False
4622169276517035216,2505,1791359390334266325,-100.097733675,False
4622169276517035216,2506,1791359390354108607,-100.077891393,False
4622169276517035216,2507,1791359390374154052,-100.057845948,False
4622169276517035216,2508,1791359390394226499,-100.037773501,False
4622169276517035216,2509,1791359390414186569,-100.017813431,False
4622169276517035216,2510,1791359390434158639,-99.997841361,False
4622169276517035216,2511,1791359390454173508,-99.977826492,False
4622169276517035216,2512,1791359390474285127,-99.957714873,False
4622169276517035216,2513,1791359390494133519,-99.937866481,False
4622169276517035216,2514,1791359390514332969,-99.917667031,False
4622169276517035216,2515,1791359390534345976,-99.897654024,False
4622169276517035216,2516,1791359390554206126,-99.877793874,False
4622169276517035216,2517,1791359390574088749,-99.857911251,False
4622169276517035216,2518,1791359390594099428,-99.837900572,False
4622169276517035216,2519,1791359390614102929,-99.817897071,False
4622169276517035216,2520,1791359390634214009,-99.797785991,False
4622169276517035216,2521,1791359390654039419,-99.777960581,False
4622169276517035216,2522,1791359390674106001,-99.757893999,False
4622169276517035216,2523,1791359390694202472,-99.737797528,False
4622169276517035216,2524,1791359390714209705,-99.717790295,False
4622169276517035216,2525,1791359390734346612,-99.697653388,False
4622169276517035216,2526,1791359390754201903,-99.677798097,False
4622169276517035216,2527,1791359390774185463,-99.657814537,False
4622169276517035216,2528,1791359390794157495,-99.637842505,False
4622169276517035216,2529,1791359390814346757,-99.617653243,False
4622169276517035216,2530,1791359390834089266,-99.597910734,False
4622169276517035216,2531,1791359390854168085,-99.577831915,False
4622169276517035216,2532,1791359390874092709,-99.557907291,False
4622169276517035216,2533,1791359390894309486,-99.537690514,False
4622169276517035216,2534,1791359390914280305,-99.517719695,False
4622169276517035216,2535,1791359390934173667,-99.497826333,False
4622169276517035216,2536,1791359390954173728,-99.477826272,False
4622169276517035216,2537,1791359390974173099,-99.457826901,False
4622169276517035216,2538,1791359390994163644,-99.437836356,False
4622169276517035216,2539,1791359391014131801,-99.417868199,False
4622169276517035216,2540,1791359391034169725,-99.397830275,False
4622169276517035216,2541,1791359391054199792,-99.377800208,False
4622169276517035216,2542,1791359391074276977,-99.357723023,False
4622169276517035216,2543,1791359391094128391,-99.337871609,False
4622169276517035216,2544,1791359391114160611,-99.317839389,False
4622169276517035216,2545,1791359391134036971,-99.297963029,False
4622169276517035216,2546,1791359391153975784,-99.278024216,False
4622169276517035216,2547,1791359391174009019,-99.257990981,False
4622169276517035216,2548,1791359391193998253,-99.238001747,False
4622169276517035216,2549,1791359391214194904,-99.217805096,False
4622169276517035216,2550,1791359391234317335,-99.197682665,False
4622169276517035216,2551,1791359391254150188,-99.177849812,False
4622169276517035216,2552,1791359391274194161,-99.157805839,False
4622169276517035216,2553,1791359391294314794,-99.137685206,False
4622169276517035216,2554,1791359391314326642,-99.117673358,False
4622169276517035216,2555,1791359391334067509,-99.097932491,False
4622169276517035216,2556,1791359391354237750,-99.07776225,False
4622169276517035216,2557,1791359391374164558,-99.057835442,False
4622169276517035216,2558,1791359391394185147,-99.037814853,False
4622169276517035216,2559,1791359391414134705,-99.017865295,False
4622169276517035216,2560,1791359391434352678,-98.997647322,False
4622169276517035216,2561,1791359391454211581,-98.977788419,False
4622169276517035216,2562,1791359391474288744,-98.957711256,False
4622169276517035216,2563,1791359391494188251,-98.937811749,False
4622169276517035216,2564,1791359391514347434,-98.917652566,False
4622169276517035216,2565,1791359391534253335,-98.897746665,False
4622169276517035216,2566,1791359391554191685,-98.877808315,False
4622169276517035216,2567,1791359391574199172,-98.857800828,False
4622169276517035216,2568,1791359391594168708,-98.837831292,False
4622169276517035216,2569,1791359391614288568,-98.817711432,False
4622169276517035216,2570,1791359391634212116,-98.797787884,False
4622169276517035216,2571,1791359391654250368,-98.777749632,False
4622169276517035216,2572,1791359391674194838,-98.757805162,False
4622169276517035216,2573,1791359391694225863,-98.737774137,False
4622169276517035216,2574,1791359391714177351,-98.717822649,False
4622169276517035216,2575,1791359391734187229,-98.697812771,False
4622169276517035216,2576,1791359391754163057,-98.677836943,False
4622169276517035216,2577,1791359391774212320,-98.65778768,False
4622169276517035216,2578,1791359391794163599,-98.637836401,False
4622169276517035216,2579,1791359391814171721,-98.617828279,False
4622169276517035216,2580,1791359391834166312,-98.597833688,False
4622169276517035216,2581,1791359391854345560,-98.57765444,False
4622169276517035216,2582,1791359391874285674,-98.557714326,False
4622169276517035216,2583,1791359391894255782,-98.537744218,False
4622169276517035216,2584,1791359391914205516,-98.517794484,False
4622169276517035216,2585,1791359391934003632,-98.497996368,False
4622169276517035216,2586,1791359391954097570,-98.47790243,False
4622169276517035216,2587,1791359391974210723,-98.457789277,False
4622169276517035216,2588,1791359391994173430,-98.43782657,False
4622169276517035216,2589,1791359392014165396,-98.417834604,False
4622169276517035216,2590,1791359392034228351,-98.397771649,False
4622169276517035216,2591,1791359392054242923,-98.377757077,False
4622169276517035216,2592,1791359392074100679,-98.357899321,False
4622169276517035216,2593,1791359392093982283,-98.338017717,False
4622169276517035216,2594,1791359392114074986,-98.317925014,False
4622169276517035216,2595,1791359392134099203,-98.297900797,False
4622169276517035216,2596,1791359392154080111,-98.277919889,False
4622169276517035216,2597,1791359392174091216,-98.257908784,False
4622169276517035216,2598,1791359392194244317,-98.237755683,False
4622169276517035216,2599,1791359392214292764,-98.217707236,False
4622169276517035216,2600,1791359392234147905,-98.197852095,False
4622169276517035216,2601,1791359392254117903,-98.177882097,False
4622169276517035216,2602,1791359392274182315,-98.157817685,False
4622169276517035216,2603,1791359392294190155,-98.137809845,False
4622169276517035216,2604,1791359392314212593,-98.117787407,False
4622169276517035216,2605,1791359392334097870,-98.09790213,False
4622169276517035216,2606,1791359392354202922,-98.077797078,False
4622169276517035216,2607,1791359392374114678,-98.057885322,False
4622169276517035216,2608,1791359392394212085,-98.037787915,False
4622169276517035216,2609,1791359392414255836,-98.017744164,False
4622169276517035216,2610,1791359392434348508,-97.997651492,False
4622169276517035216,2611,1791359392454256714,-97.977743286,False
4622169276517035216,2612,1791359392474098015,-97.957901985,False
4622169276517035216,2613,1791359392494062071,-97.937937929,False
4622169276517035216,2614,1791359392514093111,-97.917906889,False
4622169276517035216,2615,1791359392534211466,-97.897788534,False
4622169276517035216,2616,1791359392554228275,-97.877771725,False
4622169276517035216,2617,1791359392574066145,-97.857933855,False
4622169276517035216,2618,1791359392594127894,-97.837872106,False
4622169276517035216,2619,1791359392614169731,-97.817830269,False
4622169276517035216,2620,1791359392634227047,-97.797772953,False
4622169276517035216,2621,1791359392654168050,-97.77783195,False
4622169276517035216,2622,1791359392674279385,-97.757720615,False
4622169276517035216,2623,1791359392694175379,-97.737824621,False
4622169276517035216,2624,1791359392714188194,-97.717811806,False
4622169276517035216,2625,1791359392734041389,-97.697958611,False
4622169276517035216,2626,1791359392753987381,-97.678012619,False
4622169276517035216,2627,1791359392774080601,-97.657919399,False
4622169276517035216,2628,1791359392794214916,-97.637785084,False
4622169276517035216,2629,1791359392814213755,-97.617786245,False
4622169276517035216,2630,1791359392834140651,-97.597859349,False
4622169276517035216,2631,1791359392854168883,-97.577831117,False
4622169276517035216,2632,1791359392874142825,-97.557857175,False
4622169276517035216,2633,1791359392894128422,-97.537871578,False
4622169276517035216,2634,1791359392914136689,-97.517863311,False
4622169276517035216,2635,1791359392934194794,-97.497805206,False
4622169276517035216,2636,1791359392954222034,-97.477777966,False
4622169276517035216,2637,1791359392974193578,-97.457806422,False
4622169276517035216,2638,1791359392994129891,-97.437870109,False
4622169276517035216,2639,1791359393014228270,-97.41777173,False
4622169276517035216,2640,1791359393034092734,-97.397907266,False
4622169276517035216,2641,1791359393054193178,-97.377806822,False
4622169276517035216,2642,1791359393074077286,-97.357922714,False
4622169276517035216,2643,1791359393094097744,-97.337902256,False
4622169276517035216,2644,1791359393114121004,-97.317878996,False
4622169276517035216,2645,1791359393134104358,-97.297895642,False
4622169276517035216,2646,1791359393154273110,-97.27772689,False
4622169276517035216,2647,1791359393174131887,-97.257868113,False
4622169276517035216,2648,1791359393194239526,-97.237760474,False
4622169276517035216,2649,1791359393214156126,-97.217843874,False
4622169276517035216,2650,1791359393234139371,-97.197860629,False
4622169276517035216,2651,1791359393254361616,-97.177638384,False
4622169276517035216,2652,1791359393274355978,-97.157644022,False
4622169276517035216,2653,1791359393294230641,-97.137769359,False
4622169276517035216,2654,1791359393314105542,-97.117894458,False
4622169276517035216,2655,1791359393333998795,-97.098001205,False
4622169276517035216,2656,1791359393353936000,-97.078064,False
4622169276517035216,2657,1791359393374031648,-97.057968352,False
4622169276517035216,2658,1791359393394205445,-97.037794555,False
4622169276517035216,2659,1791359393414065938,-97.017934062,False
4622169276517035216,2660,1791359393434185930,-96.99781407,False
4622169276517035216,2661,1791359393454100374,-96.977899626,False
4622169276517035216,2662,1791359393474163349,-96.957836651,False
4622169276517035216,2663,1791359393494136410,-96.93786359,False
4622169276517035216,2664,1791359393514234551,-96.917765449,False
4622169276517035216,2665,1791359393534151386,-96.897848614,False
4622169276517035216,2666,1791359393554218405,-96.877781595,False
4622169276517035216,2667,1791359393574258136,-96.857741864,False
4622169276517035216,2668,1791359393594289366,-96.837710634,False
4622169276517035216,2669,1791359393614216891,-96.817783109,False
4622169276517035216,2670,1791359393634204062,-96.797795938,False
4622169276517035216,2671,1791359393654208671,-96.777791329,False
4622169276517035216,2672,1791359393674184091,-96.757815909,False
4622169276517035216,2673,1791359393694265231,-96.737734769,False
4622169276517035216,2674,1791359393714224598,-96.717775402,False
4622169276517035216,2675,1791359393734251809,-96.697748191,False
4622169276517035216,2676,1791359393754192772,-96.677807228,False
4622169276517035216,2677,1791359393774321409,-96.657678591,False
4622169276517035216,2678,1791359393794408984,-96.637591016,False
4622169276517035216,2679,1791359393814095792,-96.617904208,False
4622169276517035216,2680,1791359393834141324,-96.597858676,False
4622169276517035216,2681,1791359393854231701,-96.577768299,False
4622169276517035216,2682,1791359393874137209,-96.557862791,False
4622169276517035216,2683,1791359393894136709,-96.537863291,False
4622169276517035216,2684,1791359393914094866,-96.517905134,False
4622169276517035216,2685,1791359393934136977,-96.497863023,False
4622169276517035216,2686,1791359393953915691,-96.478084309,False
4622169276517035216,2687,1791359393974176644,-96.457823356,False
4622169276517035216,2688,1791359393994052293,-96.437947707,False
4622169276517035216,2689,1791359394013978912,-96.418021088,False
4622169276517035216,2690,1791359394033946524,-96.398053476,False
4622169276517035216,2691,1791359394053927197,-96.378072803,False
4622169276517035216,2692,1791359394073964772,-96.358035228,False
4622169276517035216,2693,1791359394094104507,-96.337895493,False
4622169276517035216,2694,1791359394113955023,-96.318044977,False
4622169276517035216,2695,1791359394134101075,-96.297898925,False
4622169276517035216,2696,1791359394154158909,-96.277841091,False
4622169276517035216,2697,1791359394174321232,-96.257678768,False
4622169276517035216,2698,1791359394194159177,-96.237840823,False
4622169276517035216,2699,1791359394214145562,-96.217854438,False
4622169276517035216,2700,1791359394234201418,-96.197798582,False
4622169276517035216,2701,1791359394254184039,-96.177815961,False
4622169276517035216,2702,1791359394274152559,-96.157847441,False
4622169276517035216,2703,1791359394294150817,-96.137849183,False
4622169276517035216,2704,1791359394314284297,-96.117715703,False
4622169276517035216,2705,1791359394334567413,-96.097432587,False
4622169276517035216,2706,1791359394354261465,-96.077738535,False
4622169276517035216,2707,1791359394374114373,-96.057885627,False
4622169276517035216,2708,1791359394394112186,-96.037887814,False
4622169276517035216,2709,1791359394414179281,-96.017820719,False
4622169276517035216,2710,1791359394434191578,-95.997808422,False
4622169276517035216,2711,1791359394454265919,-95.977734081,False
4622169276517035216,2712,1791359394474066677,-95.957933323,False
4622169276517035216,2713,1791359394494071748,-95.937928252,False
4622169276517035216,2714,1791359394514308045,-95.917691955,False
4622169276517035216,2715,1791359394534020407,-95.897979593,False
4622169276517035216,2716,1791359394554393489,-95.877606511,False
4622169276517035216,2717,1791359394574174546,-95.857825454,False
4622169276517035216,2718,1791359394594072912,-95.837927088,False
4622169276517035216,2719,1791359394613969422,-95.818030578,False
4622169276517035216,2720,1791359394634226957,-95.797773043,False
4622169276517035216,2721,1791359394654168610,-95.77783139,False
4622169276517035216,2722,1791359394674172940,-95.75782706,False
4622169276517035216,2723,1791359394694258163,-95.737741837,False
4622169276517035216,2724,1791359394714198318,-95.717801682,False
4622169276517035216,2725,1791359394734221859,-95.697778141,False
4622169276517035216,2726,1791359394754274458,-95.677725542,False
4622169276517035216,2727,1791359394774193733,-95.657806267,False
4622169276517035216,2728,1791359394794164816,-95.637835184,False
4622169276517035216,2729,1791359394814216731,-95.617783269,False
4622169276517035216,2730,1791359394834177653,-95.597822347,False
4622169276517035216,2731,1791359394854352801,-95.577647199,False
4622169276517035216,2732,1791359394874018842,-95.557981158,False
4622169276517035216,2733,1791359394893955575,-95.538044425,False
4622169276517035216,2734,1791359394914031065,-95.517968935,False
4622169276517035216,2735,1791359394934111451,-95.497888549,False
4622169276517035216,2736,1791359394954382025,-95.477617975,False
4622169276517035216,2737,1791359394974159460,-95.45784054,False
4622169276517035216,2738,1791359394994200882,-95.437799118,False
4622169276517035216,2739,1791359395014213892,-95.417786108,False
4622169276517035216,2740,1791359395034201578,-95.397798422,False
4622169276517035216,2741,1791359395054428548,-95.377571452,False
4622169276517035216,2742,1791359395074232944,-95.357767056,False
4622169276517035216,2743,1791359395094176681,-95.337823319,False
4622169276517035216,2744,1791359395114036118,-95.317963882,False
4622169276517035216,2745,1791359395134096088,-95.297903912,False
4622169276517035216,2746,1791359395154078202,-95.277921798,False
4622169276517035216,2747,1791359395174192529,-95.257807471,False
4622169276517035216,2748,1791359395194287293,-95.237712707,False
4622169276517035216,2749,1791359395214169175,-95.217830825,False
4622169276517035216,2750,1791359395234186025,-95.197813975,False
4622169276517035216,2751,1791359395254202180,-95.17779782,False
4622169276517035216,2752,1791359395274176259,-95.157823741,False
4622169276517035216,2753,1791359395294242533,-95.137757467,False
4622169276517035216,2754,1791359395314186061,-95.117813939,False
4622169276517035216,2755,1791359395334101356,-95.097898644,False
4622169276517035216,2756,1791359395354088557,-95.077911443,False
4622169276517035216,2757,1791359395374064569,-95.057935431,False
4622169276517035216,2758,1791359395394173326,-95.037826674,False
4622169276517035216,2759,1791359395414341307,-95.017658693,False
4622169276517035216,2760,1791359395434217745,-94.997782255,False
4622169276517035216,2761,1791359395454154289,-94.977845711,False
4622169276517035216,2762,1791359395474160176,-94.957839824,False
4622169276517035216,2763,1791359395494163173,-94.937836827,False
4622169276517035216,2764,1791359395514199424,-94.917800576,False
4622169276517035216,2765,1791359395534238600,-94.8977614,False
4622169276517035216,2766,1791359395554284359,-94.877715641,False
4622169276517035216,2767,1791359395574132236,-94.857867764,False
4622169276517035216,2768,1791359395594152823,-94.837847177,False
4622169276517035216,2769,1791359395614113324,-94.817886676,False
4622169276517035216,2770,1791359395634209942,-94.797790058,False
4622169276517035216,2771,1791359395654222654,-94.777777346,False
4622169276517035216,2772,1791359395674273771,-94.757726229,False
4622169276517035216,2773,1791359395694221963,-94.737778037,False
4622169276517035216,2774,1791359395714260605,-94.717739395,False
4622169276517035216,2775,1791359395734162257,-94.697837743,False
4622169276517035216,2776,1791359395754226962,-94.677773038,False
4622169276517035216,2777,1791359395774232010,-94.65776799,False
4622169276517035216,2778,1791359395794203348,-94.637796652,False
4622169276517035216,2779,1791359395814144823,-94.617855177,False
4622169276517035216,2780,1791359395834222350,-94.59777765,False
4622169276517035216,2781,1791359395854238348,-94.577761652,False
4622169276517035216,2782,1791359395874158163,-94.557841837,False
4622169276517035216,2783,1791359395894260121,-94.537739879,False
4622169276517035216,2784,1791359395914247333,-94.517752667,False
4622169276517035216,2785,1791359395934002459,-94.497997541,False
4622169276517035216,2786,1791359395954324150,-94.47767585,False
4622169276517035216,2787,1791359395973967951,-94.458032049,False
4622169276517035216,2788,1791359395994015317,-94.437984683,False
4622169276517035216,2789,1791359396014076217,-94.417923783,False
4622169276517035216,2790,1791359396034221296,-94.397778704,False
4622169276517035216,2791,1791359396054273354,-94.377726646,False
4622169276517035216,2792,1791359396074158556,-94.357841444,False
4622169276517035216,2793,1791359396094146848,-94.337853152,False
4622169276517035216,2794,1791359396114200714,-94.317799286,False
4622169276517035216,2795,1791359396134222563,-94.297777437,False
4622169276517035216,2796,1791359396154178452,-94.277821548,False
4622169276517035216,2797,1791359396174252469,-94.257747531,False
4622169276517035216,2798,1791359396194331945,-94.237668055,False
4622169276517035216,2799,1791359396214177919,-94.217822081,False
4622169276517035216,2800,1791359396234463400,-94.1975366,False
4622169276517035216,2801,1791359396254254234,-94.177745766,False
4622169276517035216,2802,1791359396274114777,-94.157885223,False
4622169276517035216,2803,1791359396294251163,-94.137748837,False
4622169276517035216,2804,1791359396314276175,-94.117723825,False
4622169276517035216,2805,1791359396334425123,-94.097574877,False
4622169276517035216,2806,1791359396354394259,-94.077605741,False
4622169276517035216,2807,1791359396374347345,-94.057652655,False
4622169276517035216,2808,1791359396394392566,-94.037607434,False
4622169276517035216,2809,1791359396414187754,-94.017812246,False
4622169276517035216,2810,1791359396434390398,-93.997609602,False
4622169276517035216,2811,1791359396454261100,-93.9777389,False
4622169276517035216,2812,1791359396474130017,-93.957869983,False
4622169276517035216,2813,1791359396494188844,-93.937811156,False
4622169276517035216,2814,1791359396514347877,-93.917652123,False
4622169276517035216,2815,1791359396534255791,-93.897744209,False
4622169276517035216,2816,1791359396554276827,-93.877723173,False
4622169276517035216,2817,1791359396574245219,-93.857754781,False
4622169276517035216,2818,1791359396594325648,-93.837674352,False
4622169276517035216,2819,1791359396614325231,-93.817674769,False
4622169276517035216,2820,1791359396634430218,-93.797569782,False
4622169276517035216,2821,1791359396654290673,-93.777709327,False
4622169276517035216,2822,1791359396674240842,-93.757759158,False
4622169276517035216,2823,1791359396694295697,-93.737704303,False
4622169276517035216,2824,1791359396714146887,-93.717853113,False
4622169276517035216,2825,1791359396734226188,-93.697773812,False
4622169276517035216,2826,1791359396754189176,-93.677810824,False
4622169276517035216,2827,1791359396774287256,-93.657712744,False
4622169276517035216,2828,1791359396794210596,-93.637789404,False
4622169276517035216,2829,1791359396814214100,-93.6177859,False
4622169276517035216,2830,1791359396834265584,-93.597734416,False
4622169276517035216,2831,1791359396854272636,-93.577727364,False
4622169276517035216,2832,1791359396874287086,-93.557712914,False
4622169276517035216,2833,1791359396894101317,-93.537898683,False
4622169276517035216,2834,1791359396914197157,-93.517802843,False
4622169276517035216,2835,1791359396934077979,-93.497922021,False
4622169276517035216,2836,1791359396954235673,-93.477764327,False
4622169276517035216,2837,1791359396974129925,-93.457870075,False
4622169276517035216,2838,1791359396994042754,-93.437957246,False
4622169276517035216,2839,1791359397014080656,-93.417919344,False
4622169276517035216,2840,1791359397034103391,-93.397896609,False
4622169276517035216,2841,1791359397054306471,-93.377693529,False
4622169276517035216,2842,1791359397074234434,-93.357765566,False
4622169276517035216,2843,1791359397094377911,-93.337622089,False
4622169276517035216,2844,1791359397114123686,-93.317876314,False
4622169276517035216,2845,1791359397134302860,-93.29769714,False
4622169276517035216,2846,1791359397154311347,-93.277688653,False
4622169276517035216,2847,1791359397174317464,-93.257682536,False
4622169276517035216,2848,1791359397194357156,-93.237642844,False
4622169276517035216,2849,1791359397214116638,-93.217883362,False
4622169276517035216,2850,1791359397234240361,-93.197759639,False
4622169276517035216,2851,1791359397254370541,-93.177629459,False
4622169276517035216,2852,1791359397274226652,-93.157773348,False
4622169276517035216,2853,1791359397294193056,-93.137806944,False
4622169276517035216,2854,1791359397314169514,-93.117830486,False
4622169276517035216,2855,1791359397334207120,-93.09779288,False
4622169276517035216,2856,1791359397354361997,-93.077638003,False
4622169276517035216,2857,1791359397374215943,-93.057784057,False
4622169276517035216,2858,1791359397394242400,-93.0377576,False
4622169276517035216,2859,1791359397414154801,-93.017845199,False
4622169276517035216,2860,1791359397434219676,-92.997780324,False
4622169276517035216,2861,1791359397454377642,-92.977622358,False
4622169276517035216,2862,1791359397474250075,-92.957749925,False
4622169276517035216,2863,1791359397494337378,-92.937662622,False
4622169276517035216,2864,1791359397514293219,-92.917706781,False
4622169276517035216,2865,1791359397534305153,-92.897694847,False
4622169276517035216,2866,1791359397554089948,-92.877910052,False
4622169276517035216,2867,1791359397574053367,-92.857946633,False
4622169276517035216,2868,1791359397594190870,-92.83780913,False
4622169276517035216,2869,1791359397614185363,-92.817814637,False
4622169276517035216,2870,1791359397634319509,-92.797680491,False
4622169276517035216,2871,1791359397654223907,-92.777776093,False
4622169276517035216,2872,1791359397674208536,-92.757791464,False
4622169276517035216,2873,1791359397694441216,-92.737558784,False
4622169276517035216,2874,1791359397714364989,-92.717635011,False
4622169276517035216,2875,1791359397734148065,-92.697851935,False
4622169276517035216,2876,1791359397754087129,-92.677912871,False
4622169276517035216,2877,1791359397774156913,-92.657843087,False
4622169276517035216,2878,1791359397794337785,-92.637662215,False
4622169276517035216,2879,1791359397814280316,-92.617719684,False
4622169276517035216,2880,1791359397834204515,-92.597795485,False
4622169276517035216,2881,1791359397854242121,-92.577757879,False
4622169276517035216,2882,1791359397874109759,-92.557890241,False
4622169276517035216,2883,1791359397894295885,-92.537704115,False
4622169276517035216,2884,1791359397914253083,-92.517746917,False
4622169276517035216,2885,1791359397934302029,-92.497697971,False
4622169276517035216,2886,1791359397954294396,-92.477705604,False
4622169276517035216,2887,1791359397974208719,-92.457791281,False
4622169276517035216,2888,1791359397994059118,-92.437940882,False
4622169276517035216,2889,1791359398014019827,-92.417980173,False
4622169276517035216,2890,1791359398034291061,-92.397708939,False
4622169276517035216,2891,1791359398054311227,-92.377688773,False
4622169276517035216,2892,1791359398074169685,-92.357830315,False
4622169276517035216,2893,1791359398094189311,-92.337810689,False
4622169276517035216,2894,1791359398114096538,-92.317903462,False
4622169276517035216,2895,1791359398134228849,-92.297771151,False
4622169276517035216,2896,1791359398154231371,-92.277768629,False
4622169276517035216,2897,1791359398174290163,-92.257709837,False
4622169276517035216,2898,1791359398194421254,-92.237578746,False
4622169276517035216,2899,1791359398214328475,-92.217671525,False
4622169276517035216,2900,1791359398234250620,-92.19774938,False
4622169276517035216,2901,1791359398254191187,-92.177808813,False
4622169276517035216,2902,1791359398274156929,-92.157843071,False
4622169276517035216,2903,1791359398294217739,-92.137782261,False
4622169276517035216,2904,1791359398314401054,-92.117598946,False
4622169276517035216,2905,1791359398334389413,-92.097610587,False
4622169276517035216,2906,1791359398354406430,-92.07759357,False
4622169276517035216,2907,1791359398374281400,-92.0577186,False
4622169276517035216,2908,1791359398394426923,-92.037573077,False
4622169276517035216,2909,1791359398414148528,-92.017851472,False
4622169276517035216,2910,1791359398434268263,-91.997731737,False
4622169276517035216,2911,1791359398454226814,-91.977773186,False
4622169276517035216,2912,1791359398474296610,-91.95770339,False
4622169276517035216,2913,1791359398494233373,-91.937766627,False
4622169276517035216,2914,1791359398514323615,-91.917676385,False
4622169276517035216,2915,1791359398534343503,-91.897656497,False
4622169276517035216,2916,1791359398554419186,-91.877580814,False
4622169276517035216,2917,1791359398574162657,-91.857837343,False
4622169276517035216,2918,1791359398594125318,-91.837874682,False
4622169276517035216,2919,1791359398614066927,-91.817933073,False
4622169276517035216,2920,1791359398634154449,-91.797845551,False
4622169276517035216,2921,1791359398654342576,-91.777657424,False
4622169276517035216,2922,1791359398674287542,-91.757712458,False
4622169276517035216,2923,1791359398694429569,-91.737570431,False
4622169276517035216,2924,1791359398714285201,-91.717714799,False
4622169276517035216,2925,1791359398734364262,-91.697635738,False
4622169276517035216,2926,1791359398754372162,-91.677627838,False
4622169276517035216,2927,1791359398774283958,-91.657716042,False
4622169276517035216,2928,1791359398794457888,-91.637542112,False
4622169276517035216,2929,1791359398814134356,-91.617865644,False
4622169276517035216,2930,1791359398834198714,-91.597801286,False
4622169276517035216,2931,1791359398854262412,-91.577737588,False
4622169276517035216,2932,1791359398874309533,-91.557690467,False
4622169276517035216,2933,1791359398894193642,-91.537806358,False
4622169276517035216,2934,1791359398914180930,-91.51781907,False
4622169276517035216,2935,1791359398934380352,-91.497619648,False
4622169276517035216,2936,1791359398954305361,-91.477694639,False
4622169276517035216,2937,1791359398974322797,-91.457677203,False
4622169276517035216,2938,1791359398994314535,-91.437685465,False
4622169276517035216,2939,1791359399014332888,-91.417667112,False
4622169276517035216,2940,1791359399034368738,-91.397631262,False
4622169276517035216,2941,1791359399054106994,-91.377893006,False
4622169276517035216,2942,1791359399074306156,-91.357693844,False
4622169276517035216,2943,1791359399094258357,-91.337741643,False
4622169276517035216,2944,1791359399114116360,-91.31788364,False
4622169276517035216,2945,1791359399134140949,-91.297859051,False
4622169276517035216,2946,1791359399154192677,-91.277807323,False
4622169276517035216,2947,1791359399174266753,-91.257733247,False
4622169276517035216,2948,1791359399194429425,-91.237570575,False
4622169276517035216,2949,1791359399214403314,-91.217596686,False
4622169276517035216,2950,1791359399234403567,-91.197596433,False
4622169276517035216,2951,1791359399254201186,-91.177798814,False
4622169276517035216,2952,1791359399274356979,-91.157643021,False
4622169276517035216,2953,1791359399294367449,-91.137632551,False
4622169276517035216,2954,1791359399314323146,-91.117676854,False
4622169276517035216,2955,1791359399334320357,-91.097679643,False
4622169276517035216,2956,1791359399354376655,-91.077623345,False
4622169276517035216,2957,1791359399374319645,-91.057680355,False
4622169276517035216,2958,1791359399394384035,-91.037615965,False
4622169276517035216,2959,1791359399414230785,-91.017769215,False
4622169276517035216,2960,1791359399434401131,-90.997598869,False
4622169276517035216,2961,1791359399454332522,-90.977667478,False
4622169276517035216,2962,1791359399474290729,-90.957709271,False
4622169276517035216,2963,1791359399494301137,-90.937698863,False
4622169276517035216,2964,1791359399514278015,-90.917721985,False
4622169276517035216,2965,1791359399534476674,-90.897523326,False
4622169276517035216,2966,1791359399554343461,-90.877656539,False
4622169276517035216,2967,1791359399574281015,-90.857718985,False
4622169276517035216,2968,1791359399594413478,-90.837586522,False
4622169276517035216,2969,1791359399614280337,-90.817719663,False
4622169276517035216,2970,1791359399634332367,-90.797667633,False
4622169276517035216,2971,1791359399654155662,-90.777844338,False
4622169276517035216,2972,1791359399674211764,-90.757788236,False
4622169276517035216,2973,1791359399694377458,-90.737622542,False
4622169276517035216,2974,1791359399714280428,-90.717719572,False
4622169276517035216,2975,1791359399734391770,-90.69760823,False
4622169276517035216,2976,1791359399754328482,-90.677671518,False
4622169276517035216,2977,1791359399774319252,-90.657680748,False
4622169276517035216,2978,1791359399794491824,-90.637508176,False
4622169276517035216,2979,1791359399814218762,-90.617781238,False
4622169276517035216,2980,1791359399834334936,-90.597665064,False
4622169276517035216,2981,1791359399854243721,-90.577756279,False
4622169276517035216,2982,1791359399874362392,-90.557637608,False
4622169276517035216,2983,1791359399894208936,-90.537791064,False
4622169276517035216,2984,1791359399914075462,-90.517924538,False
4622169276517035216,2985,1791359399934121111,-90.497878889,False
4622169276517035216,2986,1791359399954155942,-90.477844058,False
4622169276517035216,2987,1791359399974036149,-90.457963851,False
4622169276517035216,2988,1791359399993989755,-90.438010245,False
4622169276517035216,2989,1791359400014110552,-90.417889448,False
4622169276517035216,2990,1791359400034095223,-90.397904777,False
4622169276517035216,2991,1791359400053988864,-90.378011136,False
4622169276517035216,2992,1791359400074218995,-90.357781005,False
4622169276517035216,2993,1791359400094260064,-90.337739936,False
4622169276517035216,2994,1791359400114288934,-90.317711066,False
4622169276517035216,2995,1791359400134216947,-90.297783053,False
4622169276517035216,2996,1791359400154130013,-90.277869987,False
4622169276517035216,2997,1791359400174206974,-90.257793026,False
4622169276517035216,2998,1791359400194256351,-90.237743649,False
4622169276517035216,2999,1791359400214196720,-90.21780328,False
4622169276517035216,3000,1791359400234273062,-90.197726938,False
4622169276517035216,3001,1791359400254095599,-90.177904401,False
4622169276517035216,3002,1791359400274103126,-90.157896874,False
4622169276517035216,3003,1791359400294240022,-90.137759978,False
4622169276517035216,3004,1791359400314280654,-90.117719346,False
4622169276517035216,3005,1791359400334131772,-90.097868228,False
4622169276517035216,3006,1791359400354088157,-90.077911843,False
4622169276517035216,3007,1791359400374138502,-90.057861498,False
4622169276517035216,3008,1791359400394234446,-90.037765554,False
4622169276517035216,3009,1791359400414136669,-90.017863331,False
4622169276517035216,3010,1791359400434173128,-89.997826872,False
4622169276517035216,3011,1791359400454077122,-89.977922878,False
4622169276517035216,3012,1791359400474162879,-89.957837121,False
4622169276517035216,3013,1791359400494298650,-89.93770135,False
4622169276517035216,3014,1791359400514150478,-89.917849522,False
4622169276517035216,3015,1791359400534168068,-89.897831932,False
4622169276517035216,3016,1791359400554421859,-89.877578141,False
4622169276517035216,3017,1791359400574161431,-89.857838569,False
4622169276517035216,3018,1791359400594173102,-89.837826898,False
4622169276517035216,3019,1791359400614226050,-89.81777395,False
4622169276517035216,3020,1791359400634149257,-89.797850743,False
4622169276517035216,3021,1791359400654148230,-89.77785177,False
4622169276517035216,3022,1791359400674162354,-89.757837646,False
4622169276517035216,3023,1791359400694163722,-89.737836278,False
4622169276517035216,3024,1791359400714093336,-89.717906664,False
4622169276517035216,3025,1791359400734002622,-89.697997378,False
4622169276517035216,3026,1791359400754000388,-89.677999612,False
4622169276517035216,3027,1791359400774144323,-89.657855677,False
4622169276517035216,3028,1791359400794101341,-89.637898659,False
4622169276517035216,3029,1791359400814097577,-89.617902423,False
4622169276517035216,3030,1791359400834154321,-89.597845679,False
4622169276517035216,3031,1791359400854185514,-89.577814486,False
4622169276517035216,3032,1791359400874205233,-89.557794767,False
4622169276517035216,3033,1791359400894238421,-89.537761579,False
4622169276517035216,3034,1791359400914319022,-89.517680978,False
4622169276517035216,3035,1791359400934053604,-89.497946396,False
4622169276517035216,3036,1791359400954234814,-89.477765186,False
4622169276517035216,3037,1791359400974309913,-89.457690087,False
4622169276517035216,3038,1791359400994142950,-89.43785705,False
4622169276517035216,3039,1791359401014224853,-89.417775147,False
4622169276517035216,3040,1791359401034089745,-89.397910255,False
4622169276517035216,3041,1791359401054214134,-89.377785866,False
4622169276517035216,3042,1791359401074173990,-89.35782601,False
4622169276517035216,3043,1791359401094195216,-89.337804784,False
4622169276517035216,3044,1791359401114062618,-89.317937382,False
4622169276517035216,3045,1791359401134031677,-89.297968323,False
4622169276517035216,3046,1791359401154070478,-89.277929522,False
4622169276517035216,3047,1791359401174175751,-89.257824249,False
4622169276517035216,3048,1791359401194140810,-89.23785919,False
4622169276517035216,3049,1791359401214208581,-89.217791419,False
4622169276517035216,3050,1791359401234159040,-89.19784096,False
4622169276517035216,3051,1791359401254100357,-89.177899643,False
4622169276517035216,3052,1791359401274153524,-89.157846476,False
4622169276517035216,3053,1791359401294191426,-89.137808574,False
4622169276517035216,3054,1791359401314246940,-89.11775306,False
4622169276517035216,3055,1791359401334265074,-89.097734926,False
4622169276517035216,3056,1791359401354305392,-89.077694608,False
4622169276517035216,3057,1791359401374168072,-89.057831928,False
4622169276517035216,3058,1791359401394177170,-89.03782283,False
4622169276517035216,3059,1791359401414106768,-89.017893232,False
4622169276517035216,3060,1791359401434099265,-88.997900735,False
4622169276517035216,3061,1791359401454026551,-88.977973449,False
4622169276517035216,3062,1791359401474129752,-88.957870248,False
4622169276517035216,3063,1791359401494008926,-88.937991074,False
4622169276517035216,3064,1791359401514185320,-88.91781468,False
4622169276517035216,3065,1791359401534038269,-88.897961731,False
4622169276517035216,3066,1791359401554188177,-88.877811823,False
4622169276517035216,3067,1791359401574138956,-88.857861044,False
4622169276517035216,3068,1791359401594215017,-88.837784983,False
4622169276517035216,3069,1791359401614177700,-88.8178223,False
4622169276517035216,3070,1791359401634172673,-88.797827327,False
4622169276517035216,3071,1791359401654151332,-88.777848668,False
4622169276517035216,3072,1791359401674201061,-88.757798939,False
4622169276517035216,3073,1791359401694156200,-88.7378438,False
4622169276517035216,3074,1791359401714173851,-88.717826149,False
4622169276517035216,3075,1791359401734219517,-88.697780483,False
4622169276517035216,3076,1791359401754224178,-88.677775822,False
4622169276517035216,3077,1791359401773921899,-88.658078101,False
4622169276517035216,3078,1791359401793951991,-88.638048009,False
4622169276517035216,3079,1791359401813926337,-88.618073663,False
4622169276517035216,3080,1791359401834143069,-88.597856931,False
4622169276517035216,3081,1791359401854065496,-88.577934504,False
4622169276517035216,3082,1791359401874117527,-88.557882473,False
4622169276517035216,3083,1791359401894113005,-88.537886995,False
4622169276517035216,3084,1791359401914267495,-88.517732505,False
4622169276517035216,3085,1791359401934212617,-88.497787383,False
4622169276517035216,3086,1791359401954171636,-88.477828364,False
4622169276517035216,3087,1791359401974148894,-88.457851106,False
4622169276517035216,3088,1791359401994136181,-88.437863819,False
4622169276517035216,3089,1791359402014271384,-88.417728616,False
4622169276517035216,3090,1791359402034167177,-88.397832823,False
4622169276517035216,3091,1791359402054059727,-88.377940273,False
4622169276517035216,3092,1791359402073995167,-88.358004833,False
4622169276517035216,3093,1791359402094067696,-88.337932304,False
4622169276517035216,3094,1791359402113979139,-88.318020861,False
4622169276517035216,3095,1791359402133989183,-88.298010817,False
4622169276517035216,3096,1791359402154099207,-88.277900793,False
4622169276517035216,3097,1791359402174118074,-88.257881926,False
4622169276517035216,3098,1791359402194211909,-88.237788091,False
4622169276517035216,3099,1791359402214334232,-88.217665768,False
4622169276517035216,3100,1791359402234177472,-88.197822528,False
4622169276517035216,3101,1791359402254241704,-88.177758296,False
4622169276517035216,3102,1791359402274288465,-88.157711535,False
4622169276517035216,3103,1791359402294066160,-88.13793384,False
4622169276517035216,3104,1791359402314011785,-88.117988215,False
4622169276517035216,3105,1791359402334105456,-88.097894544,False
4622169276517035216,3106,1791359402354036446,-88.077963554,False
4622169276517035216,3107,1791359402374015558,-88.057984442,False
4622169276517035216,3108,1791359402394134263,-88.037865737,False
4622169276517035216,3109,1791359402414090257,-88.017909743,False
4622169276517035216,3110,1791359402434266117,-87.997733883,False
4622169276517035216,3111,1791359402454180112,-87.977819888,False
4622169276517035216,3112,1791359402474142602,-87.957857398,False
4622169276517035216,3113,1791359402494041520,-87.93795848,False
4622169276517035216,3114,1791359402514162412,-87.917837588,False
4622169276517035216,3115,1791359402534162398,-87.897837602,False
4622169276517035216,3116,1791359402554193850,-87.87780615,False
4622169276517035216,3117,1791359402574380324,-87.857619676,False
4622169276517035216,3118,1791359402594230704,-87.837769296,False
4622169276517035216,3119,1791359402613949991,-87.818050009,False
4622169276517035216,3120,1791359402634036105,-87.797963895,False
4622169276517035216,3121,1791359402654161774,-87.777838226,False
4622169276517035216,3122,1791359402674313827,-87.757686173,False
4622169276517035216,3123,1791359402693998325,-87.738001675,False
4622169276517035216,3124,1791359402714095597,-87.717904403,False
4622169276517035216,3125,1791359402734205833,-87.697794167,False
4622169276517035216,3126,1791359402754284906,-87.677715094,False
4622169276517035216,3127,1791359402774274835,-87.657725165,False
4622169276517035216,3128,1791359402794204282,-87.637795718,False
4622169276517035216,3129,1791359402814034879,-87.617965121,False
4622169276517035216,3130,1791359402834000277,-87.597999723,False
4622169276517035216,3131,1791359402854120265,-87.577879735,False
4622169276517035216,3132,1791359402874033023,-87.557966977,False
4622169276517035216,3133,1791359402894107446,-87.537892554,False
4622169276517035216,3134,1791359402914186650,-87.51781335,False
4622169276517035216,3135,1791359402934077809,-87.497922191,False
4622169276517035216,3136,1791359402954324696,-87.477675304,False
4622169276517035216,3137,1791359402974224349,-87.457775651,False
4622169276517035216,3138,1791359402994112365,-87.437887635,False
4622169276517035216,3139,1791359403014109703,-87.417890297,False
4622169276517035216,3140,1791359403034116271,-87.397883729,False
4622169276517035216,3141,1791359403054111499,-87.377888501,False
4622169276517035216,3142,1791359403074256275,-87.357743725,False
4622169276517035216,3143,1791359403094121882,-87.337878118,False
4622169276517035216,3144,1791359403114238302,-87.317761698,False
4622169276517035216,3145,1791359403134148757,-87.297851243,False
4622169276517035216,3146,1791359403154346272,-87.277653728,False
4622169276517035216,3147,1791359403174227203,-87.257772797,False
4622169276517035216,3148,1791359403194168590,-87.23783141,False
4622169276517035216,3149,1791359403214286464,-87.217713536,False
4622169276517035216,3150,1791359403234178914,-87.197821086,False
4622169276517035216,3151,1791359403254224598,-87.177775402,False
4622169276517035216,3152,1791359403274241995,-87.157758005,False
4622169276517035216,3153,1791359403294251481,-87.137748519,False
4622169276517035216,3154,1791359403314202875,-87.117797125,False
4622169276517035216,3155,1791359403334301230,-87.09769877,False
4622169276517035216,3156,1791359403354100646,-87.077899354,False
4622169276517035216,3157,1791359403374061494,-87.057938506,False
4622169276517035216,3158,1791359403394114592,-87.037885408,False
4622169276517035216,3159,1791359403414093518,-87.017906482,False
4622169276517035216,3160,1791359403434201282,-86.997798718,False
4622169276517035216,3161,1791359403454148973,-86.977851027,False
4622169276517035216,3162,1791359403474173213,-86.957826787,False
4622169276517035216,3163,1791359403494068255,-86.937931745,False
4622169276517035216,3164,1791359403514156712,-86.917843288,False
4622169276517035216,3165,1791359403534215309,-86.897784691,False
4622169276517035216,3166,1791359403554130712,-86.877869288,False
4622169276517035216,3167,1791359403574094420,-86.85790558,False
4622169276517035216,3168,1791359403594126864,-86.837873136,False
4622169276517035216,3169,1791359403614045021,-86.817954979,False
4622169276517035216,3170,1791359403634021536,-86.797978464,False
4622169276517035216,3171,1791359403654049974,-86.777950026,False
4622169276517035216,3172,1791359403674042121,-86.757957879,False
4622169276517035216,3173,1791359403694243900,-86.7377561,False
4622169276517035216,3174,1791359403714278572,-86.717721428,False
4622169276517035216,3175,1791359403734105256,-86.697894744,False
4622169276517035216,3176,1791359403754241053,-86.677758947,False
4622169276517035216,3177,1791359403774112671,-86.657887329,False
4622169276517035216,3178,1791359403794214165,-86.637785835,False
4622169276517035216,3179,1791359403814319092,-86.617680908,False
4622169276517035216,3180,1791359403834219149,-86.597780851,False
4622169276517035216,3181,1791359403854138291,-86.577861709,False
4622169276517035216,3182,1791359403874269382,-86.557730618,False
4622169276517035216,3183,1791359403894190297,-86.537809703,False
4622169276517035216,3184,1791359403914173202,-86.517826798,False
4622169276517035216,3185,1791359403934247205,-86.497752795,False
4622169276517035216,3186,1791359403954235618,-86.477764382,False
4622169276517035216,3187,1791359403974281194,-86.457718806,False
4622169276517035216,3188,1791359403994246752,-86.437753248,False
4622169276517035216,3189,1791359404014270430,-86.41772957,False
4622169276517035216,3190,1791359404034323805,-86.397676195,False
4622169276517035216,3191,1791359404054245077,-86.377754923,False
4622169276517035216,3192,1791359404074172866,-86.357827134,False
4622169276517035216,3193,1791359404094040181,-86.337959819,False
4622169276517035216,3194,1791359404114030670,-86.31796933,False
4622169276517035216,3195,1791359404134026696,-86.297973304,False
4622169276517035216,3196,1791359404154074631,-86.277925369,False
4622169276517035216,3197,1791359404174089763,-86.257910237,False
4622169276517035216,3198,1791359404194059411,-86.237940589,False
4622169276517035216,3199,1791359404214116030,-86.21788397,False
4622169276517035216,3200,1791359404234127622,-86.197872378,False
4622169276517035216,3201,1791359404254081376,-86.177918624,False
4622169276517035216,3202,1791359404274112372,-86.157887628,False
4622169276517035216,3203,1791359404294123056,-86.137876944,False
4622169276517035216,3204,1791359404314106670,-86.11789333,False
4622169276517035216,3205,1791359404334071594,-86.097928406,False
4622169276517035216,3206,1791359404354229276,-86.077770724,False
4622169276517035216,3207,1791359404374036025,-86.057963975,False
4622169276517035216,3208,1791359404394047123,-86.037952877,False
4622169276517035216,3209,1791359404414074084,-86.017925916,False
4622169276517035216,3210,1791359404434030712,-85.997969288,False
4622169276517035216,3211,1791359404454054994,-85.977945006,False
4622169276517035216,3212,1791359404474246679,-85.957753321,False
4622169276517035216,3213,1791359404494193948,-85.937806052,False
4622169276517035216,3214,1791359404514298505,-85.917701495,False
4622169276517035216,3215,1791359404534337802,-85.897662198,False
4622169276517035216,3216,1791359404554238366,-85.877761634,False
4622169276517035216,3217,1791359404574214620,-85.85778538,False
4622169276517035216,3218,1791359404594208355,-85.837791645,False
4622169276517035216,3219,1791359404614254041,-85.817745959,False
4622169276517035216,3220,1791359404634281841,-85.797718159,False
4622169276517035216,3221,1791359404654204735,-85.777795265,False
4622169276517035216,3222,1791359404674288436,-85.757711564,False
4622169276517035216,3223,1791359404694434004,-85.737565996,False
4622169276517035216,3224,1791359404714334235,-85.717665765,False
4622169276517035216,3225,1791359404734232690,-85.69776731,False
4622169276517035216,3226,1791359404754200611,-85.677799389,False
4622169276517035216,3227,1791359404774123443,-85.657876557,False
4622169276517035216,3228,1791359404794130607,-85.637869393,False
4622169276517035216,3229,1791359404814138029,-85.617861971,False
4622169276517035216,3230,1791359404834282984,-85.597717016,False
4622169276517035216,3231,1791359404854233586,-85.577766414,False
4622169276517035216,3232,1791359404874202775,-85.557797225,False
4622169276517035216,3233,1791359404894232512,-85.537767488,False
4622169276517035216,3234,1791359404914208510,-85.51779149,False
4622169276517035216,3235,1791359404934184292,-85.497815708,False
4622169276517035216,3236,1791359404954169035,-85.477830965,False
4622169276517035216,3237,1791359404974105510,-85.45789449,False
4622169276517035216,3238,1791359404994141636,-85.437858364,False
4622169276517035216,3239,1791359405014295808,-85.417704192,False
4622169276517035216,3240,1791359405034244475,-85.397755525,False
4622169276517035216,3241,1791359405054266594,-85.377733406,False
4622169276517035216,3242,1791359405074265264,-85.357734736,False
4622169276517035216,3243,1791359405094371973,-85.337628027,False
4622169276517035216,3244,1791359405114163864,-85.317836136,False
4622169276517035216,3245,1791359405134200914,-85.297799086,False
4622169276517035216,3246,1791359405154190631,-85.277809369,False
4622169276517035216,3247,1791359405174296756,-85.257703244,False
4622169276517035216,3248,1791359405194341254,-85.237658746,False
4622169276517035216,3249,1791359405214268080,-85.21773192,False
4622169276517035216,3250,1791359405234328545,-85.197671455,False
4622169276517035216,3251,1791359405254238745,-85.177761255,False
4622169276517035216,3252,1791359405274332895,-85.157667105,False
4622169276517035216,3253,1791359405294174492,-85.137825508,False
4622169276517035216,3254,1791359405314186253,-85.117813747,False
4622169276517035216,3255,1791359405334056917,-85.097943083,False
4622169276517035216,3256,1791359405354215095,-85.077784905,False
4622169276517035216,3257,1791359405374238349,-85.057761651,False
4622169276517035216,3258,1791359405394224139,-85.037775861,False
4622169276517035216,3259,1791359405414270113,-85.017729887,False
4622169276517035216,3260,1791359405434200448,-84.997799552,False
4622169276517035216,3261,1791359405454217147,-84.977782853,False
4622169276517035216,3262,1791359405474266887,-84.957733113,False
4622169276517035216,3263,1791359405494212817,-84.937787183,False
4622169276517035216,3264,1791359405514276429,-84.917723571,False
4622169276517035216,3265,1791359405534328664,-84.897671336,False
4622169276517035216,3266,1791359405554278840,-84.87772116,False
4622169276517035216,3267,1791359405574233448,-84.857766552,False
4622169276517035216,3268,1791359405594206364,-84.837793636,False
4622169276517035216,3269,1791359405614257052,-84.817742948,False
4622169276517035216,3270,1791359405634099679,-84.797900321,False
4622169276517035216,3271,1791359405654321412,-84.777678588,False
4622169276517035216,3272,1791359405674202183,-84.757797817,False
4622169276517035216,3273,1791359405694278439,-84.737721561,False
4622169276517035216,3274,1791359405714225722,-84.717774278,False
4622169276517035216,3275,1791359405734268681,-84.697731319,False
4622169276517035216,3276,1791359405754228868,-84.677771132,False
4622169276517035216,3277,1791359405774517131,-84.657482869,False
4622169276517035216,3278,1791359405794285149,-84.637714851,False
4622169276517035216,3279,1791359405814353096,-84.617646904,False
4622169276517035216,3280,1791359405834291912,-84.597708088,False
4622169276517035216,3281,1791359405854283834,-84.577716166,False
4622169276517035216,3282,1791359405874298583,-84.557701417,False
4622169276517035216,3283,1791359405894326367,-84.537673633,False
4622169276517035216,3284,1791359405914253856,-84.517746144,False
4622169276517035216,3285,1791359405934411034,-84.497588966,False
4622169276517035216,3286,1791359405954435426,-84.477564574,False
4622169276517035216,3287,1791359405974272120,-84.45772788,False
4622169276517035216,3288,1791359405994225549,-84.437774451,False
4622169276517035216,3289,1791359406014339226,-84.417660774,False
4622169276517035216,3290,1791359406034185887,-84.397814113,False
4622169276517035216,3291,1791359406054181572,-84.377818428,False
4622169276517035216,3292,1791359406074278364,-84.357721636,False
4622169276517035216,3293,1791359406094376648,-84.337623352,False
4622169276517035216,3294,1791359406114235831,-84.317764169,False
4622169276517035216,3295,1791359406134139894,-84.297860106,False
4622169276517035216,3296,1791359406154199342,-84.277800658,False
4622169276517035216,3297,1791359406174268032,-84.257731968,False
4622169276517035216,3298,1791359406194299995,-84.237700005,False
4622169276517035216,3299,1791359406214389573,-84.217610427,False
4622169276517035216,3300,1791359406234495681,-84.197504319,False
4622169276517035216,3301,1791359406254262176,-84.177737824,False
4622169276517035216,3302,1791359406274274841,-84.157725159,False
4622169276517035216,3303,1791359406294292626,-84.137707374,False
4622169276517035216,3304,1791359406314355027,-84.117644973,False
4622169276517035216,3305,1791359406334258856,-84.097741144,False
4622169276517035216,3306,1791359406354226336,-84.077773664,False
4622169276517035216,3307,1791359406374221204,-84.057778796,False
4622169276517035216,3308,1791359406394478951,-84.037521049,False
4622169276517035216,3309,1791359406414230694,-84.017769306,False
4622169276517035216,3310,1791359406434343364,-83.997656636,False
4622169276517035216,3311,1791359406454390015,-83.977609985,False
4622169276517035216,3312,1791359406474253921,-83.957746079,False
4622169276517035216,3313,1791359406494258874,-83.937741126,False
4622169276517035216,3314,1791359406514250600,-83.9177494,False
4622169276517035216,3315,1791359406534304344,-83.897695656,False
4622169276517035216,3316,1791359406554150855,-83.877849145,False
4622169276517035216,3317,1791359406574185061,-83.857814939,False
4622169276517035216,3318,1791359406594184524,-83.837815476,False
4622169276517035216,3319,1791359406614103913,-83.817896087,False
4622169276517035216,3320,1791359406634423052,-83.797576948,False
4622169276517035216,3321,1791359406654348662,-83.777651338,False
4622169276517035216,3322,1791359406674344543,-83.757655457,False
4622169276517035216,3323,1791359406694353965,-83.737646035,False
4622169276517035216,3324,1791359406714315225,-83.717684775,False
4622169276517035216,3325,1791359406734279809,-83.697720191,False
4622169276517035216,3326,1791359406754266277,-83.677733723,False
4622169276517035216,3327,1791359406774309521,-83.657690479,False
4622169276517035216,3328,1791359406794276548,-83.637723452,False
4622169276517035216,3329,1791359406814216825,-83.617783175,False
4622169276517035216,3330,1791359406834363221,-83.597636779,False
4622169276517035216,3331,1791359406854220603,-83.577779397,False
4622169276517035216,3332,1791359406874357964,-83.557642036,False
4622169276517035216,3333,1791359406894363140,-83.53763686,False
4622169276517035216,3334,1791359406914253797,-83.517746203,False
4622169276517035216,3335,1791359406934224168,-83.497775832,False
4622169276517035216,3336,1791359406954505790,-83.47749421,False
4622169276517035216,3337,1791359406974316957,-83.457683043,False
4622169276517035216,3338,1791359406994256091,-83.437743909,False
4622169276517035216,3339,1791359407014197502,-83.417802498,False
4622169276517035216,3340,1791359407034262087,-83.397737913,False
4622169276517035216,3341,1791359407054278995,-83.377721005,False
4622169276517035216,3342,1791359407074221643,-83.357778357,False
4622169276517035216,3343,1791359407094229268,-83.337770732,False
4622169276517035216,3344,1791359407114237357,-83.317762643,False
4622169276517035216,3345,1791359407134302647,-83.297697353,False
4622169276517035216,3346,1791359407154258015,-83.277741985,False
4622169276517035216,3347,1791359407174310579,-83.257689421,False
4622169276517035216,3348,1791359407194321029,-83.237678971,False
4622169276517035216,3349,1791359407214244130,-83.21775587,False
4622169276517035216,3350,1791359407234268423,-83.197731577,False
4622169276517035216,3351,1791359407254272316,-83.177727684,False
4622169276517035216,3352,1791359407274260119,-83.157739881,False
4622169276517035216,3353,1791359407294319751,-83.137680249,False
4622169276517035216,3354,1791359407314408147,-83.117591853,False
4622169276517035216,3355,1791359407334170634,-83.097829366,False
4622169276517035216,3356,1791359407354293552,-83.077706448,False
4622169276517035216,3357,1791359407374207884,-83.057792116,False
4622169276517035216,3358,1791359407394282474,-83.037717526,False
4622169276517035216,3359,1791359407414273928,-83.017726072,False
4622169276517035216,3360,1791359407434266522,-82.997733478,False
4622169276517035216,3361,1791359407454270499,-82.977729501,False
4622169276517035216,3362,1791359407474373222,-82.957626778,False
4622169276517035216,3363,1791359407494418160,-82.93758184,False
4622169276517035216,3364,1791359407514273134,-82.917726866,False
4622169276517035216,3365,1791359407534261951,-82.897738049,False
4622169276517035216,3366,1791359407554395011,-82.877604989,False
4622169276517035216,3367,1791359407574474001,-82.857525999,False
4622169276517035216,3368,1791359407594242022,-82.837757978,False
4622169276517035216,3369,1791359407614265543,-82.817734457,False
4622169276517035216,3370,1791359407634100519,-82.797899481,False
4622169276517035216,3371,1791359407654342937,-82.777657063,False
4622169276517035216,3372,1791359407674573894,-82.757426106,False
4622169276517035216,3373,1791359407694361044,-82.737638956,False
4622169276517035216,3374,1791359407714274221,-82.717725779,False
4622169276517035216,3375,1791359407734276413,-82.697723587,False
4622169276517035216,3376,1791359407754320462,-82.677679538,False
4622169276517035216,3377,1791359407774263641,-82.657736359,False
4622169276517035216,3378,1791359407794323089,-82.637676911,False
4622169276517035216,3379,1791359407814299290,-82.61770071,False
4622169276517035216,3380,1791359407834296351,-82.597703649,False
4622169276517035216,3381,1791359407854326674,-82.577673326,False
4622169276517035216,3382,1791359407874378080,-82.55762192,False
4622169276517035216,3383,1791359407894378655,-82.537621345,False
4622169276517035216,3384,1791359407914312151,-82.517687849,False
4622169276517035216,3385,1791359407934364504,-82.497635496,False
4622169276517035216,3386,1791359407954305358,-82.477694642,False
4622169276517035216,3387,1791359407974357678,-82.457642322,False
4622169276517035216,3388,1791359407994132231,-82.437867769,False
4622169276517035216,3389,1791359408014192684,-82.417807316,False
4622169276517035216,3390,1791359408034230671,-82.397769329,False
4622169276517035216,3391,1791359408054294902,-82.377705098,False
4622169276517035216,3392,1791359408074201467,-82.357798533,False
4622169276517035216,3393,1791359408094155388,-82.337844612,False
4622169276517035216,3394,1791359408114137860,-82.31786214,False
4622169276517035216,3395,1791359408134313874,-82.297686126,False
4622169276517035216,3396,1791359408154194028,-82.277805972,False
4622169276517035216,3397,1791359408174206002,-82.257793998,False
4622169276517035216,3398,1791359408194268208,-82.237731792,False
4622169276517035216,3399,1791359408214313086,-82.217686914,False
4622169276517035216,3400,1791359408234320577,-82.197679423,False
4622169276517035216,3401,1791359408254350335,-82.177649665,False
4622169276517035216,3402,1791359408274309730,-82.15769027,False
4622169276517035216,3403,1791359408294327184,-82.137672816,False
4622169276517035216,3404,1791359408314297397,-82.117702603,False
4622169276517035216,3405,1791359408334472399,-82.097527601,False
4622169276517035216,3406,1791359408354472507,-82.077527493,False
4622169276517035216,3407,1791359408374424252,-82.057575748,False
4622169276517035216,3408,1791359408394339096,-82.037660904,False
4622169276517035216,3409,1791359408414295548,-82.017704452,False
4622169276517035216,3410,1791359408434356474,-81.997643526,False
4622169276517035216,3411,1791359408454293860,-81.97770614,False
4622169276517035216,3412,1791359408474267606,-81.957732394,False
4622169276517035216,3413,1791359408494217205,-81.937782795,False
4622169276517035216,3414,1791359408514416414,-81.917583586,False
4622169276517035216,3415,1791359408534282140,-81.89771786,False
4622169276517035216,3416,1791359408554438584,-81.877561416,False
4622169276517035216,3417,1791359408574310139,-81.857689861,False
4622169276517035216,3418,1791359408594312951,-81.837687049,False
4622169276517035216,3419,1791359408614318115,-81.817681885,False
4622169276517035216,3420,1791359408634273896,-81.797726104,False
4622169276517035216,3421,1791359408654311335,-81.777688665,False
4622169276517035216,3422,1791359408674172777,-81.757827223,False
4622169276517035216,3423,1791359408694221374,-81.737778626,False
4622169276517035216,3424,1791359408714250235,-81.717749765,False
4622169276517035216,3425,1791359408734264856,-81.697735144,False
4622169276517035216,3426,1791359408754400363,-81.677599637,False
4622169276517035216,3427,1791359408774363575,-81.657636425,False
4622169276517035216,3428,1791359408794310227,-81.637689773,False
4622169276517035216,3429,1791359408814281898,-81.617718102,False
4622169276517035216,3430,1791359408834285420,-81.59771458,False
4622169276517035216,3431,1791359408854339628,-81.577660372,False
4622169276517035216,3432,1791359408874417167,-81.557582833,False
4622169276517035216,3433,1791359408894479033,-81.537520967,False
4622169276517035216,3434,1791359408914387933,-81.517612067,False
4622169276517035216,3435,1791359408934296617,-81.497703383,False
4622169276517035216,3436,1791359408954268364,-81.477731636,False
4622169276517035216,3437,1791359408974132378,-81.457867622,False
4622169276517035216,3438,1791359408994135752,-81.437864248,False
4622169276517035216,3439,1791359409014196767,-81.417803233,False
4622169276517035216,3440,1791359409034120561,-81.397879439,False
4622169276517035216,3441,1791359409054225248,-81.377774752,False
4622169276517035216,3442,1791359409074168688,-81.357831312,False
4622169276517035216,3443,1791359409094199409,-81.337800591,False
4622169276517035216,3444,1791359409114166052,-81.317833948,False
4622169276517035216,3445,1791359409134062457,-81.297937543,False
4622169276517035216,3446,1791359409154318795,-81.277681205,False
4622169276517035216,3447,1791359409174232278,-81.257767722,False
4622169276517035216,3448,1791359409194262553,-81.237737447,False
4622169276517035216,3449,1791359409214074606,-81.217925394,False
4622169276517035216,3450,1791359409234121335,-81.197878665,False
4622169276517035216,3451,1791359409254220695,-81.177779305,False
4622169276517035216,3452,1791359409274315167,-81.157684833,False
4622169276517035216,3453,1791359409294313815,-81.137686185,False
4622169276517035216,3454,1791359409314285501,-81.117714499,False
4622169276517035216,3455,1791359409334381452,-81.097618548,False
4622169276517035216,3456,1791359409354295067,-81.077704933,False
4622169276517035216,3457,1791359409374316258,-81.057683742,False
4622169276517035216,3458,1791359409394334035,-81.037665965,False
4622169276517035216,3459,1791359409414203396,-81.017796604,False
4622169276517035216,3460,1791359409434221981,-80.997778019,False
4622169276517035216,3461,1791359409454153678,-80.977846322,False
4622169276517035216,3462,1791359409474313426,-80.957686574,False
4622169276517035216,3463,1791359409494503791,-80.937496209,False
4622169276517035216,3464,1791359409514129487,-80.917870513,False
4622169276517035216,3465,1791359409534175644,-80.897824356,False
4622169276517035216,3466,1791359409554270960,-80.87772904,False
4622169276517035216,3467,1791359409574229607,-80.857770393,False
4622169276517035216,3468,1791359409594251935,-80.837748065,False
4622169276517035216,3469,1791359409614266094,-80.817733906,False
4622169276517035216,3470,1791359409634214309,-80.797785691,False
4622169276517035216,3471,1791359409654251079,-80.777748921,False
4622169276517035216,3472,1791359409674271169,-80.757728831,False
4622169276517035216,3473,1791359409694431417,-80.737568583,False
4622169276517035216,3474,1791359409714198138,-80.717801862,False
4622169276517035216,3475,1791359409734278839,-80.697721161,False
4622169276517035216,3476,1791359409754163556,-80.677836444,False
4622169276517035216,3477,1791359409774083275,-80.657916725,False
4622169276517035216,3478,1791359409794212998,-80.637787002,False
4622169276517035216,3479,1791359409814283762,-80.617716238,False
4622169276517035216,3480,1791359409834243839,-80.597756161,False
4622169276517035216,3481,1791359409854217390,-80.57778261,False
4622169276517035216,3482,1791359409874270229,-80.557729771,False
4622169276517035216,3483,1791359409894356372,-80.537643628,False
4622169276517035216,3484,1791359409914251702,-80.517748298,False
4622169276517035216,3485,1791359409934128227,-80.497871773,False
4622169276517035216,3486,1791359409954296096,-80.477703904,False
4622169276517035216,3487,1791359409974387189,-80.457612811,False
4622169276517035216,3488,1791359409994272970,-80.43772703,False
4622169276517035216,3489,1791359410014326209,-80.417673791,False
4622169276517035216,3490,1791359410034255273,-80.397744727,False
4622169276517035216,3491,1791359410054213237,-80.377786763,False
4622169276517035216,3492,1791359410074253908,-80.357746092,False
4622169276517035216,3493,1791359410094281704,-80.337718296,False
4622169276517035216,3494,1791359410114239246,-80.317760754,False
4622169276517035216,3495,1791359410134120111,-80.297879889,False
4622169276517035216,3496,1791359410154387452,-80.277612548,False
4622169276517035216,3497,1791359410174075430,-80.25792457,False
4622169276517035216,3498,1791359410194054845,-80.237945155,False
4622169276517035216,3499,1791359410214098432,-80.217901568,False
4622169276517035216,3500,1791359410234203683,-80.197796317,False
4622169276517035216,3501,1791359410254258283,-80.177741717,False
4622169276517035216,3502,1791359410274209254,-80.157790746,False
4622169276517035216,3503,1791359410294220393,-80.137779607,False
4622169276517035216,3504,1791359410314173550,-80.11782645,False
4622169276517035216,3505,1791359410334358824,-80.097641176,False
4622169276517035216,3506,1791359410354209744,-80.077790256,False
4622169276517035216,3507,1791359410374222097,-80.057777903,False
4622169276517035216,3508,1791359410394227550,-80.03777245,False
4622169276517035216,3509,1791359410414239853,-80.017760147,False
4622169276517035216,3510,1791359410434226113,-79.997773887,False
4622169276517035216,3511,1791359410454233873,-79.977766127,False
4622169276517035216,3512,1791359410474412875,-79.957587125,False
4622169276517035216,3513,1791359410494324468,-79.937675532,False
4622169276517035216,3514,1791359410514369174,-79.917630826,False
4622169276517035216,3515,1791359410534218006,-79.897781994,False
4622169276517035216,3516,1791359410554341693,-79.877658307,False
4622169276517035216,3517,1791359410574362075,-79.857637925,False
4622169276517035216,3518,1791359410594321605,-79.837678395,False
4622169276517035216,3519,1791359410614261769,-79.817738231,False
4622169276517035216,3520,1791359410634376488,-79.797623512,False
4622169276517035216,3521,1791359410654227485,-79.777772515,False
4622169276517035216,3522,1791359410674186757,-79.757813243,False
4622169276517035216,3523,1791359410694338301,-79.737661699,False
4622169276517035216,3524,1791359410714272405,-79.717727595,False
4622169276517035216,3525,1791359410734118090,-79.69788191,False
4622169276517035216,3526,1791359410754212313,-79.677787687,False
4622169276517035216,3527,1791359410774240411,-79.657759589,False
4622169276517035216,3528,1791359410794138705,-79.637861295,False
4622169276517035216,3529,1791359410814154807,-79.617845193,False
4622169276517035216,3530,1791359410834179444,-79.597820556,False
4622169276517035216,3531,1791359410854213729,-79.577786271,False
4622169276517035216,3532,1791359410874222718,-79.557777282,False
4622169276517035216,3533,1791359410894311497,-79.537688503,False
4622169276517035216,3534,1791359410914371639,-79.517628361,False
4622169276517035216,3535,1791359410934253625,-79.497746375,False
4622169276517035216,3536,1791359410954305882,-79.477694118,False
4622169276517035216,3537,1791359410974220880,-79.45777912,False
4622169276517035216,3538,1791359410994217388,-79.437782612,False
4622169276517035216,3539,1791359411014226588,-79.417773412,False
4622169276517035216,3540,1791359411034187980,-79.39781202,False
4622169276517035216,3541,1791359411054220907,-79.377779093,False
4622169276517035216,3542,1791359411074223511,-79.357776489,False
4622169276517035216,3543,1791359411094424841,-79.337575159,False
4622169276517035216,3544,1791359411114265249,-79.317734751,False
4622169276517035216,3545,1791359411134226797,-79.297773203,False
4622169276517035216,3546,1791359411154327118,-79.277672882,False
4622169276517035216,3547,1791359411174344332,-79.257655668,False
4622169276517035216,3548,1791359411194343857,-79.237656143,False
4622169276517035216,3549,1791359411214283292,-79.217716708,False
4622169276517035216,3550,1791359411234271929,-79.197728071,False
4622169276517035216,3551,1791359411254216404,-79.177783596,False
4622169276517035216,3552,1791359411274224746,-79.157775254,False
4622169276517035216,3553,1791359411294304368,-79.137695632,False
4622169276517035216,3554,1791359411314459451,-79.117540549,False
4622169276517035216,3555,1791359411334347940,-79.09765206,False
4622169276517035216,3556,1791359411354262555,-79.077737445,False
4622169276517035216,3557,1791359411374020371,-79.057979629,False
4622169276517035216,3558,1791359411394092140,-79.03790786,False
4622169276517035216,3559,1791359411414162245,-79.017837755,False
4622169276517035216,3560,1791359411434358112,-78.997641888,False
4622169276517035216,3561,1791359411454282258,-78.977717742,False
4622169276517035216,3562,1791359411474314609,-78.957685391,False
4622169276517035216,3563,1791359411494268639,-78.937731361,False
4622169276517035216,3564,1791359411514325183,-78.917674817,False
4622169276517035216,3565,1791359411534219857,-78.897780143,False
4622169276517035216,3566,1791359411554198577,-78.877801423,False
4622169276517035216,3567,1791359411574251761,-78.857748239,False
4622169276517035216,3568,1791359411594264994,-78.837735006,False
4622169276517035216,3569,1791359411614306624,-78.817693376,False
4622169276517035216,3570,1791359411634196463,-78.797803537,False
4622169276517035216,3571,1791359411654229435,-78.777770565,False
4622169276517035216,3572,1791359411674346582,-78.757653418,False
4622169276517035216,3573,1791359411694262334,-78.737737666,False
4622169276517035216,3574,1791359411714395676,-78.717604324,False
4622169276517035216,3575,1791359411734238794,-78.697761206,False
4622169276517035216,3576,1791359411754231556,-78.677768444,False
4622169276517035216,3577,1791359411774310226,-78.657689774,False
4622169276517035216,3578,1791359411794315888,-78.637684112,False
4622169276517035216,3579,1791359411814356330,-78.61764367,False
4622169276517035216,3580,1791359411834254320,-78.59774568,False
4622169276517035216,3581,1791359411854266835,-78.577733165,False
4622169276517035216,3582,1791359411874135852,-78.557864148,False
4622169276517035216,3583,1791359411894181145,-78.537818855,False
4622169276517035216,3584,1791359411914112579,-78.517887421,False
4622169276517035216,3585,1791359411934216925,-78.497783075,False
4622169276517035216,3586,1791359411954127306,-78.477872694,False
4622169276517035216,3587,1791359411974278681,-78.457721319,False
4622169276517035216,3588,1791359411994147272,-78.437852728,False
4622169276517035216,3589,1791359412014167872,-78.417832128,False
4622169276517035216,3590,1791359412034081732,-78.397918268,False
4622169276517035216,3591,1791359412054309569,-78.377690431,False
4622169276517035216,3592,1791359412074257028,-78.357742972,False
4622169276517035216,3593,1791359412094226195,-78.337773805,False
4622169276517035216,3594,1791359412114029996,-78.317970004,False
4622169276517035216,3595,1791359412133941573,-78.298058427,False
4622169276517035216,3596,1791359412154223384,-78.277776616,False
4622169276517035216,3597,1791359412174279238,-78.257720762,False
4622169276517035216,3598,1791359412194310546,-78.237689454,False
4622169276517035216,3599,1791359412214118523,-78.217881477,False
4622169276517035216,3600,1791359412234107102,-78.197892898,False
4622169276517035216,3601,1791359412254354941,-78.177645059,False
4622169276517035216,3602,1791359412274238371,-78.157761629,False
4622169276517035216,3603,1791359412294238387,-78.137761613,False
4622169276517035216,3604,1791359412314333381,-78.117666619,False
4622169276517035216,3605,1791359412334153024,-78.097846976,False
4622169276517035216,3606,1791359412354047215,-78.077952785,False
4622169276517035216,3607,1791359412374255447,-78.057744553,False
4622169276517035216,3608,1791359412394299506,-78.037700494,False
4622169276517035216,3609,1791359412414182773,-78.017817227,False
4622169276517035216,3610,1791359412434139351,-77.997860649,False
4622169276517035216,3611,1791359412454035871,-77.977964129,False
4622169276517035216,3612,1791359412474043076,-77.957956924,False
4622169276517035216,3613,1791359412494060198,-77.937939802,False
4622169276517035216,3614,1791359412514215406,-77.917784594,False
4622169276517035216,3615,1791359412534024789,-77.897975211,False
4622169276517035216,3616,1791359412554042162,-77.877957838,False
4622169276517035216,3617,1791359412574062300,-77.8579377,False
4622169276517035216,3618,1791359412594149632,-77.837850368,False
4622169276517035216,3619,1791359412614152131,-77.817847869,False
4622169276517035216,3620,1791359412634172920,-77.79782708,False
4622169276517035216,3621,1791359412654205723,-77.777794277,False
4622169276517035216,3622,1791359412674255482,-77.757744518,False
4622169276517035216,3623,1791359412694145909,-77.737854091,False
4622169276517035216,3624,1791359412714300510,-77.71769949,False
4622169276517035216,3625,1791359412734215804,-77.697784196,False
4622169276517035216,3626,1791359412754385831,-77.677614169,False
4622169276517035216,3627,1791359412774260682,-77.657739318,False
4622169276517035216,3628,1791359412794223141,-77.637776859,False
4622169276517035216,3629,1791359412814135297,-77.617864703,False
4622169276517035216,3630,1791359412834015715,-77.597984285,False
4622169276517035216,3631,1791359412853958694,-77.578041306,False
4622169276517035216,3632,1791359412874028206,-77.557971794,False
4622169276517035216,3633,1791359412894176598,-77.537823402,False
4622169276517035216,3634,1791359412914130330,-77.51786967,False
4622169276517035216,3635,1791359412934001609,-77.497998391,False
4622169276517035216,3636,1791359412953984573,-77.478015427,False
4622169276517035216,3637,1791359412974085989,-77.457914011,False
4622169276517035216,3638,1791359412994242707,-77.437757293,False
4622169276517035216,3639,1791359413014356922,-77.417643078,False
4622169276517035216,3640,1791359413034131056,-77.397868944,False
4622169276517035216,3641,1791359413054295987,-77.377704013,False
4622169276517035216,3642,1791359413074205838,-77.357794162,False
4622169276517035216,3643,1791359413094194347,-77.337805653,False
4622169276517035216,3644,1791359413114037198,-77.317962802,False
4622169276517035216,3645,1791359413133996505,-77.298003495,False
4622169276517035216,3646,1791359413154065232,-77.277934768,False
4622169276517035216,3647,1791359413174079837,-77.257920163,False
4622169276517035216,3648,1791359413194174070,-77.23782593,False
4622169276517035216,3649,1791359413214253300,-77.2177467,False
4622169276517035216,3650,1791359413234265765,-77.197734235,False
4622169276517035216,3651,1791359413254236524,-77.177763476,False
4622169276517035216,3652,1791359413274389194,-77.157610806,False
4622169276517035216,3653,1791359413294257326,-77.137742674,False
4622169276517035216,3654,1791359413314129931,-77.117870069,False
4622169276517035216,3655,1791359413334178029,-77.097821971,False
4622169276517035216,3656,1791359413354262839,-77.077737161,False
4622169276517035216,3657,1791359413374128609,-77.057871391,False
4622169276517035216,3658,1791359413394089608,-77.037910392,False
4622169276517035216,3659,1791359413414131280,-77.01786872,False
4622169276517035216,3660,1791359413434461067,-76.997538933,False
4622169276517035216,3661,1791359413454070347,-76.977929653,False
4622169276517035216,3662,1791359413474065565,-76.957934435,False
4622169276517035216,3663,1791359413494073120,-76.93792688,False
4622169276517035216,3664,1791359413514073329,-76.917926671,False
4622169276517035216,3665,1791359413534256592,-76.897743408,False
4622169276517035216,3666,1791359413554279760,-76.87772024,False
4622169276517035216,3667,1791359413574214594,-76.857785406,False
4622169276517035216,3668,1791359413594102087,-76.837897913,False
4622169276517035216,3669,1791359413614365014,-76.817634986,False
4622169276517035216,3670,1791359413634201377,-76.797798623,False
4622169276517035216,3671,1791359413654297696,-76.777702304,False
4622169276517035216,3672,1791359413674286339,-76.757713661,False
4622169276517035216,3673,1791359413694293173,-76.737706827,False
4622169276517035216,3674,1791359413714263472,-76.717736528,False
4622169276517035216,3675,1791359413734525312,-76.697474688,False
4622169276517035216,3676,1791359413754431573,-76.677568427,False
4622169276517035216,3677,1791359413774292259,-76.657707741,False
4622169276517035216,3678,1791359413794178109,-76.637821891,False
4622169276517035216,3679,1791359413814198801,-76.617801199,False
4622169276517035216,3680,1791359413834180416,-76.597819584,False
4622169276517035216,3681,1791359413854248131,-76.577751869,False
4622169276517035216,3682,1791359413874282058,-76.557717942,False
4622169276517035216,3683,1791359413894274080,-76.53772592,False
4622169276517035216,3684,1791359413914283046,-76.517716954,False
4622169276517035216,3685,1791359413934216928,-76.497783072,False
4622169276517035216,3686,1791359413954228188,-76.477771812,False
4622169276517035216,3687,1791359413974160809,-76.457839191,False
4622169276517035216,3688,1791359413994245252,-76.437754748,False
4622169276517035216,3689,1791359414014130976,-76.417869024,False
4622169276517035216,3690,1791359414034165763,-76.397834237,False
4622169276517035216,3691,1791359414054072146,-76.377927854,False
4622169276517035216,3692,1791359414074114809,-76.357885191,False
4622169276517035216,3693,1791359414094167257,-76.337832743,False
4622169276517035216,3694,1791359414114247247,-76.317752753,False
4622169276517035216,3695,1791359414134166137,-76.297833863,False
4622169276517035216,3696,1791359414154296842,-76.277703158,False
4622169276517035216,3697,1791359414174339790,-76.25766021,False
4622169276517035216,3698,1791359414194338608,-76.237661392,False
4622169276517035216,3699,1791359414214221777,-76.217778223,False
4622169276517035216,3700,1791359414234074858,-76.197925142,False
4622169276517035216,3701,1791359414253985243,-76.178014757,False
4622169276517035216,3702,1791359414274120525,-76.157879475,False
4622169276517035216,3703,1791359414294158068,-76.137841932,False
4622169276517035216,3704,1791359414314114990,-76.11788501,False
4622169276517035216,3705,1791359414334251296,-76.097748704,False
4622169276517035216,3706,1791359414354382618,-76.077617382,False
4622169276517035216,3707,1791359414374303227,-76.057696773,False
4622169276517035216,3708,1791359414394399784,-76.037600216,False
4622169276517035216,3709,1791359414414303062,-76.017696938,False
4622169276517035216,3710,1791359414434195271,-75.997804729,False
4622169276517035216,3711,1791359414454285947,-75.977714053,False
4622169276517035216,3712,1791359414474302423,-75.957697577,False
4622169276517035216,3713,1791359414494182201,-75.937817799,False
4622169276517035216,3714,1791359414514085340,-75.91791466,False
4622169276517035216,3715,1791359414534138281,-75.897861719,False
4622169276517035216,3716,1791359414554314976,-75.877685024,False
4622169276517035216,3717,1791359414574130848,-75.857869152,False
4622169276517035216,3718,1791359414594164998,-75.837835002,False
4622169276517035216,3719,1791359414614262455,-75.817737545,False
4622169276517035216,3720,1791359414634315549,-75.797684451,False
4622169276517035216,3721,1791359414654234889,-75.777765111,False
4622169276517035216,3722,1791359414674255744,-75.757744256,False
4622169276517035216,3723,1791359414694291690,-75.73770831,False
4622169276517035216,3724,1791359414714312190,-75.71768781,False
4622169276517035216,3725,1791359414734229482,-75.697770518,False
4622169276517035216,3726,1791359414754518210,-75.67748179,False
4622169276517035216,3727,1791359414774283177,-75.657716823,False
4622169276517035216,3728,1791359414794260996,-75.637739004,False
4622169276517035216,3729,1791359414814297224,-75.617702776,False
4622169276517035216,3730,1791359414834197023,-75.597802977,False
4622169276517035216,3731,1791359414854262356,-75.577737644,False
4622169276517035216,3732,1791359414874315109,-75.557684891,False
4622169276517035216,3733,1791359414894258837,-75.537741163,False
4622169276517035216,3734,1791359414914281418,-75.517718582,False
4622169276517035216,3735,1791359414934247980,-75.49775202,False
4622169276517035216,3736,1791359414954334814,-75.477665186,False
4622169276517035216,3737,1791359414974487856,-75.457512144,False
4622169276517035216,3738,1791359414994318019,-75.437681981,False
4622169276517035216,3739,1791359415014167479,-75.417832521,False
4622169276517035216,3740,1791359415034358754,-75.397641246,False
4622169276517035216,3741,1791359415054175768,-75.377824232,False
4622169276517035216,3742,1791359415074087114,-75.357912886,False
4622169276517035216,3743,1791359415094258912,-75.337741088,False
4622169276517035216,3744,1791359415114131330,-75.31786867,False
4622169276517035216,3745,1791359415134065561,-75.297934439,False
4622169276517035216,3746,1791359415154340809,-75.277659191,False
4622169276517035216,3747,1791359415174343984,-75.257656016,False
4622169276517035216,3748,1791359415194275455,-75.237724545,False
4622169276517035216,3749,1791359415214217438,-75.217782562,False
4622169276517035216,3750,1791359415234192943,-75.197807057,False
4622169276517035216,3751,1791359415254260293,-75.177739707,False
4622169276517035216,3752,1791359415274249494,-75.157750506,False
4622169276517035216,3753,1791359415294248035,-75.137751965,False
4622169276517035216,3754,1791359415314226617,-75.117773383,False
4622169276517035216,3755,1791359415334320452,-75.097679548,False
4622169276517035216,3756,1791359415354286196,-75.077713804,False
4622169276517035216,3757,1791359415374389446,-75.057610554,False
4622169276517035216,3758,1791359415394234549,-75.037765451,False
4622169276517035216,3759,1791359415414237192,-75.017762808,False
4622169276517035216,3760,1791359415434132768,-74.997867232,False
4622169276517035216,3761,1791359415454222285,-74.977777715,False
4622169276517035216,3762,1791359415474313224,-74.957686776,False
4622169276517035216,3763,1791359415494291045,-74.937708955,False
4622169276517035216,3764,1791359415514231176,-74.917768824,False
4622169276517035216,3765,1791359415534323129,-74.897676871,False
4622169276517035216,3766,1791359415554291574,-74.877708426,False
4622169276517035216,3767,1791359415574255224,-74.857744776,False
4622169276517035216,3768,1791359415594270470,-74.83772953,False
4622169276517035216,3769,1791359415614237789,-74.817762211,False
4622169276517035216,3770,1791359415634286173,-74.797713827,False
4622169276517035216,3771,1791359415654306918,-74.777693082,False
4622169276517035216,3772,1791359415674192893,-74.757807107,False
4622169276517035216,3773,1791359415694200274,-74.737799726,False
4622169276517035216,3774,1791359415714249163,-74.717750837,False
4622169276517035216,3775,1791359415734222900,-74.6977771,False
4622169276517035216,3776,1791359415754218387,-74.677781613,False
4622169276517035216,3777,1791359415774328685,-74.657671315,False
4622169276517035216,3778,1791359415794283832,-74.637716168,False
4622169276517035216,3779,1791359415814280979,-74.617719021,False
4622169276517035216,3780,1791359415834252639,-74.597747361,False
4622169276517035216,3781,1791359415854229595,-74.577770405,False
4622169276517035216,3782,1791359415874186489,-74.557813511,False
4622169276517035216,3783,1791359415894254627,-74.537745373,False
4622169276517035216,3784,1791359415914278360,-74.51772164,False
4622169276517035216,3785,1791359415934242268,-74.497757732,False
4622169276517035216,3786,1791359415954221367,-74.477778633,False
4622169276517035216,3787,1791359415974319557,-74.457680443,False
4622169276517035216,3788,1791359415994386912,-74.437613088,False
4622169276517035216,3789,1791359416014359419,-74.417640581,False
4622169276517035216,3790,1791359416034292942,-74.397707058,False
4622169276517035216,3791,1791359416054234091,-74.377765909,False
4622169276517035216,3792,1791359416074104039,-74.357895961,False
4622169276517035216,3793,1791359416094206329,-74.337793671,False
4622169276517035216,3794,1791359416114000992,-74.317999008,False
4622169276517035216,3795,1791359416134023371,-74.297976629,False
4622169276517035216,3796,1791359416154121544,-74.277878456,False
4622169276517035216,3797,1791359416174235499,-74.257764501,False
4622169276517035216,3798,1791359416194338520,-74.23766148,False
4622169276517035216,3799,1791359416214229300,-74.2177707,False
4622169276517035216,3800,1791359416234249337,-74.197750663,False
4622169276517035216,3801,1791359416254114166,-74.177885834,False
4622169276517035216,3802,1791359416273982310,-74.15801769,False
4622169276517035216,3803,1791359416294208751,-74.137791249,False
4622169276517035216,3804,1791359416314240255,-74.117759745,False
4622169276517035216,3805,1791359416334225738,-74.097774262,False
4622169276517035216,3806,1791359416354216085,-74.077783915,False
4622169276517035216,3807,1791359416374562085,-74.057437915,False
4622169276517035216,3808,1791359416394289398,-74.037710602,False
4622169276517035216,3809,1791359416414223728,-74.017776272,False
4622169276517035216,3810,1791359416434235980,-73.99776402,False
4622169276517035216,3811,1791359416454214595,-73.977785405,False
4622169276517035216,3812,1791359416474197961,-73.957802039,False
4622169276517035216,3813,1791359416494152599,-73.937847401,False
4622169276517035216,3814,1791359416514287812,-73.917712188,False
4622169276517035216,3815,1791359416534234338,-73.897765662,False
4622169276517035216,3816,1791359416554322161,-73.877677839,False
4622169276517035216,3817,1791359416574337168,-73.857662832,False
4622169276517035216,3818,1791359416594269636,-73.837730364,False
4622169276517035216,3819,1791359416614336480,-73.81766352,False
4622169276517035216,3820,1791359416634244317,-73.797755683,False
4622169276517035216,3821,1791359416654163660,-73.77783634,False
4622169276517035216,3822,1791359416674115627,-73.757884373,False
4622169276517035216,3823,1791359416694009626,-73.737990374,False
4622169276517035216,3824,1791359416714338783,-73.717661217,False
4622169276517035216,3825,1791359416734393152,-73.697606848,False
4622169276517035216,3826,1791359416754325269,-73.677674731,False
4622169276517035216,3827,1791359416774292908,-73.657707092,False
4622169276517035216,3828,1791359416794336391,-73.637663609,False
4622169276517035216,3829,1791359416814291716,-73.617708284,False
4622169276517035216,3830,1791359416834236434,-73.597763566,False
4622169276517035216,3831,1791359416854204098,-73.577795902,False
4622169276517035216,3832,1791359416874279513,-73.557720487,False
4622169276517035216,3833,1791359416894317686,-73.537682314,False
4622169276517035216,3834,1791359416914273872,-73.517726128,False
4622169276517035216,3835,1791359416934327521,-73.497672479,False
4622169276517035216,3836,1791359416954279155,-73.477720845,False
4622169276517035216,3837,1791359416974144214,-73.457855786,False
4622169276517035216,3838,1791359416994178231,-73.437821769,False
4622169276517035216,3839,1791359417014149038,-73.417850962,False
4622169276517035216,3840,1791359417034111893,-73.397888107,False
4622169276517035216,3841,1791359417054331992,-73.377668008,False
4622169276517035216,3842,1791359417074145160,-73.35785484,False
4622169276517035216,3843,1791359417094074521,-73.337925479,False
4622169276517035216,3844,1791359417114036816,-73.317963184,False
4622169276517035216,3845,1791359417133946837,-73.298053163,False
4622169276517035216,3846,1791359417154141709,-73.277858291,False
4622169276517035216,3847,1791359417174048944,-73.257951056,False
4622169276517035216,3848,1791359417193951033,-73.238048967,False
4622169276517035216,3849,1791359417213982442,-73.218017558,False
4622169276517035216,3850,1791359417234053887,-73.197946113,False
4622169276517035216,3851,1791359417253993778,-73.178006222,False
4622169276517035216,3852,1791359417273987933,-73.158012067,False
4622169276517035216,3853,1791359417294061376,-73.137938624,False
4622169276517035216,3854,1791359417314171836,-73.117828164,False
4622169276517035216,3855,1791359417334105215,-73.097894785,False
4622169276517035216,3856,1791359417354055754,-73.077944246,False
4622169276517035216,3857,1791359417374010058,-73.057989942,False
4622169276517035216,3858,1791359417394008369,-73.037991631,False
4622169276517035216,3859,1791359417414051290,-73.01794871,False
4622169276517035216,3860,1791359417434215400,-72.9977846,False
4622169276517035216,3861,1791359417453958949,-72.978041051,False
4622169276517035216,3862,1791359417474015214,-72.957984786,False
4622169276517035216,3863,1791359417494087968,-72.937912032,False
4622169276517035216,3864,1791359417514094509,-72.917905491,False
4622169276517035216,3865,1791359417533990115,-72.898009885,False
4622169276517035216,3866,1791359417554042044,-72.877957956,False
4622169276517035216,3867,1791359417574006942,-72.857993058,False
4622169276517035216,3868,1791359417594139581,-72.837860419,False
4622169276517035216,3869,1791359417614091813,-72.817908187,False
4622169276517035216,3870,1791359417634193668,-72.797806332,False
4622169276517035216,3871,1791359417654163756,-72.777836244,False
4622169276517035216,3872,1791359417674155564,-72.757844436,False
4622169276517035216,3873,1791359417694100181,-72.737899819,False
4622169276517035216,3874,1791359417713970252,-72.718029748,False
4622169276517035216,3875,1791359417733930849,-72.698069151,False
4622169276517035216,3876,1791359417754004696,-72.677995304,False
4622169276517035216,3877,1791359417774018700,-72.6579813,False
4622169276517035216,3878,1791359417793979469,-72.638020531,False
4622169276517035216,3879,1791359417813971306,-72.618028694,False
4622169276517035216,3880,1791359417834046225,-72.597953775,False
4622169276517035216,3881,1791359417854018904,-72.577981096,False
4622169276517035216,3882,1791359417874009276,-72.557990724,False
4622169276517035216,3883,1791359417894067612,-72.537932388,False
4622169276517035216,3884,1791359417914321208,-72.517678792,False
4622169276517035216,3885,1791359417934176148,-72.497823852,False
4622169276517035216,3886,1791359417954117753,-72.477882247,False
4622169276517035216,3887,1791359417974154351,-72.457845649,False
4622169276517035216,3888,1791359417994060648,-72.437939352,False
4622169276517035216,3889,1791359418014289334,-72.417710666,False
4622169276517035216,3890,1791359418034149865,-72.397850135,False
4622169276517035216,3891,1791359418054094658,-72.377905342,False
4622169276517035216,3892,1791359418074076954,-72.357923046,False
4622169276517035216,3893,1791359418094190290,-72.33780971,False
4622169276517035216,3894,1791359418114102375,-72.317897625,False
4622169276517035216,3895,1791359418134061093,-72.297938907,False
4622169276517035216,3896,1791359418154050436,-72.277949564,False
4622169276517035216,3897,1791359418174148339,-72.257851661,False
4622169276517035216,3898,1791359418194125140,-72.23787486,False
4622169276517035216,3899,1791359418214275107,-72.217724893,False
4622169276517035216,3900,1791359418234076440,-72.19792356,False
4622169276517035216,3901,1791359418254051338,-72.177948662,False
4622169276517035216,3902,1791359418274133659,-72.157866341,False
4622169276517035216,3903,1791359418294078676,-72.137921324,False
4622169276517035216,3904,1791359418314049857,-72.117950143,False
4622169276517035216,3905,1791359418334162250,-72.09783775,False
4622169276517035216,3906,1791359418354252254,-72.077747746,False
4622169276517035216,3907,1791359418374186257,-72.057813743,False
4622169276517035216,3908,1791359418394175842,-72.037824158,False
4622169276517035216,3909,1791359418414133809,-72.017866191,False
4622169276517035216,3910,1791359418434288056,-71.997711944,False
4622169276517035216,3911,1791359418454170275,-71.977829725,False
4622169276517035216,3912,1791359418474096709,-71.957903291,False
4622169276517035216,3913,1791359418494230178,-71.937769822,False
4622169276517035216,3914,1791359418514281358,-71.917718642,False
4622169276517035216,3915,1791359418534295826,-71.897704174,False
4622169276517035216,3916,1791359418554158121,-71.877841879,False
4622169276517035216,3917,1791359418574136204,-71.857863796,False
4622169276517035216,3918,1791359418594128507,-71.837871493,False
4622169276517035216,3919,1791359418614132034,-71.817867966,False
4622169276517035216,3920,1791359418634131832,-71.797868168,False
4622169276517035216,3921,1791359418654264969,-71.777735031,False
4622169276517035216,3922,1791359418674286933,-71.757713067,False
4622169276517035216,3923,1791359418694211639,-71.737788361,False
4622169276517035216,3924,1791359418714289899,-71.717710101,False
4622169276517035216,3925,1791359418734209764,-71.697790236,False
4622169276517035216,3926,1791359418754209374,-71.677790626,False
4622169276517035216,3927,1791359418774110748,-71.657889252,False
4622169276517035216,3928,1791359418794122611,-71.637877389,False
4622169276517035216,3929,1791359418814207768,-71.617792232,False
4622169276517035216,3930,1791359418834183120,-71.59781688,False
4622169276517035216,3931,1791359418854249318,-71.577750682,False
4622169276517035216,3932,1791359418874287196,-71.557712804,False
4622169276517035216,3933,1791359418894236933,-71.537763067,False
4622169276517035216,3934,1791359418914142222,-71.517857778,False
4622169276517035216,3935,1791359418934230018,-71.497769982,False
4622169276517035216,3936,1791359418954233914,-71.477766086,False
4622169276517035216,3937,1791359418974185345,-71.457814655,False
4622169276517035216,3938,1791359418994152939,-71.437847061,False
4622169276517035216,3939,1791359419014305488,-71.417694512,False
4622169276517035216,3940,1791359419034367049,-71.397632951,False
4622169276517035216,3941,1791359419054530268,-71.377469732,False
4622169276517035216,3942,1791359419074315982,-71.357684018,False
4622169276517035216,3943,1791359419094328915,-71.337671085,False
4622169276517035216,3944,1791359419114172963,-71.317827037,False
4622169276517035216,3945,1791359419134191003,-71.297808997,False
4622169276517035216,3946,1791359419154268633,-71.277731367,False
4622169276517035216,3947,1791359419174335657,-71.257664343,False
4622169276517035216,3948,1791359419194363741,-71.237636259,False
4622169276517035216,3949,1791359419214315042,-71.217684958,False
4622169276517035216,3950,1791359419234314039,-71.197685961,False
4622169276517035216,3951,1791359419254254177,-71.177745823,False
4622169276517035216,3952,1791359419274381595,-71.157618405,False
4622169276517035216,3953,1791359419294354103,-71.137645897,False
4622169276517035216,3954,1791359419314270426,-71.117729574,False
4622169276517035216,3955,1791359419334256389,-71.097743611,False
4622169276517035216,3956,1791359419354117124,-71.077882876,False
4622169276517035216,3957,1791359419374038020,-71.05796198,False
4622169276517035216,3958,1791359419394268184,-71.037731816,False
4622169276517035216,3959,1791359419414296801,-71.017703199,False
4622169276517035216,3960,1791359419434241084,-70.997758916,False
4622169276517035216,3961,1791359419454224382,-70.977775618,False
4622169276517035216,3962,1791359419474231420,-70.95776858,False
4622169276517035216,3963,1791359419494324426,-70.937675574,False
4622169276517035216,3964,1791359419514249404,-70.917750596,False
4622169276517035216,3965,1791359419534374152,-70.897625848,False
4622169276517035216,3966,1791359419554386552,-70.877613448,False
4622169276517035216,3967,1791359419574359856,-70.857640144,False
4622169276517035216,3968,1791359419594356281,-70.837643719,False
4622169276517035216,3969,1791359419614257522,-70.817742478,False
4622169276517035216,3970,1791359419634225529,-70.797774471,False
4622169276517035216,3971,1791359419654274235,-70.777725765,False
4622169276517035216,3972,1791359419674254522,-70.757745478,False
4622169276517035216,3973,1791359419694411259,-70.737588741,False
4622169276517035216,3974,1791359419714335118,-70.717664882,False
4622169276517035216,3975,1791359419734245591,-70.697754409,False
4622169276517035216,3976,1791359419754228070,-70.67777193,False
4622169276517035216,3977,1791359419774223562,-70.657776438,False
4622169276517035216,3978,1791359419794182715,-70.637817285,False
4622169276517035216,3979,1791359419814249530,-70.61775047,False
4622169276517035216,3980,1791359419834144854,-70.597855146,False
4622169276517035216,3981,1791359419854140404,-70.577859596,False
4622169276517035216,3982,1791359419874180943,-70.557819057,False
4622169276517035216,3983,1791359419894234233,-70.537765767,False
4622169276517035216,3984,1791359419914123724,-70.517876276,False
4622169276517035216,3985,1791359419934087545,-70.497912455,False
4622169276517035216,3986,1791359419954275765,-70.477724235,False
4622169276517035216,3987,1791359419974073978,-70.457926022,False
4622169276517035216,3988,1791359419994148098,-70.437851902,False
4622169276517035216,3989,1791359420014233997,-70.417766003,False
4622169276517035216,3990,1791359420034235248,-70.397764752,False
4622169276517035216,3991,1791359420054193646,-70.377806354,False
4622169276517035216,3992,1791359420074233508,-70.357766492,False
4622169276517035216,3993,1791359420094020142,-70.337979858,False
4622169276517035216,3994,1791359420114183185,-70.317816815,False
4622169276517035216,3995,1791359420134084209,-70.297915791,False
4622169276517035216,3996,1791359420154117905,-70.277882095,False
4622169276517035216,3997,1791359420174328971,-70.257671029,False
4622169276517035216,3998,1791359420194211084,-70.237788916,False
4622169276517035216,3999,1791359420214171676,-70.217828324,False
4622169276517035216,4000,1791359420234121481,-70.197878519,False
4622169276517035216,4001,1791359420253994458,-70.178005542,False
4622169276517035216,4002,1791359420274186443,-70.157813557,False
4622169276517035216,4003,1791359420294277334,-70.137722666,False
4622169276517035216,4004,1791359420314136829,-70.117863171,False
4622169276517035216,4005,1791359420334258381,-70.097741619,False
4622169276517035216,4006,1791359420354223206,-70.077776794,False
4622169276517035216,4007,1791359420374212698,-70.057787302,False
4622169276517035216,4008,1791359420394157374,-70.037842626,False
4622169276517035216,4009,1791359420414891785,-70.017108215,False
4622169276517035216,4010,1791359420434382045,-69.997617955,False
4622169276517035216,4011,1791359420454507262,-69.977492738,False
4622169276517035216,4012,1791359420474300536,-69.957699464,False
4622169276517035216,4013,1791359420494270213,-69.937729787,False
4622169276517035216,4014,1791359420514130755,-69.917869245,False
4622169276517035216,4015,1791359420534200008,-69.897799992,False
4622169276517035216,4016,1791359420554425228,-69.877574772,False
4622169276517035216,4017,1791359420574200083,-69.857799917,False
4622169276517035216,4018,1791359420594144746,-69.837855254,False
4622169276517035216,4019,1791359420614288861,-69.817711139,False
4622169276517035216,4020,1791359420634254503,-69.797745497,False
4622169276517035216,4021,1791359420654236897,-69.777763103,False
4622169276517035216,4022,1791359420674250216,-69.757749784,False
4622169276517035216,4023,1791359420694147918,-69.737852082,False
4622169276517035216,4024,1791359420714104436,-69.717895564,False
4622169276517035216,4025,1791359420734310512,-69.697689488,False
4622169276517035216,4026,1791359420754269996,-69.677730004,False
4622169276517035216,4027,1791359420774183051,-69.657816949,False
4622169276517035216,4028,1791359420794108995,-69.637891005,False
4622169276517035216,4029,1791359420814241968,-69.617758032,False
4622169276517035216,4030,1791359420834258953,-69.597741047,False
4622169276517035216,4031,1791359420854197577,-69.577802423,False
4622169276517035216,4032,1791359420874274012,-69.557725988,False
4622169276517035216,4033,1791359420894127289,-69.537872711,False
4622169276517035216,4034,1791359420914104488,-69.517895512,False
4622169276517035216,4035,1791359420934035451,-69.497964549,False
4622169276517035216,4036,1791359420954168136,-69.477831864,False
4622169276517035216,4037,1791359420974303985,-69.457696015,False
4622169276517035216,4038,1791359420994166241,-69.437833759,False
4622169276517035216,4039,1791359421014280671,-69.417719329,False
4622169276517035216,4040,1791359421034237758,-69.397762242,False
4622169276517035216,4041,1791359421054449173,-69.377550827,False
4622169276517035216,4042,1791359421074341691,-69.357658309,False
4622169276517035216,4043,1791359421094214665,-69.337785335,False
4622169276517035216,4044,1791359421114040748,-69.317959252,False
4622169276517035216,4045,1791359421134052925,-69.297947075,False
4622169276517035216,4046,1791359421154500814,-69.277499186,False
4622169276517035216,4047,1791359421174330238,-69.257669762,False
4622169276517035216,4048,1791359421194135660,-69.23786434,False
4622169276517035216,4049,1791359421214434007,-69.217565993,False
4622169276517035216,4050,1791359421234126396,-69.197873604,False
4622169276517035216,4051,1791359421254257610,-69.17774239,False
4622169276517035216,4052,1791359421274201299,-69.157798701,False
4622169276517035216,4053,1791359421294202409,-69.137797591,False
4622169276517035216,4054,1791359421314359368,-69.117640632,False
4622169276517035216,4055,1791359421334199899,-69.097800101,False
4622169276517035216,4056,1791359421354286228,-69.077713772,False
4622169276517035216,4057,1791359421374303116,-69.057696884,False
4622169276517035216,4058,1791359421394415817,-69.037584183,False
4622169276517035216,4059,1791359421414285368,-69.017714632,False
4622169276517035216,4060,1791359421434198972,-68.997801028,False
4622169276517035216,4061,1791359421454140640,-68.97785936,False
4622169276517035216,4062,1791359421474208417,-68.957791583,False
4622169276517035216,4063,1791359421494232738,-68.937767262,False
4622169276517035216,4064,1791359421514178669,-68.917821331,False
4622169276517035216,4065,1791359421534199730,-68.89780027,False
4622169276517035216,4066,1791359421554354809,-68.877645191,False
4622169276517035216,4067,1791359421574283759,-68.857716241,False
4622169276517035216,4068,1791359421594281615,-68.837718385,False
4622169276517035216,4069,1791359421614237556,-68.817762444,False
4622169276517035216,4070,1791359421634241636,-68.797758364,False
4622169276517035216,4071,1791359421654384025,-68.777615975,False
4622169276517035216,4072,1791359421674253081,-68.757746919,False
4622169276517035216,4073,1791359421694257824,-68.737742176,False
4622169276517035216,4074,1791359421714261079,-68.717738921,False
4622169276517035216,4075,1791359421734162593,-68.697837407,False
4622169276517035216,4076,1791359421754333590,-68.67766641,False
4622169276517035216,4077,1791359421774294006,-68.657705994,False
4622169276517035216,4078,1791359421794415742,-68.637584258,False
4622169276517035216,4079,1791359421814325838,-68.617674162,False
4622169276517035216,4080,1791359421834313694,-68.597686306,False
4622169276517035216,4081,1791359421854180727,-68.577819273,False
4622169276517035216,4082,1791359421874438305,-68.557561695,False
4622169276517035216,4083,1791359421894227042,-68.537772958,False
4622169276517035216,4084,1791359421914024914,-68.517975086,False
4622169276517035216,4085,1791359421934150592,-68.497849408,False
4622169276517035216,4086,1791359421954177348,-68.477822652,False
4622169276517035216,4087,1791359421973977098,-68.458022902,False
4622169276517035216,4088,1791359421994246127,-68.437753873,False
4622169276517035216,4089,1791359422014347862,-68.417652138,False
4622169276517035216,4090,1791359422034541069,-68.397458931,False
4622169276517035216,4091,1791359422054180265,-68.377819735,False
4622169276517035216,4092,1791359422074286331,-68.357713669,False
4622169276517035216,4093,1791359422094126570,-68.33787343,False
4622169276517035216,4094,1791359422113982662,-68.318017338,False
4622169276517035216,4095,1791359422134345623,-68.297654377,False
4622169276517035216,4096,1791359422154170575,-68.277829425,False
4622169276517035216,4097,1791359422174233353,-68.257766647,False
4622169276517035216,4098,1791359422194298003,-68.237701997,False
4622169276517035216,4099,1791359422214304084,-68.217695916,False
4622169276517035216,4100,1791359422234195971,-68.197804029,False
4622169276517035216,4101,1791359422254304566,-68.177695434,False
4622169276517035216,4102,1791359422274239185,-68.157760815,False
4622169276517035216,4103,1791359422294324679,-68.137675321,False
4622169276517035216,4104,1791359422314313229,-68.117686771,False
4622169276517035216,4105,1791359422334231041,-68.097768959,False
4622169276517035216,4106,1791359422353975406,-68.078024594,False
4622169276517035216,4107,1791359422373942348,-68.058057652,False
4622169276517035216,4108,1791359422393991470,-68.03800853,False
4622169276517035216,4109,1791359422414072532,-68.017927468,False
4622169276517035216,4110,1791359422434061773,-67.997938227,False
4622169276517035216,4111,1791359422454167161,-67.977832839,False
4622169276517035216,4112,1791359422474000429,-67.957999571,False
4622169276517035216,4113,1791359422494132222,-67.937867778,False
4622169276517035216,4114,1791359422514008918,-67.917991082,False
4622169276517035216,4115,1791359422534141627,-67.897858373,False
4622169276517035216,4116,1791359422554308553,-67.877691447,False
4622169276517035216,4117,1791359422574118729,-67.857881271,False
4622169276517035216,4118,1791359422594181665,-67.837818335,False
4622169276517035216,4119,1791359422614190460,-67.81780954,False
4622169276517035216,4120,1791359422634257650,-67.79774235,False
4622169276517035216,4121,1791359422654309026,-67.777690974,False
4622169276517035216,4122,1791359422674186156,-67.757813844,False
4622169276517035216,4123,1791359422694128941,-67.737871059,False
4622169276517035216,4124,1791359422714118230,-67.71788177,False
4622169276517035216,4125,1791359422734086135,-67.697913865,False
4622169276517035216,4126,1791359422754287592,-67.677712408,False
4622169276517035216,4127,1791359422774142820,-67.65785718,False
4622169276517035216,4128,1791359422794312650,-67.63768735,False
4622169276517035216,4129,1791359422814194475,-67.617805525,False
4622169276517035216,4130,1791359422833995893,-67.598004107,False
4622169276517035216,4131,1791359422854114170,-67.57788583,False
4622169276517035216,4132,1791359422874122873,-67.557877127,False
4622169276517035216,4133,1791359422894145460,-67.53785454,False
4622169276517035216,4134,1791359422914099001,-67.517900999,False
4622169276517035216,4135,1791359422934098577,-67.497901423,False
4622169276517035216,4136,1791359422954281209,-67.477718791,False
4622169276517035216,4137,1791359422974156302,-67.457843698,False
4622169276517035216,4138,1791359422994099305,-67.437900695,False
4622169276517035216,4139,1791359423014145116,-67.417854884,False
4622169276517035216,4140,1791359423034027826,-67.397972174,False
4622169276517035216,4141,1791359423054027153,-67.377972847,False
4622169276517035216,4142,1791359423074174910,-67.35782509,False
4622169276517035216,4143,1791359423094324760,-67.33767524,False
4622169276517035216,4144,1791359423114140206,-67.317859794,False
4622169276517035216,4145,1791359423134397204,-67.297602796,False
4622169276517035216,4146,1791359423154186190,-67.27781381,False
4622169276517035216,4147,1791359423174142536,-67.257857464,False
4622169276517035216,4148,1791359423194248040,-67.23775196,False
4622169276517035216,4149,1791359423214226001,-67.217773999,False
4622169276517035216,4150,1791359423234250956,-67.197749044,False
4622169276517035216,4151,1791359423254247670,-67.17775233,False
4622169276517035216,4152,1791359423274141936,-67.157858064,False
4622169276517035216,4153,1791359423294271486,-67.137728514,False
4622169276517035216,4154,1791359423314243158,-67.117756842,False
4622169276517035216,4155,1791359423334308236,-67.097691764,False
4622169276517035216,4156,1791359423354199066,-67.077800934,False
4622169276517035216,4157,1791359423374152194,-67.057847806,False
4622169276517035216,4158,1791359423394229371,-67.037770629,False
4622169276517035216,4159,1791359423414192496,-67.017807504,False
4622169276517035216,4160,1791359423434364608,-66.997635392,False
4622169276517035216,4161,1791359423454199836,-66.977800164,False
4622169276517035216,4162,1791359423474057405,-66.957942595,False
4622169276517035216,4163,1791359423494064542,-66.937935458,False
4622169276517035216,4164,1791359423514077401,-66.917922599,False
4622169276517035216,4165,1791359423534071828,-66.897928172,False
4622169276517035216,4166,1791359423554075968,-66.877924032,False
4622169276517035216,4167,1791359423574042477,-66.857957523,False
4622169276517035216,4168,1791359423594357455,-66.837642545,False
4622169276517035216,4169,1791359423614250650,-66.81774935,False
4622169276517035216,4170,1791359423634281275,-66.797718725,False
4622169276517035216,4171,1791359423654418432,-66.777581568,False
4622169276517035216,4172,1791359423674311493,-66.757688507,False
4622169276517035216,4173,1791359423694434396,-66.737565604,False
4622169276517035216,4174,1791359423714377548,-66.717622452,False
4622169276517035216,4175,1791359423734246293,-66.697753707,False
4622169276517035216,4176,1791359423754471804,-66.677528196,False
4622169276517035216,4177,1791359423774460617,-66.657539383,False
4622169276517035216,4178,1791359423794178798,-66.637821202,False
4622169276517035216,4179,1791359423814213588,-66.617786412,False
4622169276517035216,4180,1791359423834813052,-66.597186948,False
4622169276517035216,4181,1791359423854345491,-66.577654509,False
4622169276517035216,4182,1791359423874206460,-66.55779354,False
4622169276517035216,4183,1791359423894196783,-66.537803217,False
4622169276517035216,4184,1791359423914075543,-66.517924457,False
4622169276517035216,4185,1791359423934122519,-66.497877481,False
4622169276517035216,4186,1791359423954273799,-66.477726201,False
4622169276517035216,4187,1791359423974177467,-66.457822533,False
4622169276517035216,4188,1791359423994233227,-66.437766773,False
4622169276517035216,4189,1791359424014406428,-66.417593572,False
4622169276517035216,4190,1791359424034223746,-66.397776254,False
4622169276517035216,4191,1791359424054134012,-66.377865988,False
4622169276517035216,4192,1791359424073974560,-66.35802544,False
4622169276517035216,4193,1791359424094076128,-66.337923872,False
4622169276517035216,4194,1791359424114071161,-66.317928839,False
4622169276517035216,4195,1791359424134071009,-66.297928991,False
4622169276517035216,4196,1791359424154220803,-66.277779197,False
4622169276517035216,4197,1791359424174221987,-66.257778013,False
4622169276517035216,4198,1791359424194280581,-66.237719419,False
4622169276517035216,4199,1791359424214238803,-66.217761197,False
4622169276517035216,4200,1791359424234110230,-66.19788977,False
4622169276517035216,4201,1791359424254247903,-66.177752097,False
4622169276517035216,4202,1791359424274174188,-66.157825812,False
4622169276517035216,4203,1791359424294340775,-66.137659225,False
4622169276517035216,4204,1791359424314282124,-66.117717876,False
4622169276517035216,4205,1791359424334309578,-66.097690422,False
4622169276517035216,4206,1791359424354450402,-66.077549598,False
4622169276517035216,4207,1791359424374108467,-66.057891533,False
4622169276517035216,4208,1791359424394031303,-66.037968697,False
4622169276517035216,4209,1791359424414201589,-66.017798411,False
4622169276517035216,4210,1791359424434675025,-65.997324975,False
4622169276517035216,4211,1791359424454165087,-65.977834913,False
4622169276517035216,4212,1791359424474193175,-65.957806825,False
4622169276517035216,4213,1791359424494229290,-65.93777071,False
4622169276517035216,4214,1791359424514287074,-65.917712926,False
4622169276517035216,4215,1791359424534301431,-65.897698569,False
4622169276517035216,4216,1791359424554218643,-65.877781357,False
4622169276517035216,4217,1791359424574175812,-65.857824188,False
4622169276517035216,4218,1791359424594369058,-65.837630942,False
4622169276517035216,4219,1791359424614271308,-65.817728692,False
4622169276517035216,4220,1791359424634235832,-65.797764168,False
4622169276517035216,4221,1791359424654088493,-65.777911507,False
4622169276517035216,4222,1791359424674178177,-65.757821823,False
4622169276517035216,4223,1791359424694098250,-65.73790175,False
4622169276517035216,4224,1791359424714255656,-65.717744344,False
4622169276517035216,4225,1791359424734429043,-65.697570957,False
4622169276517035216,4226,1791359424754283682,-65.677716318,False
4622169276517035216,4227,1791359424774338969,-65.657661031,False
4622169276517035216,4228,1791359424794329827,-65.637670173,False
4622169276517035216,4229,1791359424814231282,-65.617768718,False
4622169276517035216,4230,1791359424834432446,-65.597567554,False
4622169276517035216,4231,1791359424854270820,-65.57772918,False
4622169276517035216,4232,1791359424874273282,-65.557726718,False
4622169276517035216,4233,1791359424894334522,-65.537665478,False
4622169276517035216,4234,1791359424914629542,-65.517370458,False
4622169276517035216,4235,1791359424934182830,-65.49781717,False
4622169276517035216,4236,1791359424954392618,-65.477607382,False
4622169276517035216,4237,1791359424974332189,-65.457667811,False
4622169276517035216,4238,1791359424994396293,-65.437603707,False
4622169276517035216,4239,1791359425014474890,-65.41752511,False
4622169276517035216,4240,1791359425034134306,-65.397865694,False
4622169276517035216,4241,1791359425054274138,-65.377725862,False
4622169276517035216,4242,1791359425074353098,-65.357646902,False
4622169276517035216,4243,1791359425094204437,-65.337795563,False
4622169276517035216,4244,1791359425114201239,-65.317798761,False
4622169276517035216,4245,1791359425134226625,-65.297773375,False
4622169276517035216,4246,1791359425154439512,-65.277560488,False
4622169276517035216,4247,1791359425174191420,-65.25780858,False
4622169276517035216,4248,1791359425194241736,-65.237758264,False
4622169276517035216,4249,1791359425214179948,-65.217820052,False
4622169276517035216,4250,1791359425234517894,-65.197482106,False
4622169276517035216,4251,1791359425254559723,-65.177440277,False
4622169276517035216,4252,1791359425274371322,-65.157628678,False
4622169276517035216,4253,1791359425294447190,-65.13755281,False
4622169276517035216,4254,1791359425314359416,-65.117640584,False
4622169276517035216,4255,1791359425334268118,-65.097731882,False
4622169276517035216,4256,1791359425354315356,-65.077684644,False
4622169276517035216,4257,1791359425374337526,-65.057662474,False
4622169276517035216,4258,1791359425394432032,-65.037567968,False
4622169276517035216,4259,1791359425414311113,-65.017688887,False
4622169276517035216,4260,1791359425434403192,-64.997596808,False
4622169276517035216,4261,1791359425454411249,-64.977588751,False
4622169276517035216,4262,1791359425474266080,-64.95773392,False
4622169276517035216,4263,1791359425494393030,-64.93760697,False
4622169276517035216,4264,1791359425514562372,-64.917437628,False
4622169276517035216,4265,1791359425534387580,-64.89761242,False
4622169276517035216,4266,1791359425554471077,-64.877528923,False
4622169276517035216,4267,1791359425574423291,-64.857576709,False
4622169276517035216,4268,1791359425594489345,-64.837510655,False
4622169276517035216,4269,1791359425614664974,-64.817335026,False
4622169276517035216,4270,1791359425634211892,-64.797788108,False
4622169276517035216,4271,1791359425654362908,-64.777637092,False
4622169276517035216,4272,1791359425674254621,-64.757745379,False
4622169276517035216,4273,1791359425694425664,-64.737574336,False
4622169276517035216,4274,1791359425714214414,-64.717785586,False
4622169276517035216,4275,1791359425734310488,-64.697689512,False
4622169276517035216,4276,1791359425754459326,-64.677540674,False
4622169276517035216,4277,1791359425774362114,-64.657637886,False
4622169276517035216,4278,1791359425794390865,-64.637609135,False
4622169276517035216,4279,1791359425814520663,-64.617479337,False
4622169276517035216,4280,1791359425834164280,-64.59783572,False
4622169276517035216,4281,1791359425854441519,-64.577558481,False
4622169276517035216,4282,1791359425874411294,-64.557588706,False
4622169276517035216,4283,1791359425894533874,-64.537466126,False
4622169276517035216,4284,1791359425914512820,-64.51748718,False
4622169276517035216,4285,1791359425934364332,-64.497635668,False
4622169276517035216,4286,1791359425954440834,-64.477559166,False
4622169276517035216,4287,1791359425974391331,-64.457608669,False
4622169276517035216,4288,1791359425994246096,-64.437753904,False
4622169276517035216,4289,1791359426014471558,-64.417528442,False
4622169276517035216,4290,1791359426034456551,-64.397543449,False
4622169276517035216,4291,1791359426054500490,-64.37749951,False
4622169276517035216,4292,1791359426074324569,-64.357675431,False
4622169276517035216,4293,1791359426094661061,-64.337338939,False
4622169276517035216,4294,1791359426114298991,-64.317701009,False
4622169276517035216,4295,1791359426134339147,-64.297660853,False
4622169276517035216,4296,1791359426154496419,-64.277503581,False
4622169276517035216,4297,1791359426174441812,-64.257558188,False
4622169276517035216,4298,1791359426194321002,-64.237678998,False
4622169276517035216,4299,1791359426214288707,-64.217711293,False
4622169276517035216,4300,1791359426234221654,-64.197778346,False
4622169276517035216,4301,1791359426254289585,-64.177710415,False
4622169276517035216,4302,1791359426274328130,-64.15767187,False
4622169276517035216,4303,1791359426294293397,-64.137706603,False
4622169276517035216,4304,1791359426314419654,-64.117580346,False
4622169276517035216,4305,1791359426334273884,-64.097726116,False
4622169276517035216,4306,1791359426354258773,-64.077741227,False
4622169276517035216,4307,1791359426374400886,-64.057599114,False
4622169276517035216,4308,1791359426394399721,-64.037600279,False
4622169276517035216,4309,1791359426414043639,-64.017956361,False
4622169276517035216,4310,1791359426434088235,-63.997911765,False
4622169276517035216,4311,1791359426454271624,-63.977728376,False
4622169276517035216,4312,1791359426474145502,-63.957854498,False
4622169276517035216,4313,1791359426494282744,-63.937717256,False
4622169276517035216,4314,1791359426514433367,-63.917566633,False
4622169276517035216,4315,1791359426534033716,-63.897966284,False
4622169276517035216,4316,1791359426554207291,-63.877792709,False
4622169276517035216,4317,1791359426574182847,-63.857817153,False
4622169276517035216,4318,1791359426594205548,-63.837794452,False
4622169276517035216,4319,1791359426614370518,-63.817629482,False
4622169276517035216,4320,1791359426634277951,-63.797722049,False
4622169276517035216,4321,1791359426654165911,-63.777834089,False
4622169276517035216,4322,1791359426674211619,-63.757788381,False
4622169276517035216,4323,1791359426694361113,-63.737638887,False
4622169276517035216,4324,1791359426714474211,-63.717525789,False
4622169276517035216,4325,1791359426734219466,-63.697780534,False
4622169276517035216,4326,1791359426754201052,-63.677798948,False
4622169276517035216,4327,1791359426774100699,-63.657899301,False
4622169276517035216,4328,1791359426794095740,-63.63790426,False
4622169276517035216,4329,1791359426814066107,-63.617933893,False
4622169276517035216,4330,1791359426834038018,-63.597961982,False
4622169276517035216,4331,1791359426854136049,-63.577863951,False
4622169276517035216,4332,1791359426873992794,-63.558007206,False
4622169276517035216,4333,1791359426894103796,-63.537896204,False
4622169276517035216,4334,1791359426914339161,-63.517660839,False
4622169276517035216,4335,1791359426934229453,-63.497770547,False
4622169276517035216,4336,1791359426954369951,-63.477630049,False
4622169276517035216,4337,1791359426974302678,-63.457697322,False
4622169276517035216,4338,1791359426994298742,-63.437701258,False
4622169276517035216,4339,1791359427014077540,-63.41792246,False
4622169276517035216,4340,1791359427034113313,-63.397886687,False
4622169276517035216,4341,1791359427054285170,-63.37771483,False
4622169276517035216,4342,1791359427074165144,-63.357834856,False
4622169276517035216,4343,1791359427094456298,-63.337543702,False
4622169276517035216,4344,1791359427114124760,-63.31787524,False
4622169276517035216,4345,1791359427134083539,-63.297916461,False
4622169276517035216,4346,1791359427154303031,-63.277696969,False
4622169276517035216,4347,1791359427174263227,-63.257736773,False
4622169276517035216,4348,1791359427194319678,-63.237680322,False
4622169276517035216,4349,1791359427214138020,-63.21786198,False
4622169276517035216,4350,1791359427234208153,-63.197791847,False
4622169276517035216,4351,1791359427254138492,-63.177861508,False
4622169276517035216,4352,1791359427274114868,-63.157885132,False
4622169276517035216,4353,1791359427294209898,-63.137790102,False
4622169276517035216,4354,1791359427314166601,-63.117833399,False
4622169276517035216,4355,1791359427334180574,-63.097819426,False
4622169276517035216,4356,1791359427354100005,-63.077899995,False
4622169276517035216,4357,1791359427374070300,-63.0579297,False
4622169276517035216,4358,1791359427394273824,-63.037726176,False
4622169276517035216,4359,1791359427414081028,-63.017918972,False
4622169276517035216,4360,1791359427434111906,-62.997888094,False
4622169276517035216,4361,1791359427454209639,-62.977790361,False
4622169276517035216,4362,1791359427473911334,-62.958088666,False
4622169276517035216,4363,1791359427494240551,-62.937759449,False
4622169276517035216,4364,1791359427514336821,-62.917663179,False
4622169276517035216,4365,1791359427534025113,-62.897974887,False
4622169276517035216,4366,1791359427554225249,-62.877774751,False
4622169276517035216,4367,1791359427574047232,-62.857952768,False
4622169276517035216,4368,1791359427594124643,-62.837875357,False
4622169276517035216,4369,1791359427614239513,-62.817760487,False
4622169276517035216,4370,1791359427634099358,-62.797900642,False
4622169276517035216,4371,1791359427654134614,-62.777865386,False
4622169276517035216,4372,1791359427674017946,-62.757982054,False
4622169276517035216,4373,1791359427694137279,-62.737862721,False
4622169276517035216,4374,1791359427714169901,-62.717830099,False
4622169276517035216,4375,1791359427734115523,-62.697884477,False
4622169276517035216,4376,1791359427754266958,-62.677733042,False
4622169276517035216,4377,1791359427774172065,-62.657827935,False
4622169276517035216,4378,1791359427794399321,-62.637600679,False
4622169276517035216,4379,1791359427814246703,-62.617753297,False
4622169276517035216,4380,1791359427834309693,-62.597690307,False
4622169276517035216,4381,1791359427854354741,-62.577645259,False
4622169276517035216,4382,1791359427874220714,-62.557779286,False
4622169276517035216,4383,1791359427894400823,-62.537599177,False
4622169276517035216,4384,1791359427914232222,-62.517767778,False
4622169276517035216,4385,1791359427934247468,-62.497752532,False
4622169276517035216,4386,1791359427954348810,-62.47765119,False
4622169276517035216,4387,1791359427974197664,-62.457802336,False
4622169276517035216,4388,1791359427994128642,-62.437871358,False
4622169276517035216,4389,1791359428014444026,-62.417555974,False
4622169276517035216,4390,1791359428034705469,-62.397294531,False
4622169276517035216,4391,1791359428054424801,-62.377575199,False
4622169276517035216,4392,1791359428074128166,-62.357871834,False
4622169276517035216,4393,1791359428094324389,-62.337675611,False
4622169276517035216,4394,1791359428114125024,-62.317874976,False
4622169276517035216,4395,1791359428134080981,-62.297919019,False
4622169276517035216,4396,1791359428154278195,-62.277721805,False
4622169276517035216,4397,1791359428174078386,-62.257921614,False
4622169276517035216,4398,1791359428194324537,-62.237675463,False
4622169276517035216,4399,1791359428214246155,-62.217753845,False
4622169276517035216,4400,1791359428234129033,-62.197870967,False
4622169276517035216,4401,1791359428254317847,-62.177682153,False
4622169276517035216,4402,1791359428274149502,-62.157850498,False
4622169276517035216,4403,1791359428294283983,-62.137716017,False
4622169276517035216,4404,1791359428314214103,-62.117785897,False
4622169276517035216,4405,1791359428334147350,-62.09785265,False
4622169276517035216,4406,1791359428354167609,-62.077832391,False
4622169276517035216,4407,1791359428374059062,-62.057940938,False
4622169276517035216,4408,1791359428394075991,-62.037924009,False
4622169276517035216,4409,1791359428414106554,-62.017893446,False
4622169276517035216,4410,1791359428434016288,-61.997983712,False
4622169276517035216,4411,1791359428454040735,-61.977959265,False
4622169276517035216,4412,1791359428474163815,-61.957836185,False
4622169276517035216,4413,1791359428494207922,-61.937792078,False
4622169276517035216,4414,1791359428514224505,-61.917775495,False
4622169276517035216,4415,1791359428534324786,-61.897675214,False
4622169276517035216,4416,1791359428554269600,-61.8777304,False
4622169276517035216,4417,1791359428574109593,-61.857890407,False
4622169276517035216,4418,1791359428594231433,-61.837768567,False
4622169276517035216,4419,1791359428614114119,-61.817885881,False
4622169276517035216,4420,1791359428634220567,-61.797779433,False
4622169276517035216,4421,1791359428654433506,-61.777566494,False
4622169276517035216,4422,1791359428674115946,-61.757884054,False
4622169276517035216,4423,1791359428694314221,-61.737685779,False
4622169276517035216,4424,1791359428714253679,-61.717746321,False
4622169276517035216,4425,1791359428734064962,-61.697935038,False
4622169276517035216,4426,1791359428754272356,-61.677727644,False
4622169276517035216,4427,1791359428774145467,-61.657854533,False
4622169276517035216,4428,1791359428794268805,-61.637731195,False
4622169276517035216,4429,1791359428814141420,-61.61785858,False
4622169276517035216,4430,1791359428834490901,-61.597509099,False
4622169276517035216,4431,1791359428854352795,-61.577647205,False
4622169276517035216,4432,1791359428874143444,-61.557856556,False
4622169276517035216,4433,1791359428894231341,-61.537768659,False
4622169276517035216,4434,1791359428914250157,-61.517749843,False
4622169276517035216,4435,1791359428934225867,-61.497774133,False
4622169276517035216,4436,1791359428954271180,-61.47772882,False
4622169276517035216,4437,1791359428974082628,-61.457917372,False
4622169276517035216,4438,1791359428994153553,-61.437846447,False
4622169276517035216,4439,1791359429014042301,-61.417957699,False
4622169276517035216,4440,1791359429034257724,-61.397742276,False
4622169276517035216,4441,1791359429054146816,-61.377853184,False
4622169276517035216,4442,1791359429074060758,-61.357939242,False
4622169276517035216,4443,1791359429094217542,-61.337782458,False
4622169276517035216,4444,1791359429114136149,-61.317863851,False
4622169276517035216,4445,1791359429133927743,-61.298072257,False
4622169276517035216,4446,1791359429154331313,-61.277668687,False
4622169276517035216,4447,1791359429174021039,-61.257978961,False
4622169276517035216,4448,1791359429194113663,-61.237886337,False
4622169276517035216,4449,1791359429213970726,-61.218029274,False
4622169276517035216,4450,1791359429234168059,-61.197831941,False
4622169276517035216,4451,1791359429254120601,-61.177879399,False
4622169276517035216,4452,1791359429274325960,-61.15767404,False
4622169276517035216,4453,1791359429294416269,-61.137583731,False
4622169276517035216,4454,1791359429314132010,-61.11786799,False
4622169276517035216,4455,1791359429334376577,-61.097623423,False
4622169276517035216,4456,1791359429354247264,-61.077752736,False
4622169276517035216,4457,1791359429374113569,-61.057886431,False
4622169276517035216,4458,1791359429394121383,-61.037878617,False
4622169276517035216,4459,1791359429414099163,-61.017900837,False
4622169276517035216,4460,1791359429434199592,-60.997800408,False
4622169276517035216,4461,1791359429454162998,-60.977837002,False
4622169276517035216,4462,1791359429474117466,-60.957882534,False
4622169276517035216,4463,1791359429494200000,-60.9378,False
4622169276517035216,4464,1791359429514214310,-60.91778569,False
4622169276517035216,4465,1791359429534215285,-60.897784715,False
4622169276517035216,4466,1791359429554264829,-60.877735171,False
4622169276517035216,4467,1791359429574213149,-60.857786851,False
4622169276517035216,4468,1791359429594383857,-60.837616143,False
4622169276517035216,4469,1791359429614234349,-60.817765651,False
4622169276517035216,4470,1791359429634185061,-60.797814939,False
4622169276517035216,4471,1791359429654297156,-60.777702844,False
4622169276517035216,4472,1791359429674234670,-60.75776533,False
4622169276517035216,4473,1791359429694243442,-60.737756558,False
4622169276517035216,4474,1791359429714238606,-60.717761394,False
4622169276517035216,4475,1791359429734182989,-60.697817011,False
4622169276517035216,4476,1791359429754266275,-60.677733725,False
4622169276517035216,4477,1791359429774235302,-60.657764698,False
4622169276517035216,4478,1791359429794245205,-60.637754795,False
4622169276517035216,4479,1791359429814269029,-60.617730971,False
4622169276517035216,4480,1791359429834148468,-60.597851532,False
4622169276517035216,4481,1791359429854307337,-60.577692663,False
4622169276517035216,4482,1791359429874247113,-60.557752887,False
4622169276517035216,4483,1791359429894265618,-60.537734382,False
4622169276517035216,4484,1791359429914356835,-60.517643165,False
4622169276517035216,4485,1791359429933999144,-60.498000856,False
4622169276517035216,4486,1791359429954191542,-60.477808458,False
4622169276517035216,4487,1791359429974124393,-60.457875607,False
4622169276517035216,4488,1791359429994162795,-60.437837205,False
4622169276517035216,4489,1791359430014238658,-60.417761342,False
4622169276517035216,4490,1791359430034184446,-60.397815554,False
4622169276517035216,4491,1791359430054254441,-60.377745559,False
4622169276517035216,4492,1791359430074151122,-60.357848878,False
4622169276517035216,4493,1791359430094359560,-60.33764044,False
4622169276517035216,4494,1791359430114250859,-60.317749141,False
4622169276517035216,4495,1791359430134064913,-60.297935087,False
4622169276517035216,4496,1791359430154191229,-60.277808771,False
4622169276517035216,4497,1791359430174132427,-60.257867573,False
4622169276517035216,4498,1791359430194150460,-60.23784954,False
4622169276517035216,4499,1791359430214089264,-60.217910736,False
4622169276517035216,4500,1791359430234281429,-60.197718571,False
4622169276517035216,4501,1791359430254285095,-60.177714905,False
4622169276517035216,4502,1791359430274295683,-60.157704317,False
4622169276517035216,4503,1791359430294271876,-60.137728124,False
4622169276517035216,4504,1791359430314266160,-60.11773384,False
4622169276517035216,4505,1791359430334140424,-60.097859576,False
4622169276517035216,4506,1791359430354277857,-60.077722143,False
4622169276517035216,4507,1791359430374154207,-60.057845793,False
4622169276517035216,4508,1791359430394298355,-60.037701645,False
4622169276517035216,4509,1791359430414182143,-60.017817857,False
4622169276517035216,4510,1791359430434146460,-59.99785354,False
4622169276517035216,4511,1791359430454080139,-59.977919861,False
4622169276517035216,4512,1791359430473986443,-59.958013557,False
4622169276517035216,4513,1791359430494178627,-59.937821373,False
4622169276517035216,4514,1791359430514169487,-59.917830513,False
4622169276517035216,4515,1791359430534036789,-59.897963211,False
4622169276517035216,4516,1791359430554210578,-59.877789422,False
4622169276517035216,4517,1791359430574058277,-59.857941723,False
4622169276517035216,4518,1791359430594206051,-59.837793949,False
4622169276517035216,4519,1791359430614092196,-59.817907804,False
4622169276517035216,4520,1791359430634008352,-59.797991648,False
4622169276517035216,4521,1791359430654358204,-59.777641796,False
4622169276517035216,4522,1791359430674386743,-59.757613257,False
4622169276517035216,4523,1791359430694604447,-59.737395553,False
4622169276517035216,4524,1791359430713980237,-59.718019763,False
4622169276517035216,4525,1791359430734183331,-59.697816669,False
4622169276517035216,4526,1791359430754193609,-59.677806391,False
4622169276517035216,4527,1791359430774209908,-59.657790092,False
4622169276517035216,4528,1791359430794281005,-59.637718995,False
4622169276517035216,4529,1791359430814240384,-59.617759616,False
4622169276517035216,4530,1791359430834062807,-59.597937193,False
4622169276517035216,4531,1791359430854254009,-59.577745991,False
4622169276517035216,4532,1791359430874295876,-59.557704124,False
4622169276517035216,4533,1791359430894350364,-59.537649636,False
4622169276517035216,4534,1791359430914239908,-59.517760092,False
4622169276517035216,4535,1791359430934618623,-59.497381377,False
4622169276517035216,4536,1791359430954216445,-59.477783555,False
4622169276517035216,4537,1791359430973998241,-59.458001759,False
4622169276517035216,4538,1791359430994136898,-59.437863102,False
4622169276517035216,4539,1791359431014046003,-59.417953997,False
4622169276517035216,4540,1791359431034352402,-59.397647598,False
4622169276517035216,4541,1791359431054296792,-59.377703208,False
4622169276517035216,4542,1791359431074215715,-59.357784285,False
4622169276517035216,4543,1791359431094322116,-59.337677884,False
4622169276517035216,4544,1791359431113987625,-59.318012375,False
4622169276517035216,4545,1791359431133978513,-59.298021487,False
4622169276517035216,4546,1791359431154159325,-59.277840675,False
4622169276517035216,4547,1791359431174420335,-59.257579665,False
4622169276517035216,4548,1791359431194388134,-59.237611866,False
4622169276517035216,4549,1791359431214150648,-59.217849352,False
4622169276517035216,4550,1791359431234312881,-59.197687119,False
4622169276517035216,4551,1791359431254079993,-59.177920007,False
4622169276517035216,4552,1791359431274120078,-59.157879922,False
4622169276517035216,4553,1791359431294269882,-59.137730118,False
4622169276517035216,4554,1791359431314275364,-59.117724636,False
4622169276517035216,4555,1791359431334022484,-59.097977516,False
4622169276517035216,4556,1791359431354274219,-59.077725781,False
4622169276517035216,4557,1791359431374213326,-59.057786674,False
4622169276517035216,4558,1791359431394380346,-59.037619654,False
4622169276517035216,4559,1791359431414241056,-59.017758944,False
4622169276517035216,4560,1791359431434085656,-58.997914344,False
4622169276517035216,4561,1791359431454275998,-58.977724002,False
4622169276517035216,4562,1791359431474244439,-58.957755561,False
4622169276517035216,4563,1791359431494332732,-58.937667268,False
4622169276517035216,4564,1791359431514021372,-58.917978628,False
4622169276517035216,4565,1791359431534021262,-58.897978738,False
4622169276517035216,4566,1791359431554321106,-58.877678894,False
4622169276517035216,4567,1791359431574096830,-58.85790317,False
4622169276517035216,4568,1791359431594374433,-58.837625567,False
4622169276517035216,4569,1791359431614247631,-58.817752369,False
4622169276517035216,4570,1791359431634229469,-58.797770531,False
4622169276517035216,4571,1791359431654234602,-58.777765398,False
4622169276517035216,4572,1791359431674018284,-58.757981716,False
4622169276517035216,4573,1791359431694402055,-58.737597945,False
4622169276517035216,4574,1791359431714158046,-58.717841954,False
4622169276517035216,4575,1791359431734232735,-58.697767265,False
4622169276517035216,4576,1791359431754351994,-58.677648006,False
4622169276517035216,4577,1791359431774249919,-58.657750081,False
4622169276517035216,4578,1791359431794473549,-58.637526451,False
4622169276517035216,4579,1791359431814114814,-58.617885186,False
4622169276517035216,4580,1791359431834478050,-58.59752195,False
4622169276517035216,4581,1791359431854264747,-58.577735253,False
4622169276517035216,4582,1791359431874047165,-58.557952835,False
4622169276517035216,4583,1791359431894288875,-58.537711125,False
4622169276517035216,4584,1791359431914109095,-58.517890905,False
4622169276517035216,4585,1791359431934329991,-58.497670009,False
4622169276517035216,4586,1791359431954261219,-58.477738781,False
4622169276517035216,4587,1791359431974185914,-58.457814086,False
4622169276517035216,4588,1791359431994300597,-58.437699403,False
4622169276517035216,4589,1791359432014228056,-58.417771944,False
4622169276517035216,4590,1791359432034113765,-58.397886235,False
4622169276517035216,4591,1791359432054052710,-58.37794729,False
4622169276517035216,4592,1791359432073945698,-58.358054302,False
4622169276517035216,4593,1791359432094215661,-58.337784339,False
4622169276517035216,4594,1791359432113913534,-58.318086466,False
4622169276517035216,4595,1791359432134153243,-58.297846757,False
4622169276517035216,4596,1791359432154075422,-58.277924578,False
4622169276517035216,4597,1791359432174033621,-58.257966379,False
4622169276517035216,4598,1791359432194218994,-58.237781006,False
4622169276517035216,4599,1791359432214078664,-58.217921336,False
4622169276517035216,4600,1791359432234034264,-58.197965736,False
4622169276517035216,4601,1791359432254035762,-58.177964238,False
4622169276517035216,4602,1791359432274180413,-58.157819587,False
4622169276517035216,4603,1791359432294143129,-58.137856871,False
4622169276517035216,4604,1791359432314100827,-58.117899173,False
4622169276517035216,4605,1791359432333916021,-58.098083979,False
4622169276517035216,4606,1791359432354057225,-58.077942775,False
4622169276517035216,4607,1791359432374129267,-58.057870733,False
4622169276517035216,4608,1791359432394265982,-58.037734018,False
4622169276517035216,4609,1791359432414088846,-58.017911154,False
4622169276517035216,4610,1791359432434117311,-57.997882689,False
4622169276517035216,4611,1791359432454145292,-57.977854708,False
4622169276517035216,4612,1791359432474029674,-57.957970326,False
4622169276517035216,4613,1791359432494089287,-57.937910713,False
4622169276517035216,4614,1791359432513984147,-57.918015853,False
4622169276517035216,4615,1791359432534043950,-57.89795605,False
4622169276517035216,4616,1791359432554298793,-57.877701207,False
4622169276517035216,4617,1791359432573983143,-57.858016857,False
4622169276517035216,4618,1791359432594085709,-57.837914291,False
4622169276517035216,4619,1791359432614044473,-57.817955527,False
4622169276517035216,4620,1791359432634377901,-57.797622099,False
4622169276517035216,4621,1791359432654178406,-57.777821594,False
4622169276517035216,4622,1791359432674125716,-57.757874284,False
4622169276517035216,4623,1791359432694284316,-57.737715684,False
4622169276517035216,4624,1791359432714382332,-57.717617668,False
4622169276517035216,4625,1791359432734446114,-57.697553886,False
4622169276517035216,4626,1791359432754264705,-57.677735295,False
4622169276517035216,4627,1791359432774179169,-57.657820831,False
4622169276517035216,4628,1791359432794356398,-57.637643602,False
4622169276517035216,4629,1791359432814067617,-57.617932383,False
4622169276517035216,4630,1791359432834299278,-57.597700722,False
4622169276517035216,4631,1791359432854075802,-57.577924198,False
4622169276517035216,4632,1791359432874071106,-57.557928894,False
4622169276517035216,4633,1791359432894372398,-57.537627602,False
4622169276517035216,4634,1791359432914221946,-57.517778054,False
4622169276517035216,4635,1791359432934461118,-57.497538882,False
4622169276517035216,4636,1791359432954175630,-57.47782437,False
4622169276517035216,4637,1791359432974384579,-57.457615421,False
4622169276517035216,4638,1791359432994324061,-57.437675939,False
4622169276517035216,4639,1791359433014294603,-57.417705397,False
4622169276517035216,4640,1791359433034482672,-57.397517328,False
4622169276517035216,4641,1791359433054295152,-57.377704848,False
4622169276517035216,4642,1791359433074301747,-57.357698253,False
4622169276517035216,4643,1791359433094491709,-57.337508291,False
4622169276517035216,4644,1791359433114113509,-57.317886491,False
4622169276517035216,4645,1791359433134175193,-57.297824807,False
4622169276517035216,4646,1791359433154223039,-57.277776961,False
4622169276517035216,4647,1791359433174213594,-57.257786406,False
4622169276517035216,4648,1791359433194516353,-57.237483647,False
4622169276517035216,4649,1791359433214404593,-57.217595407,False
4622169276517035216,4650,1791359433234611830,-57.19738817,False
4622169276517035216,4651,1791359433254285825,-57.177714175,False
4622169276517035216,4652,1791359433274421065,-57.157578935,False
4622169276517035216,4653,1791359433294374733,-57.137625267,False
4622169276517035216,4654,1791359433314283199,-57.117716801,False
4622169276517035216,4655,1791359433334381539,-57.097618461,False
4622169276517035216,4656,1791359433354303615,-57.077696385,False
4622169276517035216,4657,1791359433374185715,-57.057814285,False
4622169276517035216,4658,1791359433394519425,-57.037480575,False
4622169276517035216,4659,1791359433414402838,-57.017597162,False
4622169276517035216,4660,1791359433434503847,-56.997496153,False
4622169276517035216,4661,1791359433454299240,-56.97770076,False
4622169276517035216,4662,1791359433474343348,-56.957656652,False
4622169276517035216,4663,1791359433494274461,-56.937725539,False
4622169276517035216,4664,1791359433514148026,-56.917851974,False
4622169276517035216,4665,1791359433534448187,-56.897551813,False
4622169276517035216,4666,1791359433554287392,-56.877712608,False
4622169276517035216,4667,1791359433574314898,-56.857685102,False
4622169276517035216,4668,1791359433594300741,-56.837699259,False
4622169276517035216,4669,1791359433614180340,-56.81781966,False
4622169276517035216,4670,1791359433634287024,-56.797712976,False
4622169276517035216,4671,1791359433654200384,-56.777799616,False
4622169276517035216,4672,1791359433674048235,-56.757951765,False
4622169276517035216,4673,1791359433694496648,-56.737503352,False
4622169276517035216,4674,1791359433714287107,-56.717712893,False
4622169276517035216,4675,1791359433734507050,-56.69749295,False
4622169276517035216,4676,1791359433754183319,-56.677816681,False
4622169276517035216,4677,1791359433774279150,-56.65772085,False
4622169276517035216,4678,1791359433794292644,-56.637707356,False
4622169276517035216,4679,1791359433814367357,-56.617632643,False
4622169276517035216,4680,1791359433834135041,-56.597864959,False
4622169276517035216,4681,1791359433854219023,-56.577780977,False
4622169276517035216,4682,1791359433874176356,-56.557823644,False
4622169276517035216,4683,1791359433894099819,-56.537900181,False
4622169276517035216,4684,1791359433914082634,-56.517917366,False
4622169276517035216,4685,1791359433934512312,-56.497487688,False
4622169276517035216,4686,1791359433954247029,-56.477752971,False
4622169276517035216,4687,1791359433974235523,-56.457764477,False
4622169276517035216,4688,1791359433994262931,-56.437737069,False
4622169276517035216,4689,1791359434014124531,-56.417875469,False
4622169276517035216,4690,1791359434034339492,-56.397660508,False
4622169276517035216,4691,1791359434054110191,-56.377889809,False
4622169276517035216,4692,1791359434074302628,-56.357697372,False
4622169276517035216,4693,1791359434094517940,-56.33748206,False
4622169276517035216,4694,1791359434114131031,-56.317868969,False
4622169276517035216,4695,1791359434134031107,-56.297968893,False
4622169276517035216,4696,1791359434154062997,-56.277937003,False
4622169276517035216,4697,1791359434174128795,-56.257871205,False
4622169276517035216,4698,1791359434194430072,-56.237569928,False
4622169276517035216,4699,1791359434214271216,-56.217728784,False
4622169276517035216,4700,1791359434234332438,-56.197667562,False
4622169276517035216,4701,1791359434254241397,-56.177758603,False
4622169276517035216,4702,1791359434274135242,-56.157864758,False
4622169276517035216,4703,1791359434294038692,-56.137961308,False
4622169276517035216,4704,1791359434314076906,-56.117923094,False
4622169276517035216,4705,1791359434334535189,-56.097464811,False
4622169276517035216,4706,1791359434354089988,-56.077910012,False
4622169276517035216,4707,1791359434374083948,-56.057916052,False
4622169276517035216,4708,1791359434394154004,-56.037845996,False
4622169276517035216,4709,1791359434414158970,-56.01784103,False
4622169276517035216,4710,1791359434434265922,-55.997734078,False
4622169276517035216,4711,1791359434454218497,-55.977781503,False
4622169276517035216,4712,1791359434474198126,-55.957801874,False
4622169276517035216,4713,1791359434494237289,-55.937762711,False
4622169276517035216,4714,1791359434514123921,-55.917876079,False
4622169276517035216,4715,1791359434534059989,-55.897940011,False
4622169276517035216,4716,1791359434554187421,-55.877812579,False
4622169276517035216,4717,1791359434574108433,-55.857891567,False
4622169276517035216,4718,1791359434594152239,-55.837847761,False
4622169276517035216,4719,1791359434614181389,-55.817818611,False
4622169276517035216,4720,1791359434633896902,-55.798103098,False
4622169276517035216,4721,1791359434653963607,-55.778036393,False
4622169276517035216,4722,1791359434674025577,-55.757974423,False
4622169276517035216,4723,1791359434694001641,-55.737998359,False
4622169276517035216,4724,1791359434713976605,-55.718023395,False
4622169276517035216,4725,1791359434734113020,-55.69788698,False
4622169276517035216,4726,1791359434754229795,-55.677770205,False
4622169276517035216,4727,1791359434774020310,-55.65797969,False
4622169276517035216,4728,1791359434794060447,-55.637939553,False
4622169276517035216,4729,1791359434813982504,-55.618017496,False
4622169276517035216,4730,1791359434834280630,-55.59771937,False
4622169276517035216,4731,1791359434853996099,-55.578003901,False
4622169276517035216,4732,1791359434873970349,-55.558029651,False
4622169276517035216,4733,1791359434894194227,-55.537805773,False
4622169276517035216,4734,1791359434914040240,-55.51795976,False
4622169276517035216,4735,1791359434934253085,-55.497746915,False
4622169276517035216,4736,1791359434954327369,-55.477672631,False
4622169276517035216,4737,1791359434974260578,-55.457739422,False
4622169276517035216,4738,1791359434994391412,-55.437608588,False
4622169276517035216,4739,1791359435014255472,-55.417744528,False
4622169276517035216,4740,1791359435034505156,-55.397494844,False
4622169276517035216,4741,1791359435054113371,-55.377886629,False
4622169276517035216,4742,1791359435074078460,-55.35792154,False
4622169276517035216,4743,1791359435094372489,-55.337627511,False
4622169276517035216,4744,1791359435113971125,-55.318028875,False
4622169276517035216,4745,1791359435134224490,-55.29777551,False
4622169276517035216,4746,1791359435154065182,-55.277934818,False
4622169276517035216,4747,1791359435174042110,-55.25795789,False
4622169276517035216,4748,1791359435194220562,-55.237779438,False
4622169276517035216,4749,1791359435214109759,-55.217890241,False
4622169276517035216,4750,1791359435233921275,-55.198078725,False
4622169276517035216,4751,1791359435254114919,-55.177885081,False
4622169276517035216,4752,1791359435274168509,-55.157831491,False
4622169276517035216,4753,1791359435294399292,-55.137600708,False
4622169276517035216,4754,1791359435314268520,-55.11773148,False
4622169276517035216,4755,1791359435333996307,-55.098003693,False
4622169276517035216,4756,1791359435354238572,-55.077761428,False
4622169276517035216,4757,1791359435374146947,-55.057853053,False
4622169276517035216,4758,1791359435394481396,-55.037518604,False
4622169276517035216,4759,1791359435414340409,-55.017659591,False
4622169276517035216,4760,1791359435434472461,-54.997527539,False
4622169276517035216,4761,1791359435454366097,-54.977633903,False
4622169276517035216,4762,1791359435474293503,-54.957706497,False
4622169276517035216,4763,1791359435494283135,-54.937716865,False
4622169276517035216,4764,1791359435514373038,-54.917626962,False
4622169276517035216,4765,1791359435534497223,-54.897502777,False
4622169276517035216,4766,1791359435554374543,-54.877625457,False
4622169276517035216,4767,1791359435574214248,-54.857785752,False
4622169276517035216,4768,1791359435594262934,-54.837737066,False
4622169276517035216,4769,1791359435614407782,-54.817592218,False
4622169276517035216,4770,1791359435634293726,-54.797706274,False
4622169276517035216,4771,1791359435654247086,-54.777752914,False
4622169276517035216,4772,1791359435674102974,-54.757897026,False
4622169276517035216,4773,1791359435694430118,-54.737569882,False
4622169276517035216,4774,1791359435714241155,-54.717758845,False
4622169276517035216,4775,1791359435734192652,-54.697807348,False
4622169276517035216,4776,1791359435754339486,-54.677660514,False
4622169276517035216,4777,1791359435773970190,-54.65802981,False
4622169276517035216,4778,1791359435794061307,-54.637938693,False
4622169276517035216,4779,1791359435814064402,-54.617935598,False
4622169276517035216,4780,1791359435834239003,-54.597760997,False
4622169276517035216,4781,1791359435854414183,-54.577585817,False
4622169276517035216,4782,1791359435874122223,-54.557877777,False
4622169276517035216,4783,1791359435894204265,-54.537795735,False
4622169276517035216,4784,1791359435914139086,-54.517860914,False
4622169276517035216,4785,1791359435934276200,-54.4977238,False
4622169276517035216,4786,1791359435954183669,-54.477816331,False
4622169276517035216,4787,1791359435974196366,-54.457803634,False
4622169276517035216,4788,1791359435994218986,-54.437781014,False
4622169276517035216,4789,1791359436014372028,-54.417627972,False
4622169276517035216,4790,1791359436034059948,-54.397940052,False
4622169276517035216,4791,1791359436054393017,-54.377606983,False
4622169276517035216,4792,1791359436074308316,-54.357691684,False
4622169276517035216,4793,1791359436094206792,-54.337793208,False
4622169276517035216,4794,1791359436114192376,-54.317807624,False
4622169276517035216,4795,1791359436134085055,-54.297914945,False
4622169276517035216,4796,1791359436154060235,-54.277939765,False
4622169276517035216,4797,1791359436174131787,-54.257868213,False
4622169276517035216,4798,1791359436194294075,-54.237705925,False
4622169276517035216,4799,1791359436214387909,-54.217612091,False
4622169276517035216,4800,1791359436234370645,-54.197629355,False
4622169276517035216,4801,1791359436254203386,-54.177796614,False
4622169276517035216,4802,1791359436274090509,-54.157909491,False
4622169276517035216,4803,1791359436294380698,-54.137619302,False
4622169276517035216,4804,1791359436314086785,-54.117913215,False
4622169276517035216,4805,1791359436334583472,-54.097416528,False
4622169276517035216,4806,1791359436354174749,-54.077825251,False
4622169276517035216,4807,1791359436374089568,-54.057910432,False
4622169276517035216,4808,1791359436394042268,-54.037957732,False
4622169276517035216,4809,1791359436414276612,-54.017723388,False
4622169276517035216,4810,1791359436434178274,-53.997821726,False
4622169276517035216,4811,1791359436454211617,-53.977788383,False
4622169276517035216,4812,1791359436474177129,-53.957822871,False
4622169276517035216,4813,1791359436494234292,-53.937765708,False
4622169276517035216,4814,1791359436514186646,-53.917813354,False
4622169276517035216,4815,1791359436534219543,-53.897780457,False
4622169276517035216,4816,1791359436554127386,-53.877872614,False
4622169276517035216,4817,1791359436574033948,-53.857966052,False
4622169276517035216,4818,1791359436594264166,-53.837735834,False
4622169276517035216,4819,1791359436614222627,-53.817777373,False
4622169276517035216,4820,1791359436634482542,-53.797517458,False
4622169276517035216,4821,1791359436654202090,-53.77779791,False
4622169276517035216,4822,1791359436674135827,-53.757864173,False
4622169276517035216,4823,1791359436694303462,-53.737696538,False
4622169276517035216,4824,1791359436714150624,-53.717849376,False
4622169276517035216,4825,1791359436734224102,-53.697775898,False
4622169276517035216,4826,1791359436754291921,-53.677708079,False
4622169276517035216,4827,1791359436774186714,-53.657813286,False
4622169276517035216,4828,1791359436794246646,-53.637753354,False
4622169276517035216,4829,1791359436814028806,-53.617971194,False
4622169276517035216,4830,1791359436833994910,-53.59800509,False
4622169276517035216,4831,1791359436854166345,-53.577833655,False
4622169276517035216,4832,1791359436874180865,-53.557819135,False
4622169276517035216,4833,1791359436894271843,-53.537728157,False
4622169276517035216,4834,1791359436914219119,-53.517780881,False
4622169276517035216,4835,1791359436934215737,-53.497784263,False
4622169276517035216,4836,1791359436954279992,-53.477720008,False
4622169276517035216,4837,1791359436974148032,-53.457851968,False
4622169276517035216,4838,1791359436994231346,-53.437768654,False
4622169276517035216,4839,1791359437014262804,-53.417737196,False
4622169276517035216,4840,1791359437034163497,-53.397836503,False
4622169276517035216,4841,1791359437054296246,-53.377703754,False
4622169276517035216,4842,1791359437074269705,-53.357730295,False
4622169276517035216,4843,1791359437094173975,-53.337826025,False
4622169276517035216,4844,1791359437114033812,-53.317966188,False
4622169276517035216,4845,1791359437133983507,-53.298016493,False
4622169276517035216,4846,1791359437154141824,-53.277858176,False
4622169276517035216,4847,1791359437174254843,-53.257745157,False
4622169276517035216,4848,1791359437194244848,-53.237755152,False
4622169276517035216,4849,1791359437214130690,-53.21786931,False
4622169276517035216,4850,1791359437234163846,-53.197836154,False
4622169276517035216,4851,1791359437254199865,-53.177800135,False
4622169276517035216,4852,1791359437273991644,-53.158008356,False
4622169276517035216,4853,1791359437294159589,-53.137840411,False
4622169276517035216,4854,1791359437314052949,-53.117947051,False
4622169276517035216,4855,1791359437334101265,-53.097898735,False
4622169276517035216,4856,1791359437354112918,-53.077887082,False
4622169276517035216,4857,1791359437374180459,-53.057819541,False
4622169276517035216,4858,1791359437394234833,-53.037765167,False
4622169276517035216,4859,1791359437414203073,-53.017796927,False
4622169276517035216,4860,1791359437434195753,-52.997804247,False
4622169276517035216,4861,1791359437454185482,-52.977814518,False
4622169276517035216,4862,1791359437474341308,-52.957658692,False
4622169276517035216,4863,1791359437494497088,-52.937502912,False
4622169276517035216,4864,1791359437514537858,-52.917462142,False
4622169276517035216,4865,1791359437534329322,-52.897670678,False
4622169276517035216,4866,1791359437554421479,-52.877578521,False
4622169276517035216,4867,1791359437574201282,-52.857798718,False
4622169276517035216,4868,1791359437594562078,-52.837437922,False
4622169276517035216,4869,1791359437614446326,-52.817553674,False
4622169276517035216,4870,1791359437634255654,-52.797744346,False
4622169276517035216,4871,1791359437654417314,-52.777582686,False
4622169276517035216,4872,1791359437674277732,-52.757722268,False
4622169276517035216,4873,1791359437694298360,-52.73770164,False
4622169276517035216,4874,1791359437714378883,-52.717621117,False
4622169276517035216,4875,1791359437734286985,-52.697713015,False
4622169276517035216,4876,1791359437754329941,-52.677670059,False
4622169276517035216,4877,1791359437774281010,-52.65771899,False
4622169276517035216,4878,1791359437794273252,-52.637726748,False
4622169276517035216,4879,1791359437814150353,-52.617849647,False
4622169276517035216,4880,1791359437834093480,-52.59790652,False
4622169276517035216,4881,1791359437854205024,-52.577794976,False
4622169276517035216,4882,1791359437874253104,-52.557746896,False
4622169276517035216,4883,1791359437894285470,-52.53771453,False
4622169276517035216,4884,1791359437914520467,-52.517479533,False
4622169276517035216,4885,1791359437934371895,-52.497628105,False
4622169276517035216,4886,1791359437954366566,-52.477633434,False
4622169276517035216,4887,1791359437974353682,-52.457646318,False
4622169276517035216,4888,1791359437994367215,-52.437632785,False
4622169276517035216,4889,1791359438014376828,-52.417623172,False
4622169276517035216,4890,1791359438034351928,-52.397648072,False
4622169276517035216,4891,1791359438054345699,-52.377654301,False
4622169276517035216,4892,1791359438074318449,-52.357681551,False
4622169276517035216,4893,1791359438094416652,-52.337583348,False
4622169276517035216,4894,1791359438114221577,-52.317778423,False
4622169276517035216,4895,1791359438134186581,-52.297813419,False
4622169276517035216,4896,1791359438154199325,-52.277800675,False
4622169276517035216,4897,1791359438174326898,-52.257673102,False
4622169276517035216,4898,1791359438194310694,-52.237689306,False
4622169276517035216,4899,1791359438214293582,-52.217706418,False
4622169276517035216,4900,1791359438234295015,-52.197704985,False
4622169276517035216,4901,1791359438254308049,-52.177691951,False
4622169276517035216,4902,1791359438274395095,-52.157604905,False
4622169276517035216,4903,1791359438294448955,-52.137551045,False
4622169276517035216,4904,1791359438314304339,-52.117695661,False
4622169276517035216,4905,1791359438334231305,-52.097768695,False
4622169276517035216,4906,1791359438354209553,-52.077790447,False
4622169276517035216,4907,1791359438374226608,-52.057773392,False
4622169276517035216,4908,1791359438394247195,-52.037752805,False
4622169276517035216,4909,1791359438414395157,-52.017604843,False
4622169276517035216,4910,1791359438434168024,-51.997831976,False
4622169276517035216,4911,1791359438454211837,-51.977788163,False
4622169276517035216,4912,1791359438474249892,-51.957750108,False
4622169276517035216,4913,1791359438494270606,-51.937729394,False
4622169276517035216,4914,1791359438514423057,-51.917576943,False
4622169276517035216,4915,1791359438534191614,-51.897808386,False
4622169276517035216,4916,1791359438554227712,-51.877772288,False
4622169276517035216,4917,1791359438574104643,-51.857895357,False
4622169276517035216,4918,1791359438594064628,-51.837935372,False
4622169276517035216,4919,1791359438614357267,-51.817642733,False
4622169276517035216,4920,1791359438634182092,-51.797817908,False
4622169276517035216,4921,1791359438654496324,-51.777503676,False
4622169276517035216,4922,1791359438674334976,-51.757665024,False
4622169276517035216,4923,1791359438694427727,-51.737572273,False
4622169276517035216,4924,1791359438714450377,-51.717549623,False
4622169276517035216,4925,1791359438734565590,-51.69743441,False
4622169276517035216,4926,1791359438754345291,-51.677654709,False
4622169276517035216,4927,1791359438774175577,-51.657824423,False
4622169276517035216,4928,1791359438794356207,-51.637643793,False
4622169276517035216,4929,1791359438814363044,-51.617636956,False
4622169276517035216,4930,1791359438834115538,-51.597884462,False
4622169276517035216,4931,1791359438854170196,-51.577829804,False
4622169276517035216,4932,1791359438874304165,-51.557695835,False
4622169276517035216,4933,1791359438894269269,-51.537730731,False
4622169276517035216,4934,1791359438914321901,-51.517678099,False
4622169276517035216,4935,1791359438934340016,-51.497659984,False
4622169276517035216,4936,1791359438954217306,-51.477782694,False
4622169276517035216,4937,1791359438974295899,-51.457704101,False
4622169276517035216,4938,1791359438994312004,-51.437687996,False
4622169276517035216,4939,1791359439014441140,-51.41755886,False
4622169276517035216,4940,1791359439034291544,-51.397708456,False
4622169276517035216,4941,1791359439054476738,-51.377523262,False
4622169276517035216,4942,1791359439074295165,-51.357704835,False
4622169276517035216,4943,1791359439094388308,-51.337611692,False
4622169276517035216,4944,1791359439114159342,-51.317840658,False
4622169276517035216,4945,1791359439134145506,-51.297854494,False
4622169276517035216,4946,1791359439154266332,-51.277733668,False
4622169276517035216,4947,1791359439174266606,-51.257733394,False
4622169276517035216,4948,1791359439194451781,-51.237548219,False
4622169276517035216,4949,1791359439214379871,-51.217620129,False
4622169276517035216,4950,1791359439234207835,-51.197792165,False
4622169276517035216,4951,1791359439254161358,-51.177838642,False
4622169276517035216,4952,1791359439274055205,-51.157944795,False
4622169276517035216,4953,1791359439294320204,-51.137679796,False
4622169276517035216,4954,1791359439314309941,-51.117690059,False
4622169276517035216,4955,1791359439334426865,-51.097573135,False
4622169276517035216,4956,1791359439354383488,-51.077616512,False
4622169276517035216,4957,1791359439374167847,-51.057832153,False
4622169276517035216,4958,1791359439394563857,-51.037436143,False
4622169276517035216,4959,1791359439414549451,-51.017450549,False
4622169276517035216,4960,1791359439434302252,-50.997697748,False
4622169276517035216,4961,1791359439454545471,-50.977454529,False
4622169276517035216,4962,1791359439474237483,-50.957762517,False
4622169276517035216,4963,1791359439494227672,-50.937772328,False
4622169276517035216,4964,1791359439514352555,-50.917647445,False
4622169276517035216,4965,1791359439534335649,-50.897664351,False
4622169276517035216,4966,1791359439554552390,-50.87744761,False
4622169276517035216,4967,1791359439574021372,-50.857978628,False
4622169276517035216,4968,1791359439594261119,-50.837738881,False
4622169276517035216,4969,1791359439614527783,-50.817472217,False
4622169276517035216,4970,1791359439634238348,-50.797761652,False
4622169276517035216,4971,1791359439654288701,-50.777711299,False
4622169276517035216,4972,1791359439674182613,-50.757817387,False
4622169276517035216,4973,1791359439694128599,-50.737871401,False
4622169276517035216,4974,1791359439714169682,-50.717830318,False
4622169276517035216,4975,1791359439734095255,-50.697904745,False
4622169276517035216,4976,1791359439754320532,-50.677679468,False
4622169276517035216,4977,1791359439774196456,-50.657803544,False
4622169276517035216,4978,1791359439794283909,-50.637716091,False
4622169276517035216,4979,1791359439814331103,-50.617668897,False
4622169276517035216,4980,1791359439834272368,-50.597727632,False
4622169276517035216,4981,1791359439854463940,-50.57753606,False
4622169276517035216,4982,1791359439874192191,-50.557807809,False
4622169276517035216,4983,1791359439894295050,-50.53770495,False
4622169276517035216,4984,1791359439914346665,-50.517653335,False
4622169276517035216,4985,1791359439934210789,-50.497789211,False
4622169276517035216,4986,1791359439954379077,-50.477620923,False
4622169276517035216,4987,1791359439974302072,-50.457697928,False
4622169276517035216,4988,1791359439994159430,-50.43784057,False
4622169276517035216,4989,1791359440014362993,-50.417637007,False
4622169276517035216,4990,1791359440034139865,-50.397860135,False
4622169276517035216,4991,1791359440054634001,-50.377365999,False
4622169276517035216,4992,1791359440074373173,-50.357626827,False
4622169276517035216,4993,1791359440094444437,-50.337555563,False
4622169276517035216,4994,1791359440114175487,-50.317824513,False
4622169276517035216,4995,1791359440134009453,-50.297990547,False
4622169276517035216,4996,1791359440154390108,-50.277609892,False
4622169276517035216,4997,1791359440174263379,-50.257736621,False
4622169276517035216,4998,1791359440194351413,-50.237648587,False
4622169276517035216,4999,1791359440214496221,-50.217503779,False
4622169276517035216,5000,1791359440234292099,-50.197707901,False
4622169276517035216,5001,1791359440254284699,-50.177715301,False
4622169276517035216,5002,1791359440274231672,-50.157768328,False
4622169276517035216,5003,1791359440294332317,-50.137667683,False
4622169276517035216,5004,1791359440314326521,-50.117673479,False
4622169276517035216,5005,1791359440334359947,-50.097640053,False
4622169276517035216,5006,1791359440354452323,-50.077547677,False
4622169276517035216,5007,1791359440374238337,-50.057761663,False
4622169276517035216,5008,1791359440394389406,-50.037610594,False
4622169276517035216,5009,1791359440414290935,-50.017709065,False
4622169276517035216,5010,1791359440434359221,-49.997640779,False
4622169276517035216,5011,1791359440454434932,-49.977565068,False
4622169276517035216,5012,1791359440474239763,-49.957760237,False
4622169276517035216,5013,1791359440494416806,-49.937583194,False
4622169276517035216,5014,1791359440514516777,-49.917483223,False
4622169276517035216,5015,1791359440534412018,-49.897587982,False
4622169276517035216,5016,1791359440554285990,-49.87771401,False
4622169276517035216,5017,1791359440574051228,-49.857948772,False
4622169276517035216,5018,1791359440594272716,-49.837727284,False
4622169276517035216,5019,1791359440614073144,-49.817926856,False
4622169276517035216,5020,1791359440634172219,-49.797827781,False
4622169276517035216,5021,1791359440654252721,-49.777747279,False
4622169276517035216,5022,1791359440674116955,-49.757883045,False
4622169276517035216,5023,1791359440694233002,-49.737766998,False
4622169276517035216,5024,1791359440714179340,-49.71782066,False
4622169276517035216,5025,1791359440734184346,-49.697815654,False
4622169276517035216,5026,1791359440754126483,-49.677873517,False
4622169276517035216,5027,1791359440774091490,-49.65790851,False
4622169276517035216,5028,1791359440794144806,-49.637855194,False
4622169276517035216,5029,1791359440814228825,-49.617771175,False
4622169276517035216,5030,1791359440834006107,-49.597993893,False
4622169276517035216,5031,1791359440854203641,-49.577796359,False
4622169276517035216,5032,1791359440874010318,-49.557989682,False
4622169276517035216,5033,1791359440894261554,-49.537738446,False
4622169276517035216,5034,1791359440914089268,-49.517910732,False
4622169276517035216,5035,1791359440934008421,-49.497991579,False
4622169276517035216,5036,1791359440954544623,-49.477455377,False
4622169276517035216,5037,1791359440974200206,-49.457799794,False
4622169276517035216,5038,1791359440994264846,-49.437735154,False
4622169276517035216,5039,1791359441014468579,-49.417531421,False
4622169276517035216,5040,1791359441034192311,-49.397807689,False
4622169276517035216,5041,1791359441054261172,-49.377738828,False
4622169276517035216,5042,1791359441073996269,-49.358003731,False
4622169276517035216,5043,1791359441094157240,-49.33784276,False
4622169276517035216,5044,1791359441114101886,-49.317898114,False
4622169276517035216,5045,1791359441134201052,-49.297798948,False
4622169276517035216,5046,1791359441154226082,-49.277773918,False
4622169276517035216,5047,1791359441174234909,-49.257765091,False
4622169276517035216,5048,1791359441194384372,-49.237615628,False
4622169276517035216,5049,1791359441214302993,-49.217697007,False
4622169276517035216,5050,1791359441234285743,-49.197714257,False
4622169276517035216,5051,1791359441254225768,-49.177774232,False
4622169276517035216,5052,1791359441274315591,-49.157684409,False
4622169276517035216,5053,1791359441294250780,-49.13774922,False
4622169276517035216,5054,1791359441314248917,-49.117751083,False
4622169276517035216,5055,1791359441334300290,-49.09769971,False
4622169276517035216,5056,1791359441354368411,-49.077631589,False
4622169276517035216,5057,1791359441374066985,-49.057933015,False
4622169276517035216,5058,1791359441394253075,-49.037746925,False
4622169276517035216,5059,1791359441414291691,-49.017708309,False
4622169276517035216,5060,1791359441434271281,-48.997728719,False
4622169276517035216,5061,1791359441454324483,-48.977675517,False
4622169276517035216,5062,1791359441474258736,-48.957741264,False
4622169276517035216,5063,1791359441494204848,-48.937795152,False
4622169276517035216,5064,1791359441514202127,-48.917797873,False
4622169276517035216,5065,1791359441534111966,-48.897888034,False
4622169276517035216,5066,1791359441554268943,-48.877731057,False
4622169276517035216,5067,1791359441574153222,-48.857846778,False
4622169276517035216,5068,1791359441594295989,-48.837704011,False
4622169276517035216,5069,1791359441614004424,-48.817995576,False
4622169276517035216,5070,1791359441634085843,-48.797914157,False
4622169276517035216,5071,1791359441654208140,-48.77779186,False
4622169276517035216,5072,1791359441673979301,-48.758020699,False
4622169276517035216,5073,1791359441694203465,-48.737796535,False
4622169276517035216,5074,1791359441714254414,-48.717745586,False
4622169276517035216,5075,1791359441734448494,-48.697551506,False
4622169276517035216,5076,1791359441754369091,-48.677630909,False
4622169276517035216,5077,1791359441774233545,-48.657766455,False
4622169276517035216,5078,1791359441794420572,-48.637579428,False
4622169276517035216,5079,1791359441814287734,-48.617712266,False
4622169276517035216,5080,1791359441834132557,-48.597867443,False
4622169276517035216,5081,1791359441854494443,-48.577505557,False
4622169276517035216,5082,1791359441874019412,-48.557980588,False
4622169276517035216,5083,1791359441894178042,-48.537821958,False
4622169276517035216,5084,1791359441913982873,-48.518017127,False
4622169276517035216,5085,1791359441934180784,-48.497819216,False
4622169276517035216,5086,1791359441954034494,-48.477965506,False
4622169276517035216,5087,1791359441974052810,-48.45794719,False
4622169276517035216,5088,1791359441994153360,-48.43784664,False
4622169276517035216,5089,1791359442013952470,-48.41804753,False
4622169276517035216,5090,1791359442034450395,-48.397549605,False
4622169276517035216,5091,1791359442053999243,-48.378000757,False
4622169276517035216,5092,1791359442073982799,-48.358017201,False
4622169276517035216,5093,1791359442094202570,-48.33779743,False
4622169276517035216,5094,1791359442114159385,-48.317840615,False
4622169276517035216,5095,1791359442134322979,-48.297677021,False
4622169276517035216,5096,1791359442154205354,-48.277794646,False
4622169276517035216,5097,1791359442174204022,-48.257795978,False
4622169276517035216,5098,1791359442194315982,-48.237684018,False
4622169276517035216,5099,1791359442214213971,-48.217786029,False
4622169276517035216,5100,1791359442234276958,-48.197723042,False
4622169276517035216,5101,1791359442254376100,-48.1776239,False
4622169276517035216,5102,1791359442274274582,-48.157725418,False
4622169276517035216,5103,1791359442294458770,-48.13754123,False
4622169276517035216,5104,1791359442314277482,-48.117722518,False
4622169276517035216,5105,1791359442334105838,-48.097894162,False
4622169276517035216,5106,1791359442354413814,-48.077586186,False
4622169276517035216,5107,1791359442374148777,-48.057851223,False
4622169276517035216,5108,1791359442394414725,-48.037585275,False
4622169276517035216,5109,1791359442414202902,-48.017797098,False
4622169276517035216,5110,1791359442434431269,-47.997568731,False
4622169276517035216,5111,1791359442454423874,-47.977576126,False
4622169276517035216,5112,1791359442474238316,-47.957761684,False
4622169276517035216,5113,1791359442494268139,-47.937731861,False
4622169276517035216,5114,1791359442514421796,-47.917578204,False
4622169276517035216,5115,1791359442534129011,-47.897870989,False
4622169276517035216,5116,1791359442554348052,-47.877651948,False
4622169276517035216,5117,1791359442574217603,-47.857782397,False
4622169276517035216,5118,1791359442594343478,-47.837656522,False
4622169276517035216,5119,1791359442614340666,-47.817659334,False
4622169276517035216,5120,1791359442634195451,-47.797804549,False
4622169276517035216,5121,1791359442654094670,-47.77790533,False
4622169276517035216,5122,1791359442673993698,-47.758006302,False
4622169276517035216,5123,1791359442694164486,-47.737835514,False
4622169276517035216,5124,1791359442714093392,-47.717906608,False
4622169276517035216,5125,1791359442733909643,-47.698090357,False
4622169276517035216,5126,1791359442754161961,-47.677838039,False
4622169276517035216,5127,1791359442773993957,-47.658006043,False
4622169276517035216,5128,1791359442794117118,-47.637882882,False
4622169276517035216,5129,1791359442814073496,-47.617926504,False
4622169276517035216,5130,1791359442834113623,-47.597886377,False
4622169276517035216,5131,1791359442854257682,-47.577742318,False
4622169276517035216,5132,1791359442873978186,-47.558021814,False
4622169276517035216,5133,1791359442894185043,-47.537814957,False
4622169276517035216,5134,1791359442914241060,-47.51775894,False
4622169276517035216,5135,1791359442934146860,-47.49785314,False
4622169276517035216,5136,1791359442954296087,-47.477703913,False
4622169276517035216,5137,1791359442974354700,-47.4576453,False
4622169276517035216,5138,1791359442994257794,-47.437742206,False
4622169276517035216,5139,1791359443014322123,-47.417677877,False
4622169276517035216,5140,1791359443034222262,-47.397777738,False
4622169276517035216,5141,1791359443054455704,-47.377544296,False
4622169276517035216,5142,1791359443074221267,-47.357778733,False
4622169276517035216,5143,1791359443094274063,-47.337725937,False
4622169276517035216,5144,1791359443114168020,-47.31783198,False
4622169276517035216,5145,1791359443133929796,-47.298070204,False
4622169276517035216,5146,1791359443154112507,-47.277887493,False
4622169276517035216,5147,1791359443174101456,-47.257898544,False
4622169276517035216,5148,1791359443194217778,-47.237782222,False
4622169276517035216,5149,1791359443213997315,-47.218002685,False
4622169276517035216,5150,1791359443234324779,-47.197675221,False
4622169276517035216,5151,1791359443254225135,-47.177774865,False
4622169276517035216,5152,1791359443274207347,-47.157792653,False
4622169276517035216,5153,1791359443294221691,-47.137778309,False
4622169276517035216,5154,1791359443314165473,-47.117834527,False
4622169276517035216,5155,1791359443334031247,-47.097968753,False
4622169276517035216,5156,1791359443354143146,-47.077856854,False
4622169276517035216,5157,1791359443373984910,-47.05801509,False
4622169276517035216,5158,1791359443394199279,-47.037800721,False
4622169276517035216,5159,1791359443413936169,-47.018063831,False
4622169276517035216,5160,1791359443434055286,-46.997944714,False
4622169276517035216,5161,1791359443454214136,-46.977785864,False
4622169276517035216,5162,1791359443474045867,-46.957954133,False
4622169276517035216,5163,1791359443494149390,-46.93785061,False
4622169276517035216,5164,1791359443513949279,-46.918050721,False
4622169276517035216,5165,1791359443534381293,-46.897618707,False
4622169276517035216,5166,1791359443554265216,-46.877734784,False
4622169276517035216,5167,1791359443574336882,-46.857663118,False
4622169276517035216,5168,1791359443594323080,-46.83767692,False
4622169276517035216,5169,1791359443614291935,-46.817708065,False
4622169276517035216,5170,1791359443634165913,-46.797834087,False
4622169276517035216,5171,1791359443654425183,-46.777574817,False
4622169276517035216,5172,1791359443674254867,-46.757745133,False
4622169276517035216,5173,1791359443694292076,-46.737707924,False
4622169276517035216,5174,1791359443714099129,-46.717900871,False
4622169276517035216,5175,1791359443734034095,-46.697965905,False
4622169276517035216,5176,1791359443754140211,-46.677859789,False
4622169276517035216,5177,1791359443774205816,-46.657794184,False
4622169276517035216,5178,1791359443794287248,-46.637712752,False
4622169276517035216,5179,1791359443814225192,-46.617774808,False
4622169276517035216,5180,1791359443834428574,-46.597571426,False
4622169276517035216,5181,1791359443854377545,-46.577622455,False
4622169276517035216,5182,1791359443874683414,-46.557316586,False
4622169276517035216,5183,1791359443894474792,-46.537525208,False
4622169276517035216,5184,1791359443914390727,-46.517609273,False
4622169276517035216,5185,1791359443934423366,-46.497576634,False
4622169276517035216,5186,1791359443954442990,-46.47755701,False
4622169276517035216,5187,1791359443974342150,-46.45765785,False
4622169276517035216,5188,1791359443994486766,-46.437513234,False
4622169276517035216,5189,1791359444014289650,-46.41771035,False
4622169276517035216,5190,1791359444034539931,-46.397460069,False
4622169276517035216,5191,1791359444054546347,-46.377453653,False
4622169276517035216,5192,1791359444074412415,-46.357587585,False
4622169276517035216,5193,1791359444094780455,-46.337219545,False
4622169276517035216,5194,1791359444114469387,-46.317530613,False
4622169276517035216,5195,1791359444134414116,-46.297585884,False
4622169276517035216,5196,1791359444154410178,-46.277589822,False
4622169276517035216,5197,1791359444174328073,-46.257671927,False
4622169276517035216,5198,1791359444194346971,-46.237653029,False
4622169276517035216,5199,1791359444214237679,-46.217762321,False
4622169276517035216,5200,1791359444234331555,-46.197668445,False
4622169276517035216,5201,1791359444254285261,-46.177714739,False
4622169276517035216,5202,1791359444274381188,-46.157618812,False
4622169276517035216,5203,1791359444294454081,-46.137545919,False
4622169276517035216,5204,1791359444314460013,-46.117539987,False
4622169276517035216,5205,1791359444334369307,-46.097630693,False
4622169276517035216,5206,1791359444354273658,-46.077726342,False
4622169276517035216,5207,1791359444374226015,-46.057773985,False
4622169276517035216,5208,1791359444394483735,-46.037516265,False
4622169276517035216,5209,1791359444414249953,-46.017750047,False
4622169276517035216,5210,1791359444434361952,-45.997638048,False
4622169276517035216,5211,1791359444454202876,-45.977797124,False
4622169276517035216,5212,1791359444474201826,-45.957798174,False
4622169276517035216,5213,1791359444494439226,-45.937560774,False
4622169276517035216,5214,1791359444514365855,-45.917634145,False
4622169276517035216,5215,1791359444534424000,-45.897576,False
4622169276517035216,5216,1791359444554351685,-45.877648315,False
4622169276517035216,5217,1791359444574207937,-45.857792063,False
4622169276517035216,5218,1791359444594319943,-45.837680057,False
4622169276517035216,5219,1791359444614260037,-45.817739963,False
4622169276517035216,5220,1791359444634294316,-45.797705684,False
4622169276517035216,5221,1791359444654248712,-45.777751288,False
4622169276517035216,5222,1791359444673950784,-45.758049216,False
4622169276517035216,5223,1791359444694077025,-45.737922975,False
4622169276517035216,5224,1791359444714206049,-45.717793951,False
4622169276517035216,5225,1791359444734262806,-45.697737194,False
4622169276517035216,5226,1791359444754088317,-45.677911683,False
4622169276517035216,5227,1791359444773957716,-45.658042284,False
4622169276517035216,5228,1791359444794165358,-45.637834642,False
4622169276517035216,5229,1791359444814079418,-45.617920582,False
4622169276517035216,5230,1791359444834285442,-45.597714558,False
4622169276517035216,5231,1791359444854284645,-45.577715355,False
4622169276517035216,5232,1791359444874245969,-45.557754031,False
4622169276517035216,5233,1791359444894310882,-45.537689118,False
4622169276517035216,5234,1791359444914356416,-45.517643584,False
4622169276517035216,5235,1791359444934457676,-45.497542324,False
4622169276517035216,5236,1791359444954080546,-45.477919454,False
4622169276517035216,5237,1791359444974260859,-45.457739141,False
4622169276517035216,5238,1791359444994330860,-45.43766914,False
4622169276517035216,5239,1791359445014168860,-45.41783114,False
4622169276517035216,5240,1791359445034203359,-45.397796641,False
4622169276517035216,5241,1791359445054251930,-45.37774807,False
4622169276517035216,5242,1791359445074181585,-45.357818415,False
4622169276517035216,5243,1791359445094303847,-45.337696153,False
4622169276517035216,5244,1791359445114003872,-45.317996128,False
4622169276517035216,5245,1791359445134153655,-45.297846345,False
4622169276517035216,5246,1791359445153993917,-45.278006083,False
4622169276517035216,5247,1791359445174260157,-45.257739843,False
4622169276517035216,5248,1791359445194157311,-45.237842689,False
4622169276517035216,5249,1791359445214090380,-45.21790962,False
4622169276517035216,5250,1791359445234270836,-45.197729164,False
4622169276517035216,5251,1791359445254161010,-45.17783899,False
4622169276517035216,5252,1791359445274103564,-45.157896436,False
4622169276517035216,5253,1791359445294272134,-45.137727866,False
4622169276517035216,5254,1791359445314115101,-45.117884899,False
4622169276517035216,5255,1791359445334330608,-45.097669392,False
4622169276517035216,5256,1791359445354323518,-45.077676482,False
4622169276517035216,5257,1791359445374220220,-45.05777978,False
4622169276517035216,5258,1791359445394245901,-45.037754099,False
4622169276517035216,5259,1791359445414112083,-45.017887917,False
4622169276517035216,5260,1791359445434146468,-44.997853532,False
4622169276517035216,5261,1791359445454379790,-44.97762021,False
4622169276517035216,5262,1791359445474276726,-44.957723274,False
4622169276517035216,5263,1791359445494332972,-44.937667028,False
4622169276517035216,5264,1791359445514438814,-44.917561186,False
4622169276517035216,5265,1791359445534418312,-44.897581688,False
4622169276517035216,5266,1791359445554382875,-44.877617125,False
4622169276517035216,5267,1791359445574327667,-44.857672333,False
4622169276517035216,5268,1791359445594254740,-44.83774526,False
4622169276517035216,5269,1791359445614386205,-44.817613795,False
4622169276517035216,5270,1791359445634852631,-44.797147369,False
4622169276517035216,5271,1791359445654409310,-44.77759069,False
4622169276517035216,5272,1791359445674447481,-44.757552519,False
4622169276517035216,5273,1791359445694413214,-44.737586786,False
4622169276517035216,5274,1791359445714328924,-44.717671076,False
4622169276517035216,5275,1791359445734276271,-44.697723729,False
4622169276517035216,5276,1791359445754346956,-44.677653044,False
4622169276517035216,5277,1791359445774367186,-44.657632814,False
4622169276517035216,5278,1791359445794313470,-44.63768653,False
4622169276517035216,5279,1791359445814139809,-44.617860191,False
4622169276517035216,5280,1791359445834284968,-44.597715032,False
4622169276517035216,5281,1791359445854258706,-44.577741294,False
4622169276517035216,5282,1791359445874082127,-44.557917873,False
4622169276517035216,5283,1791359445894550089,-44.537449911,False
4622169276517035216,5284,1791359445914102581,-44.517897419,False
4622169276517035216,5285,1791359445934493209,-44.497506791,False
4622169276517035216,5286,1791359445954019252,-44.477980748,False
4622169276517035216,5287,1791359445974018958,-44.457981042,False
4622169276517035216,5288,1791359445994211728,-44.437788272,False
4622169276517035216,5289,1791359446014070293,-44.417929707,False
4622169276517035216,5290,1791359446034072961,-44.397927039,False
4622169276517035216,5291,1791359446054223419,-44.377776581,False
4622169276517035216,5292,1791359446074153153,-44.357846847,False
4622169276517035216,5293,1791359446094216520,-44.33778348,False
4622169276517035216,5294,1791359446114137352,-44.317862648,False
4622169276517035216,5295,1791359446134205113,-44.297794887,False
4622169276517035216,5296,1791359446154185651,-44.277814349,False
4622169276517035216,5297,1791359446174306663,-44.257693337,False
4622169276517035216,5298,1791359446194226237,-44.237773763,False
4622169276517035216,5299,1791359446214196744,-44.217803256,False
4622169276517035216,5300,1791359446234148164,-44.197851836,False
4622169276517035216,5301,1791359446254167054,-44.177832946,False
4622169276517035216,5302,1791359446274153444,-44.157846556,False
4622169276517035216,5303,1791359446294291524,-44.137708476,False
4622169276517035216,5304,1791359446314130389,-44.117869611,False
4622169276517035216,5305,1791359446334227302,-44.097772698,False
4622169276517035216,5306,1791359446354167024,-44.077832976,False
4622169276517035216,5307,1791359446374066594,-44.057933406,False
4622169276517035216,5308,1791359446394196425,-44.037803575,False
4622169276517035216,5309,1791359446414415682,-44.017584318,False
4622169276517035216,5310,1791359446434185575,-43.997814425,False
4622169276517035216,5311,1791359446453983309,-43.978016691,False
4622169276517035216,5312,1791359446473925136,-43.958074864,False
4622169276517035216,5313,1791359446494193747,-43.937806253,False
4622169276517035216,5314,1791359446514337507,-43.917662493,False
4622169276517035216,5315,1791359446534349441,-43.897650559,False
4622169276517035216,5316,1791359446554252030,-43.87774797,False
4622169276517035216,5317,1791359446574198438,-43.857801562,False
4622169276517035216,5318,1791359446594374031,-43.837625969,False
4622169276517035216,5319,1791359446614288805,-43.817711195,False
4622169276517035216,5320,1791359446634315427,-43.797684573,False
4622169276517035216,5321,1791359446654218945,-43.777781055,False
4622169276517035216,5322,1791359446674054441,-43.757945559,False
4622169276517035216,5323,1791359446694100746,-43.737899254,False
4622169276517035216,5324,1791359446714041489,-43.717958511,False
4622169276517035216,5325,1791359446734065669,-43.697934331,False
4622169276517035216,5326,1791359446754026548,-43.677973452,False
4622169276517035216,5327,1791359446774145628,-43.657854372,False
4622169276517035216,5328,1791359446794157548,-43.637842452,False
4622169276517035216,5329,1791359446814117396,-43.617882604,False
4622169276517035216,5330,1791359446834089484,-43.597910516,False
4622169276517035216,5331,1791359446854098567,-43.577901433,False
4622169276517035216,5332,1791359446874124836,-43.557875164,False
4622169276517035216,5333,1791359446894237415,-43.537762585,False
4622169276517035216,5334,1791359446913993426,-43.518006574,False
4622169276517035216,5335,1791359446933919186,-43.498080814,False
4622169276517035216,5336,1791359446953934447,-43.478065553,False
4622169276517035216,5337,1791359446974195504,-43.457804496,False
4622169276517035216,5338,1791359446994181393,-43.437818607,False
4622169276517035216,5339,1791359447014264193,-43.417735807,False
4622169276517035216,5340,1791359447034172922,-43.397827078,False
4622169276517035216,5341,1791359447054073414,-43.377926586,False
4622169276517035216,5342,1791359447073999340,-43.35800066,False
4622169276517035216,5343,1791359447094159574,-43.337840426,False
4622169276517035216,5344,1791359447114006130,-43.31799387,False
4622169276517035216,5345,1791359447134122932,-43.297877068,False
4622169276517035216,5346,1791359447154309756,-43.277690244,False
4622169276517035216,5347,1791359447174161412,-43.257838588,False
4622169276517035216,5348,1791359447194232594,-43.237767406,False
4622169276517035216,5349,1791359447214107234,-43.217892766,False
4622169276517035216,5350,1791359447234243648,-43.197756352,False
4622169276517035216,5351,1791359447254172736,-43.177827264,False
4622169276517035216,5352,1791359447274133141,-43.157866859,False
4622169276517035216,5353,1791359447294231680,-43.13776832,False
4622169276517035216,5354,1791359447314051124,-43.117948876,False
4622169276517035216,5355,1791359447334128245,-43.097871755,False
4622169276517035216,5356,1791359447354018841,-43.077981159,False
4622169276517035216,5357,1791359447374120400,-43.0578796,False
4622169276517035216,5358,1791359447394243060,-43.03775694,False
4622169276517035216,5359,1791359447414150908,-43.017849092,False
4622169276517035216,5360,1791359447434201572,-42.997798428,False
4622169276517035216,5361,1791359447454023772,-42.977976228,False
4622169276517035216,5362,1791359447474114186,-42.957885814,False
4622169276517035216,5363,1791359447494054940,-42.93794506,False
4622169276517035216,5364,1791359447514136026,-42.917863974,False
4622169276517035216,5365,1791359447534099065,-42.897900935,False
4622169276517035216,5366,1791359447554018209,-42.877981791,False
4622169276517035216,5367,1791359447574009141,-42.857990859,False
4622169276517035216,5368,1791359447594016482,-42.837983518,False
4622169276517035216,5369,1791359447614006935,-42.817993065,False
4622169276517035216,5370,1791359447634081956,-42.797918044,False
4622169276517035216,5371,1791359447654015473,-42.777984527,False
4622169276517035216,5372,1791359447674282133,-42.757717867,False
4622169276517035216,5373,1791359447694254038,-42.737745962,False
4622169276517035216,5374,1791359447714049848,-42.717950152,False
4622169276517035216,5375,1791359447734110134,-42.697889866,False
4622169276517035216,5376,1791359447754278847,-42.677721153,False
4622169276517035216,5377,1791359447773928732,-42.658071268,False
4622169276517035216,5378,1791359447793963985,-42.638036015,False
4622169276517035216,5379,1791359447813942043,-42.618057957,False
4622169276517035216,5380,1791359447834000180,-42.59799982,False
4622169276517035216,5381,1791359447854009033,-42.577990967,False
4622169276517035216,5382,1791359447873958020,-42.55804198,False
4622169276517035216,5383,1791359447894217612,-42.537782388,False
4622169276517035216,5384,1791359447914134662,-42.517865338,False
4622169276517035216,5385,1791359447934240795,-42.497759205,False
4622169276517035216,5386,1791359447954019808,-42.477980192,False
4622169276517035216,5387,1791359447973923457,-42.458076543,False
4622169276517035216,5388,1791359447994051092,-42.437948908,False
4622169276517035216,5389,1791359448014032406,-42.417967594,False
4622169276517035216,5390,1791359448034147377,-42.397852623,False
4622169276517035216,5391,1791359448054179675,-42.377820325,False
4622169276517035216,5392,1791359448074130042,-42.357869958,False
4622169276517035216,5393,1791359448094242051,-42.337757949,False
4622169276517035216,5394,1791359448114216036,-42.317783964,False
4622169276517035216,5395,1791359448134046077,-42.297953923,False
4622169276517035216,5396,1791359448154312999,-42.277687001,False
4622169276517035216,5397,1791359448174101049,-42.257898951,False
4622169276517035216,5398,1791359448194152173,-42.237847827,False
4622169276517035216,5399,1791359448214101523,-42.217898477,False
4622169276517035216,5400,1791359448234032260,-42.19796774,False
4622169276517035216,5401,1791359448254122380,-42.17787762,False
4622169276517035216,5402,1791359448274041407,-42.157958593,False
4622169276517035216,5403,1791359448294217902,-42.137782098,False
4622169276517035216,5404,1791359448314255322,-42.117744678,False
4622169276517035216,5405,1791359448334016135,-42.097983865,False
4622169276517035216,5406,1791359448354142026,-42.077857974,False
4622169276517035216,5407,1791359448374018643,-42.057981357,False
4622169276517035216,5408,1791359448394107845,-42.037892155,False
4622169276517035216,5409,1791359448414158034,-42.017841966,False
4622169276517035216,5410,1791359448434181470,-41.99781853,False
4622169276517035216,5411,1791359448454124484,-41.977875516,False
4622169276517035216,5412,1791359448474086741,-41.957913259,False
4622169276517035216,5413,1791359448494175199,-41.937824801,False
4622169276517035216,5414,1791359448514130232,-41.917869768,False
4622169276517035216,5415,1791359448534413052,-41.897586948,False
4622169276517035216,5416,1791359448554286652,-41.877713348,False
4622169276517035216,5417,1791359448574258168,-41.857741832,False
4622169276517035216,5418,1791359448594288572,-41.837711428,False
4622169276517035216,5419,1791359448614247462,-41.817752538,False
4622169276517035216,5420,1791359448634234791,-41.797765209,False
4622169276517035216,5421,1791359448654286189,-41.777713811,False
4622169276517035216,5422,1791359448674270645,-41.757729355,False
4622169276517035216,5423,1791359448694289088,-41.737710912,False
4622169276517035216,5424,1791359448714086622,-41.717913378,False
4622169276517035216,5425,1791359448734253765,-41.697746235,False
4622169276517035216,5426,1791359448754393232,-41.677606768,False
4622169276517035216,5427,1791359448774168099,-41.657831901,False
4622169276517035216,5428,1791359448794266206,-41.637733794,False
4622169276517035216,5429,1791359448814403979,-41.617596021,False
4622169276517035216,5430,1791359448834343529,-41.597656471,False
4622169276517035216,5431,1791359448854103627,-41.577896373,False
4622169276517035216,5432,1791359448874414956,-41.557585044,False
4622169276517035216,5433,1791359448894081110,-41.53791889,False
4622169276517035216,5434,1791359448914078795,-41.517921205,False
4622169276517035216,5435,1791359448934010625,-41.497989375,False
4622169276517035216,5436,1791359448954060151,-41.477939849,False
4622169276517035216,5437,1791359448974160654,-41.457839346,False
4622169276517035216,5438,1791359448994135313,-41.437864687,False
4622169276517035216,5439,1791359449014179351,-41.417820649,False
4622169276517035216,5440,1791359449034037207,-41.397962793,False
4622169276517035216,5441,1791359449054159833,-41.377840167,False
4622169276517035216,5442,1791359449074102516,-41.357897484,False
4622169276517035216,5443,1791359449094095135,-41.337904865,False
4622169276517035216,5444,1791359449114046092,-41.317953908,False
4622169276517035216,5445,1791359449134108089,-41.297891911,False
4622169276517035216,5446,1791359449154082647,-41.277917353,False
4622169276517035216,5447,1791359449174048225,-41.257951775,False
4622169276517035216,5448,1791359449194054346,-41.237945654,False
4622169276517035216,5449,1791359449214082081,-41.217917919,False
4622169276517035216,5450,1791359449234057912,-41.197942088,False
4622169276517035216,5451,1791359449254130933,-41.177869067,False
4622169276517035216,5452,1791359449274171449,-41.157828551,False
4622169276517035216,5453,1791359449294393626,-41.137606374,False
4622169276517035216,5454,1791359449314139240,-41.11786076,False
4622169276517035216,5455,1791359449334030296,-41.097969704,False
4622169276517035216,5456,1791359449354096058,-41.077903942,False
4622169276517035216,5457,1791359449374114698,-41.057885302,False
4622169276517035216,5458,1791359449394253849,-41.037746151,False
4622169276517035216,5459,1791359449414269181,-41.017730819,False
4622169276517035216,5460,1791359449434083114,-40.997916886,False
4622169276517035216,5461,1791359449453997024,-40.978002976,False
4622169276517035216,5462,1791359449473947703,-40.958052297,False
4622169276517035216,5463,1791359449494049593,-40.937950407,False
4622169276517035216,5464,1791359449514142342,-40.917857658,False
4622169276517035216,5465,1791359449533883544,-40.898116456,False
4622169276517035216,5466,1791359449554057888,-40.877942112,False
4622169276517035216,5467,1791359449574010221,-40.857989779,False
4622169276517035216,5468,1791359449594102835,-40.837897165,False
4622169276517035216,5469,1791359449614090325,-40.817909675,False
4622169276517035216,5470,1791359449633982123,-40.798017877,False
4622169276517035216,5471,1791359449654152674,-40.777847326,False
4622169276517035216,5472,1791359449674093398,-40.757906602,False
4622169276517035216,5473,1791359449694184341,-40.737815659,False
4622169276517035216,5474,1791359449714227037,-40.717772963,False
4622169276517035216,5475,1791359449734268314,-40.697731686,False
4622169276517035216,5476,1791359449754338142,-40.677661858,False
4622169276517035216,5477,1791359449774175399,-40.657824601,False
4622169276517035216,5478,1791359449794183012,-40.637816988,False
4622169276517035216,5479,1791359449814258433,-40.617741567,False
4622169276517035216,5480,1791359449834269097,-40.597730903,False
4622169276517035216,5481,1791359449854294749,-40.577705251,False
4622169276517035216,5482,1791359449874222957,-40.557777043,False
4622169276517035216,5483,1791359449894305952,-40.537694048,False
4622169276517035216,5484,1791359449914192185,-40.517807815,False
4622169276517035216,5485,1791359449934210544,-40.497789456,False
4622169276517035216,5486,1791359449954279952,-40.477720048,False
4622169276517035216,5487,1791359449974115618,-40.457884382,False
4622169276517035216,5488,1791359449994178803,-40.437821197,False
4622169276517035216,5489,1791359450014391527,-40.417608473,False
4622169276517035216,5490,1791359450034372567,-40.397627433,False
4622169276517035216,5491,1791359450054512392,-40.377487608,False
4622169276517035216,5492,1791359450074032950,-40.35796705,False
4622169276517035216,5493,1791359450094172631,-40.337827369,False
4622169276517035216,5494,1791359450114267407,-40.317732593,False
4622169276517035216,5495,1791359450134197445,-40.297802555,False
4622169276517035216,5496,1791359450154276961,-40.277723039,False
4622169276517035216,5497,1791359450174314907,-40.257685093,False
4622169276517035216,5498,1791359450194260817,-40.237739183,False
4622169276517035216,5499,1791359450214354240,-40.21764576,False
4622169276517035216,5500,1791359450234237585,-40.197762415,False
4622169276517035216,5501,1791359450254274362,-40.177725638,False
4622169276517035216,5502,1791359450274247485,-40.157752515,False
4622169276517035216,5503,1791359450294369473,-40.137630527,False
4622169276517035216,5504,1791359450314376527,-40.117623473,False
4622169276517035216,5505,1791359450334198609,-40.097801391,False
4622169276517035216,5506,1791359450354172200,-40.0778278,False
4622169276517035216,5507,1791359450374067702,-40.057932298,False
4622169276517035216,5508,1791359450394068937,-40.037931063,False
4622169276517035216,5509,1791359450414253368,-40.017746632,False
4622169276517035216,5510,1791359450434173073,-39.997826927,False
4622169276517035216,5511,1791359450454169507,-39.977830493,False
4622169276517035216,5512,1791359450473967703,-39.958032297,False
4622169276517035216,5513,1791359450494250582,-39.937749418,False
4622169276517035216,5514,1791359450514214435,-39.917785565,False
4622169276517035216,5515,1791359450534231755,-39.897768245,False
4622169276517035216,5516,1791359450554244349,-39.877755651,False
4622169276517035216,5517,1791359450574170019,-39.857829981,False
4622169276517035216,5518,1791359450594191698,-39.837808302,False
4622169276517035216,5519,1791359450614026298,-39.817973702,False
4622169276517035216,5520,1791359450634016402,-39.797983598,False
4622169276517035216,5521,1791359450654217049,-39.777782951,False
4622169276517035216,5522,1791359450674099997,-39.757900003,False
4622169276517035216,5523,1791359450694208989,-39.737791011,False
4622169276517035216,5524,1791359450714238867,-39.717761133,False
4622169276517035216,5525,1791359450734069190,-39.69793081,False
4622169276517035216,5526,1791359450754077185,-39.677922815,False
4622169276517035216,5527,1791359450774042830,-39.65795717,False
4622169276517035216,5528,1791359450794261631,-39.637738369,False
4622169276517035216,5529,1791359450814415837,-39.617584163,False
4622169276517035216,5530,1791359450834200135,-39.597799865,False
4622169276517035216,5531,1791359450854563212,-39.577436788,False
4622169276517035216,5532,1791359450874155814,-39.557844186,False
4622169276517035216,5533,1791359450894191065,-39.537808935,False
4622169276517035216,5534,1791359450914208108,-39.517791892,False
4622169276517035216,5535,1791359450934180762,-39.497819238,False
4622169276517035216,5536,1791359450954403160,-39.47759684,False
4622169276517035216,5537,1791359450974159952,-39.457840048,False
4622169276517035216,5538,1791359450994328099,-39.437671901,False
4622169276517035216,5539,1791359451014373958,-39.417626042,False
4622169276517035216,5540,1791359451034173690,-39.39782631,False
4622169276517035216,5541,1791359451054368244,-39.377631756,False
4622169276517035216,5542,1791359451074279090,-39.35772091,False
4622169276517035216,5543,1791359451094271989,-39.337728011,False
4622169276517035216,5544,1791359451114205784,-39.317794216,False
4622169276517035216,5545,1791359451134105494,-39.297894506,False
4622169276517035216,5546,1791359451154274912,-39.277725088,False
4622169276517035216,5547,1791359451174239776,-39.257760224,False
4622169276517035216,5548,1791359451194418396,-39.237581604,False
4622169276517035216,5549,1791359451214419765,-39.217580235,False
4622169276517035216,5550,1791359451234220619,-39.197779381,False
4622169276517035216,5551,1791359451254525155,-39.177474845,False
4622169276517035216,5552,1791359451274137541,-39.157862459,False
4622169276517035216,5553,1791359451294297623,-39.137702377,False
4622169276517035216,5554,1791359451314308829,-39.117691171,False
4622169276517035216,5555,1791359451334346898,-39.097653102,False
4622169276517035216,5556,1791359451354237763,-39.077762237,False
4622169276517035216,5557,1791359451374160073,-39.057839927,False
4622169276517035216,5558,1791359451394243904,-39.037756096,False
4622169276517035216,5559,1791359451414150401,-39.017849599,False
4622169276517035216,5560,1791359451434278027,-38.997721973,False
4622169276517035216,5561,1791359451454287009,-38.977712991,False
4622169276517035216,5562,1791359451474191273,-38.957808727,False
4622169276517035216,5563,1791359451494256645,-38.937743355,False
4622169276517035216,5564,1791359451514194874,-38.917805126,False
4622169276517035216,5565,1791359451534249432,-38.897750568,False
4622169276517035216,5566,1791359451554276490,-38.87772351,False
4622169276517035216,5567,1791359451574091821,-38.857908179,False
4622169276517035216,5568,1791359451594350059,-38.837649941,False
4622169276517035216,5569,1791359451614255249,-38.817744751,False
4622169276517035216,5570,1791359451634490975,-38.797509025,False
4622169276517035216,5571,1791359451654749870,-38.77725013,False
4622169276517035216,5572,1791359451674129376,-38.757870624,False
4622169276517035216,5573,1791359451694247810,-38.73775219,False
4622169276517035216,5574,1791359451714128354,-38.717871646,False
4622169276517035216,5575,1791359451734087474,-38.697912526,False
4622169276517035216,5576,1791359451754169953,-38.677830047,False
4622169276517035216,5577,1791359451774182397,-38.657817603,False
4622169276517035216,5578,1791359451794075098,-38.637924902,False
4622169276517035216,5579,1791359451814044524,-38.617955476,False
4622169276517035216,5580,1791359451834227195,-38.597772805,False
4622169276517035216,5581,1791359451854022142,-38.577977858,False
4622169276517035216,5582,1791359451873983901,-38.558016099,False
4622169276517035216,5583,1791359451894070165,-38.537929835,False
4622169276517035216,5584,1791359451914079746,-38.517920254,False
4622169276517035216,5585,1791359451934183450,-38.49781655,False
4622169276517035216,5586,1791359451954062100,-38.4779379,False
4622169276517035216,5587,1791359451974027706,-38.457972294,False
4622169276517035216,5588,1791359451994087850,-38.43791215,False
4622169276517035216,5589,1791359452014008082,-38.417991918,False
4622169276517035216,5590,1791359452034341921,-38.397658079,False
4622169276517035216,5591,1791359452054267199,-38.377732801,False
4622169276517035216,5592,1791359452074081472,-38.357918528,False
4622169276517035216,5593,1791359452094259458,-38.337740542,False
4622169276517035216,5594,1791359452113964082,-38.318035918,False
4622169276517035216,5595,1791359452134205231,-38.297794769,False
4622169276517035216,5596,1791359452154409886,-38.277590114,False
4622169276517035216,5597,1791359452174135321,-38.257864679,False
4622169276517035216,5598,1791359452194383393,-38.237616607,False
4622169276517035216,5599,1791359452214295373,-38.217704627,False
4622169276517035216,5600,1791359452234357036,-38.197642964,False
4622169276517035216,5601,1791359452254296036,-38.177703964,False
4622169276517035216,5602,1791359452274389170,-38.15761083,False
4622169276517035216,5603,1791359452294292154,-38.137707846,False
4622169276517035216,5604,1791359452314160083,-38.117839917,False
4622169276517035216,5605,1791359452334226021,-38.097773979,False
4622169276517035216,5606,1791359452354281757,-38.077718243,False
4622169276517035216,5607,1791359452374145839,-38.057854161,False
4622169276517035216,5608,1791359452394201536,-38.037798464,False
4622169276517035216,5609,1791359452414374143,-38.017625857,False
4622169276517035216,5610,1791359452434407349,-37.997592651,False
4622169276517035216,5611,1791359452454369296,-37.977630704,False
4622169276517035216,5612,1791359452474398909,-37.957601091,False
4622169276517035216,5613,1791359452494508958,-37.937491042,False
4622169276517035216,5614,1791359452514217520,-37.91778248,False
4622169276517035216,5615,1791359452534279341,-37.897720659,False
4622169276517035216,5616,1791359452554341704,-37.877658296,False
4622169276517035216,5617,1791359452574350183,-37.857649817,False
4622169276517035216,5618,1791359452594296008,-37.837703992,False
4622169276517035216,5619,1791359452614536030,-37.81746397,False
4622169276517035216,5620,1791359452634345247,-37.797654753,False
4622169276517035216,5621,1791359452654230750,-37.77776925,False
4622169276517035216,5622,1791359452674451324,-37.757548676,False
4622169276517035216,5623,1791359452694563400,-37.7374366,False
4622169276517035216,5624,1791359452714114721,-37.717885279,False
4622169276517035216,5625,1791359452734223183,-37.697776817,False
4622169276517035216,5626,1791359452754388170,-37.67761183,False
4622169276517035216,5627,1791359452774168893,-37.657831107,False
4622169276517035216,5628,1791359452794446254,-37.637553746,False
4622169276517035216,5629,1791359452814055087,-37.617944913,False
4622169276517035216,5630,1791359452834238970,-37.59776103,False
4622169276517035216,5631,1791359452854296142,-37.577703858,False
4622169276517035216,5632,1791359452874429749,-37.557570251,False
4622169276517035216,5633,1791359452894225804,-37.537774196,False
4622169276517035216,5634,1791359452914349363,-37.517650637,False
4622169276517035216,5635,1791359452934197242,-37.497802758,False
4622169276517035216,5636,1791359452954205014,-37.477794986,False
4622169276517035216,5637,1791359452974211842,-37.457788158,False
4622169276517035216,5638,1791359452994172932,-37.437827068,False
4622169276517035216,5639,1791359453014276071,-37.417723929,False
4622169276517035216,5640,1791359453034121643,-37.397878357,False
4622169276517035216,5641,1791359453054247330,-37.37775267,False
4622169276517035216,5642,1791359453074208388,-37.357791612,False
4622169276517035216,5643,1791359453094163294,-37.337836706,False
4622169276517035216,5644,1791359453113967158,-37.318032842,False
4622169276517035216,5645,1791359453134109594,-37.297890406,False
4622169276517035216,5646,1791359453154246449,-37.277753551,False
4622169276517035216,5647,1791359453174113243,-37.257886757,False
4622169276517035216,5648,1791359453194077474,-37.237922526,False
4622169276517035216,5649,1791359453214195391,-37.217804609,False
4622169276517035216,5650,1791359453234210696,-37.197789304,False
4622169276517035216,5651,1791359453254155030,-37.17784497,False
4622169276517035216,5652,1791359453274209346,-37.157790654,False
4622169276517035216,5653,1791359453294236747,-37.137763253,False
4622169276517035216,5654,1791359453314311696,-37.117688304,False
4622169276517035216,5655,1791359453334340910,-37.09765909,False
4622169276517035216,5656,1791359453354441828,-37.077558172,False
4622169276517035216,5657,1791359453374325116,-37.057674884,False
4622169276517035216,5658,1791359453394317857,-37.037682143,False
4622169276517035216,5659,1791359453414099346,-37.017900654,False
4622169276517035216,5660,1791359453434187824,-36.997812176,False
4622169276517035216,5661,1791359453454114226,-36.977885774,False
4622169276517035216,5662,1791359453474156495,-36.957843505,False
4622169276517035216,5663,1791359453494175800,-36.9378242,False
4622169276517035216,5664,1791359453514347836,-36.917652164,False
4622169276517035216,5665,1791359453534254105,-36.897745895,False
4622169276517035216,5666,1791359453554221267,-36.877778733,False
4622169276517035216,5667,1791359453574208798,-36.857791202,False
4622169276517035216,5668,1791359453594116954,-36.837883046,False
4622169276517035216,5669,1791359453614428561,-36.817571439,False
4622169276517035216,5670,1791359453634139897,-36.797860103,False
4622169276517035216,5671,1791359453654042532,-36.777957468,False
4622169276517035216,5672,1791359453674036943,-36.757963057,False
4622169276517035216,5673,1791359453694112393,-36.737887607,False
4622169276517035216,5674,1791359453714118541,-36.717881459,False
4622169276517035216,5675,1791359453734118644,-36.697881356,False
4622169276517035216,5676,1791359453754156699,-36.677843301,False
4622169276517035216,5677,1791359453774016941,-36.657983059,False
4622169276517035216,5678,1791359453794032776,-36.637967224,False
4622169276517035216,5679,1791359453813964666,-36.618035334,False
4622169276517035216,5680,1791359453834039423,-36.597960577,False
4622169276517035216,5681,1791359453854019697,-36.577980303,False
4622169276517035216,5682,1791359453874152992,-36.557847008,False
4622169276517035216,5683,1791359453894130609,-36.537869391,False
4622169276517035216,5684,1791359453914089665,-36.517910335,False
4622169276517035216,5685,1791359453934185598,-36.497814402,False
4622169276517035216,5686,1791359453954084391,-36.477915609,False
4622169276517035216,5687,1791359453974174611,-36.457825389,False
4622169276517035216,5688,1791359453994291149,-36.437708851,False
4622169276517035216,5689,1791359454014477620,-36.41752238,False
4622169276517035216,5690,1791359454034724553,-36.397275447,False
4622169276517035216,5691,1791359454054616869,-36.377383131,False
4622169276517035216,5692,1791359454074231854,-36.357768146,False
4622169276517035216,5693,1791359454094230407,-36.337769593,False
4622169276517035216,5694,1791359454113998720,-36.31800128,False
4622169276517035216,5695,1791359454134169823,-36.297830177,False
4622169276517035216,5696,1791359454154134729,-36.277865271,False
4622169276517035216,5697,1791359454174062516,-36.257937484,False
4622169276517035216,5698,1791359454194124209,-36.237875791,False
4622169276517035216,5699,1791359454214100928,-36.217899072,False
4622169276517035216,5700,1791359454234174124,-36.197825876,False
4622169276517035216,5701,1791359454254153248,-36.177846752,False
4622169276517035216,5702,1791359454274204281,-36.157795719,False
4622169276517035216,5703,1791359454294305714,-36.137694286,False
4622169276517035216,5704,1791359454314129206,-36.117870794,False
4622169276517035216,5705,1791359454334073411,-36.097926589,False
4622169276517035216,5706,1791359454354174526,-36.077825474,False
4622169276517035216,5707,1791359454374155154,-36.057844846,False
4622169276517035216,5708,1791359454394166991,-36.037833009,False
4622169276517035216,5709,1791359454414127138,-36.017872862,False
4622169276517035216,5710,1791359454434162993,-35.997837007,False
4622169276517035216,5711,1791359454454203424,-35.977796576,False
4622169276517035216,5712,1791359454474183317,-35.957816683,False
4622169276517035216,5713,1791359454494221000,-35.937779,False
4622169276517035216,5714,1791359454514347434,-35.917652566,False
4622169276517035216,5715,1791359454534180431,-35.897819569,False
4622169276517035216,5716,1791359454554220031,-35.877779969,False
4622169276517035216,5717,1791359454574217542,-35.857782458,False
4622169276517035216,5718,1791359454594143606,-35.837856394,False
4622169276517035216,5719,1791359454614243586,-35.817756414,False
4622169276517035216,5720,1791359454634178587,-35.797821413,False
4622169276517035216,5721,1791359454654251501,-35.777748499,False
4622169276517035216,5722,1791359454674136257,-35.757863743,False
4622169276517035216,5723,1791359454694258606,-35.737741394,False
4622169276517035216,5724,1791359454714243059,-35.717756941,False
4622169276517035216,5725,1791359454734269854,-35.697730146,False
4622169276517035216,5726,1791359454754282894,-35.677717106,False
4622169276517035216,5727,1791359454774233177,-35.657766823,False
4622169276517035216,5728,1791359454794258111,-35.637741889,False
4622169276517035216,5729,1791359454813964192,-35.618035808,False
4622169276517035216,5730,1791359454834112254,-35.597887746,False
4622169276517035216,5731,1791359454854261377,-35.577738623,False
4622169276517035216,5732,1791359454874177996,-35.557822004,False
4622169276517035216,5733,1791359454894229867,-35.537770133,False
4622169276517035216,5734,1791359454914210528,-35.517789472,False
4622169276517035216,5735,1791359454934293252,-35.497706748,False
4622169276517035216,5736,1791359454954239805,-35.477760195,False
4622169276517035216,5737,1791359454974241959,-35.457758041,False
4622169276517035216,5738,1791359454994243752,-35.437756248,False
4622169276517035216,5739,1791359455014338806,-35.417661194,False
4622169276517035216,5740,1791359455034225539,-35.397774461,False
4622169276517035216,5741,1791359455054230771,-35.377769229,False
4622169276517035216,5742,1791359455074224750,-35.35777525,False
4622169276517035216,5743,1791359455094247129,-35.337752871,False
4622169276517035216,5744,1791359455114112188,-35.317887812,False
4622169276517035216,5745,1791359455134184168,-35.297815832,False
4622169276517035216,5746,1791359455154233232,-35.277766768,False
4622169276517035216,5747,1791359455174221222,-35.257778778,False
4622169276517035216,5748,1791359455194246093,-35.237753907,False
4622169276517035216,5749,1791359455214230565,-35.217769435,False
4622169276517035216,5750,1791359455234271639,-35.197728361,False
4622169276517035216,5751,1791359455254199293,-35.177800707,False
4622169276517035216,5752,1791359455274508528,-35.157491472,False
4622169276517035216,5753,1791359455294181170,-35.13781883,False
4622169276517035216,5754,1791359455314152172,-35.117847828,False
4622169276517035216,5755,1791359455334073933,-35.097926067,False
4622169276517035216,5756,1791359455354070071,-35.077929929,False
4622169276517035216,5757,1791359455373977087,-35.058022913,False
4622169276517035216,5758,1791359455394067331,-35.037932669,False
4622169276517035216,5759,1791359455414061596,-35.017938404,False
4622169276517035216,5760,1791359455434086162,-34.997913838,False
4622169276517035216,5761,1791359455453996868,-34.978003132,False
4622169276517035216,5762,1791359455474051799,-34.957948201,False
4622169276517035216,5763,1791359455493926976,-34.938073024,False
4622169276517035216,5764,1791359455514117052,-34.917882948,False
4622169276517035216,5765,1791359455533953625,-34.898046375,False
4622169276517035216,5766,1791359455553980636,-34.878019364,False
4622169276517035216,5767,1791359455574021997,-34.857978003,False
4622169276517035216,5768,1791359455594016758,-34.837983242,False
4622169276517035216,5769,1791359455614085815,-34.817914185,False
4622169276517035216,5770,1791359455634026115,-34.797973885,False
4622169276517035216,5771,1791359455654212602,-34.777787398,False
4622169276517035216,5772,1791359455674253277,-34.757746723,False
4622169276517035216,5773,1791359455694267703,-34.737732297,False
4622169276517035216,5774,1791359455714042206,-34.717957794,False
4622169276517035216,5775,1791359455734162671,-34.697837329,False
4622169276517035216,5776,1791359455754212772,-34.677787228,False
4622169276517035216,5777,1791359455774239105,-34.657760895,False
4622169276517035216,5778,1791359455794229595,-34.637770405,False
4622169276517035216,5779,1791359455814195166,-34.617804834,False
4622169276517035216,5780,1791359455833955939,-34.598044061,False
4622169276517035216,5781,1791359455853968500,-34.5780315,False
4622169276517035216,5782,1791359455873941286,-34.558058714,False
4622169276517035216,5783,1791359455894013881,-34.537986119,False
4622169276517035216,5784,1791359455914067501,-34.517932499,False
4622169276517035216,5785,1791359455934079750,-34.49792025,False
4622169276517035216,5786,1791359455954072727,-34.477927273,False
4622169276517035216,5787,1791359455974084087,-34.457915913,False
4622169276517035216,5788,1791359455994287693,-34.437712307,False
4622169276517035216,5789,1791359456014488113,-34.417511887,False
4622169276517035216,5790,1791359456034267231,-34.397732769,False
4622169276517035216,5791,1791359456054205113,-34.377794887,False
4622169276517035216,5792,1791359456074181721,-34.357818279,False
4622169276517035216,5793,1791359456094175466,-34.337824534,False
4622169276517035216,5794,1791359456113962521,-34.318037479,False
4622169276517035216,5795,1791359456134288198,-34.297711802,False
4622169276517035216,5796,1791359456154048586,-34.277951414,False
4622169276517035216,5797,1791359456174122984,-34.257877016,False
4622169276517035216,5798,1791359456194205471,-34.237794529,False
4622169276517035216,5799,1791359456214129957,-34.217870043,False
4622169276517035216,5800,1791359456234139416,-34.197860584,False
4622169276517035216,5801,1791359456254202208,-34.177797792,False
4622169276517035216,5802,1791359456274201782,-34.157798218,False
4622169276517035216,5803,1791359456294284897,-34.137715103,False
4622169276517035216,5804,1791359456314172265,-34.117827735,False
4622169276517035216,5805,1791359456333998300,-34.0980017,False
4622169276517035216,5806,1791359456354309017,-34.077690983,False
4622169276517035216,5807,1791359456374046149,-34.057953851,False
4622169276517035216,5808,1791359456394244172,-34.037755828,False
4622169276517035216,5809,1791359456414112139,-34.017887861,False
4622169276517035216,5810,1791359456434117498,-33.997882502,False
4622169276517035216,5811,1791359456454434565,-33.977565435,False
4622169276517035216,5812,1791359456474148172,-33.957851828,False
4622169276517035216,5813,1791359456494122708,-33.937877292,False
4622169276517035216,5814,1791359456514150321,-33.917849679,False
4622169276517035216,5815,1791359456534129157,-33.897870843,False
4622169276517035216,5816,1791359456554232966,-33.877767034,False
4622169276517035216,5817,1791359456574277418,-33.857722582,False
4622169276517035216,5818,1791359456594249171,-33.837750829,False
4622169276517035216,5819,1791359456614224497,-33.817775503,False
4622169276517035216,5820,1791359456634279330,-33.79772067,False
4622169276517035216,5821,1791359456654143482,-33.777856518,False
4622169276517035216,5822,1791359456674128309,-33.757871691,False
4622169276517035216,5823,1791359456694219989,-33.737780011,False
4622169276517035216,5824,1791359456714252199,-33.717747801,False
4622169276517035216,5825,1791359456734186837,-33.697813163,False
4622169276517035216,5826,1791359456754111847,-33.677888153,False
4622169276517035216,5827,1791359456773993798,-33.658006202,False
4622169276517035216,5828,1791359456794415422,-33.637584578,False
4622169276517035216,5829,1791359456814350648,-33.617649352,False
4622169276517035216,5830,1791359456834095980,-33.59790402,False
4622169276517035216,5831,1791359456853987374,-33.578012626,False
4622169276517035216,5832,1791359456874120122,-33.557879878,False
4622169276517035216,5833,1791359456894168677,-33.537831323,False
4622169276517035216,5834,1791359456914147001,-33.517852999,False
4622169276517035216,5835,1791359456934087582,-33.497912418,False
4622169276517035216,5836,1791359456954084825,-33.477915175,False
4622169276517035216,5837,1791359456974094161,-33.457905839,False
4622169276517035216,5838,1791359456994059499,-33.437940501,False
4622169276517035216,5839,1791359457013998222,-33.418001778,False
4622169276517035216,5840,1791359457034182683,-33.397817317,False
4622169276517035216,5841,1791359457054158157,-33.377841843,False
4622169276517035216,5842,1791359457074203704,-33.357796296,False
4622169276517035216,5843,1791359457094200586,-33.337799414,False
4622169276517035216,5844,1791359457113918364,-33.318081636,False
4622169276517035216,5845,1791359457134128969,-33.297871031,False
4622169276517035216,5846,1791359457154046844,-33.277953156,False
4622169276517035216,5847,1791359457174216804,-33.257783196,False
4622169276517035216,5848,1791359457194244954,-33.237755046,False
4622169276517035216,5849,1791359457214207821,-33.217792179,False
4622169276517035216,5850,1791359457234205444,-33.197794556,False
4622169276517035216,5851,1791359457254230568,-33.177769432,False
4622169276517035216,5852,1791359457274131109,-33.157868891,False
4622169276517035216,5853,1791359457294159848,-33.137840152,False
4622169276517035216,5854,1791359457314304572,-33.117695428,False
4622169276517035216,5855,1791359457334148860,-33.09785114,False
4622169276517035216,5856,1791359457354081625,-33.077918375,False
4622169276517035216,5857,1791359457374056098,-33.057943902,False
4622169276517035216,5858,1791359457394123841,-33.037876159,False
4622169276517035216,5859,1791359457413959517,-33.018040483,False
4622169276517035216,5860,1791359457434040774,-32.997959226,False
4622169276517035216,5861,1791359457454182596,-32.977817404,False
4622169276517035216,5862,1791359457474284586,-32.957715414,False
4622169276517035216,5863,1791359457494077737,-32.937922263,False
4622169276517035216,5864,1791359457514040638,-32.917959362,False
4622169276517035216,5865,1791359457533966694,-32.898033306,False
4622169276517035216,5866,1791359457554042992,-32.877957008,False
4622169276517035216,5867,1791359457574441056,-32.857558944,False
4622169276517035216,5868,1791359457594237414,-32.837762586,False
4622169276517035216,5869,1791359457614221732,-32.817778268,False
4622169276517035216,5870,1791359457634077928,-32.797922072,False
4622169276517035216,5871,1791359457654135750,-32.77786425,False
4622169276517035216,5872,1791359457674142346,-32.757857654,False
4622169276517035216,5873,1791359457694227006,-32.737772994,False
4622169276517035216,5874,1791359457714275997,-32.717724003,False
4622169276517035216,5875,1791359457734243355,-32.697756645,False
4622169276517035216,5876,1791359457754075714,-32.677924286,False
4622169276517035216,5877,1791359457774003964,-32.657996036,False
4622169276517035216,5878,1791359457794231928,-32.637768072,False
4622169276517035216,5879,1791359457814152929,-32.617847071,False
4622169276517035216,5880,1791359457834149041,-32.597850959,False
4622169276517035216,5881,1791359457854328767,-32.577671233,False
4622169276517035216,5882,1791359457874088137,-32.557911863,False
4622169276517035216,5883,1791359457894080051,-32.537919949,False
4622169276517035216,5884,1791359457914080383,-32.517919617,False
4622169276517035216,5885,1791359457933951702,-32.498048298,False
4622169276517035216,5886,1791359457954068668,-32.477931332,False
4622169276517035216,5887,1791359457973930349,-32.458069651,False
4622169276517035216,5888,1791359457993992857,-32.438007143,False
4622169276517035216,5889,1791359458014094692,-32.417905308,False
4622169276517035216,5890,1791359458034095136,-32.397904864,False
4622169276517035216,5891,1791359458054046064,-32.377953936,False
4622169276517035216,5892,1791359458074003090,-32.35799691,False
4622169276517035216,5893,1791359458094367720,-32.33763228,False
4622169276517035216,5894,1791359458114323390,-32.31767661,False
4622169276517035216,5895,1791359458134290541,-32.297709459,False
4622169276517035216,5896,1791359458154191753,-32.277808247,False
4622169276517035216,5897,1791359458174191771,-32.257808229,False
4622169276517035216,5898,1791359458194208038,-32.237791962,False
4622169276517035216,5899,1791359458214388663,-32.217611337,False
4622169276517035216,5900,1791359458234316830,-32.19768317,False
4622169276517035216,5901,1791359458254383358,-32.177616642,False
4622169276517035216,5902,1791359458274188913,-32.157811087,False
4622169276517035216,5903,1791359458294342876,-32.137657124,False
4622169276517035216,5904,1791359458314307548,-32.117692452,False
4622169276517035216,5905,1791359458334205314,-32.097794686,False
4622169276517035216,5906,1791359458354145439,-32.077854561,False
4622169276517035216,5907,1791359458374006467,-32.057993533,False
4622169276517035216,5908,1791359458394253484,-32.037746516,False
4622169276517035216,5909,1791359458414248924,-32.017751076,False
4622169276517035216,5910,1791359458434266003,-31.997733997,False
4622169276517035216,5911,1791359458454238752,-31.977761248,False
4622169276517035216,5912,1791359458474145685,-31.957854315,False
4622169276517035216,5913,1791359458494258235,-31.937741765,False
4622169276517035216,5914,1791359458514240479,-31.917759521,False
4622169276517035216,5915,1791359458533964646,-31.898035354,False
4622169276517035216,5916,1791359458554221795,-31.877778205,False
4622169276517035216,5917,1791359458574116034,-31.857883966,False
4622169276517035216,5918,1791359458594240606,-31.837759394,False
4622169276517035216,5919,1791359458614278210,-31.81772179,False
4622169276517035216,5920,1791359458634335806,-31.797664194,False
4622169276517035216,5921,1791359458654290037,-31.777709963,False
4622169276517035216,5922,1791359458674214597,-31.757785403,False
4622169276517035216,5923,1791359458694300995,-31.737699005,False
4622169276517035216,5924,1791359458714326289,-31.717673711,False
4622169276517035216,5925,1791359458734209640,-31.69779036,False
4622169276517035216,5926,1791359458754315156,-31.677684844,False
4622169276517035216,5927,1791359458774184252,-31.657815748,False
4622169276517035216,5928,1791359458794226613,-31.637773387,False
4622169276517035216,5929,1791359458814209483,-31.617790517,False
4622169276517035216,5930,1791359458834342593,-31.597657407,False
4622169276517035216,5931,1791359458854377434,-31.577622566,False
4622169276517035216,5932,1791359458874149273,-31.557850727,False
4622169276517035216,5933,1791359458894280081,-31.537719919,False
4622169276517035216,5934,1791359458913959714,-31.518040286,False
4622169276517035216,5935,1791359458934131407,-31.497868593,False
4622169276517035216,5936,1791359458954048110,-31.47795189,False
4622169276517035216,5937,1791359458973931098,-31.458068902,False
4622169276517035216,5938,1791359458994169839,-31.437830161,False
4622169276517035216,5939,1791359459014016070,-31.41798393,False
4622169276517035216,5940,1791359459033983358,-31.398016642,False
4622169276517035216,5941,1791359459054144643,-31.377855357,False
4622169276517035216,5942,1791359459074173284,-31.357826716,False
4622169276517035216,5943,1791359459094131517,-31.337868483,False
4622169276517035216,5944,1791359459113950272,-31.318049728,False
4622169276517035216,5945,1791359459134100619,-31.297899381,False
4622169276517035216,5946,1791359459154118312,-31.277881688,False
4622169276517035216,5947,1791359459174234692,-31.257765308,False
4622169276517035216,5948,1791359459194249361,-31.237750639,False
4622169276517035216,5949,1791359459214142562,-31.217857438,False
4622169276517035216,5950,1791359459234536729,-31.197463271,False
4622169276517035216,5951,1791359459254226561,-31.177773439,False
4622169276517035216,5952,1791359459274244750,-31.15775525,False
4622169276517035216,5953,1791359459294285761,-31.137714239,False
4622169276517035216,5954,1791359459314203283,-31.117796717,False
4622169276517035216,5955,1791359459334129120,-31.09787088,False
4622169276517035216,5956,1791359459353975537,-31.078024463,False
4622169276517035216,5957,1791359459374015001,-31.057984999,False
4622169276517035216,5958,1791359459394051394,-31.037948606,False
4622169276517035216,5959,1791359459413935147,-31.018064853,False
4622169276517035216,5960,1791359459433988055,-30.998011945,False
4622169276517035216,5961,1791359459453998483,-30.978001517,False
4622169276517035216,5962,1791359459474098643,-30.957901357,False
4622169276517035216,5963,1791359459494065627,-30.937934373,False
4622169276517035216,5964,1791359459514010517,-30.917989483,False
4622169276517035216,5965,1791359459534093997,-30.897906003,False
4622169276517035216,5966,1791359459554171735,-30.877828265,False
4622169276517035216,5967,1791359459574183978,-30.857816022,False
4622169276517035216,5968,1791359459594179705,-30.837820295,False
4622169276517035216,5969,1791359459614178991,-30.817821009,False
4622169276517035216,5970,1791359459634119591,-30.797880409,False
4622169276517035216,5971,1791359459654037876,-30.777962124,False
4622169276517035216,5972,1791359459674395156,-30.757604844,False
4622169276517035216,5973,1791359459694181495,-30.737818505,False
4622169276517035216,5974,1791359459714245065,-30.717754935,False
4622169276517035216,5975,1791359459734281362,-30.697718638,False
4622169276517035216,5976,1791359459754227400,-30.6777726,False
4622169276517035216,5977,1791359459774288638,-30.657711362,False
4622169276517035216,5978,1791359459794175019,-30.637824981,False
4622169276517035216,5979,1791359459814159482,-30.617840518,False
4622169276517035216,5980,1791359459834070132,-30.597929868,False
4622169276517035216,5981,1791359459854109378,-30.577890622,False
4622169276517035216,5982,1791359459874204596,-30.557795404,False
4622169276517035216,5983,1791359459894218472,-30.537781528,False
4622169276517035216,5984,1791359459914240884,-30.517759116,False
4622169276517035216,5985,1791359459934233034,-30.497766966,False
4622169276517035216,5986,1791359459954236093,-30.477763907,False
4622169276517035216,5987,1791359459974284692,-30.457715308,False
4622169276517035216,5988,1791359459994259925,-30.437740075,False
4622169276517035216,5989,1791359460013997177,-30.418002823,False
4622169276517035216,5990,1791359460034227901,-30.397772099,False
4622169276517035216,5991,1791359460054255985,-30.377744015,False
4622169276517035216,5992,1791359460074159908,-30.357840092,False
4622169276517035216,5993,1791359460094309275,-30.337690725,False
4622169276517035216,5994,1791359460114051787,-30.317948213,False
4622169276517035216,5995,1791359460134211866,-30.297788134,False
4622169276517035216,5996,1791359460154086562,-30.277913438,False
4622169276517035216,5997,1791359460173905565,-30.258094435,False
4622169276517035216,5998,1791359460193970582,-30.238029418,False
4622169276517035216,5999,1791359460214159708,-30.217840292,False
4622169276517035216,6000,1791359460234225519,-30.197774481,False
4622169276517035216,6001,1791359460254121587,-30.177878413,False
4622169276517035216,6002,1791359460274187089,-30.157812911,False
4622169276517035216,6003,1791359460294161286,-30.137838714,False
4622169276517035216,6004,1791359460314138979,-30.117861021,False
4622169276517035216,6005,1791359460334215410,-30.09778459,False
4622169276517035216,6006,1791359460354179824,-30.077820176,False
4622169276517035216,6007,1791359460374186023,-30.057813977,False
4622169276517035216,6008,1791359460394204904,-30.037795096,False
4622169276517035216,6009,1791359460414187976,-30.017812024,False
4622169276517035216,6010,1791359460434307087,-29.997692913,False
4622169276517035216,6011,1791359460454136002,-29.977863998,False
4622169276517035216,6012,1791359460474121664,-29.957878336,False
4622169276517035216,6013,1791359460494176845,-29.937823155,False
4622169276517035216,6014,1791359460514083702,-29.917916298,False
4622169276517035216,6015,1791359460534165811,-29.897834189,False
4622169276517035216,6016,1791359460554167474,-29.877832526,False
4622169276517035216,6017,1791359460574154709,-29.857845291,False
4622169276517035216,6018,1791359460594153269,-29.837846731,False
4622169276517035216,6019,1791359460614230241,-29.817769759,False
4622169276517035216,6020,1791359460634142752,-29.797857248,False
4622169276517035216,6021,1791359460654299677,-29.777700323,False
4622169276517035216,6022,1791359460674246665,-29.757753335,False
4622169276517035216,6023,1791359460694095848,-29.737904152,False
4622169276517035216,6024,1791359460714062585,-29.717937415,False
4622169276517035216,6025,1791359460734088404,-29.697911596,False
4622169276517035216,6026,1791359460754215929,-29.677784071,False
4622169276517035216,6027,1791359460774148497,-29.657851503,False
4622169276517035216,6028,1791359460794274103,-29.637725897,False
4622169276517035216,6029,1791359460814224276,-29.617775724,False
4622169276517035216,6030,1791359460834227612,-29.597772388,False
4622169276517035216,6031,1791359460854089295,-29.577910705,False
4622169276517035216,6032,1791359460874067854,-29.557932146,False
4622169276517035216,6033,1791359460894097990,-29.53790201,False
4622169276517035216,6034,1791359460913959105,-29.518040895,False
4622169276517035216,6035,1791359460933969766,-29.498030234,False
4622169276517035216,6036,1791359460953942283,-29.478057717,False
4622169276517035216,6037,1791359460974091111,-29.457908889,False
4622169276517035216,6038,1791359460994144714,-29.437855286,False
4622169276517035216,6039,1791359461013964601,-29.418035399,False
4622169276517035216,6040,1791359461033994182,-29.398005818,False
4622169276517035216,6041,1791359461054161479,-29.377838521,False
4622169276517035216,6042,1791359461073893044,-29.358106956,False
4622169276517035216,6043,1791359461094062298,-29.337937702,False
4622169276517035216,6044,1791359461114004612,-29.317995388,False
4622169276517035216,6045,1791359461133990680,-29.29800932,False
4622169276517035216,6046,1791359461154023606,-29.277976394,False
4622169276517035216,6047,1791359461174023948,-29.257976052,False
4622169276517035216,6048,1791359461194303983,-29.237696017,False
4622169276517035216,6049,1791359461214035804,-29.217964196,False
4622169276517035216,6050,1791359461234338723,-29.197661277,False
4622169276517035216,6051,1791359461254023681,-29.177976319,False
4622169276517035216,6052,1791359461274122191,-29.157877809,False
4622169276517035216,6053,1791359461294198445,-29.137801555,False
4622169276517035216,6054,1791359461314078903,-29.117921097,False
4622169276517035216,6055,1791359461334031943,-29.097968057,False
4622169276517035216,6056,1791359461354085642,-29.077914358,False
4622169276517035216,6057,1791359461373910868,-29.058089132,False
4622169276517035216,6058,1791359461393974290,-29.03802571,False
4622169276517035216,6059,1791359461414069413,-29.017930587,False
4622169276517035216,6060,1791359461434052321,-28.997947679,False
4622169276517035216,6061,1791359461453981516,-28.978018484,False
4622169276517035216,6062,1791359461474138621,-28.957861379,False
4622169276517035216,6063,1791359461494263430,-28.93773657,False
4622169276517035216,6064,1791359461513928442,-28.918071558,False
4622169276517035216,6065,1791359461534000330,-28.89799967,False
4622169276517035216,6066,1791359461553944779,-28.878055221,False
4622169276517035216,6067,1791359461573985482,-28.858014518,False
4622169276517035216,6068,1791359461593976255,-28.838023745,False
4622169276517035216,6069,1791359461613956439,-28.818043561,False
4622169276517035216,6070,1791359461634049106,-28.797950894,False
4622169276517035216,6071,1791359461654141670,-28.77785833,False
4622169276517035216,6072,1791359461674292547,-28.757707453,False
4622169276517035216,6073,1791359461694239934,-28.737760066,False
4622169276517035216,6074,1791359461714217778,-28.717782222,False
4622169276517035216,6075,1791359461734141206,-28.697858794,False
4622169276517035216,6076,1791359461753985995,-28.678014005,False
4622169276517035216,6077,1791359461774209615,-28.657790385,False
4622169276517035216,6078,1791359461794199933,-28.637800067,False
4622169276517035216,6079,1791359461814298642,-28.617701358,False
4622169276517035216,6080,1791359461834209104,-28.597790896,False
4622169276517035216,6081,1791359461854196628,-28.577803372,False
4622169276517035216,6082,1791359461874193285,-28.557806715,False
4622169276517035216,6083,1791359461894197642,-28.537802358,False
4622169276517035216,6084,1791359461914279977,-28.517720023,False
4622169276517035216,6085,1791359461934186217,-28.497813783,False
4622169276517035216,6086,1791359461954201309,-28.477798691,False
4622169276517035216,6087,1791359461974127591,-28.457872409,False
4622169276517035216,6088,1791359461994200866,-28.437799134,False
4622169276517035216,6089,1791359462013996416,-28.418003584,False
4622169276517035216,6090,1791359462034156306,-28.397843694,False
4622169276517035216,6091,1791359462054143519,-28.377856481,False
4622169276517035216,6092,1791359462074087161,-28.357912839,False
4622169276517035216,6093,1791359462094121441,-28.337878559,False
4622169276517035216,6094,1791359462113992379,-28.318007621,False
4622169276517035216,6095,1791359462133972211,-28.298027789,False
4622169276517035216,6096,1791359462154157345,-28.277842655,False
4622169276517035216,6097,1791359462174216735,-28.257783265,False
4622169276517035216,6098,1791359462194250027,-28.237749973,False
4622169276517035216,6099,1791359462214179566,-28.217820434,False
4622169276517035216,6100,1791359462234206699,-28.197793301,False
4622169276517035216,6101,1791359462254268706,-28.177731294,False
4622169276517035216,6102,1791359462274036861,-28.157963139,False
4622169276517035216,6103,1791359462294044849,-28.137955151,False
4622169276517035216,6104,1791359462313987526,-28.118012474,False
4622169276517035216,6105,1791359462334058232,-28.097941768,False
4622169276517035216,6106,1791359462354055389,-28.077944611,False
4622169276517035216,6107,1791359462374032808,-28.057967192,False
4622169276517035216,6108,1791359462394172671,-28.037827329,False
4622169276517035216,6109,1791359462414153680,-28.01784632,False
4622169276517035216,6110,1791359462434144879,-27.997855121,False
4622169276517035216,6111,1791359462454051017,-27.977948983,False
4622169276517035216,6112,1791359462474074717,-27.957925283,False
4622169276517035216,6113,1791359462494209936,-27.937790064,False
4622169276517035216,6114,1791359462514123110,-27.91787689,False
4622169276517035216,6115,1791359462534081060,-27.89791894,False
4622169276517035216,6116,1791359462554061874,-27.877938126,False
4622169276517035216,6117,1791359462574052965,-27.857947035,False
4622169276517035216,6118,1791359462594056650,-27.83794335,False
4622169276517035216,6119,1791359462614135574,-27.817864426,False
4622169276517035216,6120,1791359462634244484,-27.797755516,False
4622169276517035216,6121,1791359462654223921,-27.777776079,False
4622169276517035216,6122,1791359462674195886,-27.757804114,False
4622169276517035216,6123,1791359462694147386,-27.737852614,False
4622169276517035216,6124,1791359462714108854,-27.717891146,False
4622169276517035216,6125,1791359462734326279,-27.697673721,False
4622169276517035216,6126,1791359462754218568,-27.677781432,False
4622169276517035216,6127,1791359462774210863,-27.657789137,False
4622169276517035216,6128,1791359462794187151,-27.637812849,False
4622169276517035216,6129,1791359462814125276,-27.617874724,False
4622169276517035216,6130,1791359462834182926,-27.597817074,False
4622169276517035216,6131,1791359462854127047,-27.577872953,False
4622169276517035216,6132,1791359462874113688,-27.557886312,False
4622169276517035216,6133,1791359462894196621,-27.537803379,False
4622169276517035216,6134,1791359462914364337,-27.517635663,False
4622169276517035216,6135,1791359462933971702,-27.498028298,False
4622169276517035216,6136,1791359462953963959,-27.478036041,False
4622169276517035216,6137,1791359462974216726,-27.457783274,False
4622169276517035216,6138,1791359462994355937,-27.437644063,False
4622169276517035216,6139,1791359463014254480,-27.41774552,False
4622169276517035216,6140,1791359463034043749,-27.397956251,False
4622169276517035216,6141,1791359463054079985,-27.377920015,False
4622169276517035216,6142,1791359463074114817,-27.357885183,False
4622169276517035216,6143,1791359463094260031,-27.337739969,False
4622169276517035216,6144,1791359463114083212,-27.317916788,False
4622169276517035216,6145,1791359463134015519,-27.297984481,False
4622169276517035216,6146,1791359463154052993,-27.277947007,False
4622169276517035216,6147,1791359463174164322,-27.257835678,False
4622169276517035216,6148,1791359463194265412,-27.237734588,False
4622169276517035216,6149,1791359463214229930,-27.21777007,False
4622169276517035216,6150,1791359463234239775,-27.197760225,False
4622169276517035216,6151,1791359463254170946,-27.177829054,False
4622169276517035216,6152,1791359463274249765,-27.157750235,False
4622169276517035216,6153,1791359463294249514,-27.137750486,False
4622169276517035216,6154,1791359463314236910,-27.11776309,False
4622169276517035216,6155,1791359463334035056,-27.097964944,False
4622169276517035216,6156,1791359463354033166,-27.077966834,False
4622169276517035216,6157,1791359463373927073,-27.058072927,False
4622169276517035216,6158,1791359463394072360,-27.03792764,False
4622169276517035216,6159,1791359463414126320,-27.01787368,False
4622169276517035216,6160,1791359463434085761,-26.997914239,False
4622169276517035216,6161,1791359463454009264,-26.977990736,False
4622169276517035216,6162,1791359463474060403,-26.957939597,False
4622169276517035216,6163,1791359463494264259,-26.937735741,False
4622169276517035216,6164,1791359463514293953,-26.917706047,False
4622169276517035216,6165,1791359463534035867,-26.897964133,False
4622169276517035216,6166,1791359463554069224,-26.877930776,False
4622169276517035216,6167,1791359463574170942,-26.857829058,False
4622169276517035216,6168,1791359463594139048,-26.837860952,False
4622169276517035216,6169,1791359463614270725,-26.817729275,False
4622169276517035216,6170,1791359463634226658,-26.797773342,False
4622169276517035216,6171,1791359463654233193,-26.777766807,False
4622169276517035216,6172,1791359463674200082,-26.757799918,False
4622169276517035216,6173,1791359463694230379,-26.737769621,False
4622169276517035216,6174,1791359463714117859,-26.717882141,False
4622169276517035216,6175,1791359463734294421,-26.697705579,False
4622169276517035216,6176,1791359463754139918,-26.677860082,False
4622169276517035216,6177,1791359463774214849,-26.657785151,False
4622169276517035216,6178,1791359463794243102,-26.637756898,False
4622169276517035216,6179,1791359463814229935,-26.617770065,False
4622169276517035216,6180,1791359463834228350,-26.59777165,False
4622169276517035216,6181,1791359463854192449,-26.577807551,False
4622169276517035216,6182,1791359463873947881,-26.558052119,False
4622169276517035216,6183,1791359463894049551,-26.537950449,False
4622169276517035216,6184,1791359463914054499,-26.517945501,False
4622169276517035216,6185,1791359463934103797,-26.497896203,False
4622169276517035216,6186,1791359463954229981,-26.477770019,False
4622169276517035216,6187,1791359463974212499,-26.457787501,False
4622169276517035216,6188,1791359463994269248,-26.437730752,False
4622169276517035216,6189,1791359464014216326,-26.417783674,False
4622169276517035216,6190,1791359464034259883,-26.397740117,False
4622169276517035216,6191,1791359464054166932,-26.377833068,False
4622169276517035216,6192,1791359464074210748,-26.357789252,False
4622169276517035216,6193,1791359464094176585,-26.337823415,False
4622169276517035216,6194,1791359464114087743,-26.317912257,False
4622169276517035216,6195,1791359464134061520,-26.29793848,False
4622169276517035216,6196,1791359464154120294,-26.277879706,False
4622169276517035216,6197,1791359464174209650,-26.25779035,False
4622169276517035216,6198,1791359464194250695,-26.237749305,False
4622169276517035216,6199,1791359464214217841,-26.217782159,False
4622169276517035216,6200,1791359464234231092,-26.197768908,False
4622169276517035216,6201,1791359464254192900,-26.1778071,False
4622169276517035216,6202,1791359464274270910,-26.15772909,False
4622169276517035216,6203,1791359464294264281,-26.137735719,False
4622169276517035216,6204,1791359464314147740,-26.11785226,False
4622169276517035216,6205,1791359464334186775,-26.097813225,False
4622169276517035216,6206,1791359464354094711,-26.077905289,False
4622169276517035216,6207,1791359464373996119,-26.058003881,False
4622169276517035216,6208,1791359464394109336,-26.037890664,False
4622169276517035216,6209,1791359464414004810,-26.01799519,False
4622169276517035216,6210,1791359464434154542,-25.997845458,False
4622169276517035216,6211,1791359464454119660,-25.97788034,False
4622169276517035216,6212,1791359464474234877,-25.957765123,False
4622169276517035216,6213,1791359464494268137,-25.937731863,False
4622169276517035216,6214,1791359464514340041,-25.917659959,False
4622169276517035216,6215,1791359464534312039,-25.897687961,False
4622169276517035216,6216,1791359464554200460,-25.87779954,False
4622169276517035216,6217,1791359464574233492,-25.857766508,False
4622169276517035216,6218,1791359464594230450,-25.83776955,False
4622169276517035216,6219,1791359464614282377,-25.817717623,False
4622169276517035216,6220,1791359464634210625,-25.797789375,False
4622169276517035216,6221,1791359464654194082,-25.777805918,False
4622169276517035216,6222,1791359464674341216,-25.757658784,False
4622169276517035216,6223,1791359464694358052,-25.737641948,False
4622169276517035216,6224,1791359464714223391,-25.717776609,False
4622169276517035216,6225,1791359464734155029,-25.697844971,False
4622169276517035216,6226,1791359464754188439,-25.677811561,False
4622169276517035216,6227,1791359464774207008,-25.657792992,False
4622169276517035216,6228,1791359464794273991,-25.637726009,False
4622169276517035216,6229,1791359464814185100,-25.6178149,False
4622169276517035216,6230,1791359464834263856,-25.597736144,False
4622169276517035216,6231,1791359464854161554,-25.577838446,False
4622169276517035216,6232,1791359464874236321,-25.557763679,False
4622169276517035216,6233,1791359464894242838,-25.537757162,False
4622169276517035216,6234,1791359464914153835,-25.517846165,False
4622169276517035216,6235,1791359464934002401,-25.497997599,False
4622169276517035216,6236,1791359464953897898,-25.478102102,False
4622169276517035216,6237,1791359464973949125,-25.458050875,False
4622169276517035216,6238,1791359464994111370,-25.43788863,False
4622169276517035216,6239,1791359465014172274,-25.417827726,False
4622169276517035216,6240,1791359465034116150,-25.39788385,False
4622169276517035216,6241,1791359465054010188,-25.377989812,False
4622169276517035216,6242,1791359465074104406,-25.357895594,False
4622169276517035216,6243,1791359465094119790,-25.33788021,False
4622169276517035216,6244,1791359465114053294,-25.317946706,False
4622169276517035216,6245,1791359465134049777,-25.297950223,False
4622169276517035216,6246,1791359465154150840,-25.27784916,False
4622169276517035216,6247,1791359465174133191,-25.257866809,False
4622169276517035216,6248,1791359465194138972,-25.237861028,False
4622169276517035216,6249,1791359465214211702,-25.217788298,False
4622169276517035216,6250,1791359465234118496,-25.197881504,False
4622169276517035216,6251,1791359465254280168,-25.177719832,False
4622169276517035216,6252,1791359465274184562,-25.157815438,False
4622169276517035216,6253,1791359465294217659,-25.137782341,False
4622169276517035216,6254,1791359465314147480,-25.11785252,False
4622169276517035216,6255,1791359465334157789,-25.097842211,False
4622169276517035216,6256,1791359465354082022,-25.077917978,False
4622169276517035216,6257,1791359465374048055,-25.057951945,False
4622169276517035216,6258,1791359465394135570,-25.03786443,False
4622169276517035216,6259,1791359465414030102,-25.017969898,False
4622169276517035216,6260,1791359465434030544,-24.997969456,False
4622169276517035216,6261,1791359465454165648,-24.977834352,False
4622169276517035216,6262,1791359465474167670,-24.95783233,False
4622169276517035216,6263,1791359465494263748,-24.937736252,False
4622169276517035216,6264,1791359465514054283,-24.917945717,False
4622169276517035216,6265,1791359465534273964,-24.897726036,False
4622169276517035216,6266,1791359465554102012,-24.877897988,False
4622169276517035216,6267,1791359465574115143,-24.857884857,False
4622169276517035216,6268,1791359465594148418,-24.837851582,False
4622169276517035216,6269,1791359465614206316,-24.817793684,False
4622169276517035216,6270,1791359465634243528,-24.797756472,False
4622169276517035216,6271,1791359465654215312,-24.777784688,False
4622169276517035216,6272,1791359465674178841,-24.757821159,False
4622169276517035216,6273,1791359465694226081,-24.737773919,False
4622169276517035216,6274,1791359465714251681,-24.717748319,False
4622169276517035216,6275,1791359465734098014,-24.697901986,False
4622169276517035216,6276,1791359465754203307,-24.677796693,False
4622169276517035216,6277,1791359465774240863,-24.657759137,False
4622169276517035216,6278,1791359465794240058,-24.637759942,False
4622169276517035216,6279,1791359465814222517,-24.617777483,False
4622169276517035216,6280,1791359465834221168,-24.597778832,False
4622169276517035216,6281,1791359465854209282,-24.577790718,False
4622169276517035216,6282,1791359465874245227,-24.557754773,False
4622169276517035216,6283,1791359465894296180,-24.53770382,False
4622169276517035216,6284,1791359465914218462,-24.517781538,False
4622169276517035216,6285,1791359465934240465,-24.497759535,False
4622169276517035216,6286,1791359465954214869,-24.477785131,False
4622169276517035216,6287,1791359465974208349,-24.457791651,False
4622169276517035216,6288,1791359465994205364,-24.437794636,False
4622169276517035216,6289,1791359466014074876,-24.417925124,False
4622169276517035216,6290,1791359466034134799,-24.397865201,False
4622169276517035216,6291,1791359466054185329,-24.377814671,False
4622169276517035216,6292,1791359466074055865,-24.357944135,False
4622169276517035216,6293,1791359466094109502,-24.337890498,False
4622169276517035216,6294,1791359466114080484,-24.317919516,False
4622169276517035216,6295,1791359466134010011,-24.297989989,False
4622169276517035216,6296,1791359466154064871,-24.277935129,False
4622169276517035216,6297,1791359466174298109,-24.257701891,False
4622169276517035216,6298,1791359466194191681,-24.237808319,False
4622169276517035216,6299,1791359466214220506,-24.217779494,False
4622169276517035216,6300,1791359466234201759,-24.197798241,False
4622169276517035216,6301,1791359466254230496,-24.177769504,False
4622169276517035216,6302,1791359466274211175,-24.157788825,False
4622169276517035216,6303,1791359466294232276,-24.137767724,False
4622169276517035216,6304,1791359466314181484,-24.117818516,False
4622169276517035216,6305,1791359466334249874,-24.097750126,False
4622169276517035216,6306,1791359466354190172,-24.077809828,False
4622169276517035216,6307,1791359466374179442,-24.057820558,False
4622169276517035216,6308,1791359466394182209,-24.037817791,False
4622169276517035216,6309,1791359466414033250,-24.01796675,False
4622169276517035216,6310,1791359466434104229,-23.997895771,False
4622169276517035216,6311,1791359466454057934,-23.977942066,False
4622169276517035216,6312,1791359466474068223,-23.957931777,False
4622169276517035216,6313,1791359466494221591,-23.937778409,False
4622169276517035216,6314,1791359466514014706,-23.917985294,False
4622169276517035216,6315,1791359466534211019,-23.897788981,False
4622169276517035216,6316,1791359466554141475,-23.877858525,False
4622169276517035216,6317,1791359466574186820,-23.85781318,False
4622169276517035216,6318,1791359466594218715,-23.837781285,False
4622169276517035216,6319,1791359466614262449,-23.817737551,False
4622169276517035216,6320,1791359466634255949,-23.797744051,False
4622169276517035216,6321,1791359466654249960,-23.77775004,False
4622169276517035216,6322,1791359466674232501,-23.757767499,False
4622169276517035216,6323,1791359466694191285,-23.737808715,False
4622169276517035216,6324,1791359466714159785,-23.717840215,False
4622169276517035216,6325,1791359466734220761,-23.697779239,False
4622169276517035216,6326,1791359466754261947,-23.677738053,False
4622169276517035216,6327,1791359466774276233,-23.657723767,False
4622169276517035216,6328,1791359466794247455,-23.637752545,False
4622169276517035216,6329,1791359466814355972,-23.617644028,False
4622169276517035216,6330,1791359466834212767,-23.597787233,False
4622169276517035216,6331,1791359466854302794,-23.577697206,False
4622169276517035216,6332,1791359466874271205,-23.557728795,False
4622169276517035216,6333,1791359466894238056,-23.537761944,False
4622169276517035216,6334,1791359466914107642,-23.517892358,False
4622169276517035216,6335,1791359466934157938,-23.497842062,False
4622169276517035216,6336,1791359466954192907,-23.477807093,False
4622169276517035216,6337,1791359466973945966,-23.458054034,False
4622169276517035216,6338,1791359466994087547,-23.437912453,False
4622169276517035216,6339,1791359467014072786,-23.417927214,False
4622169276517035216,6340,1791359467034161054,-23.397838946,False
4622169276517035216,6341,1791359467054141683,-23.377858317,False
4622169276517035216,6342,1791359467073993293,-23.358006707,False
4622169276517035216,6343,1791359467094124516,-23.337875484,False
4622169276517035216,6344,1791359467114097046,-23.317902954,False
4622169276517035216,6345,1791359467134121980,-23.29787802,False
4622169276517035216,6346,1791359467154060397,-23.277939603,False
4622169276517035216,6347,1791359467174162286,-23.257837714,False
4622169276517035216,6348,1791359467194240295,-23.237759705,False
4622169276517035216,6349,1791359467214211379,-23.217788621,False
4622169276517035216,6350,1791359467234160569,-23.197839431,False
4622169276517035216,6351,1791359467254246012,-23.177753988,False
4622169276517035216,6352,1791359467274210131,-23.157789869,False
4622169276517035216,6353,1791359467294235144,-23.137764856,False
4622169276517035216,6354,1791359467314242843,-23.117757157,False
4622169276517035216,6355,1791359467334253107,-23.097746893,False
4622169276517035216,6356,1791359467354235214,-23.077764786,False
4622169276517035216,6357,1791359467374083963,-23.057916037,False
4622169276517035216,6358,1791359467394224300,-23.0377757,False
4622169276517035216,6359,1791359467414022664,-23.017977336,False
4622169276517035216,6360,1791359467434242106,-22.997757894,False
4622169276517035216,6361,1791359467454178070,-22.97782193,False
4622169276517035216,6362,1791359467474124123,-22.957875877,False
4622169276517035216,6363,1791359467494222346,-22.937777654,False
4622169276517035216,6364,1791359467514127391,-22.917872609,False
4622169276517035216,6365,1791359467534065399,-22.897934601,False
4622169276517035216,6366,1791359467554047152,-22.877952848,False
4622169276517035216,6367,1791359467574067940,-22.85793206,False
4622169276517035216,6368,1791359467593951473,-22.838048527,False
4622169276517035216,6369,1791359467613937210,-22.81806279,False
4622169276517035216,6370,1791359467634002118,-22.797997882,False
4622169276517035216,6371,1791359467654026822,-22.777973178,False
4622169276517035216,6372,1791359467674235846,-22.757764154,False
4622169276517035216,6373,1791359467694199189,-22.737800811,False
4622169276517035216,6374,1791359467714241510,-22.71775849,False
4622169276517035216,6375,1791359467734116958,-22.697883042,False
4622169276517035216,6376,1791359467754195712,-22.677804288,False
4622169276517035216,6377,1791359467774125205,-22.657874795,False
4622169276517035216,6378,1791359467794192104,-22.637807896,False
4622169276517035216,6379,1791359467814259645,-22.617740355,False
4622169276517035216,6380,1791359467834224314,-22.597775686,False
4622169276517035216,6381,1791359467854237300,-22.5777627,False
4622169276517035216,6382,1791359467874185083,-22.557814917,False
4622169276517035216,6383,1791359467894210731,-22.537789269,False
4622169276517035216,6384,1791359467914237475,-22.517762525,False
4622169276517035216,6385,1791359467934202067,-22.497797933,False
4622169276517035216,6386,1791359467954189443,-22.477810557,False
4622169276517035216,6387,1791359467974165600,-22.4578344,False
4622169276517035216,6388,1791359467994271140,-22.43772886,False
4622169276517035216,6389,1791359468014317389,-22.417682611,False
4622169276517035216,6390,1791359468034243582,-22.397756418,False
4622169276517035216,6391,1791359468054397230,-22.37760277,False
4622169276517035216,6392,1791359468074217089,-22.357782911,False
4622169276517035216,6393,1791359468094343457,-22.337656543,False
4622169276517035216,6394,1791359468114082920,-22.31791708,False
4622169276517035216,6395,1791359468134192104,-22.297807896,False
4622169276517035216,6396,1791359468154096567,-22.277903433,False
4622169276517035216,6397,1791359468174124951,-22.257875049,False
4622169276517035216,6398,1791359468194228376,-22.237771624,False
4622169276517035216,6399,1791359468214234856,-22.217765144,False
4622169276517035216,6400,1791359468234336214,-22.197663786,False
4622169276517035216,6401,1791359468254218437,-22.177781563,False
4622169276517035216,6402,1791359468274249230,-22.15775077,False
4622169276517035216,6403,1791359468294301007,-22.137698993,False
4622169276517035216,6404,1791359468314354538,-22.117645462,False
4622169276517035216,6405,1791359468334242915,-22.097757085,False
4622169276517035216,6406,1791359468354245095,-22.077754905,False
4622169276517035216,6407,1791359468374231613,-22.057768387,False
4622169276517035216,6408,1791359468394205802,-22.037794198,False
4622169276517035216,6409,1791359468414181375,-22.017818625,False
4622169276517035216,6410,1791359468434262537,-21.997737463,False
4622169276517035216,6411,1791359468454082635,-21.977917365,False
4622169276517035216,6412,1791359468474119640,-21.95788036,False
4622169276517035216,6413,1791359468494049724,-21.937950276,False
4622169276517035216,6414,1791359468514379108,-21.917620892,False
4622169276517035216,6415,1791359468534251037,-21.897748963,False
4622169276517035216,6416,1791359468554253337,-21.877746663,False
4622169276517035216,6417,1791359468574209344,-21.857790656,False
4622169276517035216,6418,1791359468594231528,-21.837768472,False
4622169276517035216,6419,1791359468614286738,-21.817713262,False
4622169276517035216,6420,1791359468634248865,-21.797751135,False
4622169276517035216,6421,1791359468654092308,-21.777907692,False
4622169276517035216,6422,1791359468674029389,-21.757970611,False
4622169276517035216,6423,1791359468694064013,-21.737935987,False
4622169276517035216,6424,1791359468714295033,-21.717704967,False
4622169276517035216,6425,1791359468734214805,-21.697785195,False
4622169276517035216,6426,1791359468754228703,-21.677771297,False
4622169276517035216,6427,1791359468774199094,-21.657800906,False
4622169276517035216,6428,1791359468794235973,-21.637764027,False
4622169276517035216,6429,1791359468814258339,-21.617741661,False
4622169276517035216,6430,1791359468834231178,-21.597768822,False
4622169276517035216,6431,1791359468854222316,-21.577777684,False
4622169276517035216,6432,1791359468874270005,-21.557729995,False
4622169276517035216,6433,1791359468894210352,-21.537789648,False
4622169276517035216,6434,1791359468914264365,-21.517735635,False
4622169276517035216,6435,1791359468934266709,-21.497733291,False
4622169276517035216,6436,1791359468954258925,-21.477741075,False
4622169276517035216,6437,1791359468974141035,-21.457858965,False
4622169276517035216,6438,1791359468994365141,-21.437634859,False
4622169276517035216,6439,1791359469014267946,-21.417732054,False
4622169276517035216,6440,1791359469034258899,-21.397741101,False
4622169276517035216,6441,1791359469054327423,-21.377672577,False
4622169276517035216,6442,1791359469074282888,-21.357717112,False
4622169276517035216,6443,1791359469094322067,-21.337677933,False
4622169276517035216,6444,1791359469114237574,-21.317762426,False
4622169276517035216,6445,1791359469134265029,-21.297734971,False
4622169276517035216,6446,1791359469154254907,-21.277745093,False
4622169276517035216,6447,1791359469174217296,-21.257782704,False
4622169276517035216,6448,1791359469194245055,-21.237754945,False
4622169276517035216,6449,1791359469214301924,-21.217698076,False
4622169276517035216,6450,1791359469234317577,-21.197682423,False
4622169276517035216,6451,1791359469254311246,-21.177688754,False
4622169276517035216,6452,1791359469274334047,-21.157665953,False
4622169276517035216,6453,1791359469294510407,-21.137489593,False
4622169276517035216,6454,1791359469314373564,-21.117626436,False
4622169276517035216,6455,1791359469334338844,-21.097661156,False
4622169276517035216,6456,1791359469354419719,-21.077580281,False
4622169276517035216,6457,1791359469374477497,-21.057522503,False
4622169276517035216,6458,1791359469394376975,-21.037623025,False
4622169276517035216,6459,1791359469414390614,-21.017609386,False
4622169276517035216,6460,1791359469434364963,-20.997635037,False
4622169276517035216,6461,1791359469454318865,-20.977681135,False
4622169276517035216,6462,1791359469474321070,-20.95767893,False
4622169276517035216,6463,1791359469494309880,-20.93769012,False
4622169276517035216,6464,1791359469514274018,-20.917725982,False
4622169276517035216,6465,1791359469534340722,-20.897659278,False
4622169276517035216,6466,1791359469554319734,-20.877680266,False
4622169276517035216,6467,1791359469574170697,-20.857829303,False
4622169276517035216,6468,1791359469594171712,-20.837828288,False
4622169276517035216,6469,1791359469614254783,-20.817745217,False
4622169276517035216,6470,1791359469634428638,-20.797571362,False
4622169276517035216,6471,1791359469654310792,-20.777689208,False
4622169276517035216,6472,1791359469674311334,-20.757688666,False
4622169276517035216,6473,1791359469694296183,-20.737703817,False
4622169276517035216,6474,1791359469714169840,-20.71783016,False
4622169276517035216,6475,1791359469734191529,-20.697808471,False
4622169276517035216,6476,1791359469754052699,-20.677947301,False
4622169276517035216,6477,1791359469774329545,-20.657670455,False
4622169276517035216,6478,1791359469794340342,-20.637659658,False
4622169276517035216,6479,1791359469814313842,-20.617686158,False
4622169276517035216,6480,1791359469834315875,-20.597684125,False
4622169276517035216,6481,1791359469854364947,-20.577635053,False
4622169276517035216,6482,1791359469874314901,-20.557685099,False
4622169276517035216,6483,1791359469894312376,-20.537687624,False
4622169276517035216,6484,1791359469914356879,-20.517643121,False
4622169276517035216,6485,1791359469934255333,-20.497744667,False
4622169276517035216,6486,1791359469954202605,-20.477797395,False
4622169276517035216,6487,1791359469974210382,-20.457789618,False
4622169276517035216,6488,1791359469994217133,-20.437782867,False
4622169276517035216,6489,1791359470014049074,-20.417950926,False
4622169276517035216,6490,1791359470034017150,-20.39798285,False
4622169276517035216,6491,1791359470054174889,-20.377825111,False
4622169276517035216,6492,1791359470074258311,-20.357741689,False
4622169276517035216,6493,1791359470094232293,-20.337767707,False
4622169276517035216,6494,1791359470113987608,-20.318012392,False
4622169276517035216,6495,1791359470134052481,-20.297947519,False
4622169276517035216,6496,1791359470154180615,-20.277819385,False
4622169276517035216,6497,1791359470174167576,-20.257832424,False
4622169276517035216,6498,1791359470194171752,-20.237828248,False
4622169276517035216,6499,1791359470214225848,-20.217774152,False
4622169276517035216,6500,1791359470234033939,-20.197966061,False
4622169276517035216,6501,1791359470254055282,-20.177944718,False
4622169276517035216,6502,1791359470273944200,-20.1580558,False
4622169276517035216,6503,1791359470294054055,-20.137945945,False
4622169276517035216,6504,1791359470314298412,-20.117701588,False
4622169276517035216,6505,1791359470334149972,-20.097850028,False
4622169276517035216,6506,1791359470354028463,-20.077971537,False
4622169276517035216,6507,1791359470374101668,-20.057898332,False
4622169276517035216,6508,1791359470394109237,-20.037890763,False
4622169276517035216,6509,1791359470414045014,-20.017954986,False
4622169276517035216,6510,1791359470434156359,-19.997843641,False
4622169276517035216,6511,1791359470454046706,-19.977953294,False
4622169276517035216,6512,1791359470474184035,-19.957815965,False
4622169276517035216,6513,1791359470494361594,-19.937638406,False
4622169276517035216,6514,1791359470514181663,-19.917818337,False
4622169276517035216,6515,1791359470534270435,-19.897729565,False
4622169276517035216,6516,1791359470554166055,-19.877833945,False
4622169276517035216,6517,1791359470574141395,-19.857858605,False
4622169276517035216,6518,1791359470594170066,-19.837829934,False
4622169276517035216,6519,1791359470614184879,-19.817815121,False
4622169276517035216,6520,1791359470634235352,-19.797764648,False
4622169276517035216,6521,1791359470654234454,-19.777765546,False
4622169276517035216,6522,1791359470674243358,-19.757756642,False
4622169276517035216,6523,1791359470694257819,-19.737742181,False
4622169276517035216,6524,1791359470714257029,-19.717742971,False
4622169276517035216,6525,1791359470734194537,-19.697805463,False
4622169276517035216,6526,1791359470754113782,-19.677886218,False
4622169276517035216,6527,1791359470774100708,-19.657899292,False
4622169276517035216,6528,1791359470794094023,-19.637905977,False
4622169276517035216,6529,1791359470814002541,-19.617997459,False
4622169276517035216,6530,1791359470834398252,-19.597601748,False
4622169276517035216,6531,1791359470854115930,-19.57788407,False
4622169276517035216,6532,1791359470874159747,-19.557840253,False
4622169276517035216,6533,1791359470894462193,-19.537537807,False
4622169276517035216,6534,1791359470914242214,-19.517757786,False
4622169276517035216,6535,1791359470934235584,-19.497764416,False
4622169276517035216,6536,1791359470954261287,-19.477738713,False
4622169276517035216,6537,1791359470974026394,-19.457973606,False
4622169276517035216,6538,1791359470994103688,-19.437896312,False
4622169276517035216,6539,1791359471014172113,-19.417827887,False
4622169276517035216,6540,1791359471034099494,-19.397900506,False
4622169276517035216,6541,1791359471053967544,-19.378032456,False
4622169276517035216,6542,1791359471074103233,-19.357896767,False
4622169276517035216,6543,1791359471094128419,-19.337871581,False
4622169276517035216,6544,1791359471114104031,-19.317895969,False
4622169276517035216,6545,1791359471133973740,-19.29802626,False
4622169276517035216,6546,1791359471154126651,-19.277873349,False
4622169276517035216,6547,1791359471174110825,-19.257889175,False
4622169276517035216,6548,1791359471194101082,-19.237898918,False
4622169276517035216,6549,1791359471214306511,-19.217693489,False
4622169276517035216,6550,1791359471234090274,-19.197909726,False
4622169276517035216,6551,1791359471254228556,-19.177771444,False
4622169276517035216,6552,1791359471274218249,-19.157781751,False
4622169276517035216,6553,1791359471294130807,-19.137869193,False
4622169276517035216,6554,1791359471313934362,-19.118065638,False
4622169276517035216,6555,1791359471333942082,-19.098057918,False
4622169276517035216,6556,1791359471353994067,-19.078005933,False
4622169276517035216,6557,1791359471374051049,-19.057948951,False
4622169276517035216,6558,1791359471394070715,-19.037929285,False
4622169276517035216,6559,1791359471414106851,-19.017893149,False
4622169276517035216,6560,1791359471434228892,-18.997771108,False
4622169276517035216,6561,1791359471454252486,-18.977747514,False
4622169276517035216,6562,1791359471474106718,-18.957893282,False
4622169276517035216,6563,1791359471494103892,-18.937896108,False
4622169276517035216,6564,1791359471514135383,-18.917864617,False
4622169276517035216,6565,1791359471534088652,-18.897911348,False
4622169276517035216,6566,1791359471554165705,-18.877834295,False
4622169276517035216,6567,1791359471574134747,-18.857865253,False
4622169276517035216,6568,1791359471594237686,-18.837762314,False
4622169276517035216,6569,1791359471614234189,-18.817765811,False
4622169276517035216,6570,1791359471634183353,-18.797816647,False
4622169276517035216,6571,1791359471654125825,-18.777874175,False
4622169276517035216,6572,1791359471674085218,-18.757914782,False
4622169276517035216,6573,1791359471694133267,-18.737866733,False
4622169276517035216,6574,1791359471714216020,-18.71778398,False
4622169276517035216,6575,1791359471734160594,-18.697839406,False
4622169276517035216,6576,1791359471754232725,-18.677767275,False
4622169276517035216,6577,1791359471774237906,-18.657762094,False
4622169276517035216,6578,1791359471794260186,-18.637739814,False
4622169276517035216,6579,1791359471814180808,-18.617819192,False
4622169276517035216,6580,1791359471834014611,-18.597985389,False
4622169276517035216,6581,1791359471854053390,-18.57794661,False
4622169276517035216,6582,1791359471874049671,-18.557950329,False
4622169276517035216,6583,1791359471894112293,-18.537887707,False
4622169276517035216,6584,1791359471914234693,-18.517765307,False
4622169276517035216,6585,1791359471934318399,-18.497681601,False
4622169276517035216,6586,1791359471954259888,-18.477740112,False
4622169276517035216,6587,1791359471974241626,-18.457758374,False
4622169276517035216,6588,1791359471994329963,-18.437670037,False
4622169276517035216,6589,1791359472014387459,-18.417612541,False
4622169276517035216,6590,1791359472034102376,-18.397897624,False
4622169276517035216,6591,1791359472054432111,-18.377567889,False
4622169276517035216,6592,1791359472074206406,-18.357793594,False
4622169276517035216,6593,1791359472094319408,-18.337680592,False
4622169276517035216,6594,1791359472113990890,-18.31800911,False
4622169276517035216,6595,1791359472134025525,-18.297974475,False
4622169276517035216,6596,1791359472154077813,-18.277922187,False
4622169276517035216,6597,1791359472174115893,-18.257884107,False
4622169276517035216,6598,1791359472194147253,-18.237852747,False
4622169276517035216,6599,1791359472214184585,-18.217815415,False
4622169276517035216,6600,1791359472234166880,-18.19783312,False
4622169276517035216,6601,1791359472254202455,-18.177797545,False
4622169276517035216,6602,1791359472274213187,-18.157786813,False
4622169276517035216,6603,1791359472294177705,-18.137822295,False
4622169276517035216,6604,1791359472314019019,-18.117980981,False
4622169276517035216,6605,1791359472334251474,-18.097748526,False
4622169276517035216,6606,1791359472354366860,-18.07763314,False
4622169276517035216,6607,1791359472374183544,-18.057816456,False
4622169276517035216,6608,1791359472394252793,-18.037747207,False
4622169276517035216,6609,1791359472414234348,-18.017765652,False
4622169276517035216,6610,1791359472434191242,-17.997808758,False
4622169276517035216,6611,1791359472454251937,-17.977748063,False
4622169276517035216,6612,1791359472474303709,-17.957696291,False
4622169276517035216,6613,1791359472494318937,-17.937681063,False
4622169276517035216,6614,1791359472514371769,-17.917628231,False
4622169276517035216,6615,1791359472534279968,-17.897720032,False
4622169276517035216,6616,1791359472554150431,-17.877849569,False
4622169276517035216,6617,1791359472574148823,-17.857851177,False
4622169276517035216,6618,1791359472594134452,-17.837865548,False
4622169276517035216,6619,1791359472614166987,-17.817833013,False
4622169276517035216,6620,1791359472634386959,-17.797613041,False
4622169276517035216,6621,1791359472654236170,-17.77776383,False
4622169276517035216,6622,1791359472674178522,-17.757821478,False
4622169276517035216,6623,1791359472694187504,-17.737812496,False
4622169276517035216,6624,1791359472714357158,-17.717642842,False
4622169276517035216,6625,1791359472734268668,-17.697731332,False
4622169276517035216,6626,1791359472754193767,-17.677806233,False
4622169276517035216,6627,1791359472774317751,-17.657682249,False
4622169276517035216,6628,1791359472794198389,-17.637801611,False
4622169276517035216,6629,1791359472814187831,-17.617812169,False
4622169276517035216,6630,1791359472834214633,-17.597785367,False
4622169276517035216,6631,1791359472854177168,-17.577822832,False
4622169276517035216,6632,1791359472874241854,-17.557758146,False
4622169276517035216,6633,1791359472894245208,-17.537754792,False
4622169276517035216,6634,1791359472913978345,-17.518021655,False
4622169276517035216,6635,1791359472934116309,-17.497883691,False
4622169276517035216,6636,1791359472954220965,-17.477779035,False
4622169276517035216,6637,1791359472974296226,-17.457703774,False
4622169276517035216,6638,1791359472994168457,-17.437831543,False
4622169276517035216,6639,1791359473014085291,-17.417914709,False
4622169276517035216,6640,1791359473034272872,-17.397727128,False
4622169276517035216,6641,1791359473054170760,-17.37782924,False
4622169276517035216,6642,1791359473073910453,-17.358089547,False
4622169276517035216,6643,1791359473094241905,-17.337758095,False
4622169276517035216,6644,1791359473114003267,-17.317996733,False
4622169276517035216,6645,1791359473133968563,-17.298031437,False
4622169276517035216,6646,1791359473154108967,-17.277891033,False
4622169276517035216,6647,1791359473174334026,-17.257665974,False
4622169276517035216,6648,1791359473194252482,-17.237747518,False
4622169276517035216,6649,1791359473214224586,-17.217775414,False
4622169276517035216,6650,1791359473234203973,-17.197796027,False
4622169276517035216,6651,1791359473254142204,-17.177857796,False
4622169276517035216,6652,1791359473274346863,-17.157653137,False
4622169276517035216,6653,1791359473294233032,-17.137766968,False
4622169276517035216,6654,1791359473314236420,-17.11776358,False
4622169276517035216,6655,1791359473334200950,-17.09779905,False
4622169276517035216,6656,1791359473354113420,-17.07788658,False
4622169276517035216,6657,1791359473374185468,-17.057814532,False
4622169276517035216,6658,1791359473394143853,-17.037856147,False
4622169276517035216,6659,1791359473414080526,-17.017919474,False
4622169276517035216,6660,1791359473434109279,-16.997890721,False
4622169276517035216,6661,1791359473454069916,-16.977930084,False
4622169276517035216,6662,1791359473474088884,-16.957911116,False
4622169276517035216,6663,1791359473494120014,-16.937879986,False
4622169276517035216,6664,1791359473514173238,-16.917826762,False
4622169276517035216,6665,1791359473534122733,-16.897877267,False
4622169276517035216,6666,1791359473554223318,-16.877776682,False
4622169276517035216,6667,1791359473574159308,-16.857840692,False
4622169276517035216,6668,1791359473594138119,-16.837861881,False
4622169276517035216,6669,1791359473614124898,-16.817875102,False
4622169276517035216,6670,1791359473634130986,-16.797869014,False
4622169276517035216,6671,1791359473654181205,-16.777818795,False
4622169276517035216,6672,1791359473674118855,-16.757881145,False
4622169276517035216,6673,1791359473694189332,-16.737810668,False
4622169276517035216,6674,1791359473714182222,-16.717817778,False
4622169276517035216,6675,1791359473734276455,-16.697723545,False
4622169276517035216,6676,1791359473754133739,-16.677866261,False
4622169276517035216,6677,1791359473774107716,-16.657892284,False
4622169276517035216,6678,1791359473794199108,-16.637800892,False
4622169276517035216,6679,1791359473814206505,-16.617793495,False
4622169276517035216,6680,1791359473834109937,-16.597890063,False
4622169276517035216,6681,1791359473854264777,-16.577735223,False
4622169276517035216,6682,1791359473874345852,-16.557654148,False
4622169276517035216,6683,1791359473894254905,-16.537745095,False
4622169276517035216,6684,1791359473914240672,-16.517759328,False
4622169276517035216,6685,1791359473934232439,-16.497767561,False
4622169276517035216,6686,1791359473954101988,-16.477898012,False
4622169276517035216,6687,1791359473974078146,-16.457921854,False
4622169276517035216,6688,1791359473994188538,-16.437811462,False
4622169276517035216,6689,1791359474014160184,-16.417839816,False
4622169276517035216,6690,1791359474034228155,-16.397771845,False
4622169276517035216,6691,1791359474054138195,-16.377861805,False
4622169276517035216,6692,1791359474074197194,-16.357802806,False
4622169276517035216,6693,1791359474094240383,-16.337759617,False
4622169276517035216,6694,1791359474114121503,-16.317878497,False
4622169276517035216,6695,1791359474134003013,-16.297996987,False
4622169276517035216,6696,1791359474154154766,-16.277845234,False
4622169276517035216,6697,1791359474174187586,-16.257812414,False
4622169276517035216,6698,1791359474194222474,-16.237777526,False
4622169276517035216,6699,1791359474214149238,-16.217850762,False
4622169276517035216,6700,1791359474234094948,-16.197905052,False
4622169276517035216,6701,1791359474254235110,-16.17776489,False
4622169276517035216,6702,1791359474274255682,-16.157744318,False
4622169276517035216,6703,1791359474294195206,-16.137804794,False
4622169276517035216,6704,1791359474314249825,-16.117750175,False
4622169276517035216,6705,1791359474334199079,-16.097800921,False
4622169276517035216,6706,1791359474354111367,-16.077888633,False
4622169276517035216,6707,1791359474374048724,-16.057951276,False
4622169276517035216,6708,1791359474394320385,-16.037679615,False
4622169276517035216,6709,1791359474414163135,-16.017836865,False
4622169276517035216,6710,1791359474434209513,-15.997790487,False
4622169276517035216,6711,1791359474454173010,-15.97782699,False
4622169276517035216,6712,1791359474474091799,-15.957908201,False
4622169276517035216,6713,1791359474494076841,-15.937923159,False
4622169276517035216,6714,1791359474514032577,-15.917967423,False
4622169276517035216,6715,1791359474534137265,-15.897862735,False
4622169276517035216,6716,1791359474554296490,-15.87770351,False
4622169276517035216,6717,1791359474574264401,-15.857735599,False
4622169276517035216,6718,1791359474594245000,-15.837755,False
4622169276517035216,6719,1791359474614255153,-15.817744847,False
4622169276517035216,6720,1791359474634379209,-15.797620791,False
4622169276517035216,6721,1791359474654191448,-15.777808552,False
4622169276517035216,6722,1791359474674304970,-15.75769503,False
4622169276517035216,6723,1791359474694294482,-15.737705518,False
4622169276517035216,6724,1791359474714289272,-15.717710728,False
4622169276517035216,6725,1791359474734204272,-15.697795728,False
4622169276517035216,6726,1791359474754212036,-15.677787964,False
4622169276517035216,6727,1791359474774233098,-15.657766902,False
4622169276517035216,6728,1791359474794214405,-15.637785595,False
4622169276517035216,6729,1791359474814217351,-15.617782649,False
4622169276517035216,6730,1791359474834151707,-15.597848293,False
4622169276517035216,6731,1791359474854179685,-15.577820315,False
4622169276517035216,6732,1791359474874218843,-15.557781157,False
4622169276517035216,6733,1791359474894289338,-15.537710662,False
4622169276517035216,6734,1791359474914293984,-15.517706016,False
4622169276517035216,6735,1791359474934309110,-15.49769089,False
4622169276517035216,6736,1791359474954274646,-15.477725354,False
4622169276517035216,6737,1791359474974343629,-15.457656371,False
4622169276517035216,6738,1791359474994312575,-15.437687425,False
4622169276517035216,6739,1791359475014110570,-15.41788943,False
4622169276517035216,6740,1791359475033986171,-15.398013829,False
4622169276517035216,6741,1791359475054107563,-15.377892437,False
4622169276517035216,6742,1791359475073935847,-15.358064153,False
4622169276517035216,6743,1791359475094033056,-15.337966944,False
4622169276517035216,6744,1791359475113972316,-15.318027684,False
4622169276517035216,6745,1791359475134268469,-15.297731531,False
4622169276517035216,6746,1791359475154381591,-15.277618409,False
4622169276517035216,6747,1791359475174197403,-15.257802597,False
4622169276517035216,6748,1791359475194306421,-15.237693579,False
4622169276517035216,6749,1791359475214282901,-15.217717099,False
4622169276517035216,6750,1791359475234125312,-15.197874688,False
4622169276517035216,6751,1791359475254252236,-15.177747764,False
4622169276517035216,6752,1791359475274266851,-15.157733149,False
4622169276517035216,6753,1791359475294233532,-15.137766468,False
4622169276517035216,6754,1791359475314285107,-15.117714893,False
4622169276517035216,6755,1791359475334191909,-15.097808091,False
4622169276517035216,6756,1791359475354057018,-15.077942982,False
4622169276517035216,6757,1791359475374047301,-15.057952699,False
4622169276517035216,6758,1791359475394125289,-15.037874711,False
4622169276517035216,6759,1791359475414071647,-15.017928353,False
4622169276517035216,6760,1791359475434365430,-14.99763457,False
4622169276517035216,6761,1791359475454102067,-14.977897933,False
4622169276517035216,6762,1791359475474108913,-14.957891087,False
4622169276517035216,6763,1791359475494147781,-14.937852219,False
4622169276517035216,6764,1791359475514212567,-14.917787433,False
4622169276517035216,6765,1791359475534524095,-14.897475905,False
4622169276517035216,6766,1791359475554117390,-14.87788261,False
4622169276517035216,6767,1791359475573913490,-14.85808651,False
4622169276517035216,6768,1791359475593948618,-14.838051382,False
4622169276517035216,6769,1791359475614304146,-14.817695854,False
4622169276517035216,6770,1791359475634334019,-14.797665981,False
4622169276517035216,6771,1791359475654190069,-14.777809931,False
4622169276517035216,6772,1791359475674158660,-14.75784134,False
4622169276517035216,6773,1791359475694246854,-14.737753146,False
4622169276517035216,6774,1791359475714165516,-14.717834484,False
4622169276517035216,6775,1791359475734226680,-14.69777332,False
4622169276517035216,6776,1791359475754152887,-14.677847113,False
4622169276517035216,6777,1791359475774172284,-14.657827716,False
4622169276517035216,6778,1791359475794060468,-14.637939532,False
4622169276517035216,6779,1791359475814136508,-14.617863492,False
4622169276517035216,6780,1791359475834189741,-14.597810259,False
4622169276517035216,6781,1791359475854185645,-14.577814355,False
4622169276517035216,6782,1791359475874276478,-14.557723522,False
4622169276517035216,6783,1791359475894218305,-14.537781695,False
4622169276517035216,6784,1791359475914218184,-14.517781816,False
4622169276517035216,6785,1791359475934225673,-14.497774327,False
4622169276517035216,6786,1791359475954235722,-14.477764278,False
4622169276517035216,6787,1791359475974145223,-14.457854777,False
4622169276517035216,6788,1791359475994160728,-14.437839272,False
4622169276517035216,6789,1791359476014288635,-14.417711365,False
4622169276517035216,6790,1791359476034241647,-14.397758353,False
4622169276517035216,6791,1791359476054149337,-14.377850663,False
4622169276517035216,6792,1791359476074266172,-14.357733828,False
4622169276517035216,6793,1791359476094191280,-14.33780872,False
4622169276517035216,6794,1791359476114056708,-14.317943292,False
4622169276517035216,6795,1791359476134107142,-14.297892858,False
4622169276517035216,6796,1791359476154217110,-14.27778289,False
4622169276517035216,6797,1791359476174324956,-14.257675044,False
4622169276517035216,6798,1791359476194348139,-14.237651861,False
4622169276517035216,6799,1791359476214193666,-14.217806334,False
4622169276517035216,6800,1791359476233891162,-14.198108838,False
4622169276517035216,6801,1791359476254132269,-14.177867731,False
4622169276517035216,6802,1791359476274199229,-14.157800771,False
4622169276517035216,6803,1791359476294427519,-14.137572481,False
4622169276517035216,6804,1791359476314277096,-14.117722904,False
4622169276517035216,6805,1791359476334281877,-14.097718123,False
4622169276517035216,6806,1791359476354012992,-14.077987008,False
4622169276517035216,6807,1791359476373981534,-14.058018466,False
4622169276517035216,6808,1791359476394054432,-14.037945568,False
4622169276517035216,6809,1791359476414091961,-14.017908039,False
4622169276517035216,6810,1791359476434199645,-13.997800355,False
4622169276517035216,6811,1791359476454060534,-13.977939466,False
4622169276517035216,6812,1791359476474138907,-13.957861093,False
4622169276517035216,6813,1791359476494361503,-13.937638497,False
4622169276517035216,6814,1791359476514048410,-13.91795159,False
4622169276517035216,6815,1791359476534027993,-13.897972007,False
4622169276517035216,6816,1791359476554187864,-13.877812136,False
4622169276517035216,6817,1791359476574048568,-13.857951432,False
4622169276517035216,6818,1791359476594223718,-13.837776282,False
4622169276517035216,6819,1791359476614103420,-13.81789658,False
4622169276517035216,6820,1791359476634079881,-13.797920119,False
4622169276517035216,6821,1791359476654128256,-13.777871744,False
4622169276517035216,6822,1791359476674144496,-13.757855504,False
4622169276517035216,6823,1791359476694240297,-13.737759703,False
4622169276517035216,6824,1791359476714144512,-13.717855488,False
4622169276517035216,6825,1791359476734167152,-13.697832848,False
4622169276517035216,6826,1791359476754168313,-13.677831687,False
4622169276517035216,6827,1791359476774130994,-13.657869006,False
4622169276517035216,6828,1791359476794207353,-13.637792647,False
4622169276517035216,6829,1791359476814225871,-13.617774129,False
4622169276517035216,6830,1791359476834170648,-13.597829352,False
4622169276517035216,6831,1791359476854309962,-13.577690038,False
4622169276517035216,6832,1791359476874158672,-13.557841328,False
4622169276517035216,6833,1791359476894088897,-13.537911103,False
4622169276517035216,6834,1791359476914193872,-13.517806128,False
4622169276517035216,6835,1791359476934137033,-13.497862967,False
4622169276517035216,6836,1791359476954236437,-13.477763563,False
4622169276517035216,6837,1791359476974226167,-13.457773833,False
4622169276517035216,6838,1791359476994338529,-13.437661471,False
4622169276517035216,6839,1791359477014010568,-13.417989432,False
4622169276517035216,6840,1791359477033989636,-13.398010364,False
4622169276517035216,6841,1791359477054045104,-13.377954896,False
4622169276517035216,6842,1791359477074199404,-13.357800596,False
4622169276517035216,6843,1791359477094242014,-13.337757986,False
4622169276517035216,6844,1791359477114067044,-13.317932956,False
4622169276517035216,6845,1791359477133985558,-13.298014442,False
4622169276517035216,6846,1791359477154132979,-13.277867021,False
4622169276517035216,6847,1791359477174030157,-13.257969843,False
4622169276517035216,6848,1791359477194128583,-13.237871417,False
4622169276517035216,6849,1791359477214160891,-13.217839109,False
4622169276517035216,6850,1791359477234158011,-13.197841989,False
4622169276517035216,6851,1791359477254145587,-13.177854413,False
4622169276517035216,6852,1791359477274222038,-13.157777962,False
4622169276517035216,6853,1791359477294313078,-13.137686922,False
4622169276517035216,6854,1791359477314305686,-13.117694314,False
4622169276517035216,6855,1791359477334185367,-13.097814633,False
4622169276517035216,6856,1791359477354026462,-13.077973538,False
4622169276517035216,6857,1791359477374052950,-13.05794705,False
4622169276517035216,6858,1791359477394048057,-13.037951943,False
4622169276517035216,6859,1791359477414159337,-13.017840663,False
4622169276517035216,6860,1791359477434239475,-12.997760525,False
4622169276517035216,6861,1791359477454088887,-12.977911113,False
4622169276517035216,6862,1791359477474125029,-12.957874971,False
4622169276517035216,6863,1791359477494238369,-12.937761631,False
4622169276517035216,6864,1791359477514079773,-12.917920227,False
4622169276517035216,6865,1791359477534243430,-12.89775657,False
4622169276517035216,6866,1791359477554193267,-12.877806733,False
4622169276517035216,6867,1791359477574070155,-12.857929845,False
4622169276517035216,6868,1791359477594179507,-12.837820493,False
4622169276517035216,6869,1791359477614158701,-12.817841299,False
4622169276517035216,6870,1791359477634195261,-12.797804739,False
4622169276517035216,6871,1791359477654257947,-12.777742053,False
4622169276517035216,6872,1791359477673990017,-12.758009983,False
4622169276517035216,6873,1791359477694068179,-12.737931821,False
4622169276517035216,6874,1791359477714089557,-12.717910443,False
4622169276517035216,6875,1791359477734109511,-12.697890489,False
4622169276517035216,6876,1791359477754199505,-12.677800495,False
4622169276517035216,6877,1791359477774413984,-12.657586016,False
4622169276517035216,6878,1791359477794463437,-12.637536563,False
4622169276517035216,6879,1791359477814143732,-12.617856268,False
4622169276517035216,6880,1791359477834182191,-12.597817809,False
4622169276517035216,6881,1791359477854141809,-12.577858191,False
4622169276517035216,6882,1791359477874225927,-12.557774073,False
4622169276517035216,6883,1791359477894324940,-12.53767506,False
4622169276517035216,6884,1791359477914233644,-12.517766356,False
4622169276517035216,6885,1791359477934288306,-12.497711694,False
4622169276517035216,6886,1791359477954214801,-12.477785199,False
4622169276517035216,6887,1791359477974216542,-12.457783458,False
4622169276517035216,6888,1791359477994347680,-12.43765232,False
4622169276517035216,6889,1791359478014219430,-12.41778057,False
4622169276517035216,6890,1791359478034726262,-12.397273738,False
4622169276517035216,6891,1791359478054161238,-12.377838762,False
4622169276517035216,6892,1791359478074263502,-12.357736498,False
4622169276517035216,6893,1791359478094193507,-12.337806493,False
4622169276517035216,6894,1791359478114003028,-12.317996972,False
4622169276517035216,6895,1791359478134007680,-12.29799232,False
4622169276517035216,6896,1791359478154176329,-12.277823671,False
4622169276517035216,6897,1791359478174262617,-12.257737383,False
4622169276517035216,6898,1791359478194315512,-12.237684488,False
4622169276517035216,6899,1791359478214192253,-12.217807747,False
4622169276517035216,6900,1791359478234174724,-12.197825276,False
4622169276517035216,6901,1791359478254164222,-12.177835778,False
4622169276517035216,6902,1791359478274204770,-12.15779523,False
4622169276517035216,6903,1791359478294291010,-12.13770899,False
4622169276517035216,6904,1791359478314315530,-12.11768447,False
4622169276517035216,6905,1791359478334297090,-12.09770291,False
4622169276517035216,6906,1791359478354352699,-12.077647301,False
4622169276517035216,6907,1791359478374289940,-12.05771006,False
4622169276517035216,6908,1791359478394372022,-12.037627978,False
4622169276517035216,6909,1791359478414297718,-12.017702282,False
4622169276517035216,6910,1791359478434448929,-11.997551071,False
4622169276517035216,6911,1791359478454293692,-11.977706308,False
4622169276517035216,6912,1791359478474144054,-11.957855946,False
4622169276517035216,6913,1791359478494356154,-11.937643846,False
4622169276517035216,6914,1791359478514228639,-11.917771361,False
4622169276517035216,6915,1791359478534333560,-11.89766644,False
4622169276517035216,6916,1791359478554167164,-11.877832836,False
4622169276517035216,6917,1791359478574259660,-11.85774034,False
4622169276517035216,6918,1791359478594263805,-11.837736195,False
4622169276517035216,6919,1791359478614178486,-11.817821514,False
4622169276517035216,6920,1791359478634021165,-11.797978835,False
4622169276517035216,6921,1791359478654234827,-11.777765173,False
4622169276517035216,6922,1791359478674122584,-11.757877416,False
4622169276517035216,6923,1791359478694241286,-11.737758714,False
4622169276517035216,6924,1791359478714102523,-11.717897477,False
4622169276517035216,6925,1791359478734242023,-11.697757977,False
4622169276517035216,6926,1791359478754111079,-11.677888921,False
4622169276517035216,6927,1791359478774084298,-11.657915702,False
4622169276517035216,6928,1791359478794120851,-11.637879149,False
4622169276517035216,6929,1791359478814136522,-11.617863478,False
4622169276517035216,6930,1791359478834275694,-11.597724306,False
4622169276517035216,6931,1791359478854090488,-11.577909512,False
4622169276517035216,6932,1791359478874096808,-11.557903192,False
4622169276517035216,6933,1791359478894217053,-11.537782947,False
4622169276517035216,6934,1791359478914061675,-11.517938325,False
4622169276517035216,6935,1791359478934116005,-11.497883995,False
4622169276517035216,6936,1791359478954127091,-11.477872909,False
4622169276517035216,6937,1791359478974072550,-11.45792745,False
4622169276517035216,6938,1791359478994002244,-11.437997756,False
4622169276517035216,6939,1791359479014053621,-11.417946379,False
4622169276517035216,6940,1791359479034098869,-11.397901131,False
4622169276517035216,6941,1791359479054063153,-11.377936847,False
4622169276517035216,6942,1791359479073951702,-11.358048298,False
4622169276517035216,6943,1791359479094104151,-11.337895849,False
4622169276517035216,6944,1791359479113968695,-11.318031305,False
4622169276517035216,6945,1791359479134042522,-11.297957478,False
4622169276517035216,6946,1791359479153979931,-11.278020069,False
4622169276517035216,6947,1791359479173946939,-11.258053061,False
4622169276517035216,6948,1791359479194143608,-11.237856392,False
4622169276517035216,6949,1791359479214162489,-11.217837511,False
4622169276517035216,6950,1791359479234069496,-11.197930504,False
4622169276517035216,6951,1791359479254089224,-11.177910776,False
4622169276517035216,6952,1791359479274051819,-11.157948181,False
4622169276517035216,6953,1791359479294084238,-11.137915762,False
4622169276517035216,6954,1791359479314032719,-11.117967281,False
4622169276517035216,6955,1791359479334002497,-11.097997503,False
4622169276517035216,6956,1791359479354090148,-11.077909852,False
4622169276517035216,6957,1791359479374112419,-11.057887581,False
4622169276517035216,6958,1791359479394133245,-11.037866755,False
4622169276517035216,6959,1791359479414093097,-11.017906903,False
4622169276517035216,6960,1791359479434361358,-10.997638642,False
4622169276517035216,6961,1791359479454239572,-10.977760428,False
4622169276517035216,6962,1791359479474070257,-10.957929743,False
4622169276517035216,6963,1791359479494110446,-10.937889554,False
4622169276517035216,6964,1791359479514304198,-10.917695802,False
4622169276517035216,6965,1791359479534329931,-10.897670069,False
4622169276517035216,6966,1791359479554151210,-10.87784879,False
4622169276517035216,6967,1791359479574188062,-10.857811938,False
4622169276517035216,6968,1791359479594198091,-10.837801909,False
4622169276517035216,6969,1791359479614164367,-10.817835633,False
4622169276517035216,6970,1791359479634061615,-10.797938385,False
4622169276517035216,6971,1791359479654189743,-10.777810257,False
4622169276517035216,6972,1791359479674241361,-10.757758639,False
4622169276517035216,6973,1791359479694268745,-10.737731255,False
4622169276517035216,6974,1791359479714167711,-10.717832289,False
4622169276517035216,6975,1791359479734231606,-10.697768394,False
4622169276517035216,6976,1791359479754227050,-10.67777295,False
4622169276517035216,6977,1791359479774309534,-10.657690466,False
4622169276517035216,6978,1791359479794054727,-10.637945273,False
4622169276517035216,6979,1791359479814087971,-10.617912029,False
4622169276517035216,6980,1791359479834106867,-10.597893133,False
4622169276517035216,6981,1791359479854214076,-10.577785924,False
4622169276517035216,6982,1791359479874204848,-10.557795152,False
4622169276517035216,6983,1791359479894524549,-10.537475451,False
4622169276517035216,6984,1791359479914404402,-10.517595598,False
4622169276517035216,6985,1791359479934269621,-10.497730379,False
4622169276517035216,6986,1791359479954241988,-10.477758012,False
4622169276517035216,6987,1791359479974196735,-10.457803265,False
4622169276517035216,6988,1791359479994314453,-10.437685547,False
4622169276517035216,6989,1791359480014289368,-10.417710632,False
4622169276517035216,6990,1791359480034180359,-10.397819641,False
4622169276517035216,6991,1791359480054201513,-10.377798487,False
4622169276517035216,6992,1791359480074288606,-10.357711394,False
4622169276517035216,6993,1791359480094242920,-10.33775708,False
4622169276517035216,6994,1791359480114009680,-10.31799032,False
4622169276517035216,6995,1791359480134077424,-10.297922576,False
4622169276517035216,6996,1791359480154182025,-10.277817975,False
4622169276517035216,6997,1791359480173921204,-10.258078796,False
4622169276517035216,6998,1791359480194012305,-10.237987695,False
4622169276517035216,6999,1791359480214024740,-10.21797526,False
4622169276517035216,7000,1791359480234062994,-10.197937006,False
4622169276517035216,7001,1791359480254110811,-10.177889189,False
4622169276517035216,7002,1791359480274192156,-10.157807844,False
4622169276517035216,7003,1791359480294169901,-10.137830099,False
4622169276517035216,7004,1791359480314062681,-10.117937319,False
4622169276517035216,7005,1791359480334042024,-10.097957976,False
4622169276517035216,7006,1791359480353988761,-10.078011239,False
4622169276517035216,7007,1791359480373990882,-10.058009118,False
4622169276517035216,7008,1791359480394187384,-10.037812616,False
4622169276517035216,7009,1791359480414205981,-10.017794019,False
4622169276517035216,7010,1791359480434232611,-9.997767389,False
4622169276517035216,7011,1791359480454177337,-9.977822663,False
4622169276517035216,7012,1791359480474105273,-9.957894727,False
4622169276517035216,7013,1791359480494264818,-9.937735182,False
4622169276517035216,7014,1791359480514310678,-9.917689322,False
4622169276517035216,7015,1791359480533951399,-9.898048601,False
4622169276517035216,7016,1791359480554313206,-9.877686794,False
4622169276517035216,7017,1791359480574039604,-9.857960396,False
4622169276517035216,7018,1791359480594250390,-9.83774961,False
4622169276517035216,7019,1791359480614550428,-9.817449572,False
4622169276517035216,7020,1791359480634349963,-9.797650037,False
4622169276517035216,7021,1791359480654152190,-9.77784781,False
4622169276517035216,7022,1791359480674283044,-9.757716956,False
4622169276517035216,7023,1791359480694223762,-9.737776238,False
4622169276517035216,7024,1791359480714218279,-9.717781721,False
4622169276517035216,7025,1791359480734060178,-9.697939822,False
4622169276517035216,7026,1791359480754208939,-9.677791061,False
4622169276517035216,7027,1791359480774166838,-9.657833162,False
4622169276517035216,7028,1791359480794221642,-9.637778358,False
4622169276517035216,7029,1791359480814128616,-9.617871384,False
4622169276517035216,7030,1791359480834069851,-9.597930149,False
4622169276517035216,7031,1791359480854038240,-9.57796176,False
4622169276517035216,7032,1791359480874088548,-9.557911452,False
4622169276517035216,7033,1791359480893978460,-9.53802154,False
4622169276517035216,7034,1791359480914019084,-9.517980916,False
4622169276517035216,7035,1791359480934463726,-9.497536274,False
4622169276517035216,7036,1791359480954029360,-9.47797064,False
4622169276517035216,7037,1791359480974155906,-9.457844094,False
4622169276517035216,7038,1791359480994224202,-9.437775798,False
4622169276517035216,7039,1791359481014317372,-9.417682628,False
4622169276517035216,7040,1791359481034729954,-9.397270046,False
4622169276517035216,7041,1791359481054225781,-9.377774219,False
4622169276517035216,7042,1791359481074168027,-9.357831973,False
4622169276517035216,7043,1791359481094209610,-9.33779039,False
4622169276517035216,7044,1791359481114319727,-9.317680273,False
4622169276517035216,7045,1791359481134202606,-9.297797394,False
4622169276517035216,7046,1791359481154279636,-9.277720364,False
4622169276517035216,7047,1791359481174485252,-9.257514748,False
4622169276517035216,7048,1791359481194182935,-9.237817065,False
4622169276517035216,7049,1791359481214135509,-9.217864491,False
4622169276517035216,7050,1791359481234213184,-9.197786816,False
4622169276517035216,7051,1791359481254142791,-9.177857209,False
4622169276517035216,7052,1791359481274051852,-9.157948148,False
4622169276517035216,7053,1791359481294122170,-9.13787783,False
4622169276517035216,7054,1791359481314211379,-9.117788621,False
4622169276517035216,7055,1791359481334329756,-9.097670244,False
4622169276517035216,7056,1791359481354102036,-9.077897964,False
4622169276517035216,7057,1791359481374098826,-9.057901174,False
4622169276517035216,7058,1791359481394146504,-9.037853496,False
4622169276517035216,7059,1791359481414041007,-9.017958993,False
4622169276517035216,7060,1791359481434257321,-8.997742679,False
4622169276517035216,7061,1791359481454109865,-8.977890135,False
4622169276517035216,7062,1791359481474180937,-8.957819063,False
4622169276517035216,7063,1791359481494253282,-8.937746718,False
4622169276517035216,7064,1791359481513939550,-8.91806045,False
4622169276517035216,7065,1791359481534135423,-8.897864577,False
4622169276517035216,7066,1791359481554080658,-8.877919342,False
4622169276517035216,7067,1791359481574246135,-8.857753865,False
4622169276517035216,7068,1791359481594074888,-8.837925112,False
4622169276517035216,7069,1791359481614066535,-8.817933465,False
4622169276517035216,7070,1791359481634229265,-8.797770735,False
4622169276517035216,7071,1791359481654111386,-8.777888614,False
4622169276517035216,7072,1791359481674099875,-8.757900125,False
4622169276517035216,7073,1791359481694182749,-8.737817251,False
4622169276517035216,7074,1791359481714121180,-8.71787882,False
4622169276517035216,7075,1791359481734169247,-8.697830753,False
4622169276517035216,7076,1791359481754079238,-8.677920762,False
4622169276517035216,7077,1791359481774103204,-8.657896796,False
4622169276517035216,7078,1791359481794224295,-8.637775705,False
4622169276517035216,7079,1791359481814258731,-8.617741269,False
4622169276517035216,7080,1791359481834082630,-8.59791737,False
4622169276517035216,7081,1791359481854132879,-8.577867121,False
4622169276517035216,7082,1791359481874160264,-8.557839736,False
4622169276517035216,7083,1791359481894114981,-8.537885019,False
4622169276517035216,7084,1791359481914148289,-8.517851711,False
4622169276517035216,7085,1791359481934196991,-8.497803009,False
4622169276517035216,7086,1791359481954153650,-8.47784635,False
4622169276517035216,7087,1791359481974115949,-8.457884051,False
4622169276517035216,7088,1791359481994205312,-8.437794688,False
4622169276517035216,7089,1791359482014092407,-8.417907593,False
4622169276517035216,7090,1791359482034120177,-8.397879823,False
4622169276517035216,7091,1791359482054226133,-8.377773867,False
4622169276517035216,7092,1791359482074245990,-8.35775401,False
4622169276517035216,7093,1791359482094045558,-8.337954442,False
4622169276517035216,7094,1791359482113957426,-8.318042574,False
4622169276517035216,7095,1791359482134009254,-8.297990746,False
4622169276517035216,7096,1791359482153964421,-8.278035579,False
4622169276517035216,7097,1791359482174015147,-8.257984853,False
4622169276517035216,7098,1791359482194058746,-8.237941254,False
4622169276517035216,7099,1791359482214065312,-8.217934688,False
4622169276517035216,7100,1791359482234077712,-8.197922288,False
4622169276517035216,7101,1791359482253989906,-8.178010094,False
4622169276517035216,7102,1791359482274007426,-8.157992574,False
4622169276517035216,7103,1791359482294079197,-8.137920803,False
4622169276517035216,7104,1791359482314018379,-8.117981621,False
4622169276517035216,7105,1791359482333979614,-8.098020386,False
4622169276517035216,7106,1791359482354237040,-8.07776296,False
4622169276517035216,7107,1791359482374345958,-8.057654042,False
4622169276517035216,7108,1791359482394275921,-8.037724079,False
4622169276517035216,7109,1791359482414482627,-8.017517373,False
4622169276517035216,7110,1791359482434352475,-7.997647525,False
4622169276517035216,7111,1791359482454341706,-7.977658294,False
4622169276517035216,7112,1791359482474401085,-7.957598915,False
4622169276517035216,7113,1791359482494285387,-7.937714613,False
4622169276517035216,7114,1791359482514303439,-7.917696561,False
4622169276517035216,7115,1791359482534433540,-7.89756646,False
4622169276517035216,7116,1791359482554210255,-7.877789745,False
4622169276517035216,7117,1791359482574234074,-7.857765926,False
4622169276517035216,7118,1791359482594103997,-7.837896003,False
4622169276517035216,7119,1791359482614314155,-7.817685845,False
4622169276517035216,7120,1791359482634308303,-7.797691697,False
4622169276517035216,7121,1791359482654283618,-7.777716382,False
4622169276517035216,7122,1791359482674238166,-7.757761834,False
4622169276517035216,7123,1791359482694261182,-7.737738818,False
4622169276517035216,7124,1791359482714309256,-7.717690744,False
4622169276517035216,7125,1791359482734299837,-7.697700163,False
4622169276517035216,7126,1791359482754344125,-7.677655875,False
4622169276517035216,7127,1791359482774358182,-7.657641818,False
4622169276517035216,7128,1791359482794287450,-7.63771255,False
4622169276517035216,7129,1791359482814480208,-7.617519792,False
4622169276517035216,7130,1791359482834315068,-7.597684932,False
4622169276517035216,7131,1791359482854224028,-7.577775972,False
4622169276517035216,7132,1791359482874313245,-7.557686755,False
4622169276517035216,7133,1791359482894237364,-7.537762636,False
4622169276517035216,7134,1791359482914172735,-7.517827265,False
4622169276517035216,7135,1791359482934127419,-7.497872581,False
4622169276517035216,7136,1791359482954225660,-7.47777434,False
4622169276517035216,7137,1791359482974207096,-7.457792904,False
4622169276517035216,7138,1791359482994093971,-7.437906029,False
4622169276517035216,7139,1791359483013972344,-7.418027656,False
4622169276517035216,7140,1791359483034071966,-7.397928034,False
4622169276517035216,7141,1791359483054067925,-7.377932075,False
4622169276517035216,7142,1791359483074153781,-7.357846219,False
4622169276517035216,7143,1791359483094067504,-7.337932496,False
4622169276517035216,7144,1791359483114010625,-7.317989375,False
4622169276517035216,7145,1791359483134032395,-7.297967605,False
4622169276517035216,7146,1791359483154066860,-7.27793314,False
4622169276517035216,7147,1791359483174111568,-7.257888432,False
4622169276517035216,7148,1791359483194042032,-7.237957968,False
4622169276517035216,7149,1791359483214090266,-7.217909734,False
4622169276517035216,7150,1791359483234072213,-7.197927787,False
4622169276517035216,7151,1791359483254195988,-7.177804012,False
4622169276517035216,7152,1791359483274023766,-7.157976234,False
4622169276517035216,7153,1791359483294084067,-7.137915933,False
4622169276517035216,7154,1791359483314083816,-7.117916184,False
4622169276517035216,7155,1791359483334037157,-7.097962843,False
4622169276517035216,7156,1791359483354011481,-7.077988519,False
4622169276517035216,7157,1791359483373953704,-7.058046296,False
4622169276517035216,7158,1791359483394005959,-7.037994041,False
4622169276517035216,7159,1791359483413953606,-7.018046394,False
4622169276517035216,7160,1791359483434117320,-6.99788268,False
4622169276517035216,7161,1791359483454090639,-6.977909361,False
4622169276517035216,7162,1791359483474377877,-6.957622123,False
4622169276517035216,7163,1791359483494178520,-6.93782148,False
4622169276517035216,7164,1791359483514219664,-6.917780336,False
4622169276517035216,7165,1791359483534023987,-6.897976013,False
4622169276517035216,7166,1791359483553955211,-6.878044789,False
4622169276517035216,7167,1791359483574013533,-6.857986467,False
4622169276517035216,7168,1791359483594060852,-6.837939148,False
4622169276517035216,7169,1791359483614001490,-6.81799851,False
4622169276517035216,7170,1791359483634311548,-6.797688452,False
4622169276517035216,7171,1791359483654219893,-6.777780107,False
4622169276517035216,7172,1791359483674171892,-6.757828108,False
4622169276517035216,7173,1791359483694197024,-6.737802976,False
4622169276517035216,7174,1791359483714256208,-6.717743792,False
4622169276517035216,7175,1791359483734052860,-6.69794714,False
4622169276517035216,7176,1791359483754179596,-6.677820404,False
4622169276517035216,7177,1791359483774135178,-6.657864822,False
4622169276517035216,7178,1791359483794160434,-6.637839566,False
4622169276517035216,7179,1791359483814076349,-6.617923651,False
4622169276517035216,7180,1791359483834066348,-6.597933652,False
4622169276517035216,7181,1791359483854023570,-6.57797643,False
4622169276517035216,7182,1791359483874147847,-6.557852153,False
4622169276517035216,7183,1791359483894131107,-6.537868893,False
4622169276517035216,7184,1791359483914143950,-6.51785605,False
4622169276517035216,7185,1791359483934217994,-6.497782006,False
4622169276517035216,7186,1791359483954172504,-6.477827496,False
4622169276517035216,7187,1791359483974412426,-6.457587574,False
4622169276517035216,7188,1791359483994264093,-6.437735907,False
4622169276517035216,7189,1791359484014032653,-6.417967347,False
4622169276517035216,7190,1791359484034046429,-6.397953571,False
4622169276517035216,7191,1791359484054110322,-6.377889678,False
4622169276517035216,7192,1791359484073873463,-6.358126537,False
4622169276517035216,7193,1791359484094035407,-6.337964593,False
4622169276517035216,7194,1791359484113996580,-6.31800342,False
4622169276517035216,7195,1791359484134341468,-6.297658532,False
4622169276517035216,7196,1791359484154124919,-6.277875081,False
4622169276517035216,7197,1791359484174103346,-6.257896654,False
4622169276517035216,7198,1791359484194122934,-6.237877066,False
4622169276517035216,7199,1791359484214203577,-6.217796423,False
4622169276517035216,7200,1791359484234150883,-6.197849117,False
4622169276517035216,7201,1791359484254122554,-6.177877446,False
4622169276517035216,7202,1791359484274098181,-6.157901819,False
4622169276517035216,7203,1791359484294097742,-6.137902258,False
4622169276517035216,7204,1791359484314092517,-6.117907483,False
4622169276517035216,7205,1791359484334065528,-6.097934472,False
4622169276517035216,7206,1791359484353920797,-6.078079203,False
4622169276517035216,7207,1791359484373970420,-6.05802958,False
4622169276517035216,7208,1791359484393908403,-6.038091597,False
4622169276517035216,7209,1791359484414062131,-6.017937869,False
4622169276517035216,7210,1791359484434155922,-5.997844078,False
4622169276517035216,7211,1791359484454300697,-5.977699303,False
4622169276517035216,7212,1791359484474124216,-5.957875784,False
4622169276517035216,7213,1791359484494285487,-5.937714513,False
4622169276517035216,7214,1791359484514318058,-5.917681942,False
4622169276517035216,7215,1791359484534158155,-5.897841845,False
4622169276517035216,7216,1791359484554176392,-5.877823608,False
4622169276517035216,7217,1791359484573928496,-5.858071504,False
4622169276517035216,7218,1791359484594265582,-5.837734418,False
4622169276517035216,7219,1791359484614275709,-5.817724291,False
4622169276517035216,7220,1791359484634090389,-5.797909611,False
4622169276517035216,7221,1791359484654164157,-5.777835843,False
4622169276517035216,7222,1791359484674191286,-5.757808714,False
4622169276517035216,7223,1791359484694255210,-5.73774479,False
4622169276517035216,7224,1791359484714190653,-5.717809347,False
4622169276517035216,7225,1791359484734123294,-5.697876706,False
4622169276517035216,7226,1791359484754137394,-5.677862606,False
4622169276517035216,7227,1791359484774134559,-5.657865441,False
4622169276517035216,7228,1791359484794144226,-5.637855774,False
4622169276517035216,7229,1791359484814343207,-5.617656793,False
4622169276517035216,7230,1791359484834126001,-5.597873999,False
4622169276517035216,7231,1791359484854149545,-5.577850455,False
4622169276517035216,7232,1791359484874137364,-5.557862636,False
4622169276517035216,7233,1791359484894095720,-5.53790428,False
4622169276517035216,7234,1791359484914130524,-5.517869476,False
4622169276517035216,7235,1791359484934156162,-5.497843838,False
4622169276517035216,7236,1791359484954200617,-5.477799383,False
4622169276517035216,7237,1791359484974461236,-5.457538764,False
4622169276517035216,7238,1791359484994111300,-5.4378887,False
4622169276517035216,7239,1791359485014140477,-5.417859523,False
4622169276517035216,7240,1791359485034142098,-5.397857902,False
4622169276517035216,7241,1791359485054162724,-5.377837276,False
4622169276517035216,7242,1791359485074082869,-5.357917131,False
4622169276517035216,7243,1791359485094179007,-5.337820993,False
4622169276517035216,7244,1791359485113999580,-5.31800042,False
4622169276517035216,7245,1791359485133913329,-5.298086671,False
4622169276517035216,7246,1791359485154107497,-5.277892503,False
4622169276517035216,7247,1791359485174074552,-5.257925448,False
4622169276517035216,7248,1791359485194160154,-5.237839846,False
4622169276517035216,7249,1791359485214177088,-5.217822912,False
4622169276517035216,7250,1791359485234021186,-5.197978814,False
4622169276517035216,7251,1791359485254038237,-5.177961763,False
4622169276517035216,7252,1791359485274076366,-5.157923634,False
4622169276517035216,7253,1791359485294316207,-5.137683793,False
4622169276517035216,7254,1791359485314136255,-5.117863745,False
4622169276517035216,7255,1791359485334106288,-5.097893712,False
4622169276517035216,7256,1791359485354219351,-5.077780649,False
4622169276517035216,7257,1791359485374186497,-5.057813503,False
4622169276517035216,7258,1791359485394206520,-5.03779348,False
4622169276517035216,7259,1791359485414194297,-5.017805703,False
4622169276517035216,7260,1791359485434603008,-4.997396992,False
4622169276517035216,7261,1791359485454298560,-4.97770144,False
4622169276517035216,7262,1791359485474095639,-4.957904361,False
4622169276517035216,7263,1791359485494374989,-4.937625011,False
4622169276517035216,7264,1791359485514339819,-4.917660181,False
4622169276517035216,7265,1791359485534206706,-4.897793294,False
4622169276517035216,7266,1791359485554308800,-4.8776912,False
4622169276517035216,7267,1791359485574223294,-4.857776706,False
4622169276517035216,7268,1791359485594211987,-4.837788013,False
4622169276517035216,7269,1791359485614241549,-4.817758451,False
4622169276517035216,7270,1791359485634246666,-4.797753334,False
4622169276517035216,7271,1791359485654168793,-4.777831207,False
4622169276517035216,7272,1791359485674051335,-4.757948665,False
4622169276517035216,7273,1791359485694144301,-4.737855699,False
4622169276517035216,7274,1791359485714221040,-4.71777896,False
4622169276517035216,7275,1791359485734136990,-4.69786301,False
4622169276517035216,7276,1791359485754214248,-4.677785752,False
4622169276517035216,7277,1791359485774255909,-4.657744091,False
4622169276517035216,7278,1791359485794234104,-4.637765896,False
4622169276517035216,7279,1791359485814242310,-4.61775769,False
4622169276517035216,7280,1791359485834002271,-4.597997729,False
4622169276517035216,7281,1791359485854138793,-4.577861207,False
4622169276517035216,7282,1791359485874113341,-4.557886659,False
4622169276517035216,7283,1791359485894227362,-4.537772638,False
4622169276517035216,7284,1791359485914108738,-4.517891262,False
4622169276517035216,7285,1791359485934213771,-4.497786229,False
4622169276517035216,7286,1791359485954221305,-4.477778695,False
4622169276517035216,7287,1791359485974185679,-4.457814321,False
4622169276517035216,7288,1791359485994288917,-4.437711083,False
4622169276517035216,7289,1791359486014230199,-4.417769801,False
4622169276517035216,7290,1791359486034234149,-4.397765851,False
4622169276517035216,7291,1791359486054261679,-4.377738321,False
4622169276517035216,7292,1791359486074247349,-4.357752651,False
4622169276517035216,7293,1791359486094173620,-4.33782638,False
4622169276517035216,7294,1791359486114199465,-4.317800535,False
4622169276517035216,7295,1791359486134238945,-4.297761055,False
4622169276517035216,7296,1791359486154174016,-4.277825984,False
4622169276517035216,7297,1791359486174159720,-4.25784028,False
4622169276517035216,7298,1791359486194124361,-4.237875639,False
4622169276517035216,7299,1791359486214210535,-4.217789465,False
4622169276517035216,7300,1791359486234282866,-4.197717134,False
4622169276517035216,7301,1791359486254290373,-4.177709627,False
4622169276517035216,7302,1791359486274291984,-4.157708016,False
4622169276517035216,7303,1791359486294361982,-4.137638018,False
4622169276517035216,7304,1791359486314441065,-4.117558935,False
4622169276517035216,7305,1791359486334089362,-4.097910638,False
4622169276517035216,7306,1791359486354139489,-4.077860511,False
4622169276517035216,7307,1791359486373938768,-4.058061232,False
4622169276517035216,7308,1791359486394115943,-4.037884057,False
4622169276517035216,7309,1791359486414038775,-4.017961225,False
4622169276517035216,7310,1791359486434306766,-3.997693234,False
4622169276517035216,7311,1791359486454050286,-3.977949714,False
4622169276517035216,7312,1791359486474031039,-3.957968961,False
4622169276517035216,7313,1791359486494100151,-3.937899849,False
4622169276517035216,7314,1791359486514161754,-3.917838246,False
4622169276517035216,7315,1791359486534042274,-3.897957726,False
4622169276517035216,7316,1791359486554075682,-3.877924318,False
4622169276517035216,7317,1791359486574013107,-3.857986893,False
4622169276517035216,7318,1791359486594115640,-3.83788436,False
4622169276517035216,7319,1791359486614180270,-3.81781973,False
4622169276517035216,7320,1791359486634048880,-3.79795112,False
4622169276517035216,7321,1791359486654106658,-3.777893342,False
4622169276517035216,7322,1791359486674156773,-3.757843227,False
4622169276517035216,7323,1791359486694112299,-3.737887701,False
4622169276517035216,7324,1791359486714011963,-3.717988037,False
4622169276517035216,7325,1791359486734136908,-3.697863092,False
4622169276517035216,7326,1791359486754035042,-3.677964958,False
4622169276517035216,7327,1791359486774008133,-3.657991867,False
4622169276517035216,7328,1791359486794242696,-3.637757304,False
4622169276517035216,7329,1791359486814192268,-3.617807732,False
4622169276517035216,7330,1791359486834201282,-3.597798718,False
4622169276517035216,7331,1791359486854269098,-3.577730902,False
4622169276517035216,7332,1791359486874185994,-3.557814006,False
4622169276517035216,7333,1791359486894195604,-3.537804396,False
4622169276517035216,7334,1791359486914138985,-3.517861015,False
4622169276517035216,7335,1791359486934208052,-3.497791948,False
4622169276517035216,7336,1791359486954218040,-3.47778196,False
4622169276517035216,7337,1791359486974167721,-3.457832279,False
4622169276517035216,7338,1791359486994280232,-3.437719768,False
4622169276517035216,7339,1791359487014177391,-3.417822609,False
4622169276517035216,7340,1791359487033997755,-3.398002245,False
4622169276517035216,7341,1791359487054035607,-3.377964393,False
4622169276517035216,7342,1791359487074038714,-3.357961286,False
4622169276517035216,7343,1791359487094212196,-3.337787804,False
4622169276517035216,7344,1791359487114004994,-3.317995006,False
4622169276517035216,7345,1791359487134126957,-3.297873043,False
4622169276517035216,7346,1791359487154033943,-3.277966057,False
4622169276517035216,7347,1791359487174218266,-3.257781734,False
4622169276517035216,7348,1791359487194135009,-3.237864991,False
4622169276517035216,7349,1791359487214197095,-3.217802905,False
4622169276517035216,7350,1791359487234308392,-3.197691608,False
4622169276517035216,7351,1791359487254204499,-3.177795501,False
4622169276517035216,7352,1791359487273970728,-3.158029272,False
4622169276517035216,7353,1791359487294163131,-3.137836869,False
4622169276517035216,7354,1791359487314046632,-3.117953368,False
4622169276517035216,7355,1791359487334076740,-3.09792326,False
4622169276517035216,7356,1791359487354114134,-3.077885866,False
4622169276517035216,7357,1791359487374019230,-3.05798077,False
4622169276517035216,7358,1791359487394221143,-3.037778857,False
4622169276517035216,7359,1791359487414412950,-3.01758705,False
4622169276517035216,7360,1791359487434309981,-2.997690019,False
4622169276517035216,7361,1791359487454287516,-2.977712484,False
4622169276517035216,7362,1791359487474301043,-2.957698957,False
4622169276517035216,7363,1791359487494264539,-2.937735461,False
4622169276517035216,7364,1791359487514621655,-2.917378345,False
4622169276517035216,7365,1791359487534205307,-2.897794693,False
4622169276517035216,7366,1791359487554317961,-2.877682039,False
4622169276517035216,7367,1791359487574007355,-2.857992645,False
4622169276517035216,7368,1791359487594185260,-2.83781474,False
4622169276517035216,7369,1791359487614248134,-2.817751866,False
4622169276517035216,7370,1791359487634109338,-2.797890662,False
4622169276517035216,7371,1791359487654441167,-2.777558833,False
4622169276517035216,7372,1791359487674248908,-2.757751092,False
4622169276517035216,7373,1791359487694361730,-2.73763827,False
4622169276517035216,7374,1791359487714199029,-2.717800971,False
4622169276517035216,7375,1791359487734308017,-2.697691983,False
4622169276517035216,7376,1791359487754290318,-2.677709682,False
4622169276517035216,7377,1791359487773981883,-2.658018117,False
4622169276517035216,7378,1791359487794293512,-2.637706488,False
4622169276517035216,7379,1791359487814271566,-2.617728434,False
4622169276517035216,7380,1791359487834252375,-2.597747625,False
4622169276517035216,7381,1791359487854109300,-2.5778907,False
4622169276517035216,7382,1791359487874166209,-2.557833791,False
4622169276517035216,7383,1791359487894303826,-2.537696174,False
4622169276517035216,7384,1791359487914207579,-2.517792421,False
4622169276517035216,7385,1791359487934179922,-2.497820078,False
4622169276517035216,7386,1791359487954174626,-2.477825374,False
4622169276517035216,7387,1791359487974106538,-2.457893462,False
4622169276517035216,7388,1791359487994365114,-2.437634886,False
4622169276517035216,7389,1791359488014170772,-2.417829228,False
4622169276517035216,7390,1791359488034278527,-2.397721473,False
4622169276517035216,7391,1791359488054303308,-2.377696692,False
4622169276517035216,7392,1791359488074107924,-2.357892076,False
4622169276517035216,7393,1791359488094269059,-2.337730941,False
4622169276517035216,7394,1791359488114011188,-2.317988812,False
4622169276517035216,7395,1791359488134105809,-2.297894191,False
4622169276517035216,7396,1791359488154081173,-2.277918827,False
4622169276517035216,7397,1791359488174111998,-2.257888002,False
4622169276517035216,7398,1791359488194273096,-2.237726904,False
4622169276517035216,7399,1791359488214148853,-2.217851147,False
4622169276517035216,7400,1791359488234202508,-2.197797492,False
4622169276517035216,7401,1791359488254164591,-2.177835409,False
4622169276517035216,7402,1791359488274098107,-2.157901893,False
4622169276517035216,7403,1791359488294231374,-2.137768626,False
4622169276517035216,7404,1791359488314079583,-2.117920417,False
4622169276517035216,7405,1791359488334121790,-2.09787821,False
4622169276517035216,7406,1791359488354252317,-2.077747683,False
4622169276517035216,7407,1791359488374129169,-2.057870831,False
4622169276517035216,7408,1791359488394249099,-2.037750901,False
4622169276517035216,7409,1791359488414229502,-2.017770498,False
4622169276517035216,7410,1791359488434129478,-1.997870522,False
4622169276517035216,7411,1791359488454181399,-1.977818601,False
4622169276517035216,7412,1791359488474108533,-1.957891467,False
4622169276517035216,7413,1791359488494303865,-1.937696135,False
4622169276517035216,7414,1791359488514334966,-1.917665034,False
4622169276517035216,7415,1791359488534283758,-1.897716242,False
4622169276517035216,7416,1791359488554320750,-1.87767925,False
4622169276517035216,7417,1791359488574231642,-1.857768358,False
4622169276517035216,7418,1791359488594284417,-1.837715583,False
4622169276517035216,7419,1791359488614241894,-1.817758106,False
4622169276517035216,7420,1791359488634232307,-1.797767693,False
4622169276517035216,7421,1791359488654237277,-1.777762723,False
4622169276517035216,7422,1791359488674237993,-1.757762007,False
4622169276517035216,7423,1791359488694236883,-1.737763117,False
4622169276517035216,7424,1791359488714112208,-1.717887792,False
4622169276517035216,7425,1791359488734226255,-1.697773745,False
4622169276517035216,7426,1791359488754097260,-1.67790274,False
4622169276517035216,7427,1791359488774221664,-1.657778336,False
4622169276517035216,7428,1791359488794177211,-1.637822789,False
4622169276517035216,7429,1791359488814301200,-1.6176988,False
4622169276517035216,7430,1791359488834322393,-1.597677607,False
4622169276517035216,7431,1791359488854292977,-1.577707023,False
4622169276517035216,7432,1791359488874232342,-1.557767658,False
4622169276517035216,7433,1791359488894415153,-1.537584847,False
4622169276517035216,7434,1791359488914233240,-1.51776676,False
4622169276517035216,7435,1791359488934210317,-1.497789683,False
4622169276517035216,7436,1791359488954343243,-1.477656757,False
4622169276517035216,7437,1791359488974168227,-1.457831773,False
4622169276517035216,7438,1791359488994168635,-1.437831365,False
4622169276517035216,7439,1791359489014125516,-1.417874484,False
4622169276517035216,7440,1791359489034058042,-1.397941958,False
4622169276517035216,7441,1791359489054232425,-1.377767575,False
4622169276517035216,7442,1791359489074023392,-1.357976608,False
4622169276517035216,7443,1791359489094142542,-1.337857458,False
4622169276517035216,7444,1791359489113946557,-1.318053443,False
4622169276517035216,7445,1791359489134072346,-1.297927654,False
4622169276517035216,7446,1791359489154118021,-1.277881979,False
4622169276517035216,7447,1791359489174191051,-1.257808949,False
4622169276517035216,7448,1791359489194190012,-1.237809988,False
4622169276517035216,7449,1791359489213972126,-1.218027874,False
4622169276517035216,7450,1791359489234183124,-1.197816876,False
4622169276517035216,7451,1791359489254216302,-1.177783698,False
4622169276517035216,7452,1791359489274227204,-1.157772796,False
4622169276517035216,7453,1791359489294132092,-1.137867908,False
4622169276517035216,7454,1791359489314044387,-1.117955613,False
4622169276517035216,7455,1791359489334074502,-1.097925498,False
4622169276517035216,7456,1791359489354104283,-1.077895717,False
4622169276517035216,7457,1791359489374131288,-1.057868712,False
4622169276517035216,7458,1791359489394216971,-1.037783029,False
4622169276517035216,7459,1791359489414043547,-1.017956453,False
4622169276517035216,7460,1791359489434224729,-0.997775271,False
4622169276517035216,7461,1791359489454051076,-0.977948924,False
4622169276517035216,7462,1791359489474059326,-0.957940674,False
4622169276517035216,7463,1791359489494046083,-0.937953917,False
4622169276517035216,7464,1791359489514099241,-0.917900759,False
4622169276517035216,7465,1791359489534052010,-0.89794799,False
4622169276517035216,7466,1791359489554314138,-0.877685862,False
4622169276517035216,7467,1791359489574061369,-0.857938631,False
4622169276517035216,7468,1791359489594405212,-0.837594788,False
4622169276517035216,7469,1791359489614232971,-0.817767029,False
4622169276517035216,7470,1791359489634320941,-0.797679059,False
4622169276517035216,7471,1791359489654230497,-0.777769503,False
4622169276517035216,7472,1791359489674194821,-0.757805179,False
4622169276517035216,7473,1791359489694277478,-0.737722522,False
4622169276517035216,7474,1791359489714190971,-0.717809029,False
4622169276517035216,7475,1791359489734495414,-0.697504586,False
4622169276517035216,7476,1791359489754299006,-0.677700994,False
4622169276517035216,7477,1791359489774452603,-0.657547397,False
4622169276517035216,7478,1791359489794361614,-0.637638386,False
4622169276517035216,7479,1791359489814266321,-0.617733679,False
4622169276517035216,7480,1791359489834373643,-0.597626357,False
4622169276517035216,7481,1791359489854274452,-0.577725548,False
4622169276517035216,7482,1791359489874089768,-0.557910232,False
4622169276517035216,7483,1791359489894347946,-0.537652054,False
4622169276517035216,7484,1791359489914188668,-0.517811332,False
4622169276517035216,7485,1791359489934376543,-0.497623457,False
4622169276517035216,7486,1791359489954379374,-0.477620626,False
4622169276517035216,7487,1791359489974052418,-0.457947582,False
4622169276517035216,7488,1791359489994230902,-0.437769098,False
4622169276517035216,7489,1791359490014195001,-0.417804999,False
4622169276517035216,7490,1791359490034131097,-0.397868903,False
4622169276517035216,7491,1791359490054296447,-0.377703553,False
4622169276517035216,7492,1791359490074135594,-0.357864406,False
4622169276517035216,7493,1791359490094361666,-0.337638334,False
4622169276517035216,7494,1791359490114023031,-0.317976969,False
4622169276517035216,7495,1791359490133990766,-0.298009234,False
4622169276517035216,7496,1791359490154106102,-0.277893898,False
4622169276517035216,7497,1791359490174209864,-0.257790136,False
4622169276517035216,7498,1791359490194118259,-0.237881741,False
4622169276517035216,7499,1791359490214131839,-0.217868161,False
4622169276517035216,7500,1791359490234465237,-0.197534763,False
4622169276517035216,7501,1791359490254294549,-0.177705451,False
4622169276517035216,7502,1791359490274076424,-0.157923576,False
4622169276517035216,7503,1791359490294110972,-0.137889028,False
4622169276517035216,7504,1791359490314222593,-0.117777407,False
4622169276517035216,7505,1791359490334486916,-0.097513084,False
4622169276517035216,7506,1791359490354344675,-0.077655325,False
4622169276517035216,7507,1791359490374067756,-0.057932244,False
4622169276517035216,7508,1791359490394443022,-0.037556978,False
4622169276517035216,7509,1791359490414138743,-0.017861257,False
4622169276517035216,7510,1791359490434340573,0.002340573,True
4622169276517035216,7511,1791359490454407995,0.022407995,True
4622169276517035216,7512,1791359490474123572,0.042123572,True
4622169276517035216,7513,1791359490494263058,0.062263058,True
4622169276517035216,7514,1791359490514204125,0.082204125,True
4622169276517035216,7515,1791359490534130454,0.102130454,True
4622169276517035216,7516,1791359490554292524,0.122292524,True
4622169276517035216,7517,1791359490574196663,0.142196663,True
4622169276517035216,7518,1791359490594298208,0.162298208,True
4622169276517035216,7519,1791359490614189788,0.182189788,True
4622169276517035216,7520,1791359490634055475,0.202055475,True
4622169276517035216,7521,1791359490654295693,0.222295693,True
4622169276517035216,7522,1791359490674232731,0.242232731,True
4622169276517035216,7523,1791359490694259704,0.262259704,True
4622169276517035216,7524,1791359490714188467,0.282188467,True
4622169276517035216,7525,1791359490734340612,0.302340612,True
4622169276517035216,7526,1791359490754161773,0.322161773,True
4622169276517035216,7527,1791359490774261681,0.342261681,True
4622169276517035216,7528,1791359490794226042,0.362226042,True
4622169276517035216,7529,1791359490814220848,0.382220848,True
4622169276517035216,7530,1791359490834429496,0.402429496,True
4622169276517035216,7531,1791359490854166961,0.422166961,True
4622169276517035216,7532,1791359490874368222,0.442368222,True
4622169276517035216,7533,1791359490894415356,0.462415356,True
4622169276517035216,7534,1791359490914233363,0.482233363,True
4622169276517035216,7535,1791359490934119355,0.502119355,True
4622169276517035216,7536,1791359490954196151,0.522196151,True
4622169276517035216,7537,1791359490974238270,0.54223827,True
4622169276517035216,7538,1791359490994396755,0.562396755,True
4622169276517035216,7539,1791359491014269320,0.58226932,True
4622169276517035216,7540,1791359491034086547,0.602086547,True
4622169276517035216,7541,1791359491054239605,0.622239605,True
4622169276517035216,7542,1791359491074077354,0.642077354,True
4622169276517035216,7543,1791359491094345127,0.662345127,True
4622169276517035216,7544,1791359491114117039,0.682117039,True
4622169276517035216,7545,1791359491134198030,0.70219803,True
4622169276517035216,7546,1791359491154148375,0.722148375,True
4622169276517035216,7547,1791359491174163824,0.742163824,True
4622169276517035216,7548,1791359491194174516,0.762174516,True
4622169276517035216,7549,1791359491214119061,0.782119061,True
4622169276517035216,7550,1791359491234098155,0.802098155,True
4622169276517035216,7551,1791359491254283762,0.822283762,True
4622169276517035216,7552,1791359491274344540,0.84234454,True
4622169276517035216,7553,1791359491294521230,0.86252123,True
4622169276517035216,7554,1791359491314342157,0.882342157,True
4622169276517035216,7555,1791359491334305805,0.902305805,True
4622169276517035216,7556,1791359491354177810,0.92217781,True
4622169276517035216,7557,1791359491373957549,0.941957549,True
4622169276517035216,7558,1791359491394313417,0.962313417,True
4622169276517035216,7559,1791359491414319327,0.982319327,True
4622169276517035216,7560,1791359491434456958,1.002456958,True
4622169276517035216,7561,1791359491454275367,1.022275367,True
4622169276517035216,7562,1791359491474361602,1.042361602,True
4622169276517035216,7563,1791359491494336192,1.062336192,True
4622169276517035216,7564,1791359491514169155,1.082169155,True
4622169276517035216,7565,1791359491534285323,1.102285323,True
4622169276517035216,7566,1791359491554195434,1.122195434,True
4622169276517035216,7567,1791359491574146676,1.142146676,True
4622169276517035216,7568,1791359491594287064,1.162287064,True
4622169276517035216,7569,1791359491614122092,1.182122092,True
4622169276517035216,7570,1791359491634265805,1.202265805,True
4622169276517035216,7571,1791359491654176897,1.222176897,True
4622169276517035216,7572,1791359491674125905,1.242125905,True
4622169276517035216,7573,1791359491694160122,1.262160122,True
4622169276517035216,7574,1791359491714049536,1.282049536,True
4622169276517035216,7575,1791359491734232967,1.302232967,True
4622169276517035216,7576,1791359491754022792,1.322022792,True
4622169276517035216,7577,1791359491774061743,1.342061743,True
4622169276517035216,7578,1791359491794148962,1.362148962,True
4622169276517035216,7579,1791359491814204818,1.382204818,True
4622169276517035216,7580,1791359491834074636,1.402074636,True
4622169276517035216,7581,1791359491854140899,1.422140899,True
4622169276517035216,7582,1791359491874132055,1.442132055,True
4622169276517035216,7583,1791359491894313646,1.462313646,True
4622169276517035216,7584,1791359491914020075,1.482020075,True
4622169276517035216,7585,1791359491934114305,1.502114305,True
4622169276517035216,7586,1791359491954081320,1.52208132,True
4622169276517035216,7587,1791359491974226873,1.542226873,True
4622169276517035216,7588,1791359491994230263,1.562230263,True
4622169276517035216,7589,1791359492014075897,1.582075897,True
4622169276517035216,7590,1791359492034232516,1.602232516,True
4622169276517035216,7591,1791359492054155248,1.622155248,True
4622169276517035216,7592,1791359492074175662,1.642175662,True
4622169276517035216,7593,1791359492094321504,1.662321504,True
4622169276517035216,7594,1791359492114330263,1.682330263,True
4622169276517035216,7595,1791359492134392060,1.70239206,True
4622169276517035216,7596,1791359492154236490,1.72223649,True
4622169276517035216,7597,1791359492174281230,1.74228123,True
4622169276517035216,7598,1791359492194326597,1.762326597,True
4622169276517035216,7599,1791359492214278608,1.782278608,True
4622169276517035216,7600,1791359492234287507,1.802287507,True
4622169276517035216,7601,1791359492254412956,1.822412956,True
4622169276517035216,7602,1791359492274281409,1.842281409,True
4622169276517035216,7603,1791359492294310489,1.862310489,True
4622169276517035216,7604,1791359492314303340,1.88230334,True
4622169276517035216,7605,1791359492334819005,1.902819005,True
4622169276517035216,7606,1791359492354799541,1.922799541,True
4622169276517035216,7607,1791359492374692467,1.942692467,True
4622169276517035216,7608,1791359492394744720,1.96274472,True
4622169276517035216,7609,1791359492414764504,1.982764504,True
4622169276517035216,7610,1791359492434672637,2.002672637,True
4622169276517035216,7611,1791359492454647373,2.022647373,True
4622169276517035216,7612,1791359492474118975,2.042118975,True
4622169276517035216,7613,1791359492494425884,2.062425884,True
4622169276517035216,7614,1791359492514268714,2.082268714,True
4622169276517035216,7615,1791359492534343174,2.102343174,True
4622169276517035216,7616,1791359492554306769,2.122306769,True
4622169276517035216,7617,1791359492574225211,2.142225211,True
4622169276517035216,7618,1791359492594234231,2.162234231,True
4622169276517035216,7619,1791359492614247591,2.182247591,True
4622169276517035216,7620,1791359492634397739,2.202397739,True
4622169276517035216,7621,1791359492654315251,2.222315251,True
4622169276517035216,7622,1791359492674310550,2.24231055,True
4622169276517035216,7623,1791359492694236668,2.262236668,True
4622169276517035216,7624,1791359492714274629,2.282274629,True
4622169276517035216,7625,1791359492734469770,2.30246977,True
4622169276517035216,7626,1791359492754315423,2.322315423,True
4622169276517035216,7627,1791359492774441676,2.342441676,True
4622169276517035216,7628,1791359492794453957,2.362453957,True
4622169276517035216,7629,1791359492814233072,2.382233072,True
4622169276517035216,7630,1791359492834473182,2.402473182,True
4622169276517035216,7631,1791359492854199396,2.422199396,True
4622169276517035216,7632,1791359492874216062,2.442216062,True
4622169276517035216,7633,1791359492894244389,2.462244389,True
4622169276517035216,7634,1791359492914355251,2.482355251,True
4622169276517035216,7635,1791359492934287656,2.502287656,True
4622169276517035216,7636,1791359492954253332,2.522253332,True
4622169276517035216,7637,1791359492974245594,2.542245594,True
4622169276517035216,7638,1791359492994248868,2.562248868,True
4622169276517035216,7639,1791359493014258040,2.58225804,True
4622169276517035216,7640,1791359493034259146,2.602259146,True
4622169276517035216,7641,1791359493054168962,2.622168962,True
4622169276517035216,7642,1791359493074323461,2.642323461,True
4622169276517035216,7643,1791359493094190769,2.662190769,True
4622169276517035216,7644,1791359493113929414,2.681929414,True
4622169276517035216,7645,1791359493134092248,2.702092248,True
4622169276517035216,7646,1791359493154237058,2.722237058,True
4622169276517035216,7647,1791359493174161078,2.742161078,True
4622169276517035216,7648,1791359493194226606,2.762226606,True
4622169276517035216,7649,1791359493214210062,2.782210062,True
4622169276517035216,7650,1791359493234202764,2.802202764,True
4622169276517035216,7651,1791359493254223003,2.822223003,True
4622169276517035216,7652,1791359493274231869,2.842231869,True
4622169276517035216,7653,1791359493294365770,2.86236577,True
4622169276517035216,7654,1791359493314021514,2.882021514,True
4622169276517035216,7655,1791359493334022422,2.902022422,True
4622169276517035216,7656,1791359493354104906,2.922104906,True
4622169276517035216,7657,1791359493374020742,2.942020742,True
4622169276517035216,7658,1791359493394075929,2.962075929,True
4622169276517035216,7659,1791359493413979922,2.981979922,True
4622169276517035216,7660,1791359493434021646,3.002021646,True
4622169276517035216,7661,1791359493454096097,3.022096097,True
4622169276517035216,7662,1791359493474169203,3.042169203,True
4622169276517035216,7663,1791359493494261509,3.062261509,True
4622169276517035216,7664,1791359493514209269,3.082209269,True
4622169276517035216,7665,1791359493534001623,3.102001623,True
4622169276517035216,7666,1791359493554083575,3.122083575,True
4622169276517035216,7667,1791359493574090384,3.142090384,True
4622169276517035216,7668,1791359493594067422,3.162067422,True
4622169276517035216,7669,1791359493614073186,3.182073186,True
4622169276517035216,7670,1791359493634165580,3.20216558,True
4622169276517035216,7671,1791359493654168538,3.222168538,True
4622169276517035216,7672,1791359493674066144,3.242066144,True
4622169276517035216,7673,1791359493694090821,3.262090821,True
4622169276517035216,7674,1791359493714054863,3.282054863,True
4622169276517035216,7675,1791359493733939398,3.301939398,True
4622169276517035216,7676,1791359493754486322,3.322486322,True
4622169276517035216,7677,1791359493774184141,3.342184141,True
4622169276517035216,7678,1791359493794252496,3.362252496,True
4622169276517035216,7679,1791359493814093053,3.382093053,True
4622169276517035216,7680,1791359493834248466,3.402248466,True
4622169276517035216,7681,1791359493854257470,3.42225747,True
4622169276517035216,7682,1791359493874360097,3.442360097,True
4622169276517035216,7683,1791359493894236963,3.462236963,True
4622169276517035216,7684,1791359493914217098,3.482217098,True
4622169276517035216,7685,1791359493934234943,3.502234943,True
4622169276517035216,7686,1791359493954249581,3.522249581,True
4622169276517035216,7687,1791359493974326164,3.542326164,True
4622169276517035216,7688,1791359493994260255,3.562260255,True
4622169276517035216,7689,1791359494014382965,3.582382965,True
4622169276517035216,7690,1791359494034280583,3.602280583,True
4622169276517035216,7691,1791359494054191138,3.622191138,True
4622169276517035216,7692,1791359494074238568,3.642238568,True
4622169276517035216,7693,1791359494094211139,3.662211139,True
4622169276517035216,7694,1791359494114207923,3.682207923,True
4622169276517035216,7695,1791359494134188083,3.702188083,True
4622169276517035216,7696,1791359494154139592,3.722139592,True
4622169276517035216,7697,1791359494174054094,3.742054094,True
4622169276517035216,7698,1791359494194237945,3.762237945,True
4622169276517035216,7699,1791359494214580483,3.782580483,True
4622169276517035216,7700,1791359494234304432,3.802304432,True
4622169276517035216,7701,1791359494254586731,3.822586731,True
4622169276517035216,7702,1791359494274439232,3.842439232,True
4622169276517035216,7703,1791359494294367847,3.862367847,True
4622169276517035216,7704,1791359494314364817,3.882364817,True
4622169276517035216,7705,1791359494334695141,3.902695141,True
4622169276517035216,7706,1791359494354268787,3.922268787,True
4622169276517035216,7707,1791359494374413738,3.942413738,True
4622169276517035216,7708,1791359494394537115,3.962537115,True
4622169276517035216,7709,1791359494414326005,3.982326005,True
4622169276517035216,7710,1791359494434189299,4.002189299,True
4622169276517035216,7711,1791359494454344650,4.02234465,True
4622169276517035216,7712,1791359494474245053,4.042245053,True
4622169276517035216,7713,1791359494494280388,4.062280388,True
4622169276517035216,7714,1791359494514284968,4.082284968,True
4622169276517035216,7715,1791359494534409174,4.102409174,True
4622169276517035216,7716,1791359494554201551,4.122201551,True
4622169276517035216,7717,1791359494574224508,4.142224508,True
4622169276517035216,7718,1791359494594284324,4.162284324,True
4622169276517035216,7719,1791359494614331118,4.182331118,True
4622169276517035216,7720,1791359494634211643,4.202211643,True
4622169276517035216,7721,1791359494654276007,4.222276007,True
4622169276517035216,7722,1791359494674323078,4.242323078,True
4622169276517035216,7723,1791359494694436410,4.26243641,True
4622169276517035216,7724,1791359494714285379,4.282285379,True
4622169276517035216,7725,1791359494734150739,4.302150739,True
4622169276517035216,7726,1791359494754240237,4.322240237,True
4622169276517035216,7727,1791359494774108593,4.342108593,True
4622169276517035216,7728,1791359494794292472,4.362292472,True
4622169276517035216,7729,1791359494814367864,4.382367864,True
4622169276517035216,7730,1791359494834417348,4.402417348,True
4622169276517035216,7731,1791359494854314821,4.422314821,True
4622169276517035216,7732,1791359494874199172,4.442199172,True
4622169276517035216,7733,1791359494894319383,4.462319383,True
4622169276517035216,7734,1791359494914479532,4.482479532,True
4622169276517035216,7735,1791359494934146850,4.50214685,True
4622169276517035216,7736,1791359494954464865,4.522464865,True
4622169276517035216,7737,1791359494974405575,4.542405575,True
4622169276517035216,7738,1791359494994150196,4.562150196,True
4622169276517035216,7739,1791359495014025915,4.582025915,True
4622169276517035216,7740,1791359495034181657,4.602181657,True
4622169276517035216,7741,1791359495054492464,4.622492464,True
4622169276517035216,7742,1791359495074052878,4.642052878,True
4622169276517035216,7743,1791359495094223608,4.662223608,True
4622169276517035216,7744,1791359495114056439,4.682056439,True
4622169276517035216,7745,1791359495133962084,4.701962084,True
4622169276517035216,7746,1791359495154055914,4.722055914,True
4622169276517035216,7747,1791359495174270943,4.742270943,True
4622169276517035216,7748,1791359495194199069,4.762199069,True
4622169276517035216,7749,1791359495214104927,4.782104927,True
4622169276517035216,7750,1791359495234073515,4.802073515,True
4622169276517035216,7751,1791359495254147811,4.822147811,True
4622169276517035216,7752,1791359495274433013,4.842433013,True
4622169276517035216,7753,1791359495294603514,4.862603514,True
4622169276517035216,7754,1791359495314309625,4.882309625,True
4622169276517035216,7755,1791359495334103485,4.902103485,True
4622169276517035216,7756,1791359495354222941,4.922222941,True
4622169276517035216,7757,1791359495373914949,4.941914949,True
4622169276517035216,7758,1791359495394155740,4.96215574,True
4622169276517035216,7759,1791359495414247015,4.982247015,True
4622169276517035216,7760,1791359495434281931,5.002281931,True
4622169276517035216,7761,1791359495454343353,5.022343353,True
4622169276517035216,7762,1791359495474226826,5.042226826,True
4622169276517035216,7763,1791359495494236308,5.062236308,True
4622169276517035216,7764,1791359495514299056,5.082299056,True
4622169276517035216,7765,1791359495534456542,5.102456542,True
4622169276517035216,7766,1791359495554338828,5.122338828,True
4622169276517035216,7767,1791359495574223282,5.142223282,True
4622169276517035216,7768,1791359495594186998,5.162186998,True
4622169276517035216,7769,1791359495614163970,5.18216397,True
4622169276517035216,7770,1791359495634210536,5.202210536,True
4622169276517035216,7771,1791359495654356367,5.222356367,True
4622169276517035216,7772,1791359495674344471,5.242344471,True
4622169276517035216,7773,1791359495694282785,5.262282785,True
4622169276517035216,7774,1791359495714342406,5.282342406,True
4622169276517035216,7775,1791359495734150730,5.30215073,True
4622169276517035216,7776,1791359495754262609,5.322262609,True
4622169276517035216,7777,1791359495774107807,5.342107807,True
4622169276517035216,7778,1791359495794324751,5.362324751,True
4622169276517035216,7779,1791359495814240865,5.382240865,True
4622169276517035216,7780,1791359495834047007,5.402047007,True
4622169276517035216,7781,1791359495854309847,5.422309847,True
4622169276517035216,7782,1791359495874183356,5.442183356,True
4622169276517035216,7783,1791359495894202107,5.462202107,True
4622169276517035216,7784,1791359495914302034,5.482302034,True
4622169276517035216,7785,1791359495934259049,5.502259049,True
4622169276517035216,7786,1791359495954290619,5.522290619,True
4622169276517035216,7787,1791359495974145176,5.542145176,True
4622169276517035216,7788,1791359495994299764,5.562299764,True
4622169276517035216,7789,1791359496014379396,5.582379396,True
4622169276517035216,7790,1791359496034173945,5.602173945,True
4622169276517035216,7791,1791359496054240009,5.622240009,True
4622169276517035216,7792,1791359496074308297,5.642308297,True
4622169276517035216,7793,1791359496094264021,5.662264021,True
4622169276517035216,7794,1791359496114284164,5.682284164,True
4622169276517035216,7795,1791359496134198404,5.702198404,True
4622169276517035216,7796,1791359496154340462,5.722340462,True
4622169276517035216,7797,1791359496174150310,5.74215031,True
4622169276517035216,7798,1791359496194093360,5.76209336,True
4622169276517035216,7799,1791359496214077536,5.782077536,True
4622169276517035216,7800,1791359496234295596,5.802295596,True
4622169276517035216,7801,1791359496254255945,5.822255945,True
4622169276517035216,7802,1791359496274161285,5.842161285,True
4622169276517035216,7803,1791359496294068580,5.86206858,True
4622169276517035216,7804,1791359496314035360,5.88203536,True
4622169276517035216,7805,1791359496334122680,5.90212268,True
4622169276517035216,7806,1791359496354032043,5.922032043,True
4622169276517035216,7807,1791359496374108322,5.942108322,True
4622169276517035216,7808,1791359496394142014,5.962142014,True
4622169276517035216,7809,1791359496414070502,5.982070502,True
4622169276517035216,7810,1791359496434155142,6.002155142,True
4622169276517035216,7811,1791359496454246474,6.022246474,True
4622169276517035216,7812,1791359496474129893,6.042129893,True
4622169276517035216,7813,1791359496494103007,6.062103007,True
4622169276517035216,7814,1791359496514349762,6.082349762,True
4622169276517035216,7815,1791359496534155747,6.102155747,True
4622169276517035216,7816,1791359496554319740,6.12231974,True
4622169276517035216,7817,1791359496574144023,6.142144023,True
4622169276517035216,7818,1791359496594313796,6.162313796,True
4622169276517035216,7819,1791359496614389841,6.182389841,True
4622169276517035216,7820,1791359496634125897,6.202125897,True
4622169276517035216,7821,1791359496654412658,6.222412658,True
4622169276517035216,7822,1791359496674261624,6.242261624,True
4622169276517035216,7823,1791359496694328491,6.262328491,True
4622169276517035216,7824,1791359496714317464,6.282317464,True
4622169276517035216,7825,1791359496734003431,6.302003431,True
4622169276517035216,7826,1791359496754193863,6.322193863,True
4622169276517035216,7827,1791359496774089945,6.342089945,True
4622169276517035216,7828,1791359496794204680,6.36220468,True
4622169276517035216,7829,1791359496814317627,6.382317627,True
4622169276517035216,7830,1791359496833937850,6.40193785,True
4622169276517035216,7831,1791359496854082925,6.422082925,True
4622169276517035216,7832,1791359496874072097,6.442072097,True
4622169276517035216,7833,1791359496894079864,6.462079864,True
4622169276517035216,7834,1791359496914324610,6.48232461,True
4622169276517035216,7835,1791359496934152479,6.502152479,True
4622169276517035216,7836,1791359496954170236,6.522170236,True
4622169276517035216,7837,1791359496974116952,6.542116952,True
4622169276517035216,7838,1791359496994255107,6.562255107,True
4622169276517035216,7839,1791359497014343440,6.58234344,True
4622169276517035216,7840,1791359497034097159,6.602097159,True
4622169276517035216,7841,1791359497054189872,6.622189872,True
4622169276517035216,7842,1791359497074146087,6.642146087,True
4622169276517035216,7843,1791359497094202148,6.662202148,True
4622169276517035216,7844,1791359497114234726,6.682234726,True
4622169276517035216,7845,1791359497134025598,6.702025598,True
4622169276517035216,7846,1791359497154233481,6.722233481,True
4622169276517035216,7847,1791359497174150852,6.742150852,True
4622169276517035216,7848,1791359497194265921,6.762265921,True
4622169276517035216,7849,1791359497214191941,6.782191941,True
4622169276517035216,7850,1791359497234159194,6.802159194,True
4622169276517035216,7851,1791359497254337571,6.822337571,True
4622169276517035216,7852,1791359497274413453,6.842413453,True
4622169276517035216,7853,1791359497294202392,6.862202392,True
4622169276517035216,7854,1791359497314463458,6.882463458,True
4622169276517035216,7855,1791359497333910323,6.901910323,True
4622169276517035216,7856,1791359497354291134,6.922291134,True
4622169276517035216,7857,1791359497374113779,6.942113779,True
4622169276517035216,7858,1791359497394278272,6.962278272,True
4622169276517035216,7859,1791359497414175270,6.98217527,True
4622169276517035216,7860,1791359497433999301,7.001999301,True
4622169276517035216,7861,1791359497454070207,7.022070207,True
4622169276517035216,7862,1791359497474221036,7.042221036,True
4622169276517035216,7863,1791359497494266819,7.062266819,True
4622169276517035216,7864,1791359497514541284,7.082541284,True
4622169276517035216,7865,1791359497534022849,7.102022849,True
4622169276517035216,7866,1791359497554236120,7.12223612,True
4622169276517035216,7867,1791359497574039916,7.142039916,True
4622169276517035216,7868,1791359497594164866,7.162164866,True
4622169276517035216,7869,1791359497614251418,7.182251418,True
4622169276517035216,7870,1791359497634250316,7.202250316,True
4622169276517035216,7871,1791359497654345651,7.222345651,True
4622169276517035216,7872,1791359497674221349,7.242221349,True
4622169276517035216,7873,1791359497694366485,7.262366485,True
4622169276517035216,7874,1791359497714353614,7.282353614,True
4622169276517035216,7875,1791359497734218852,7.302218852,True
4622169276517035216,7876,1791359497754340338,7.322340338,True
4622169276517035216,7877,1791359497774307197,7.342307197,True
4622169276517035216,7878,1791359497794255323,7.362255323,True
4622169276517035216,7879,1791359497814248502,7.382248502,True
4622169276517035216,7880,1791359497834108631,7.402108631,True
4622169276517035216,7881,1791359497854319496,7.422319496,True
4622169276517035216,7882,1791359497874149400,7.4421494,True
4622169276517035216,7883,1791359497894231973,7.462231973,True
4622169276517035216,7884,1791359497914120363,7.482120363,True
4622169276517035216,7885,1791359497933971735,7.501971735,True
4622169276517035216,7886,1791359497954263615,7.522263615,True
4622169276517035216,7887,1791359497974100604,7.542100604,True
4622169276517035216,7888,1791359497994214552,7.562214552,True
4622169276517035216,7889,1791359498014219907,7.582219907,True
4622169276517035216,7890,1791359498034151114,7.602151114,True
4622169276517035216,7891,1791359498054099763,7.622099763,True
4622169276517035216,7892,1791359498074065224,7.642065224,True
4622169276517035216,7893,1791359498094226381,7.662226381,True
4622169276517035216,7894,1791359498114302690,7.68230269,True
4622169276517035216,7895,1791359498134188436,7.702188436,True
4622169276517035216,7896,1791359498154211847,7.722211847,True
4622169276517035216,7897,1791359498174154101,7.742154101,True
4622169276517035216,7898,1791359498194240443,7.762240443,True
4622169276517035216,7899,1791359498214292406,7.782292406,True
4622169276517035216,7900,1791359498234136996,7.802136996,True
4622169276517035216,7901,1791359498254322794,7.822322794,True
4622169276517035216,7902,1791359498274121576,7.842121576,True
4622169276517035216,7903,1791359498294212071,7.862212071,True
4622169276517035216,7904,1791359498314212938,7.882212938,True
4622169276517035216,7905,1791359498334131540,7.90213154,True
4622169276517035216,7906,1791359498354113489,7.922113489,True
4622169276517035216,7907,1791359498374132917,7.942132917,True
4622169276517035216,7908,1791359498394232939,7.962232939,True
4622169276517035216,7909,1791359498414086995,7.982086995,True
4622169276517035216,7910,1791359498434079484,8.002079484,True
4622169276517035216,7911,1791359498454324882,8.022324882,True
4622169276517035216,7912,1791359498474283917,8.042283917,True
4622169276517035216,7913,1791359498494213025,8.062213025,True
4622169276517035216,7914,1791359498514170409,8.082170409,True
4622169276517035216,7915,1791359498534167192,8.102167192,True
4622169276517035216,7916,1791359498554217308,8.122217308,True
4622169276517035216,7917,1791359498574129822,8.142129822,True
4622169276517035216,7918,1791359498594101576,8.162101576,True
4622169276517035216,7919,1791359498614206915,8.182206915,True
4622169276517035216,7920,1791359498634246042,8.202246042,True
4622169276517035216,7921,1791359498654195102,8.222195102,True
4622169276517035216,7922,1791359498674186125,8.242186125,True
4622169276517035216,7923,1791359498694227475,8.262227475,True
4622169276517035216,7924,1791359498714240488,8.282240488,True
4622169276517035216,7925,1791359498734231021,8.302231021,True
4622169276517035216,7926,1791359498754238047,8.322238047,True
4622169276517035216,7927,1791359498774361344,8.342361344,True
4622169276517035216,7928,1791359498794285785,8.362285785,True
4622169276517035216,7929,1791359498814279738,8.382279738,True
4622169276517035216,7930,1791359498834287255,8.402287255,True
4622169276517035216,7931,1791359498854108469,8.422108469,True
4622169276517035216,7932,1791359498874210215,8.442210215,True
4622169276517035216,7933,1791359498894329976,8.462329976,True
4622169276517035216,7934,1791359498914395085,8.482395085,True
4622169276517035216,7935,1791359498934237813,8.502237813,True
4622169276517035216,7936,1791359498954215548,8.522215548,True
4622169276517035216,7937,1791359498974360695,8.542360695,True
4622169276517035216,7938,1791359498994226339,8.562226339,True
4622169276517035216,7939,1791359499014201840,8.58220184,True
4622169276517035216,7940,1791359499034348498,8.602348498,True
4622169276517035216,7941,1791359499054365472,8.622365472,True
4622169276517035216,7942,1791359499074087690,8.64208769,True
4622169276517035216,7943,1791359499094121218,8.662121218,True
4622169276517035216,7944,1791359499114093419,8.682093419,True
4622169276517035216,7945,1791359499133990096,8.701990096,True
4622169276517035216,7946,1791359499154268091,8.722268091,True
4622169276517035216,7947,1791359499174185805,8.742185805,True
4622169276517035216,7948,1791359499194199081,8.762199081,True
4622169276517035216,7949,1791359499214247032,8.782247032,True
4622169276517035216,7950,1791359499234164055,8.802164055,True
4622169276517035216,7951,1791359499254328739,8.822328739,True
4622169276517035216,7952,1791359499274211605,8.842211605,True
4622169276517035216,7953,1791359499294059155,8.862059155,True
4622169276517035216,7954,1791359499314174607,8.882174607,True
4622169276517035216,7955,1791359499334168108,8.902168108,True
4622169276517035216,7956,1791359499354249376,8.922249376,True
4622169276517035216,7957,1791359499374131042,8.942131042,True
4622169276517035216,7958,1791359499394237418,8.962237418,True
4622169276517035216,7959,1791359499414365976,8.982365976,True
4622169276517035216,7960,1791359499434073474,9.002073474,True
4622169276517035216,7961,1791359499454081284,9.022081284,True
4622169276517035216,7962,1791359499474028750,9.04202875,True
4622169276517035216,7963,1791359499494038240,9.06203824,True
4622169276517035216,7964,1791359499514229912,9.082229912,True
4622169276517035216,7965,1791359499534092147,9.102092147,True
4622169276517035216,7966,1791359499554153400,9.1221534,True
4622169276517035216,7967,1791359499574148564,9.142148564,True
4622169276517035216,7968,1791359499594106582,9.162106582,True
4622169276517035216,7969,1791359499614218561,9.182218561,True
4622169276517035216,7970,1791359499634235053,9.202235053,True
4622169276517035216,7971,1791359499654280404,9.222280404,True
4622169276517035216,7972,1791359499674157432,9.242157432,True
4622169276517035216,7973,1791359499694215595,9.262215595,True
4622169276517035216,7974,1791359499714116763,9.282116763,True
4622169276517035216,7975,1791359499734151243,9.302151243,True
4622169276517035216,7976,1791359499754139417,9.322139417,True
4622169276517035216,7977,1791359499774050379,9.342050379,True
4622169276517035216,7978,1791359499794168175,9.362168175,True
4622169276517035216,7979,1791359499814062459,9.382062459,True
4622169276517035216,7980,1791359499834067491,9.402067491,True
4622169276517035216,7981,1791359499854207273,9.422207273,True
4622169276517035216,7982,1791359499874015369,9.442015369,True
4622169276517035216,7983,1791359499894077722,9.462077722,True
4622169276517035216,7984,1791359499914091990,9.48209199,True
4622169276517035216,7985,1791359499933922374,9.501922374,True
4622169276517035216,7986,1791359499954215187,9.522215187,True
4622169276517035216,7987,1791359499974186732,9.542186732,True
4622169276517035216,7988,1791359499994075390,9.56207539,True
4622169276517035216,7989,1791359500014293039,9.582293039,True
4622169276517035216,7990,1791359500034111663,9.602111663,True
4622169276517035216,7991,1791359500054241815,9.622241815,True
4622169276517035216,7992,1791359500074056775,9.642056775,True
4622169276517035216,7993,1791359500094298370,9.66229837,True
4622169276517035216,7994,1791359500114004696,9.682004696,True
4622169276517035216,7995,1791359500133969461,9.701969461,True
4622169276517035216,7996,1791359500154082801,9.722082801,True
4622169276517035216,7997,1791359500174026482,9.742026482,True
4622169276517035216,7998,1791359500194109409,9.762109409,True
4622169276517035216,7999,1791359500214169825,9.782169825,True
4622169276517035216,8000,1791359500234046203,9.802046203,True
4622169276517035216,8001,1791359500254128330,9.82212833,True
4622169276517035216,8002,1791359500274079594,9.842079594,True
4622169276517035216,8003,1791359500294062114,9.862062114,True
4622169276517035216,8004,1791359500314049516,9.882049516,True
4622169276517035216,8005,1791359500334092576,9.902092576,True
4622169276517035216,8006,1791359500354152987,9.922152987,True
4622169276517035216,8007,1791359500374078160,9.94207816,True
4622169276517035216,8008,1791359500394260673,9.962260673,True
4622169276517035216,8009,1791359500414111337,9.982111337,True
4622169276517035216,8010,1791359500434086770,10.00208677,True
4622169276517035216,8011,1791359500454221057,10.022221057,True
4622169276517035216,8012,1791359500474110851,10.042110851,True
4622169276517035216,8013,1791359500494231484,10.062231484,True
4622169276517035216,8014,1791359500514169196,10.082169196,True
4622169276517035216,8015,1791359500534216478,10.102216478,True
4622169276517035216,8016,1791359500554287754,10.122287754,True
4622169276517035216,8017,1791359500574302150,10.14230215,True
4622169276517035216,8018,1791359500594198473,10.162198473,True
4622169276517035216,8019,1791359500614293953,10.182293953,True
4622169276517035216,8020,1791359500634320525,10.202320525,True
4622169276517035216,8021,1791359500654521755,10.222521755,True
4622169276517035216,8022,1791359500674335280,10.24233528,True
4622169276517035216,8023,1791359500694411080,10.26241108,True
4622169276517035216,8024,1791359500714333700,10.2823337,True
4622169276517035216,8025,1791359500734297494,10.302297494,True
4622169276517035216,8026,1791359500754374418,10.322374418,True
4622169276517035216,8027,1791359500774226499,10.342226499,True
4622169276517035216,8028,1791359500794555998,10.362555998,True
4622169276517035216,8029,1791359500814089808,10.382089808,True
4622169276517035216,8030,1791359500834017324,10.402017324,True
4622169276517035216,8031,1791359500854073262,10.422073262,True
4622169276517035216,8032,1791359500874025945,10.442025945,True
4622169276517035216,8033,1791359500893979128,10.461979128,True
4622169276517035216,8034,1791359500914130534,10.482130534,True
4622169276517035216,8035,1791359500934117914,10.502117914,True
4622169276517035216,8036,1791359500954125655,10.522125655,True
4622169276517035216,8037,1791359500974178843,10.542178843,True
4622169276517035216,8038,1791359500994165894,10.562165894,True
4622169276517035216,8039,1791359501014339320,10.58233932,True
4622169276517035216,8040,1791359501034159363,10.602159363,True
4622169276517035216,8041,1791359501054320383,10.622320383,True
4622169276517035216,8042,1791359501073982661,10.641982661,True
4622169276517035216,8043,1791359501094132736,10.662132736,True
4622169276517035216,8044,1791359501114027646,10.682027646,True
4622169276517035216,8045,1791359501134136535,10.702136535,True
4622169276517035216,8046,1791359501154221329,10.722221329,True
4622169276517035216,8047,1791359501174267250,10.74226725,True
4622169276517035216,8048,1791359501194288037,10.762288037,True
4622169276517035216,8049,1791359501214181641,10.782181641,True
4622169276517035216,8050,1791359501234353335,10.802353335,True
4622169276517035216,8051,1791359501254273670,10.82227367,True
4622169276517035216,8052,1791359501274170052,10.842170052,True
4622169276517035216,8053,1791359501294338194,10.862338194,True
4622169276517035216,8054,1791359501314321350,10.88232135,True
4622169276517035216,8055,1791359501334273197,10.902273197,True
4622169276517035216,8056,1791359501354202268,10.922202268,True
4622169276517035216,8057,1791359501374184834,10.942184834,True
4622169276517035216,8058,1791359501394373704,10.962373704,True
4622169276517035216,8059,1791359501414330042,10.982330042,True
4622169276517035216,8060,1791359501434535193,11.002535193,True
4622169276517035216,8061,1791359501454309548,11.022309548,True
4622169276517035216,8062,1791359501474090470,11.04209047,True
4622169276517035216,8063,1791359501494047888,11.062047888,True
4622169276517035216,8064,1791359501514270894,11.082270894,True
4622169276517035216,8065,1791359501534036651,11.102036651,True
4622169276517035216,8066,1791359501554270672,11.122270672,True
4622169276517035216,8067,1791359501574147147,11.142147147,True
4622169276517035216,8068,1791359501594304103,11.162304103,True
4622169276517035216,8069,1791359501614122179,11.182122179,True
4622169276517035216,8070,1791359501634077370,11.20207737,True
4622169276517035216,8071,1791359501654095128,11.222095128,True
4622169276517035216,8072,1791359501674085334,11.242085334,True
4622169276517035216,8073,1791359501694468476,11.262468476,True
4622169276517035216,8074,1791359501714353044,11.282353044,True
4622169276517035216,8075,1791359501734610532,11.302610532,True
4622169276517035216,8076,1791359501754357163,11.322357163,True
4622169276517035216,8077,1791359501774307623,11.342307623,True
4622169276517035216,8078,1791359501794453359,11.362453359,True
4622169276517035216,8079,1791359501814472262,11.382472262,True
4622169276517035216,8080,1791359501834526038,11.402526038,True
4622169276517035216,8081,1791359501854270218,11.422270218,True
4622169276517035216,8082,1791359501874129223,11.442129223,True
4622169276517035216,8083,1791359501894427762,11.462427762,True
4622169276517035216,8084,1791359501914327141,11.482327141,True
4622169276517035216,8085,1791359501934241722,11.502241722,True
4622169276517035216,8086,1791359501954257518,11.522257518,True
4622169276517035216,8087,1791359501974338569,11.542338569,True
4622169276517035216,8088,1791359501994416790,11.56241679,True
4622169276517035216,8089,1791359502014307583,11.582307583,True
4622169276517035216,8090,1791359502034083524,11.602083524,True
4622169276517035216,8091,1791359502054327795,11.622327795,True
4622169276517035216,8092,1791359502074869904,11.642869904,True
4622169276517035216,8093,1791359502094208510,11.66220851,True
4622169276517035216,8094,1791359502114011791,11.682011791,True
4622169276517035216,8095,1791359502134011667,11.702011667,True
4622169276517035216,8096,1791359502154059013,11.722059013,True
4622169276517035216,8097,1791359502174193200,11.7421932,True
4622169276517035216,8098,1791359502194286868,11.762286868,True
4622169276517035216,8099,1791359502214272716,11.782272716,True
4622169276517035216,8100,1791359502234540235,11.802540235,True
4622169276517035216,8101,1791359502254262121,11.822262121,True
4622169276517035216,8102,1791359502274147406,11.842147406,True
4622169276517035216,8103,1791359502294246555,11.862246555,True
4622169276517035216,8104,1791359502314289573,11.882289573,True
4622169276517035216,8105,1791359502334429771,11.902429771,True
4622169276517035216,8106,1791359502354249927,11.922249927,True
4622169276517035216,8107,1791359502374221730,11.94222173,True
4622169276517035216,8108,1791359502394293850,11.96229385,True
4622169276517035216,8109,1791359502414210740,11.98221074,True
4622169276517035216,8110,1791359502434530368,12.002530368,True
4622169276517035216,8111,1791359502454258575,12.022258575,True
4622169276517035216,8112,1791359502474189356,12.042189356,True
4622169276517035216,8113,1791359502494250623,12.062250623,True
4622169276517035216,8114,1791359502514360310,12.08236031,True
4622169276517035216,8115,1791359502534204796,12.102204796,True
4622169276517035216,8116,1791359502554449250,12.12244925,True
4622169276517035216,8117,1791359502574461674,12.142461674,True
4622169276517035216,8118,1791359502594365302,12.162365302,True
4622169276517035216,8119,1791359502614437388,12.182437388,True
4622169276517035216,8120,1791359502634146726,12.202146726,True
4622169276517035216,8121,1791359502654190291,12.222190291,True
4622169276517035216,8122,1791359502674153672,12.242153672,True
4622169276517035216,8123,1791359502694229415,12.262229415,True
4622169276517035216,8124,1791359502714141759,12.282141759,True
4622169276517035216,8125,1791359502734339823,12.302339823,True
4622169276517035216,8126,1791359502754234492,12.322234492,True
4622169276517035216,8127,1791359502774245148,12.342245148,True
4622169276517035216,8128,1791359502794319954,12.362319954,True
4622169276517035216,8129,1791359502814359244,12.382359244,True
4622169276517035216,8130,1791359502834093596,12.402093596,True
4622169276517035216,8131,1791359502854145150,12.42214515,True
4622169276517035216,8132,1791359502874150055,12.442150055,True
4622169276517035216,8133,1791359502894184991,12.462184991,True
4622169276517035216,8134,1791359502914225109,12.482225109,True
4622169276517035216,8135,1791359502934075183,12.502075183,True
4622169276517035216,8136,1791359502954238173,12.522238173,True
4622169276517035216,8137,1791359502974228287,12.542228287,True
4622169276517035216,8138,1791359502994188852,12.562188852,True
4622169276517035216,8139,1791359503014339352,12.582339352,True
4622169276517035216,8140,1791359503034272931,12.602272931,True
4622169276517035216,8141,1791359503054186676,12.622186676,True
4622169276517035216,8142,1791359503074345305,12.642345305,True
4622169276517035216,8143,1791359503094322327,12.662322327,True
4622169276517035216,8144,1791359503114118220,12.68211822,True
4622169276517035216,8145,1791359503134070573,12.702070573,True
4622169276517035216,8146,1791359503154076637,12.722076637,True
4622169276517035216,8147,1791359503174300180,12.74230018,True
4622169276517035216,8148,1791359503194085863,12.762085863,True
4622169276517035216,8149,1791359503214068519,12.782068519,True
4622169276517035216,8150,1791359503234244323,12.802244323,True
4622169276517035216,8151,1791359503254278700,12.8222787,True
4622169276517035216,8152,1791359503274169145,12.842169145,True
4622169276517035216,8153,1791359503294276114,12.862276114,True
4622169276517035216,8154,1791359503314457246,12.882457246,True
4622169276517035216,8155,1791359503334398724,12.902398724,True
4622169276517035216,8156,1791359503354289110,12.92228911,True
4622169276517035216,8157,1791359503374230198,12.942230198,True
4622169276517035216,8158,1791359503394248892,12.962248892,True
4622169276517035216,8159,1791359503414363852,12.982363852,True
4622169276517035216,8160,1791359503434187924,13.002187924,True
4622169276517035216,8161,1791359503454275470,13.02227547,True
4622169276517035216,8162,1791359503474282880,13.04228288,True
4622169276517035216,8163,1791359503494056461,13.062056461,True
4622169276517035216,8164,1791359503514018284,13.082018284,True
4622169276517035216,8165,1791359503534263641,13.102263641,True
4622169276517035216,8166,1791359503554260146,13.122260146,True
4622169276517035216,8167,1791359503574286927,13.142286927,True
4622169276517035216,8168,1791359503594191428,13.162191428,True
4622169276517035216,8169,1791359503614442278,13.182442278,True
4622169276517035216,8170,1791359503634152918,13.202152918,True
4622169276517035216,8171,1791359503654342217,13.222342217,True
4622169276517035216,8172,1791359503674173288,13.242173288,True
4622169276517035216,8173,1791359503694118796,13.262118796,True
4622169276517035216,8174,1791359503714046248,13.282046248,True
4622169276517035216,8175,1791359503734133571,13.302133571,True
4622169276517035216,8176,1791359503754128281,13.322128281,True
4622169276517035216,8177,1791359503774094140,13.34209414,True
4622169276517035216,8178,1791359503794211872,13.362211872,True
4622169276517035216,8179,1791359503814178511,13.382178511,True
4622169276517035216,8180,1791359503834069526,13.402069526,True
4622169276517035216,8181,1791359503854197066,13.422197066,True
4622169276517035216,8182,1791359503874102761,13.442102761,True
4622169276517035216,8183,1791359503894136701,13.462136701,True
4622169276517035216,8184,1791359503914194875,13.482194875,True
4622169276517035216,8185,1791359503934093112,13.502093112,True
4622169276517035216,8186,1791359503954126324,13.522126324,True
4622169276517035216,8187,1791359503974163406,13.542163406,True
4622169276517035216,8188,1791359503994194521,13.562194521,True
4622169276517035216,8189,1791359504014344215,13.582344215,True
4622169276517035216,8190,1791359504034100449,13.602100449,True
4622169276517035216,8191,1791359504054269776,13.622269776,True
4622169276517035216,8192,1791359504074078087,13.642078087,True
4622169276517035216,8193,1791359504094278037,13.662278037,True
4622169276517035216,8194,1791359504113988428,13.681988428,True
4622169276517035216,8195,1791359504133961752,13.701961752,True
4622169276517035216,8196,1791359504153965096,13.721965096,True
4622169276517035216,8197,1791359504174158317,13.742158317,True
4622169276517035216,8198,1791359504194189367,13.762189367,True
4622169276517035216,8199,1791359504214273563,13.782273563,True
4622169276517035216,8200,1791359504234188427,13.802188427,True
4622169276517035216,8201,1791359504254183808,13.822183808,True
4622169276517035216,8202,1791359504274105147,13.842105147,True
4622169276517035216,8203,1791359504294284077,13.862284077,True
4622169276517035216,8204,1791359504314299295,13.882299295,True
4622169276517035216,8205,1791359504334416727,13.902416727,True
4622169276517035216,8206,1791359504354353258,13.922353258,True
4622169276517035216,8207,1791359504374148338,13.942148338,True
4622169276517035216,8208,1791359504394122006,13.962122006,True
4622169276517035216,8209,1791359504414204067,13.982204067,True
4622169276517035216,8210,1791359504434415629,14.002415629,True
4622169276517035216,8211,1791359504454230384,14.022230384,True
4622169276517035216,8212,1791359504474320713,14.042320713,True
4622169276517035216,8213,1791359504494150253,14.062150253,True
4622169276517035216,8214,1791359504514388732,14.082388732,True
4622169276517035216,8215,1791359504533973681,14.101973681,True
4622169276517035216,8216,1791359504554201112,14.122201112,True
4622169276517035216,8217,1791359504574232954,14.142232954,True
4622169276517035216,8218,1791359504594330254,14.162330254,True
4622169276517035216,8219,1791359504614340898,14.182340898,True
4622169276517035216,8220,1791359504634360053,14.202360053,True
4622169276517035216,8221,1791359504654352910,14.22235291,True
4622169276517035216,8222,1791359504674120719,14.242120719,True
4622169276517035216,8223,1791359504694093826,14.262093826,True
4622169276517035216,8224,1791359504714174450,14.28217445,True
4622169276517035216,8225,1791359504734166487,14.302166487,True
4622169276517035216,8226,1791359504754166641,14.322166641,True
4622169276517035216,8227,1791359504774001117,14.342001117,True
4622169276517035216,8228,1791359504794019284,14.362019284,True
4622169276517035216,8229,1791359504814128075,14.382128075,True
4622169276517035216,8230,1791359504834073741,14.402073741,True
4622169276517035216,8231,1791359504854156707,14.422156707,True
4622169276517035216,8232,1791359504874061340,14.44206134,True
4622169276517035216,8233,1791359504894135155,14.462135155,True
4622169276517035216,8234,1791359504914084532,14.482084532,True
4622169276517035216,8235,1791359504934252729,14.502252729,True
4622169276517035216,8236,1791359504954494520,14.52249452,True
4622169276517035216,8237,1791359504974355508,14.542355508,True
4622169276517035216,8238,1791359504994215929,14.562215929,True
4622169276517035216,8239,1791359505014130800,14.5821308,True
4622169276517035216,8240,1791359505034054725,14.602054725,True
4622169276517035216,8241,1791359505054240488,14.622240488,True
4622169276517035216,8242,1791359505073987462,14.641987462,True
4622169276517035216,8243,1791359505094185218,14.662185218,True
4622169276517035216,8244,1791359505114000003,14.682000003,True
4622169276517035216,8245,1791359505134088973,14.702088973,True
4622169276517035216,8246,1791359505154308022,14.722308022,True
4622169276517035216,8247,1791359505174193316,14.742193316,True
4622169276517035216,8248,1791359505194282201,14.762282201,True
4622169276517035216,8249,1791359505214341893,14.782341893,True
4622169276517035216,8250,1791359505234074006,14.802074006,True
4622169276517035216,8251,1791359505254076949,14.822076949,True
4622169276517035216,8252,1791359505273957818,14.841957818,True
4622169276517035216,8253,1791359505294169726,14.862169726,True
4622169276517035216,8254,1791359505314128052,14.882128052,True
4622169276517035216,8255,1791359505334293760,14.90229376,True
4622169276517035216,8256,1791359505354368198,14.922368198,True
4622169276517035216,8257,1791359505374124986,14.942124986,True
4622169276517035216,8258,1791359505394041454,14.962041454,True
4622169276517035216,8259,1791359505414186104,14.982186104,True
4622169276517035216,8260,1791359505434231794,15.002231794,True
4622169276517035216,8261,1791359505454375104,15.022375104,True
4622169276517035216,8262,1791359505474189979,15.042189979,True
4622169276517035216,8263,1791359505494231125,15.062231125,True
4622169276517035216,8264,1791359505514073517,15.082073517,True
4622169276517035216,8265,1791359505534140120,15.10214012,True
4622169276517035216,8266,1791359505554145850,15.12214585,True
4622169276517035216,8267,1791359505574141341,15.142141341,True
4622169276517035216,8268,1791359505594138828,15.162138828,True
4622169276517035216,8269,1791359505614045090,15.18204509,True
4622169276517035216,8270,1791359505634236317,15.202236317,True
4622169276517035216,8271,1791359505654245059,15.222245059,True
4622169276517035216,8272,1791359505674155600,15.2421556,True
4622169276517035216,8273,1791359505694188872,15.262188872,True
4622169276517035216,8274,1791359505714027401,15.282027401,True
4622169276517035216,8275,1791359505734200588,15.302200588,True
4622169276517035216,8276,1791359505754092688,15.322092688,True
4622169276517035216,8277,1791359505774131653,15.342131653,True
4622169276517035216,8278,1791359505794156652,15.362156652,True
4622169276517035216,8279,1791359505814068188,15.382068188,True
4622169276517035216,8280,1791359505834086693,15.402086693,True
4622169276517035216,8281,1791359505854096650,15.42209665,True
4622169276517035216,8282,1791359505874201375,15.442201375,True
4622169276517035216,8283,1791359505894184362,15.462184362,True
4622169276517035216,8284,1791359505914245871,15.482245871,True
4622169276517035216,8285,1791359505934111349,15.502111349,True
4622169276517035216,8286,1791359505954325174,15.522325174,True
4622169276517035216,8287,1791359505974056882,15.542056882,True
4622169276517035216,8288,1791359505994148442,15.562148442,True
4622169276517035216,8289,1791359506014185667,15.582185667,True
4622169276517035216,8290,1791359506034374748,15.602374748,True
4622169276517035216,8291,1791359506054405020,15.62240502,True
4622169276517035216,8292,1791359506074097471,15.642097471,True
4622169276517035216,8293,1791359506094271658,15.662271658,True
4622169276517035216,8294,1791359506114023207,15.682023207,True
4622169276517035216,8295,1791359506134155813,15.702155813,True
4622169276517035216,8296,1791359506154261765,15.722261765,True
4622169276517035216,8297,1791359506174194445,15.742194445,True
4622169276517035216,8298,1791359506194093714,15.762093714,True
4622169276517035216,8299,1791359506214069211,15.782069211,True
4622169276517035216,8300,1791359506234136358,15.802136358,True
4622169276517035216,8301,1791359506254163842,15.822163842,True
4622169276517035216,8302,1791359506274074404,15.842074404,True
4622169276517035216,8303,1791359506294170786,15.862170786,True
4622169276517035216,8304,1791359506314191373,15.882191373,True
4622169276517035216,8305,1791359506334145282,15.902145282,True
4622169276517035216,8306,1791359506354290357,15.922290357,True
4622169276517035216,8307,1791359506374047151,15.942047151,True
4622169276517035216,8308,1791359506394225572,15.962225572,True
4622169276517035216,8309,1791359506414231859,15.982231859,True
4622169276517035216,8310,1791359506434113741,16.002113741,True
4622169276517035216,8311,1791359506454115970,16.02211597,True
4622169276517035216,8312,1791359506474049368,16.042049368,True
4622169276517035216,8313,1791359506494236111,16.062236111,True
4622169276517035216,8314,1791359506514270088,16.082270088,True
4622169276517035216,8315,1791359506534476143,16.102476143,True
4622169276517035216,8316,1791359506554266524,16.122266524,True
4622169276517035216,8317,1791359506574200715,16.142200715,True
4622169276517035216,8318,1791359506594318571,16.162318571,True
4622169276517035216,8319,1791359506614454486,16.182454486,True
4622169276517035216,8320,1791359506634300682,16.202300682,True
4622169276517035216,8321,1791359506654243475,16.222243475,True
4622169276517035216,8322,1791359506674198877,16.242198877,True
4622169276517035216,8323,1791359506694266894,16.262266894,True
4622169276517035216,8324,1791359506714047254,16.282047254,True
4622169276517035216,8325,1791359506734231927,16.302231927,True
4622169276517035216,8326,1791359506754108016,16.322108016,True
4622169276517035216,8327,1791359506774305059,16.342305059,True
4622169276517035216,8328,1791359506794248887,16.362248887,True
4622169276517035216,8329,1791359506814260935,16.382260935,True
4622169276517035216,8330,1791359506834200745,16.402200745,True
4622169276517035216,8331,1791359506854205234,16.422205234,True
4622169276517035216,8332,1791359506874233262,16.442233262,True
4622169276517035216,8333,1791359506894084953,16.462084953,True
4622169276517035216,8334,1791359506914154360,16.48215436,True
4622169276517035216,8335,1791359506934012522,16.502012522,True
4622169276517035216,8336,1791359506954185211,16.522185211,True
4622169276517035216,8337,1791359506974280752,16.542280752,True
4622169276517035216,8338,1791359506994257445,16.562257445,True
4622169276517035216,8339,1791359507014582179,16.582582179,True
4622169276517035216,8340,1791359507034445102,16.602445102,True
4622169276517035216,8341,1791359507054305156,16.622305156,True
4622169276517035216,8342,1791359507074330293,16.642330293,True
4622169276517035216,8343,1791359507094085164,16.662085164,True
4622169276517035216,8344,1791359507114225905,16.682225905,True
4622169276517035216,8345,1791359507133984671,16.701984671,True
4622169276517035216,8346,1791359507154147704,16.722147704,True
4622169276517035216,8347,1791359507174140389,16.742140389,True
4622169276517035216,8348,1791359507193985150,16.76198515,True
4622169276517035216,8349,1791359507214413767,16.782413767,True
4622169276517035216,8350,1791359507234200940,16.80220094,True
4622169276517035216,8351,1791359507254243388,16.822243388,True
4622169276517035216,8352,1791359507274269876,16.842269876,True
4622169276517035216,8353,1791359507294228066,16.862228066,True
4622169276517035216,8354,1791359507314371420,16.88237142,True
4622169276517035216,8355,1791359507334294112,16.902294112,True
4622169276517035216,8356,1791359507354225985,16.922225985,True
4622169276517035216,8357,1791359507374211674,16.942211674,True
4622169276517035216,8358,1791359507394417688,16.962417688,True
4622169276517035216,8359,1791359507414303266,16.982303266,True
4622169276517035216,8360,1791359507434074746,17.002074746,True
4622169276517035216,8361,1791359507454203480,17.02220348,True
4622169276517035216,8362,1791359507474213940,17.04221394,True
4622169276517035216,8363,1791359507494310117,17.062310117,True
4622169276517035216,8364,1791359507514503328,17.082503328,True
4622169276517035216,8365,1791359507534452290,17.10245229,True
4622169276517035216,8366,1791359507554169098,17.122169098,True
4622169276517035216,8367,1791359507574086268,17.142086268,True
4622169276517035216,8368,1791359507594111566,17.162111566,True
4622169276517035216,8369,1791359507614320896,17.182320896,True
4622169276517035216,8370,1791359507634531944,17.202531944,True
4622169276517035216,8371,1791359507654454914,17.222454914,True
4622169276517035216,8372,1791359507674272669,17.242272669,True
4622169276517035216,8373,1791359507694384411,17.262384411,True
4622169276517035216,8374,1791359507714193150,17.28219315,True
4622169276517035216,8375,1791359507734120512,17.302120512,True
4622169276517035216,8376,1791359507754216882,17.322216882,True
4622169276517035216,8377,1791359507774120107,17.342120107,True
4622169276517035216,8378,1791359507794180949,17.362180949,True
4622169276517035216,8379,1791359507814483680,17.38248368,True
4622169276517035216,8380,1791359507834291671,17.402291671,True
4622169276517035216,8381,1791359507854289463,17.422289463,True
4622169276517035216,8382,1791359507874163309,17.442163309,True
4622169276517035216,8383,1791359507894308685,17.462308685,True
4622169276517035216,8384,1791359507914382658,17.482382658,True
4622169276517035216,8385,1791359507934185232,17.502185232,True
4622169276517035216,8386,1791359507954357971,17.522357971,True
4622169276517035216,8387,1791359507974222972,17.542222972,True
4622169276517035216,8388,1791359507994274246,17.562274246,True
4622169276517035216,8389,1791359508014203519,17.582203519,True
4622169276517035216,8390,1791359508034397776,17.602397776,True
4622169276517035216,8391,1791359508054363718,17.622363718,True
4622169276517035216,8392,1791359508074050642,17.642050642,True
4622169276517035216,8393,1791359508094238064,17.662238064,True
4622169276517035216,8394,1791359508114122603,17.682122603,True
4622169276517035216,8395,1791359508133999751,17.701999751,True
4622169276517035216,8396,1791359508154590474,17.722590474,True
4622169276517035216,8397,1791359508174307747,17.742307747,True
4622169276517035216,8398,1791359508194404046,17.762404046,True
4622169276517035216,8399,1791359508214310857,17.782310857,True
4622169276517035216,8400,1791359508234274883,17.802274883,True
4622169276517035216,8401,1791359508254349548,17.822349548,True
4622169276517035216,8402,1791359508274340892,17.842340892,True
4622169276517035216,8403,1791359508294451101,17.862451101,True
4622169276517035216,8404,1791359508314346718,17.882346718,True
4622169276517035216,8405,1791359508334344946,17.902344946,True
4622169276517035216,8406,1791359508354454747,17.922454747,True
4622169276517035216,8407,1791359508374148526,17.942148526,True
4622169276517035216,8408,1791359508394625160,17.96262516,True
4622169276517035216,8409,1791359508414648328,17.982648328,True
4622169276517035216,8410,1791359508434538575,18.002538575,True
4622169276517035216,8411,1791359508454254235,18.022254235,True
4622169276517035216,8412,1791359508474413887,18.042413887,True
4622169276517035216,8413,1791359508493994004,18.061994004,True
4622169276517035216,8414,1791359508514203956,18.082203956,True
4622169276517035216,8415,1791359508534506227,18.102506227,True
4622169276517035216,8416,1791359508554145151,18.122145151,True
4622169276517035216,8417,1791359508574201989,18.142201989,True
4622169276517035216,8418,1791359508594129098,18.162129098,True
4622169276517035216,8419,1791359508614322898,18.182322898,True
4622169276517035216,8420,1791359508634392818,18.202392818,True
4622169276517035216,8421,1791359508654300483,18.222300483,True
4622169276517035216,8422,1791359508674634628,18.242634628,True
4622169276517035216,8423,1791359508694255079,18.262255079,True
4622169276517035216,8424,1791359508714320251,18.282320251,True
4622169276517035216,8425,1791359508734141400,18.3021414,True
4622169276517035216,8426,1791359508754302815,18.322302815,True
4622169276517035216,8427,1791359508774110966,18.342110966,True
4622169276517035216,8428,1791359508794414174,18.362414174,True
4622169276517035216,8429,1791359508814434561,18.382434561,True
4622169276517035216,8430,1791359508834495642,18.402495642,True
4622169276517035216,8431,1791359508854293381,18.422293381,True
4622169276517035216,8432,1791359508874376271,18.442376271,True
4622169276517035216,8433,1791359508894401389,18.462401389,True
4622169276517035216,8434,1791359508914404738,18.482404738,True
4622169276517035216,8435,1791359508934450069,18.502450069,True
4622169276517035216,8436,1791359508954351785,18.522351785,True
4622169276517035216,8437,1791359508974388287,18.542388287,True
4622169276517035216,8438,1791359508994252009,18.562252009,True
4622169276517035216,8439,1791359509014025722,18.582025722,True
4622169276517035216,8440,1791359509034311303,18.602311303,True
4622169276517035216,8441,1791359509054216357,18.622216357,True
4622169276517035216,8442,1791359509074151511,18.642151511,True
4622169276517035216,8443,1791359509094155710,18.66215571,True
4622169276517035216,8444,1791359509113917810,18.68191781,True
4622169276517035216,8445,1791359509134247396,18.702247396,True
4622169276517035216,8446,1791359509154093333,18.722093333,True
4622169276517035216,8447,1791359509174326293,18.742326293,True
4622169276517035216,8448,1791359509194266240,18.76226624,True
4622169276517035216,8449,1791359509214176537,18.782176537,True
4622169276517035216,8450,1791359509234384563,18.802384563,True
4622169276517035216,8451,1791359509254210170,18.82221017,True
4622169276517035216,8452,1791359509274276751,18.842276751,True
4622169276517035216,8453,1791359509294325064,18.862325064,True
4622169276517035216,8454,1791359509314331235,18.882331235,True
4622169276517035216,8455,1791359509334190211,18.902190211,True
4622169276517035216,8456,1791359509354320275,18.922320275,True
4622169276517035216,8457,1791359509374211443,18.942211443,True
4622169276517035216,8458,1791359509394323987,18.962323987,True
4622169276517035216,8459,1791359509414335918,18.982335918,True
4622169276517035216,8460,1791359509434273170,19.00227317,True
4622169276517035216,8461,1791359509454246984,19.022246984,True
4622169276517035216,8462,1791359509474336829,19.042336829,True
4622169276517035216,8463,1791359509494242570,19.06224257,True
4622169276517035216,8464,1791359509514373275,19.082373275,True
4622169276517035216,8465,1791359509534497590,19.10249759,True
4622169276517035216,8466,1791359509554334755,19.122334755,True
4622169276517035216,8467,1791359509574468933,19.142468933,True
4622169276517035216,8468,1791359509594217949,19.162217949,True
4622169276517035216,8469,1791359509614278312,19.182278312,True
4622169276517035216,8470,1791359509634299705,19.202299705,True
4622169276517035216,8471,1791359509654571907,19.222571907,True
4622169276517035216,8472,1791359509674385809,19.242385809,True
4622169276517035216,8473,1791359509694206656,19.262206656,True
4622169276517035216,8474,1791359509714178164,19.282178164,True
4622169276517035216,8475,1791359509734262618,19.302262618,True
4622169276517035216,8476,1791359509754082963,19.322082963,True
4622169276517035216,8477,1791359509774165986,19.342165986,True
4622169276517035216,8478,1791359509794165567,19.362165567,True
4622169276517035216,8479,1791359509814200027,19.382200027,True
4622169276517035216,8480,1791359509834171195,19.402171195,True
4622169276517035216,8481,1791359509854064753,19.422064753,True
4622169276517035216,8482,1791359509874207753,19.442207753,True
4622169276517035216,8483,1791359509894191417,19.462191417,True
4622169276517035216,8484,1791359509914107193,19.482107193,True
4622169276517035216,8485,1791359509934282847,19.502282847,True
4622169276517035216,8486,1791359509954041688,19.522041688,True
4622169276517035216,8487,1791359509973884597,19.541884597,True
4622169276517035216,8488,1791359509994081214,19.562081214,True
4622169276517035216,8489,1791359510013914762,19.581914762,True
4622169276517035216,8490,1791359510034165554,19.602165554,True
4622169276517035216,8491,1791359510054024014,19.622024014,True
4622169276517035216,8492,1791359510074039346,19.642039346,True
4622169276517035216,8493,1791359510094201698,19.662201698,True
4622169276517035216,8494,1791359510113941516,19.681941516,True
4622169276517035216,8495,1791359510134134249,19.702134249,True
4622169276517035216,8496,1791359510154078346,19.722078346,True
4622169276517035216,8497,1791359510174173117,19.742173117,True
4622169276517035216,8498,1791359510194264852,19.762264852,True
4622169276517035216,8499,1791359510214120631,19.782120631,True
4622169276517035216,8500,1791359510234050246,19.802050246,True
4622169276517035216,8501,1791359510254151513,19.822151513,True
4622169276517035216,8502,1791359510274195076,19.842195076,True
4622169276517035216,8503,1791359510294250482,19.862250482,True
4622169276517035216,8504,1791359510314183641,19.882183641,True
4622169276517035216,8505,1791359510334280809,19.902280809,True
4622169276517035216,8506,1791359510354357499,19.922357499,True
4622169276517035216,8507,1791359510374214680,19.94221468,True
4622169276517035216,8508,1791359510394135130,19.96213513,True
4622169276517035216,8509,1791359510414337259,19.982337259,True
4622169276517035216,8510,1791359510434295771,20.002295771,True
4622169276517035216,8511,1791359510454622868,20.022622868,True
4622169276517035216,8512,1791359510474179172,20.042179172,True
4622169276517035216,8513,1791359510494173378,20.062173378,True
4622169276517035216,8514,1791359510514251323,20.082251323,True
4622169276517035216,8515,1791359510534286477,20.102286477,True
4622169276517035216,8516,1791359510554117055,20.122117055,True
4622169276517035216,8517,1791359510574236247,20.142236247,True
4622169276517035216,8518,1791359510594381618,20.162381618,True
4622169276517035216,8519,1791359510614254173,20.182254173,True
4622169276517035216,8520,1791359510634145698,20.202145698,True
4622169276517035216,8521,1791359510654153241,20.222153241,True
4622169276517035216,8522,1791359510674123509,20.242123509,True
4622169276517035216,8523,1791359510694232283,20.262232283,True
4622169276517035216,8524,1791359510714458013,20.282458013,True
4622169276517035216,8525,1791359510734343482,20.302343482,True
4622169276517035216,8526,1791359510754171714,20.322171714,True
4622169276517035216,8527,1791359510774158444,20.342158444,True
4622169276517035216,8528,1791359510794403259,20.362403259,True
4622169276517035216,8529,1791359510814140586,20.382140586,True
4622169276517035216,8530,1791359510834644797,20.402644797,True
4622169276517035216,8531,1791359510854104878,20.422104878,True
4622169276517035216,8532,1791359510874080366,20.442080366,True
4622169276517035216,8533,1791359510894364762,20.462364762,True
4622169276517035216,8534,1791359510914156067,20.482156067,True
4622169276517035216,8535,1791359510934281874,20.502281874,True
4622169276517035216,8536,1791359510954147245,20.522147245,True
4622169276517035216,8537,1791359510974180799,20.542180799,True
4622169276517035216,8538,1791359510994324808,20.562324808,True
4622169276517035216,8539,1791359511014281148,20.582281148,True
4622169276517035216,8540,1791359511034240585,20.602240585,True
4622169276517035216,8541,1791359511054168448,20.622168448,True
4622169276517035216,8542,1791359511074395045,20.642395045,True
4622169276517035216,8543,1791359511094149129,20.662149129,True
4622169276517035216,8544,1791359511114017857,20.682017857,True
4622169276517035216,8545,1791359511134241747,20.702241747,True
4622169276517035216,8546,1791359511154137236,20.722137236,True
4622169276517035216,8547,1791359511174053204,20.742053204,True
4622169276517035216,8548,1791359511194104310,20.76210431,True
4622169276517035216,8549,1791359511214322866,20.782322866,True
4622169276517035216,8550,1791359511234572884,20.802572884,True
4622169276517035216,8551,1791359511254307854,20.822307854,True
4622169276517035216,8552,1791359511274372924,20.842372924,True
4622169276517035216,8553,1791359511294495991,20.862495991,True
4622169276517035216,8554,1791359511314319358,20.882319358,True
4622169276517035216,8555,1791359511334502694,20.902502694,True
4622169276517035216,8556,1791359511354233123,20.922233123,True
4622169276517035216,8557,1791359511374229120,20.94222912,True
4622169276517035216,8558,1791359511394364780,20.96236478,True
4622169276517035216,8559,1791359511414194323,20.982194323,True
4622169276517035216,8560,1791359511434544967,21.002544967,True
4622169276517035216,8561,1791359511454180916,21.022180916,True
4622169276517035216,8562,1791359511474247367,21.042247367,True
4622169276517035216,8563,1791359511494171257,21.062171257,True
4622169276517035216,8564,1791359511514145555,21.082145555,True
4622169276517035216,8565,1791359511534218884,21.102218884,True
4622169276517035216,8566,1791359511554209494,21.122209494,True
4622169276517035216,8567,1791359511574089870,21.14208987,True
4622169276517035216,8568,1791359511594227259,21.162227259,True
4622169276517035216,8569,1791359511613906445,21.181906445,True
4622169276517035216,8570,1791359511634063113,21.202063113,True
4622169276517035216,8571,1791359511654219308,21.222219308,True
4622169276517035216,8572,1791359511674153377,21.242153377,True
4622169276517035216,8573,1791359511694212543,21.262212543,True
4622169276517035216,8574,1791359511714229094,21.282229094,True
4622169276517035216,8575,1791359511734537649,21.302537649,True
4622169276517035216,8576,1791359511754200812,21.322200812,True
4622169276517035216,8577,1791359511774268872,21.342268872,True
4622169276517035216,8578,1791359511794391371,21.362391371,True
4622169276517035216,8579,1791359511814388686,21.382388686,True
4622169276517035216,8580,1791359511834432891,21.402432891,True
4622169276517035216,8581,1791359511854393239,21.422393239,True
4622169276517035216,8582,1791359511874417425,21.442417425,True
4622169276517035216,8583,1791359511894339474,21.462339474,True
4622169276517035216,8584,1791359511914203503,21.482203503,True
4622169276517035216,8585,1791359511934474406,21.502474406,True
4622169276517035216,8586,1791359511954064174,21.522064174,True
4622169276517035216,8587,1791359511974298888,21.542298888,True
4622169276517035216,8588,1791359511994280872,21.562280872,True
4622169276517035216,8589,1791359512013959567,21.581959567,True
4622169276517035216,8590,1791359512034310270,21.60231027,True
4622169276517035216,8591,1791359512054120054,21.622120054,True
4622169276517035216,8592,1791359512074069598,21.642069598,True
4622169276517035216,8593,1791359512094013012,21.662013012,True
4622169276517035216,8594,1791359512114167677,21.682167677,True
4622169276517035216,8595,1791359512134302710,21.70230271,True
4622169276517035216,8596,1791359512154165350,21.72216535,True
4622169276517035216,8597,1791359512174070415,21.742070415,True
4622169276517035216,8598,1791359512194272858,21.762272858,True
4622169276517035216,8599,1791359512214187265,21.782187265,True
4622169276517035216,8600,1791359512234230063,21.802230063,True
4622169276517035216,8601,1791359512254108817,21.822108817,True
4622169276517035216,8602,1791359512274067348,21.842067348,True
4622169276517035216,8603,1791359512294366205,21.862366205,True
4622169276517035216,8604,1791359512314237539,21.882237539,True
4622169276517035216,8605,1791359512334355751,21.902355751,True
4622169276517035216,8606,1791359512354219155,21.922219155,True
4622169276517035216,8607,1791359512374174451,21.942174451,True
4622169276517035216,8608,1791359512394361253,21.962361253,True
4622169276517035216,8609,1791359512414176647,21.982176647,True
4622169276517035216,8610,1791359512434130949,22.002130949,True
4622169276517035216,8611,1791359512454220608,22.022220608,True
4622169276517035216,8612,1791359512474140879,22.042140879,True
4622169276517035216,8613,1791359512494228494,22.062228494,True
4622169276517035216,8614,1791359512514341809,22.082341809,True
4622169276517035216,8615,1791359512534406456,22.102406456,True
4622169276517035216,8616,1791359512554201650,22.12220165,True
4622169276517035216,8617,1791359512574110827,22.142110827,True
4622169276517035216,8618,1791359512594228672,22.162228672,True
4622169276517035216,8619,1791359512614202818,22.182202818,True
4622169276517035216,8620,1791359512634402176,22.202402176,True
4622169276517035216,8621,1791359512654257119,22.222257119,True
4622169276517035216,8622,1791359512674115989,22.242115989,True
4622169276517035216,8623,1791359512694206682,22.262206682,True
4622169276517035216,8624,1791359512714177410,22.28217741,True
4622169276517035216,8625,1791359512734227418,22.302227418,True
4622169276517035216,8626,1791359512754038252,22.322038252,True
4622169276517035216,8627,1791359512773926182,22.341926182,True
4622169276517035216,8628,1791359512794040094,22.362040094,True
4622169276517035216,8629,1791359512814098184,22.382098184,True
4622169276517035216,8630,1791359512834102820,22.40210282,True
4622169276517035216,8631,1791359512854184118,22.422184118,True
4622169276517035216,8632,1791359512874077213,22.442077213,True
4622169276517035216,8633,1791359512894135210,22.46213521,True
4622169276517035216,8634,1791359512913950141,22.481950141,True
4622169276517035216,8635,1791359512934124105,22.502124105,True
4622169276517035216,8636,1791359512953965264,22.521965264,True
4622169276517035216,8637,1791359512974080117,22.542080117,True
4622169276517035216,8638,1791359512994123963,22.562123963,True
4622169276517035216,8639,1791359513014052239,22.582052239,True
4622169276517035216,8640,1791359513034034675,22.602034675,True
4622169276517035216,8641,1791359513054142503,22.622142503,True
4622169276517035216,8642,1791359513074111203,22.642111203,True
4622169276517035216,8643,1791359513094093196,22.662093196,True
4622169276517035216,8644,1791359513114257326,22.682257326,True
4622169276517035216,8645,1791359513134010488,22.702010488,True
4622169276517035216,8646,1791359513154059770,22.72205977,True
4622169276517035216,8647,1791359513174038696,22.742038696,True
4622169276517035216,8648,1791359513194184971,22.762184971,True
4622169276517035216,8649,1791359513214193329,22.782193329,True
4622169276517035216,8650,1791359513234076317,22.802076317,True
4622169276517035216,8651,1791359513254103671,22.822103671,True
4622169276517035216,8652,1791359513274001856,22.842001856,True
4622169276517035216,8653,1791359513294078451,22.862078451,True
4622169276517035216,8654,1791359513313996937,22.881996937,True
4622169276517035216,8655,1791359513334125683,22.902125683,True
4622169276517035216,8656,1791359513354111543,22.922111543,True
4622169276517035216,8657,1791359513374056827,22.942056827,True
4622169276517035216,8658,1791359513394088223,22.962088223,True
4622169276517035216,8659,1791359513414045454,22.982045454,True
4622169276517035216,8660,1791359513434337237,23.002337237,True
4622169276517035216,8661,1791359513454103568,23.022103568,True
4622169276517035216,8662,1791359513474191062,23.042191062,True
4622169276517035216,8663,1791359513494227159,23.062227159,True
4622169276517035216,8664,1791359513514275486,23.082275486,True
4622169276517035216,8665,1791359513534061571,23.102061571,True
4622169276517035216,8666,1791359513554141553,23.122141553,True
4622169276517035216,8667,1791359513574145359,23.142145359,True
4622169276517035216,8668,1791359513594010542,23.162010542,True
4622169276517035216,8669,1791359513614103832,23.182103832,True
4622169276517035216,8670,1791359513634098706,23.202098706,True
4622169276517035216,8671,1791359513653998978,23.221998978,True
4622169276517035216,8672,1791359513673970460,23.24197046,True
4622169276517035216,8673,1791359513694131936,23.262131936,True
4622169276517035216,8674,1791359513714270466,23.282270466,True
4622169276517035216,8675,1791359513734287099,23.302287099,True
4622169276517035216,8676,1791359513754372476,23.322372476,True
4622169276517035216,8677,1791359513774211688,23.342211688,True
4622169276517035216,8678,1791359513794210888,23.362210888,True
4622169276517035216,8679,1791359513814218086,23.382218086,True
4622169276517035216,8680,1791359513833926165,23.401926165,True
4622169276517035216,8681,1791359513854318625,23.422318625,True
4622169276517035216,8682,1791359513874206102,23.442206102,True
4622169276517035216,8683,1791359513894204204,23.462204204,True
4622169276517035216,8684,1791359513914173443,23.482173443,True
4622169276517035216,8685,1791359513934196248,23.502196248,True
4622169276517035216,8686,1791359513954394517,23.522394517,True
4622169276517035216,8687,1791359513974237737,23.542237737,True
4622169276517035216,8688,1791359513994139441,23.562139441,True
4622169276517035216,8689,1791359514014339235,23.582339235,True
4622169276517035216,8690,1791359514034068496,23.602068496,True
4622169276517035216,8691,1791359514054319121,23.622319121,True
4622169276517035216,8692,1791359514074330811,23.642330811,True
4622169276517035216,8693,1791359514094274831,23.662274831,True
4622169276517035216,8694,1791359514114185780,23.68218578,True
4622169276517035216,8695,1791359514133982839,23.701982839,True
4622169276517035216,8696,1791359514154079546,23.722079546,True
4622169276517035216,8697,1791359514174199162,23.742199162,True
4622169276517035216,8698,1791359514194153317,23.762153317,True
4622169276517035216,8699,1791359514214410664,23.782410664,True
4622169276517035216,8700,1791359514234139208,23.802139208,True
4622169276517035216,8701,1791359514254160666,23.822160666,True
4622169276517035216,8702,1791359514274291006,23.842291006,True
4622169276517035216,8703,1791359514294164332,23.862164332,True
4622169276517035216,8704,1791359514314345449,23.882345449,True
4622169276517035216,8705,1791359514334195244,23.902195244,True
4622169276517035216,8706,1791359514354270701,23.922270701,True
4622169276517035216,8707,1791359514374101061,23.942101061,True
4622169276517035216,8708,1791359514394087647,23.962087647,True
4622169276517035216,8709,1791359514414497734,23.982497734,True
4622169276517035216,8710,1791359514434170749,24.002170749,True
4622169276517035216,8711,1791359514454339424,24.022339424,True
4622169276517035216,8712,1791359514474310708,24.042310708,True
4622169276517035216,8713,1791359514494312931,24.062312931,True
4622169276517035216,8714,1791359514514364365,24.082364365,True
4622169276517035216,8715,1791359514534228009,24.102228009,True
4622169276517035216,8716,1791359514554399162,24.122399162,True
4622169276517035216,8717,1791359514574265780,24.14226578,True
4622169276517035216,8718,1791359514594404349,24.162404349,True
4622169276517035216,8719,1791359514614239611,24.182239611,True
4622169276517035216,8720,1791359514634254855,24.202254855,True
4622169276517035216,8721,1791359514654366385,24.222366385,True
4622169276517035216,8722,1791359514674165544,24.242165544,True
4622169276517035216,8723,1791359514694234376,24.262234376,True
4622169276517035216,8724,1791359514714216543,24.282216543,True
4622169276517035216,8725,1791359514734212141,24.302212141,True
4622169276517035216,8726,1791359514754432858,24.322432858,True
4622169276517035216,8727,1791359514774221259,24.342221259,True
4622169276517035216,8728,1791359514794259662,24.362259662,True
4622169276517035216,8729,1791359514814454119,24.382454119,True
4622169276517035216,8730,1791359514834285356,24.402285356,True
4622169276517035216,8731,1791359514854258087,24.422258087,True
4622169276517035216,8732,1791359514874297569,24.442297569,True
4622169276517035216,8733,1791359514894371571,24.462371571,True
4622169276517035216,8734,1791359514914327456,24.482327456,True
4622169276517035216,8735,1791359514934144470,24.50214447,True
4622169276517035216,8736,1791359514954204087,24.522204087,True
4622169276517035216,8737,1791359514974252700,24.5422527,True
4622169276517035216,8738,1791359514994283129,24.562283129,True
4622169276517035216,8739,1791359515014314172,24.582314172,True
4622169276517035216,8740,1791359515034305496,24.602305496,True
4622169276517035216,8741,1791359515054395726,24.622395726,True
4622169276517035216,8742,1791359515074089555,24.642089555,True
4622169276517035216,8743,1791359515094064514,24.662064514,True
4622169276517035216,8744,1791359515114112260,24.68211226,True
4622169276517035216,8745,1791359515134116579,24.702116579,True
4622169276517035216,8746,1791359515154162612,24.722162612,True
4622169276517035216,8747,1791359515174245454,24.742245454,True
4622169276517035216,8748,1791359515194344736,24.762344736,True
4622169276517035216,8749,1791359515214413970,24.78241397,True
4622169276517035216,8750,1791359515234147621,24.802147621,True
4622169276517035216,8751,1791359515254254305,24.822254305,True
4622169276517035216,8752,1791359515274246284,24.842246284,True
4622169276517035216,8753,1791359515294413672,24.862413672,True
4622169276517035216,8754,1791359515314376240,24.88237624,True
4622169276517035216,8755,1791359515334131993,24.902131993,True
4622169276517035216,8756,1791359515354371478,24.922371478,True
4622169276517035216,8757,1791359515374258762,24.942258762,True
4622169276517035216,8758,1791359515394269043,24.962269043,True
4622169276517035216,8759,1791359515414274525,24.982274525,True
4622169276517035216,8760,1791359515434132462,25.002132462,True
4622169276517035216,8761,1791359515454309448,25.022309448,True
4622169276517035216,8762,1791359515474293894,25.042293894,True
4622169276517035216,8763,1791359515494252885,25.062252885,True
4622169276517035216,8764,1791359515514254153,25.082254153,True
4622169276517035216,8765,1791359515534160043,25.102160043,True
4622169276517035216,8766,1791359515554271547,25.122271547,True
4622169276517035216,8767,1791359515574030855,25.142030855,True
4622169276517035216,8768,1791359515594202136,25.162202136,True
4622169276517035216,8769,1791359515614151291,25.182151291,True
4622169276517035216,8770,1791359515634101322,25.202101322,True
4622169276517035216,8771,1791359515654272159,25.222272159,True
4622169276517035216,8772,1791359515673923379,25.241923379,True
4622169276517035216,8773,1791359515694151087,25.262151087,True
4622169276517035216,8774,1791359515714200415,25.282200415,True
4622169276517035216,8775,1791359515734159221,25.302159221,True
4622169276517035216,8776,1791359515754192672,25.322192672,True
4622169276517035216,8777,1791359515774117509,25.342117509,True
4622169276517035216,8778,1791359515794234864,25.362234864,True
4622169276517035216,8779,1791359515814151042,25.382151042,True
4622169276517035216,8780,1791359515834036128,25.402036128,True
4622169276517035216,8781,1791359515854230295,25.422230295,True
4622169276517035216,8782,1791359515874039624,25.442039624,True
4622169276517035216,8783,1791359515894157716,25.462157716,True
4622169276517035216,8784,1791359515914194935,25.482194935,True
4622169276517035216,8785,1791359515934214817,25.502214817,True
4622169276517035216,8786,1791359515954273470,25.52227347,True
4622169276517035216,8787,1791359515974156472,25.542156472,True
4622169276517035216,8788,1791359515994298754,25.562298754,True
4622169276517035216,8789,1791359516014162148,25.582162148,True
4622169276517035216,8790,1791359516033960075,25.601960075,True
4622169276517035216,8791,1791359516054158468,25.622158468,True
4622169276517035216,8792,1791359516073929260,25.64192926,True
4622169276517035216,8793,1791359516094102290,25.66210229,True
4622169276517035216,8794,1791359516114071147,25.682071147,True
4622169276517035216,8795,1791359516133977530,25.70197753,True
4622169276517035216,8796,1791359516154232959,25.722232959,True
4622169276517035216,8797,1791359516174147778,25.742147778,True
4622169276517035216,8798,1791359516194323109,25.762323109,True
4622169276517035216,8799,1791359516214382960,25.78238296,True
4622169276517035216,8800,1791359516234093151,25.802093151,True
4622169276517035216,8801,1791359516254349733,25.822349733,True
4622169276517035216,8802,1791359516274147443,25.842147443,True
4622169276517035216,8803,1791359516294330841,25.862330841,True
4622169276517035216,8804,1791359516314208978,25.882208978,True
4622169276517035216,8805,1791359516334067088,25.902067088,True
4622169276517035216,8806,1791359516354201079,25.922201079,True
4622169276517035216,8807,1791359516373974555,25.941974555,True
4622169276517035216,8808,1791359516394167144,25.962167144,True
4622169276517035216,8809,1791359516414149639,25.982149639,True
4622169276517035216,8810,1791359516434036818,26.002036818,True
4622169276517035216,8811,1791359516454287459,26.022287459,True
4622169276517035216,8812,1791359516474121107,26.042121107,True
4622169276517035216,8813,1791359516494125088,26.062125088,True
4622169276517035216,8814,1791359516514115980,26.08211598,True
4622169276517035216,8815,1791359516534198955,26.102198955,True
4622169276517035216,8816,1791359516554412712,26.122412712,True
4622169276517035216,8817,1791359516574064011,26.142064011,True
4622169276517035216,8818,1791359516594236824,26.162236824,True
4622169276517035216,8819,1791359516614417167,26.182417167,True
4622169276517035216,8820,1791359516634101981,26.202101981,True
4622169276517035216,8821,1791359516654356902,26.222356902,True
4622169276517035216,8822,1791359516674164106,26.242164106,True
4622169276517035216,8823,1791359516694117061,26.262117061,True
4622169276517035216,8824,1791359516714336661,26.282336661,True
4622169276517035216,8825,1791359516734214838,26.302214838,True
4622169276517035216,8826,1791359516754357159,26.322357159,True
4622169276517035216,8827,1791359516774303447,26.342303447,True
4622169276517035216,8828,1791359516794447975,26.362447975,True
4622169276517035216,8829,1791359516814397945,26.382397945,True
4622169276517035216,8830,1791359516834180773,26.402180773,True
4622169276517035216,8831,1791359516854452366,26.422452366,True
4622169276517035216,8832,1791359516874281308,26.442281308,True
4622169276517035216,8833,1791359516894453968,26.462453968,True
4622169276517035216,8834,1791359516914366181,26.482366181,True
4622169276517035216,8835,1791359516934448295,26.502448295,True
4622169276517035216,8836,1791359516954153817,26.522153817,True
4622169276517035216,8837,1791359516974153511,26.542153511,True
4622169276517035216,8838,1791359516994251770,26.56225177,True
4622169276517035216,8839,1791359517014352627,26.582352627,True
4622169276517035216,8840,1791359517034115891,26.602115891,True
4622169276517035216,8841,1791359517054322659,26.622322659,True
4622169276517035216,8842,1791359517074077612,26.642077612,True
4622169276517035216,8843,1791359517094083352,26.662083352,True
4622169276517035216,8844,1791359517114140220,26.68214022,True
4622169276517035216,8845,1791359517134031433,26.702031433,True
4622169276517035216,8846,1791359517154201230,26.72220123,True
4622169276517035216,8847,1791359517174093217,26.742093217,True
4622169276517035216,8848,1791359517194249393,26.762249393,True
4622169276517035216,8849,1791359517214250790,26.78225079,True
4622169276517035216,8850,1791359517234197618,26.802197618,True
4622169276517035216,8851,1791359517254283671,26.822283671,True
4622169276517035216,8852,1791359517274286894,26.842286894,True
4622169276517035216,8853,1791359517294223824,26.862223824,True
4622169276517035216,8854,1791359517314196343,26.882196343,True
4622169276517035216,8855,1791359517334103249,26.902103249,True
4622169276517035216,8856,1791359517354321686,26.922321686,True
4622169276517035216,8857,1791359517373996147,26.941996147,True
4622169276517035216,8858,1791359517394051959,26.962051959,True
4622169276517035216,8859,1791359517414486527,26.982486527,True
4622169276517035216,8860,1791359517434081369,27.002081369,True
4622169276517035216,8861,1791359517454310052,27.022310052,True
4622169276517035216,8862,1791359517474253371,27.042253371,True
4622169276517035216,8863,1791359517494086757,27.062086757,True
4622169276517035216,8864,1791359517514247780,27.08224778,True
4622169276517035216,8865,1791359517533952432,27.101952432,True
4622169276517035216,8866,1791359517554203367,27.122203367,True
4622169276517035216,8867,1791359517574010543,27.142010543,True
4622169276517035216,8868,1791359517594018733,27.162018733,True
4622169276517035216,8869,1791359517614250727,27.182250727,True
4622169276517035216,8870,1791359517634154854,27.202154854,True
4622169276517035216,8871,1791359517654191796,27.222191796,True
4622169276517035216,8872,1791359517674215625,27.242215625,True
4622169276517035216,8873,1791359517694087828,27.262087828,True
4622169276517035216,8874,1791359517714104949,27.282104949,True
4622169276517035216,8875,1791359517733992615,27.301992615,True
4622169276517035216,8876,1791359517754092673,27.322092673,True
4622169276517035216,8877,1791359517774076497,27.342076497,True
4622169276517035216,8878,1791359517794156656,27.362156656,True
4622169276517035216,8879,1791359517814098751,27.382098751,True
4622169276517035216,8880,1791359517834022841,27.402022841,True
4622169276517035216,8881,1791359517854166367,27.422166367,True
4622169276517035216,8882,1791359517874065574,27.442065574,True
4622169276517035216,8883,1791359517894240251,27.462240251,True
4622169276517035216,8884,1791359517914242758,27.482242758,True
4622169276517035216,8885,1791359517934069026,27.502069026,True
4622169276517035216,8886,1791359517954210597,27.522210597,True
4622169276517035216,8887,1791359517974197192,27.542197192,True
4622169276517035216,8888,1791359517994065928,27.562065928,True
4622169276517035216,8889,1791359518014268691,27.582268691,True
4622169276517035216,8890,1791359518034667331,27.602667331,True
4622169276517035216,8891,1791359518054131437,27.622131437,True
4622169276517035216,8892,1791359518074033883,27.642033883,True
4622169276517035216,8893,1791359518094145012,27.662145012,True
4622169276517035216,8894,1791359518114002964,27.682002964,True
4622169276517035216,8895,1791359518134623035,27.702623035,True
4622169276517035216,8896,1791359518154591186,27.722591186,True
4622169276517035216,8897,1791359518174545827,27.742545827,True
4622169276517035216,8898,1791359518194611417,27.762611417,True
4622169276517035216,8899,1791359518214648236,27.782648236,True
4622169276517035216,8900,1791359518234601685,27.802601685,True
4622169276517035216,8901,1791359518254519801,27.822519801,True
4622169276517035216,8902,1791359518274641854,27.842641854,True
4622169276517035216,8903,1791359518294619749,27.862619749,True
4622169276517035216,8904,1791359518314570765,27.882570765,True
4622169276517035216,8905,1791359518334543814,27.902543814,True
4622169276517035216,8906,1791359518354663078,27.922663078,True
4622169276517035216,8907,1791359518375030043,27.943030043,True
4622169276517035216,8908,1791359518394674746,27.962674746,True
4622169276517035216,8909,1791359518414524818,27.982524818,True
4622169276517035216,8910,1791359518434504871,28.002504871,True
4622169276517035216,8911,1791359518454517389,28.022517389,True
4622169276517035216,8912,1791359518474470225,28.042470225,True
4622169276517035216,8913,1791359518494570579,28.062570579,True
4622169276517035216,8914,1791359518514548049,28.082548049,True
4622169276517035216,8915,1791359518534416417,28.102416417,True
4622169276517035216,8916,1791359518554510493,28.122510493,True
4622169276517035216,8917,1791359518574357827,28.142357827,True
4622169276517035216,8918,1791359518594562824,28.162562824,True
4622169276517035216,8919,1791359518614519293,28.182519293,True
4622169276517035216,8920,1791359518634436101,28.202436101,True
4622169276517035216,8921,1791359518654444937,28.222444937,True
4622169276517035216,8922,1791359518674495961,28.242495961,True
4622169276517035216,8923,1791359518694612363,28.262612363,True
4622169276517035216,8924,1791359518714540873,28.282540873,True
4622169276517035216,8925,1791359518734605304,28.302605304,True
4622169276517035216,8926,1791359518754523242,28.322523242,True
4622169276517035216,8927,1791359518774512033,28.342512033,True
4622169276517035216,8928,1791359518794552056,28.362552056,True
4622169276517035216,8929,1791359518814185301,28.382185301,True
4622169276517035216,8930,1791359518834082347,28.402082347,True
4622169276517035216,8931,1791359518854237297,28.422237297,True
4622169276517035216,8932,1791359518874143950,28.44214395,True
4622169276517035216,8933,1791359518894232794,28.462232794,True
4622169276517035216,8934,1791359518914241049,28.482241049,True
4622169276517035216,8935,1791359518934220541,28.502220541,True
4622169276517035216,8936,1791359518954535935,28.522535935,True
4622169276517035216,8937,1791359518974358125,28.542358125,True
4622169276517035216,8938,1791359518994310445,28.562310445,True
4622169276517035216,8939,1791359519014247935,28.582247935,True
4622169276517035216,8940,1791359519034288232,28.602288232,True
4622169276517035216,8941,1791359519054242874,28.622242874,True
4622169276517035216,8942,1791359519074302205,28.642302205,True
4622169276517035216,8943,1791359519094345424,28.662345424,True
4622169276517035216,8944,1791359519114057975,28.682057975,True
4622169276517035216,8945,1791359519134207525,28.702207525,True
4622169276517035216,8946,1791359519154257237,28.722257237,True
4622169276517035216,8947,1791359519174274028,28.742274028,True
4622169276517035216,8948,1791359519194190970,28.76219097,True
4622169276517035216,8949,1791359519214200033,28.782200033,True
4622169276517035216,8950,1791359519234226442,28.802226442,True
4622169276517035216,8951,1791359519254113971,28.822113971,True
4622169276517035216,8952,1791359519274133845,28.842133845,True
4622169276517035216,8953,1791359519294271634,28.862271634,True
4622169276517035216,8954,1791359519314199526,28.882199526,True
4622169276517035216,8955,1791359519334370480,28.90237048,True
4622169276517035216,8956,1791359519354378908,28.922378908,True
4622169276517035216,8957,1791359519374346501,28.942346501,True
4622169276517035216,8958,1791359519394422339,28.962422339,True
4622169276517035216,8959,1791359519414253681,28.982253681,True
4622169276517035216,8960,1791359519434241131,29.002241131,True
4622169276517035216,8961,1791359519454156778,29.022156778,True
4622169276517035216,8962,1791359519474320764,29.042320764,True
4622169276517035216,8963,1791359519494292159,29.062292159,True
4622169276517035216,8964,1791359519514264691,29.082264691,True
4622169276517035216,8965,1791359519534249095,29.102249095,True
4622169276517035216,8966,1791359519554160170,29.12216017,True
4622169276517035216,8967,1791359519574176329,29.142176329,True
4622169276517035216,8968,1791359519594311052,29.162311052,True
4622169276517035216,8969,1791359519614179703,29.182179703,True
4622169276517035216,8970,1791359519634162922,29.202162922,True
4622169276517035216,8971,1791359519654161139,29.222161139,True
4622169276517035216,8972,1791359519674111590,29.24211159,True
4622169276517035216,8973,1791359519694223305,29.262223305,True
4622169276517035216,8974,1791359519714240214,29.282240214,True
4622169276517035216,8975,1791359519734195710,29.30219571,True
4622169276517035216,8976,1791359519754286231,29.322286231,True
4622169276517035216,8977,1791359519774193781,29.342193781,True
4622169276517035216,8978,1791359519794082951,29.362082951,True
4622169276517035216,8979,1791359519814027541,29.382027541,True
4622169276517035216,8980,1791359519834023395,29.402023395,True
4622169276517035216,8981,1791359519854239934,29.422239934,True
4622169276517035216,8982,1791359519874045539,29.442045539,True
4622169276517035216,8983,1791359519894319893,29.462319893,True
4622169276517035216,8984,1791359519914109638,29.482109638,True
4622169276517035216,8985,1791359519934126712,29.502126712,True
4622169276517035216,8986,1791359519954056722,29.522056722,True
4622169276517035216,8987,1791359519974303104,29.542303104,True
4622169276517035216,8988,1791359519994430818,29.562430818,True
4622169276517035216,8989,1791359520014396074,29.582396074,True
4622169276517035216,8990,1791359520034245860,29.60224586,True
4622169276517035216,8991,1791359520054089289,29.622089289,True
4622169276517035216,8992,1791359520074300388,29.642300388,True
4622169276517035216,8993,1791359520094160775,29.662160775,True
4622169276517035216,8994,1791359520113932540,29.68193254,True
4622169276517035216,8995,1791359520134178093,29.702178093,True
4622169276517035216,8996,1791359520154085960,29.72208596,True
4622169276517035216,8997,1791359520174147632,29.742147632,True
4622169276517035216,8998,1791359520194210442,29.762210442,True
4622169276517035216,8999,1791359520214050967,29.782050967,True
4622169276517035216,9000,1791359520234160402,29.802160402,True
4622169276517035216,9001,1791359520254255517,29.822255517,True
4622169276517035216,9002,1791359520274137358,29.842137358,True
4622169276517035216,9003,1791359520294418756,29.862418756,True
4622169276517035216,9004,1791359520314310599,29.882310599,True
4622169276517035216,9005,1791359520334303844,29.902303844,True
4622169276517035216,9006,1791359520354036016,29.922036016,True
4622169276517035216,9007,1791359520374040825,29.942040825,True
4622169276517035216,9008,1791359520394292856,29.962292856,True
4622169276517035216,9009,1791359520414174833,29.982174833,True
4622169276517035216,9010,1791359520434099480,30.00209948,True
4622169276517035216,9011,1791359520454281024,30.022281024,True
4622169276517035216,9012,1791359520474174843,30.042174843,True
4622169276517035216,9013,1791359520494287993,30.062287993,True
4622169276517035216,9014,1791359520514314419,30.082314419,True
4622169276517035216,9015,1791359520534190877,30.102190877,True
4622169276517035216,9016,1791359520554123121,30.122123121,True
4622169276517035216,9017,1791359520574048994,30.142048994,True
4622169276517035216,9018,1791359520594212060,30.16221206,True
4622169276517035216,9019,1791359520614186321,30.182186321,True
4622169276517035216,9020,1791359520634336154,30.202336154,True
4622169276517035216,9021,1791359520654177668,30.222177668,True
4622169276517035216,9022,1791359520674411327,30.242411327,True
4622169276517035216,9023,1791359520694146365,30.262146365,True
4622169276517035216,9024,1791359520714199873,30.282199873,True
4622169276517035216,9025,1791359520734255006,30.302255006,True
4622169276517035216,9026,1791359520754157759,30.322157759,True
4622169276517035216,9027,1791359520774134092,30.342134092,True
4622169276517035216,9028,1791359520794509536,30.362509536,True
4622169276517035216,9029,1791359520814191160,30.38219116,True
4622169276517035216,9030,1791359520834078409,30.402078409,True
4622169276517035216,9031,1791359520854200982,30.422200982,True
4622169276517035216,9032,1791359520874324729,30.442324729,True
4622169276517035216,9033,1791359520894431344,30.462431344,True
4622169276517035216,9034,1791359520914283510,30.48228351,True
4622169276517035216,9035,1791359520934116422,30.502116422,True
4622169276517035216,9036,1791359520954217078,30.522217078,True
4622169276517035216,9037,1791359520974252505,30.542252505,True
4622169276517035216,9038,1791359520994357651,30.562357651,True
4622169276517035216,9039,1791359521014276368,30.582276368,True
4622169276517035216,9040,1791359521034204305,30.602204305,True
4622169276517035216,9041,1791359521054241406,30.622241406,True
4622169276517035216,9042,1791359521074043046,30.642043046,True
4622169276517035216,9043,1791359521094220092,30.662220092,True
4622169276517035216,9044,1791359521114045888,30.682045888,True
4622169276517035216,9045,1791359521134068802,30.702068802,True
4622169276517035216,9046,1791359521154104658,30.722104658,True
4622169276517035216,9047,1791359521174076493,30.742076493,True
4622169276517035216,9048,1791359521194078027,30.762078027,True
4622169276517035216,9049,1791359521214171769,30.782171769,True
4622169276517035216,9050,1791359521234028504,30.802028504,True
4622169276517035216,9051,1791359521254036995,30.822036995,True
4622169276517035216,9052,1791359521274001916,30.842001916,True
4622169276517035216,9053,1791359521294273254,30.862273254,True
4622169276517035216,9054,1791359521314206866,30.882206866,True
4622169276517035216,9055,1791359521334588993,30.902588993,True
4622169276517035216,9056,1791359521354117153,30.922117153,True
4622169276517035216,9057,1791359521374013011,30.942013011,True
4622169276517035216,9058,1791359521394106739,30.962106739,True
4622169276517035216,9059,1791359521414242404,30.982242404,True
4622169276517035216,9060,1791359521434361060,31.00236106,True
4622169276517035216,9061,1791359521454018282,31.022018282,True
4622169276517035216,9062,1791359521473961669,31.041961669,True
4622169276517035216,9063,1791359521494066281,31.062066281,True
4622169276517035216,9064,1791359521514177273,31.082177273,True
4622169276517035216,9065,1791359521534225468,31.102225468,True
4622169276517035216,9066,1791359521554232554,31.122232554,True
4622169276517035216,9067,1791359521574039948,31.142039948,True
4622169276517035216,9068,1791359521594040747,31.162040747,True
4622169276517035216,9069,1791359521614135297,31.182135297,True
4622169276517035216,9070,1791359521634126996,31.202126996,True
4622169276517035216,9071,1791359521654087953,31.222087953,True
4622169276517035216,9072,1791359521674159489,31.242159489,True
4622169276517035216,9073,1791359521694136077,31.262136077,True
4622169276517035216,9074,1791359521714179298,31.282179298,True
4622169276517035216,9075,1791359521734159207,31.302159207,True
4622169276517035216,9076,1791359521754128645,31.322128645,True
4622169276517035216,9077,1791359521774051543,31.342051543,True
4622169276517035216,9078,1791359521794252280,31.36225228,True
4622169276517035216,9079,1791359521814254582,31.382254582,True
4622169276517035216,9080,1791359521834180144,31.402180144,True
4622169276517035216,9081,1791359521854379206,31.422379206,True
4622169276517035216,9082,1791359521874209525,31.442209525,True
4622169276517035216,9083,1791359521894324246,31.462324246,True
4622169276517035216,9084,1791359521914375874,31.482375874,True
4622169276517035216,9085,1791359521934251994,31.502251994,True
4622169276517035216,9086,1791359521954200887,31.522200887,True
4622169276517035216,9087,1791359521974349171,31.542349171,True
4622169276517035216,9088,1791359521994196531,31.562196531,True
4622169276517035216,9089,1791359522014279152,31.582279152,True
4622169276517035216,9090,1791359522034225486,31.602225486,True
4622169276517035216,9091,1791359522054230733,31.622230733,True
4622169276517035216,9092,1791359522074276183,31.642276183,True
4622169276517035216,9093,1791359522094334590,31.66233459,True
4622169276517035216,9094,1791359522114030282,31.682030282,True
4622169276517035216,9095,1791359522133953103,31.701953103,True
4622169276517035216,9096,1791359522154178925,31.722178925,True
4622169276517035216,9097,1791359522174193224,31.742193224,True
4622169276517035216,9098,1791359522194233375,31.762233375,True
4622169276517035216,9099,1791359522214161635,31.782161635,True
4622169276517035216,9100,1791359522234175897,31.802175897,True
4622169276517035216,9101,1791359522254385483,31.822385483,True
4622169276517035216,9102,1791359522274188995,31.842188995,True
4622169276517035216,9103,1791359522294072647,31.862072647,True
4622169276517035216,9104,1791359522313962072,31.881962072,True
4622169276517035216,9105,1791359522334013715,31.902013715,True
4622169276517035216,9106,1791359522354159322,31.922159322,True
4622169276517035216,9107,1791359522374076176,31.942076176,True
4622169276517035216,9108,1791359522394095092,31.962095092,True
4622169276517035216,9109,1791359522414163985,31.982163985,True
4622169276517035216,9110,1791359522434278843,32.002278843,True
4622169276517035216,9111,1791359522454316258,32.022316258,True
4622169276517035216,9112,1791359522474059352,32.042059352,True
4622169276517035216,9113,1791359522494034963,32.062034963,True
4622169276517035216,9114,1791359522514113760,32.08211376,True
4622169276517035216,9115,1791359522534196040,32.10219604,True
4622169276517035216,9116,1791359522554233232,32.122233232,True
4622169276517035216,9117,1791359522574138502,32.142138502,True
4622169276517035216,9118,1791359522594237315,32.162237315,True
4622169276517035216,9119,1791359522614208088,32.182208088,True
4622169276517035216,9120,1791359522634147198,32.202147198,True
4622169276517035216,9121,1791359522654285426,32.222285426,True
4622169276517035216,9122,1791359522674309503,32.242309503,True
4622169276517035216,9123,1791359522694266722,32.262266722,True
4622169276517035216,9124,1791359522714114236,32.282114236,True
4622169276517035216,9125,1791359522734248085,32.302248085,True
4622169276517035216,9126,1791359522754225831,32.322225831,True
4622169276517035216,9127,1791359522774212184,32.342212184,True
4622169276517035216,9128,1791359522794225370,32.36222537,True
4622169276517035216,9129,1791359522814314352,32.382314352,True
4622169276517035216,9130,1791359522834085013,32.402085013,True
4622169276517035216,9131,1791359522854059227,32.422059227,True
4622169276517035216,9132,1791359522874010552,32.442010552,True
4622169276517035216,9133,1791359522894157369,32.462157369,True
4622169276517035216,9134,1791359522914128412,32.482128412,True
4622169276517035216,9135,1791359522934176926,32.502176926,True
4622169276517035216,9136,1791359522954352806,32.522352806,True
4622169276517035216,9137,1791359522974101263,32.542101263,True
4622169276517035216,9138,1791359522994238846,32.562238846,True
4622169276517035216,9139,1791359523014326206,32.582326206,True
4622169276517035216,9140,1791359523034200167,32.602200167,True
4622169276517035216,9141,1791359523054263453,32.622263453,True
4622169276517035216,9142,1791359523074218315,32.642218315,True
4622169276517035216,9143,1791359523094091553,32.662091553,True
4622169276517035216,9144,1791359523114191771,32.682191771,True
4622169276517035216,9145,1791359523134070747,32.702070747,True
4622169276517035216,9146,1791359523154126044,32.722126044,True
4622169276517035216,9147,1791359523173999507,32.741999507,True
4622169276517035216,9148,1791359523194192805,32.762192805,True
4622169276517035216,9149,1791359523214114001,32.782114001,True
4622169276517035216,9150,1791359523234010331,32.802010331,True
4622169276517035216,9151,1791359523253968738,32.821968738,True
4622169276517035216,9152,1791359523274030170,32.84203017,True
4622169276517035216,9153,1791359523294054386,32.862054386,True
4622169276517035216,9154,1791359523314098691,32.882098691,True
4622169276517035216,9155,1791359523334140731,32.902140731,True
4622169276517035216,9156,1791359523354180439,32.922180439,True
4622169276517035216,9157,1791359523374084312,32.942084312,True
4622169276517035216,9158,1791359523394157638,32.962157638,True
4622169276517035216,9159,1791359523414167746,32.982167746,True
4622169276517035216,9160,1791359523434192391,33.002192391,True
4622169276517035216,9161,1791359523454083977,33.022083977,True
4622169276517035216,9162,1791359523474053164,33.042053164,True
4622169276517035216,9163,1791359523494141352,33.062141352,True
4622169276517035216,9164,1791359523514069252,33.082069252,True
4622169276517035216,9165,1791359523534006592,33.102006592,True
4622169276517035216,9166,1791359523554299855,33.122299855,True
4622169276517035216,9167,1791359523574001060,33.14200106,True
4622169276517035216,9168,1791359523594174757,33.162174757,True
4622169276517035216,9169,1791359523614044419,33.182044419,True
4622169276517035216,9170,1791359523634557202,33.202557202,True
4622169276517035216,9171,1791359523654219061,33.222219061,True
4622169276517035216,9172,1791359523674205940,33.24220594,True
4622169276517035216,9173,1791359523694205724,33.262205724,True
4622169276517035216,9174,1791359523714270767,33.282270767,True
4622169276517035216,9175,1791359523734166711,33.302166711,True
4622169276517035216,9176,1791359523754215301,33.322215301,True
4622169276517035216,9177,1791359523774255170,33.34225517,True
4622169276517035216,9178,1791359523794015502,33.362015502,True
4622169276517035216,9179,1791359523814104135,33.382104135,True
4622169276517035216,9180,1791359523834224232,33.402224232,True
4622169276517035216,9181,1791359523854210581,33.422210581,True
4622169276517035216,9182,1791359523874132490,33.44213249,True
4622169276517035216,9183,1791359523893997557,33.461997557,True
4622169276517035216,9184,1791359523914108144,33.482108144,True
4622169276517035216,9185,1791359523934087890,33.50208789,True
4622169276517035216,9186,1791359523954228080,33.52222808,True
4622169276517035216,9187,1791359523974283221,33.542283221,True
4622169276517035216,9188,1791359523994215257,33.562215257,True
4622169276517035216,9189,1791359524014484560,33.58248456,True
4622169276517035216,9190,1791359524034110555,33.602110555,True
4622169276517035216,9191,1791359524054322530,33.62232253,True
4622169276517035216,9192,1791359524074053743,33.642053743,True
4622169276517035216,9193,1791359524094092117,33.662092117,True
4622169276517035216,9194,1791359524114214112,33.682214112,True
4622169276517035216,9195,1791359524133902253,33.701902253,True
4622169276517035216,9196,1791359524154245148,33.722245148,True
4622169276517035216,9197,1791359524174204979,33.742204979,True
4622169276517035216,9198,1791359524194172999,33.762172999,True
4622169276517035216,9199,1791359524214206339,33.782206339,True
4622169276517035216,9200,1791359524234159440,33.80215944,True
4622169276517035216,9201,1791359524253961950,33.82196195,True
4622169276517035216,9202,1791359524274188174,33.842188174,True
4622169276517035216,9203,1791359524294234759,33.862234759,True
4622169276517035216,9204,1791359524314022618,33.882022618,True
4622169276517035216,9205,1791359524333922227,33.901922227,True
4622169276517035216,9206,1791359524354159969,33.922159969,True
4622169276517035216,9207,1791359524373960270,33.94196027,True
4622169276517035216,9208,1791359524393997110,33.96199711,True
4622169276517035216,9209,1791359524413997985,33.981997985,True
4622169276517035216,9210,1791359524434184278,34.002184278,True
4622169276517035216,9211,1791359524454030528,34.022030528,True
4622169276517035216,9212,1791359524473985248,34.041985248,True
4622169276517035216,9213,1791359524494098185,34.062098185,True
4622169276517035216,9214,1791359524514321184,34.082321184,True
4622169276517035216,9215,1791359524533902729,34.101902729,True
4622169276517035216,9216,1791359524554039016,34.122039016,True
4622169276517035216,9217,1791359524574055406,34.142055406,True
4622169276517035216,9218,1791359524594150107,34.162150107,True
4622169276517035216,9219,1791359524614289153,34.182289153,True
4622169276517035216,9220,1791359524634148815,34.202148815,True
4622169276517035216,9221,1791359524654261698,34.222261698,True
4622169276517035216,9222,1791359524674187954,34.242187954,True
4622169276517035216,9223,1791359524694260704,34.262260704,True
4622169276517035216,9224,1791359524714058802,34.282058802,True
4622169276517035216,9225,1791359524734011707,34.302011707,True
4622169276517035216,9226,1791359524754020198,34.322020198,True
4622169276517035216,9227,1791359524774021110,34.34202111,True
4622169276517035216,9228,1791359524793997857,34.361997857,True
4622169276517035216,9229,1791359524814068315,34.382068315,True
4622169276517035216,9230,1791359524834107558,34.402107558,True
4622169276517035216,9231,1791359524854130768,34.422130768,True
4622169276517035216,9232,1791359524874086615,34.442086615,True
4622169276517035216,9233,1791359524894109568,34.462109568,True
4622169276517035216,9234,1791359524914170053,34.482170053,True
4622169276517035216,9235,1791359524934125628,34.502125628,True
4622169276517035216,9236,1791359524954238126,34.522238126,True
4622169276517035216,9237,1791359524974226586,34.542226586,True
4622169276517035216,9238,1791359524994220451,34.562220451,True
4622169276517035216,9239,1791359525014147348,34.582147348,True
4622169276517035216,9240,1791359525033996225,34.601996225,True
4622169276517035216,9241,1791359525054345433,34.622345433,True
4622169276517035216,9242,1791359525074008307,34.642008307,True
4622169276517035216,9243,1791359525094073605,34.662073605,True
4622169276517035216,9244,1791359525114151820,34.68215182,True
4622169276517035216,9245,1791359525134021182,34.702021182,True
4622169276517035216,9246,1791359525154241429,34.722241429,True
4622169276517035216,9247,1791359525174264233,34.742264233,True
4622169276517035216,9248,1791359525194245256,34.762245256,True
4622169276517035216,9249,1791359525214441558,34.782441558,True
4622169276517035216,9250,1791359525234251053,34.802251053,True
4622169276517035216,9251,1791359525254277672,34.822277672,True
4622169276517035216,9252,1791359525274343544,34.842343544,True
4622169276517035216,9253,1791359525294309172,34.862309172,True
4622169276517035216,9254,1791359525314379907,34.882379907,True
4622169276517035216,9255,1791359525334302508,34.902302508,True
4622169276517035216,9256,1791359525354221245,34.922221245,True
4622169276517035216,9257,1791359525374198652,34.942198652,True
4622169276517035216,9258,1791359525394193776,34.962193776,True
4622169276517035216,9259,1791359525414269562,34.982269562,True
4622169276517035216,9260,1791359525434492689,35.002492689,True
4622169276517035216,9261,1791359525454215827,35.022215827,True
4622169276517035216,9262,1791359525473969072,35.041969072,True
4622169276517035216,9263,1791359525494046774,35.062046774,True
4622169276517035216,9264,1791359525514136389,35.082136389,True
4622169276517035216,9265,1791359525534226348,35.102226348,True
4622169276517035216,9266,1791359525554375664,35.122375664,True
4622169276517035216,9267,1791359525574085802,35.142085802,True
4622169276517035216,9268,1791359525594360365,35.162360365,True
4622169276517035216,9269,1791359525614271178,35.182271178,True
4622169276517035216,9270,1791359525634589492,35.202589492,True
4622169276517035216,9271,1791359525654215502,35.222215502,True
4622169276517035216,9272,1791359525674136085,35.242136085,True
4622169276517035216,9273,1791359525694245047,35.262245047,True
4622169276517035216,9274,1791359525714436416,35.282436416,True
4622169276517035216,9275,1791359525734401404,35.302401404,True
4622169276517035216,9276,1791359525754500323,35.322500323,True
4622169276517035216,9277,1791359525774351370,35.34235137,True
4622169276517035216,9278,1791359525794470241,35.362470241,True
4622169276517035216,9279,1791359525814348780,35.38234878,True
4622169276517035216,9280,1791359525833943547,35.401943547,True
4622169276517035216,9281,1791359525854206179,35.422206179,True
4622169276517035216,9282,1791359525874068004,35.442068004,True
4622169276517035216,9283,1791359525894121865,35.462121865,True
4622169276517035216,9284,1791359525914309731,35.482309731,True
4622169276517035216,9285,1791359525934310289,35.502310289,True
4622169276517035216,9286,1791359525954117330,35.52211733,True
4622169276517035216,9287,1791359525974233942,35.542233942,True
4622169276517035216,9288,1791359525994333617,35.562333617,True
4622169276517035216,9289,1791359526014045710,35.58204571,True
4622169276517035216,9290,1791359526034404493,35.602404493,True
4622169276517035216,9291,1791359526054253539,35.622253539,True
4622169276517035216,9292,1791359526074251754,35.642251754,True
4622169276517035216,9293,1791359526094363713,35.662363713,True
4622169276517035216,9294,1791359526114156430,35.68215643,True
4622169276517035216,9295,1791359526134346439,35.702346439,True
4622169276517035216,9296,1791359526154128381,35.722128381,True
4622169276517035216,9297,1791359526174249257,35.742249257,True
4622169276517035216,9298,1791359526194364066,35.762364066,True
4622169276517035216,9299,1791359526214357660,35.78235766,True
4622169276517035216,9300,1791359526234009728,35.802009728,True
4622169276517035216,9301,1791359526254212295,35.822212295,True
4622169276517035216,9302,1791359526273973221,35.841973221,True
4622169276517035216,9303,1791359526294073471,35.862073471,True
4622169276517035216,9304,1791359526314092809,35.882092809,True
4622169276517035216,9305,1791359526334079781,35.902079781,True
4622169276517035216,9306,1791359526354291482,35.922291482,True
4622169276517035216,9307,1791359526374292938,35.942292938,True
4622169276517035216,9308,1791359526394472532,35.962472532,True
4622169276517035216,9309,1791359526414497499,35.982497499,True
4622169276517035216,9310,1791359526434228253,36.002228253,True
4622169276517035216,9311,1791359526454597766,36.022597766,True
4622169276517035216,9312,1791359526474287434,36.042287434,True
4622169276517035216,9313,1791359526494351620,36.06235162,True
4622169276517035216,9314,1791359526514587408,36.082587408,True
4622169276517035216,9315,1791359526534167778,36.102167778,True
4622169276517035216,9316,1791359526554314269,36.122314269,True
4622169276517035216,9317,1791359526574127796,36.142127796,True
4622169276517035216,9318,1791359526594322423,36.162322423,True
4622169276517035216,9319,1791359526614433815,36.182433815,True
4622169276517035216,9320,1791359526634085139,36.202085139,True
4622169276517035216,9321,1791359526654359459,36.222359459,True
4622169276517035216,9322,1791359526674371613,36.242371613,True
4622169276517035216,9323,1791359526694430819,36.262430819,True
4622169276517035216,9324,1791359526714400888,36.282400888,True
4622169276517035216,9325,1791359526734488851,36.302488851,True
4622169276517035216,9326,1791359526754440613,36.322440613,True
4622169276517035216,9327,1791359526774150607,36.342150607,True
4622169276517035216,9328,1791359526794378703,36.362378703,True
4622169276517035216,9329,1791359526814395709,36.382395709,True
4622169276517035216,9330,1791359526834034713,36.402034713,True
4622169276517035216,9331,1791359526854283490,36.42228349,True
4622169276517035216,9332,1791359526874023144,36.442023144,True
4622169276517035216,9333,1791359526894083524,36.462083524,True
4622169276517035216,9334,1791359526914164002,36.482164002,True
4622169276517035216,9335,1791359526934018025,36.502018025,True
4622169276517035216,9336,1791359526954166534,36.522166534,True
4622169276517035216,9337,1791359526974079541,36.542079541,True
4622169276517035216,9338,1791359526994199567,36.562199567,True
4622169276517035216,9339,1791359527014071489,36.582071489,True
4622169276517035216,9340,1791359527034603823,36.602603823,True
4622169276517035216,9341,1791359527054750647,36.622750647,True
4622169276517035216,9342,1791359527074405782,36.642405782,True
4622169276517035216,9343,1791359527094554578,36.662554578,True
4622169276517035216,9344,1791359527114520925,36.682520925,True
4622169276517035216,9345,1791359527134371934,36.702371934,True
4622169276517035216,9346,1791359527154297767,36.722297767,True
4622169276517035216,9347,1791359527174167898,36.742167898,True
4622169276517035216,9348,1791359527194167487,36.762167487,True
4622169276517035216,9349,1791359527214210683,36.782210683,True
4622169276517035216,9350,1791359527234044859,36.802044859,True
4622169276517035216,9351,1791359527254154718,36.822154718,True
4622169276517035216,9352,1791359527274180733,36.842180733,True
4622169276517035216,9353,1791359527294291428,36.862291428,True
4622169276517035216,9354,1791359527314285652,36.882285652,True
4622169276517035216,9355,1791359527334036285,36.902036285,True
4622169276517035216,9356,1791359527354283669,36.922283669,True
4622169276517035216,9357,1791359527374053285,36.942053285,True
4622169276517035216,9358,1791359527394128912,36.962128912,True
4622169276517035216,9359,1791359527414305430,36.98230543,True
4622169276517035216,9360,1791359527434232953,37.002232953,True
4622169276517035216,9361,1791359527454358540,37.02235854,True
4622169276517035216,9362,1791359527474241782,37.042241782,True
4622169276517035216,9363,1791359527494237635,37.062237635,True
4622169276517035216,9364,1791359527514291763,37.082291763,True
4622169276517035216,9365,1791359527534203752,37.102203752,True
4622169276517035216,9366,1791359527554326432,37.122326432,True
4622169276517035216,9367,1791359527574224871,37.142224871,True
4622169276517035216,9368,1791359527594258958,37.162258958,True
4622169276517035216,9369,1791359527614334450,37.18233445,True
4622169276517035216,9370,1791359527634069675,37.202069675,True
4622169276517035216,9371,1791359527654289749,37.222289749,True
4622169276517035216,9372,1791359527674211412,37.242211412,True
4622169276517035216,9373,1791359527694147147,37.262147147,True
4622169276517035216,9374,1791359527714058311,37.282058311,True
4622169276517035216,9375,1791359527734064259,37.302064259,True
4622169276517035216,9376,1791359527754056413,37.322056413,True
4622169276517035216,9377,1791359527774142268,37.342142268,True
4622169276517035216,9378,1791359527794364616,37.362364616,True
4622169276517035216,9379,1791359527814276618,37.382276618,True
4622169276517035216,9380,1791359527834351261,37.402351261,True
4622169276517035216,9381,1791359527854156408,37.422156408,True
4622169276517035216,9382,1791359527874044955,37.442044955,True
4622169276517035216,9383,1791359527894207871,37.462207871,True
4622169276517035216,9384,1791359527914222401,37.482222401,True
4622169276517035216,9385,1791359527934189340,37.50218934,True
4622169276517035216,9386,1791359527954296713,37.522296713,True
4622169276517035216,9387,1791359527974181508,37.542181508,True
4622169276517035216,9388,1791359527994346770,37.56234677,True
4622169276517035216,9389,1791359528014184060,37.58218406,True
4622169276517035216,9390,1791359528034136267,37.602136267,True
4622169276517035216,9391,1791359528054277073,37.622277073,True
4622169276517035216,9392,1791359528074095888,37.642095888,True
4622169276517035216,9393,1791359528094182096,37.662182096,True
4622169276517035216,9394,1791359528114221479,37.682221479,True
4622169276517035216,9395,1791359528133974262,37.701974262,True
4622169276517035216,9396,1791359528154079100,37.7220791,True
4622169276517035216,9397,1791359528174134797,37.742134797,True
4622169276517035216,9398,1791359528194333527,37.762333527,True
4622169276517035216,9399,1791359528214190964,37.782190964,True
4622169276517035216,9400,1791359528234249491,37.802249491,True
4622169276517035216,9401,1791359528254400941,37.822400941,True
4622169276517035216,9402,1791359528274261510,37.84226151,True
4622169276517035216,9403,1791359528294380324,37.862380324,True
4622169276517035216,9404,1791359528314196008,37.882196008,True
4622169276517035216,9405,1791359528334037923,37.902037923,True
4622169276517035216,9406,1791359528354175898,37.922175898,True
4622169276517035216,9407,1791359528374091041,37.942091041,True
4622169276517035216,9408,1791359528394166667,37.962166667,True
4622169276517035216,9409,1791359528414147736,37.982147736,True
4622169276517035216,9410,1791359528434203619,38.002203619,True
4622169276517035216,9411,1791359528454436686,38.022436686,True
4622169276517035216,9412,1791359528474289728,38.042289728,True
4622169276517035216,9413,1791359528494340962,38.062340962,True
4622169276517035216,9414,1791359528514311142,38.082311142,True
4622169276517035216,9415,1791359528534343767,38.102343767,True
4622169276517035216,9416,1791359528554254680,38.12225468,True
4622169276517035216,9417,1791359528574217366,38.142217366,True
4622169276517035216,9418,1791359528594363691,38.162363691,True
4622169276517035216,9419,1791359528614312791,38.182312791,True
4622169276517035216,9420,1791359528634194451,38.202194451,True
4622169276517035216,9421,1791359528654215156,38.222215156,True
4622169276517035216,9422,1791359528674041093,38.242041093,True
4622169276517035216,9423,1791359528694217362,38.262217362,True
4622169276517035216,9424,1791359528714110389,38.282110389,True
4622169276517035216,9425,1791359528734256617,38.302256617,True
4622169276517035216,9426,1791359528754283839,38.322283839,True
4622169276517035216,9427,1791359528774194121,38.342194121,True
4622169276517035216,9428,1791359528794297753,38.362297753,True
4622169276517035216,9429,1791359528814165351,38.382165351,True
4622169276517035216,9430,1791359528834296778,38.402296778,True
4622169276517035216,9431,1791359528854420232,38.422420232,True
4622169276517035216,9432,1791359528874324551,38.442324551,True
4622169276517035216,9433,1791359528894537661,38.462537661,True
4622169276517035216,9434,1791359528914431535,38.482431535,True
4622169276517035216,9435,1791359528934393197,38.502393197,True
4622169276517035216,9436,1791359528954281885,38.522281885,True
4622169276517035216,9437,1791359528974344335,38.542344335,True
4622169276517035216,9438,1791359528994466951,38.562466951,True
4622169276517035216,9439,1791359529014372657,38.582372657,True
4622169276517035216,9440,1791359529034391789,38.602391789,True
4622169276517035216,9441,1791359529054479105,38.622479105,True
4622169276517035216,9442,1791359529074192540,38.64219254,True
4622169276517035216,9443,1791359529094313027,38.662313027,True
4622169276517035216,9444,1791359529114094843,38.682094843,True
4622169276517035216,9445,1791359529134237609,38.702237609,True
4622169276517035216,9446,1791359529154390616,38.722390616,True
4622169276517035216,9447,1791359529174277106,38.742277106,True
4622169276517035216,9448,1791359529194372700,38.7623727,True
4622169276517035216,9449,1791359529214033396,38.782033396,True
4622169276517035216,9450,1791359529234083802,38.802083802,True
4622169276517035216,9451,1791359529254394956,38.822394956,True
4622169276517035216,9452,1791359529274410091,38.842410091,True
4622169276517035216,9453,1791359529294355644,38.862355644,True
4622169276517035216,9454,1791359529314260995,38.882260995,True
4622169276517035216,9455,1791359529334173857,38.902173857,True
4622169276517035216,9456,1791359529354356399,38.922356399,True
4622169276517035216,9457,1791359529374200109,38.942200109,True
4622169276517035216,9458,1791359529394089429,38.962089429,True
4622169276517035216,9459,1791359529414127029,38.982127029,True
4622169276517035216,9460,1791359529433925899,39.001925899,True
4622169276517035216,9461,1791359529454076914,39.022076914,True
4622169276517035216,9462,1791359529474068626,39.042068626,True
4622169276517035216,9463,1791359529494247266,39.062247266,True
4622169276517035216,9464,1791359529514285103,39.082285103,True
4622169276517035216,9465,1791359529533988665,39.101988665,True
4622169276517035216,9466,1791359529554304494,39.122304494,True
4622169276517035216,9467,1791359529574091135,39.142091135,True
4622169276517035216,9468,1791359529594255184,39.162255184,True
4622169276517035216,9469,1791359529614219216,39.182219216,True
4622169276517035216,9470,1791359529634194166,39.202194166,True
4622169276517035216,9471,1791359529654215127,39.222215127,True
4622169276517035216,9472,1791359529674140310,39.24214031,True
4622169276517035216,9473,1791359529694310145,39.262310145,True
4622169276517035216,9474,1791359529714196505,39.282196505,True
4622169276517035216,9475,1791359529734067704,39.302067704,True
4622169276517035216,9476,1791359529754154502,39.322154502,True
4622169276517035216,9477,1791359529774061959,39.342061959,True
4622169276517035216,9478,1791359529794302219,39.362302219,True
4622169276517035216,9479,1791359529814183556,39.382183556,True
4622169276517035216,9480,1791359529834265086,39.402265086,True
4622169276517035216,9481,1791359529854455434,39.422455434,True
4622169276517035216,9482,1791359529874021997,39.442021997,True
4622169276517035216,9483,1791359529894035268,39.462035268,True
4622169276517035216,9484,1791359529914037197,39.482037197,True
4622169276517035216,9485,1791359529934030358,39.502030358,True
4622169276517035216,9486,1791359529954284930,39.52228493,True
4622169276517035216,9487,1791359529974170943,39.542170943,True
4622169276517035216,9488,1791359529994337349,39.562337349,True
4622169276517035216,9489,1791359530014370361,39.582370361,True
4622169276517035216,9490,1791359530034197790,39.60219779,True
4622169276517035216,9491,1791359530054190406,39.622190406,True
4622169276517035216,9492,1791359530074157480,39.64215748,True
4622169276517035216,9493,1791359530094395541,39.662395541,True
4622169276517035216,9494,1791359530114101808,39.682101808,True
4622169276517035216,9495,1791359530134147700,39.7021477,True
4622169276517035216,9496,1791359530154109945,39.722109945,True
4622169276517035216,9497,1791359530174104946,39.742104946,True
4622169276517035216,9498,1791359530194187137,39.762187137,True
4622169276517035216,9499,1791359530214156902,39.782156902,True
4622169276517035216,9500,1791359530234073625,39.802073625,True
4622169276517035216,9501,1791359530254271045,39.822271045,True
4622169276517035216,9502,1791359530274314933,39.842314933,True
4622169276517035216,9503,1791359530294215656,39.862215656,True
4622169276517035216,9504,1791359530314118871,39.882118871,True
4622169276517035216,9505,1791359530334095256,39.902095256,True
4622169276517035216,9506,1791359530354249659,39.922249659,True
4622169276517035216,9507,1791359530374144019,39.942144019,True
4622169276517035216,9508,1791359530394217396,39.962217396,True
4622169276517035216,9509,1791359530414085235,39.982085235,True
4622169276517035216,9510,1791359530434163982,40.002163982,True
4622169276517035216,9511,1791359530454243997,40.022243997,True
4622169276517035216,9512,1791359530474160565,40.042160565,True
4622169276517035216,9513,1791359530494207012,40.062207012,True
4622169276517035216,9514,1791359530514201680,40.08220168,True
4622169276517035216,9515,1791359530534109014,40.102109014,True
4622169276517035216,9516,1791359530554018338,40.122018338,True
4622169276517035216,9517,1791359530574085222,40.142085222,True
4622169276517035216,9518,1791359530594211623,40.162211623,True
4622169276517035216,9519,1791359530614297267,40.182297267,True
4622169276517035216,9520,1791359530634172847,40.202172847,True
4622169276517035216,9521,1791359530654168284,40.222168284,True
4622169276517035216,9522,1791359530674269169,40.242269169,True
4622169276517035216,9523,1791359530694235539,40.262235539,True
4622169276517035216,9524,1791359530714212701,40.282212701,True
4622169276517035216,9525,1791359530734277507,40.302277507,True
4622169276517035216,9526,1791359530754416660,40.32241666,True
4622169276517035216,9527,1791359530774240475,40.342240475,True
4622169276517035216,9528,1791359530794327770,40.36232777,True
4622169276517035216,9529,1791359530814316987,40.382316987,True
4622169276517035216,9530,1791359530834259962,40.402259962,True
4622169276517035216,9531,1791359530854175314,40.422175314,True
4622169276517035216,9532,1791359530874378727,40.442378727,True
4622169276517035216,9533,1791359530894315920,40.46231592,True
4622169276517035216,9534,1791359530914245421,40.482245421,True
4622169276517035216,9535,1791359530934421432,40.502421432,True
4622169276517035216,9536,1791359530954291979,40.522291979,True
4622169276517035216,9537,1791359530974099226,40.542099226,True
4622169276517035216,9538,1791359530994220879,40.562220879,True
4622169276517035216,9539,1791359531014242130,40.58224213,True
4622169276517035216,9540,1791359531034145853,40.602145853,True
4622169276517035216,9541,1791359531054237663,40.622237663,True
4622169276517035216,9542,1791359531074051683,40.642051683,True
4622169276517035216,9543,1791359531094168919,40.662168919,True
4622169276517035216,9544,1791359531113947825,40.681947825,True
4622169276517035216,9545,1791359531134204802,40.702204802,True
4622169276517035216,9546,1791359531154090110,40.72209011,True
4622169276517035216,9547,1791359531173983049,40.741983049,True
4622169276517035216,9548,1791359531194111775,40.762111775,True
4622169276517035216,9549,1791359531214134710,40.78213471,True
4622169276517035216,9550,1791359531234030759,40.802030759,True
4622169276517035216,9551,1791359531254104292,40.822104292,True
4622169276517035216,9552,1791359531274188283,40.842188283,True
4622169276517035216,9553,1791359531294196814,40.862196814,True
4622169276517035216,9554,1791359531314082215,40.882082215,True
4622169276517035216,9555,1791359531333961931,40.901961931,True
4622169276517035216,9556,1791359531353959998,40.921959998,True
4622169276517035216,9557,1791359531373932658,40.941932658,True
4622169276517035216,9558,1791359531394188967,40.962188967,True
4622169276517035216,9559,1791359531414042913,40.982042913,True
4622169276517035216,9560,1791359531434085280,41.00208528,True
4622169276517035216,9561,1791359531454091117,41.022091117,True
4622169276517035216,9562,1791359531474029766,41.042029766,True
4622169276517035216,9563,1791359531494191671,41.062191671,True
4622169276517035216,9564,1791359531513984424,41.081984424,True
4622169276517035216,9565,1791359531534100879,41.102100879,True
4622169276517035216,9566,1791359531554257594,41.122257594,True
4622169276517035216,9567,1791359531574097110,41.14209711,True
4622169276517035216,9568,1791359531594025306,41.162025306,True
4622169276517035216,9569,1791359531614065540,41.18206554,True
4622169276517035216,9570,1791359531634163739,41.202163739,True
4622169276517035216,9571,1791359531654201111,41.222201111,True
4622169276517035216,9572,1791359531674079457,41.242079457,True
4622169276517035216,9573,1791359531694153838,41.262153838,True
4622169276517035216,9574,1791359531714089204,41.282089204,True
4622169276517035216,9575,1791359531734045231,41.302045231,True
4622169276517035216,9576,1791359531754058840,41.32205884,True
4622169276517035216,9577,1791359531774102531,41.342102531,True
4622169276517035216,9578,1791359531794158814,41.362158814,True
4622169276517035216,9579,1791359531814230604,41.382230604,True
4622169276517035216,9580,1791359531834066287,41.402066287,True
4622169276517035216,9581,1791359531853995566,41.421995566,True
4622169276517035216,9582,1791359531874092699,41.442092699,True
4622169276517035216,9583,1791359531894202381,41.462202381,True
4622169276517035216,9584,1791359531914030369,41.482030369,True
4622169276517035216,9585,1791359531933942174,41.501942174,True
4622169276517035216,9586,1791359531953993664,41.521993664,True
4622169276517035216,9587,1791359531974145947,41.542145947,True
4622169276517035216,9588,1791359531994033808,41.562033808,True
4622169276517035216,9589,1791359532014179380,41.58217938,True
4622169276517035216,9590,1791359532033962921,41.601962921,True
4622169276517035216,9591,1791359532054181795,41.622181795,True
4622169276517035216,9592,1791359532074119932,41.642119932,True
4622169276517035216,9593,1791359532094145890,41.66214589,True
4622169276517035216,9594,1791359532114002456,41.682002456,True
4622169276517035216,9595,1791359532133944565,41.701944565,True
4622169276517035216,9596,1791359532154069072,41.722069072,True
4622169276517035216,9597,1791359532174000913,41.742000913,True
4622169276517035216,9598,1791359532193988999,41.761988999,True
4622169276517035216,9599,1791359532214118578,41.782118578,True
4622169276517035216,9600,1791359532234056958,41.802056958,True
4622169276517035216,9601,1791359532254318413,41.822318413,True
4622169276517035216,9602,1791359532274088521,41.842088521,True
4622169276517035216,9603,1791359532294195531,41.862195531,True
4622169276517035216,9604,1791359532314466587,41.882466587,True
4622169276517035216,9605,1791359532334464066,41.902464066,True
4622169276517035216,9606,1791359532354213092,41.922213092,True
4622169276517035216,9607,1791359532374061747,41.942061747,True
4622169276517035216,9608,1791359532394128629,41.962128629,True
4622169276517035216,9609,1791359532414078353,41.982078353,True
4622169276517035216,9610,1791359532434413847,42.002413847,True
4622169276517035216,9611,1791359532454224619,42.022224619,True
4622169276517035216,9612,1791359532474225449,42.042225449,True
4622169276517035216,9613,1791359532494186211,42.062186211,True
4622169276517035216,9614,1791359532514101427,42.082101427,True
4622169276517035216,9615,1791359532534005345,42.102005345,True
4622169276517035216,9616,1791359532554222117,42.122222117,True
4622169276517035216,9617,1791359532574021870,42.14202187,True
4622169276517035216,9618,1791359532594167971,42.162167971,True
4622169276517035216,9619,1791359532614163417,42.182163417,True
4622169276517035216,9620,1791359532634099101,42.202099101,True
4622169276517035216,9621,1791359532654003668,42.222003668,True
4622169276517035216,9622,1791359532674704006,42.242704006,True
4622169276517035216,9623,1791359532694162625,42.262162625,True
4622169276517035216,9624,1791359532714015922,42.282015922,True
4622169276517035216,9625,1791359532734057245,42.302057245,True
4622169276517035216,9626,1791359532754057314,42.322057314,True
4622169276517035216,9627,1791359532774165786,42.342165786,True
4622169276517035216,9628,1791359532794324590,42.36232459,True
4622169276517035216,9629,1791359532814221683,42.382221683,True
4622169276517035216,9630,1791359532834131841,42.402131841,True
4622169276517035216,9631,1791359532854160528,42.422160528,True
4622169276517035216,9632,1791359532874203211,42.442203211,True
4622169276517035216,9633,1791359532894096931,42.462096931,True
4622169276517035216,9634,1791359532914045570,42.48204557,True
4622169276517035216,9635,1791359532934113623,42.502113623,True
4622169276517035216,9636,1791359532954308184,42.522308184,True
4622169276517035216,9637,1791359532974179061,42.542179061,True
4622169276517035216,9638,1791359532994234038,42.562234038,True
4622169276517035216,9639,1791359533014291458,42.582291458,True
4622169276517035216,9640,1791359533034395762,42.602395762,True
4622169276517035216,9641,1791359533054229220,42.62222922,True
4622169276517035216,9642,1791359533074086112,42.642086112,True
4622169276517035216,9643,1791359533094103171,42.662103171,True
4622169276517035216,9644,1791359533113989460,42.68198946,True
4622169276517035216,9645,1791359533134071620,42.70207162,True
4622169276517035216,9646,1791359533154029823,42.722029823,True
4622169276517035216,9647,1791359533174112445,42.742112445,True
4622169276517035216,9648,1791359533194167724,42.762167724,True
4622169276517035216,9649,1791359533214339286,42.782339286,True
4622169276517035216,9650,1791359533234075440,42.80207544,True
4622169276517035216,9651,1791359533254189448,42.822189448,True
4622169276517035216,9652,1791359533274128375,42.842128375,True
4622169276517035216,9653,1791359533294257596,42.862257596,True
4622169276517035216,9654,1791359533314268038,42.882268038,True
4622169276517035216,9655,1791359533334116786,42.902116786,True
4622169276517035216,9656,1791359533354150943,42.922150943,True
4622169276517035216,9657,1791359533374282559,42.942282559,True
4622169276517035216,9658,1791359533394404718,42.962404718,True
4622169276517035216,9659,1791359533414368004,42.982368004,True
4622169276517035216,9660,1791359533434037136,43.002037136,True
4622169276517035216,9661,1791359533454237127,43.022237127,True
4622169276517035216,9662,1791359533474470228,43.042470228,True
4622169276517035216,9663,1791359533494296198,43.062296198,True
4622169276517035216,9664,1791359533514437319,43.082437319,True
4622169276517035216,9665,1791359533534136694,43.102136694,True
4622169276517035216,9666,1791359533554378514,43.122378514,True
4622169276517035216,9667,1791359533574279217,43.142279217,True
4622169276517035216,9668,1791359533594275866,43.162275866,True
4622169276517035216,9669,1791359533614351519,43.182351519,True
4622169276517035216,9670,1791359533634114217,43.202114217,True
4622169276517035216,9671,1791359533654193695,43.222193695,True
4622169276517035216,9672,1791359533674150805,43.242150805,True
4622169276517035216,9673,1791359533694224189,43.262224189,True
4622169276517035216,9674,1791359533714293083,43.282293083,True
4622169276517035216,9675,1791359533733996879,43.301996879,True
4622169276517035216,9676,1791359533754343645,43.322343645,True
4622169276517035216,9677,1791359533774363653,43.342363653,True
4622169276517035216,9678,1791359533794387698,43.362387698,True
4622169276517035216,9679,1791359533814270700,43.3822707,True
4622169276517035216,9680,1791359533834017441,43.402017441,True
4622169276517035216,9681,1791359533854222093,43.422222093,True
4622169276517035216,9682,1791359533874194311,43.442194311,True
4622169276517035216,9683,1791359533894221448,43.462221448,True
4622169276517035216,9684,1791359533914173188,43.482173188,True
4622169276517035216,9685,1791359533933950208,43.501950208,True
4622169276517035216,9686,1791359533954036988,43.522036988,True
4622169276517035216,9687,1791359533974059802,43.542059802,True
4622169276517035216,9688,1791359533994040507,43.562040507,True
4622169276517035216,9689,1791359534014229903,43.582229903,True
4622169276517035216,9690,1791359534033929481,43.601929481,True
4622169276517035216,9691,1791359534054096063,43.622096063,True
4622169276517035216,9692,1791359534074323960,43.64232396,True
4622169276517035216,9693,1791359534094197025,43.662197025,True
4622169276517035216,9694,1791359534114305402,43.682305402,True
4622169276517035216,9695,1791359534134289106,43.702289106,True
4622169276517035216,9696,1791359534154363052,43.722363052,True
4622169276517035216,9697,1791359534174190007,43.742190007,True
4622169276517035216,9698,1791359534194261027,43.762261027,True
4622169276517035216,9699,1791359534214344173,43.782344173,True
4622169276517035216,9700,1791359534234129671,43.802129671,True
4622169276517035216,9701,1791359534254259472,43.822259472,True
4622169276517035216,9702,1791359534274427485,43.842427485,True
4622169276517035216,9703,1791359534294299457,43.862299457,True
4622169276517035216,9704,1791359534314383131,43.882383131,True
4622169276517035216,9705,1791359534334131647,43.902131647,True
4622169276517035216,9706,1791359534354248680,43.92224868,True
4622169276517035216,9707,1791359534374202132,43.942202132,True
4622169276517035216,9708,1791359534394264432,43.962264432,True
4622169276517035216,9709,1791359534414304600,43.9823046,True
4622169276517035216,9710,1791359534434090286,44.002090286,True
4622169276517035216,9711,1791359534454292243,44.022292243,True
4622169276517035216,9712,1791359534474100898,44.042100898,True
4622169276517035216,9713,1791359534494167805,44.062167805,True
4622169276517035216,9714,1791359534514408133,44.082408133,True
4622169276517035216,9715,1791359534534100499,44.102100499,True
4622169276517035216,9716,1791359534554321172,44.122321172,True
4622169276517035216,9717,1791359534574249732,44.142249732,True
4622169276517035216,9718,1791359534594251336,44.162251336,True
4622169276517035216,9719,1791359534614176306,44.182176306,True
4622169276517035216,9720,1791359534634186676,44.202186676,True
4622169276517035216,9721,1791359534654232972,44.222232972,True
4622169276517035216,9722,1791359534674174851,44.242174851,True
4622169276517035216,9723,1791359534694156149,44.262156149,True
4622169276517035216,9724,1791359534714197325,44.282197325,True
4622169276517035216,9725,1791359534734120232,44.302120232,True
4622169276517035216,9726,1791359534754218729,44.322218729,True
4622169276517035216,9727,1791359534774240454,44.342240454,True
4622169276517035216,9728,1791359534794225986,44.362225986,True
4622169276517035216,9729,1791359534814424278,44.382424278,True
4622169276517035216,9730,1791359534834060222,44.402060222,True
4622169276517035216,9731,1791359534854221363,44.422221363,True
4622169276517035216,9732,1791359534874165059,44.442165059,True
4622169276517035216,9733,1791359534894078105,44.462078105,True
4622169276517035216,9734,1791359534914103837,44.482103837,True
4622169276517035216,9735,1791359534934013508,44.502013508,True
4622169276517035216,9736,1791359534954166927,44.522166927,True
4622169276517035216,9737,1791359534974118838,44.542118838,True
4622169276517035216,9738,1791359534994122852,44.562122852,True
4622169276517035216,9739,1791359535014217633,44.582217633,True
4622169276517035216,9740,1791359535034179154,44.602179154,True
4622169276517035216,9741,1791359535054199625,44.622199625,True
4622169276517035216,9742,1791359535074207558,44.642207558,True
4622169276517035216,9743,1791359535094280240,44.66228024,True
4622169276517035216,9744,1791359535114164806,44.682164806,True
4622169276517035216,9745,1791359535133940925,44.701940925,True
4622169276517035216,9746,1791359535154104458,44.722104458,True
4622169276517035216,9747,1791359535174096349,44.742096349,True
4622169276517035216,9748,1791359535194071008,44.762071008,True
4622169276517035216,9749,1791359535214146596,44.782146596,True
4622169276517035216,9750,1791359535233916282,44.801916282,True
4622169276517035216,9751,1791359535254242771,44.822242771,True
4622169276517035216,9752,1791359535274128213,44.842128213,True
4622169276517035216,9753,1791359535294409673,44.862409673,True
4622169276517035216,9754,1791359535314336676,44.882336676,True
4622169276517035216,9755,1791359535334208483,44.902208483,True
4622169276517035216,9756,1791359535354420602,44.922420602,True
4622169276517035216,9757,1791359535374184756,44.942184756,True
4622169276517035216,9758,1791359535394250862,44.962250862,True
4622169276517035216,9759,1791359535414346576,44.982346576,True
4622169276517035216,9760,1791359535434230829,45.002230829,True
4622169276517035216,9761,1791359535454446944,45.022446944,True
4622169276517035216,9762,1791359535474357936,45.042357936,True
4622169276517035216,9763,1791359535494210281,45.062210281,True
4622169276517035216,9764,1791359535514323797,45.082323797,True
4622169276517035216,9765,1791359535534024925,45.102024925,True
4622169276517035216,9766,1791359535554381005,45.122381005,True
4622169276517035216,9767,1791359535573991476,45.141991476,True
4622169276517035216,9768,1791359535594124718,45.162124718,True
4622169276517035216,9769,1791359535614283343,45.182283343,True
4622169276517035216,9770,1791359535634198529,45.202198529,True
4622169276517035216,9771,1791359535654431120,45.22243112,True
4622169276517035216,9772,1791359535674229398,45.242229398,True
4622169276517035216,9773,1791359535694285106,45.262285106,True
4622169276517035216,9774,1791359535714345374,45.282345374,True
4622169276517035216,9775,1791359535734028912,45.302028912,True
4622169276517035216,9776,1791359535754227366,45.322227366,True
4622169276517035216,9777,1791359535774230423,45.342230423,True
4622169276517035216,9778,1791359535794251035,45.362251035,True
4622169276517035216,9779,1791359535814123055,45.382123055,True
4622169276517035216,9780,1791359535834239414,45.402239414,True
4622169276517035216,9781,1791359535854057020,45.42205702,True
4622169276517035216,9782,1791359535874296923,45.442296923,True
4622169276517035216,9783,1791359535894275612,45.462275612,True
4622169276517035216,9784,1791359535914344567,45.482344567,True
4622169276517035216,9785,1791359535934183488,45.502183488,False
4622169276517035216,9786,1791359535954272570,45.52227257,False
4622169276517035216,9787,1791359535974008226,45.542008226,False
4622169276517035216,9788,1791359535994206389,45.562206389,False
4622169276517035216,9789,1791359536014210523,45.582210523,False
4622169276517035216,9790,1791359536033917719,45.601917719,False
4622169276517035216,9791,1791359536054357556,45.622357556,False
4622169276517035216,9792,1791359536074029846,45.642029846,False
4622169276517035216,9793,1791359536094076180,45.66207618,False
4622169276517035216,9794,1791359536114176199,45.682176199,False
4622169276517035216,9795,1791359536133933363,45.701933363,False
4622169276517035216,9796,1791359536154106465,45.722106465,False
4622169276517035216,9797,1791359536174501143,45.742501143,False
4622169276517035216,9798,1791359536194718802,45.762718802,False
4622169276517035216,9799,1791359536214599152,45.782599152,False
4622169276517035216,9800,1791359536234609329,45.802609329,False
4622169276517035216,9801,1791359536254699441,45.822699441,False
4622169276517035216,9802,1791359536274105561,45.842105561,False
4622169276517035216,9803,1791359536294285662,45.862285662,False
4622169276517035216,9804,1791359536314215679,45.882215679,False
4622169276517035216,9805,1791359536334264764,45.902264764,False
4622169276517035216,9806,1791359536354259065,45.922259065,False
4622169276517035216,9807,1791359536374033784,45.942033784,False
4622169276517035216,9808,1791359536394235766,45.962235766,False
4622169276517035216,9809,1791359536414244354,45.982244354,False
4622169276517035216,9810,1791359536434057521,46.002057521,False
4622169276517035216,9811,1791359536454227979,46.022227979,False
4622169276517035216,9812,1791359536474034950,46.04203495,False
4622169276517035216,9813,1791359536494130292,46.062130292,False
4622169276517035216,9814,1791359536514139732,46.082139732,False
4622169276517035216,9815,1791359536534007544,46.102007544,False
4622169276517035216,9816,1791359536554167606,46.122167606,False
4622169276517035216,9817,1791359536574070624,46.142070624,False
4622169276517035216,9818,1791359536594101319,46.162101319,False
4622169276517035216,9819,1791359536614212548,46.182212548,False
4622169276517035216,9820,1791359536634012685,46.202012685,False
4622169276517035216,9821,1791359536654242733,46.222242733,False
4622169276517035216,9822,1791359536674153891,46.242153891,False
4622169276517035216,9823,1791359536694267421,46.262267421,False
4622169276517035216,9824,1791359536714242047,46.282242047,False
4622169276517035216,9825,1791359536734081699,46.302081699,False
4622169276517035216,9826,1791359536754162735,46.322162735,False
4622169276517035216,9827,1791359536774051030,46.34205103,False
4622169276517035216,9828,1791359536794245885,46.362245885,False
4622169276517035216,9829,1791359536814187738,46.382187738,False
4622169276517035216,9830,1791359536834130030,46.40213003,False
4622169276517035216,9831,1791359536854460846,46.422460846,False
4622169276517035216,9832,1791359536874169535,46.442169535,False
4622169276517035216,9833,1791359536894220389,46.462220389,False
4622169276517035216,9834,1791359536914321292,46.482321292,False
4622169276517035216,9835,1791359536933994751,46.501994751,False
4622169276517035216,9836,1791359536954473426,46.522473426,False
4622169276517035216,9837,1791359536974099018,46.542099018,False
4622169276517035216,9838,1791359536994197601,46.562197601,False
4622169276517035216,9839,1791359537014219534,46.582219534,False
4622169276517035216,9840,1791359537034120473,46.602120473,False
4622169276517035216,9841,1791359537054026728,46.622026728,False
4622169276517035216,9842,1791359537073969674,46.641969674,False
4622169276517035216,9843,1791359537094083207,46.662083207,False
4622169276517035216,9844,1791359537114131501,46.682131501,False
4622169276517035216,9845,1791359537133926539,46.701926539,False
4622169276517035216,9846,1791359537154250519,46.722250519,False
4622169276517035216,9847,1791359537173954706,46.741954706,False
4622169276517035216,9848,1791359537194059369,46.762059369,False
4622169276517035216,9849,1791359537214045291,46.782045291,False
4622169276517035216,9850,1791359537234014461,46.802014461,False
4622169276517035216,9851,1791359537254309473,46.822309473,False
4622169276517035216,9852,1791359537274201383,46.842201383,False
4622169276517035216,9853,1791359537294340800,46.8623408,False
4622169276517035216,9854,1791359537314493688,46.882493688,False
4622169276517035216,9855,1791359537334226458,46.902226458,False
4622169276517035216,9856,1791359537354399780,46.92239978,False
4622169276517035216,9857,1791359537373948206,46.941948206,False
4622169276517035216,9858,1791359537394048175,46.962048175,False
4622169276517035216,9859,1791359537414147305,46.982147305,False
4622169276517035216,9860,1791359537434123161,47.002123161,False
4622169276517035216,9861,1791359537454228396,47.022228396,False
4622169276517035216,9862,1791359537474117221,47.042117221,False
4622169276517035216,9863,1791359537494240532,47.062240532,False
4622169276517035216,9864,1791359537514208179,47.082208179,False
4622169276517035216,9865,1791359537534183480,47.10218348,False
4622169276517035216,9866,1791359537554252967,47.122252967,False
4622169276517035216,9867,1791359537574243009,47.142243009,False
4622169276517035216,9868,1791359537594282811,47.162282811,False
4622169276517035216,9869,1791359537614099946,47.182099946,False
4622169276517035216,9870,1791359537634092514,47.202092514,False
4622169276517035216,9871,1791359537654408930,47.22240893,False
4622169276517035216,9872,1791359537674240981,47.242240981,False
4622169276517035216,9873,1791359537694140514,47.262140514,False
4622169276517035216,9874,1791359537713949808,47.281949808,False
4622169276517035216,9875,1791359537734141969,47.302141969,False
4622169276517035216,9876,1791359537754198373,47.322198373,False
4622169276517035216,9877,1791359537774049367,47.342049367,False
4622169276517035216,9878,1791359537794170020,47.36217002,False
4622169276517035216,9879,1791359537814094681,47.382094681,False
4622169276517035216,9880,1791359537834141055,47.402141055,False
4622169276517035216,9881,1791359537854210435,47.422210435,False
4622169276517035216,9882,1791359537874285167,47.442285167,False
4622169276517035216,9883,1791359537894152335,47.462152335,False
4622169276517035216,9884,1791359537914113606,47.482113606,False
4622169276517035216,9885,1791359537934049870,47.50204987,False
4622169276517035216,9886,1791359537954287802,47.522287802,False
4622169276517035216,9887,1791359537974025047,47.542025047,False
4622169276517035216,9888,1791359537994061955,47.562061955,False
4622169276517035216,9889,1791359538013979746,47.581979746,False
4622169276517035216,9890,1791359538034013065,47.602013065,False
4622169276517035216,9891,1791359538054220170,47.62222017,False
4622169276517035216,9892,1791359538073948953,47.641948953,False
4622169276517035216,9893,1791359538094056050,47.66205605,False
4622169276517035216,9894,1791359538114079960,47.68207996,False
4622169276517035216,9895,1791359538134012004,47.702012004,False
4622169276517035216,9896,1791359538154251122,47.722251122,False
4622169276517035216,9897,1791359538174167581,47.742167581,False
4622169276517035216,9898,1791359538194250009,47.762250009,False
4622169276517035216,9899,1791359538214352347,47.782352347,False
4622169276517035216,9900,1791359538234310694,47.802310694,False
4622169276517035216,9901,1791359538254247736,47.822247736,False
4622169276517035216,9902,1791359538274160956,47.842160956,False
4622169276517035216,9903,1791359538294227280,47.86222728,False
4622169276517035216,9904,1791359538314255153,47.882255153,False
4622169276517035216,9905,1791359538333969207,47.901969207,False
4622169276517035216,9906,1791359538354375625,47.922375625,False
4622169276517035216,9907,1791359538374127381,47.942127381,False
4622169276517035216,9908,1791359538394307343,47.962307343,False
4622169276517035216,9909,1791359538414132778,47.982132778,False
4622169276517035216,9910,1791359538434179549,48.002179549,False
4622169276517035216,9911,1791359538454216227,48.022216227,False
4622169276517035216,9912,1791359538474163223,48.042163223,False
4622169276517035216,9913,1791359538494121810,48.06212181,False
4622169276517035216,9914,1791359538514129917,48.082129917,False
4622169276517035216,9915,1791359538534261954,48.102261954,False
4622169276517035216,9916,1791359538554297631,48.122297631,False
4622169276517035216,9917,1791359538574248979,48.142248979,False
4622169276517035216,9918,1791359538594220552,48.162220552,False
4622169276517035216,9919,1791359538614146744,48.182146744,False
4622169276517035216,9920,1791359538633984248,48.201984248,False
4622169276517035216,9921,1791359538654026536,48.222026536,False
4622169276517035216,9922,1791359538673978935,48.241978935,False
4622169276517035216,9923,1791359538693997370,48.26199737,False
4622169276517035216,9924,1791359538713943191,48.281943191,False
4622169276517035216,9925,1791359538734068153,48.302068153,False
4622169276517035216,9926,1791359538754126750,48.32212675,False
4622169276517035216,9927,1791359538774057526,48.342057526,False
4622169276517035216,9928,1791359538794202142,48.362202142,False
4622169276517035216,9929,1791359538813993505,48.381993505,False
4622169276517035216,9930,1791359538834032953,48.402032953,False
4622169276517035216,9931,1791359538854247523,48.422247523,False
4622169276517035216,9932,1791359538874033933,48.442033933,False
4622169276517035216,9933,1791359538894277960,48.46227796,False
4622169276517035216,9934,1791359538914092413,48.482092413,False
4622169276517035216,9935,1791359538934278906,48.502278906,False
4622169276517035216,9936,1791359538954272012,48.522272012,False
4622169276517035216,9937,1791359538974174966,48.542174966,False
4622169276517035216,9938,1791359538994152923,48.562152923,False
4622169276517035216,9939,1791359539014342200,48.5823422,False
4622169276517035216,9940,1791359539034314739,48.602314739,False
4622169276517035216,9941,1791359539054229337,48.622229337,False
4622169276517035216,9942,1791359539074158799,48.642158799,False
4622169276517035216,9943,1791359539094233567,48.662233567,False
4622169276517035216,9944,1791359539114138558,48.682138558,False
4622169276517035216,9945,1791359539133972815,48.701972815,False
4622169276517035216,9946,1791359539154188502,48.722188502,False
4622169276517035216,9947,1791359539174261673,48.742261673,False
4622169276517035216,9948,1791359539194269107,48.762269107,False
4622169276517035216,9949,1791359539214168844,48.782168844,False
4622169276517035216,9950,1791359539234196565,48.802196565,False
4622169276517035216,9951,1791359539254163537,48.822163537,False
4622169276517035216,9952,1791359539274108127,48.842108127,False
4622169276517035216,9953,1791359539294208159,48.862208159,False
4622169276517035216,9954,1791359539314073515,48.882073515,False
4622169276517035216,9955,1791359539334230754,48.902230754,False
4622169276517035216,9956,1791359539354369168,48.922369168,False
4622169276517035216,9957,1791359539374194099,48.942194099,False
4622169276517035216,9958,1791359539394355795,48.962355795,False
4622169276517035216,9959,1791359539414429014,48.982429014,False
4622169276517035216,9960,1791359539434283469,49.002283469,False
4622169276517035216,9961,1791359539454341579,49.022341579,False
4622169276517035216,9962,1791359539474281245,49.042281245,False
4622169276517035216,9963,1791359539494302056,49.062302056,False
4622169276517035216,9964,1791359539514447453,49.082447453,False
4622169276517035216,9965,1791359539534366314,49.102366314,False
4622169276517035216,9966,1791359539554313436,49.122313436,False
4622169276517035216,9967,1791359539574322750,49.14232275,False
4622169276517035216,9968,1791359539594331806,49.162331806,False
4622169276517035216,9969,1791359539614331579,49.182331579,False
4622169276517035216,9970,1791359539634342818,49.202342818,False
4622169276517035216,9971,1791359539654343195,49.222343195,False
4622169276517035216,9972,1791359539674296822,49.242296822,False
4622169276517035216,9973,1791359539694386574,49.262386574,False
4622169276517035216,9974,1791359539714306139,49.282306139,False
4622169276517035216,9975,1791359539734220659,49.302220659,False
4622169276517035216,9976,1791359539754084544,49.322084544,False
4622169276517035216,9977,1791359539774328244,49.342328244,False
4622169276517035216,9978,1791359539794504719,49.362504719,False
4622169276517035216,9979,1791359539814165237,49.382165237,False
4622169276517035216,9980,1791359539834299338,49.402299338,False
4622169276517035216,9981,1791359539854195777,49.422195777,False
4622169276517035216,9982,1791359539874261665,49.442261665,False
4622169276517035216,9983,1791359539894278372,49.462278372,False
4622169276517035216,9984,1791359539914314931,49.482314931,False
4622169276517035216,9985,1791359539934152848,49.502152848,False
4622169276517035216,9986,1791359539954287597,49.522287597,False
4622169276517035216,9987,1791359539974216511,49.542216511,False
4622169276517035216,9988,1791359539994236203,49.562236203,False
4622169276517035216,9989,1791359540014282819,49.582282819,False
4622169276517035216,9990,1791359540034137047,49.602137047,False
4622169276517035216,9991,1791359540054046572,49.622046572,False
4622169276517035216,9992,1791359540074068425,49.642068425,False
4622169276517035216,9993,1791359540094115997,49.662115997,False
4622169276517035216,9994,1791359540114121906,49.682121906,False
4622169276517035216,9995,1791359540134137962,49.702137962,False
4622169276517035216,9996,1791359540154286908,49.722286908,False
4622169276517035216,9997,1791359540174237989,49.742237989,False
4622169276517035216,9998,1791359540194246243,49.762246243,False
4622169276517035216,9999,1791359540214178916,49.782178916,False
4622169276517035216,10000,1791359540234136005,49.802136005,False
4622169276517035216,10001,1791359540254120784,49.822120784,False
4622169276517035216,10002,1791359540274159948,49.842159948,False
4622169276517035216,10003,1791359540294248999,49.862248999,False
4622169276517035216,10004,1791359540314265177,49.882265177,False
4622169276517035216,10005,1791359540334112412,49.902112412,False
4622169276517035216,10006,1791359540354127202,49.922127202,False
4622169276517035216,10007,1791359540374022217,49.942022217,False
4622169276517035216,10008,1791359540394133237,49.962133237,False
4622169276517035216,10009,1791359540414172989,49.982172989,False
4622169276517035216,10010,1791359540434184216,50.002184216,False
4622169276517035216,10011,1791359540454156683,50.022156683,False
4622169276517035216,10012,1791359540474214306,50.042214306,False
4622169276517035216,10013,1791359540494189038,50.062189038,False
4622169276517035216,10014,1791359540514283969,50.082283969,False
4622169276517035216,10015,1791359540534220804,50.102220804,False
4622169276517035216,10016,1791359540554173878,50.122173878,False
4622169276517035216,10017,1791359540574192116,50.142192116,False
4622169276517035216,10018,1791359540594246296,50.162246296,False
4622169276517035216,10019,1791359540614292936,50.182292936,False
4622169276517035216,10020,1791359540634447280,50.20244728,False
4622169276517035216,10021,1791359540654123233,50.222123233,False
4622169276517035216,10022,1791359540674162875,50.242162875,False
4622169276517035216,10023,1791359540694159436,50.262159436,False
4622169276517035216,10024,1791359540714187303,50.282187303,False
4622169276517035216,10025,1791359540734202403,50.302202403,False
4622169276517035216,10026,1791359540754208833,50.322208833,False
4622169276517035216,10027,1791359540774207639,50.342207639,False
4622169276517035216,10028,1791359540794209665,50.362209665,False
4622169276517035216,10029,1791359540814203537,50.382203537,False
4622169276517035216,10030,1791359540834242342,50.402242342,False
4622169276517035216,10031,1791359540854216509,50.422216509,False
4622169276517035216,10032,1791359540874159057,50.442159057,False
4622169276517035216,10033,1791359540894255820,50.46225582,False
4622169276517035216,10034,1791359540914258918,50.482258918,False
4622169276517035216,10035,1791359540934211815,50.502211815,False
4622169276517035216,10036,1791359540954208202,50.522208202,False
4622169276517035216,10037,1791359540974304961,50.542304961,False
4622169276517035216,10038,1791359540994353543,50.562353543,False
4622169276517035216,10039,1791359541014291474,50.582291474,False
4622169276517035216,10040,1791359541034270680,50.60227068,False
4622169276517035216,10041,1791359541054220706,50.622220706,False
4622169276517035216,10042,1791359541074203481,50.642203481,False
4622169276517035216,10043,1791359541094293499,50.662293499,False
4622169276517035216,10044,1791359541114070623,50.682070623,False
4622169276517035216,10045,1791359541134016651,50.702016651,False
4622169276517035216,10046,1791359541154068491,50.722068491,False
4622169276517035216,10047,1791359541174261629,50.742261629,False
4622169276517035216,10048,1791359541194173561,50.762173561,False
4622169276517035216,10049,1791359541214192650,50.78219265,False
4622169276517035216,10050,1791359541234207475,50.802207475,False
4622169276517035216,10051,1791359541254158867,50.822158867,False
4622169276517035216,10052,1791359541274183858,50.842183858,False
4622169276517035216,10053,1791359541294225669,50.862225669,False
4622169276517035216,10054,1791359541314194683,50.882194683,False
4622169276517035216,10055,1791359541334269996,50.902269996,False
4622169276517035216,10056,1791359541354263269,50.922263269,False
4622169276517035216,10057,1791359541374295014,50.942295014,False
4622169276517035216,10058,1791359541394365534,50.962365534,False
4622169276517035216,10059,1791359541414364016,50.982364016,False
4622169276517035216,10060,1791359541434200982,51.002200982,False
4622169276517035216,10061,1791359541454187689,51.022187689,False
4622169276517035216,10062,1791359541474135869,51.042135869,False
4622169276517035216,10063,1791359541494148558,51.062148558,False
4622169276517035216,10064,1791359541514077523,51.082077523,False
4622169276517035216,10065,1791359541534209641,51.102209641,False
4622169276517035216,10066,1791359541554205903,51.122205903,False
4622169276517035216,10067,1791359541574292916,51.142292916,False
4622169276517035216,10068,1791359541594273784,51.162273784,False
4622169276517035216,10069,1791359541614253365,51.182253365,False
4622169276517035216,10070,1791359541634229261,51.202229261,False
4622169276517035216,10071,1791359541654341237,51.222341237,False
4622169276517035216,10072,1791359541674231903,51.242231903,False
4622169276517035216,10073,1791359541694274452,51.262274452,False
4622169276517035216,10074,1791359541714192301,51.282192301,False
4622169276517035216,10075,1791359541734213380,51.30221338,False
4622169276517035216,10076,1791359541754255091,51.322255091,False
4622169276517035216,10077,1791359541774192455,51.342192455,False
4622169276517035216,10078,1791359541794205782,51.362205782,False
4622169276517035216,10079,1791359541814201380,51.38220138,False
4622169276517035216,10080,1791359541834162991,51.402162991,False
4622169276517035216,10081,1791359541854170659,51.422170659,False
4622169276517035216,10082,1791359541874311770,51.44231177,False
4622169276517035216,10083,1791359541894344450,51.46234445,False
4622169276517035216,10084,1791359541914232174,51.482232174,False
4622169276517035216,10085,1791359541934236342,51.502236342,False
4622169276517035216,10086,1791359541954112916,51.522112916,False
4622169276517035216,10087,1791359541974095206,51.542095206,False
4622169276517035216,10088,1791359541994144267,51.562144267,False
4622169276517035216,10089,1791359542014277669,51.582277669,False
4622169276517035216,10090,1791359542034192356,51.602192356,False
4622169276517035216,10091,1791359542054059871,51.622059871,False
4622169276517035216,10092,1791359542073974727,51.641974727,False
4622169276517035216,10093,1791359542094006445,51.662006445,False
4622169276517035216,10094,1791359542113997823,51.681997823,False
4622169276517035216,10095,1791359542134093891,51.702093891,False
4622169276517035216,10096,1791359542154054339,51.722054339,False
4622169276517035216,10097,1791359542174203368,51.742203368,False
4622169276517035216,10098,1791359542194152401,51.762152401,False
4622169276517035216,10099,1791359542214100510,51.78210051,False
4622169276517035216,10100,1791359542234032367,51.802032367,False
4622169276517035216,10101,1791359542254088604,51.822088604,False
4622169276517035216,10102,1791359542273961610,51.84196161,False
4622169276517035216,10103,1791359542293959502,51.861959502,False
4622169276517035216,10104,1791359542314772837,51.882772837,False
4622169276517035216,10105,1791359542334099452,51.902099452,False
4622169276517035216,10106,1791359542354311248,51.922311248,False
4622169276517035216,10107,1791359542374051579,51.942051579,False
4622169276517035216,10108,1791359542394075449,51.962075449,False
4622169276517035216,10109,1791359542414172443,51.982172443,False
4622169276517035216,10110,1791359542434124587,52.002124587,False
4622169276517035216,10111,1791359542454143034,52.022143034,False
4622169276517035216,10112,1791359542473999910,52.04199991,False
4622169276517035216,10113,1791359542493944077,52.061944077,False
4622169276517035216,10114,1791359542513905997,52.081905997,False
4622169276517035216,10115,1791359542534061021,52.102061021,False
4622169276517035216,10116,1791359542553994726,52.121994726,False
4622169276517035216,10117,1791359542574101227,52.142101227,False
4622169276517035216,10118,1791359542594129091,52.162129091,False
4622169276517035216,10119,1791359542614237034,52.182237034,False
4622169276517035216,10120,1791359542634131717,52.202131717,False
4622169276517035216,10121,1791359542654113684,52.222113684,False
4622169276517035216,10122,1791359542674130728,52.242130728,False
4622169276517035216,10123,1791359542694145166,52.262145166,False
4622169276517035216,10124,1791359542714142880,52.28214288,False
4622169276517035216,10125,1791359542734012629,52.302012629,False
4622169276517035216,10126,1791359542754187366,52.322187366,False
4622169276517035216,10127,1791359542774145254,52.342145254,False
4622169276517035216,10128,1791359542794077359,52.362077359,False
4622169276517035216,10129,1791359542814331067,52.382331067,False
4622169276517035216,10130,1791359542834318948,52.402318948,False
4622169276517035216,10131,1791359542854268376,52.422268376,False
4622169276517035216,10132,1791359542874325904,52.442325904,False
4622169276517035216,10133,1791359542894244130,52.46224413,False
4622169276517035216,10134,1791359542914232971,52.482232971,False
4622169276517035216,10135,1791359542934212301,52.502212301,False
4622169276517035216,10136,1791359542954321484,52.522321484,False
4622169276517035216,10137,1791359542974372976,52.542372976,False
4622169276517035216,10138,1791359542994259699,52.562259699,False
4622169276517035216,10139,1791359543014119965,52.582119965,False
4622169276517035216,10140,1791359543034065708,52.602065708,False
4622169276517035216,10141,1791359543054130690,52.62213069,False
4622169276517035216,10142,1791359543074294862,52.642294862,False
4622169276517035216,10143,1791359543094035758,52.662035758,False
4622169276517035216,10144,1791359543114003491,52.682003491,False
4622169276517035216,10145,1791359543133973396,52.701973396,False
4622169276517035216,10146,1791359543154006383,52.722006383,False
4622169276517035216,10147,1791359543174184357,52.742184357,False
4622169276517035216,10148,1791359543194102628,52.762102628,False
4622169276517035216,10149,1791359543214248948,52.782248948,False
4622169276517035216,10150,1791359543234244488,52.802244488,False
4622169276517035216,10151,1791359543254210847,52.822210847,False
4622169276517035216,10152,1791359543274226603,52.842226603,False
4622169276517035216,10153,1791359543294207738,52.862207738,False
4622169276517035216,10154,1791359543314213390,52.88221339,False
4622169276517035216,10155,1791359543334161415,52.902161415,False
4622169276517035216,10156,1791359543354093469,52.922093469,False
4622169276517035216,10157,1791359543374144014,52.942144014,False
4622169276517035216,10158,1791359543394206579,52.962206579,False
4622169276517035216,10159,1791359543414187566,52.982187566,False
4622169276517035216,10160,1791359543434156648,53.002156648,False
4622169276517035216,10161,1791359543454272708,53.022272708,False
4622169276517035216,10162,1791359543474316411,53.042316411,False
4622169276517035216,10163,1791359543494153632,53.062153632,False
4622169276517035216,10164,1791359543514064583,53.082064583,False
4622169276517035216,10165,1791359543534064002,53.102064002,False
4622169276517035216,10166,1791359543553971435,53.121971435,False
4622169276517035216,10167,1791359543573973714,53.141973714,False
4622169276517035216,10168,1791359543594091842,53.162091842,False
4622169276517035216,10169,1791359543614161010,53.18216101,False
4622169276517035216,10170,1791359543634176691,53.202176691,False
4622169276517035216,10171,1791359543654215509,53.222215509,False
4622169276517035216,10172,1791359543674222499,53.242222499,False
4622169276517035216,10173,1791359543694184132,53.262184132,False
4622169276517035216,10174,1791359543714183025,53.282183025,False
4622169276517035216,10175,1791359543734128188,53.302128188,False
4622169276517035216,10176,1791359543754127425,53.322127425,False
4622169276517035216,10177,1791359543774201575,53.342201575,False
4622169276517035216,10178,1791359543794028597,53.362028597,False
4622169276517035216,10179,1791359543814248587,53.382248587,False
4622169276517035216,10180,1791359543834186277,53.402186277,False
4622169276517035216,10181,1791359543854202993,53.422202993,False
4622169276517035216,10182,1791359543874209705,53.442209705,False
4622169276517035216,10183,1791359543894199710,53.46219971,False
4622169276517035216,10184,1791359543914148725,53.482148725,False
4622169276517035216,10185,1791359543934197287,53.502197287,False
4622169276517035216,10186,1791359543954172490,53.52217249,False
4622169276517035216,10187,1791359543974263528,53.542263528,False
4622169276517035216,10188,1791359543994139505,53.562139505,False
4622169276517035216,10189,1791359544014222948,53.582222948,False
4622169276517035216,10190,1791359544034222144,53.602222144,False
4622169276517035216,10191,1791359544054027259,53.622027259,False
4622169276517035216,10192,1791359544074161032,53.642161032,False
4622169276517035216,10193,1791359544094047598,53.662047598,False
4622169276517035216,10194,1791359544113991368,53.681991368,False
4622169276517035216,10195,1791359544134040852,53.702040852,False
4622169276517035216,10196,1791359544154197365,53.722197365,False
4622169276517035216,10197,1791359544174208610,53.74220861,False
4622169276517035216,10198,1791359544194187523,53.762187523,False
4622169276517035216,10199,1791359544214212600,53.7822126,False
4622169276517035216,10200,1791359544234197472,53.802197472,False
4622169276517035216,10201,1791359544254236568,53.822236568,False
4622169276517035216,10202,1791359544274355187,53.842355187,False
4622169276517035216,10203,1791359544294273550,53.86227355,False
4622169276517035216,10204,1791359544314271979,53.882271979,False
