stamp_ns,frame_id,sequence,source,risk_level,pattern,active,normalized_magnitude,reason,receiver_session_id,receiver_token,bag_ns,camera_relative_sec,in_camera_window
1791359420176286296,,0,bird_eye,0,0,False,0.0,no_alert,0,0,1791359420176777819,-70.255222181,False
1791359420224652428,,1,bird_eye,0,0,False,0.0,no_alert,0,0,1791359420224959548,-70.207040452,False
1791359420260841540,,2,bird_eye,0,0,False,0.0,no_alert,0,0,1791359420261122838,-70.170877162,False
1791359420310066305,,3,bird_eye,0,0,False,0.0,no_alert,0,0,1791359420310485247,-70.121514753,False
1791359420328368003,,4,bird_eye,0,0,False,0.0,no_alert,0,0,1791359420328643760,-70.10335624,False
1791359421086378765,,5,bird_eye,0,0,False,0.0,no_alert,0,0,1791359421086718717,-69.345281283,False
1791359421121368434,,6,bird_eye,0,0,False,0.0,no_alert,0,0,1791359421121672011,-69.310327989,False
1791359421150232701,,7,bird_eye,0,0,False,0.0,no_alert,0,0,1791359421150460703,-69.281539297,False
1791359421183278225,,8,bird_eye,0,0,False,0.0,no_alert,0,0,1791359421183750174,-69.248249826,False
1791359421219291401,,9,bird_eye,0,0,False,0.0,no_alert,0,0,1791359421219633974,-69.212366026,False
1791359421251328395,,10,bird_eye,0,0,False,0.0,no_alert,0,0,1791359421251620998,-69.180379002,False
1791359421286666658,,11,bird_eye,0,0,False,0.0,no_alert,0,0,1791359421287050735,-69.144949265,False
1791359421317248304,,12,bird_eye,0,0,False,0.0,no_alert,0,0,1791359421317504249,-69.114495751,False
1791359421351832538,,13,bird_eye,0,0,False,0.0,no_alert,0,0,1791359421352191302,-69.079808698,False
1791359421385724772,,14,bird_eye,0,0,False,0.0,no_alert,0,0,1791359421385996570,-69.04600343,False
1791359421430213609,,15,bird_eye,0,0,False,0.0,no_alert,0,0,1791359421430597967,-69.001402033,False
1791359421465809106,,16,bird_eye,0,0,False,0.0,no_alert,0,0,1791359421466352288,-68.965647712,False
1791359421491347753,,17,bird_eye,0,0,False,0.0,no_alert,0,0,1791359421491761864,-68.940238136,False
1791359421532800536,,18,bird_eye,0,0,False,0.0,no_alert,0,0,1791359421533206983,-68.898793017,False
1791359421564656583,,19,bird_eye,0,0,False,0.0,no_alert,0,0,1791359421565242632,-68.866757368,False
1791359421587617901,,20,bird_eye,0,0,False,0.0,no_alert,0,0,1791359421587940214,-68.844059786,False
1791359421622559096,,21,bird_eye,0,0,False,0.0,no_alert,0,0,1791359421622997908,-68.809002092,False
1791359421664819319,,22,bird_eye,0,0,False,0.0,no_alert,0,0,1791359421665400663,-68.766599337,False
1791359421686680400,,23,bird_eye,0,0,False,0.0,no_alert,0,0,1791359421686865869,-68.745134131,False
1791359421722199035,,24,bird_eye,0,0,False,0.0,no_alert,0,0,1791359421722481013,-68.709518987,False
1791359421757953328,,25,bird_eye,0,0,False,0.0,no_alert,0,0,1791359421758252165,-68.673747835,False
1791359421788633690,,26,bird_eye,0,0,False,0.0,no_alert,0,0,1791359421788835594,-68.643164406,False
1791359421831384567,,27,bird_eye,0,0,False,0.0,no_alert,0,0,1791359421831772353,-68.600227647,False
1791359421867729005,,28,bird_eye,0,0,False,0.0,no_alert,0,0,1791359421868134737,-68.563865263,False
1791359421898250922,,29,bird_eye,0,0,False,0.0,no_alert,0,0,1791359421898668188,-68.533331812,False
1791359421926979795,,30,bird_eye,0,0,False,0.0,no_alert,0,0,1791359421927279113,-68.504720887,False
1791359421955346002,,31,bird_eye,0,0,False,0.0,no_alert,0,0,1791359421955619256,-68.476380744,False
1791359421997643615,,32,bird_eye,0,0,False,0.0,no_alert,0,0,1791359421997947015,-68.434052985,False
1791359422028949439,,33,bird_eye,0,0,False,0.0,no_alert,0,0,1791359422029210879,-68.402789121,False
1791359422054318438,,34,bird_eye,0,0,False,0.0,no_alert,0,0,1791359422054507837,-68.377492163,False
1791359422090020235,,35,bird_eye,0,0,False,0.0,no_alert,0,0,1791359422090353526,-68.341646474,False
1791359422123931449,,36,bird_eye,0,0,False,0.0,no_alert,0,0,1791359422124382079,-68.307617921,False
1791359422162268790,,37,bird_eye,0,0,False,0.0,no_alert,0,0,1791359422162606853,-68.269393147,False
1791359422187001136,,38,bird_eye,0,0,False,0.0,no_alert,0,0,1791359422187324454,-68.244675546,False
1791359422222234160,,39,bird_eye,0,0,False,0.0,no_alert,0,0,1791359422222482249,-68.209517751,False
1791359422256983759,,40,bird_eye,0,0,False,0.0,no_alert,0,0,1791359422257392089,-68.174607911,False
1791359422292894169,,41,bird_eye,0,0,False,0.0,no_alert,0,0,1791359422293277692,-68.138722308,False
1791359422319819821,,42,bird_eye,0,0,False,0.0,no_alert,0,0,1791359422320241297,-68.111758703,False
1791359422355681146,,43,bird_eye,0,0,False,0.0,no_alert,0,0,1791359422356117504,-68.075882496,False
1791359422388534021,,44,bird_eye,0,0,False,0.0,no_alert,0,0,1791359422388873590,-68.04312641,False
1791359422428591543,,45,bird_eye,0,0,False,0.0,no_alert,0,0,1791359422429026502,-68.002973498,False
1791359422453632170,,46,bird_eye,0,0,False,0.0,no_alert,0,0,1791359422454001142,-67.977998858,False
1791359422496107829,,47,bird_eye,0,0,False,0.0,no_alert,0,0,1791359422496548918,-67.935451082,False
1791359422522975633,,48,bird_eye,0,0,False,0.0,no_alert,0,0,1791359422523336610,-67.90866339,False
1791359422553668873,,49,bird_eye,0,0,False,0.0,no_alert,0,0,1791359422553979947,-67.878020053,False
1791359422593450049,,50,bird_eye,0,0,False,0.0,no_alert,0,0,1791359422593690135,-67.838309865,False
1791359422621511566,,51,bird_eye,0,0,False,0.0,no_alert,0,0,1791359422621792691,-67.810207309,False
1791359422655917324,,52,bird_eye,0,0,False,0.0,no_alert,0,0,1791359422656361146,-67.775638854,False
1791359422687482343,,53,bird_eye,0,0,False,0.0,no_alert,0,0,1791359422687738059,-67.744261941,False
1791359422722839887,,54,bird_eye,0,0,False,0.0,no_alert,0,0,1791359422723377633,-67.708622367,False
1791359422754914665,,55,bird_eye,0,0,False,0.0,no_alert,0,0,1791359422755291438,-67.676708562,False
1791359422787809524,,56,bird_eye,0,0,False,0.0,no_alert,0,0,1791359422788064459,-67.643935541,False
1791359422822711923,,57,bird_eye,0,0,False,0.0,no_alert,0,0,1791359422823025138,-67.608974862,False
1791359422857578717,,58,bird_eye,0,0,False,0.0,no_alert,0,0,1791359422857973409,-67.574026591,False
1791359422886618123,,59,bird_eye,0,0,False,0.0,no_alert,0,0,1791359422886956585,-67.545043415,False
1791359422924374502,,60,bird_eye,0,0,False,0.0,no_alert,0,0,1791359422924738096,-67.507261904,False
1791359422955879714,,61,bird_eye,0,0,False,0.0,no_alert,0,0,1791359422956270578,-67.475729422,False
1791359422988700637,,62,bird_eye,0,0,False,0.0,no_alert,0,0,1791359422989144027,-67.442855973,False
1791359423021763225,,63,bird_eye,0,0,False,0.0,no_alert,0,0,1791359423022318940,-67.40968106,False
1791359423054918750,,64,bird_eye,0,0,False,0.0,no_alert,0,0,1791359423055185081,-67.376814919,False
1791359423100387134,,65,bird_eye,0,0,False,0.0,no_alert,0,0,1791359423100825871,-67.331174129,False
1791359423119600001,,66,bird_eye,0,0,False,0.0,no_alert,0,0,1791359423119963844,-67.312036156,False
1791359423161057903,,67,bird_eye,0,0,False,0.0,no_alert,0,0,1791359423161539042,-67.270460958,False
1791359423194780421,,68,bird_eye,0,0,False,0.0,no_alert,0,0,1791359423195014494,-67.236985506,False
1791359423222191770,,69,bird_eye,0,0,False,0.0,no_alert,0,0,1791359423222416328,-67.209583672,False
1791359423257632039,,70,bird_eye,0,0,False,0.0,no_alert,0,0,1791359423257897140,-67.17410286,False
1791359423289834438,,71,bird_eye,0,0,False,0.0,no_alert,0,0,1791359423290067315,-67.141932685,False
1791359423324800477,,72,bird_eye,0,0,False,0.0,no_alert,0,0,1791359423325126148,-67.106873852,False
1791359423359317090,,73,bird_eye,0,0,False,0.0,no_alert,0,0,1791359423359653306,-67.072346694,False
1791359423398174659,,74,bird_eye,0,0,False,0.0,no_alert,0,0,1791359423398581285,-67.033418715,False
1791359423420289429,,75,bird_eye,0,0,False,0.0,no_alert,0,0,1791359423420467080,-67.01153292,False
1791359423467454676,,76,bird_eye,0,0,False,0.0,no_alert,0,0,1791359423467745980,-66.96425402,False
1791359423485395323,,77,bird_eye,0,0,False,0.0,no_alert,0,0,1791359423485747012,-66.946252988,False
1791359423524620703,,78,bird_eye,0,0,False,0.0,no_alert,0,0,1791359423524884036,-66.907115964,False
1791359423565771902,,79,bird_eye,0,0,False,0.0,no_alert,0,0,1791359423566131241,-66.865868759,False
1791359423585906462,,80,bird_eye,0,0,False,0.0,no_alert,0,0,1791359423586193900,-66.8458061,False
1791359423620795185,,81,bird_eye,0,0,False,0.0,no_alert,0,0,1791359423621032122,-66.810967878,False
1791359423654461448,,82,bird_eye,0,0,False,0.0,no_alert,0,0,1791359423654826326,-66.777173674,False
1791359423687451071,,83,bird_eye,0,0,False,0.0,no_alert,0,0,1791359423687827196,-66.744172804,False
1791359423734515213,,84,bird_eye,0,0,False,0.0,no_alert,0,0,1791359423734866511,-66.697133489,False
1791359423755442052,,85,bird_eye,0,0,False,0.0,no_alert,0,0,1791359423755717823,-66.676282177,False
1791359423788508681,,86,bird_eye,0,0,False,0.0,no_alert,0,0,1791359423788786184,-66.643213816,False
1791359423823047754,,87,bird_eye,0,0,False,0.0,no_alert,0,0,1791359423823310408,-66.608689592,False
1791359423856669192,,88,bird_eye,0,0,False,0.0,no_alert,0,0,1791359423857111084,-66.574888916,False
1791359423887498328,,89,bird_eye,0,0,False,0.0,no_alert,0,0,1791359423887744836,-66.544255164,False
1791359423924679503,,90,bird_eye,0,0,False,0.0,no_alert,0,0,1791359423924974242,-66.507025758,False
1791359423954558882,,91,bird_eye,0,0,False,0.0,no_alert,0,0,1791359423954851143,-66.477148857,False
1791359423989859328,,92,bird_eye,0,0,False,0.0,no_alert,0,0,1791359423990270393,-66.441729607,False
1791359424022866303,,93,bird_eye,0,0,False,0.0,no_alert,0,0,1791359424023174427,-66.408825573,False
1791359424055677218,,94,bird_eye,0,0,False,0.0,no_alert,0,0,1791359424055923283,-66.376076717,False
1791359424089881041,,95,bird_eye,0,0,False,0.0,no_alert,0,0,1791359424090174971,-66.341825029,False
1791359424122732014,,96,bird_eye,0,0,False,0.0,no_alert,0,0,1791359424122981815,-66.309018185,False
1791359424155988353,,97,bird_eye,0,0,False,0.0,no_alert,0,0,1791359424156226859,-66.275773141,False
1791359424188790998,,98,bird_eye,0,0,False,0.0,no_alert,0,0,1791359424189204800,-66.2427952,False
1791359424222935582,,99,bird_eye,0,0,False,0.0,no_alert,0,0,1791359424223277779,-66.208722221,False
1791359424255674933,,100,bird_eye,0,0,False,0.0,no_alert,0,0,1791359424256029155,-66.175970845,False
1791359424290673504,,101,bird_eye,0,0,False,0.0,no_alert,0,0,1791359424290968746,-66.141031254,False
1791359424322720563,,102,bird_eye,0,0,False,0.0,no_alert,0,0,1791359424322979809,-66.109020191,False
1791359424357653570,,103,bird_eye,0,0,False,0.0,no_alert,0,0,1791359424357911630,-66.07408837,False
1791359424388653446,,104,bird_eye,0,0,False,0.0,no_alert,0,0,1791359424388966150,-66.04303385,False
1791359424422283875,,105,bird_eye,0,0,False,0.0,no_alert,0,0,1791359424422631963,-66.009368037,False
1791359424460362449,,106,bird_eye,0,0,False,0.0,no_alert,0,0,1791359424460804525,-65.971195475,False
1791359424490006991,,107,bird_eye,0,0,False,0.0,no_alert,0,0,1791359424490345329,-65.941654671,False
1791359424523398274,,108,bird_eye,0,0,False,0.0,no_alert,0,0,1791359424523796321,-65.908203679,False
1791359424556909928,,109,bird_eye,0,0,False,0.0,no_alert,0,0,1791359424557191342,-65.874808658,False
1791359424589643358,,110,bird_eye,0,0,False,0.0,no_alert,0,0,1791359424590037471,-65.841962529,False
1791359424623937878,,111,bird_eye,0,0,False,0.0,no_alert,0,0,1791359424624308753,-65.807691247,False
1791359424656610205,,112,bird_eye,0,0,False,0.0,no_alert,0,0,1791359424656989679,-65.775010321,False
1791359424691169264,,113,bird_eye,0,0,False,0.0,no_alert,0,0,1791359424691436459,-65.740563541,False
1791359424723010000,,114,bird_eye,0,0,False,0.0,no_alert,0,0,1791359424723370908,-65.708629092,False
1791359424757477163,,115,bird_eye,0,0,False,0.0,no_alert,0,0,1791359424757738078,-65.674261922,False
1791359424791860780,,116,bird_eye,0,0,False,0.0,no_alert,0,0,1791359424792202573,-65.639797427,False
1791359424822747470,,117,bird_eye,0,0,False,0.0,no_alert,0,0,1791359424823028192,-65.608971808,False
1791359424856481965,,118,bird_eye,0,0,False,0.0,no_alert,0,0,1791359424856931953,-65.575068047,False
1791359424889500608,,119,bird_eye,0,0,False,0.0,no_alert,0,0,1791359424889937573,-65.542062427,False
1791359424924714647,,120,bird_eye,0,0,False,0.0,no_alert,0,0,1791359424925280865,-65.506719135,False
1791359424955965844,,121,bird_eye,0,0,False,0.0,no_alert,0,0,1791359424956280053,-65.475719947,False
1791359424992761645,,122,bird_eye,0,0,False,0.0,no_alert,0,0,1791359424993139113,-65.438860887,False
1791359425022804303,,123,bird_eye,0,0,False,0.0,no_alert,0,0,1791359425023296035,-65.408703965,False
1791359425058595200,,124,bird_eye,0,0,False,0.0,no_alert,0,0,1791359425058837844,-65.373162156,False
1791359425091882047,,125,bird_eye,0,0,False,0.0,no_alert,0,0,1791359425092177510,-65.33982249,False
1791359425124726181,,126,bird_eye,0,0,False,0.0,no_alert,0,0,1791359425125184541,-65.306815459,False
1791359425159063018,,127,bird_eye,0,0,False,0.0,no_alert,0,0,1791359425159280469,-65.272719531,False
1791359425189597526,,128,bird_eye,0,0,False,0.0,no_alert,0,0,1791359425189853045,-65.242146955,False
1791359425224297444,,129,bird_eye,0,0,False,0.0,no_alert,0,0,1791359425224682164,-65.207317836,False
1791359425256386826,,130,bird_eye,0,0,False,0.0,no_alert,0,0,1791359425256601820,-65.17539818,False
1791359425294149000,,131,bird_eye,0,0,False,0.0,no_alert,0,0,1791359425294337146,-65.137662854,False
1791359425323981149,,132,bird_eye,0,0,False,0.0,no_alert,0,0,1791359425324211763,-65.107788237,False
1791359425357830462,,133,bird_eye,0,0,False,0.0,no_alert,0,0,1791359425358179392,-65.073820608,False
1791359425390732084,,134,bird_eye,0,0,False,0.0,no_alert,0,0,1791359425391036326,-65.040963674,False
1791359425425833812,,135,bird_eye,0,0,False,0.0,no_alert,0,0,1791359425426093196,-65.005906804,False
1791359425455943096,,136,bird_eye,0,0,False,0.0,no_alert,0,0,1791359425456217515,-64.975782485,False
1791359425490409604,,137,bird_eye,0,0,False,0.0,no_alert,0,0,1791359425490733311,-64.941266689,False
1791359425524427570,,138,bird_eye,0,0,False,0.0,no_alert,0,0,1791359425524949326,-64.907050674,False
1791359425557263256,,139,bird_eye,0,0,False,0.0,no_alert,0,0,1791359425557553411,-64.874446589,False
1791359425588855280,,140,bird_eye,0,0,False,0.0,no_alert,0,0,1791359425589306327,-64.842693673,False
1791359425623752924,,141,bird_eye,0,0,False,0.0,no_alert,0,0,1791359425624132510,-64.80786749,False
1791359425656021789,,142,bird_eye,0,0,False,0.0,no_alert,0,0,1791359425656445281,-64.775554719,False
1791359425690561839,,143,bird_eye,0,0,False,0.0,no_alert,0,0,1791359425690848409,-64.741151591,False
1791359425724321283,,144,bird_eye,0,0,False,0.0,no_alert,0,0,1791359425724571166,-64.707428834,False
1791359425757796852,,145,bird_eye,0,0,False,0.0,no_alert,0,0,1791359425758149429,-64.673850571,False
1791359425788635485,,146,bird_eye,0,0,False,0.0,no_alert,0,0,1791359425788958834,-64.643041166,False
1791359425824656765,,147,bird_eye,0,0,False,0.0,no_alert,0,0,1791359425824969983,-64.607030017,False
1791359425855170013,,148,bird_eye,0,0,False,0.0,no_alert,0,0,1791359425855375930,-64.57662407,False
1791359425890661926,,149,bird_eye,0,0,False,0.0,no_alert,0,0,1791359425890937595,-64.541062405,False
1791359425922843682,,150,bird_eye,0,0,False,0.0,no_alert,0,0,1791359425923312070,-64.50868793,False
1791359425955496199,,151,bird_eye,0,0,False,0.0,no_alert,0,0,1791359425955705623,-64.476294377,False
1791359425988836040,,152,bird_eye,0,0,False,0.0,no_alert,0,0,1791359425989245665,-64.442754335,False
1791359426022083090,,153,bird_eye,0,0,False,0.0,no_alert,0,0,1791359426022354191,-64.409645809,False
1791359426055173202,,154,bird_eye,0,0,False,0.0,no_alert,0,0,1791359426055450506,-64.376549494,False
1791359426091961235,,155,bird_eye,0,0,False,0.0,no_alert,0,0,1791359426092324753,-64.339675247,False
1791359426122203543,,156,bird_eye,0,0,False,0.0,no_alert,0,0,1791359426122454568,-64.309545432,False
1791359426157270568,,157,bird_eye,0,0,False,0.0,no_alert,0,0,1791359426157534805,-64.274465195,False
1791359426189754645,,158,bird_eye,0,0,False,0.0,no_alert,0,0,1791359426190148824,-64.241851176,False
1791359426221770590,,159,bird_eye,0,0,False,0.0,no_alert,0,0,1791359426222188860,-64.20981114,False
1791359426257621607,,160,bird_eye,0,0,False,0.0,no_alert,0,0,1791359426257942590,-64.17405741,False
1791359426290724400,,161,bird_eye,0,0,False,0.0,no_alert,0,0,1791359426291081078,-64.140918922,False
1791359426322932702,,162,bird_eye,0,0,False,0.0,no_alert,0,0,1791359426323275903,-64.108724097,False
1791359426362678891,,163,bird_eye,0,0,False,0.0,no_alert,0,0,1791359426363090792,-64.068909208,False
1791359426387872157,,164,bird_eye,0,0,False,0.0,no_alert,0,0,1791359426388226871,-64.043773129,False
1791359426427495147,,165,bird_eye,0,0,False,0.0,no_alert,0,0,1791359426427804072,-64.004195928,False
1791359426463692273,,166,bird_eye,0,0,False,0.0,no_alert,0,0,1791359426464046303,-63.967953697,False
1791359426487448111,,167,bird_eye,0,0,False,0.0,no_alert,0,0,1791359426487773017,-63.944226983,False
1791359426524090072,,168,bird_eye,0,0,False,0.0,no_alert,0,0,1791359426524364859,-63.907635141,False
1791359426556355132,,169,bird_eye,0,0,False,0.0,no_alert,0,0,1791359426556742575,-63.875257425,False
1791359426593188578,,170,bird_eye,0,0,False,0.0,no_alert,0,0,1791359426593648173,-63.838351827,False
1791359426630605037,,171,bird_eye,0,0,False,0.0,no_alert,0,0,1791359426630965373,-63.801034627,False
1791359426654128321,,172,bird_eye,0,0,False,0.0,no_alert,0,0,1791359426654671259,-63.777328741,False
1791359426692908265,,173,bird_eye,0,0,False,0.0,no_alert,0,0,1791359426693419960,-63.73858004,False
1791359426724798443,,174,bird_eye,0,0,False,0.0,no_alert,0,0,1791359426725090903,-63.706909097,False
1791359426765397217,,175,bird_eye,0,0,False,0.0,no_alert,0,0,1791359426765839744,-63.666160256,False
1791359426792993375,,176,bird_eye,0,0,False,0.0,no_alert,0,0,1791359426793245976,-63.638754024,False
1791359426823999310,,177,bird_eye,0,0,False,0.0,no_alert,0,0,1791359426824326437,-63.607673563,False
1791359426855408000,,178,bird_eye,0,0,False,0.0,no_alert,0,0,1791359426855703545,-63.576296455,False
1791359426891622209,,179,bird_eye,0,0,False,0.0,no_alert,0,0,1791359426891977944,-63.540022056,False
1791359426923148642,,180,bird_eye,0,0,False,0.0,no_alert,0,0,1791359426923458212,-63.508541788,False
1791359426965481910,,181,bird_eye,0,0,False,0.0,no_alert,0,0,1791359426965962115,-63.466037885,False
1791359426986616755,,182,bird_eye,0,0,False,0.0,no_alert,0,0,1791359426987179643,-63.444820357,False
1791359427024963837,,183,bird_eye,0,0,False,0.0,no_alert,0,0,1791359427025340446,-63.406659554,False
1791359427057711944,,184,bird_eye,0,0,False,0.0,no_alert,0,0,1791359427057935597,-63.374064403,False
1791359427094717245,,185,bird_eye,0,0,False,0.0,no_alert,0,0,1791359427095055822,-63.336944178,False
1791359427122025118,,186,bird_eye,0,0,False,0.0,no_alert,0,0,1791359427122381370,-63.30961863,False
1791359427166723770,,187,bird_eye,0,0,False,0.0,no_alert,0,0,1791359427167100730,-63.26489927,False
1791359427190869858,,188,bird_eye,0,0,False,0.0,no_alert,0,0,1791359427191270123,-63.240729877,False
1791359427223403498,,189,bird_eye,0,0,False,0.0,no_alert,0,0,1791359427223888149,-63.208111851,False
1791359427255902937,,190,bird_eye,0,0,False,0.0,no_alert,0,0,1791359427256326997,-63.175673003,False
1791359427290474058,,191,bird_eye,0,0,False,0.0,no_alert,0,0,1791359427290890777,-63.141109223,False
1791359427321624405,,192,bird_eye,0,0,False,0.0,no_alert,0,0,1791359427322110807,-63.109889193,False
1791359427355918235,,193,bird_eye,0,0,False,0.0,no_alert,0,0,1791359427356354885,-63.075645115,False
1791359427389076425,,194,bird_eye,0,0,False,0.0,no_alert,0,0,1791359427389524084,-63.042475916,False
1791359427426982656,,195,bird_eye,0,0,False,0.0,no_alert,0,0,1791359427427427530,-63.00457247,False
1791359427454330084,,196,bird_eye,0,0,False,0.0,no_alert,0,0,1791359427454939602,-62.977060398,False
1791359427487981776,,197,bird_eye,0,0,False,0.0,no_alert,0,0,1791359427488584128,-62.943415872,False
1791359427522670319,,198,bird_eye,0,0,False,0.0,no_alert,0,0,1791359427523279394,-62.908720606,False
1791359427554844512,,199,bird_eye,0,0,False,0.0,no_alert,0,0,1791359427555213489,-62.876786511,False
1791359427587274660,,200,bird_eye,0,0,False,0.0,no_alert,0,0,1791359427587881843,-62.844118157,False
1791359427619802183,,201,bird_eye,0,0,False,0.0,no_alert,0,0,1791359427620218748,-62.811781252,False
1791359427661456389,,202,bird_eye,0,0,False,0.0,no_alert,0,0,1791359427661807557,-62.770192443,False
1791359427691931506,,203,bird_eye,0,0,False,0.0,no_alert,0,0,1791359427692428219,-62.739571781,False
1791359427724118623,,204,bird_eye,0,0,False,0.0,no_alert,0,0,1791359427724561839,-62.707438161,False
1791359427756596619,,205,bird_eye,0,0,False,0.0,no_alert,0,0,1791359427757028085,-62.674971915,False
1791359427791142450,,206,bird_eye,0,0,False,0.0,no_alert,0,0,1791359427791656458,-62.640343542,False
1791359427822961263,,207,bird_eye,0,0,False,0.0,no_alert,0,0,1791359427823520901,-62.608479099,False
1791359427854915994,,208,bird_eye,0,0,False,0.0,no_alert,0,0,1791359427855434674,-62.576565326,False
1791359427888443219,,209,bird_eye,0,0,False,0.0,no_alert,0,0,1791359427889030563,-62.542969437,False
1791359427924716803,,210,bird_eye,0,0,False,0.0,no_alert,0,0,1791359427925107934,-62.506892066,False
1791359427955917572,,211,bird_eye,0,0,False,0.0,no_alert,0,0,1791359427956342248,-62.475657752,False
1791359427987245541,,212,bird_eye,0,0,False,0.0,no_alert,0,0,1791359427987795484,-62.444204516,False
1791359428026212290,,213,bird_eye,0,0,False,0.0,no_alert,0,0,1791359428026682885,-62.405317115,False
1791359428054493500,,214,bird_eye,0,0,False,0.0,no_alert,0,0,1791359428054898351,-62.377101649,False
1791359428086849914,,215,bird_eye,0,0,False,0.0,no_alert,0,0,1791359428087356833,-62.344643167,False
1791359428127339217,,216,bird_eye,0,0,False,0.0,no_alert,0,0,1791359428127862735,-62.304137265,False
1791359428157735765,,217,bird_eye,0,0,False,0.0,no_alert,0,0,1791359428158178718,-62.273821282,False
1791359428186745310,,218,bird_eye,0,0,False,0.0,no_alert,0,0,1791359428187123231,-62.244876769,False
1791359428221934881,,219,bird_eye,0,0,False,0.0,no_alert,0,0,1791359428222415040,-62.20958496,False
1791359428258580300,,220,bird_eye,0,0,False,0.0,no_alert,0,0,1791359428258988376,-62.173011624,False
1791359428291173894,,221,bird_eye,0,0,False,0.0,no_alert,0,0,1791359428291527755,-62.140472245,False
1791359428324021897,,222,bird_eye,0,0,False,0.0,no_alert,0,0,1791359428324607170,-62.10739283,False
1791359428362284919,,223,bird_eye,0,0,False,0.0,no_alert,0,0,1791359428362600979,-62.069399021,False
1791359428390170222,,224,bird_eye,0,0,False,0.0,no_alert,0,0,1791359428390754195,-62.041245805,False
1791359428428293937,,225,bird_eye,0,0,False,0.0,no_alert,0,0,1791359428428633245,-62.003366755,False
1791359428462810622,,226,bird_eye,0,0,False,0.0,no_alert,0,0,1791359428463180666,-61.968819334,False
1791359428485852842,,227,bird_eye,0,0,False,0.0,no_alert,0,0,1791359428486104450,-61.94589555,False
1791359428521000052,,228,bird_eye,0,0,False,0.0,no_alert,0,0,1791359428521384906,-61.910615094,False
1791359428555355947,,229,bird_eye,0,0,False,0.0,no_alert,0,0,1791359428555844393,-61.876155607,False
1791359428587821387,,230,bird_eye,0,0,False,0.0,no_alert,0,0,1791359428588238257,-61.843761743,False
1791359428620776322,,231,bird_eye,0,0,False,0.0,no_alert,0,0,1791359428621076993,-61.810923007,False
1791359428654644545,,232,bird_eye,0,0,False,0.0,no_alert,0,0,1791359428654980218,-61.777019782,False
1791359428686690162,,233,bird_eye,0,0,False,0.0,no_alert,0,0,1791359428686933112,-61.745066888,False
1791359428721533338,,234,bird_eye,0,0,False,0.0,no_alert,0,0,1791359428721824123,-61.710175877,False
1791359428754422191,,235,bird_eye,0,0,False,0.0,no_alert,0,0,1791359428754700628,-61.677299372,False
1791359428788757584,,236,bird_eye,0,0,False,0.0,no_alert,0,0,1791359428788971505,-61.643028495,False
1791359428826653903,,237,bird_eye,0,0,False,0.0,no_alert,0,0,1791359428827131302,-61.604868698,False
1791359428853904634,,238,bird_eye,0,0,False,0.0,no_alert,0,0,1791359428854276404,-61.577723596,False
1791359428900044747,,239,bird_eye,0,0,False,0.0,no_alert,0,0,1791359428900547315,-61.531452685,False
1791359428918574483,,240,bird_eye,0,0,False,0.0,no_alert,0,0,1791359428918944230,-61.51305577,False
1791359428956424275,,241,bird_eye,0,0,False,0.0,no_alert,0,0,1791359428956990128,-61.475009872,False
1791359428988812907,,242,bird_eye,0,0,False,0.0,no_alert,0,0,1791359428989222230,-61.44277777,False
1791359429028078154,,243,bird_eye,0,0,False,0.0,no_alert,0,0,1791359429028432502,-61.403567498,False
1791359429058089763,,244,bird_eye,0,0,False,0.0,no_alert,0,0,1791359429058538464,-61.373461536,False
1791359429087478239,,245,bird_eye,0,0,False,0.0,no_alert,0,0,1791359429087807373,-61.344192627,False
1791359429121478893,,246,bird_eye,0,0,False,0.0,no_alert,0,0,1791359429121837836,-61.310162164,False
1791359429155812761,,247,bird_eye,0,0,False,0.0,no_alert,0,0,1791359429156111916,-61.275888084,False
1791359429188683945,,248,bird_eye,0,0,False,0.0,no_alert,0,0,1791359429189050715,-61.242949285,False
1791359429220731188,,249,bird_eye,0,0,False,0.0,no_alert,0,0,1791359429221066130,-61.21093387,False
1791359429257532540,,250,bird_eye,0,0,False,0.0,no_alert,0,0,1791359429257938901,-61.174061099,False
1791359429289177540,,251,bird_eye,0,0,False,0.0,no_alert,0,0,1791359429289473251,-61.142526749,False
1791359429322688503,,252,bird_eye,0,0,False,0.0,no_alert,0,0,1791359429323026768,-61.108973232,False
1791359429353231901,,253,bird_eye,0,0,False,0.0,no_alert,0,0,1791359429353417833,-61.078582167,False
1791359429395718123,,254,bird_eye,0,0,False,0.0,no_alert,0,0,1791359429396175391,-61.035824609,False
1791359429429760458,,255,bird_eye,0,0,False,0.0,no_alert,0,0,1791359429430254438,-61.001745562,False
1791359429452754746,,256,bird_eye,0,0,False,0.0,no_alert,0,0,1791359429453094362,-60.978905638,False
1791359429488742504,,257,bird_eye,0,0,False,0.0,no_alert,0,0,1791359429489188004,-60.942811996,False
1791359429519704842,,258,bird_eye,0,0,False,0.0,no_alert,0,0,1791359429520074663,-60.911925337,False
1791359429561950083,,259,bird_eye,0,0,False,0.0,no_alert,0,0,1791359429562351836,-60.869648164,False
1791359429585570499,,260,bird_eye,0,0,False,0.0,no_alert,0,0,1791359429585875903,-60.846124097,False
1791359429620688218,,261,bird_eye,0,0,False,0.0,no_alert,0,0,1791359429621107724,-60.810892276,False
1791359429664297721,,262,bird_eye,0,0,False,0.0,no_alert,0,0,1791359429664719598,-60.767280402,False
1791359429684848953,,263,bird_eye,0,0,False,0.0,no_alert,0,0,1791359429685175474,-60.746824526,False
1791359429720677526,,264,bird_eye,0,0,False,0.0,no_alert,0,0,1791359429721033183,-60.710966817,False
1791359429759354318,,265,bird_eye,0,0,False,0.0,no_alert,0,0,1791359429759760695,-60.672239305,False
1791359429785487769,,266,bird_eye,0,0,False,0.0,no_alert,0,0,1791359429785830081,-60.646169919,False
1791359429822000673,,267,bird_eye,0,0,False,0.0,no_alert,0,0,1791359429822458469,-60.609541531,False
1791359429856177166,,268,bird_eye,0,0,False,0.0,no_alert,0,0,1791359429856486049,-60.575513951,False
1791359429885570148,,269,bird_eye,0,0,False,0.0,no_alert,0,0,1791359429885863122,-60.546136878,False
1791359429921057602,,270,bird_eye,0,0,False,0.0,no_alert,0,0,1791359429921501192,-60.510498808,False
1791359429955116439,,271,bird_eye,0,0,False,0.0,no_alert,0,0,1791359429955363771,-60.476636229,False
1791359429989514032,,272,bird_eye,0,0,False,0.0,no_alert,0,0,1791359429989774906,-60.442225094,False
1791359430030072732,,273,bird_eye,0,0,False,0.0,no_alert,0,0,1791359430030666635,-60.401333365,False
1791359430053672842,,274,bird_eye,0,0,False,0.0,no_alert,0,0,1791359430054051334,-60.377948666,False
1791359430092341401,,275,bird_eye,0,0,False,0.0,no_alert,0,0,1791359430093013363,-60.338986637,False
1791359430121654177,,276,bird_eye,0,0,False,0.0,no_alert,0,0,1791359430122059405,-60.309940595,False
1791359430155773892,,277,bird_eye,0,0,False,0.0,no_alert,0,0,1791359430156003988,-60.275996012,False
1791359430189925923,,278,bird_eye,0,0,False,0.0,no_alert,0,0,1791359430190304833,-60.241695167,False
1791359430229772189,,279,bird_eye,0,0,False,0.0,no_alert,0,0,1791359430230439509,-60.201560491,False
1791359430255825371,,280,bird_eye,0,0,False,0.0,no_alert,0,0,1791359430256285760,-60.17571424,False
1791359430288953617,,281,bird_eye,0,0,False,0.0,no_alert,0,0,1791359430289336361,-60.142663639,False
1791359430320999284,,282,bird_eye,0,0,False,0.0,no_alert,0,0,1791359430321386573,-60.110613427,False
1791359430357116550,,283,bird_eye,0,0,False,0.0,no_alert,0,0,1791359430357581389,-60.074418611,False
1791359430398140618,,284,bird_eye,0,0,False,0.0,no_alert,0,0,1791359430398479516,-60.033520484,False
1791359430419947251,,285,bird_eye,0,0,False,0.0,no_alert,0,0,1791359430420209331,-60.011790669,False
1791359430454500846,,286,bird_eye,0,0,False,0.0,no_alert,0,0,1791359430454763788,-59.977236212,False
1791359430485755484,,287,bird_eye,0,0,False,0.0,no_alert,0,0,1791359430486062269,-59.945937731,False
1791359430522697018,,288,bird_eye,0,0,False,0.0,no_alert,0,0,1791359430523217677,-59.908782323,False
1791359430563646479,,289,bird_eye,0,0,False,0.0,no_alert,0,0,1791359430564298221,-59.867701779,False
1791359430587266884,,290,bird_eye,0,0,False,0.0,no_alert,0,0,1791359430587615621,-59.844384379,False
1791359430623363463,,291,bird_eye,0,0,False,0.0,no_alert,0,0,1791359430623518223,-59.808481777,False
1791359430655195189,,292,bird_eye,0,0,False,0.0,no_alert,0,0,1791359430655490010,-59.77650999,False
1791359430688765085,,293,bird_eye,0,0,False,0.0,no_alert,0,0,1791359430689248929,-59.742751071,False
1791359430728125616,,294,bird_eye,0,0,False,0.0,no_alert,0,0,1791359430728769307,-59.703230693,False
1791359430751910077,,295,bird_eye,0,0,False,0.0,no_alert,0,0,1791359430752317257,-59.679682743,False
1791359430787752362,,296,bird_eye,0,0,False,0.0,no_alert,0,0,1791359430788135062,-59.643864938,False
1791359430824684000,,297,bird_eye,0,0,False,0.0,no_alert,0,0,1791359430825170477,-59.606829523,False
1791359430864394267,,298,bird_eye,0,0,False,0.0,no_alert,0,0,1791359430864920019,-59.567079981,False
1791359430892806317,,299,bird_eye,0,0,False,0.0,no_alert,0,0,1791359430893067045,-59.538932955,False
1791359430921968969,,300,bird_eye,0,0,False,0.0,no_alert,0,0,1791359430922256146,-59.509743854,False
1791359430953122409,,301,bird_eye,0,0,False,0.0,no_alert,0,0,1791359430953288980,-59.47871102,False
1791359430990209899,,302,bird_eye,0,0,False,0.0,no_alert,0,0,1791359430990523656,-59.441476344,False
1791359431024791231,,303,bird_eye,0,0,False,0.0,no_alert,0,0,1791359431025343234,-59.406656766,False
1791359431061661810,,304,bird_eye,0,0,False,0.0,no_alert,0,0,1791359431062115615,-59.369884385,False
1791359431085728878,,305,bird_eye,0,0,False,0.0,no_alert,0,0,1791359431086077503,-59.345922497,False
1791359431128432841,,306,bird_eye,0,0,False,0.0,no_alert,0,0,1791359431129101992,-59.302898008,False
1791359431159774183,,307,bird_eye,0,0,False,0.0,no_alert,0,0,1791359431160092622,-59.271907378,False
1791359431194269759,,308,bird_eye,0,0,False,0.0,no_alert,0,0,1791359431194772799,-59.237227201,False
1791359431225307691,,309,bird_eye,0,0,False,0.0,no_alert,0,0,1791359431225758300,-59.2062417,False
1791359431256494726,,310,bird_eye,0,0,False,0.0,no_alert,0,0,1791359431256854481,-59.175145519,False
1791359431287568942,,311,bird_eye,0,0,False,0.0,no_alert,0,0,1791359431287874718,-59.144125282,False
1791359431322112392,,312,bird_eye,0,0,False,0.0,no_alert,0,0,1791359431322534553,-59.109465447,False
1791359431352362840,,313,bird_eye,0,0,False,0.0,no_alert,0,0,1791359431352693499,-59.079306501,False
1791359431386823606,,314,bird_eye,0,0,False,0.0,no_alert,0,0,1791359431387260053,-59.044739947,False
1791359431422641386,,315,bird_eye,0,0,False,0.0,no_alert,0,0,1791359431422930406,-59.009069594,False
1791359431464134820,,316,bird_eye,0,0,False,0.0,no_alert,0,0,1791359431464457812,-58.967542188,False
1791359431486010769,,317,bird_eye,0,0,False,0.0,no_alert,0,0,1791359431486313244,-58.945686756,False
1791359431529302859,,318,bird_eye,0,0,False,0.0,no_alert,0,0,1791359431529859399,-58.902140601,False
1791359431554065093,,319,bird_eye,0,0,False,0.0,no_alert,0,0,1791359431554501231,-58.877498769,False
1791359431588993177,,320,bird_eye,0,0,False,0.0,no_alert,0,0,1791359431589255522,-58.842744478,False
1791359431622090124,,321,bird_eye,0,0,False,0.0,no_alert,0,0,1791359431622326856,-58.809673144,False
1791359431654912847,,322,bird_eye,0,0,False,0.0,no_alert,0,0,1791359431655232136,-58.776767864,False
1791359431688621003,,323,bird_eye,0,0,False,0.0,no_alert,0,0,1791359431688944554,-58.743055446,False
1791359431722768046,,324,bird_eye,0,0,False,0.0,no_alert,0,0,1791359431723042278,-58.708957722,False
1791359431766486909,,325,bird_eye,0,0,False,0.0,no_alert,0,0,1791359431767088989,-58.664911011,False
1791359431786240087,,326,bird_eye,0,0,False,0.0,no_alert,0,0,1791359431786611511,-58.645388489,False
1791359431823457073,,327,bird_eye,0,0,False,0.0,no_alert,0,0,1791359431823874258,-58.608125742,False
1791359431857633636,,328,bird_eye,0,0,False,0.0,no_alert,0,0,1791359431858098051,-58.573901949,False
1791359431890362658,,329,bird_eye,0,0,False,0.0,no_alert,0,0,1791359431890697146,-58.541302854,False
1791359431923846390,,330,bird_eye,0,0,False,0.0,no_alert,0,0,1791359431924116861,-58.507883139,False
1791359431955046961,,331,bird_eye,0,0,False,0.0,no_alert,0,0,1791359431955313833,-58.476686167,False
1791359431989454530,,332,bird_eye,0,0,False,0.0,no_alert,0,0,1791359431989861602,-58.442138398,False
1791359432021825941,,333,bird_eye,0,0,False,0.0,no_alert,0,0,1791359432022128593,-58.409871407,False
1791359432066843429,,334,bird_eye,0,0,False,0.0,no_alert,0,0,1791359432067563654,-58.364436346,False
1791359432092011507,,335,bird_eye,0,0,False,0.0,no_alert,0,0,1791359432092403125,-58.339596875,False
1791359432122563661,,336,bird_eye,0,0,False,0.0,no_alert,0,0,1791359432122850110,-58.30914989,False
1791359432156951828,,337,bird_eye,0,0,False,0.0,no_alert,0,0,1791359432157330734,-58.274669266,False
1791359432187231419,,338,bird_eye,0,0,False,0.0,no_alert,0,0,1791359432187457474,-58.244542526,False
1791359432219759215,,339,bird_eye,0,0,False,0.0,no_alert,0,0,1791359432220054051,-58.211945949,False
1791359432255030089,,340,bird_eye,0,0,False,0.0,no_alert,0,0,1791359432255394881,-58.176605119,False
1791359432288482356,,341,bird_eye,0,0,False,0.0,no_alert,0,0,1791359432288908099,-58.143091901,False
1791359432319819809,,342,bird_eye,0,0,False,0.0,no_alert,0,0,1791359432320196573,-58.111803427,False
1791359432355108788,,343,bird_eye,0,0,False,0.0,no_alert,0,0,1791359432355490692,-58.076509308,False
1791359432387595771,,344,bird_eye,0,0,False,0.0,no_alert,0,0,1791359432387973679,-58.044026321,False
1791359432420940015,,345,bird_eye,0,0,False,0.0,no_alert,0,0,1791359432421342646,-58.010657354,False
1791359432455910513,,346,bird_eye,0,0,False,0.0,no_alert,0,0,1791359432456343941,-57.975656059,False
1791359432488543968,,347,bird_eye,0,0,False,0.0,no_alert,0,0,1791359432488805474,-57.943194526,False
1791359432524107220,,348,bird_eye,0,0,False,0.0,no_alert,0,0,1791359432524604953,-57.907395047,False
1791359432568169518,,349,bird_eye,0,0,False,0.0,no_alert,0,0,1791359432568594595,-57.863405405,False
1791359432587378379,,350,bird_eye,0,0,False,0.0,no_alert,0,0,1791359432587667883,-57.844332117,False
1791359432622756117,,351,bird_eye,0,0,False,0.0,no_alert,0,0,1791359432623986413,-57.808013587,False
1791359432655902220,,352,bird_eye,0,0,False,0.0,no_alert,0,0,1791359432656180787,-57.775819213,False
1791359432692859738,,353,bird_eye,0,0,False,0.0,no_alert,0,0,1791359432693137157,-57.738862843,False
1791359432719265674,,354,bird_eye,0,0,False,0.0,no_alert,0,0,1791359432719666055,-57.712333945,False
1791359432755022898,,355,bird_eye,0,0,False,0.0,no_alert,0,0,1791359432755347944,-57.676652056,False
1791359432801652770,,356,bird_eye,0,0,False,0.0,no_alert,0,0,1791359432802247900,-57.6297521,False
1791359432822828480,,357,bird_eye,0,0,False,0.0,no_alert,0,0,1791359432823214652,-57.608785348,False
1791359432858918536,,358,bird_eye,0,0,False,0.0,no_alert,0,0,1791359432859452796,-57.572547204,False
1791359432888015002,,359,bird_eye,0,0,False,0.0,no_alert,0,0,1791359432888300965,-57.543699035,False
1791359432921611107,,360,bird_eye,0,0,False,0.0,no_alert,0,0,1791359432921881948,-57.510118052,False
1791359432955972047,,361,bird_eye,0,0,False,0.0,no_alert,0,0,1791359432956324508,-57.475675492,False
1791359432993816325,,362,bird_eye,0,0,False,0.0,no_alert,0,0,1791359432994150253,-57.437849747,False
1791359433019805695,,363,bird_eye,0,0,False,0.0,no_alert,0,0,1791359433020142624,-57.411857376,False
1791359433053959605,,364,bird_eye,0,0,False,0.0,no_alert,0,0,1791359433054351270,-57.37764873,False
1791359433091464735,,365,bird_eye,0,0,False,0.0,no_alert,0,0,1791359433091928357,-57.340071643,False
1791359433119760195,,366,bird_eye,0,0,False,0.0,no_alert,0,0,1791359433120029696,-57.311970304,False
1791359433154355206,,367,bird_eye,0,0,False,0.0,no_alert,0,0,1791359433154601332,-57.277398668,False
1791359433194838191,,368,bird_eye,0,0,False,0.0,no_alert,0,0,1791359433195174302,-57.236825698,False
1791359433231105624,,369,bird_eye,0,0,False,0.0,no_alert,0,0,1791359433231629391,-57.200370609,False
1791359433258744884,,370,bird_eye,0,0,False,0.0,no_alert,0,0,1791359433259079534,-57.172920466,False
1791359433291111751,,371,bird_eye,0,0,False,0.0,no_alert,0,0,1791359433291374918,-57.140625082,False
1791359433326834742,,372,bird_eye,0,0,False,0.0,no_alert,0,0,1791359433327202103,-57.104797897,False
1791359433360526673,,373,bird_eye,0,0,False,0.0,no_alert,0,0,1791359433360782732,-57.071217268,False
1791359433392717422,,374,bird_eye,0,0,False,0.0,no_alert,0,0,1791359433392969503,-57.039030497,False
1791359433418603002,,375,bird_eye,0,0,False,0.0,no_alert,0,0,1791359433418876909,-57.013123091,False
1791359433457806083,,376,bird_eye,0,0,False,0.0,no_alert,0,0,1791359433458185088,-56.973814912,False
1791359433491061836,,377,bird_eye,0,0,False,0.0,no_alert,0,0,1791359433491392038,-56.940607962,False
1791359433521932755,,378,bird_eye,0,0,False,0.0,no_alert,0,0,1791359433522165750,-56.90983425,False
1791359433554621102,,379,bird_eye,0,0,False,0.0,no_alert,0,0,1791359433554868132,-56.877131868,False
1791359433588936519,,380,bird_eye,0,0,False,0.0,no_alert,0,0,1791359433589268543,-56.842731457,False
1791359433625184328,,381,bird_eye,0,0,False,0.0,no_alert,0,0,1791359433625417021,-56.806582979,False
1791359433656033846,,382,bird_eye,0,0,False,0.0,no_alert,0,0,1791359433656269672,-56.775730328,False
1791359433689962307,,383,bird_eye,0,0,False,0.0,no_alert,0,0,1791359433690347652,-56.741652348,False
1791359433724797678,,384,bird_eye,0,0,False,0.0,no_alert,0,0,1791359433725127033,-56.706872967,False
1791359433761378983,,385,bird_eye,0,0,False,0.0,no_alert,0,0,1791359433761627854,-56.670372146,False
1791359433786968149,,386,bird_eye,0,0,False,0.0,no_alert,0,0,1791359433787245309,-56.644754691,False
1791359433823075405,,387,bird_eye,0,0,False,0.0,no_alert,0,0,1791359433823439965,-56.608560035,False
1791359433856782202,,388,bird_eye,0,0,False,0.0,no_alert,0,0,1791359433857095551,-56.574904449,False
1791359433890988645,,389,bird_eye,0,0,False,0.0,no_alert,0,0,1791359433891290801,-56.540709199,False
1791359433924696065,,390,bird_eye,0,0,False,0.0,no_alert,0,0,1791359433925121422,-56.506878578,False
1791359433955240774,,391,bird_eye,0,0,False,0.0,no_alert,0,0,1791359433955541800,-56.4764582,False
1791359433990000864,,392,bird_eye,0,0,False,0.0,no_alert,0,0,1791359433990316237,-56.441683763,False
1791359434022945997,,393,bird_eye,0,0,False,0.0,no_alert,0,0,1791359434023298794,-56.408701206,False
1791359434057519128,,394,bird_eye,0,0,False,0.0,no_alert,0,0,1791359434057857823,-56.374142177,False
1791359434088838978,,395,bird_eye,0,0,False,0.0,no_alert,0,0,1791359434089176232,-56.342823768,False
1791359434122588224,,396,bird_eye,0,0,False,0.0,no_alert,0,0,1791359434122833261,-56.309166739,False
1791359434157189081,,397,bird_eye,0,0,False,0.0,no_alert,0,0,1791359434157565382,-56.274434618,False
1791359434190556521,,398,bird_eye,0,0,False,0.0,no_alert,0,0,1791359434190749718,-56.241250282,False
1791359434220078273,,399,bird_eye,0,0,False,0.0,no_alert,0,0,1791359434220349584,-56.211650416,False
1791359434257098202,,400,bird_eye,0,0,False,0.0,no_alert,0,0,1791359434257287136,-56.174712864,False
1791359434288029676,,401,bird_eye,0,0,False,0.0,no_alert,0,0,1791359434288299714,-56.143700286,False
1791359434322978712,,402,bird_eye,0,0,False,0.0,no_alert,0,0,1791359434323317811,-56.108682189,False
1791359434358095151,,403,bird_eye,0,0,False,0.0,no_alert,0,0,1791359434358395822,-56.073604178,False
1791359434389005795,,404,bird_eye,0,0,False,0.0,no_alert,0,0,1791359434389414061,-56.042585939,False
1791359434422126495,,405,bird_eye,0,0,False,0.0,no_alert,0,0,1791359434422441771,-56.009558229,False
1791359434454761434,,406,bird_eye,0,0,False,0.0,no_alert,0,0,1791359434455073259,-55.976926741,False
1791359434488911552,,407,bird_eye,0,0,False,0.0,no_alert,0,0,1791359434489286829,-55.942713171,False
1791359434521865497,,408,bird_eye,0,0,False,0.0,no_alert,0,0,1791359434522295510,-55.90970449,False
1791359434555797374,,409,bird_eye,0,0,False,0.0,no_alert,0,0,1791359434556284613,-55.875715387,False
1791359434588050549,,410,bird_eye,0,0,False,0.0,no_alert,0,0,1791359434588322438,-55.843677562,False
1791359434624127196,,411,bird_eye,0,0,False,0.0,no_alert,0,0,1791359434624603845,-55.807396155,False
1791359434652953081,,412,bird_eye,0,0,False,0.0,no_alert,0,0,1791359434653185488,-55.778814512,False
1791359434690814277,,413,bird_eye,0,0,False,0.0,no_alert,0,0,1791359434691104560,-55.74089544,False
1791359434722640177,,414,bird_eye,0,0,False,0.0,no_alert,0,0,1791359434722951794,-55.709048206,False
1791359434755901432,,415,bird_eye,0,0,False,0.0,no_alert,0,0,1791359434756324683,-55.675675317,False
1791359434790973605,,416,bird_eye,0,0,False,0.0,no_alert,0,0,1791359434791406376,-55.640593624,False
1791359434821064620,,417,bird_eye,0,0,False,0.0,no_alert,0,0,1791359434821306579,-55.610693421,False
1791359434857174844,,418,bird_eye,0,0,False,0.0,no_alert,0,0,1791359434857405544,-55.574594456,False
1791359434887856648,,419,bird_eye,0,0,False,0.0,no_alert,0,0,1791359434888190816,-55.543809184,False
1791359434922929197,,420,bird_eye,0,0,False,0.0,no_alert,0,0,1791359434923251221,-55.508748779,False
1791359434955982742,,421,bird_eye,0,0,False,0.0,no_alert,0,0,1791359434956251972,-55.475748028,False
1791359434988860422,,422,bird_eye,0,0,False,0.0,no_alert,0,0,1791359434989205406,-55.442794594,False
1791359435021849425,,423,bird_eye,0,0,False,0.0,no_alert,0,0,1791359435022174333,-55.409825667,False
1791359435055780193,,424,bird_eye,0,0,False,0.0,no_alert,0,0,1791359435056071069,-55.375928931,False
1791359435090771978,,425,bird_eye,0,0,False,0.0,no_alert,0,0,1791359435091058238,-55.340941762,False
1791359435125399190,,426,bird_eye,0,0,False,0.0,no_alert,0,0,1791359435125899230,-55.30610077,False
1791359435157681031,,427,bird_eye,0,0,False,0.0,no_alert,0,0,1791359435157928294,-55.274071706,False
1791359435187933546,,428,bird_eye,0,0,False,0.0,no_alert,0,0,1791359435188249850,-55.24375015,False
1791359435227124524,,429,bird_eye,0,0,False,0.0,no_alert,0,0,1791359435227418364,-55.204581636,False
1791359435258075656,,430,bird_eye,0,0,False,0.0,no_alert,0,0,1791359435258302149,-55.173697851,False
1791359435288768180,,431,bird_eye,0,0,False,0.0,no_alert,0,0,1791359435289050118,-55.142949882,False
1791359435323809398,,432,bird_eye,0,0,False,0.0,no_alert,0,0,1791359435324274488,-55.107725512,False
1791359435356016223,,433,bird_eye,0,0,False,0.0,no_alert,0,0,1791359435356289949,-55.075710051,False
1791359435389954893,,434,bird_eye,0,0,False,0.0,no_alert,0,0,1791359435390293152,-55.041706848,False
1791359435423057543,,435,bird_eye,0,0,False,0.0,no_alert,0,0,1791359435423381954,-55.008618046,False
1791359435454959754,,436,bird_eye,0,0,False,0.0,no_alert,0,0,1791359435455195236,-54.976804764,False
1791359435489760339,,437,bird_eye,0,0,False,0.0,no_alert,0,0,1791359435490246128,-54.941753872,False
1791359435522033965,,438,bird_eye,0,0,False,0.0,no_alert,0,0,1791359435522486588,-54.909513412,False
1791359435556309608,,439,bird_eye,0,0,False,0.0,no_alert,0,0,1791359435556836074,-54.875163926,False
1791359435588901612,,440,bird_eye,0,0,False,0.0,no_alert,0,0,1791359435589315939,-54.842684061,False
1791359435623803141,,441,bird_eye,0,0,False,0.0,no_alert,0,0,1791359435624257903,-54.807742097,False
1791359435656769437,,442,bird_eye,0,0,False,0.0,no_alert,0,0,1791359435657088665,-54.774911335,False
1791359435692898166,,443,bird_eye,0,0,False,0.0,no_alert,0,0,1791359435693166694,-54.738833306,False
1791359435723790309,,444,bird_eye,0,0,False,0.0,no_alert,0,0,1791359435724083575,-54.707916425,False
1791359435761390743,,445,bird_eye,0,0,False,0.0,no_alert,0,0,1791359435761895987,-54.670104013,False
1791359435790276966,,446,bird_eye,0,0,False,0.0,no_alert,0,0,1791359435790608553,-54.641391447,False
1791359435823912841,,447,bird_eye,0,0,False,0.0,no_alert,0,0,1791359435824249247,-54.607750753,False
1791359435858625930,,448,bird_eye,0,0,False,0.0,no_alert,0,0,1791359435858862942,-54.573137058,False
1791359435887484103,,449,bird_eye,0,0,False,0.0,no_alert,0,0,1791359435887870499,-54.544129501,False
1791359435924898096,,450,bird_eye,0,0,False,0.0,no_alert,0,0,1791359435925245463,-54.506754537,False
1791359435954632318,,451,bird_eye,0,0,False,0.0,no_alert,0,0,1791359435954950836,-54.477049164,False
1791359435989483887,,452,bird_eye,0,0,False,0.0,no_alert,0,0,1791359435989868489,-54.442131511,False
1791359436022674857,,453,bird_eye,0,0,False,0.0,no_alert,0,0,1791359436023061966,-54.408938034,False
1791359436053906682,,454,bird_eye,0,0,False,0.0,no_alert,0,0,1791359436054179787,-54.377820213,False
1791359436095677436,,455,bird_eye,0,0,False,0.0,no_alert,0,0,1791359436096023090,-54.33597691,False
1791359436123761039,,456,bird_eye,0,0,False,0.0,no_alert,0,0,1791359436124073811,-54.307926189,False
1791359436154982401,,457,bird_eye,0,0,False,0.0,no_alert,0,0,1791359436155251991,-54.276748009,False
1791359436189920759,,458,bird_eye,0,0,False,0.0,no_alert,0,0,1791359436190205320,-54.24179468,False
1791359436222954997,,459,bird_eye,0,0,False,0.0,no_alert,0,0,1791359436223368797,-54.208631203,False
1791359436257646947,,460,bird_eye,0,0,False,0.0,no_alert,0,0,1791359436257992082,-54.174007918,False
1791359436289240088,,461,bird_eye,0,0,False,0.0,no_alert,0,0,1791359436289672031,-54.142327969,False
1791359436323029005,,462,bird_eye,0,0,False,0.0,no_alert,0,0,1791359436323337866,-54.108662134,False
1791359436356899308,,463,bird_eye,0,0,False,0.0,no_alert,0,0,1791359436357268533,-54.074731467,False
1791359436390986307,,464,bird_eye,0,0,False,0.0,no_alert,0,0,1791359436391438863,-54.040561137,False
1791359436422308124,,465,bird_eye,0,0,False,0.0,no_alert,0,0,1791359436422566884,-54.009433116,False
1791359436456808223,,466,bird_eye,0,0,False,0.0,no_alert,0,0,1791359436457089249,-53.974910751,False
1791359436490222341,,467,bird_eye,0,0,False,0.0,no_alert,0,0,1791359436490493121,-53.941506879,False
1791359436521891750,,468,bird_eye,0,0,False,0.0,no_alert,0,0,1791359436522295935,-53.909704065,False
1791359436555920515,,469,bird_eye,0,0,False,0.0,no_alert,0,0,1791359436556317210,-53.87568279,False
1791359436589192773,,470,bird_eye,0,0,False,0.0,no_alert,0,0,1791359436589529835,-53.842470165,False
1791359436624633694,,471,bird_eye,0,0,False,0.0,no_alert,0,0,1791359436625239035,-53.806760965,False
1791359436655195854,,472,bird_eye,0,0,False,0.0,no_alert,0,0,1791359436655559702,-53.776440298,False
1791359436689813072,,473,bird_eye,0,0,False,0.0,no_alert,0,0,1791359436690284105,-53.741715895,False
1791359436726215334,,474,bird_eye,0,0,False,0.0,no_alert,0,0,1791359436726478149,-53.705521851,False
1791359436754797319,,475,bird_eye,0,0,False,0.0,no_alert,0,0,1791359436755043399,-53.676956601,False
1791359436788771324,,476,bird_eye,0,0,False,0.0,no_alert,0,0,1791359436789084706,-53.642915294,False
1791359436823033516,,477,bird_eye,0,0,False,0.0,no_alert,0,0,1791359436823340252,-53.608659748,False
1791359436858085424,,478,bird_eye,0,0,False,0.0,no_alert,0,0,1791359436858530491,-53.573469509,False
1791359436888938091,,479,bird_eye,0,0,False,0.0,no_alert,0,0,1791359436889434023,-53.542565977,False
1791359436925294547,,480,bird_eye,0,0,False,0.0,no_alert,0,0,1791359436925590786,-53.506409214,False
1791359436959233462,,481,bird_eye,0,0,False,0.0,no_alert,0,0,1791359436959609676,-53.472390324,False
1791359436988280556,,482,bird_eye,0,0,False,0.0,no_alert,0,0,1791359436988944009,-53.443055991,False
1791359437036703279,,483,bird_eye,0,0,False,0.0,no_alert,0,0,1791359437037173633,-53.394826367,False
1791359437080902172,,484,bird_eye,0,0,False,0.0,no_alert,0,0,1791359437081503552,-53.350496448,False
1791359437102918146,,485,bird_eye,0,0,False,0.0,no_alert,0,0,1791359437103231512,-53.328768488,False
1791359437130567624,,486,bird_eye,0,0,False,0.0,no_alert,0,0,1791359437130878318,-53.301121682,False
1791359437163411307,,487,bird_eye,0,0,False,0.0,no_alert,0,0,1791359437163679756,-53.268320244,False
1791359437196112816,,488,bird_eye,0,0,False,0.0,no_alert,0,0,1791359437196597163,-53.235402837,False
1791359437228054819,,489,bird_eye,0,0,False,0.0,no_alert,0,0,1791359437228457886,-53.203542114,False
1791359437263031013,,490,bird_eye,0,0,False,0.0,no_alert,0,0,1791359437263385272,-53.168614728,False
1791359437294020150,,491,bird_eye,0,0,False,0.0,no_alert,0,0,1791359437294228701,-53.137771299,False
1791359437324222462,,492,bird_eye,0,0,False,0.0,no_alert,0,0,1791359437324528110,-53.10747189,False
1791359437363030795,,493,bird_eye,0,0,False,0.0,no_alert,0,0,1791359437363587135,-53.068412865,False
1791359437396881843,,494,bird_eye,0,0,False,0.0,no_alert,0,0,1791359437397252591,-53.034747409,False
1791359437423055092,,495,bird_eye,0,0,False,0.0,no_alert,0,0,1791359437423442672,-53.008557328,False
1791359437458939094,,496,bird_eye,0,0,False,0.0,no_alert,0,0,1791359437459437711,-52.972562289,False
1791359437497809995,,497,bird_eye,0,0,False,0.0,no_alert,0,0,1791359437498210030,-52.93378997,False
1791359437526805728,,498,bird_eye,0,0,False,0.0,no_alert,0,0,1791359437527233920,-52.90476608,False
1791359437556328939,,499,bird_eye,0,0,False,0.0,no_alert,0,0,1791359437556747684,-52.875252316,False
1791359437596281989,,500,bird_eye,0,0,False,0.0,no_alert,0,0,1791359437596569373,-52.835430627,False
1791359437628481174,,501,bird_eye,0,0,False,0.0,no_alert,0,0,1791359437628833862,-52.803166138,False
1791359437654808069,,502,bird_eye,0,0,False,0.0,no_alert,0,0,1791359437655097633,-52.776902367,False
1791359437689036886,,503,bird_eye,0,0,False,0.0,no_alert,0,0,1791359437689442032,-52.742557968,False
1791359437721944107,,504,bird_eye,0,0,False,0.0,no_alert,0,0,1791359437722332216,-52.709667784,False
1791359437762829710,,505,bird_eye,0,0,False,0.0,no_alert,0,0,1791359437763204067,-52.668795933,False
1791359437788367762,,506,bird_eye,0,0,False,0.0,no_alert,0,0,1791359437788663767,-52.643336233,False
1791359437829235505,,507,bird_eye,0,0,False,0.0,no_alert,0,0,1791359437829641465,-52.602358535,False
1791359437854715156,,508,bird_eye,0,0,False,0.0,no_alert,0,0,1791359437855037750,-52.57696225,False
1791359437898654819,,509,bird_eye,0,0,False,0.0,no_alert,0,0,1791359437899078556,-52.532921444,False
1791359437922487473,,510,bird_eye,0,0,False,0.0,no_alert,0,0,1791359437922898571,-52.509101429,False
1791359437954694443,,511,bird_eye,0,0,False,0.0,no_alert,0,0,1791359437955001843,-52.476998157,False
1791359437990140640,,512,bird_eye,0,0,False,0.0,no_alert,0,0,1791359437990405858,-52.441594142,False
1791359438022505270,,513,bird_eye,0,0,False,0.0,no_alert,0,0,1791359438022901393,-52.409098607,False
1791359438060622895,,514,bird_eye,0,0,False,0.0,no_alert,0,0,1791359438060924694,-52.371075306,False
1791359438094580985,,515,bird_eye,0,0,False,0.0,no_alert,0,0,1791359438095061952,-52.336938048,False
1791359438120447755,,516,bird_eye,0,0,False,0.0,no_alert,0,0,1791359438120885176,-52.311114824,False
1791359438170079721,,517,bird_eye,0,0,False,0.0,no_alert,0,0,1791359438170543022,-52.261456978,False
1791359438193501964,,518,bird_eye,0,0,False,0.0,no_alert,0,0,1791359438193817724,-52.238182276,False
1791359438231141125,,519,bird_eye,0,0,False,0.0,no_alert,0,0,1791359438231717105,-52.200282895,False
1791359438259121321,,520,bird_eye,0,0,False,0.0,no_alert,0,0,1791359438259643900,-52.1723561,False
1791359438295919583,,521,bird_eye,0,0,False,0.0,no_alert,0,0,1791359438296411616,-52.135588384,False
1791359438321505676,,522,bird_eye,0,0,False,0.0,no_alert,0,0,1791359438321882729,-52.110117271,False
1791359438355968724,,523,bird_eye,0,0,False,0.0,no_alert,0,0,1791359438356304442,-52.075695558,False
1791359438388981950,,524,bird_eye,0,0,False,0.0,no_alert,0,0,1791359438389436623,-52.042563377,False
1791359438421554229,,525,bird_eye,0,0,False,0.0,no_alert,0,0,1791359438421947371,-52.010052629,False
1791359438457599009,,526,bird_eye,0,0,False,0.0,no_alert,0,0,1791359438457976737,-51.974023263,False
1791359438488392649,,527,bird_eye,0,0,False,0.0,no_alert,0,0,1791359438488794200,-51.9432058,False
1791359438522919585,,528,bird_eye,0,0,False,0.0,no_alert,0,0,1791359438523355932,-51.908644068,False
1791359438555686945,,529,bird_eye,0,0,False,0.0,no_alert,0,0,1791359438556150244,-51.875849756,False
1791359438590041935,,530,bird_eye,0,0,False,0.0,no_alert,0,0,1791359438590533207,-51.841466793,False
1791359438622401863,,531,bird_eye,0,0,False,0.0,no_alert,0,0,1791359438622872903,-51.809127097,False
1791359438660142857,,532,bird_eye,0,0,False,0.0,no_alert,0,0,1791359438660460403,-51.771539597,False
1791359438688839673,,533,bird_eye,0,0,False,0.0,no_alert,0,0,1791359438689181168,-51.742818832,False
1791359438723214597,,534,bird_eye,0,0,False,0.0,no_alert,0,0,1791359438723705343,-51.708294657,False
1791359438754723394,,535,bird_eye,0,0,False,0.0,no_alert,0,0,1791359438755033404,-51.676966596,False
1791359438790102497,,536,bird_eye,0,0,False,0.0,no_alert,0,0,1791359438790537883,-51.641462117,False
1791359438823731040,,537,bird_eye,0,0,False,0.0,no_alert,0,0,1791359438824068838,-51.607931162,False
1791359438856335804,,538,bird_eye,0,0,False,0.0,no_alert,0,0,1791359438856694923,-51.575305077,False
1791359438891979911,,539,bird_eye,0,0,False,0.0,no_alert,0,0,1791359438892366836,-51.539633164,False
1791359438924315605,,540,bird_eye,0,0,False,0.0,no_alert,0,0,1791359438924675144,-51.507324856,False
1791359438955256955,,541,bird_eye,0,0,False,0.0,no_alert,0,0,1791359438955722052,-51.476277948,False
1791359438991418209,,542,bird_eye,0,0,False,0.0,no_alert,0,0,1791359438991722818,-51.440277182,False
1791359439023403925,,543,bird_eye,0,0,False,0.0,no_alert,0,0,1791359439023726973,-51.408273027,False
1791359439056008685,,544,bird_eye,0,0,False,0.0,no_alert,0,0,1791359439056399568,-51.375600432,False
1791359439092695248,,545,bird_eye,0,0,False,0.0,no_alert,0,0,1791359439093004053,-51.338995947,False
1791359439124213798,,546,bird_eye,0,0,False,0.0,no_alert,0,0,1791359439124591373,-51.307408627,False
1791359439156869879,,547,bird_eye,0,0,False,0.0,no_alert,0,0,1791359439157131983,-51.274868017,False
1791359439190744715,,548,bird_eye,0,0,False,0.0,no_alert,0,0,1791359439190924366,-51.241075634,False
1791359439223988707,,549,bird_eye,0,0,False,0.0,no_alert,0,0,1791359439224380152,-51.207619848,False
1791359439254927036,,550,bird_eye,0,0,False,0.0,no_alert,0,0,1791359439255385957,-51.176614043,False
1791359439292038503,,551,bird_eye,0,0,False,0.0,no_alert,0,0,1791359439292426834,-51.139573166,False
1791359439321802357,,552,bird_eye,0,0,False,0.0,no_alert,0,0,1791359439322217684,-51.109782316,False
1791359439357676378,,553,bird_eye,0,0,False,0.0,no_alert,0,0,1791359439357896573,-51.074103427,False
1791359439391067294,,554,bird_eye,0,0,False,0.0,no_alert,0,0,1791359439391479668,-51.040520332,False
1791359439422342592,,555,bird_eye,0,0,False,0.0,no_alert,0,0,1791359439422703349,-51.009296651,False
1791359439455589913,,556,bird_eye,0,0,False,0.0,no_alert,0,0,1791359439455943265,-50.976056735,False
1791359439490301987,,557,bird_eye,0,0,False,0.0,no_alert,0,0,1791359439490795045,-50.941204955,False
1791359439523629722,,558,bird_eye,0,0,False,0.0,no_alert,0,0,1791359439523971994,-50.908028006,False
1791359439556148014,,559,bird_eye,0,0,False,0.0,no_alert,0,0,1791359439556457938,-50.875542062,False
1791359439588744856,,560,bird_eye,0,0,False,0.0,no_alert,0,0,1791359439589247091,-50.842752909,False
1791359439624109828,,561,bird_eye,0,0,False,0.0,no_alert,0,0,1791359439624463454,-50.807536546,False
1791359439655671616,,562,bird_eye,0,0,False,0.0,no_alert,0,0,1791359439656075863,-50.775924137,False
1791359439688947372,,563,bird_eye,0,0,False,0.0,no_alert,0,0,1791359439689462899,-50.742537101,False
1791359439722360654,,564,bird_eye,0,0,False,0.0,no_alert,0,0,1791359439722860207,-50.709139793,False
1791359439755424332,,565,bird_eye,0,0,False,0.0,no_alert,0,0,1791359439756026008,-50.675973992,False
1791359439795026272,,566,bird_eye,0,0,False,0.0,no_alert,0,0,1791359439795273823,-50.636726177,False
1791359439828534699,,567,bird_eye,0,0,False,0.0,no_alert,0,0,1791359439829138765,-50.602861235,False
1791359439855843107,,568,bird_eye,0,0,False,0.0,no_alert,0,0,1791359439856334483,-50.575665517,False
1791359439889806414,,569,bird_eye,0,0,False,0.0,no_alert,0,0,1791359439890287725,-50.541712275,False
1791359439923685322,,570,bird_eye,0,0,False,0.0,no_alert,0,0,1791359439924287087,-50.507712913,False
1791359439957232709,,571,bird_eye,0,0,False,0.0,no_alert,0,0,1791359439957586631,-50.474413369,False
1791359439990181316,,572,bird_eye,0,0,False,0.0,no_alert,0,0,1791359439990668804,-50.441331196,False
1791359440024470106,,573,bird_eye,0,0,False,0.0,no_alert,0,0,1791359440024891362,-50.407108638,False
1791359440058846415,,574,bird_eye,0,0,False,0.0,no_alert,0,0,1791359440059184701,-50.372815299,False
1791359440088012914,,575,bird_eye,0,0,False,0.0,no_alert,0,0,1791359440088471132,-50.343528868,False
1791359440124768624,,576,bird_eye,0,0,False,0.0,no_alert,0,0,1791359440125265910,-50.30673409,False
1791359440156086994,,577,bird_eye,0,0,False,0.0,no_alert,0,0,1791359440156474164,-50.275525836,False
1791359440190637879,,578,bird_eye,0,0,False,0.0,no_alert,0,0,1791359440191237155,-50.240762845,False
1791359440223978766,,579,bird_eye,0,0,False,0.0,no_alert,0,0,1791359440224524407,-50.207475593,False
1791359440254633403,,580,bird_eye,0,0,False,0.0,no_alert,0,0,1791359440255086121,-50.176913879,False
1791359440285912671,,581,bird_eye,0,0,False,0.0,no_alert,0,0,1791359440286256678,-50.145743322,False
1791359440323312894,,582,bird_eye,0,0,False,0.0,no_alert,0,0,1791359440323627471,-50.108372529,False
1791359440357666282,,583,bird_eye,0,0,False,0.0,no_alert,0,0,1791359440358085079,-50.073914921,False
1791359440387346699,,584,bird_eye,0,0,False,0.0,no_alert,0,0,1791359440387893666,-50.044106334,False
1791359440422286909,,585,bird_eye,0,0,False,0.0,no_alert,0,0,1791359440422799839,-50.009200161,False
1791359440454831164,,586,bird_eye,0,0,False,0.0,no_alert,0,0,1791359440455134740,-49.97686526,False
1791359440489199288,,587,bird_eye,0,0,False,0.0,no_alert,0,0,1791359440489821617,-49.942178383,False
1791359440521427648,,588,bird_eye,0,0,False,0.0,no_alert,0,0,1791359440521932807,-49.910067193,False
1791359440556316188,,589,bird_eye,0,0,False,0.0,no_alert,0,0,1791359440556888949,-49.875111051,False
1791359440594355234,,590,bird_eye,0,0,False,0.0,no_alert,0,0,1791359440594914313,-49.837085687,False
1791359440622724877,,591,bird_eye,0,0,False,0.0,no_alert,0,0,1791359440623260257,-49.808739743,False
1791359440659097244,,592,bird_eye,0,0,False,0.0,no_alert,0,0,1791359440659885906,-49.772114094,False
1791359440686976194,,593,bird_eye,0,0,False,0.0,no_alert,0,0,1791359440687264192,-49.744735808,False
1791359440723506210,,594,bird_eye,0,0,False,0.0,no_alert,0,0,1791359440723905762,-49.708094238,False
1791359440755710605,,595,bird_eye,0,0,False,0.0,no_alert,0,0,1791359440756437447,-49.675562553,False
1791359440788344128,,596,bird_eye,0,0,False,0.0,no_alert,0,0,1791359440788748840,-49.64325116,False
1791359440823475101,,597,bird_eye,0,0,False,0.0,no_alert,0,0,1791359440824058562,-49.607941438,False
1791359440854343021,,598,bird_eye,0,0,False,0.0,no_alert,0,0,1791359440854770648,-49.577229352,False
1791359440888322081,,599,bird_eye,0,0,False,0.0,no_alert,0,0,1791359440888769279,-49.543230721,False
1791359440922273251,,600,bird_eye,0,0,False,0.0,no_alert,0,0,1791359440922824038,-49.509175962,False
1791359440955136459,,601,bird_eye,0,0,False,0.0,no_alert,0,0,1791359440955570172,-49.476429828,False
1791359440988117843,,602,bird_eye,0,0,False,0.0,no_alert,0,0,1791359440988455452,-49.443544548,False
1791359441021471220,,603,bird_eye,0,0,False,0.0,no_alert,0,0,1791359441021898492,-49.410101508,False
1791359441055725529,,604,bird_eye,0,0,False,0.0,no_alert,0,0,1791359441056105983,-49.375894017,False
1791359441094253728,,605,bird_eye,0,0,False,0.0,no_alert,0,0,1791359441094677444,-49.337322556,False
1791359441121646844,,606,bird_eye,0,0,False,0.0,no_alert,0,0,1791359441121844059,-49.310155941,False
1791359441154220333,,607,bird_eye,0,0,False,0.0,no_alert,0,0,1791359441154592981,-49.277407019,False
1791359441192790016,,608,bird_eye,0,0,False,0.0,no_alert,0,0,1791359441193238647,-49.238761353,False
1791359441219907548,,609,bird_eye,0,0,False,0.0,no_alert,0,0,1791359441220253241,-49.211746759,False
1791359441259380611,,610,bird_eye,0,0,False,0.0,no_alert,0,0,1791359441259728584,-49.172271416,False
1791359441288900165,,611,bird_eye,0,0,False,0.0,no_alert,0,0,1791359441289264642,-49.142735358,False
1791359441319440427,,612,bird_eye,0,0,False,0.0,no_alert,0,0,1791359441319905111,-49.112094889,False
1791359441354866426,,613,bird_eye,0,0,False,0.0,no_alert,0,0,1791359441355169281,-49.076830719,False
1791359441390115313,,614,bird_eye,0,0,False,0.0,no_alert,0,0,1791359441390484591,-49.041515409,False
1791359441419919967,,615,bird_eye,0,0,False,0.0,no_alert,0,0,1791359441420143636,-49.011856364,False
1791359441456354154,,616,bird_eye,0,0,False,0.0,no_alert,0,0,1791359441456732977,-48.975267023,False
1791359441486766446,,617,bird_eye,0,0,False,0.0,no_alert,0,0,1791359441487165670,-48.94483433,False
1791359441522092135,,618,bird_eye,0,0,False,0.0,no_alert,0,0,1791359441522490589,-48.909509411,False
1791359441556877935,,619,bird_eye,0,0,False,0.0,no_alert,0,0,1791359441557394784,-48.874605216,False
1791359441585794057,,620,bird_eye,0,0,False,0.0,no_alert,0,0,1791359441586066105,-48.845933895,False
1791359441622844149,,621,bird_eye,0,0,False,0.0,no_alert,0,0,1791359441623275235,-48.808724765,False
1791359441655184445,,622,bird_eye,0,0,False,0.0,no_alert,0,0,1791359441655437536,-48.776562464,False
1791359441689063636,,623,bird_eye,0,0,False,0.0,no_alert,0,0,1791359441689562210,-48.74243779,False
1791359441721311481,,624,bird_eye,0,0,False,0.0,no_alert,0,0,1791359441721737282,-48.710262718,False
1791359441755002671,,625,bird_eye,0,0,False,0.0,no_alert,0,0,1791359441755273590,-48.67672641,False
1791359441787004608,,626,bird_eye,0,0,False,0.0,no_alert,0,0,1791359441787314210,-48.64468579,False
1791359441821827840,,627,bird_eye,0,0,False,0.0,no_alert,0,0,1791359441822157101,-48.609842899,False
1791359441855859880,,628,bird_eye,0,0,False,0.0,no_alert,0,0,1791359441856309121,-48.575690879,False
1791359441888894072,,629,bird_eye,0,0,False,0.0,no_alert,0,0,1791359441889194658,-48.542805342,False
1791359441922093149,,630,bird_eye,0,0,False,0.0,no_alert,0,0,1791359441922348173,-48.509651827,False
1791359441953829246,,631,bird_eye,0,0,False,0.0,no_alert,0,0,1791359441954063148,-48.477936852,False
1791359441988748939,,632,bird_eye,0,0,False,0.0,no_alert,0,0,1791359441989095299,-48.442904701,False
1791359442020914410,,633,bird_eye,0,0,False,0.0,no_alert,0,0,1791359442021388261,-48.410611739,False
1791359442055114980,,634,bird_eye,0,0,False,0.0,no_alert,0,0,1791359442055514154,-48.376485846,False
1791359442088782526,,635,bird_eye,0,0,False,0.0,no_alert,0,0,1791359442089193765,-48.342806235,False
1791359442119946518,,636,bird_eye,0,0,False,0.0,no_alert,0,0,1791359442120432686,-48.311567314,False
1791359442154797751,,637,bird_eye,0,0,False,0.0,no_alert,0,0,1791359442155057689,-48.276942311,False
1791359442189431504,,638,bird_eye,0,0,False,0.0,no_alert,0,0,1791359442189805081,-48.242194919,False
1791359442221202208,,639,bird_eye,0,0,False,0.0,no_alert,0,0,1791359442221447242,-48.210552758,False
1791359442255187890,,640,bird_eye,0,0,False,0.0,no_alert,0,0,1791359442255418694,-48.176581306,False
1791359442288063615,,641,bird_eye,0,0,False,0.0,no_alert,0,0,1791359442288333879,-48.143666121,False
1791359442323406141,,642,bird_eye,0,0,False,0.0,no_alert,0,0,1791359442323810445,-48.108189555,False
1791359442354739966,,643,bird_eye,0,0,False,0.0,no_alert,0,0,1791359442355061939,-48.076938061,False
1791359442390878743,,644,bird_eye,0,0,False,0.0,no_alert,0,0,1791359442391286664,-48.040713336,False
1791359442421242883,,645,bird_eye,0,0,False,0.0,no_alert,0,0,1791359442421660899,-48.010339101,False
1791359442456233643,,646,bird_eye,0,0,False,0.0,no_alert,0,0,1791359442456613598,-47.975386402,False
1791359442488176343,,647,bird_eye,0,0,False,0.0,no_alert,0,0,1791359442488615534,-47.943384466,False
1791359442524470396,,648,bird_eye,0,0,False,0.0,no_alert,0,0,1791359442524774200,-47.9072258,False
1791359442554273148,,649,bird_eye,0,0,False,0.0,no_alert,0,0,1791359442554526075,-47.877473925,False
1791359442590853122,,650,bird_eye,0,0,False,0.0,no_alert,0,0,1791359442591219215,-47.840780785,False
1791359442621377442,,651,bird_eye,0,0,False,0.0,no_alert,0,0,1791359442621803326,-47.810196674,False
1791359442655990208,,652,bird_eye,0,0,False,0.0,no_alert,0,0,1791359442656382094,-47.775617906,False
1791359442687312515,,653,bird_eye,0,0,False,0.0,no_alert,0,0,1791359442687620850,-47.74437915,False
1791359442723626152,,654,bird_eye,0,0,False,0.0,no_alert,0,0,1791359442724150784,-47.707849216,False
1791359442755465075,,655,bird_eye,0,0,False,0.0,no_alert,0,0,1791359442755675466,-47.676324534,False
1791359442790019268,,656,bird_eye,0,0,False,0.0,no_alert,0,0,1791359442790371383,-47.641628617,False
1791359442823420402,,657,bird_eye,0,0,False,0.0,no_alert,0,0,1791359442823673597,-47.608326403,False
1791359442856195623,,658,bird_eye,0,0,False,0.0,no_alert,0,0,1791359442856334476,-47.575665524,False
1791359442885920016,,659,bird_eye,0,0,False,0.0,no_alert,0,0,1791359442886212664,-47.545787336,False
1791359442930303877,,660,bird_eye,0,0,False,0.0,no_alert,0,0,1791359442930855210,-47.50114479,False
1791359442959391316,,661,bird_eye,0,0,False,0.0,no_alert,0,0,1791359442959716304,-47.472283696,False
1791359442987953640,,662,bird_eye,0,0,False,0.0,no_alert,0,0,1791359442988390512,-47.443609488,False
1791359443021957553,,663,bird_eye,0,0,False,0.0,no_alert,0,0,1791359443022313090,-47.40968691,False
1791359443056196028,,664,bird_eye,0,0,False,0.0,no_alert,0,0,1791359443056595275,-47.375404725,False
1791359443087177108,,665,bird_eye,0,0,False,0.0,no_alert,0,0,1791359443087536172,-47.344463828,False
1791359443122027572,,666,bird_eye,0,0,False,0.0,no_alert,0,0,1791359443122477619,-47.309522381,False
1791359443154178842,,667,bird_eye,0,0,False,0.0,no_alert,0,0,1791359443154714087,-47.277285913,False
1791359443189217959,,668,bird_eye,0,0,False,0.0,no_alert,0,0,1791359443189454805,-47.242545195,False
1791359443221675105,,669,bird_eye,0,0,False,0.0,no_alert,0,0,1791359443222059759,-47.209940241,False
1791359443255965927,,670,bird_eye,0,0,False,0.0,no_alert,0,0,1791359443256265915,-47.175734085,False
1791359443287207874,,671,bird_eye,0,0,False,0.0,no_alert,0,0,1791359443287577040,-47.14442296,False
1791359443324972895,,672,bird_eye,0,0,False,0.0,no_alert,0,0,1791359443325295365,-47.106704635,False
1791359443353759394,,673,bird_eye,0,0,False,0.0,no_alert,0,0,1791359443354042534,-47.077957466,False
1791359443390070145,,674,bird_eye,0,0,False,0.0,no_alert,0,0,1791359443390371015,-47.041628985,False
1791359443420231231,,675,bird_eye,0,0,False,0.0,no_alert,0,0,1791359443420576583,-47.011423417,False
1791359443452813803,,676,bird_eye,0,0,False,0.0,no_alert,0,0,1791359443453101917,-46.978898083,False
1791359443488606862,,677,bird_eye,0,0,False,0.0,no_alert,0,0,1791359443489000014,-46.942999986,False
1791359443520035462,,678,bird_eye,0,0,False,0.0,no_alert,0,0,1791359443520289982,-46.911710018,False
1791359443556652829,,679,bird_eye,0,0,False,0.0,no_alert,0,0,1791359443557035129,-46.874964871,False
1791359443588487581,,680,bird_eye,0,0,False,0.0,no_alert,0,0,1791359443588823469,-46.843176531,False
1791359443621808027,,681,bird_eye,0,0,False,0.0,no_alert,0,0,1791359443622217759,-46.809782241,False
1791359443660514344,,682,bird_eye,0,0,False,0.0,no_alert,0,0,1791359443660761819,-46.771238181,False
1791359443686922067,,683,bird_eye,0,0,False,0.0,no_alert,0,0,1791359443687342144,-46.744657856,False
1791359443723679233,,684,bird_eye,0,0,False,0.0,no_alert,0,0,1791359443724047026,-46.707952974,False
1791359443754016629,,685,bird_eye,0,0,False,0.0,no_alert,0,0,1791359443754259016,-46.677740984,False
1791359443797997960,,686,bird_eye,0,0,False,0.0,no_alert,0,0,1791359443798516958,-46.633483042,False
1791359443829320050,,687,bird_eye,0,0,False,0.0,no_alert,0,0,1791359443829681399,-46.602318601,False
1791359443858257943,,688,bird_eye,0,0,False,0.0,no_alert,0,0,1791359443858586897,-46.573413103,False
1791359443892231151,,689,bird_eye,0,0,False,0.0,no_alert,0,0,1791359443892514595,-46.539485405,False
1791359443926928887,,690,bird_eye,0,0,False,0.0,no_alert,0,0,1791359443927312011,-46.504687989,False
1791359443956954782,,691,bird_eye,0,0,False,0.0,no_alert,0,0,1791359443957527685,-46.474472315,False
1791359443991294265,,692,bird_eye,0,0,False,0.0,no_alert,0,0,1791359443991830939,-46.440169061,False
1791359444020757546,,693,bird_eye,0,0,False,0.0,no_alert,0,0,1791359444021098301,-46.410901699,False
1791359444054914403,,694,bird_eye,0,0,False,0.0,no_alert,0,0,1791359444055231931,-46.376768069,False
1791359444087984307,,695,bird_eye,0,0,False,0.0,no_alert,0,0,1791359444088333436,-46.343666564,False
1791359444129733666,,696,bird_eye,0,0,False,0.0,no_alert,0,0,1791359444130213394,-46.301786606,False
1791359444163813010,,697,bird_eye,0,0,False,0.0,no_alert,0,0,1791359444164320322,-46.267679678,False
1791359444198415091,,698,bird_eye,0,0,False,0.0,no_alert,0,0,1791359444198838323,-46.233161677,False
1791359444223969746,,699,bird_eye,0,0,False,0.0,no_alert,0,0,1791359444224370596,-46.207629404,False
1791359444264183090,,700,bird_eye,0,0,False,0.0,no_alert,0,0,1791359444264570522,-46.167429478,False
1791359444303149954,,701,bird_eye,0,0,False,0.0,no_alert,0,0,1791359444303597206,-46.128402794,False
1791359444323448821,,702,bird_eye,0,0,False,0.0,no_alert,0,0,1791359444323701905,-46.108298095,False
1791359444356184814,,703,bird_eye,0,0,False,0.0,no_alert,0,0,1791359444356483007,-46.075516993,False
1791359444394563244,,704,bird_eye,0,0,False,0.0,no_alert,0,0,1791359444394841166,-46.037158834,False
1791359444422696158,,705,bird_eye,0,0,False,0.0,no_alert,0,0,1791359444422961276,-46.009038724,False
1791359444459183919,,706,bird_eye,0,0,False,0.0,no_alert,0,0,1791359444459515285,-45.972484715,False
1791359444492573718,,707,bird_eye,0,0,False,0.0,no_alert,0,0,1791359444492760317,-45.939239683,False
1791359444520934156,,708,bird_eye,0,0,False,0.0,no_alert,0,0,1791359444521254115,-45.910745885,False
1791359444555239130,,709,bird_eye,0,0,False,0.0,no_alert,0,0,1791359444555502604,-45.876497396,False
1791359444594483726,,710,bird_eye,0,0,False,0.0,no_alert,0,0,1791359444594764632,-45.837235368,False
1791359444624037889,,711,bird_eye,0,0,False,0.0,no_alert,0,0,1791359444624343025,-45.807656975,False
1791359444658759747,,712,bird_eye,0,0,False,0.0,no_alert,0,0,1791359444659043110,-45.77295689,False
1791359444687746986,,713,bird_eye,0,0,False,0.0,no_alert,0,0,1791359444688114737,-45.743885263,False
1791359444722138636,,714,bird_eye,0,0,False,0.0,no_alert,0,0,1791359444722469030,-45.70953097,False
1791359444755124741,,715,bird_eye,0,0,False,0.0,no_alert,0,0,1791359444755407488,-45.676592512,False
1791359444791346766,,716,bird_eye,0,0,False,0.0,no_alert,0,0,1791359444791710157,-45.640289843,False
1791359444820995051,,717,bird_eye,0,0,False,0.0,no_alert,0,0,1791359444821317378,-45.610682622,False
1791359444855944213,,718,bird_eye,0,0,False,0.0,no_alert,0,0,1791359444856362896,-45.575637104,False
1791359444888855759,,719,bird_eye,0,0,False,0.0,no_alert,0,0,1791359444889214498,-45.542785502,False
1791359444923957268,,720,bird_eye,0,0,False,0.0,no_alert,0,0,1791359444924323676,-45.507676324,False
1791359444953981085,,721,bird_eye,0,0,False,0.0,no_alert,0,0,1791359444954398630,-45.47760137,False
1791359444988134662,,722,bird_eye,0,0,False,0.0,no_alert,0,0,1791359444988505555,-45.443494445,False
1791359445022295510,,723,bird_eye,0,0,False,0.0,no_alert,0,0,1791359445022600459,-45.409399541,False
1791359445053864752,,724,bird_eye,0,0,False,0.0,no_alert,0,0,1791359445054165926,-45.377834074,False
1791359445093793389,,725,bird_eye,0,0,False,0.0,no_alert,0,0,1791359445094293670,-45.33770633,False
1791359445121332655,,726,bird_eye,0,0,False,0.0,no_alert,0,0,1791359445121610068,-45.310389932,False
1791359445154870055,,727,bird_eye,0,0,False,0.0,no_alert,0,0,1791359445155088130,-45.27691187,False
1791359445195795726,,728,bird_eye,0,0,False,0.0,no_alert,0,0,1791359445196175586,-45.235824414,False
1791359445222963232,,729,bird_eye,0,0,False,0.0,no_alert,0,0,1791359445223461436,-45.208538564,False
1791359445256750766,,730,bird_eye,0,0,False,0.0,no_alert,0,0,1791359445257069131,-45.174930869,False
1791359445293400390,,731,bird_eye,0,0,False,0.0,no_alert,0,0,1791359445293741431,-45.138258569,False
1791359445322757875,,732,bird_eye,0,0,False,0.0,no_alert,0,0,1791359445323321421,-45.108678579,False
1791359445356869230,,733,bird_eye,0,0,False,0.0,no_alert,0,0,1791359445357285022,-45.074714978,False
1791359445388024918,,734,bird_eye,0,0,False,0.0,no_alert,0,0,1791359445388448567,-45.043551433,False
1791359445420350262,,735,bird_eye,0,0,False,0.0,no_alert,0,0,1791359445420765854,-45.011234146,False
1791359445453847453,,736,bird_eye,0,0,False,0.0,no_alert,0,0,1791359445454085626,-44.977914374,False
1791359445489102131,,737,bird_eye,0,0,False,0.0,no_alert,0,0,1791359445489496518,-44.942503482,False
1791359445521745147,,738,bird_eye,0,0,False,0.0,no_alert,0,0,1791359445522138181,-44.909861819,False
1791359445556854842,,739,bird_eye,0,0,False,0.0,no_alert,0,0,1791359445557260944,-44.874739056,False
1791359445589485381,,740,bird_eye,0,0,False,0.0,no_alert,0,0,1791359445589876637,-44.842123363,False
1791359445622002522,,741,bird_eye,0,0,False,0.0,no_alert,0,0,1791359445622351343,-44.809648657,False
1791359445656132498,,742,bird_eye,0,0,False,0.0,no_alert,0,0,1791359445656342831,-44.775657169,False
1791359445690036208,,743,bird_eye,0,0,False,0.0,no_alert,0,0,1791359445690312274,-44.741687726,False
1791359445720957431,,744,bird_eye,0,0,False,0.0,no_alert,0,0,1791359445721183927,-44.710816073,False
1791359445760378015,,745,bird_eye,0,0,False,0.0,no_alert,0,0,1791359445760669858,-44.671330142,False
1791359445788175976,,746,bird_eye,0,0,False,0.0,no_alert,0,0,1791359445788416487,-44.643583513,False
1791359445827037366,,747,bird_eye,0,0,False,0.0,no_alert,0,0,1791359445827210271,-44.604789729,False
1791359445853918369,,748,bird_eye,0,0,False,0.0,no_alert,0,0,1791359445854134309,-44.577865691,False
1791359445889205340,,749,bird_eye,0,0,False,0.0,no_alert,0,0,1791359445889433148,-44.542566852,False
1791359445921920290,,750,bird_eye,0,0,False,0.0,no_alert,0,0,1791359445922216886,-44.509783114,False
1791359445956177537,,751,bird_eye,0,0,False,0.0,no_alert,0,0,1791359445956564488,-44.475435512,False
1791359445986787256,,752,bird_eye,0,0,False,0.0,no_alert,0,0,1791359445987034490,-44.44496551,False
1791359446026784633,,753,bird_eye,0,0,False,0.0,no_alert,0,0,1791359446027165849,-44.404834151,False
1791359446054342027,,754,bird_eye,0,0,False,0.0,no_alert,0,0,1791359446054588862,-44.377411138,False
1791359446089863413,,755,bird_eye,0,0,False,0.0,no_alert,0,0,1791359446090143920,-44.34185608,False
1791359446121811430,,756,bird_eye,0,0,False,0.0,no_alert,0,0,1791359446122005200,-44.3099948,False
1791359446156882347,,757,bird_eye,0,0,False,0.0,no_alert,0,0,1791359446157131046,-44.274868954,False
1791359446187915462,,758,bird_eye,0,0,False,0.0,no_alert,0,0,1791359446188185782,-44.243814218,False
1791359446224863798,,759,bird_eye,0,0,False,0.0,no_alert,0,0,1791359446225097650,-44.20690235,False
1791359446254629773,,760,bird_eye,0,0,False,0.0,no_alert,0,0,1791359446254961745,-44.177038255,False
1791359446291616120,,761,bird_eye,0,0,False,0.0,no_alert,0,0,1791359446291790585,-44.140209415,False
1791359446321531090,,762,bird_eye,0,0,False,0.0,no_alert,0,0,1791359446321854565,-44.110145435,False
1791359446355990872,,763,bird_eye,0,0,False,0.0,no_alert,0,0,1791359446356309889,-44.075690111,False
1791359446388830399,,764,bird_eye,0,0,False,0.0,no_alert,0,0,1791359446389243027,-44.042756973,False
1791359446421844984,,765,bird_eye,0,0,False,0.0,no_alert,0,0,1791359446422127670,-44.00987233,False
1791359446454275108,,766,bird_eye,0,0,False,0.0,no_alert,0,0,1791359446454476068,-43.977523932,False
1791359446490120216,,767,bird_eye,0,0,False,0.0,no_alert,0,0,1791359446490403408,-43.941596592,False
1791359446522184245,,768,bird_eye,0,0,False,0.0,no_alert,0,0,1791359446522531781,-43.909468219,False
1791359446556000324,,769,bird_eye,0,0,False,0.0,no_alert,0,0,1791359446556250184,-43.875749816,False
1791359446587862495,,770,bird_eye,0,0,False,0.0,no_alert,0,0,1791359446588142924,-43.843857076,False
1791359446622072036,,771,bird_eye,0,0,False,0.0,no_alert,0,0,1791359446622303670,-43.80969633,False
1791359446656849407,,772,bird_eye,0,0,False,0.0,no_alert,0,0,1791359446657075966,-43.774924034,False
1791359446689156172,,773,bird_eye,0,0,False,0.0,no_alert,0,0,1791359446689402663,-43.742597337,False
1791359446724700711,,774,bird_eye,0,0,False,0.0,no_alert,0,0,1791359446724983566,-43.707016434,False
1791359446755456261,,775,bird_eye,0,0,False,0.0,no_alert,0,0,1791359446755765769,-43.676234231,False
1791359446790983771,,776,bird_eye,0,0,False,0.0,no_alert,0,0,1791359446791298538,-43.640701462,False
1791359446823281258,,777,bird_eye,0,0,False,0.0,no_alert,0,0,1791359446823650897,-43.608349103,False
1791359446855953145,,778,bird_eye,0,0,False,0.0,no_alert,0,0,1791359446856307800,-43.5756922,False
1791359446887841345,,779,bird_eye,0,0,False,0.0,no_alert,0,0,1791359446888166093,-43.543833907,False
1791359446924092453,,780,bird_eye,0,0,False,0.0,no_alert,0,0,1791359446924369122,-43.507630878,False
1791359446955110355,,781,bird_eye,0,0,False,0.0,no_alert,0,0,1791359446955293923,-43.476706077,False
1791359446989170659,,782,bird_eye,0,0,False,0.0,no_alert,0,0,1791359446989385828,-43.442614172,False
1791359447022281620,,783,bird_eye,0,0,False,0.0,no_alert,0,0,1791359447022567585,-43.409432415,False
1791359447058272192,,784,bird_eye,0,0,False,0.0,no_alert,0,0,1791359447058601031,-43.373398969,False
1791359447087836995,,785,bird_eye,0,0,False,0.0,no_alert,0,0,1791359447088122608,-43.343877392,False
1791359447122324392,,786,bird_eye,0,0,False,0.0,no_alert,0,0,1791359447122585398,-43.309414602,False
1791359447157189779,,787,bird_eye,0,0,False,0.0,no_alert,0,0,1791359447157428426,-43.274571574,False
1791359447190093415,,788,bird_eye,0,0,False,0.0,no_alert,0,0,1791359447190431281,-43.241568719,False
1791359447223086067,,789,bird_eye,0,0,False,0.0,no_alert,0,0,1791359447223531602,-43.208468398,False
1791359447256087430,,790,bird_eye,0,0,False,0.0,no_alert,0,0,1791359447256365109,-43.175634891,False
1791359447297012273,,791,bird_eye,0,0,False,0.0,no_alert,0,0,1791359447297298577,-43.134701423,False
1791359447320823812,,792,bird_eye,0,0,False,0.0,no_alert,0,0,1791359447321240955,-43.110759045,False
1791359447355951480,,793,bird_eye,0,0,False,0.0,no_alert,0,0,1791359447356310231,-43.075689769,False
1791359447390260271,,794,bird_eye,0,0,False,0.0,no_alert,0,0,1791359447390512159,-43.041487841,False
1791359447423274880,,795,bird_eye,0,0,False,0.0,no_alert,0,0,1791359447423548935,-43.008451065,False
1791359447456290152,,796,bird_eye,0,0,False,0.0,no_alert,0,0,1791359447456484300,-42.9755157,False
1791359447489981081,,797,bird_eye,0,0,False,0.0,no_alert,0,0,1791359447490300677,-42.941699323,False
1791359447522992641,,798,bird_eye,0,0,False,0.0,no_alert,0,0,1791359447523269319,-42.908730681,False
1791359447555198507,,799,bird_eye,0,0,False,0.0,no_alert,0,0,1791359447555393129,-42.876606871,False
1791359447589380650,,800,bird_eye,0,0,False,0.0,no_alert,0,0,1791359447589640656,-42.842359344,False
1791359447624293059,,801,bird_eye,0,0,False,0.0,no_alert,0,0,1791359447624508468,-42.807491532,False
1791359447656236281,,802,bird_eye,0,0,False,0.0,no_alert,0,0,1791359447656418446,-42.775581554,False
1791359447691557087,,803,bird_eye,0,0,False,0.0,no_alert,0,0,1791359447691844155,-42.740155845,False
1791359447723826140,,804,bird_eye,0,0,False,0.0,no_alert,0,0,1791359447724063105,-42.707936895,False
1791359447756938644,,805,bird_eye,0,0,False,0.0,no_alert,0,0,1791359447757191463,-42.674808537,False
1791359447790347018,,806,bird_eye,0,0,False,0.0,no_alert,0,0,1791359447790558099,-42.641441901,False
1791359447823818359,,807,bird_eye,0,0,False,0.0,no_alert,0,0,1791359447824034286,-42.607965714,False
1791359447855304129,,808,bird_eye,0,0,False,0.0,no_alert,0,0,1791359447855632145,-42.576367855,False
1791359447889450792,,809,bird_eye,0,0,False,0.0,no_alert,0,0,1791359447889767688,-42.542232312,False
1791359447923330230,,810,bird_eye,0,0,False,0.0,no_alert,0,0,1791359447923641859,-42.508358141,False
1791359447956331058,,811,bird_eye,0,0,False,0.0,no_alert,0,0,1791359447956651030,-42.47534897,False
1791359447989176983,,812,bird_eye,0,0,False,0.0,no_alert,0,0,1791359447989455058,-42.442544942,False
1791359448023524297,,813,bird_eye,0,0,False,0.0,no_alert,0,0,1791359448023772891,-42.408227109,False
1791359448057937960,,814,bird_eye,0,0,False,0.0,no_alert,0,0,1791359448058199968,-42.373800032,False
1791359448089077507,,815,bird_eye,0,0,False,0.0,no_alert,0,0,1791359448089510948,-42.342489052,False
1791359448126142634,,816,bird_eye,0,0,False,0.0,no_alert,0,0,1791359448126475767,-42.305524233,False
1791359448155022751,,817,bird_eye,0,0,False,0.0,no_alert,0,0,1791359448155270638,-42.276729362,False
1791359448189267088,,818,bird_eye,0,0,False,0.0,no_alert,0,0,1791359448189573025,-42.242426975,False
1791359448222955158,,819,bird_eye,0,0,False,0.0,no_alert,0,0,1791359448223310681,-42.208689319,False
1791359448255280216,,820,bird_eye,0,0,False,0.0,no_alert,0,0,1791359448255549902,-42.176450098,False
1791359448289030810,,821,bird_eye,0,0,False,0.0,no_alert,0,0,1791359448289348825,-42.142651175,False
1791359448325293059,,822,bird_eye,0,0,False,0.0,no_alert,0,0,1791359448325742513,-42.106257487,False
1791359448355024124,,823,bird_eye,0,0,False,0.0,no_alert,0,0,1791359448355240771,-42.076759229,False
1791359448389165411,,824,bird_eye,0,0,False,0.0,no_alert,0,0,1791359448389479983,-42.042520017,False
1791359448422906249,,825,bird_eye,0,0,False,0.0,no_alert,0,0,1791359448423191488,-42.008808512,False
1791359448456234680,,826,bird_eye,0,0,False,0.0,no_alert,0,0,1791359448456540719,-41.975459281,False
1791359448488369812,,827,bird_eye,0,0,False,0.0,no_alert,0,0,1791359448488758067,-41.943241933,False
1791359448524207814,,828,bird_eye,0,0,False,0.0,no_alert,0,0,1791359448524643969,-41.907356031,False
1791359448555789230,,829,bird_eye,0,0,False,0.0,no_alert,0,0,1791359448556194233,-41.875805767,False
1791359448590471285,,830,bird_eye,0,0,False,0.0,no_alert,0,0,1791359448590801911,-41.841198089,False
1791359448623198040,,831,bird_eye,0,0,False,0.0,no_alert,0,0,1791359448623467242,-41.808532758,False
1791359448660018102,,832,bird_eye,0,0,False,0.0,no_alert,0,0,1791359448660380234,-41.771619766,False
1791359448688316888,,833,bird_eye,0,0,False,0.0,no_alert,0,0,1791359448688578438,-41.743421562,False
1791359448723550790,,834,bird_eye,0,0,False,0.0,no_alert,0,0,1791359448723867642,-41.708132358,False
1791359448795714900,,835,bird_eye,0,0,False,0.0,no_alert,0,0,1791359448796137203,-41.635862797,False
1791359448862637409,,836,bird_eye,0,0,False,0.0,no_alert,0,0,1791359448863249033,-41.568750967,False
1791359448888875780,,837,bird_eye,0,0,False,0.0,no_alert,0,0,1791359448889188204,-41.542811796,False
1791359448924287353,,838,bird_eye,0,0,False,0.0,no_alert,0,0,1791359448924671971,-41.507328029,False
1791359448957775897,,839,bird_eye,0,0,False,0.0,no_alert,0,0,1791359448958028982,-41.473971018,False
1791359448992390403,,840,bird_eye,0,0,False,0.0,no_alert,0,0,1791359448992668740,-41.43933126,False
1791359449022118562,,841,bird_eye,0,0,False,0.0,no_alert,0,0,1791359449022368512,-41.409631488,False
1791359449055997691,,842,bird_eye,0,0,False,0.0,no_alert,0,0,1791359449056226373,-41.375773627,False
1791359449088947252,,843,bird_eye,0,0,False,0.0,no_alert,0,0,1791359449089200802,-41.342799198,False
1791359449123763452,,844,bird_eye,0,0,False,0.0,no_alert,0,0,1791359449124046522,-41.307953478,False
1791359449157327854,,845,bird_eye,0,0,False,0.0,no_alert,0,0,1791359449157640991,-41.274359009,False
1791359449193463137,,846,bird_eye,0,0,False,0.0,no_alert,0,0,1791359449193747004,-41.238252996,False
1791359449224053525,,847,bird_eye,0,0,False,0.0,no_alert,0,0,1791359449224325959,-41.207674041,False
1791359449257904950,,848,bird_eye,0,0,False,0.0,no_alert,0,0,1791359449258248510,-41.17375149,False
1791359449291280377,,849,bird_eye,0,0,False,0.0,no_alert,0,0,1791359449291580268,-41.140419732,False
1791359449324230105,,850,bird_eye,0,0,False,0.0,no_alert,0,0,1791359449324452210,-41.10754779,False
1791359449358696983,,851,bird_eye,0,0,False,0.0,no_alert,0,0,1791359449358977974,-41.073022026,False
1791359449391266059,,852,bird_eye,0,0,False,0.0,no_alert,0,0,1791359449391505445,-41.040494555,False
1791359449427025419,,853,bird_eye,0,0,False,0.0,no_alert,0,0,1791359449427478843,-41.004521157,False
1791359449460454727,,854,bird_eye,0,0,False,0.0,no_alert,0,0,1791359449460877955,-40.971122045,False
1791359449488577025,,855,bird_eye,0,0,False,0.0,no_alert,0,0,1791359449488809957,-40.943190043,False
1791359449525494425,,856,bird_eye,0,0,False,0.0,no_alert,0,0,1791359449525884984,-40.906115016,False
1791359449559206321,,857,bird_eye,0,0,False,0.0,no_alert,0,0,1791359449559530636,-40.872469364,False
1791359449592453897,,858,bird_eye,0,0,False,0.0,no_alert,0,0,1791359449592923418,-40.839076582,False
1791359449626435274,,859,bird_eye,0,0,False,0.0,no_alert,0,0,1791359449626890218,-40.805109782,False
1791359449655397203,,860,bird_eye,0,0,False,0.0,no_alert,0,0,1791359449655571993,-40.776428007,False
1791359449690128252,,861,bird_eye,0,0,False,0.0,no_alert,0,0,1791359449690292550,-40.74170745,False
1791359449724517125,,862,bird_eye,0,0,False,0.0,no_alert,0,0,1791359449724688896,-40.707311104,False
1791359449755196767,,863,bird_eye,0,0,False,0.0,no_alert,0,0,1791359449755467949,-40.676532051,False
1791359449790412178,,864,bird_eye,0,0,False,0.0,no_alert,0,0,1791359449790773454,-40.641226546,False
1791359449825901560,,865,bird_eye,0,0,False,0.0,no_alert,0,0,1791359449826217929,-40.605782071,False
1791359449856443542,,866,bird_eye,0,0,False,0.0,no_alert,0,0,1791359449856690422,-40.575309578,False
1791359449891431015,,867,bird_eye,0,0,False,0.0,no_alert,0,0,1791359449891791933,-40.540208067,False
1791359449925141703,,868,bird_eye,0,0,False,0.0,no_alert,0,0,1791359449925591984,-40.506408016,False
1791359449957904817,,869,bird_eye,0,0,False,0.0,no_alert,0,0,1791359449958315876,-40.473684124,False
1791359449989215640,,870,bird_eye,0,0,False,0.0,no_alert,0,0,1791359449989580613,-40.442419387,False
1791359450025412009,,871,bird_eye,0,0,False,0.0,no_alert,0,0,1791359450025885307,-40.406114693,False
1791359450056964286,,872,bird_eye,0,0,False,0.0,no_alert,0,0,1791359450057316099,-40.374683901,False
1791359450089295131,,873,bird_eye,0,0,False,0.0,no_alert,0,0,1791359450089710180,-40.34228982,False
1791359450125348811,,874,bird_eye,0,0,False,0.0,no_alert,0,0,1791359450125654227,-40.306345773,False
1791359450156571748,,875,bird_eye,0,0,False,0.0,no_alert,0,0,1791359450156891562,-40.275108438,False
1791359450190236442,,876,bird_eye,0,0,False,0.0,no_alert,0,0,1791359450190666140,-40.24133386,False
1791359450224403203,,877,bird_eye,0,0,False,0.0,no_alert,0,0,1791359450224771657,-40.207228343,False
1791359450256375258,,878,bird_eye,0,0,False,0.0,no_alert,0,0,1791359450256903837,-40.175096163,False
1791359450288810006,,879,bird_eye,0,0,False,0.0,no_alert,0,0,1791359450289157244,-40.142842756,False
1791359450323417039,,880,bird_eye,0,0,False,0.0,no_alert,0,0,1791359450323737697,-40.108262303,False
1791359450355492191,,881,bird_eye,0,0,False,0.0,no_alert,0,0,1791359450355917176,-40.076082824,False
1791359450389752225,,882,bird_eye,0,0,False,0.0,no_alert,0,0,1791359450390147174,-40.041852826,False
1791359450422986774,,883,bird_eye,0,0,False,0.0,no_alert,0,0,1791359450423356585,-40.008643415,False
1791359450456352393,,884,bird_eye,0,0,False,0.0,no_alert,0,0,1791359450456785965,-39.975214035,False
1791359450490151821,,885,bird_eye,0,0,False,0.0,no_alert,0,0,1791359450490473203,-39.941526797,False
1791359450523003684,,886,bird_eye,0,0,False,0.0,no_alert,0,0,1791359450523427916,-39.908572084,False
1791359450556339240,,887,bird_eye,0,0,False,0.0,no_alert,0,0,1791359450556849454,-39.875150546,False
1791359450591087210,,888,bird_eye,0,0,False,0.0,no_alert,0,0,1791359450591474637,-39.840525363,False
1791359450622470393,,889,bird_eye,0,0,False,0.0,no_alert,0,0,1791359450622759454,-39.809240546,False
1791359450657105897,,890,bird_eye,0,0,False,0.0,no_alert,0,0,1791359450657392816,-39.774607184,False
1791359450688721203,,891,bird_eye,0,0,False,0.0,no_alert,0,0,1791359450689147432,-39.742852568,False
1791359450724381453,,892,bird_eye,0,0,False,0.0,no_alert,0,0,1791359450724767299,-39.707232701,False
1791359450756603234,,893,bird_eye,0,0,False,0.0,no_alert,0,0,1791359450757053781,-39.674946219,False
1791359450788279393,,894,bird_eye,0,0,False,0.0,no_alert,0,0,1791359450788724795,-39.643275205,False
1791359450824682940,,895,bird_eye,0,0,False,0.0,no_alert,0,0,1791359450825111778,-39.606888222,False
1791359450857010099,,896,bird_eye,0,0,False,0.0,no_alert,0,0,1791359450857370029,-39.574629971,False
1791359450890224669,,897,bird_eye,0,0,False,0.0,no_alert,0,0,1791359450890519503,-39.541480497,False
1791359450925613282,,898,bird_eye,0,0,False,0.0,no_alert,0,0,1791359450925939270,-39.50606073,False
1791359450956496190,,899,bird_eye,0,0,False,0.0,no_alert,0,0,1791359450956780400,-39.4752196,False
1791359450988504592,,900,bird_eye,0,0,False,0.0,no_alert,0,0,1791359450988820812,-39.443179188,False
1791359451031239628,,901,bird_eye,0,0,False,0.0,no_alert,0,0,1791359451031778100,-39.4002219,False
1791359451055178400,,902,bird_eye,0,0,False,0.0,no_alert,0,0,1791359451055437952,-39.376562048,False
1791359451089560230,,903,bird_eye,0,0,False,0.0,no_alert,0,0,1791359451089919726,-39.342080274,False
1791359451131307224,,904,bird_eye,0,0,False,0.0,no_alert,0,0,1791359451131672841,-39.300327159,False
1791359451154866518,,905,bird_eye,0,0,False,0.0,no_alert,0,0,1791359451155237684,-39.276762316,False
1791359451190635815,,906,bird_eye,0,0,False,0.0,no_alert,0,0,1791359451190975176,-39.241024824,False
1791359451224246322,,907,bird_eye,0,0,False,0.0,no_alert,0,0,1791359451224515421,-39.207484579,False
1791359451255595274,,908,bird_eye,0,0,False,0.0,no_alert,0,0,1791359451255829465,-39.176170535,False
1791359451292963801,,909,bird_eye,0,0,False,0.0,no_alert,0,0,1791359451293215061,-39.138784939,False
1791359451324123138,,910,bird_eye,0,0,False,0.0,no_alert,0,0,1791359451324349011,-39.107650989,False
1791359451357848869,,911,bird_eye,0,0,False,0.0,no_alert,0,0,1791359451358118980,-39.07388102,False
1791359451388491990,,912,bird_eye,0,0,False,0.0,no_alert,0,0,1791359451388822741,-39.043177259,False
1791359451426922464,,913,bird_eye,0,0,False,0.0,no_alert,0,0,1791359451427197911,-39.004802089,False
1791359451456122871,,914,bird_eye,0,0,False,0.0,no_alert,0,0,1791359451456511479,-38.975488521,False
1791359451489527991,,915,bird_eye,0,0,False,0.0,no_alert,0,0,1791359451489956132,-38.942043868,False
1791359451524552174,,916,bird_eye,0,0,False,0.0,no_alert,0,0,1791359451525059918,-38.906940082,False
1791359451558945842,,917,bird_eye,0,0,False,0.0,no_alert,0,0,1791359451559277704,-38.872722296,False
1791359451588104585,,918,bird_eye,0,0,False,0.0,no_alert,0,0,1791359451588384069,-38.843615931,False
1791359451622835365,,919,bird_eye,0,0,False,0.0,no_alert,0,0,1791359451623170292,-38.808829708,False
1791359451655893147,,920,bird_eye,0,0,False,0.0,no_alert,0,0,1791359451656175015,-38.775824985,False
1791359451689971955,,921,bird_eye,0,0,False,0.0,no_alert,0,0,1791359451690285250,-38.74171475,False
1791359451725084063,,922,bird_eye,0,0,False,0.0,no_alert,0,0,1791359451725402064,-38.706597936,False
1791359451758100902,,923,bird_eye,0,0,False,0.0,no_alert,0,0,1791359451758460387,-38.673539613,False
1791359451789155969,,924,bird_eye,0,0,False,0.0,no_alert,0,0,1791359451789524490,-38.64247551,False
1791359451824803012,,925,bird_eye,0,0,False,0.0,no_alert,0,0,1791359451825154421,-38.606845579,False
1791359451856128483,,926,bird_eye,0,0,False,0.0,no_alert,0,0,1791359451856396657,-38.575603343,False
1791359451891591859,,927,bird_eye,0,0,False,0.0,no_alert,0,0,1791359451892053000,-38.539947,False
1791359451922143498,,928,bird_eye,0,0,False,0.0,no_alert,0,0,1791359451922515374,-38.509484626,False
1791359451956070383,,929,bird_eye,0,0,False,0.0,no_alert,0,0,1791359451956402617,-38.475597383,False
1791359451989714330,,930,bird_eye,0,0,False,0.0,no_alert,0,0,1791359451990190203,-38.441809797,False
1791359452025249191,,931,bird_eye,0,0,False,0.0,no_alert,0,0,1791359452025765931,-38.406234069,False
1791359452056507353,,932,bird_eye,0,0,False,0.0,no_alert,0,0,1791359452056829484,-38.375170516,False
1791359452090168388,,933,bird_eye,0,0,False,0.0,no_alert,0,0,1791359452090611122,-38.341388878,False
1791359452123761042,,934,bird_eye,0,0,False,0.0,no_alert,0,0,1791359452124224799,-38.307775201,False
1791359452156652803,,935,bird_eye,0,0,False,0.0,no_alert,0,0,1791359452157000250,-38.27499975,False
1791359452190030300,,936,bird_eye,0,0,False,0.0,no_alert,0,0,1791359452190339842,-38.241660158,False
1791359452223260227,,937,bird_eye,0,0,False,0.0,no_alert,0,0,1791359452223511891,-38.208488109,False
1791359452256881595,,938,bird_eye,0,0,False,0.0,no_alert,0,0,1791359452257141477,-38.174858523,False
1791359452289706302,,939,bird_eye,0,0,False,0.0,no_alert,0,0,1791359452290016880,-38.14198312,False
1791359452322184875,,940,bird_eye,0,0,False,0.0,no_alert,0,0,1791359452322678135,-38.109321865,False
1791359452356122472,,941,bird_eye,0,0,False,0.0,no_alert,0,0,1791359452356637708,-38.075362292,False
1791359452401561907,,942,bird_eye,0,0,False,0.0,no_alert,0,0,1791359452402021072,-38.029978928,False
1791359452444211695,,943,bird_eye,0,0,False,0.0,no_alert,0,0,1791359452444674521,-37.987325479,False
1791359452508534410,,944,bird_eye,0,0,False,0.0,no_alert,0,0,1791359452508917834,-37.923082166,False
1791359452557544014,,945,bird_eye,0,0,False,0.0,no_alert,0,0,1791359452558240448,-37.873759552,False
1791359452594557800,,946,bird_eye,0,0,False,0.0,no_alert,0,0,1791359452594915047,-37.837084953,False
1791359452626384104,,947,bird_eye,0,0,False,0.0,no_alert,0,0,1791359452626933056,-37.805066944,False
1791359452651841856,,948,bird_eye,0,0,False,0.0,no_alert,0,0,1791359452652181850,-37.77981815,False
1791359452670596843,,949,bird_eye,0,0,False,0.0,no_alert,0,0,1791359452670866738,-37.761133262,False
1791359452699805276,,950,bird_eye,0,0,False,0.0,no_alert,0,0,1791359452700152090,-37.73184791,False
1791359452743043453,,951,bird_eye,0,0,False,0.0,no_alert,0,0,1791359452743351955,-37.688648045,False
1791359452762485293,,952,bird_eye,0,0,False,0.0,no_alert,0,0,1791359452762764288,-37.669235712,False
1791359452795776879,,953,bird_eye,0,0,False,0.0,no_alert,0,0,1791359452796252392,-37.635747608,False
1791359452827754882,,954,bird_eye,0,0,False,0.0,no_alert,0,0,1791359452828088399,-37.603911601,False
1791359452861388285,,955,bird_eye,0,0,False,0.0,no_alert,0,0,1791359452861897143,-37.570102857,False
1791359452889917846,,956,bird_eye,0,0,False,0.0,no_alert,0,0,1791359452890320339,-37.541679661,False
1791359452922240362,,957,bird_eye,0,0,False,0.0,no_alert,0,0,1791359452922611889,-37.509388111,False
1791359452959462081,,958,bird_eye,0,0,False,0.0,no_alert,0,0,1791359452959835426,-37.472164574,False
1791359452987374005,,959,bird_eye,0,0,False,0.0,no_alert,0,0,1791359452987747482,-37.444252518,False
1791359453023770650,,960,bird_eye,0,0,False,0.0,no_alert,0,0,1791359453024336115,-37.407663885,False
1791359453055652628,,961,bird_eye,0,0,False,0.0,no_alert,0,0,1791359453055992550,-37.37600745,False
1791359453085795460,,962,bird_eye,0,0,False,0.0,no_alert,0,0,1791359453086532051,-37.345467949,False
1791359453120778015,,963,bird_eye,0,0,False,0.0,no_alert,0,0,1791359453121137388,-37.310862612,False
1791359453145946606,,964,bird_eye,0,0,False,0.0,no_alert,0,0,1791359453146240600,-37.2857594,False
1791359453179363075,,965,bird_eye,0,0,False,0.0,no_alert,0,0,1791359453179609468,-37.252390532,False
1791359453210890869,,966,bird_eye,0,0,False,0.0,no_alert,0,0,1791359453211134491,-37.220865509,False
1791359453253495284,,967,bird_eye,0,0,False,0.0,no_alert,0,0,1791359453253731055,-37.178268945,False
1791359453282195215,,968,bird_eye,0,0,False,0.0,no_alert,0,0,1791359453282467863,-37.149532137,False
1791359453315915534,,969,bird_eye,0,0,False,0.0,no_alert,0,0,1791359453316266555,-37.115733445,False
1791359453352389479,,970,bird_eye,0,0,False,0.0,no_alert,0,0,1791359453352630093,-37.079369907,False
1791359453375327457,,971,bird_eye,0,0,False,0.0,no_alert,0,0,1791359453375486110,-37.05651389,False
1791359453406566468,,972,bird_eye,0,0,False,0.0,no_alert,0,0,1791359453406773086,-37.025226914,False
1791359453437440335,,973,bird_eye,0,0,False,0.0,no_alert,0,0,1791359453437759862,-36.994240138,False
1791359453475507335,,974,bird_eye,0,0,False,0.0,no_alert,0,0,1791359453475649009,-36.956350991,False
1791359453504667696,,975,bird_eye,0,0,False,0.0,no_alert,0,0,1791359453504958472,-36.927041528,False
1791359453530960467,,976,bird_eye,0,0,False,0.0,no_alert,0,0,1791359453531230454,-36.900769546,False
1791359453566225065,,977,bird_eye,0,0,False,0.0,no_alert,0,0,1791359453566577112,-36.865422888,False
1791359453594561248,,978,bird_eye,0,0,False,0.0,no_alert,0,0,1791359453595026805,-36.836973195,False
1791359453626335721,,979,bird_eye,0,0,False,0.0,no_alert,0,0,1791359453626581252,-36.805418748,False
1791359453665638451,,980,bird_eye,0,0,False,0.0,no_alert,0,0,1791359453666099932,-36.765900068,False
1791359453692347039,,981,bird_eye,0,0,False,0.0,no_alert,0,0,1791359453693341642,-36.738658358,False
1791359453725041663,,982,bird_eye,0,0,False,0.0,no_alert,0,0,1791359453725408936,-36.706591064,False
1791359453758537690,,983,bird_eye,0,0,False,0.0,no_alert,0,0,1791359453758845145,-36.673154855,False
1791359453791295790,,984,bird_eye,0,0,False,0.0,no_alert,0,0,1791359453791614832,-36.640385168,False
1791359453831182415,,985,bird_eye,0,0,False,0.0,no_alert,0,0,1791359453831932367,-36.600067633,False
1791359453870922688,,986,bird_eye,0,0,False,0.0,no_alert,0,0,1791359453871505793,-36.560494207,False
1791359453900963696,,987,bird_eye,0,0,False,0.0,no_alert,0,0,1791359453902347449,-36.529652551,False
1791359453934182783,,988,bird_eye,0,0,False,0.0,no_alert,0,0,1791359453934785004,-36.497214996,False
1791359453961322741,,989,bird_eye,0,0,False,0.0,no_alert,0,0,1791359453961773916,-36.470226084,False
1791359453993200507,,990,bird_eye,0,0,False,0.0,no_alert,0,0,1791359453993515341,-36.438484659,False
1791359454025638091,,991,bird_eye,0,0,False,0.0,no_alert,0,0,1791359454026129967,-36.405870033,False
1791359454059393972,,992,bird_eye,0,0,False,0.0,no_alert,0,0,1791359454059703488,-36.372296512,False
1791359454091530714,,993,bird_eye,0,0,False,0.0,no_alert,0,0,1791359454091994413,-36.340005587,False
1791359454123859601,,994,bird_eye,0,0,False,0.0,no_alert,0,0,1791359454124083235,-36.307916765,False
1791359454159351980,,995,bird_eye,0,0,False,0.0,no_alert,0,0,1791359454159777417,-36.272222583,False
1791359454185995743,,996,bird_eye,0,0,False,0.0,no_alert,0,0,1791359454186292638,-36.245707362,False
1791359454233611721,,997,bird_eye,0,0,False,0.0,no_alert,0,0,1791359454234099959,-36.197900041,False
1791359454255139092,,998,bird_eye,0,0,False,0.0,no_alert,0,0,1791359454255498767,-36.176501233,False
1791359454287459365,,999,bird_eye,0,0,False,0.0,no_alert,0,0,1791359454287863724,-36.144136276,False
1791359454321565075,,1000,bird_eye,0,0,False,0.0,no_alert,0,0,1791359454321982395,-36.110017605,False
1791359454355191193,,1001,bird_eye,0,0,False,0.0,no_alert,0,0,1791359454355422291,-36.076577709,False
1791359454388258932,,1002,bird_eye,0,0,False,0.0,no_alert,0,0,1791359454388471666,-36.043528334,False
1791359454421217422,,1003,bird_eye,0,0,False,0.0,no_alert,0,0,1791359454421444596,-36.010555404,False
1791359454453498047,,1004,bird_eye,0,0,False,0.0,no_alert,0,0,1791359454453759461,-35.978240539,False
1791359454491945302,,1005,bird_eye,0,0,False,0.0,no_alert,0,0,1791359454492367864,-35.939632136,False
1791359454533456666,,1006,bird_eye,0,0,False,0.0,no_alert,0,0,1791359454533860923,-35.898139077,False
1791359454553186308,,1007,bird_eye,0,0,False,0.0,no_alert,0,0,1791359454553450043,-35.878549957,False
1791359454588359830,,1008,bird_eye,0,0,False,0.0,no_alert,0,0,1791359454588631983,-35.843368017,False
1791359454627715810,,1009,bird_eye,0,0,False,0.0,no_alert,0,0,1791359454628137798,-35.803862202,False
1791359454657088013,,1010,bird_eye,0,0,False,0.0,no_alert,0,0,1791359454657408945,-35.774591055,False
1791359454693351906,,1011,bird_eye,0,0,False,0.0,no_alert,0,0,1791359454693600609,-35.738399391,False
1791359454721657696,,1012,bird_eye,0,0,False,0.0,no_alert,0,0,1791359454722123807,-35.709876193,False
1791359454755051455,,1013,bird_eye,0,0,False,0.0,no_alert,0,0,1791359454755427758,-35.676572242,False
1791359454790300078,,1014,bird_eye,0,0,False,0.0,no_alert,0,0,1791359454790717949,-35.641282051,False
1791359454824320601,,1015,bird_eye,0,0,False,0.0,no_alert,0,0,1791359454824607695,-35.607392305,False
1791359454855151556,,1016,bird_eye,0,0,False,0.0,no_alert,0,0,1791359454855384038,-35.576615962,False
1791359454890445775,,1017,bird_eye,0,0,False,0.0,no_alert,0,0,1791359454890853126,-35.541146874,False
1791359454928990667,,1018,bird_eye,0,0,False,0.0,no_alert,0,0,1791359454929419137,-35.502580863,False
1791359454953013958,,1019,bird_eye,0,0,False,0.0,no_alert,0,0,1791359454953250554,-35.478749446,False
1791359454993752120,,1020,bird_eye,0,0,False,0.0,no_alert,0,0,1791359454994044602,-35.437955398,False
1791359455025030757,,1021,bird_eye,0,0,False,0.0,no_alert,0,0,1791359455025437457,-35.406562543,False
1791359455059139805,,1022,bird_eye,0,0,False,0.0,no_alert,0,0,1791359455059408125,-35.372591875,False
1791359455088385080,,1023,bird_eye,0,0,False,0.0,no_alert,0,0,1791359455088708713,-35.343291287,False
1791359455128806675,,1024,bird_eye,0,0,False,0.0,no_alert,0,0,1791359455129099214,-35.302900786,False
1791359455153236318,,1025,bird_eye,0,0,False,0.0,no_alert,0,0,1791359455153448178,-35.278551822,False
1791359455194625922,,1026,bird_eye,0,0,False,0.0,no_alert,0,0,1791359455195073443,-35.236926557,False
1791359455229102325,,1027,bird_eye,0,0,False,0.0,no_alert,0,0,1791359455229432272,-35.202567728,False
1791359455254151048,,1028,bird_eye,0,0,False,0.0,no_alert,0,0,1791359455254390741,-35.177609259,False
1791359455291241073,,1029,bird_eye,0,0,False,0.0,no_alert,0,0,1791359455291479655,-35.140520345,False
1791359455322071385,,1030,bird_eye,0,0,False,0.0,no_alert,0,0,1791359455322320915,-35.109679085,False
1791359455356038802,,1031,bird_eye,0,0,False,0.0,no_alert,0,0,1791359455356293754,-35.075706246,False
1791359455398924446,,1032,bird_eye,0,0,False,0.0,no_alert,0,0,1791359455399433914,-35.032566086,False
1791359455430972699,,1033,bird_eye,0,0,False,0.0,no_alert,0,0,1791359455431453637,-35.000546363,False
1791359455458361475,,1034,bird_eye,0,0,False,0.0,no_alert,0,0,1791359455458635147,-34.973364853,False
1791359455493338627,,1035,bird_eye,0,0,False,0.0,no_alert,0,0,1791359455493675882,-34.938324118,False
1791359455523046962,,1036,bird_eye,0,0,False,0.0,no_alert,0,0,1791359455523317533,-34.908682467,False
1791359455555853859,,1037,bird_eye,0,0,False,0.0,no_alert,0,0,1791359455556185992,-34.875814008,False
1791359455589077906,,1038,bird_eye,0,0,False,0.0,no_alert,0,0,1791359455589433019,-34.842566981,False
1791359455621791936,,1039,bird_eye,0,0,False,0.0,no_alert,0,0,1791359455622213340,-34.80978666,False
1791359455657038380,,1040,bird_eye,0,0,False,0.0,no_alert,0,0,1791359455657412263,-34.774587737,False
1791359455695149616,,1041,bird_eye,0,0,False,0.0,no_alert,0,0,1791359455695379517,-34.736620483,False
1791359455720884119,,1042,bird_eye,0,0,False,0.0,no_alert,0,0,1791359455721145380,-34.71085462,False
1791359455765268805,,1043,bird_eye,0,0,False,0.0,no_alert,0,0,1791359455765573934,-34.666426066,False
1791359455789077620,,1044,bird_eye,0,0,False,0.0,no_alert,0,0,1791359455789256244,-34.642743756,False
1791359455824565064,,1045,bird_eye,0,0,False,0.0,no_alert,0,0,1791359455824851420,-34.60714858,False
1791359455854416802,,1046,bird_eye,0,0,False,0.0,no_alert,0,0,1791359455854779491,-34.577220509,False
1791359455892906855,,1047,bird_eye,0,0,False,0.0,no_alert,0,0,1791359455893210898,-34.538789102,False
1791359455928517073,,1048,bird_eye,0,0,False,0.0,no_alert,0,0,1791359455928732057,-34.503267943,False
1791359455953326861,,1049,bird_eye,0,0,False,0.0,no_alert,0,0,1791359455953509245,-34.478490755,False
1791359455990085978,,1050,bird_eye,0,0,False,0.0,no_alert,0,0,1791359455990401681,-34.441598319,False
1791359456022182336,,1051,bird_eye,0,0,False,0.0,no_alert,0,0,1791359456022453375,-34.409546625,False
1791359456054087787,,1052,bird_eye,0,0,False,0.0,no_alert,0,0,1791359456054369382,-34.377630618,False
1791359456089383856,,1053,bird_eye,0,0,False,0.0,no_alert,0,0,1791359456089705540,-34.34229446,False
1791359456120308340,,1054,bird_eye,0,0,False,0.0,no_alert,0,0,1791359456120599114,-34.311400886,False
1791359456155345939,,1055,bird_eye,0,0,False,0.0,no_alert,0,0,1791359456155711005,-34.276288995,False
1791359456187623488,,1056,bird_eye,0,0,False,0.0,no_alert,0,0,1791359456187887818,-34.244112182,False
1791359456222038963,,1057,bird_eye,0,0,False,0.0,no_alert,0,0,1791359456222295571,-34.209704429,False
1791359456254092163,,1058,bird_eye,0,0,False,0.0,no_alert,0,0,1791359456254328924,-34.177671076,False
1791359456288086947,,1059,bird_eye,0,0,False,0.0,no_alert,0,0,1791359456288338285,-34.143661715,False
1791359456321191284,,1060,bird_eye,0,0,False,0.0,no_alert,0,0,1791359456321459711,-34.110540289,False
1791359456354225988,,1061,bird_eye,0,0,False,0.0,no_alert,0,0,1791359456354425763,-34.077574237,False
1791359456390075996,,1062,bird_eye,0,0,False,0.0,no_alert,0,0,1791359456390410239,-34.041589761,False
1791359456424633491,,1063,bird_eye,0,0,False,0.0,no_alert,0,0,1791359456424926506,-34.007073494,False
1791359456454278151,,1064,bird_eye,0,0,False,0.0,no_alert,0,0,1791359456454480442,-33.977519558,False
1791359456488221074,,1065,bird_eye,0,0,False,0.0,no_alert,0,0,1791359456488618125,-33.943381875,False
1791359456521279815,,1066,bird_eye,0,0,False,0.0,no_alert,0,0,1791359456521602763,-33.910397237,False
1791359456554869685,,1067,bird_eye,0,0,False,0.0,no_alert,0,0,1791359456555268133,-33.876731867,False
1791359456588215087,,1068,bird_eye,0,0,False,0.0,no_alert,0,0,1791359456588573146,-33.843426854,False
1791359456622360065,,1069,bird_eye,0,0,False,0.0,no_alert,0,0,1791359456622589706,-33.809410294,False
1791359456654274783,,1070,bird_eye,0,0,False,0.0,no_alert,0,0,1791359456654475442,-33.777524558,False
1791359456688331635,,1071,bird_eye,0,0,False,0.0,no_alert,0,0,1791359456688700123,-33.743299877,False
1791359456728734406,,1072,bird_eye,0,0,False,0.0,no_alert,0,0,1791359456729121528,-33.702878472,False
1791359456754177587,,1073,bird_eye,0,0,False,0.0,no_alert,0,0,1791359456754355562,-33.677644438,False
1791359456792791592,,1074,bird_eye,0,0,False,0.0,no_alert,0,0,1791359456793219422,-33.638780578,False
1791359456827745781,,1075,bird_eye,0,0,False,0.0,no_alert,0,0,1791359456828020421,-33.603979579,False
1791359456854266942,,1076,bird_eye,0,0,False,0.0,no_alert,0,0,1791359456854479837,-33.577520163,False
1791359456891156901,,1077,bird_eye,0,0,False,0.0,no_alert,0,0,1791359456891440247,-33.540559753,False
1791359456925365466,,1078,bird_eye,0,0,False,0.0,no_alert,0,0,1791359456925824319,-33.506175681,False
1791359456954028671,,1079,bird_eye,0,0,False,0.0,no_alert,0,0,1791359456954241484,-33.477758516,False
1791359456992319519,,1080,bird_eye,0,0,False,0.0,no_alert,0,0,1791359456992603400,-33.4393966,False
1791359457024216342,,1081,bird_eye,0,0,False,0.0,no_alert,0,0,1791359457024570795,-33.407429205,False
1791359457061044373,,1082,bird_eye,0,0,False,0.0,no_alert,0,0,1791359457061344542,-33.370655458,False
1791359457097304677,,1083,bird_eye,0,0,False,0.0,no_alert,0,0,1791359457097613659,-33.334386341,False
1791359457121763357,,1084,bird_eye,0,0,False,0.0,no_alert,0,0,1791359457122071136,-33.309928864,False
1791359457155144819,,1085,bird_eye,0,0,False,0.0,no_alert,0,0,1791359457155428847,-33.276571153,False
1791359457196033961,,1086,bird_eye,0,0,False,0.0,no_alert,0,0,1791359457196468208,-33.235531792,False
1791359457228754365,,1087,bird_eye,0,0,False,0.0,no_alert,0,0,1791359457229150311,-33.202849689,False
1791359457254792236,,1088,bird_eye,0,0,False,0.0,no_alert,0,0,1791359457255167905,-33.176832095,False
1791359457297366708,,1089,bird_eye,0,0,False,0.0,no_alert,0,0,1791359457297654396,-33.134345604,False
1791359457321761216,,1090,bird_eye,0,0,False,0.0,no_alert,0,0,1791359457322045264,-33.109954736,False
1791359457357093973,,1091,bird_eye,0,0,False,0.0,no_alert,0,0,1791359457357497747,-33.074502253,False
1791359457391718181,,1092,bird_eye,0,0,False,0.0,no_alert,0,0,1791359457392018321,-33.039981679,False
1791359457435418984,,1093,bird_eye,0,0,False,0.0,no_alert,0,0,1791359457435796200,-32.9962038,False
1791359457462365822,,1094,bird_eye,0,0,False,0.0,no_alert,0,0,1791359457462771841,-32.969228159,False
1791359457489999191,,1095,bird_eye,0,0,False,0.0,no_alert,0,0,1791359457490267885,-32.941732115,False
1791359457526851126,,1096,bird_eye,0,0,False,0.0,no_alert,0,0,1791359457527151189,-32.904848811,False
1791359457554427202,,1097,bird_eye,0,0,False,0.0,no_alert,0,0,1791359457554971269,-32.877028731,False
1791359457601910616,,1098,bird_eye,0,0,False,0.0,no_alert,0,0,1791359457602213165,-32.829786835,False
1791359457623683186,,1099,bird_eye,0,0,False,0.0,no_alert,0,0,1791359457623990453,-32.808009547,False
1791359457655217769,,1100,bird_eye,0,0,False,0.0,no_alert,0,0,1791359457655478200,-32.7765218,False
1791359457702110320,,1101,bird_eye,0,0,False,0.0,no_alert,0,0,1791359457702567915,-32.729432085,False
1791359457725436309,,1102,bird_eye,0,0,False,0.0,no_alert,0,0,1791359457725787146,-32.706212854,False
1791359457753301020,,1103,bird_eye,0,0,False,0.0,no_alert,0,0,1791359457753534895,-32.678465105,False
1791359457791779324,,1104,bird_eye,0,0,False,0.0,no_alert,0,0,1791359457792064585,-32.639935415,False
1791359457820121674,,1105,bird_eye,0,0,False,0.0,no_alert,0,0,1791359457820375754,-32.611624246,False
1791359457858653318,,1106,bird_eye,0,0,False,0.0,no_alert,0,0,1791359457858952425,-32.573047575,False
1791359457891026014,,1107,bird_eye,0,0,False,0.0,no_alert,0,0,1791359457891295542,-32.540704458,False
1791359457924449008,,1108,bird_eye,0,0,False,0.0,no_alert,0,0,1791359457924724331,-32.507275669,False
1791359457954526707,,1109,bird_eye,0,0,False,0.0,no_alert,0,0,1791359457954889676,-32.477110324,False
1791359457990970514,,1110,bird_eye,0,0,False,0.0,no_alert,0,0,1791359457991379535,-32.440620465,False
1791359458025654364,,1111,bird_eye,0,0,False,0.0,no_alert,0,0,1791359458025970683,-32.406029317,False
1791359458055316396,,1112,bird_eye,0,0,False,0.0,no_alert,0,0,1791359458055524387,-32.376475613,False
1791359458090261934,,1113,bird_eye,0,0,False,0.0,no_alert,0,0,1791359458090698430,-32.34130157,False
1791359458123220036,,1114,bird_eye,0,0,False,0.0,no_alert,0,0,1791359458123430042,-32.308569958,False
1791359458157321515,,1115,bird_eye,0,0,False,0.0,no_alert,0,0,1791359458157783579,-32.274216421,False
1791359458188169180,,1116,bird_eye,0,0,False,0.0,no_alert,0,0,1791359458188392609,-32.243607391,False
1791359458226279355,,1117,bird_eye,0,0,False,0.0,no_alert,0,0,1791359458226586565,-32.205413435,False
1791359458254589946,,1118,bird_eye,0,0,False,0.0,no_alert,0,0,1791359458254796694,-32.177203306,False
1791359458289922859,,1119,bird_eye,0,0,False,0.0,no_alert,0,0,1791359458290184298,-32.141815702,False
1791359458324367529,,1120,bird_eye,0,0,False,0.0,no_alert,0,0,1791359458324650391,-32.107349609,False
1791359458356540109,,1121,bird_eye,0,0,False,0.0,no_alert,0,0,1791359458356895951,-32.075104049,False
1791359458390735699,,1122,bird_eye,0,0,False,0.0,no_alert,0,0,1791359458391313723,-32.040686277,False
1791359458424042896,,1123,bird_eye,0,0,False,0.0,no_alert,0,0,1791359458424295713,-32.007704287,False
1791359458456171663,,1124,bird_eye,0,0,False,0.0,no_alert,0,0,1791359458456386084,-31.975613916,False
1791359458489026538,,1125,bird_eye,0,0,False,0.0,no_alert,0,0,1791359458489282185,-31.942717815,False
1791359458523238479,,1126,bird_eye,0,0,False,0.0,no_alert,0,0,1791359458523459948,-31.908540052,False
1791359458555151820,,1127,bird_eye,0,0,False,0.0,no_alert,0,0,1791359458555371465,-31.876628535,False
1791359458589996889,,1128,bird_eye,0,0,False,0.0,no_alert,0,0,1791359458590255009,-31.841744991,False
1791359458625018126,,1129,bird_eye,0,0,False,0.0,no_alert,0,0,1791359458625259302,-31.806740698,False
1791359458657361636,,1130,bird_eye,0,0,False,0.0,no_alert,0,0,1791359458657582122,-31.774417878,False
1791359458690568321,,1131,bird_eye,0,0,False,0.0,no_alert,0,0,1791359458690798480,-31.74120152,False
1791359458723013979,,1132,bird_eye,0,0,False,0.0,no_alert,0,0,1791359458723247662,-31.708752338,False
1791359458757083290,,1133,bird_eye,0,0,False,0.0,no_alert,0,0,1791359458757291668,-31.674708332,False
1791359458788299599,,1134,bird_eye,0,0,False,0.0,no_alert,0,0,1791359458788550994,-31.643449006,False
1791359458826432154,,1135,bird_eye,0,0,False,0.0,no_alert,0,0,1791359458826692953,-31.605307047,False
1791359458857187704,,1136,bird_eye,0,0,False,0.0,no_alert,0,0,1791359458857439861,-31.574560139,False
1791359458890091334,,1137,bird_eye,0,0,False,0.0,no_alert,0,0,1791359458890606857,-31.541393143,False
1791359458927406336,,1138,bird_eye,0,0,False,0.0,no_alert,0,0,1791359458927708912,-31.504291088,False
1791359458955303780,,1139,bird_eye,0,0,False,0.0,no_alert,0,0,1791359458955521579,-31.476478421,False
1791359458991443423,,1140,bird_eye,0,0,False,0.0,no_alert,0,0,1791359458991706208,-31.440293792,False
1791359459023237794,,1141,bird_eye,0,0,False,0.0,no_alert,0,0,1791359459023449761,-31.408550239,False
1791359459056868955,,1142,bird_eye,0,0,False,0.0,no_alert,0,0,1791359459057072831,-31.374927169,False
1791359459088538137,,1143,bird_eye,0,0,False,0.0,no_alert,0,0,1791359459088723421,-31.343276579,False
1791359459123260465,,1144,bird_eye,0,0,False,0.0,no_alert,0,0,1791359459123543246,-31.308456754,False
1791359459155298740,,1145,bird_eye,0,0,False,0.0,no_alert,0,0,1791359459155589262,-31.276410738,False
1791359459189260293,,1146,bird_eye,0,0,False,0.0,no_alert,0,0,1791359459189534199,-31.242465801,False
1791359459225080996,,1147,bird_eye,0,0,False,0.0,no_alert,0,0,1791359459225339630,-31.20666037,False
1791359459257290430,,1148,bird_eye,0,0,False,0.0,no_alert,0,0,1791359459257542810,-31.17445719,False
1791359459289684991,,1149,bird_eye,0,0,False,0.0,no_alert,0,0,1791359459289966022,-31.142033978,False
1791359459324673384,,1150,bird_eye,0,0,False,0.0,no_alert,0,0,1791359459325059335,-31.106940665,False
1791359459356005618,,1151,bird_eye,0,0,False,0.0,no_alert,0,0,1791359459356222534,-31.075777466,False
1791359459389864558,,1152,bird_eye,0,0,False,0.0,no_alert,0,0,1791359459390142385,-31.041857615,False
1791359459424860978,,1153,bird_eye,0,0,False,0.0,no_alert,0,0,1791359459425123577,-31.006876423,False
1791359459455744852,,1154,bird_eye,0,0,False,0.0,no_alert,0,0,1791359459456030826,-30.975969174,False
1791359459492800913,,1155,bird_eye,0,0,False,0.0,no_alert,0,0,1791359459493120673,-30.938879327,False
1791359459523246983,,1156,bird_eye,0,0,False,0.0,no_alert,0,0,1791359459523639039,-30.908360961,False
1791359459557450954,,1157,bird_eye,0,0,False,0.0,no_alert,0,0,1791359459557918419,-30.874081581,False
1791359459590446533,,1158,bird_eye,0,0,False,0.0,no_alert,0,0,1791359459590866360,-30.84113364,False
1791359459623248704,,1159,bird_eye,0,0,False,0.0,no_alert,0,0,1791359459623595795,-30.808404205,False
1791359459657935379,,1160,bird_eye,0,0,False,0.0,no_alert,0,0,1791359459658476330,-30.77352367,False
1791359459689303449,,1161,bird_eye,0,0,False,0.0,no_alert,0,0,1791359459689553835,-30.742446165,False
1791359459724218666,,1162,bird_eye,0,0,False,0.0,no_alert,0,0,1791359459724513275,-30.707486725,False
1791359459756299729,,1163,bird_eye,0,0,False,0.0,no_alert,0,0,1791359459756628353,-30.675371647,False
1791359459790201443,,1164,bird_eye,0,0,False,0.0,no_alert,0,0,1791359459790523721,-30.641476279,False
1791359459823921591,,1165,bird_eye,0,0,False,0.0,no_alert,0,0,1791359459824404020,-30.60759598,False
1791359459856207376,,1166,bird_eye,0,0,False,0.0,no_alert,0,0,1791359459856553168,-30.575446832,False
1791359459892261243,,1167,bird_eye,0,0,False,0.0,no_alert,0,0,1791359459892567202,-30.539432798,False
1791359459923584179,,1168,bird_eye,0,0,False,0.0,no_alert,0,0,1791359459923966312,-30.508033688,False
1791359459955408447,,1169,bird_eye,0,0,False,0.0,no_alert,0,0,1791359459955851641,-30.476148359,False
1791359459990286301,,1170,bird_eye,0,0,False,0.0,no_alert,0,0,1791359459990680085,-30.441319915,False
1791359460023854694,,1171,bird_eye,0,0,False,0.0,no_alert,0,0,1791359460024300259,-30.407699741,False
1791359460056476343,,1172,bird_eye,0,0,False,0.0,no_alert,0,0,1791359460056859987,-30.375140013,False
1791359460089219937,,1173,bird_eye,0,0,False,0.0,no_alert,0,0,1791359460089596426,-30.342403574,False
1791359460123300339,,1174,bird_eye,0,0,False,0.0,no_alert,0,0,1791359460123722076,-30.308277924,False
1791359460156347228,,1175,bird_eye,0,0,False,0.0,no_alert,0,0,1791359460156826034,-30.275173966,False
1791359460191259427,,1176,bird_eye,0,0,False,0.0,no_alert,0,0,1791359460191602964,-30.240397036,False
1791359460230478293,,1177,bird_eye,0,0,False,0.0,no_alert,0,0,1791359460230845839,-30.201154161,False
1791359460260869575,,1178,bird_eye,0,0,False,0.0,no_alert,0,0,1791359460261383137,-30.170616863,False
1791359460296971860,,1179,bird_eye,0,0,False,0.0,no_alert,0,0,1791359460297346800,-30.1346532,False
1791359460321223457,,1180,bird_eye,0,0,False,0.0,no_alert,0,0,1791359460321438804,-30.110561196,False
1791359460362882994,,1181,bird_eye,0,0,False,0.0,no_alert,0,0,1791359460363456726,-30.068543274,False
1791359460396431573,,1182,bird_eye,0,0,False,0.0,no_alert,0,0,1791359460396938736,-30.035061264,False
1791359460420815605,,1183,bird_eye,0,0,False,0.0,no_alert,0,0,1791359460421286018,-30.010713982,False
1791359460457490076,,1184,bird_eye,0,0,False,0.0,no_alert,0,0,1791359460457941276,-29.974058724,False
1791359460490739988,,1185,bird_eye,0,0,False,0.0,no_alert,0,0,1791359460491232902,-29.940767098,False
1791359460524071529,,1186,bird_eye,0,0,False,0.0,no_alert,0,0,1791359460524433628,-29.907566372,False
1791359460554691281,,1187,bird_eye,0,0,False,0.0,no_alert,0,0,1791359460555015495,-29.876984505,False
1791359460586434178,,1188,bird_eye,0,0,False,0.0,no_alert,0,0,1791359460586767582,-29.845232418,False
1791359460630904295,,1189,bird_eye,0,0,False,0.0,no_alert,0,0,1791359460631300167,-29.800699833,False
1791359460653556803,,1190,bird_eye,0,0,False,0.0,no_alert,0,0,1791359460653791186,-29.778208814,False
1791359460689336475,,1191,bird_eye,0,0,False,0.0,no_alert,0,0,1791359460689622293,-29.742377707,False
1791359460723099930,,1192,bird_eye,0,0,False,0.0,no_alert,0,0,1791359460723432843,-29.708567157,False
1791359460755331717,,1193,bird_eye,0,0,False,0.0,no_alert,0,0,1791359460755584359,-29.676415641,False
1791359460792510111,,1194,bird_eye,0,0,False,0.0,no_alert,0,0,1791359460792715147,-29.639284853,False
1791359460822537427,,1195,bird_eye,0,0,False,0.0,no_alert,0,0,1791359460822962953,-29.609037047,False
1791359460855121642,,1196,bird_eye,0,0,False,0.0,no_alert,0,0,1791359460855473140,-29.57652686,False
1791359460896931275,,1197,bird_eye,0,0,False,0.0,no_alert,0,0,1791359460897512756,-29.534487244,False
1791359460922273221,,1198,bird_eye,0,0,False,0.0,no_alert,0,0,1791359460922524277,-29.509475723,False
1791359460956306432,,1199,bird_eye,0,0,False,0.0,no_alert,0,0,1791359460956566512,-29.475433488,False
1791359460989428645,,1200,bird_eye,0,0,False,0.0,no_alert,0,0,1791359460989669550,-29.44233045,False
1791359461023413807,,1201,bird_eye,0,0,False,0.0,no_alert,0,0,1791359461023781907,-29.408218093,False
1791359461055544668,,1202,bird_eye,0,0,False,0.0,no_alert,0,0,1791359461055953897,-29.376046103,False
1791359461090255816,,1203,bird_eye,0,0,False,0.0,no_alert,0,0,1791359461090514076,-29.341485924,False
1791359461122281921,,1204,bird_eye,0,0,False,0.0,no_alert,0,0,1791359461122427373,-29.309572627,False
1791359461165669391,,1205,bird_eye,0,0,False,0.0,no_alert,0,0,1791359461165928481,-29.266071519,False
1791359461186961027,,1206,bird_eye,0,0,False,0.0,no_alert,0,0,1791359461187259892,-29.244740108,False
1791359461229726768,,1207,bird_eye,0,0,False,0.0,no_alert,0,0,1791359461230284632,-29.201715368,False
1791359461253370111,,1208,bird_eye,0,0,False,0.0,no_alert,0,0,1791359461253712795,-29.178287205,False
1791359461296297750,,1209,bird_eye,0,0,False,0.0,no_alert,0,0,1791359461296596129,-29.135403871,False
1791359461328300829,,1210,bird_eye,0,0,False,0.0,no_alert,0,0,1791359461328556974,-29.103443026,False
1791359461353258756,,1211,bird_eye,0,0,False,0.0,no_alert,0,0,1791359461353704142,-29.078295858,False
1791359461400640156,,1212,bird_eye,0,0,False,0.0,no_alert,0,0,1791359461401512066,-29.030487934,False
1791359461419732331,,1213,bird_eye,0,0,False,0.0,no_alert,0,0,1791359461420165847,-29.011834153,False
1791359461465050193,,1214,bird_eye,0,0,False,0.0,no_alert,0,0,1791359461465485587,-28.966514413,False
1791359461493191722,,1215,bird_eye,0,0,False,0.0,no_alert,0,0,1791359461493393832,-28.938606168,False
1791359461530738291,,1216,bird_eye,0,0,False,0.0,no_alert,0,0,1791359461531092749,-28.900907251,False
1791359461552747107,,1217,bird_eye,0,0,False,0.0,no_alert,0,0,1791359461553105985,-28.878894015,False
1791359461592801356,,1218,bird_eye,0,0,False,0.0,no_alert,0,0,1791359461593190402,-28.838809598,False
1791359461631046023,,1219,bird_eye,0,0,False,0.0,no_alert,0,0,1791359461631250345,-28.800749655,False
1791359461653011674,,1220,bird_eye,0,0,False,0.0,no_alert,0,0,1791359461653401558,-28.778598442,False
1791359461696901936,,1221,bird_eye,0,0,False,0.0,no_alert,0,0,1791359461697147654,-28.734852346,False
1791359461722812732,,1222,bird_eye,0,0,False,0.0,no_alert,0,0,1791359461723215519,-28.708784481,False
1791359461756459089,,1223,bird_eye,0,0,False,0.0,no_alert,0,0,1791359461756943616,-28.675056384,False
1791359461789650404,,1224,bird_eye,0,0,False,0.0,no_alert,0,0,1791359461789950388,-28.642049612,False
1791359461823645997,,1225,bird_eye,0,0,False,0.0,no_alert,0,0,1791359461823989171,-28.608010829,False
1791359461855275889,,1226,bird_eye,0,0,False,0.0,no_alert,0,0,1791359461855633831,-28.576366169,False
1791359461890548210,,1227,bird_eye,0,0,False,0.0,no_alert,0,0,1791359461890983424,-28.541016576,False
1791359461930262384,,1228,bird_eye,0,0,False,0.0,no_alert,0,0,1791359461930707837,-28.501292163,False
1791359461960466376,,1229,bird_eye,0,0,False,0.0,no_alert,0,0,1791359461961050206,-28.470949794,False
1791359461990956019,,1230,bird_eye,0,0,False,0.0,no_alert,0,0,1791359461991327089,-28.440672911,False
1791359462021935006,,1231,bird_eye,0,0,False,0.0,no_alert,0,0,1791359462022429422,-28.409570578,False
1791359462056326209,,1232,bird_eye,0,0,False,0.0,no_alert,0,0,1791359462056836856,-28.375163144,False
1791359462088063183,,1233,bird_eye,0,0,False,0.0,no_alert,0,0,1791359462088547403,-28.343452597,False
1791359462122921556,,1234,bird_eye,0,0,False,0.0,no_alert,0,0,1791359462123261214,-28.308738786,False
1791359462158730516,,1235,bird_eye,0,0,False,0.0,no_alert,0,0,1791359462158979253,-28.273020747,False
1791359462196086320,,1236,bird_eye,0,0,False,0.0,no_alert,0,0,1791359462196337200,-28.2356628,False
1791359462226594420,,1237,bird_eye,0,0,False,0.0,no_alert,0,0,1791359462226910458,-28.205089542,False
1791359462256938233,,1238,bird_eye,0,0,False,0.0,no_alert,0,0,1791359462257208589,-28.174791411,False
1791359462295478270,,1239,bird_eye,0,0,False,0.0,no_alert,0,0,1791359462295823337,-28.136176663,False
1791359462322441604,,1240,bird_eye,0,0,False,0.0,no_alert,0,0,1791359462322817265,-28.109182735,False
1791359462357659736,,1241,bird_eye,0,0,False,0.0,no_alert,0,0,1791359462357966912,-28.074033088,False
1791359462395951647,,1242,bird_eye,0,0,False,0.0,no_alert,0,0,1791359462396397437,-28.035602563,False
1791359462423372151,,1243,bird_eye,0,0,False,0.0,no_alert,0,0,1791359462423965863,-28.008034137,False
1791359462458594156,,1244,bird_eye,0,0,False,0.0,no_alert,0,0,1791359462458876205,-27.973123795,False
1791359462490224917,,1245,bird_eye,0,0,False,0.0,no_alert,0,0,1791359462490647629,-27.941352371,False
1791359462527366116,,1246,bird_eye,0,0,False,0.0,no_alert,0,0,1791359462527763088,-27.904236912,False
1791359462556952861,,1247,bird_eye,0,0,False,0.0,no_alert,0,0,1791359462557321687,-27.874678313,False
1791359462600253626,,1248,bird_eye,0,0,False,0.0,no_alert,0,0,1791359462600558299,-27.831441701,False
1791359462619936159,,1249,bird_eye,0,0,False,0.0,no_alert,0,0,1791359462620237597,-27.811762403,False
1791359462658305159,,1250,bird_eye,0,0,False,0.0,no_alert,0,0,1791359462658575183,-27.773424817,False
1791359462698171105,,1251,bird_eye,0,0,False,0.0,no_alert,0,0,1791359462698465208,-27.733534792,False
1791359462724665282,,1252,bird_eye,0,0,False,0.0,no_alert,0,0,1791359462725047817,-27.706952183,False
1791359462764183399,,1253,bird_eye,0,0,False,0.0,no_alert,0,0,1791359462764434654,-27.667565346,False
1791359462788509770,,1254,bird_eye,0,0,False,0.0,no_alert,0,0,1791359462789153776,-27.642846224,False
1791359462821205091,,1255,bird_eye,0,0,False,0.0,no_alert,0,0,1791359462821597238,-27.610402762,False
1791359462854385811,,1256,bird_eye,0,0,False,0.0,no_alert,0,0,1791359462854725472,-27.577274528,False
1791359462896212757,,1257,bird_eye,0,0,False,0.0,no_alert,0,0,1791359462896376148,-27.535623852,False
1791359462922465377,,1258,bird_eye,0,0,False,0.0,no_alert,0,0,1791359462922999614,-27.509000386,False
1791359462954510474,,1259,bird_eye,0,0,False,0.0,no_alert,0,0,1791359462954990225,-27.477009775,False
1791359462988292050,,1260,bird_eye,0,0,False,0.0,no_alert,0,0,1791359462988701518,-27.443298482,False
1791359463030144803,,1261,bird_eye,0,0,False,0.0,no_alert,0,0,1791359463030623091,-27.401376909,False
1791359463053280450,,1262,bird_eye,0,0,False,0.0,no_alert,0,0,1791359463053558582,-27.378441418,False
1791359463097466034,,1263,bird_eye,0,0,False,0.0,no_alert,0,0,1791359463097823860,-27.33417614,False
1791359463126117571,,1264,bird_eye,0,0,False,0.0,no_alert,0,0,1791359463126427652,-27.305572348,False
1791359463156875509,,1265,bird_eye,0,0,False,0.0,no_alert,0,0,1791359463157390725,-27.274609275,False
1791359463191474083,,1266,bird_eye,0,0,False,0.0,no_alert,0,0,1791359463191956646,-27.240043354,False
1791359463229960588,,1267,bird_eye,0,0,False,0.0,no_alert,0,0,1791359463230278505,-27.201721495,False
1791359463260089856,,1268,bird_eye,0,0,False,0.0,no_alert,0,0,1791359463260458614,-27.171541386,False
1791359463293417302,,1269,bird_eye,0,0,False,0.0,no_alert,0,0,1791359463293822765,-27.138177235,False
1791359463321934566,,1270,bird_eye,0,0,False,0.0,no_alert,0,0,1791359463322279539,-27.109720461,False
1791359463362916577,,1271,bird_eye,0,0,False,0.0,no_alert,0,0,1791359463363211543,-27.068788457,False
1791359463394881422,,1272,bird_eye,0,0,False,0.0,no_alert,0,0,1791359463395174528,-27.036825472,False
1791359463428426585,,1273,bird_eye,0,0,False,0.0,no_alert,0,0,1791359463428833937,-27.003166063,False
1791359463478109906,,1274,bird_eye,0,0,False,0.0,no_alert,0,0,1791359463478532996,-26.953467004,False
1791359463512443512,,1275,bird_eye,0,0,False,0.0,no_alert,0,0,1791359463512614943,-26.919385057,False
1791359463533838792,,1276,bird_eye,0,0,False,0.0,no_alert,0,0,1791359463534105061,-26.897894939,False
1791359463570871533,,1277,bird_eye,0,0,False,0.0,no_alert,0,0,1791359463571165845,-26.860834155,False
1791359463604748889,,1278,bird_eye,0,0,False,0.0,no_alert,0,0,1791359463605264906,-26.826735094,False
1791359463636221870,,1279,bird_eye,0,0,False,0.0,no_alert,0,0,1791359463636638595,-26.795361405,False
1791359463661416330,,1280,bird_eye,0,0,False,0.0,no_alert,0,0,1791359463661856031,-26.770143969,False
1791359463697468967,,1281,bird_eye,0,0,False,0.0,no_alert,0,0,1791359463697881268,-26.734118732,False
1791359463726769438,,1282,bird_eye,0,0,False,0.0,no_alert,0,0,1791359463727350585,-26.704649415,False
1791359463757961716,,1283,bird_eye,0,0,False,0.0,no_alert,0,0,1791359463758509484,-26.673490516,False
1791359463797001240,,1284,bird_eye,0,0,False,0.0,no_alert,0,0,1791359463797332949,-26.634667051,False
1791359463821418808,,1285,bird_eye,0,0,False,0.0,no_alert,0,0,1791359463821718955,-26.610281045,False
1791359463856287980,,1286,bird_eye,0,0,False,0.0,no_alert,0,0,1791359463856552476,-26.575447524,False
1791359463888143683,,1287,bird_eye,0,0,False,0.0,no_alert,0,0,1791359463888403813,-26.543596187,False
1791359463921985511,,1288,bird_eye,0,0,False,0.0,no_alert,0,0,1791359463922285504,-26.509714496,False
1791359463961662753,,1289,bird_eye,0,0,False,0.0,no_alert,0,0,1791359463961971732,-26.470028268,False
1791359463993987329,,1290,bird_eye,0,0,False,0.0,no_alert,0,0,1791359463994465117,-26.437534883,False
1791359464029697376,,1291,bird_eye,0,0,False,0.0,no_alert,0,0,1791359464030013182,-26.401986818,False
1791359464053254492,,1292,bird_eye,0,0,False,0.0,no_alert,0,0,1791359464053458842,-26.378541158,False
1791359464088965372,,1293,bird_eye,0,0,False,0.0,no_alert,0,0,1791359464089385361,-26.342614639,False
1791359464122271290,,1294,bird_eye,0,0,False,0.0,no_alert,0,0,1791359464122588955,-26.309411045,False
1791359464157065439,,1295,bird_eye,0,0,False,0.0,no_alert,0,0,1791359464157435764,-26.274564236,False
1791359464191879378,,1296,bird_eye,0,0,False,0.0,no_alert,0,0,1791359464192221453,-26.239778547,False
1791359464221222790,,1297,bird_eye,0,0,False,0.0,no_alert,0,0,1791359464221551587,-26.210448413,False
1791359464254703598,,1298,bird_eye,0,0,False,0.0,no_alert,0,0,1791359464255094968,-26.176905032,False
1791359464288338012,,1299,bird_eye,0,0,False,0.0,no_alert,0,0,1791359464288519171,-26.143480829,False
1791359464322417555,,1300,bird_eye,0,0,False,0.0,no_alert,0,0,1791359464322647210,-26.10935279,False
1791359464356033873,,1301,bird_eye,0,0,False,0.0,no_alert,0,0,1791359464356391363,-26.075608637,False
1791359464389755452,,1302,bird_eye,0,0,False,0.0,no_alert,0,0,1791359464390016834,-26.041983166,False
1791359464423603802,,1303,bird_eye,0,0,False,0.0,no_alert,0,0,1791359464423928904,-26.008071096,False
1791359464453345516,,1304,bird_eye,0,0,False,0.0,no_alert,0,0,1791359464453605315,-25.978394685,False
1791359464497992923,,1305,bird_eye,0,0,False,0.0,no_alert,0,0,1791359464498272187,-25.933727813,False
1791359464524025909,,1306,bird_eye,0,0,False,0.0,no_alert,0,0,1791359464524299648,-25.907700352,False
1791359464562508939,,1307,bird_eye,0,0,False,0.0,no_alert,0,0,1791359464562934509,-25.869065491,False
1791359464586239993,,1308,bird_eye,0,0,False,0.0,no_alert,0,0,1791359464586545931,-25.845454069,False
1791359464622675530,,1309,bird_eye,0,0,False,0.0,no_alert,0,0,1791359464623185918,-25.808814082,False
1791359464663984214,,1310,bird_eye,0,0,False,0.0,no_alert,0,0,1791359464664425925,-25.767574075,False
1791359464687356114,,1311,bird_eye,0,0,False,0.0,no_alert,0,0,1791359464687600479,-25.744399521,False
1791359464723500172,,1312,bird_eye,0,0,False,0.0,no_alert,0,0,1791359464723873747,-25.708126253,False
1791359464754213917,,1313,bird_eye,0,0,False,0.0,no_alert,0,0,1791359464754372624,-25.677627376,False
1791359464795668486,,1314,bird_eye,0,0,False,0.0,no_alert,0,0,1791359464796224113,-25.635775887,False
1791359464826271712,,1315,bird_eye,0,0,False,0.0,no_alert,0,0,1791359464826574312,-25.605425688,False
1791359464869864018,,1316,bird_eye,0,0,False,0.0,no_alert,0,0,1791359464870358200,-25.5616418,False
1791359464900358504,,1317,bird_eye,0,0,False,0.0,no_alert,0,0,1791359464900552461,-25.531447539,False
1791359464923638152,,1318,bird_eye,0,0,False,0.0,no_alert,0,0,1791359464924074793,-25.507925207,False
1791359464963084161,,1319,bird_eye,0,0,False,0.0,no_alert,0,0,1791359464963443753,-25.468556247,False
1791359464989452922,,1320,bird_eye,0,0,False,0.0,no_alert,0,0,1791359464989774137,-25.442225863,False
1791359465028117169,,1321,bird_eye,0,0,False,0.0,no_alert,0,0,1791359465028733615,-25.403266385,False
1791359465059796976,,1322,bird_eye,0,0,False,0.0,no_alert,0,0,1791359465060220148,-25.371779852,False
1791359465094157172,,1323,bird_eye,0,0,False,0.0,no_alert,0,0,1791359465094578643,-25.337421357,False
1791359465121477695,,1324,bird_eye,0,0,False,0.0,no_alert,0,0,1791359465121808810,-25.31019119,False
1791359465157190442,,1325,bird_eye,0,0,False,0.0,no_alert,0,0,1791359465157430225,-25.274569775,False
1791359465188077961,,1326,bird_eye,0,0,False,0.0,no_alert,0,0,1791359465188465057,-25.243534943,False
1791359465225355223,,1327,bird_eye,0,0,False,0.0,no_alert,0,0,1791359465225792153,-25.206207847,False
1791359465254141301,,1328,bird_eye,0,0,False,0.0,no_alert,0,0,1791359465254392114,-25.177607886,False
1791359465288370464,,1329,bird_eye,0,0,False,0.0,no_alert,0,0,1791359465288651001,-25.143348999,False
1791359465320938626,,1330,bird_eye,0,0,False,0.0,no_alert,0,0,1791359465321220405,-25.110779595,False
1791359465362240541,,1331,bird_eye,0,0,False,0.0,no_alert,0,0,1791359465362677873,-25.069322127,False
1791359465388601420,,1332,bird_eye,0,0,False,0.0,no_alert,0,0,1791359465389030147,-25.042969853,False
1791359465421634951,,1333,bird_eye,0,0,False,0.0,no_alert,0,0,1791359465422077065,-25.009922935,False
1791359465456440160,,1334,bird_eye,0,0,False,0.0,no_alert,0,0,1791359465456640242,-24.975359758,False
1791359465490114802,,1335,bird_eye,0,0,False,0.0,no_alert,0,0,1791359465490349976,-24.941650024,False
1791359465521455886,,1336,bird_eye,0,0,False,0.0,no_alert,0,0,1791359465521808182,-24.910191818,False
1791359465556143598,,1337,bird_eye,0,0,False,0.0,no_alert,0,0,1791359465556397527,-24.875602473,False
1791359465591151135,,1338,bird_eye,0,0,False,0.0,no_alert,0,0,1791359465591459154,-24.840540846,False
1791359465624706454,,1339,bird_eye,0,0,False,0.0,no_alert,0,0,1791359465624990075,-24.807009925,False
1791359465654251719,,1340,bird_eye,0,0,False,0.0,no_alert,0,0,1791359465654497960,-24.77750204,False
1791359465687976980,,1341,bird_eye,0,0,False,0.0,no_alert,0,0,1791359465688288449,-24.743711551,False
1791359465725022524,,1342,bird_eye,0,0,False,0.0,no_alert,0,0,1791359465725370607,-24.706629393,False
1791359465760451349,,1343,bird_eye,0,0,False,0.0,no_alert,0,0,1791359465760762704,-24.671237296,False
1791359465789478948,,1344,bird_eye,0,0,False,0.0,no_alert,0,0,1791359465789728057,-24.642271943,False
1791359465826233788,,1345,bird_eye,0,0,False,0.0,no_alert,0,0,1791359465826678402,-24.605321598,False
1791359465862538766,,1346,bird_eye,0,0,False,0.0,no_alert,0,0,1791359465863127325,-24.568872675,False
1791359465890007663,,1347,bird_eye,0,0,False,0.0,no_alert,0,0,1791359465890306997,-24.541693003,False
1791359465932493706,,1348,bird_eye,0,0,False,0.0,no_alert,0,0,1791359465933069656,-24.498930344,False
1791359465957856713,,1349,bird_eye,0,0,False,0.0,no_alert,0,0,1791359465958151463,-24.473848537,False
1791359465989153393,,1350,bird_eye,0,0,False,0.0,no_alert,0,0,1791359465989431838,-24.442568162,False
1791359466024064146,,1351,bird_eye,0,0,False,0.0,no_alert,0,0,1791359466024394403,-24.407605597,False
1791359466063263581,,1352,bird_eye,0,0,False,0.0,no_alert,0,0,1791359466063865728,-24.368134272,False
1791359466088105967,,1353,bird_eye,0,0,False,0.0,no_alert,0,0,1791359466088283290,-24.34371671,False
1791359466131442157,,1354,bird_eye,0,0,False,0.0,no_alert,0,0,1791359466131654784,-24.300345216,False
1791359466158408504,,1355,bird_eye,0,0,False,0.0,no_alert,0,0,1791359466158647145,-24.273352855,False
1791359466190637889,,1356,bird_eye,0,0,False,0.0,no_alert,0,0,1791359466191060060,-24.24093994,False
1791359466226325772,,1357,bird_eye,0,0,False,0.0,no_alert,0,0,1791359466226599297,-24.205400703,False
1791359466254726582,,1358,bird_eye,0,0,False,0.0,no_alert,0,0,1791359466255046904,-24.176953096,False
1791359466290470894,,1359,bird_eye,0,0,False,0.0,no_alert,0,0,1791359466290798122,-24.141201878,False
1791359466324849923,,1360,bird_eye,0,0,False,0.0,no_alert,0,0,1791359466325081134,-24.106918866,False
1791359466354330461,,1361,bird_eye,0,0,False,0.0,no_alert,0,0,1791359466354769227,-24.077230773,False
1791359466395302960,,1362,bird_eye,0,0,False,0.0,no_alert,0,0,1791359466395895422,-24.036104578,False
1791359466423408555,,1363,bird_eye,0,0,False,0.0,no_alert,0,0,1791359466423658709,-24.008341291,False
1791359466461598898,,1364,bird_eye,0,0,False,0.0,no_alert,0,0,1791359466461808552,-23.970191448,False
1791359466493489581,,1365,bird_eye,0,0,False,0.0,no_alert,0,0,1791359466493710908,-23.938289092,False
1791359466523471921,,1366,bird_eye,0,0,False,0.0,no_alert,0,0,1791359466523809108,-23.908190892,False
1791359466555400374,,1367,bird_eye,0,0,False,0.0,no_alert,0,0,1791359466555723231,-23.876276769,False
1791359466597014746,,1368,bird_eye,0,0,False,0.0,no_alert,0,0,1791359466597370056,-23.834629944,False
1791359466621415480,,1369,bird_eye,0,0,False,0.0,no_alert,0,0,1791359466621664724,-23.810335276,False
1791359466668114301,,1370,bird_eye,0,0,False,0.0,no_alert,0,0,1791359466668589763,-23.763410237,False
1791359466690372743,,1371,bird_eye,0,0,False,0.0,no_alert,0,0,1791359466690848333,-23.741151667,False
1791359466724461604,,1372,bird_eye,0,0,False,0.0,no_alert,0,0,1791359466724855603,-23.707144397,False
1791359466752830340,,1373,bird_eye,0,0,False,0.0,no_alert,0,0,1791359466753072292,-23.678927708,False
1791359466792669371,,1374,bird_eye,0,0,False,0.0,no_alert,0,0,1791359466792914389,-23.639085611,False
1791359466821076560,,1375,bird_eye,0,0,False,0.0,no_alert,0,0,1791359466821351911,-23.610648089,False
1791359466855072026,,1376,bird_eye,0,0,False,0.0,no_alert,0,0,1791359466855353265,-23.576646735,False
1791359466897347428,,1377,bird_eye,0,0,False,0.0,no_alert,0,0,1791359466897749641,-23.534250359,False
1791359466923448799,,1378,bird_eye,0,0,False,0.0,no_alert,0,0,1791359466923772922,-23.508227078,False
1791359466956146946,,1379,bird_eye,0,0,False,0.0,no_alert,0,0,1791359466956456664,-23.475543336,False
1791359466988083985,,1380,bird_eye,0,0,False,0.0,no_alert,0,0,1791359466988378709,-23.443621291,False
1791359467021547147,,1381,bird_eye,0,0,False,0.0,no_alert,0,0,1791359467021983516,-23.410016484,False
1791359467056540132,,1382,bird_eye,0,0,False,0.0,no_alert,0,0,1791359467056844919,-23.375155081,False
1791359467093298201,,1383,bird_eye,0,0,False,0.0,no_alert,0,0,1791359467093646599,-23.338353401,False
1791359467121740868,,1384,bird_eye,0,0,False,0.0,no_alert,0,0,1791359467122148167,-23.309851833,False
1791359467156611185,,1385,bird_eye,0,0,False,0.0,no_alert,0,0,1791359467156894903,-23.275105097,False
1791359467192013036,,1386,bird_eye,0,0,False,0.0,no_alert,0,0,1791359467192402635,-23.239597365,False
1791359467221720379,,1387,bird_eye,0,0,False,0.0,no_alert,0,0,1791359467222041602,-23.209958398,False
1791359467255772886,,1388,bird_eye,0,0,False,0.0,no_alert,0,0,1791359467256132496,-23.175867504,False
1791359467289426563,,1389,bird_eye,0,0,False,0.0,no_alert,0,0,1791359467289964105,-23.142035895,False
1791359467326753398,,1390,bird_eye,0,0,False,0.0,no_alert,0,0,1791359467327165278,-23.104834722,False
1791359467354550474,,1391,bird_eye,0,0,False,0.0,no_alert,0,0,1791359467354787823,-23.077212177,False
1791359467396271109,,1392,bird_eye,0,0,False,0.0,no_alert,0,0,1791359467396470103,-23.035529897,False
1791359467423233509,,1393,bird_eye,0,0,False,0.0,no_alert,0,0,1791359467423433029,-23.008566971,False
1791359467457559164,,1394,bird_eye,0,0,False,0.0,no_alert,0,0,1791359467457814280,-22.97418572,False
1791359467495556908,,1395,bird_eye,0,0,False,0.0,no_alert,0,0,1791359467495802283,-22.936197717,False
1791359467528481569,,1396,bird_eye,0,0,False,0.0,no_alert,0,0,1791359467528841803,-22.903158197,False
1791359467561903195,,1397,bird_eye,0,0,False,0.0,no_alert,0,0,1791359467562313474,-22.869686526,False
1791359467585847643,,1398,bird_eye,0,0,False,0.0,no_alert,0,0,1791359467586070642,-22.845929358,False
1791359467625277103,,1399,bird_eye,0,0,False,0.0,no_alert,0,0,1791359467625640164,-22.806359836,False
1791359467655130617,,1400,bird_eye,0,0,False,0.0,no_alert,0,0,1791359467655315611,-22.776684389,False
1791359467691500364,,1401,bird_eye,0,0,False,0.0,no_alert,0,0,1791359467691859443,-22.740140557,False
1791359467722640504,,1402,bird_eye,0,0,False,0.0,no_alert,0,0,1791359467722895241,-22.709104759,False
1791359467756248718,,1403,bird_eye,0,0,False,0.0,no_alert,0,0,1791359467756430817,-22.675569183,False
1791359467790761447,,1404,bird_eye,0,0,False,0.0,no_alert,0,0,1791359467791069466,-22.640930534,False
1791359467823364241,,1405,bird_eye,0,0,False,0.0,no_alert,0,0,1791359467823601269,-22.608398731,False
1791359467855048551,,1406,bird_eye,0,0,False,0.0,no_alert,0,0,1791359467855261670,-22.57673833,False
1791359467892321287,,1407,bird_eye,0,0,False,0.0,no_alert,0,0,1791359467892626051,-22.539373949,False
1791359467928725607,,1408,bird_eye,0,0,False,0.0,no_alert,0,0,1791359467929319006,-22.502680994,False
1791359467960226073,,1409,bird_eye,0,0,False,0.0,no_alert,0,0,1791359467960543313,-22.471456687,False
1791359467989764098,,1410,bird_eye,0,0,False,0.0,no_alert,0,0,1791359467990193619,-22.441806381,False
1791359468023961516,,1411,bird_eye,0,0,False,0.0,no_alert,0,0,1791359468024282924,-22.407717076,False
1791359468055260586,,1412,bird_eye,0,0,False,0.0,no_alert,0,0,1791359468055433751,-22.376566249,False
1791359468090261169,,1413,bird_eye,0,0,False,0.0,no_alert,0,0,1791359468090475998,-22.341524002,False
1791359468118699145,,1414,bird_eye,0,0,False,0.0,no_alert,0,0,1791359468118935364,-22.313064636,False
1791359468155659186,,1415,bird_eye,0,0,False,0.0,no_alert,0,0,1791359468156052192,-22.275947808,False
1791359468188453915,,1416,bird_eye,0,0,False,0.0,no_alert,0,0,1791359468188784460,-22.24321554,False
1791359468223189880,,1417,bird_eye,0,0,False,0.0,no_alert,0,0,1791359468223464580,-22.20853542,False
1791359468254312686,,1418,bird_eye,0,0,False,0.0,no_alert,0,0,1791359468254565572,-22.177434428,False
1791359468288517249,,1419,bird_eye,0,0,False,0.0,no_alert,0,0,1791359468288836106,-22.143163894,False
1791359468323128252,,1420,bird_eye,0,0,False,0.0,no_alert,0,0,1791359468323480344,-22.108519656,False
1791359468363559270,,1421,bird_eye,0,0,False,0.0,no_alert,0,0,1791359468363937316,-22.068062684,False
1791359468389807784,,1422,bird_eye,0,0,False,0.0,no_alert,0,0,1791359468390067643,-22.041932357,False
1791359468428524374,,1423,bird_eye,0,0,False,0.0,no_alert,0,0,1791359468428849074,-22.003150926,False
1791359468460210736,,1424,bird_eye,0,0,False,0.0,no_alert,0,0,1791359468460716847,-21.971283153,False
1791359468490489173,,1425,bird_eye,0,0,False,0.0,no_alert,0,0,1791359468490865729,-21.941134271,False
1791359468528878428,,1426,bird_eye,0,0,False,0.0,no_alert,0,0,1791359468529183604,-21.902816396,False
1791359468554051536,,1427,bird_eye,0,0,False,0.0,no_alert,0,0,1791359468554318615,-21.877681385,False
1791359468591438265,,1428,bird_eye,0,0,False,0.0,no_alert,0,0,1791359468591689549,-21.840310451,False
1791359468621278413,,1429,bird_eye,0,0,False,0.0,no_alert,0,0,1791359468621478817,-21.810521183,False
1791359468663137218,,1430,bird_eye,0,0,False,0.0,no_alert,0,0,1791359468663580446,-21.768419554,False
1791359468685095991,,1431,bird_eye,0,0,False,0.0,no_alert,0,0,1791359468685343528,-21.746656472,False
1791359468723258616,,1432,bird_eye,0,0,False,0.0,no_alert,0,0,1791359468723573428,-21.708426572,False
1791359468755011321,,1433,bird_eye,0,0,False,0.0,no_alert,0,0,1791359468755353881,-21.676646119,False
1791359468789381119,,1434,bird_eye,0,0,False,0.0,no_alert,0,0,1791359468789674966,-21.642325034,False
1791359468823411210,,1435,bird_eye,0,0,False,0.0,no_alert,0,0,1791359468823718409,-21.608281591,False
1791359468854206193,,1436,bird_eye,0,0,False,0.0,no_alert,0,0,1791359468854496384,-21.577503616,False
1791359468890670782,,1437,bird_eye,0,0,False,0.0,no_alert,0,0,1791359468891044097,-21.540955903,False
1791359468923131886,,1438,bird_eye,0,0,False,0.0,no_alert,0,0,1791359468923412545,-21.508587455,False
1791359468955264804,,1439,bird_eye,0,0,False,0.0,no_alert,0,0,1791359468955539270,-21.47646073,False
1791359468990749180,,1440,bird_eye,0,0,False,0.0,no_alert,0,0,1791359468991117703,-21.440882297,False
1791359469021447708,,1441,bird_eye,0,0,False,0.0,no_alert,0,0,1791359469021777392,-21.410222608,False
1791359469055484143,,1442,bird_eye,0,0,False,0.0,no_alert,0,0,1791359469056045872,-21.375954128,False
1791359469096346653,,1443,bird_eye,0,0,False,0.0,no_alert,0,0,1791359469096675935,-21.335324065,False
1791359469121368764,,1444,bird_eye,0,0,False,0.0,no_alert,0,0,1791359469121705006,-21.310294994,False
1791359469160399000,,1445,bird_eye,0,0,False,0.0,no_alert,0,0,1791359469160777820,-21.27122218,False
1791359469190206592,,1446,bird_eye,0,0,False,0.0,no_alert,0,0,1791359469190430115,-21.241569885,False
1791359469223511939,,1447,bird_eye,0,0,False,0.0,no_alert,0,0,1791359469223914046,-21.208085954,False
1791359469256340665,,1448,bird_eye,0,0,False,0.0,no_alert,0,0,1791359469256685188,-21.175314812,False
1791359469292294478,,1449,bird_eye,0,0,False,0.0,no_alert,0,0,1791359469292652883,-21.139347117,False
1791359469325470995,,1450,bird_eye,0,0,False,0.0,no_alert,0,0,1791359469325897819,-21.106102181,False
1791359469356393663,,1451,bird_eye,0,0,False,0.0,no_alert,0,0,1791359469356584194,-21.075415806,False
1791359469404038657,,1452,bird_eye,0,0,False,0.0,no_alert,0,0,1791359469404536965,-21.027463035,False
1791359469424718231,,1453,bird_eye,0,0,False,0.0,no_alert,0,0,1791359469424953351,-21.007046649,False
1791359469461368321,,1454,bird_eye,0,0,False,0.0,no_alert,0,0,1791359469461705413,-20.970294587,False
1791359469492827869,,1455,bird_eye,0,0,False,0.0,no_alert,0,0,1791359469493024253,-20.938975747,False
1791359469524066749,,1456,bird_eye,0,0,False,0.0,no_alert,0,0,1791359469524300848,-20.907699152,False
1791359469562218925,,1457,bird_eye,0,0,False,0.0,no_alert,0,0,1791359469562470095,-20.869529905,False
1791359469594079877,,1458,bird_eye,0,0,False,0.0,no_alert,0,0,1791359469594344342,-20.837655658,False
1791359469623504290,,1459,bird_eye,0,0,False,0.0,no_alert,0,0,1791359469623891117,-20.808108883,False
1791359469659745420,,1460,bird_eye,0,0,False,0.0,no_alert,0,0,1791359469659984677,-20.772015323,False
1791359469689493536,,1461,bird_eye,0,0,False,0.0,no_alert,0,0,1791359469689857736,-20.742142264,False
1791359469722623709,,1462,bird_eye,0,0,False,0.0,no_alert,0,0,1791359469723078779,-20.708921221,False
1791359469758593520,,1463,bird_eye,0,0,False,0.0,no_alert,0,0,1791359469758927195,-20.673072805,False
1791359469790854243,,1464,bird_eye,0,0,False,0.0,no_alert,0,0,1791359469791200420,-20.64079958,False
1791359469824366266,,1465,bird_eye,0,0,False,0.0,no_alert,0,0,1791359469824717632,-20.607282368,False
1791359469854240178,,1466,bird_eye,0,0,False,0.0,no_alert,0,0,1791359469854463988,-20.577536012,False
1791359469891482363,,1467,bird_eye,0,0,False,0.0,no_alert,0,0,1791359469891730864,-20.540269136,False
1791359469923623716,,1468,bird_eye,0,0,False,0.0,no_alert,0,0,1791359469923901448,-20.508098552,False
1791359469956957364,,1469,bird_eye,0,0,False,0.0,no_alert,0,0,1791359469957411654,-20.474588346,False
1791359469987166516,,1470,bird_eye,0,0,False,0.0,no_alert,0,0,1791359469987407651,-20.444592349,False
1791359470022709129,,1471,bird_eye,0,0,False,0.0,no_alert,0,0,1791359470023119510,-20.40888049,False
1791359470055713232,,1472,bird_eye,0,0,False,0.0,no_alert,0,0,1791359470055978441,-20.376021559,False
1791359470089138670,,1473,bird_eye,0,0,False,0.0,no_alert,0,0,1791359470089414136,-20.342585864,False
1791359470122469246,,1474,bird_eye,0,0,False,0.0,no_alert,0,0,1791359470122906512,-20.309093488,False
1791359470156273390,,1475,bird_eye,0,0,False,0.0,no_alert,0,0,1791359470156524254,-20.275475746,False
1791359470188196625,,1476,bird_eye,0,0,False,0.0,no_alert,0,0,1791359470188496865,-20.243503135,False
1791359470222877570,,1477,bird_eye,0,0,False,0.0,no_alert,0,0,1791359470223236612,-20.208763388,False
1791359470255015146,,1478,bird_eye,0,0,False,0.0,no_alert,0,0,1791359470255442183,-20.176557817,False
1791359470289853510,,1479,bird_eye,0,0,False,0.0,no_alert,0,0,1791359470290181591,-20.141818409,False
1791359470324148668,,1480,bird_eye,0,0,False,0.0,no_alert,0,0,1791359470324476169,-20.107523831,False
1791359470354084038,,1481,bird_eye,0,0,False,0.0,no_alert,0,0,1791359470354377795,-20.077622205,False
1791359470402597277,,1482,bird_eye,0,0,False,0.0,no_alert,0,0,1791359470403449061,-20.028550939,False
1791359470427409411,,1483,bird_eye,0,0,False,0.0,no_alert,0,0,1791359470427778456,-20.004221544,False
1791359470461542067,,1484,bird_eye,0,0,False,0.0,no_alert,0,0,1791359470461884257,-19.970115743,False
1791359470505264962,,1485,bird_eye,0,0,False,0.0,no_alert,0,0,1791359470505783926,-19.926216074,False
1791359470528398166,,1486,bird_eye,0,0,False,0.0,no_alert,0,0,1791359470528679483,-19.903320517,False
1791359470553223234,,1487,bird_eye,0,0,False,0.0,no_alert,0,0,1791359470553433977,-19.878566023,False
1791359470590461851,,1488,bird_eye,0,0,False,0.0,no_alert,0,0,1791359470590837271,-19.841162729,False
1791359470630187493,,1489,bird_eye,0,0,False,0.0,no_alert,0,0,1791359470630458127,-19.801541873,False
1791359470653705925,,1490,bird_eye,0,0,False,0.0,no_alert,0,0,1791359470654001690,-19.77799831,False
1791359470704303223,,1491,bird_eye,0,0,False,0.0,no_alert,0,0,1791359470704810161,-19.727189839,False
1791359470734972032,,1492,bird_eye,0,0,False,0.0,no_alert,0,0,1791359470735399611,-19.696600389,False
1791359470767826972,,1493,bird_eye,0,0,False,0.0,no_alert,0,0,1791359470768271114,-19.663728886,False
1791359470793806841,,1494,bird_eye,0,0,False,0.0,no_alert,0,0,1791359470794066869,-19.637933131,False
1791359470828846440,,1495,bird_eye,0,0,False,0.0,no_alert,0,0,1791359470829293857,-19.602706143,False
1791359470855760329,,1496,bird_eye,0,0,False,0.0,no_alert,0,0,1791359470856222232,-19.575777768,False
1791359470891610510,,1497,bird_eye,0,0,False,0.0,no_alert,0,0,1791359470891999925,-19.540000075,False
1791359470926542761,,1498,bird_eye,0,0,False,0.0,no_alert,0,0,1791359470926829444,-19.505170556,False
1791359470954289992,,1499,bird_eye,0,0,False,0.0,no_alert,0,0,1791359470954464585,-19.477535415,False
1791359470992654310,,1500,bird_eye,0,0,False,0.0,no_alert,0,0,1791359470992893044,-19.439106956,False
1791359471022415121,,1501,bird_eye,0,0,False,0.0,no_alert,0,0,1791359471022657204,-19.409342796,False
1791359471070148297,,1502,bird_eye,0,0,False,0.0,no_alert,0,0,1791359471070720461,-19.361279539,False
1791359471092949818,,1503,bird_eye,0,0,False,0.0,no_alert,0,0,1791359471093439556,-19.338560444,False
1791359471123508806,,1504,bird_eye,0,0,False,0.0,no_alert,0,0,1791359471123885370,-19.30811463,False
1791359471164850884,,1505,bird_eye,0,0,False,0.0,no_alert,0,0,1791359471165398916,-19.266601084,False
1791359471187528661,,1506,bird_eye,0,0,False,0.0,no_alert,0,0,1791359471187896619,-19.244103381,False
1791359471224238298,,1507,bird_eye,0,0,False,0.0,no_alert,0,0,1791359471224421307,-19.207578693,False
1791359471266748157,,1508,bird_eye,0,0,False,0.0,no_alert,0,0,1791359471267110156,-19.164889844,False
1791359471287334161,,1509,bird_eye,0,0,False,0.0,no_alert,0,0,1791359471287586891,-19.144413109,False
1791359471326837474,,1510,bird_eye,0,0,False,0.0,no_alert,0,0,1791359471327232307,-19.104767693,False
1791359471356422422,,1511,bird_eye,0,0,False,0.0,no_alert,0,0,1791359471356733028,-19.075266972,False
1791359471388467806,,1512,bird_eye,0,0,False,0.0,no_alert,0,0,1791359471388837110,-19.04316289,False
1791359471429119416,,1513,bird_eye,0,0,False,0.0,no_alert,0,0,1791359471429314042,-19.002685958,False
1791359471453992928,,1514,bird_eye,0,0,False,0.0,no_alert,0,0,1791359471454305864,-18.977694136,False
1791359471489206276,,1515,bird_eye,0,0,False,0.0,no_alert,0,0,1791359471489468016,-18.942531984,False
1791359471523354420,,1516,bird_eye,0,0,False,0.0,no_alert,0,0,1791359471523611094,-18.908388906,False
1791359471559350698,,1517,bird_eye,0,0,False,0.0,no_alert,0,0,1791359471559699202,-18.872300798,False
1791359471597797400,,1518,bird_eye,0,0,False,0.0,no_alert,0,0,1791359471598137579,-18.833862421,False
1791359471620139328,,1519,bird_eye,0,0,False,0.0,no_alert,0,0,1791359471620434303,-18.811565697,False
1791359471657484968,,1520,bird_eye,0,0,False,0.0,no_alert,0,0,1791359471657943115,-18.774056885,False
1791359471689257218,,1521,bird_eye,0,0,False,0.0,no_alert,0,0,1791359471689530185,-18.742469815,False
1791359471723427497,,1522,bird_eye,0,0,False,0.0,no_alert,0,0,1791359471723720000,-18.70828,False
1791359471756282689,,1523,bird_eye,0,0,False,0.0,no_alert,0,0,1791359471756540510,-18.67545949,False
1791359471793246895,,1524,bird_eye,0,0,False,0.0,no_alert,0,0,1791359471793685792,-18.638314208,False
1791359471830147501,,1525,bird_eye,0,0,False,0.0,no_alert,0,0,1791359471830588936,-18.601411064,False
1791359471864478434,,1526,bird_eye,0,0,False,0.0,no_alert,0,0,1791359471864839676,-18.567160324,False
1791359471901931888,,1527,bird_eye,0,0,False,0.0,no_alert,0,0,1791359471902495354,-18.529504646,False
1791359471924658960,,1528,bird_eye,0,0,False,0.0,no_alert,0,0,1791359471924945418,-18.507054582,False
1791359471957345310,,1529,bird_eye,0,0,False,0.0,no_alert,0,0,1791359471957696188,-18.474303812,False
1791359471989562308,,1530,bird_eye,0,0,False,0.0,no_alert,0,0,1791359471989984020,-18.44201598,False
1791359472033892121,,1531,bird_eye,0,0,False,0.0,no_alert,0,0,1791359472034463294,-18.397536706,False
1791359472058381314,,1532,bird_eye,0,0,False,0.0,no_alert,0,0,1791359472058763801,-18.373236199,False
1791359472089406940,,1533,bird_eye,0,0,False,0.0,no_alert,0,0,1791359472089713455,-18.342286545,False
1791359472123177789,,1534,bird_eye,0,0,False,0.0,no_alert,0,0,1791359472123580620,-18.30841938,False
1791359472155955311,,1535,bird_eye,0,0,False,0.0,no_alert,0,0,1791359472156436580,-18.27556342,False
1791359472194699335,,1536,bird_eye,0,0,False,0.0,no_alert,0,0,1791359472195194717,-18.236805283,False
1791359472226033775,,1537,bird_eye,0,0,False,0.0,no_alert,0,0,1791359472226450663,-18.205549337,False
1791359472254508424,,1538,bird_eye,0,0,False,0.0,no_alert,0,0,1791359472254725118,-18.177274882,False
1791359472288274009,,1539,bird_eye,0,0,False,0.0,no_alert,0,0,1791359472288592451,-18.143407549,False
1791359472327827803,,1540,bird_eye,0,0,False,0.0,no_alert,0,0,1791359472328364259,-18.103635741,False
1791359472355423582,,1541,bird_eye,0,0,False,0.0,no_alert,0,0,1791359472355767086,-18.076232914,False
1791359472392882516,,1542,bird_eye,0,0,False,0.0,no_alert,0,0,1791359472393253217,-18.038746783,False
1791359472419456377,,1543,bird_eye,0,0,False,0.0,no_alert,0,0,1791359472419766763,-18.012233237,False
1791359472454644764,,1544,bird_eye,0,0,False,0.0,no_alert,0,0,1791359472454969826,-17.977030174,False
1791359472493385262,,1545,bird_eye,0,0,False,0.0,no_alert,0,0,1791359472493673328,-17.938326672,False
1791359472528329622,,1546,bird_eye,0,0,False,0.0,no_alert,0,0,1791359472528615376,-17.903384624,False
1791359472556351773,,1547,bird_eye,0,0,False,0.0,no_alert,0,0,1791359472556579795,-17.875420205,False
1791359472590466548,,1548,bird_eye,0,0,False,0.0,no_alert,0,0,1791359472590835915,-17.841164085,False
1791359472625187106,,1549,bird_eye,0,0,False,0.0,no_alert,0,0,1791359472625481956,-17.806518044,False
1791359472659718312,,1550,bird_eye,0,0,False,0.0,no_alert,0,0,1791359472660145454,-17.771854546,False
1791359472689787235,,1551,bird_eye,0,0,False,0.0,no_alert,0,0,1791359472690178782,-17.741821218,False
1791359472725834107,,1552,bird_eye,0,0,False,0.0,no_alert,0,0,1791359472726123322,-17.705876678,False
1791359472757836749,,1553,bird_eye,0,0,False,0.0,no_alert,0,0,1791359472758124843,-17.673875157,False
1791359472791643816,,1554,bird_eye,0,0,False,0.0,no_alert,0,0,1791359472791906940,-17.64009306,False
1791359472821276444,,1555,bird_eye,0,0,False,0.0,no_alert,0,0,1791359472821485639,-17.610514361,False
1791359472860415591,,1556,bird_eye,0,0,False,0.0,no_alert,0,0,1791359472860733254,-17.571266746,False
1791359472890858671,,1557,bird_eye,0,0,False,0.0,no_alert,0,0,1791359472891150508,-17.540849492,False
1791359472928037530,,1558,bird_eye,0,0,False,0.0,no_alert,0,0,1791359472928380093,-17.503619907,False
1791359472953725201,,1559,bird_eye,0,0,False,0.0,no_alert,0,0,1791359472954012023,-17.477987977,False
1791359472990974333,,1560,bird_eye,0,0,False,0.0,no_alert,0,0,1791359472991284657,-17.440715343,False
1791359473026665124,,1561,bird_eye,0,0,False,0.0,no_alert,0,0,1791359473027028914,-17.404971086,False
1791359473054671042,,1562,bird_eye,0,0,False,0.0,no_alert,0,0,1791359473055026712,-17.376973288,False
1791359473092925527,,1563,bird_eye,0,0,False,0.0,no_alert,0,0,1791359473093087821,-17.338912179,False
1791359473122960068,,1564,bird_eye,0,0,False,0.0,no_alert,0,0,1791359473123303272,-17.308696728,False
1791359473154621694,,1565,bird_eye,0,0,False,0.0,no_alert,0,0,1791359473155040360,-17.27695964,False
1791359473190617166,,1566,bird_eye,0,0,False,0.0,no_alert,0,0,1791359473191053904,-17.240946096,False
1791359473228769459,,1567,bird_eye,0,0,False,0.0,no_alert,0,0,1791359473229010507,-17.202989493,False
1791359473253464413,,1568,bird_eye,0,0,False,0.0,no_alert,0,0,1791359473253762942,-17.178237058,False
1791359473288652424,,1569,bird_eye,0,0,False,0.0,no_alert,0,0,1791359473289047736,-17.142952264,False
1791359473321881643,,1570,bird_eye,0,0,False,0.0,no_alert,0,0,1791359473322311512,-17.109688488,False
1791359473356207722,,1571,bird_eye,0,0,False,0.0,no_alert,0,0,1791359473356552720,-17.07544728,False
1791359473390630414,,1572,bird_eye,0,0,False,0.0,no_alert,0,0,1791359473391269266,-17.040730734,False
1791359473423389963,,1573,bird_eye,0,0,False,0.0,no_alert,0,0,1791359473424152666,-17.007847334,False
1791359473456030373,,1574,bird_eye,0,0,False,0.0,no_alert,0,0,1791359473456342348,-16.975657652,False
1791359473488151780,,1575,bird_eye,0,0,False,0.0,no_alert,0,0,1791359473488450605,-16.943549395,False
1791359473522079623,,1576,bird_eye,0,0,False,0.0,no_alert,0,0,1791359473522371137,-16.909628863,False
1791359473555323932,,1577,bird_eye,0,0,False,0.0,no_alert,0,0,1791359473555652243,-16.876347757,False
1791359473589073901,,1578,bird_eye,0,0,False,0.0,no_alert,0,0,1791359473589404998,-16.842595002,False
1791359473621275519,,1579,bird_eye,0,0,False,0.0,no_alert,0,0,1791359473621609550,-16.81039045,False
1791359473654151951,,1580,bird_eye,0,0,False,0.0,no_alert,0,0,1791359473654503074,-16.777496926,False
1791359473689634265,,1581,bird_eye,0,0,False,0.0,no_alert,0,0,1791359473689992615,-16.742007385,False
1791359473722430873,,1582,bird_eye,0,0,False,0.0,no_alert,0,0,1791359473722774020,-16.70922598,False
1791359473755323600,,1583,bird_eye,0,0,False,0.0,no_alert,0,0,1791359473755696183,-16.676303817,False
1791359473796520793,,1584,bird_eye,0,0,False,0.0,no_alert,0,0,1791359473796801778,-16.635198222,False
1791359473823456910,,1585,bird_eye,0,0,False,0.0,no_alert,0,0,1791359473823860325,-16.608139675,False
1791359473855304377,,1586,bird_eye,0,0,False,0.0,no_alert,0,0,1791359473855714436,-16.576285564,False
1791359473892433658,,1587,bird_eye,0,0,False,0.0,no_alert,0,0,1791359473892734805,-16.539265195,False
1791359473922691253,,1588,bird_eye,0,0,False,0.0,no_alert,0,0,1791359473923064466,-16.508935534,False
1791359473955541931,,1589,bird_eye,0,0,False,0.0,no_alert,0,0,1791359473955763743,-16.476236257,False
1791359473993558592,,1590,bird_eye,0,0,False,0.0,no_alert,0,0,1791359473993876070,-16.43812393,False
1791359474023236599,,1591,bird_eye,0,0,False,0.0,no_alert,0,0,1791359474023581717,-16.408418283,False
1791359474055807945,,1592,bird_eye,0,0,False,0.0,no_alert,0,0,1791359474056148073,-16.375851927,False
1791359474088335262,,1593,bird_eye,0,0,False,0.0,no_alert,0,0,1791359474088632244,-16.343367756,False
1791359474123273423,,1594,bird_eye,0,0,False,0.0,no_alert,0,0,1791359474123544395,-16.308455605,False
1791359474158901959,,1595,bird_eye,0,0,False,0.0,no_alert,0,0,1791359474159253431,-16.272746569,False
1791359474187668491,,1596,bird_eye,0,0,False,0.0,no_alert,0,0,1791359474188202934,-16.243797066,False
1791359474225411681,,1597,bird_eye,0,0,False,0.0,no_alert,0,0,1791359474225738061,-16.206261939,False
1791359474256357209,,1598,bird_eye,0,0,False,0.0,no_alert,0,0,1791359474256693140,-16.17530686,False
1791359474292044341,,1599,bird_eye,0,0,False,0.0,no_alert,0,0,1791359474292310586,-16.139689414,False
1791359474323086376,,1600,bird_eye,0,0,False,0.0,no_alert,0,0,1791359474323667056,-16.108332944,False
1791359474356635352,,1601,bird_eye,0,0,False,0.0,no_alert,0,0,1791359474357120320,-16.07487968,False
1791359474393065258,,1602,bird_eye,0,0,False,0.0,no_alert,0,0,1791359474393327121,-16.038672879,False
1791359474422081452,,1603,bird_eye,0,0,False,0.0,no_alert,0,0,1791359474422526099,-16.009473901,False
1791359474457248129,,1604,bird_eye,0,0,False,0.0,no_alert,0,0,1791359474457466905,-15.974533095,False
1791359474490145146,,1605,bird_eye,0,0,False,0.0,no_alert,0,0,1791359474490444831,-15.941555169,False
1791359474525633888,,1606,bird_eye,0,0,False,0.0,no_alert,0,0,1791359474525925968,-15.906074032,False
1791359474554701912,,1607,bird_eye,0,0,False,0.0,no_alert,0,0,1791359474555042693,-15.876957307,False
1791359474592116072,,1608,bird_eye,0,0,False,0.0,no_alert,0,0,1791359474592331839,-15.839668161,False
1791359474622858598,,1609,bird_eye,0,0,False,0.0,no_alert,0,0,1791359474623240405,-15.808759595,False
1791359474656576667,,1610,bird_eye,0,0,False,0.0,no_alert,0,0,1791359474656940134,-15.775059866,False
1791359474691861845,,1611,bird_eye,0,0,False,0.0,no_alert,0,0,1791359474692194767,-15.739805233,False
1791359474724733282,,1612,bird_eye,0,0,False,0.0,no_alert,0,0,1791359474725126308,-15.706873692,False
1791359474756192485,,1613,bird_eye,0,0,False,0.0,no_alert,0,0,1791359474756411593,-15.675588407,False
1791359474792639167,,1614,bird_eye,0,0,False,0.0,no_alert,0,0,1791359474792849454,-15.639150546,False
1791359474822599529,,1615,bird_eye,0,0,False,0.0,no_alert,0,0,1791359474822977913,-15.609022087,False
1791359474855785106,,1616,bird_eye,0,0,False,0.0,no_alert,0,0,1791359474856114994,-15.575885006,False
1791359474892942632,,1617,bird_eye,0,0,False,0.0,no_alert,0,0,1791359474893119938,-15.538880062,False
1791359474922315346,,1618,bird_eye,0,0,False,0.0,no_alert,0,0,1791359474922805700,-15.5091943,False
1791359474958479981,,1619,bird_eye,0,0,False,0.0,no_alert,0,0,1791359474958852427,-15.473147573,False
1791359474989752347,,1620,bird_eye,0,0,False,0.0,no_alert,0,0,1791359474990215584,-15.441784416,False
1791359475025722558,,1621,bird_eye,0,0,False,0.0,no_alert,0,0,1791359475026055863,-15.405944137,False
1791359475054981195,,1622,bird_eye,0,0,False,0.0,no_alert,0,0,1791359475055397514,-15.376602486,False
1791359475088631008,,1623,bird_eye,0,0,False,0.0,no_alert,0,0,1791359475089065911,-15.342934089,False
1791359475126546373,,1624,bird_eye,0,0,False,0.0,no_alert,0,0,1791359475127017632,-15.304982368,False
1791359475153563803,,1625,bird_eye,0,0,False,0.0,no_alert,0,0,1791359475153779230,-15.27822077,False
1791359475188480500,,1626,bird_eye,0,0,False,0.0,no_alert,0,0,1791359475188932247,-15.243067753,False
1791359475222792574,,1627,bird_eye,0,0,False,0.0,no_alert,0,0,1791359475223271640,-15.20872836,False
1791359475256042863,,1628,bird_eye,0,0,False,0.0,no_alert,0,0,1791359475256413537,-15.175586463,False
1791359475288679225,,1629,bird_eye,0,0,False,0.0,no_alert,0,0,1791359475289146679,-15.142853321,False
1791359475324186664,,1630,bird_eye,0,0,False,0.0,no_alert,0,0,1791359475324711197,-15.107288803,False
1791359475358403248,,1631,bird_eye,0,0,False,0.0,no_alert,0,0,1791359475358795689,-15.073204311,False
1791359475388484514,,1632,bird_eye,0,0,False,0.0,no_alert,0,0,1791359475388846481,-15.043153519,False
1791359475423180066,,1633,bird_eye,0,0,False,0.0,no_alert,0,0,1791359475423727805,-15.008272195,False
1791359475453876323,,1634,bird_eye,0,0,False,0.0,no_alert,0,0,1791359475454132294,-14.977867706,False
1791359475488543115,,1635,bird_eye,0,0,False,0.0,no_alert,0,0,1791359475488975811,-14.943024189,False
1791359475522537788,,1636,bird_eye,0,0,False,0.0,no_alert,0,0,1791359475522948270,-14.90905173,False
1791359475554039566,,1637,bird_eye,0,0,False,0.0,no_alert,0,0,1791359475554341667,-14.877658333,False
1791359475589201045,,1638,bird_eye,0,0,False,0.0,no_alert,0,0,1791359475589629074,-14.842370926,False
1791359475622629905,,1639,bird_eye,0,0,False,0.0,no_alert,0,0,1791359475622975806,-14.809024194,False
1791359475654779661,,1640,bird_eye,0,0,False,0.0,no_alert,0,0,1791359475655109639,-14.776890361,False
1791359475689315749,,1641,bird_eye,0,0,False,0.0,no_alert,0,0,1791359475689742721,-14.742257279,False
1791359475721310715,,1642,bird_eye,0,0,False,0.0,no_alert,0,0,1791359475721641267,-14.710358733,False
1791359475757220988,,1643,bird_eye,0,0,False,0.0,no_alert,0,0,1791359475757728184,-14.674271816,False
1791359475789651099,,1644,bird_eye,0,0,False,0.0,no_alert,0,0,1791359475790080375,-14.641919625,False
1791359475820576624,,1645,bird_eye,0,0,False,0.0,no_alert,0,0,1791359475820902859,-14.611097141,False
1791359475855407050,,1646,bird_eye,0,0,False,0.0,no_alert,0,0,1791359475855700991,-14.576299009,False
1791359475890613568,,1647,bird_eye,0,0,False,0.0,no_alert,0,0,1791359475891122470,-14.54087753,False
1791359475922214299,,1648,bird_eye,0,0,False,0.0,no_alert,0,0,1791359475922573442,-14.509426558,False
1791359475955049500,,1649,bird_eye,0,0,False,0.0,no_alert,0,0,1791359475955354110,-14.47664589,False
1791359475989654759,,1650,bird_eye,0,0,False,0.0,no_alert,0,0,1791359475990017014,-14.441982986,False
1791359476021121265,,1651,bird_eye,0,0,False,0.0,no_alert,0,0,1791359476021426849,-14.410573151,False
1791359476060414481,,1652,bird_eye,0,0,False,0.0,no_alert,0,0,1791359476060928328,-14.371071672,False
1791359476088438721,,1653,bird_eye,0,0,False,0.0,no_alert,0,0,1791359476088713872,-14.343286128,False
1791359476121460372,,1654,bird_eye,0,0,False,0.0,no_alert,0,0,1791359476121802740,-14.31019726,False
1791359476156058542,,1655,bird_eye,0,0,False,0.0,no_alert,0,0,1791359476156382469,-14.275617531,False
1791359476188416460,,1656,bird_eye,0,0,False,0.0,no_alert,0,0,1791359476188714310,-14.24328569,False
1791359476223213881,,1657,bird_eye,0,0,False,0.0,no_alert,0,0,1791359476223495981,-14.208504019,False
1791359476256451099,,1658,bird_eye,0,0,False,0.0,no_alert,0,0,1791359476256808762,-14.175191238,False
1791359476289520069,,1659,bird_eye,0,0,False,0.0,no_alert,0,0,1791359476289731575,-14.142268425,False
1791359476322642395,,1660,bird_eye,0,0,False,0.0,no_alert,0,0,1791359476322959811,-14.109040189,False
1791359476355279305,,1661,bird_eye,0,0,False,0.0,no_alert,0,0,1791359476355506723,-14.076493277,False
1791359476396055212,,1662,bird_eye,0,0,False,0.0,no_alert,0,0,1791359476396443447,-14.035556553,False
1791359476420033047,,1663,bird_eye,0,0,False,0.0,no_alert,0,0,1791359476420252216,-14.011747784,False
1791359476456496739,,1664,bird_eye,0,0,False,0.0,no_alert,0,0,1791359476456834010,-13.97516599,False
1791359476491641955,,1665,bird_eye,0,0,False,0.0,no_alert,0,0,1791359476492062767,-13.939937233,False
1791359476520993562,,1666,bird_eye,0,0,False,0.0,no_alert,0,0,1791359476521222227,-13.910777773,False
1791359476558692440,,1667,bird_eye,0,0,False,0.0,no_alert,0,0,1791359476559106500,-13.8728935,False
1791359476589381443,,1668,bird_eye,0,0,False,0.0,no_alert,0,0,1791359476589644680,-13.84235532,False
1791359476624825034,,1669,bird_eye,0,0,False,0.0,no_alert,0,0,1791359476625172866,-13.806827134,False
1791359476656121732,,1670,bird_eye,0,0,False,0.0,no_alert,0,0,1791359476656323730,-13.77567627,False
1791359476692089525,,1671,bird_eye,0,0,False,0.0,no_alert,0,0,1791359476692314412,-13.739685588,False
1791359476722149411,,1672,bird_eye,0,0,False,0.0,no_alert,0,0,1791359476722427940,-13.70957206,False
1791359476754921766,,1673,bird_eye,0,0,False,0.0,no_alert,0,0,1791359476755193695,-13.676806305,False
1791359476793573687,,1674,bird_eye,0,0,False,0.0,no_alert,0,0,1791359476793883966,-13.638116034,False
1791359476821286334,,1675,bird_eye,0,0,False,0.0,no_alert,0,0,1791359476821533181,-13.610466819,False
1791359476856711860,,1676,bird_eye,0,0,False,0.0,no_alert,0,0,1791359476857004782,-13.574995218,False
1791359476888826966,,1677,bird_eye,0,0,False,0.0,no_alert,0,0,1791359476889059675,-13.542940325,False
1791359476922585814,,1678,bird_eye,0,0,False,0.0,no_alert,0,0,1791359476922822961,-13.509177039,False
1791359476952693241,,1679,bird_eye,0,0,False,0.0,no_alert,0,0,1791359476953044044,-13.478955956,False
1791359476990395326,,1680,bird_eye,0,0,False,0.0,no_alert,0,0,1791359476990670008,-13.441329992,False
1791359477062236244,,1681,bird_eye,0,0,False,0.0,no_alert,0,0,1791359477062478920,-13.36952108,False
1791359477129009852,,1682,bird_eye,0,0,False,0.0,no_alert,0,0,1791359477129295110,-13.30270489,False
1791359477155262136,,1683,bird_eye,0,0,False,0.0,no_alert,0,0,1791359477155599495,-13.276400505,False
1791359477189150009,,1684,bird_eye,0,0,False,0.0,no_alert,0,0,1791359477189419886,-13.242580114,False
1791359477224588001,,1685,bird_eye,0,0,False,0.0,no_alert,0,0,1791359477224868877,-13.207131123,False
1791359477254393439,,1686,bird_eye,0,0,False,0.0,no_alert,0,0,1791359477254697369,-13.177302631,False
1791359477289466147,,1687,bird_eye,0,0,False,0.0,no_alert,0,0,1791359477289794621,-13.142205379,False
1791359477321343556,,1688,bird_eye,0,0,False,0.0,no_alert,0,0,1791359477321705789,-13.110294211,False
1791359477355417217,,1689,bird_eye,0,0,False,0.0,no_alert,0,0,1791359477355676125,-13.076323875,False
1791359477389558211,,1690,bird_eye,0,0,False,0.0,no_alert,0,0,1791359477389813175,-13.042186825,False
1791359477421513088,,1691,bird_eye,0,0,False,0.0,no_alert,0,0,1791359477421940540,-13.01005946,False
1791359477455373296,,1692,bird_eye,0,0,False,0.0,no_alert,0,0,1791359477455679660,-12.97632034,False
1791359477489550111,,1693,bird_eye,0,0,False,0.0,no_alert,0,0,1791359477489889893,-12.942110107,False
1791359477521395975,,1694,bird_eye,0,0,False,0.0,no_alert,0,0,1791359477521752706,-12.910247294,False
1791359477557401334,,1695,bird_eye,0,0,False,0.0,no_alert,0,0,1791359477557784198,-12.874215802,False
1791359477590554810,,1696,bird_eye,0,0,False,0.0,no_alert,0,0,1791359477591005397,-12.840994603,False
1791359477620493455,,1697,bird_eye,0,0,False,0.0,no_alert,0,0,1791359477620799521,-12.811200479,False
1791359477656478574,,1698,bird_eye,0,0,False,0.0,no_alert,0,0,1791359477656727076,-12.775272924,False
1791359477692665374,,1699,bird_eye,0,0,False,0.0,no_alert,0,0,1791359477693113131,-12.738886869,False
1791359477720544495,,1700,bird_eye,0,0,False,0.0,no_alert,0,0,1791359477720789508,-12.711210492,False
1791359477759484046,,1701,bird_eye,0,0,False,0.0,no_alert,0,0,1791359477759733246,-12.672266754,False
1791359477788504874,,1702,bird_eye,0,0,False,0.0,no_alert,0,0,1791359477788845658,-12.643154342,False
1791359477822238357,,1703,bird_eye,0,0,False,0.0,no_alert,0,0,1791359477822459541,-12.609540459,False
1791359477856248687,,1704,bird_eye,0,0,False,0.0,no_alert,0,0,1791359477856484753,-12.575515247,False
1791359477890407246,,1705,bird_eye,0,0,False,0.0,no_alert,0,0,1791359477890690546,-12.541309454,False
1791359477923528099,,1706,bird_eye,0,0,False,0.0,no_alert,0,0,1791359477923772645,-12.508227355,False
1791359477959429622,,1707,bird_eye,0,0,False,0.0,no_alert,0,0,1791359477959651278,-12.472348722,False
1791359477987395425,,1708,bird_eye,0,0,False,0.0,no_alert,0,0,1791359477987651443,-12.444348557,False
1791359478026263142,,1709,bird_eye,0,0,False,0.0,no_alert,0,0,1791359478026468380,-12.40553162,False
1791359478054410722,,1710,bird_eye,0,0,False,0.0,no_alert,0,0,1791359478054624254,-12.377375746,False
1791359478089985373,,1711,bird_eye,0,0,False,0.0,no_alert,0,0,1791359478090273768,-12.341726232,False
1791359478126840047,,1712,bird_eye,0,0,False,0.0,no_alert,0,0,1791359478127185678,-12.304814322,False
1791359478152876026,,1713,bird_eye,0,0,False,0.0,no_alert,0,0,1791359478153189870,-12.27881013,False
1791359478191274227,,1714,bird_eye,0,0,False,0.0,no_alert,0,0,1791359478191539263,-12.240460737,False
1791359478223416061,,1715,bird_eye,0,0,False,0.0,no_alert,0,0,1791359478223774513,-12.208225487,False
1791359478257298234,,1716,bird_eye,0,0,False,0.0,no_alert,0,0,1791359478257499359,-12.174500641,False
1791359478292478647,,1717,bird_eye,0,0,False,0.0,no_alert,0,0,1791359478292781497,-12.139218503,False
1791359478322000382,,1718,bird_eye,0,0,False,0.0,no_alert,0,0,1791359478322377535,-12.109622465,False
1791359478355458330,,1719,bird_eye,0,0,False,0.0,no_alert,0,0,1791359478355736705,-12.076263295,False
1791359478389462565,,1720,bird_eye,0,0,False,0.0,no_alert,0,0,1791359478389890552,-12.042109448,False
1791359478424069651,,1721,bird_eye,0,0,False,0.0,no_alert,0,0,1791359478424479655,-12.007520345,False
1791359478454234478,,1722,bird_eye,0,0,False,0.0,no_alert,0,0,1791359478454530429,-11.977469571,False
1791359478489495138,,1723,bird_eye,0,0,False,0.0,no_alert,0,0,1791359478489822282,-11.942177718,False
1791359478523572021,,1724,bird_eye,0,0,False,0.0,no_alert,0,0,1791359478523955106,-11.908044894,False
1791359478555420837,,1725,bird_eye,0,0,False,0.0,no_alert,0,0,1791359478555756950,-11.87624305,False
1791359478588593852,,1726,bird_eye,0,0,False,0.0,no_alert,0,0,1791359478589014751,-11.842985249,False
1791359478622584700,,1727,bird_eye,0,0,False,0.0,no_alert,0,0,1791359478622936825,-11.809063175,False
1791359478659083108,,1728,bird_eye,0,0,False,0.0,no_alert,0,0,1791359478659380580,-11.77261942,False
1791359478686920112,,1729,bird_eye,0,0,False,0.0,no_alert,0,0,1791359478687202626,-11.744797374,False
1791359478723853871,,1730,bird_eye,0,0,False,0.0,no_alert,0,0,1791359478724177222,-11.707822778,False
1791359478754885692,,1731,bird_eye,0,0,False,0.0,no_alert,0,0,1791359478755297447,-11.676702553,False
1791359478790263647,,1732,bird_eye,0,0,False,0.0,no_alert,0,0,1791359478790535093,-11.641464907,False
1791359478823570888,,1733,bird_eye,0,0,False,0.0,no_alert,0,0,1791359478823896738,-11.608103262,False
1791359478855560260,,1734,bird_eye,0,0,False,0.0,no_alert,0,0,1791359478855849976,-11.576150024,False
1791359478890817043,,1735,bird_eye,0,0,False,0.0,no_alert,0,0,1791359478891106870,-11.54089313,False
1791359478922648932,,1736,bird_eye,0,0,False,0.0,no_alert,0,0,1791359478923091464,-11.508908536,False
1791359478956529589,,1737,bird_eye,0,0,False,0.0,no_alert,0,0,1791359478956855833,-11.475144167,False
1791359478990681012,,1738,bird_eye,0,0,False,0.0,no_alert,0,0,1791359478990988691,-11.441011309,False
1791359479021525332,,1739,bird_eye,0,0,False,0.0,no_alert,0,0,1791359479021806483,-11.410193517,False
1791359479057840466,,1740,bird_eye,0,0,False,0.0,no_alert,0,0,1791359479058229373,-11.373770627,False
1791359479087463610,,1741,bird_eye,0,0,False,0.0,no_alert,0,0,1791359479087872635,-11.344127365,False
1791359479124325883,,1742,bird_eye,0,0,False,0.0,no_alert,0,0,1791359479124656553,-11.307343447,False
1791359479154443684,,1743,bird_eye,0,0,False,0.0,no_alert,0,0,1791359479154803067,-11.277196933,False
1791359479188293476,,1744,bird_eye,0,0,False,0.0,no_alert,0,0,1791359479188711317,-11.243288683,False
1791359479222560248,,1745,bird_eye,0,0,False,0.0,no_alert,0,0,1791359479222988664,-11.209011336,False
1791359479254576009,,1746,bird_eye,0,0,False,0.0,no_alert,0,0,1791359479255065915,-11.176934085,False
1791359479288828378,,1747,bird_eye,0,0,False,0.0,no_alert,0,0,1791359479289103295,-11.142896705,False
1791359479321569094,,1748,bird_eye,0,0,False,0.0,no_alert,0,0,1791359479321834908,-11.110165092,False
1791359479355867693,,1749,bird_eye,0,0,False,0.0,no_alert,0,0,1791359479356250864,-11.075749136,False
1791359479390726617,,1750,bird_eye,0,0,False,0.0,no_alert,0,0,1791359479391000617,-11.040999383,False
1791359479423351452,,1751,bird_eye,0,0,False,0.0,no_alert,0,0,1791359479423607204,-11.008392796,False
1791359479455349450,,1752,bird_eye,0,0,False,0.0,no_alert,0,0,1791359479455651760,-10.97634824,False
1791359479488726079,,1753,bird_eye,0,0,False,0.0,no_alert,0,0,1791359479489006596,-10.942993404,False
1791359479523962476,,1754,bird_eye,0,0,False,0.0,no_alert,0,0,1791359479524281294,-10.907718706,False
1791359479555255312,,1755,bird_eye,0,0,False,0.0,no_alert,0,0,1791359479555643603,-10.876356397,False
1791359479589926088,,1756,bird_eye,0,0,False,0.0,no_alert,0,0,1791359479590354030,-10.84164597,False
1791359479624933479,,1757,bird_eye,0,0,False,0.0,no_alert,0,0,1791359479625249128,-10.806750872,False
1791359479655188292,,1758,bird_eye,0,0,False,0.0,no_alert,0,0,1791359479655411759,-10.776588241,False
1791359479690363357,,1759,bird_eye,0,0,False,0.0,no_alert,0,0,1791359479690645709,-10.741354291,False
1791359479723654811,,1760,bird_eye,0,0,False,0.0,no_alert,0,0,1791359479723998022,-10.708001978,False
1791359479756374381,,1761,bird_eye,0,0,False,0.0,no_alert,0,0,1791359479756661499,-10.675338501,False
1791359479789450793,,1762,bird_eye,0,0,False,0.0,no_alert,0,0,1791359479789697618,-10.642302382,False
1791359479823613275,,1763,bird_eye,0,0,False,0.0,no_alert,0,0,1791359479824060518,-10.607939482,False
1791359479856549505,,1764,bird_eye,0,0,False,0.0,no_alert,0,0,1791359479857009511,-10.574990489,False
1791359479889860205,,1765,bird_eye,0,0,False,0.0,no_alert,0,0,1791359479890275758,-10.541724242,False
1791359479924501386,,1766,bird_eye,0,0,False,0.0,no_alert,0,0,1791359479924777383,-10.507222617,False
1791359479958736090,,1767,bird_eye,0,0,False,0.0,no_alert,0,0,1791359479959229297,-10.472770703,False
1791359479989549802,,1768,bird_eye,0,0,False,0.0,no_alert,0,0,1791359479989839405,-10.442160595,False
1791359480022786505,,1769,bird_eye,0,0,False,0.0,no_alert,0,0,1791359480023088686,-10.408911314,False
1791359480056405122,,1770,bird_eye,0,0,False,0.0,no_alert,0,0,1791359480056742915,-10.375257085,False
1791359480091707656,,1771,bird_eye,0,0,False,0.0,no_alert,0,0,1791359480092170433,-10.339829567,False
1791359480122304389,,1772,bird_eye,0,0,False,0.0,no_alert,0,0,1791359480122574129,-10.309425871,False
1791359480164246384,,1773,bird_eye,0,0,False,0.0,no_alert,0,0,1791359480164650889,-10.267349111,False
1791359480189489996,,1774,bird_eye,0,0,False,0.0,no_alert,0,0,1791359480189663147,-10.242336853,False
1791359480230042589,,1775,bird_eye,0,0,False,0.0,no_alert,0,0,1791359480230280940,-10.20171906,False
1791359480257947329,,1776,bird_eye,0,0,False,0.0,no_alert,0,0,1791359480258207643,-10.173792357,False
1791359480296521657,,1777,bird_eye,0,0,False,0.0,no_alert,0,0,1791359480296793871,-10.135206129,False
1791359480321578820,,1778,bird_eye,0,0,False,0.0,no_alert,0,0,1791359480321940802,-10.110059198,False
1791359480356467980,,1779,bird_eye,0,0,False,0.0,no_alert,0,0,1791359480356693640,-10.07530636,False
1791359480389981702,,1780,bird_eye,0,0,False,0.0,no_alert,0,0,1791359480390308911,-10.041691089,False
1791359480425070817,,1781,bird_eye,0,0,False,0.0,no_alert,0,0,1791359480425345072,-10.006654928,False
1791359480454686861,,1782,bird_eye,0,0,False,0.0,no_alert,0,0,1791359480454972911,-9.977027089,False
1791359480487992473,,1783,bird_eye,0,0,False,0.0,no_alert,0,0,1791359480488337120,-9.94366288,False
1791359480522786962,,1784,bird_eye,0,0,False,0.0,no_alert,0,0,1791359480523112666,-9.908887334,False
1791359480555489618,,1785,bird_eye,0,0,False,0.0,no_alert,0,0,1791359480555804923,-9.876195077,False
1791359480593434328,,1786,bird_eye,0,0,False,0.0,no_alert,0,0,1791359480593809203,-9.838190797,False
1791359480630615786,,1787,bird_eye,0,0,False,0.0,no_alert,0,0,1791359480630828337,-9.801171663,False
1791359480653379797,,1788,bird_eye,0,0,False,0.0,no_alert,0,0,1791359480653644639,-9.778355361,False
1791359480689586780,,1789,bird_eye,0,0,False,0.0,no_alert,0,0,1791359480689951531,-9.742048469,False
1791359480724498312,,1790,bird_eye,0,0,False,0.0,no_alert,0,0,1791359480724798415,-9.707201585,False
1791359480761796649,,1791,bird_eye,0,0,False,0.0,no_alert,0,0,1791359480762308482,-9.669691518,False
1791359480798885750,,1792,bird_eye,0,0,False,0.0,no_alert,0,0,1791359480799467696,-9.632532304,False
1791359480829643442,,1793,bird_eye,0,0,False,0.0,no_alert,0,0,1791359480829962675,-9.602037325,False
1791359480862475832,,1794,bird_eye,0,0,False,0.0,no_alert,0,0,1791359480862886131,-9.569113869,False
1791359480889996155,,1795,bird_eye,0,0,False,0.0,no_alert,0,0,1791359480890270049,-9.541729951,False
1791359480939340818,,1796,bird_eye,0,0,False,0.0,no_alert,0,0,1791359480939706360,-9.49229364,False
1791359480962475903,,1797,bird_eye,0,0,False,0.0,no_alert,0,0,1791359480962716623,-9.469283377,False
1791359480989174013,,1798,bird_eye,0,0,False,0.0,no_alert,0,0,1791359480989416443,-9.442583557,False
1791359481022767912,,1799,bird_eye,0,0,False,0.0,no_alert,0,0,1791359481023082848,-9.408917152,False
1791359481072010022,,1800,bird_eye,0,0,False,0.0,no_alert,0,0,1791359481072651758,-9.359348242,False
1791359481101897223,,1801,bird_eye,0,0,False,0.0,no_alert,0,0,1791359481102856833,-9.329143167,False
1791359481129843451,,1802,bird_eye,0,0,False,0.0,no_alert,0,0,1791359481130085210,-9.30191479,False
1791359481160502141,,1803,bird_eye,0,0,False,0.0,no_alert,0,0,1791359481160755541,-9.271244459,False
1791359481196714831,,1804,bird_eye,0,0,False,0.0,no_alert,0,0,1791359481197083936,-9.234916064,False
1791359481229790269,,1805,bird_eye,0,0,False,0.0,no_alert,0,0,1791359481230042251,-9.201957749,False
1791359481259066472,,1806,bird_eye,0,0,False,0.0,no_alert,0,0,1791359481259376929,-9.172623071,False
1791359481299195125,,1807,bird_eye,0,0,False,0.0,no_alert,0,0,1791359481299499751,-9.132500249,False
1791359481325984349,,1808,bird_eye,0,0,False,0.0,no_alert,0,0,1791359481326328308,-9.105671692,False
1791359481368971846,,1809,bird_eye,0,0,False,0.0,no_alert,0,0,1791359481369352830,-9.06264717,False
1791359481403348316,,1810,bird_eye,0,0,False,0.0,no_alert,0,0,1791359481403876629,-9.028123371,False
1791359481431060883,,1811,bird_eye,0,0,False,0.0,no_alert,0,0,1791359481431993867,-9.000006133,False
1791359481463063566,,1812,bird_eye,0,0,False,0.0,no_alert,0,0,1791359481463373299,-8.968626701,False
1791359481508271035,,1813,bird_eye,0,0,False,0.0,no_alert,0,0,1791359481508913057,-8.923086943,False
1791359481533045190,,1814,bird_eye,0,0,False,0.0,no_alert,0,0,1791359481533378200,-8.8986218,False
1791359481557266034,,1815,bird_eye,0,0,False,0.0,no_alert,0,0,1791359481557440013,-8.874559987,False
1791359481595366988,,1816,bird_eye,0,0,False,0.0,no_alert,0,0,1791359481595585766,-8.836414234,False
1791359481623659113,,1817,bird_eye,0,0,False,0.0,no_alert,0,0,1791359481623987965,-8.808012035,False
1791359481656796938,,1818,bird_eye,0,0,False,0.0,no_alert,0,0,1791359481657209176,-8.774790824,False
1791359481695759532,,1819,bird_eye,0,0,False,0.0,no_alert,0,0,1791359481696018350,-8.73598165,False
1791359481728385421,,1820,bird_eye,0,0,False,0.0,no_alert,0,0,1791359481728671731,-8.703328269,False
1791359481765715219,,1821,bird_eye,0,0,False,0.0,no_alert,0,0,1791359481766184651,-8.665815349,False
1791359481788505907,,1822,bird_eye,0,0,False,0.0,no_alert,0,0,1791359481788804519,-8.643195481,False
1791359481822935848,,1823,bird_eye,0,0,False,0.0,no_alert,0,0,1791359481823309048,-8.608690952,False
1791359481858882117,,1824,bird_eye,0,0,False,0.0,no_alert,0,0,1791359481859137156,-8.572862844,False
1791359481902544818,,1825,bird_eye,0,0,False,0.0,no_alert,0,0,1791359481902904893,-8.529095107,False
1791359481930036140,,1826,bird_eye,0,0,False,0.0,no_alert,0,0,1791359481930312858,-8.501687142,False
1791359481956305245,,1827,bird_eye,0,0,False,0.0,no_alert,0,0,1791359481956530131,-8.475469869,False
1791359481994047924,,1828,bird_eye,0,0,False,0.0,no_alert,0,0,1791359481994468194,-8.437531806,False
1791359482028657757,,1829,bird_eye,0,0,False,0.0,no_alert,0,0,1791359482029086154,-8.402913846,False
1791359482059586878,,1830,bird_eye,0,0,False,0.0,no_alert,0,0,1791359482059920471,-8.372079529,False
1791359482097780863,,1831,bird_eye,0,0,False,0.0,no_alert,0,0,1791359482098391447,-8.333608553,False
1791359482123831917,,1832,bird_eye,0,0,False,0.0,no_alert,0,0,1791359482124418105,-8.307581895,False
1791359482160400531,,1833,bird_eye,0,0,False,0.0,no_alert,0,0,1791359482160704763,-8.271295237,False
1791359482192416990,,1834,bird_eye,0,0,False,0.0,no_alert,0,0,1791359482192795296,-8.239204704,False
1791359482227943621,,1835,bird_eye,0,0,False,0.0,no_alert,0,0,1791359482228282865,-8.203717135,False
1791359482264375603,,1836,bird_eye,0,0,False,0.0,no_alert,0,0,1791359482264955821,-8.167044179,False
1791359482294702779,,1837,bird_eye,0,0,False,0.0,no_alert,0,0,1791359482294944864,-8.137055136,False
1791359482330342935,,1838,bird_eye,0,0,False,0.0,no_alert,0,0,1791359482330692265,-8.101307735,False
1791359482369941363,,1839,bird_eye,0,0,False,0.0,no_alert,0,0,1791359482370712163,-8.061287837,False
1791359482408309807,,1840,bird_eye,0,0,False,0.0,no_alert,0,0,1791359482408656362,-8.023343638,False
1791359482439938031,,1841,bird_eye,0,0,False,0.0,no_alert,0,0,1791359482440332467,-7.991667533,False
1791359482470044818,,1842,bird_eye,0,0,False,0.0,no_alert,0,0,1791359482470387253,-7.961612747,False
1791359482502750274,,1843,bird_eye,0,0,False,0.0,no_alert,0,0,1791359482503142144,-7.928857856,False
1791359482546084891,,1844,bird_eye,0,0,False,0.0,no_alert,0,0,1791359482546790022,-7.885209978,False
1791359482590653677,,1845,bird_eye,0,0,False,0.0,no_alert,0,0,1791359482590974526,-7.841025474,False
1791359482613746877,,1846,bird_eye,0,0,False,0.0,no_alert,0,0,1791359482614184586,-7.817815414,False
1791359482639904314,,1847,bird_eye,0,0,False,0.0,no_alert,0,0,1791359482640302180,-7.79169782,False
1791359482663788725,,1848,bird_eye,0,0,False,0.0,no_alert,0,0,1791359482664136617,-7.767863383,False
1791359482690632912,,1849,bird_eye,0,0,False,0.0,no_alert,0,0,1791359482690893492,-7.741106508,False
1791359482729932772,,1850,bird_eye,0,0,False,0.0,no_alert,0,0,1791359482730403435,-7.701596565,False
1791359482771992675,,1851,bird_eye,0,0,False,0.0,no_alert,0,0,1791359482772588199,-7.659411801,False
1791359482796788862,,1852,bird_eye,0,0,False,0.0,no_alert,0,0,1791359482797104535,-7.634895465,False
1791359482820970510,,1853,bird_eye,0,0,False,0.0,no_alert,0,0,1791359482821209259,-7.610790741,False
1791359482857585413,,1854,bird_eye,0,0,False,0.0,no_alert,0,0,1791359482858018684,-7.573981316,False
1791359482893806494,,1855,bird_eye,0,0,False,0.0,no_alert,0,0,1791359482894090406,-7.537909594,False
1791359482924956621,,1856,bird_eye,0,0,False,0.0,no_alert,0,0,1791359482925344098,-7.506655902,False
1791359482954949779,,1857,bird_eye,0,0,False,0.0,no_alert,0,0,1791359482955238042,-7.476761958,False
1791359482990334887,,1858,bird_eye,0,0,False,0.0,no_alert,0,0,1791359482990598953,-7.441401047,False
1791359483030410779,,1859,bird_eye,0,0,False,0.0,no_alert,0,0,1791359483030685420,-7.40131458,False
1791359483055534041,,1860,bird_eye,0,0,False,0.0,no_alert,0,0,1791359483055784636,-7.376215364,False
1791359483089083859,,1861,bird_eye,0,0,False,0.0,no_alert,0,0,1791359483089336859,-7.342663141,False
1791359483124477064,,1862,bird_eye,0,0,False,0.0,no_alert,0,0,1791359483124796292,-7.307203708,False
1791359483161777716,,1863,bird_eye,0,0,False,0.0,no_alert,0,0,1791359483162055817,-7.269944183,False
1791359483195787378,,1864,bird_eye,0,0,False,0.0,no_alert,0,0,1791359483196071302,-7.235928698,False
1791359483226405489,,1865,bird_eye,0,0,False,0.0,no_alert,0,0,1791359483226727864,-7.205272136,False
1791359483260673946,,1866,bird_eye,0,0,False,0.0,no_alert,0,0,1791359483261008749,-7.170991251,False
1791359483289470764,,1867,bird_eye,0,0,False,0.0,no_alert,0,0,1791359483289819756,-7.142180244,False
1791359483325667629,,1868,bird_eye,0,0,False,0.0,no_alert,0,0,1791359483326052109,-7.105947891,False
1791359483356103345,,1869,bird_eye,0,0,False,0.0,no_alert,0,0,1791359483356362683,-7.075637317,False
1791359483390682653,,1870,bird_eye,0,0,False,0.0,no_alert,0,0,1791359483391058298,-7.040941702,False
1791359483428858033,,1871,bird_eye,0,0,False,0.0,no_alert,0,0,1791359483429278559,-7.002721441,False
1791359483454731990,,1872,bird_eye,0,0,False,0.0,no_alert,0,0,1791359483455030056,-6.976969944,False
1791359483490544197,,1873,bird_eye,0,0,False,0.0,no_alert,0,0,1791359483490834471,-6.941165529,False
1791359483522736736,,1874,bird_eye,0,0,False,0.0,no_alert,0,0,1791359483523063415,-6.908936585,False
1791359483563337128,,1875,bird_eye,0,0,False,0.0,no_alert,0,0,1791359483563643215,-6.868356785,False
1791359483588437276,,1876,bird_eye,0,0,False,0.0,no_alert,0,0,1791359483588715520,-6.84328448,False
1791359483626168896,,1877,bird_eye,0,0,False,0.0,no_alert,0,0,1791359483626459198,-6.805540802,False
1791359483669066452,,1878,bird_eye,0,0,False,0.0,no_alert,0,0,1791359483669491089,-6.762508911,False
1791359483689488280,,1879,bird_eye,0,0,False,0.0,no_alert,0,0,1791359483689763979,-6.742236021,False
1791359483732463332,,1880,bird_eye,0,0,False,0.0,no_alert,0,0,1791359483732950538,-6.699049462,False
1791359483757463459,,1881,bird_eye,0,0,False,0.0,no_alert,0,0,1791359483757726805,-6.674273195,False
1791359483796510291,,1882,bird_eye,0,0,False,0.0,no_alert,0,0,1791359483796894002,-6.635105998,False
1791359483830009340,,1883,bird_eye,0,0,False,0.0,no_alert,0,0,1791359483830400595,-6.601599405,False
1791359483860073178,,1884,bird_eye,0,0,False,0.0,no_alert,0,0,1791359483860321911,-6.571678089,False
1791359483890700092,,1885,bird_eye,0,0,False,0.0,no_alert,0,0,1791359483891052010,-6.54094799,False
1791359483929374258,,1886,bird_eye,0,0,False,0.0,no_alert,0,0,1791359483929652818,-6.502347182,False
1791359483966087220,,1887,bird_eye,0,0,False,0.0,no_alert,0,0,1791359483966309100,-6.4656909,False
1791359483992756732,,1888,bird_eye,0,0,False,0.0,no_alert,0,0,1791359483992999464,-6.439000536,False
1791359484023618404,,1889,bird_eye,0,0,False,0.0,no_alert,0,0,1791359484023835306,-6.408164694,False
1791359484062647980,,1890,bird_eye,0,0,False,0.0,no_alert,0,0,1791359484062872848,-6.369127152,False
1791359484089849624,,1891,bird_eye,0,0,False,0.0,no_alert,0,0,1791359484090129224,-6.341870776,False
1791359484128747827,,1892,bird_eye,0,0,False,0.0,no_alert,0,0,1791359484129172698,-6.302827302,False
1791359484170005758,,1893,bird_eye,0,0,False,0.0,no_alert,0,0,1791359484170330623,-6.261669377,False
1791359484199969024,,1894,bird_eye,0,0,False,0.0,no_alert,0,0,1791359484200269808,-6.231730192,False
1791359484225923557,,1895,bird_eye,0,0,False,0.0,no_alert,0,0,1791359484226456944,-6.205543056,False
1791359484258814079,,1896,bird_eye,0,0,False,0.0,no_alert,0,0,1791359484259034891,-6.172965109,False
1791359484299904798,,1897,bird_eye,0,0,False,0.0,no_alert,0,0,1791359484300291940,-6.13170806,False
1791359484331744884,,1898,bird_eye,0,0,False,0.0,no_alert,0,0,1791359484332314722,-6.099685278,False
1791359484357802936,,1899,bird_eye,0,0,False,0.0,no_alert,0,0,1791359484358177066,-6.073822934,False
1791359484390448955,,1900,bird_eye,0,0,False,0.0,no_alert,0,0,1791359484390783700,-6.0412163,False
1791359484424598924,,1901,bird_eye,0,0,False,0.0,no_alert,0,0,1791359484424981493,-6.007018507,False
1791359484456643311,,1902,bird_eye,0,0,False,0.0,no_alert,0,0,1791359484457116653,-5.974883347,False
1791359484503645199,,1903,bird_eye,0,0,False,0.0,no_alert,0,0,1791359484503988788,-5.928011212,False
1791359484527909381,,1904,bird_eye,0,0,False,0.0,no_alert,0,0,1791359484528139437,-5.903860563,False
1791359484572367393,,1905,bird_eye,0,0,False,0.0,no_alert,0,0,1791359484572728944,-5.859271056,False
1791359484588607823,,1906,bird_eye,0,0,False,0.0,no_alert,0,0,1791359484588975949,-5.843024051,False
1791359484633888777,,1907,bird_eye,0,0,False,0.0,no_alert,0,0,1791359484634217437,-5.797782563,False
1791359484654504754,,1908,bird_eye,0,0,False,0.0,no_alert,0,0,1791359484654912039,-5.777087961,False
1791359484688833524,,1909,bird_eye,0,0,False,0.0,no_alert,0,0,1791359484689134871,-5.742865129,False
1791359484722651272,,1910,bird_eye,0,0,False,0.0,no_alert,0,0,1791359484723013201,-5.708986799,False
1791359484756643337,,1911,bird_eye,0,0,False,0.0,no_alert,0,0,1791359484757018678,-5.674981322,False
1791359484810440367,,1912,bird_eye,0,0,False,0.0,no_alert,0,0,1791359484811047306,-5.620952694,False
1791359484841056823,,1913,bird_eye,0,0,False,0.0,no_alert,0,0,1791359484841415153,-5.590584847,False
1791359484858299070,,1914,bird_eye,0,0,False,0.0,no_alert,0,0,1791359484858519861,-5.573480139,False
1791359484890027914,,1915,bird_eye,0,0,False,0.0,no_alert,0,0,1791359484890485467,-5.541514533,False
1791359484929215269,,1916,bird_eye,0,0,False,0.0,no_alert,0,0,1791359484929460457,-5.502539543,False
1791359484954603543,,1917,bird_eye,0,0,False,0.0,no_alert,0,0,1791359484954973537,-5.477026463,False
1791359484989174058,,1918,bird_eye,0,0,False,0.0,no_alert,0,0,1791359484989493414,-5.442506586,False
1791359485023619148,,1919,bird_eye,0,0,False,0.0,no_alert,0,0,1791359485024049187,-5.407950813,False
1791359485055513310,,1920,bird_eye,0,0,False,0.0,no_alert,0,0,1791359485055953139,-5.376046861,False
1791359485088979851,,1921,bird_eye,0,0,False,0.0,no_alert,0,0,1791359485089377020,-5.34262298,False
1791359485121882359,,1922,bird_eye,0,0,False,0.0,no_alert,0,0,1791359485122298073,-5.309701927,False
1791359485157396771,,1923,bird_eye,0,0,False,0.0,no_alert,0,0,1791359485157732220,-5.27426778,False
1791359485187562975,,1924,bird_eye,0,0,False,0.0,no_alert,0,0,1791359485187858228,-5.244141772,False
1791359485223020780,,1925,bird_eye,0,0,False,0.0,no_alert,0,0,1791359485223367307,-5.208632693,False
1791359485255988813,,1926,bird_eye,0,0,False,0.0,no_alert,0,0,1791359485256406905,-5.175593095,False
1791359485288413440,,1927,bird_eye,0,0,False,0.0,no_alert,0,0,1791359485288671888,-5.143328112,False
1791359485323031295,,1928,bird_eye,0,0,False,0.0,no_alert,0,0,1791359485323339197,-5.108660803,False
1791359485356208172,,1929,bird_eye,0,0,False,0.0,no_alert,0,0,1791359485356630318,-5.075369682,False
1791359485390786366,,1930,bird_eye,0,0,False,0.0,no_alert,0,0,1791359485391120683,-5.040879317,False
1791359485423512215,,1931,bird_eye,0,0,False,0.0,no_alert,0,0,1791359485423955356,-5.008044644,False
1791359485454768954,,1932,bird_eye,0,0,False,0.0,no_alert,0,0,1791359485455072273,-4.976927727,False
1791359485495936441,,1933,bird_eye,0,0,False,0.0,no_alert,0,0,1791359485496285093,-4.935714907,False
1791359485532459399,,1934,bird_eye,0,0,False,0.0,no_alert,0,0,1791359485532878211,-4.899121789,False
1791359485561222193,,1935,bird_eye,0,0,False,0.0,no_alert,0,0,1791359485561495223,-4.870504777,False
1791359485588367342,,1936,bird_eye,0,0,False,0.0,no_alert,0,0,1791359485588950871,-4.843049129,False
1791359485623112320,,1937,bird_eye,0,0,False,0.0,no_alert,0,0,1791359485623519111,-4.808480889,False
1791359485656479968,,1938,bird_eye,0,0,False,0.0,no_alert,0,0,1791359485656898504,-4.775101496,False
1791359485689269580,,1939,bird_eye,0,0,False,0.0,no_alert,0,0,1791359485689638957,-4.742361043,False
1791359485724042701,,1940,bird_eye,0,0,False,0.0,no_alert,0,0,1791359485724375414,-4.707624586,False
1791359485756736146,,1941,bird_eye,0,0,False,0.0,no_alert,0,0,1791359485757300306,-4.674699694,False
1791359485789536707,,1942,bird_eye,0,0,False,0.0,no_alert,0,0,1791359485789837738,-4.642162262,False
1791359485823046765,,1943,bird_eye,0,0,False,0.0,no_alert,0,0,1791359485823453756,-4.608546244,False
1791359485858018599,,1944,bird_eye,0,0,False,0.0,no_alert,0,0,1791359485858463834,-4.573536166,False
1791359485891490562,,1945,bird_eye,0,0,False,0.0,no_alert,0,0,1791359485891704240,-4.54029576,False
1791359485923796058,,1946,bird_eye,0,0,False,0.0,no_alert,0,0,1791359485924115546,-4.507884454,False
1791359485956171817,,1947,bird_eye,0,0,False,0.0,no_alert,0,0,1791359485956565189,-4.475434811,False
1791359485990609436,,1948,bird_eye,0,0,False,0.0,no_alert,0,0,1791359485990922044,-4.441077956,False
1791359486024259215,,1949,bird_eye,0,0,False,0.0,no_alert,0,0,1791359486024763011,-4.407236989,False
1791359486056125195,,1950,bird_eye,0,0,False,0.0,no_alert,0,0,1791359486056395087,-4.375604913,False
1791359486089744574,,1951,bird_eye,0,0,False,0.0,no_alert,0,0,1791359486090009582,-4.341990418,False
1791359486125940420,,1952,bird_eye,0,0,False,0.0,no_alert,0,0,1791359486126185105,-4.305814895,False
1791359486153825634,,1953,bird_eye,0,0,False,0.0,no_alert,0,0,1791359486154080771,-4.277919229,False
1791359486191323217,,1954,bird_eye,0,0,False,0.0,no_alert,0,0,1791359486191642726,-4.240357274,False
1791359486226023435,,1955,bird_eye,0,0,False,0.0,no_alert,0,0,1791359486226392669,-4.205607331,False
1791359486254358508,,1956,bird_eye,0,0,False,0.0,no_alert,0,0,1791359486254635598,-4.177364402,False
1791359486288007073,,1957,bird_eye,0,0,False,0.0,no_alert,0,0,1791359486288459795,-4.143540205,False
1791359486323284776,,1958,bird_eye,0,0,False,0.0,no_alert,0,0,1791359486323922639,-4.108077361,False
1791359486356669886,,1959,bird_eye,0,0,False,0.0,no_alert,0,0,1791359486357174276,-4.074825724,False
1791359486390186745,,1960,bird_eye,0,0,False,0.0,no_alert,0,0,1791359486391037282,-4.040962718,False
1791359486421866311,,1961,bird_eye,0,0,False,0.0,no_alert,0,0,1791359486422478279,-4.009521721,False
1791359486457970806,,1962,bird_eye,0,0,False,0.0,no_alert,0,0,1791359486458223087,-3.973776913,False
1791359486489014921,,1963,bird_eye,0,0,False,0.0,no_alert,0,0,1791359486489479521,-3.942520479,False
1791359486523727184,,1964,bird_eye,0,0,False,0.0,no_alert,0,0,1791359486524125431,-3.907874569,False
1791359486556143669,,1965,bird_eye,0,0,False,0.0,no_alert,0,0,1791359486556674610,-3.87532539,False
1791359486588765335,,1966,bird_eye,0,0,False,0.0,no_alert,0,0,1791359486589132969,-3.842867031,False
1791359486623330859,,1967,bird_eye,0,0,False,0.0,no_alert,0,0,1791359486623810834,-3.808189166,False
1791359486656769835,,1968,bird_eye,0,0,False,0.0,no_alert,0,0,1791359486657233326,-3.774766674,False
1791359486687893975,,1969,bird_eye,0,0,False,0.0,no_alert,0,0,1791359486688347283,-3.743652717,False
1791359486723245637,,1970,bird_eye,0,0,False,0.0,no_alert,0,0,1791359486723737089,-3.708262911,False
1791359486756484043,,1971,bird_eye,0,0,False,0.0,no_alert,0,0,1791359486757078107,-3.674921893,False
1791359486787661540,,1972,bird_eye,0,0,False,0.0,no_alert,0,0,1791359486787966050,-3.64403395,False
1791359486822720341,,1973,bird_eye,0,0,False,0.0,no_alert,0,0,1791359486823124141,-3.608875859,False
1791359486855694575,,1974,bird_eye,0,0,False,0.0,no_alert,0,0,1791359486856055416,-3.575944584,False
1791359486890959367,,1975,bird_eye,0,0,False,0.0,no_alert,0,0,1791359486891421082,-3.540578918,False
1791359486922040581,,1976,bird_eye,0,0,False,0.0,no_alert,0,0,1791359486922570262,-3.509429738,False
1791359486955864950,,1977,bird_eye,0,0,False,0.0,no_alert,0,0,1791359486956322844,-3.475677156,False
1791359486989852512,,1978,bird_eye,0,0,False,0.0,no_alert,0,0,1791359486990481178,-3.441518822,False
1791359487032219645,,1979,bird_eye,0,0,False,0.0,no_alert,0,0,1791359487032569478,-3.399430522,False
1791359487059332785,,1980,bird_eye,0,0,False,0.0,no_alert,0,0,1791359487059774381,-3.372225619,False
1791359487091623503,,1981,bird_eye,0,0,False,0.0,no_alert,0,0,1791359487092125492,-3.339874508,False
1791359487122606981,,1982,bird_eye,0,0,False,0.0,no_alert,0,0,1791359487123021417,-3.308978583,False
1791359487156661782,,1983,bird_eye,0,0,False,0.0,no_alert,0,0,1791359487157047146,-3.274952854,False
1791359487190107625,,1984,bird_eye,0,0,False,0.0,no_alert,0,0,1791359487190778749,-3.241221251,False
1791359487224528646,,1985,bird_eye,0,0,False,0.0,no_alert,0,0,1791359487225121834,-3.206878166,False
1791359487257382187,,1986,bird_eye,0,0,False,0.0,no_alert,0,0,1791359487257791103,-3.174208897,False
1791359487290417281,,1987,bird_eye,0,0,False,0.0,no_alert,0,0,1791359487291291181,-3.140708819,False
1791359487325675995,,1988,bird_eye,0,0,False,0.0,no_alert,0,0,1791359487326137420,-3.10586258,False
1791359487356677441,,1989,bird_eye,0,0,False,0.0,no_alert,0,0,1791359487356976325,-3.075023675,False
1791359487391705443,,1990,bird_eye,0,0,False,0.0,no_alert,0,0,1791359487392116926,-3.039883074,False
1791359487424437153,,1991,bird_eye,0,0,False,0.0,no_alert,0,0,1791359487424806579,-3.007193421,False
1791359487459894692,,1992,bird_eye,0,0,False,0.0,no_alert,0,0,1791359487460280431,-2.971719569,False
1791359487490015163,,1993,bird_eye,0,0,False,0.0,no_alert,0,0,1791359487490558114,-2.941441886,False
1791359487526116202,,1994,bird_eye,0,0,False,0.0,no_alert,0,0,1791359487526421812,-2.905578188,False
1791359487557600083,,1995,bird_eye,0,0,False,0.0,no_alert,0,0,1791359487557934548,-2.874065452,False
1791359487590622437,,1996,bird_eye,0,0,False,0.0,no_alert,0,0,1791359487591092714,-2.840907286,False
1791359487624061780,,1997,bird_eye,0,0,False,0.0,no_alert,0,0,1791359487624525800,-2.8074742,False
1791359487660287267,,1998,bird_eye,0,0,False,0.0,no_alert,0,0,1791359487660773778,-2.771226222,False
1791359487689372796,,1999,bird_eye,0,0,False,0.0,no_alert,0,0,1791359487689779742,-2.742220258,False
1791359487725799141,,2000,bird_eye,0,0,False,0.0,no_alert,0,0,1791359487726281228,-2.705718772,False
1791359487756614039,,2001,bird_eye,0,0,False,0.0,no_alert,0,0,1791359487757069478,-2.674930522,False
1791359487791232895,,2002,bird_eye,0,0,False,0.0,no_alert,0,0,1791359487791635837,-2.640364163,False
1791359487824379397,,2003,bird_eye,0,0,False,0.0,no_alert,0,0,1791359487824845272,-2.607154728,False
1791359487858000794,,2004,bird_eye,0,0,False,0.0,no_alert,0,0,1791359487858328061,-2.573671939,False
1791359487891601462,,2005,bird_eye,0,0,False,0.0,no_alert,0,0,1791359487892102677,-2.539897323,False
1791359487920774718,,2006,bird_eye,0,0,False,0.0,no_alert,0,0,1791359487921104357,-2.510895643,False
1791359487956915163,,2007,bird_eye,0,0,False,0.0,no_alert,0,0,1791359487957231111,-2.474768889,False
1791359487988075780,,2008,bird_eye,0,0,False,0.0,no_alert,0,0,1791359487988423844,-2.443576156,False
1791359488020755109,,2009,bird_eye,0,0,False,0.0,no_alert,0,0,1791359488021113062,-2.410886938,False
1791359488061752406,,2010,bird_eye,0,0,False,0.0,no_alert,0,0,1791359488062180948,-2.369819052,False
1791359488088183477,,2011,bird_eye,0,0,False,0.0,no_alert,0,0,1791359488088423516,-2.343576484,False
1791359488121774095,,2012,bird_eye,0,0,False,0.0,no_alert,0,0,1791359488122058136,-2.309941864,False
1791359488155989692,,2013,bird_eye,0,0,False,0.0,no_alert,0,0,1791359488156487298,-2.275512702,False
1791359488187578668,,2014,bird_eye,0,0,False,0.0,no_alert,0,0,1791359488187978592,-2.244021408,False
1791359488222527909,,2015,bird_eye,0,0,False,0.0,no_alert,0,0,1791359488222911488,-2.209088512,False
1791359488255206848,,2016,bird_eye,0,0,False,0.0,no_alert,0,0,1791359488255616629,-2.176383371,False
1791359488288819119,,2017,bird_eye,0,0,False,0.0,no_alert,0,0,1791359488289139830,-2.14286017,False
1791359488333130531,,2018,bird_eye,0,0,False,0.0,no_alert,0,0,1791359488333459521,-2.098540479,False
1791359488361315967,,2019,bird_eye,0,0,False,0.0,no_alert,0,0,1791359488361961936,-2.070038064,False
1791359488390673465,,2020,bird_eye,0,0,False,0.0,no_alert,0,0,1791359488391039931,-2.040960069,False
1791359488420828808,,2021,bird_eye,0,0,False,0.0,no_alert,0,0,1791359488421217314,-2.010782686,False
1791359488463562670,,2022,bird_eye,0,0,False,0.0,no_alert,0,0,1791359488463984523,-1.968015477,False
1791359488496428985,,2023,bird_eye,0,0,False,0.0,no_alert,0,0,1791359488496930362,-1.935069638,False
1791359488521269819,,2024,bird_eye,0,0,False,0.0,no_alert,0,0,1791359488521575451,-1.910424549,False
1791359488556763011,,2025,bird_eye,0,0,False,0.0,no_alert,0,0,1791359488557109239,-1.874890761,False
1791359488588910726,,2026,bird_eye,0,0,False,0.0,no_alert,0,0,1791359488589315369,-1.842684631,False
1791359488622496046,,2027,bird_eye,0,0,False,0.0,no_alert,0,0,1791359488622730851,-1.809269149,False
1791359488668446404,,2028,bird_eye,0,0,False,0.0,no_alert,0,0,1791359488668877890,-1.76312211,False
1791359488691458462,,2029,bird_eye,0,0,False,0.0,no_alert,0,0,1791359488692433789,-1.739566211,False
1791359488725123254,,2030,bird_eye,0,0,False,0.0,no_alert,0,0,1791359488725418539,-1.706581461,False
1791359488754365335,,2031,bird_eye,0,0,False,0.0,no_alert,0,0,1791359488755192958,-1.676807042,False
1791359488790518511,,2032,bird_eye,0,0,False,0.0,no_alert,0,0,1791359488790788929,-1.641211071,False
1791359488824354523,,2033,bird_eye,0,0,False,0.0,no_alert,0,0,1791359488824590176,-1.607409824,False
1791359488858223446,,2034,bird_eye,0,0,False,0.0,no_alert,0,0,1791359488858434593,-1.573565407,False
1791359488886754037,,2035,bird_eye,0,0,False,0.0,no_alert,0,0,1791359488887586510,-1.54441349,False
1791359488922977175,,2036,bird_eye,0,0,False,0.0,no_alert,0,0,1791359488923378409,-1.508621591,False
1791359488955771560,,2037,bird_eye,0,0,False,0.0,no_alert,0,0,1791359488956178167,-1.475821833,False
1791359488989743153,,2038,bird_eye,0,0,False,0.0,no_alert,0,0,1791359488990049525,-1.441950475,False
1791359489022856765,,2039,bird_eye,0,0,False,0.0,no_alert,0,0,1791359489023228026,-1.408771974,False
1791359489057071921,,2040,bird_eye,0,0,False,0.0,no_alert,0,0,1791359489057301352,-1.374698648,False
1791359489095177398,,2041,bird_eye,0,0,False,0.0,no_alert,0,0,1791359489095542003,-1.336457997,False
1791359489136272272,,2042,bird_eye,0,0,False,0.0,no_alert,0,0,1791359489136622625,-1.295377375,False
1791359489156822999,,2043,bird_eye,0,0,False,0.0,no_alert,0,0,1791359489157092283,-1.274907717,False
1791359489189555927,,2044,bird_eye,0,0,False,0.0,no_alert,0,0,1791359489189778091,-1.242221909,False
1791359489223882613,,2045,bird_eye,0,0,False,0.0,no_alert,0,0,1791359489224173868,-1.207826132,False
1791359489255602288,,2046,bird_eye,0,0,False,0.0,no_alert,0,0,1791359489255985187,-1.176014813,False
1791359489290931587,,2047,bird_eye,0,0,False,0.0,no_alert,0,0,1791359489291300792,-1.140699208,False
1791359489321893216,,2048,bird_eye,0,0,False,0.0,no_alert,0,0,1791359489322290649,-1.109709351,False
1791359489362381621,,2049,bird_eye,0,0,False,0.0,no_alert,0,0,1791359489362758584,-1.069241416,False
1791359489396471333,,2050,bird_eye,0,0,False,0.0,no_alert,0,0,1791359489396918446,-1.035081554,False
1791359489426906163,,2051,bird_eye,0,0,False,0.0,no_alert,0,0,1791359489427272135,-1.004727865,False
1791359489452816847,,2052,bird_eye,0,0,False,0.0,no_alert,0,0,1791359489453210510,-0.97878949,False
1791359489497037927,,2053,bird_eye,0,0,False,0.0,no_alert,0,0,1791359489497559703,-0.934440297,False
1791359489520193086,,2054,bird_eye,0,0,False,0.0,no_alert,0,0,1791359489520423061,-0.911576939,False
1791359489557029513,,2055,bird_eye,0,0,False,0.0,no_alert,0,0,1791359489557269622,-0.874730378,False
1791359489588770471,,2056,bird_eye,0,0,False,0.0,no_alert,0,0,1791359489589254661,-0.842745339,False
1791359489622112332,,2057,bird_eye,0,0,False,0.0,no_alert,0,0,1791359489622420210,-0.80957979,False
1791359489654808194,,2058,bird_eye,0,0,False,0.0,no_alert,0,0,1791359489655196925,-0.776803075,False
1791359489696871282,,2059,bird_eye,0,0,False,0.0,no_alert,0,0,1791359489697471075,-0.734528925,False
1791359489728505615,,2060,bird_eye,0,0,False,0.0,no_alert,0,0,1791359489729166025,-0.702833975,False
1791359489762969826,,2061,bird_eye,0,0,False,0.0,no_alert,0,0,1791359489763550628,-0.668449372,False
1791359489786008508,,2062,bird_eye,0,0,False,0.0,no_alert,0,0,1791359489786318061,-0.645681939,False
1791359489820217585,,2063,bird_eye,0,0,False,0.0,no_alert,0,0,1791359489820510573,-0.611489427,False
1791359489855727878,,2064,bird_eye,0,0,False,0.0,no_alert,0,0,1791359489856128949,-0.575871051,False
1791359489898236121,,2065,bird_eye,0,0,False,0.0,no_alert,0,0,1791359489898584909,-0.533415091,False
1791359489929183404,,2066,bird_eye,0,0,False,0.0,no_alert,0,0,1791359489929550369,-0.502449631,False
1791359489952882895,,2067,bird_eye,0,0,False,0.0,no_alert,0,0,1791359489953210079,-0.478789921,False
1791359489988225957,,2068,bird_eye,0,0,False,0.0,no_alert,0,0,1791359489988471715,-0.443528285,False
1791359490029511080,,2069,bird_eye,0,0,False,0.0,no_alert,0,0,1791359490030140927,-0.401859073,False
1791359490058730949,,2070,bird_eye,0,0,False,0.0,no_alert,0,0,1791359490059119375,-0.372880625,False
1791359490087980783,,2071,bird_eye,0,0,False,0.0,no_alert,0,0,1791359490088569008,-0.343430992,False
1791359490136487774,,2072,bird_eye,0,0,False,0.0,no_alert,0,0,1791359490136886455,-0.295113545,False
1791359490153900893,,2073,bird_eye,0,0,False,0.0,no_alert,0,0,1791359490154189077,-0.277810923,False
1791359490189820640,,2074,bird_eye,0,0,False,0.0,no_alert,0,0,1791359490190127490,-0.24187251,False
1791359490225393747,,2075,bird_eye,0,0,False,0.0,no_alert,0,0,1791359490225668301,-0.206331699,False
1791359490254063974,,2076,bird_eye,0,0,False,0.0,no_alert,0,0,1791359490254317421,-0.177682579,False
1791359490288941148,,2077,bird_eye,0,0,False,0.0,no_alert,0,0,1791359490289350405,-0.142649595,False
1791359490321208033,,2078,bird_eye,0,0,False,0.0,no_alert,0,0,1791359490321492221,-0.110507779,False
1791359490354498249,,2079,bird_eye,0,0,False,0.0,no_alert,0,0,1791359490354775122,-0.077224878,False
1791359490391025687,,2080,bird_eye,0,0,False,0.0,no_alert,0,0,1791359490391447328,-0.040552672,False
1791359490426193251,,2081,bird_eye,0,0,False,0.0,no_alert,0,0,1791359490426437409,-0.005562591,False
1791359490457153163,,2082,bird_eye,0,0,False,0.0,no_alert,0,0,1791359490457505652,0.025505652,True
1791359490488291110,,2083,bird_eye,0,0,False,0.0,no_alert,0,0,1791359490488548829,0.056548829,True
1791359490521715174,,2084,bird_eye,0,0,False,0.0,no_alert,0,0,1791359490522001796,0.090001796,True
1791359490552850286,,2085,bird_eye,0,0,False,0.0,no_alert,0,0,1791359490553131581,0.121131581,True
1791359490587107089,,2086,bird_eye,0,0,False,0.0,no_alert,0,0,1791359490587372919,0.155372919,True
1791359490622334309,,2087,bird_eye,0,0,False,0.0,no_alert,0,0,1791359490622514141,0.190514141,True
1791359490653790005,,2088,bird_eye,0,0,False,0.0,no_alert,0,0,1791359490654126129,0.222126129,True
1791359490690621582,,2089,bird_eye,0,0,False,0.0,no_alert,0,0,1791359490690928634,0.258928634,True
1791359490730283381,,2090,bird_eye,0,0,False,0.0,no_alert,0,0,1791359490730588965,0.298588965,True
1791359490761687734,,2091,bird_eye,0,0,False,0.0,no_alert,0,0,1791359490761998143,0.329998143,True
1791359490793663855,,2092,bird_eye,0,0,False,0.0,no_alert,0,0,1791359490793892112,0.361892112,True
1791359490820226971,,2093,bird_eye,0,0,False,0.0,no_alert,0,0,1791359490820417129,0.388417129,True
1791359490859586118,,2094,bird_eye,0,0,False,0.0,no_alert,0,0,1791359490859805167,0.427805167,True
1791359490887136534,,2095,bird_eye,0,0,False,0.0,no_alert,0,0,1791359490887405574,0.455405574,True
1791359490921066993,,2096,bird_eye,0,0,False,0.0,no_alert,0,0,1791359490921322029,0.489322029,True
1791359490952931923,,2097,bird_eye,0,0,False,0.0,no_alert,0,0,1791359490953221228,0.521221228,True
1791359490987030510,,2098,bird_eye,0,0,False,0.0,no_alert,0,0,1791359490987341055,0.555341055,True
1791359491028886941,,2099,bird_eye,0,0,False,0.0,no_alert,0,0,1791359491029278844,0.597278844,True
1791359491071230968,,2100,bird_eye,0,0,False,0.0,no_alert,0,0,1791359491071514188,0.639514188,True
1791359491098251249,,2101,bird_eye,0,0,False,0.0,no_alert,0,0,1791359491098533637,0.666533637,True
1791359491128312608,,2102,bird_eye,0,0,False,0.0,no_alert,0,0,1791359491128605753,0.696605753,True
1791359491164285363,,2103,bird_eye,0,0,False,0.0,no_alert,0,0,1791359491164551825,0.732551825,True
1791359491193186705,,2104,bird_eye,0,0,False,0.0,no_alert,0,0,1791359491193480162,0.761480162,True
1791359491224369094,,2105,bird_eye,0,0,False,0.0,no_alert,0,0,1791359491224641624,0.792641624,True
1791359491256534662,,2106,bird_eye,0,0,False,0.0,no_alert,0,0,1791359491256784128,0.824784128,True
1791359491289476481,,2107,bird_eye,0,0,False,0.0,no_alert,0,0,1791359491289821108,0.857821108,True
1791359491328299892,,2108,bird_eye,0,0,False,0.0,no_alert,0,0,1791359491328551449,0.896551449,True
1791359491364916603,,2109,bird_eye,0,0,False,0.0,no_alert,0,0,1791359491365242547,0.933242547,True
1791359491400558072,,2110,bird_eye,0,0,False,0.0,no_alert,0,0,1791359491401290524,0.969290524,True
1791359491435208984,,2111,bird_eye,0,0,False,0.0,no_alert,0,0,1791359491435949488,1.003949488,True
1791359491463843863,,2112,bird_eye,0,0,False,0.0,no_alert,0,0,1791359491464261091,1.032261091,True
1791359491491278410,,2113,bird_eye,0,0,False,0.0,no_alert,0,0,1791359491491543880,1.05954388,True
1791359491520111217,,2114,bird_eye,0,0,False,0.0,no_alert,0,0,1791359491520411372,1.088411372,True
1791359491552652904,,2115,bird_eye,0,0,False,0.0,no_alert,0,0,1791359491552980479,1.120980479,True
1791359491586204737,,2116,bird_eye,0,0,False,0.0,no_alert,0,0,1791359491586436604,1.154436604,True
1791359491628475391,,2117,bird_eye,0,0,False,0.0,no_alert,0,0,1791359491628769677,1.196769677,True
1791359491657451247,,2118,bird_eye,0,0,False,0.0,no_alert,0,0,1791359491657683751,1.225683751,True
1791359491690151195,,2119,bird_eye,0,0,False,0.0,no_alert,0,0,1791359491690583498,1.258583498,True
1791359491719363583,,2120,bird_eye,0,0,False,0.0,no_alert,0,0,1791359491719648174,1.287648174,True
1791359491752933416,,2121,bird_eye,0,0,False,0.0,no_alert,0,0,1791359491753179406,1.321179406,True
1791359491786049919,,2122,bird_eye,0,0,False,0.0,no_alert,0,0,1791359491786321756,1.354321756,True
1791359491825388943,,2123,bird_eye,0,0,False,0.0,no_alert,0,0,1791359491825926195,1.393926195,True
1791359491856977048,,2124,bird_eye,0,0,False,0.0,no_alert,0,0,1791359491857419673,1.425419673,True
1791359491890783807,,2125,bird_eye,0,0,False,0.0,no_alert,0,0,1791359491891098515,1.459098515,True
1791359491924104231,,2126,bird_eye,0,0,False,0.0,no_alert,0,0,1791359491924565118,1.492565118,True
1791359491957076927,,2127,bird_eye,0,0,False,0.0,no_alert,0,0,1791359491957283180,1.52528318,True
1791359491989971612,,2128,bird_eye,0,0,False,0.0,no_alert,0,0,1791359491990232756,1.558232756,True
1791359492023502845,,2129,bird_eye,0,0,False,0.0,no_alert,0,0,1791359492023787804,1.591787804,True
1791359492056065532,,2130,bird_eye,0,0,False,0.0,no_alert,0,0,1791359492056336299,1.624336299,True
1791359492086908565,,2131,bird_eye,0,0,False,0.0,no_alert,0,0,1791359492087258274,1.655258274,True
1791359492121823435,,2132,bird_eye,0,0,False,0.0,no_alert,0,0,1791359492122234746,1.690234746,True
1791359492165557116,,2133,bird_eye,0,0,False,0.0,no_alert,0,0,1791359492166073566,1.734073566,True
1791359492198141312,,2134,bird_eye,0,0,False,0.0,no_alert,0,0,1791359492198494467,1.766494467,True
1791359492225708300,,2135,bird_eye,0,0,False,0.0,no_alert,0,0,1791359492226105553,1.794105553,True
1791359492255080271,,2136,bird_eye,0,0,False,0.0,no_alert,0,0,1791359492255365032,1.823365032,True
1791359492286896495,,2137,bird_eye,0,0,False,0.0,no_alert,0,0,1791359492287147924,1.855147924,True
1791359492323642148,,2138,bird_eye,0,0,False,0.0,no_alert,0,0,1791359492323981914,1.891981914,True
1791359492366525588,,2139,bird_eye,0,0,False,0.0,no_alert,0,0,1791359492367151672,1.935151672,True
1791359492397265686,,2140,bird_eye,0,0,False,0.0,no_alert,0,0,1791359492397747860,1.96574786,True
1791359492425220688,,2141,bird_eye,0,0,False,0.0,no_alert,0,0,1791359492425557873,1.993557873,True
1791359492455202843,,2142,bird_eye,0,0,False,0.0,no_alert,0,0,1791359492455516127,2.023516127,True
1791359492486375478,,2143,bird_eye,0,0,False,0.0,no_alert,0,0,1791359492486853950,2.05485395,True
1791359492521595319,,2144,bird_eye,0,0,False,0.0,no_alert,0,0,1791359492522042355,2.090042355,True
1791359492552363844,,2145,bird_eye,0,0,False,0.0,no_alert,0,0,1791359492552726282,2.120726282,True
1791359492590739387,,2146,bird_eye,0,0,False,0.0,no_alert,0,0,1791359492590924644,2.158924644,True
1791359492633085693,,2147,bird_eye,0,0,False,0.0,no_alert,0,0,1791359492633546565,2.201546565,True
1791359492671980203,,2148,bird_eye,0,0,False,0.0,no_alert,0,0,1791359492672664430,2.24066443,True
1791359492702131664,,2149,bird_eye,0,0,False,0.0,no_alert,0,0,1791359492702449422,2.270449422,True
1791359492735032467,,2150,bird_eye,0,0,False,0.0,no_alert,0,0,1791359492735351793,2.303351793,True
1791359492770726661,,2151,bird_eye,0,0,False,0.0,no_alert,0,0,1791359492771312163,2.339312163,True
1791359492803116458,,2152,bird_eye,0,0,False,0.0,no_alert,0,0,1791359492803957345,2.371957345,True
1791359492842117362,,2153,bird_eye,0,0,False,0.0,no_alert,0,0,1791359492842582302,2.410582302,True
1791359492872378786,,2154,bird_eye,0,0,False,0.0,no_alert,0,0,1791359492872954244,2.440954244,True
1791359492913746345,,2155,bird_eye,0,0,False,0.0,no_alert,0,0,1791359492914114366,2.482114366,True
1791359492945182831,,2156,bird_eye,0,0,False,0.0,no_alert,0,0,1791359492945499581,2.513499581,True
1791359492976034235,,2157,bird_eye,0,0,False,0.0,no_alert,0,0,1791359492976459901,2.544459901,True
1791359493004120155,,2158,bird_eye,0,0,False,0.0,no_alert,0,0,1791359493004704347,2.572704347,True
1791359493031693828,,2159,bird_eye,0,0,False,0.0,no_alert,0,0,1791359493032549368,2.600549368,True
1791359493061531423,,2160,bird_eye,0,0,False,0.0,no_alert,0,0,1791359493061936584,2.629936584,True
1791359493090301230,,2161,bird_eye,0,0,False,0.0,no_alert,0,0,1791359493090728345,2.658728345,True
1791359493121074134,,2162,bird_eye,0,0,False,0.0,no_alert,0,0,1791359493121422380,2.68942238,True
1791359493153578519,,2163,bird_eye,0,0,False,0.0,no_alert,0,0,1791359493153815469,2.721815469,True
1791359493185896814,,2164,bird_eye,0,0,False,0.0,no_alert,0,0,1791359493186302047,2.754302047,True
1791359493220256974,,2165,bird_eye,0,0,False,0.0,no_alert,0,0,1791359493220657155,2.788657155,True
1791359493253198152,,2166,bird_eye,0,0,False,0.0,no_alert,0,0,1791359493253541167,2.821541167,True
1791359493286144973,,2167,bird_eye,0,0,False,0.0,no_alert,0,0,1791359493286441594,2.854441594,True
1791359493319968375,,2168,bird_eye,0,0,False,0.0,no_alert,0,0,1791359493320351890,2.88835189,True
1791359493355795757,,2169,bird_eye,0,0,False,0.0,no_alert,0,0,1791359493356238973,2.924238973,True
1791359493387646884,,2170,bird_eye,0,0,False,0.0,no_alert,0,0,1791359493388092275,2.956092275,True
1791359493420015211,,2171,bird_eye,0,0,False,0.0,no_alert,0,0,1791359493420442212,2.988442212,True
1791359493454218979,,2172,bird_eye,0,0,False,0.0,no_alert,0,0,1791359493454510494,3.022510494,True
1791359493486867026,,2173,bird_eye,0,0,False,0.0,no_alert,0,0,1791359493487250673,3.055250673,True
1791359493520831392,,2174,bird_eye,0,0,False,0.0,no_alert,0,0,1791359493521226320,3.08922632,True
1791359493556472713,,2175,bird_eye,0,0,False,0.0,no_alert,0,0,1791359493556828919,3.124828919,True
1791359493591513080,,2176,bird_eye,0,0,False,0.0,no_alert,0,0,1791359493591829179,3.159829179,True
1791359493621369056,,2177,bird_eye,0,0,False,0.0,no_alert,0,0,1791359493621652550,3.18965255,True
1791359493654534962,,2178,bird_eye,0,0,False,0.0,no_alert,0,0,1791359493654801398,3.222801398,True
1791359493688018601,,2179,bird_eye,0,0,False,0.0,no_alert,0,0,1791359493688375182,3.256375182,True
1791359493720832461,,2180,bird_eye,0,0,False,0.0,no_alert,0,0,1791359493721211611,3.289211611,True
1791359493756061927,,2181,bird_eye,0,0,False,0.0,no_alert,0,0,1791359493756416545,3.324416545,True
1791359493801345585,,2182,bird_eye,0,0,False,0.0,no_alert,0,0,1791359493801812945,3.369812945,True
1791359493833690811,,2183,bird_eye,0,0,False,0.0,no_alert,0,0,1791359493834207266,3.402207266,True
1791359493871382028,,2184,bird_eye,0,0,False,0.0,no_alert,0,0,1791359493871807129,3.439807129,True
1791359493909537409,,2185,bird_eye,0,0,False,0.0,no_alert,0,0,1791359493910222665,3.478222665,True
1791359493941926289,,2186,bird_eye,0,0,False,0.0,no_alert,0,0,1791359493942438205,3.510438205,True
1791359493970846261,,2187,bird_eye,0,0,False,0.0,no_alert,0,0,1791359493971257184,3.539257184,True
1791359494005315302,,2188,bird_eye,0,0,False,0.0,no_alert,0,0,1791359494005724464,3.573724464,True
1791359494040926294,,2189,bird_eye,0,0,False,0.0,no_alert,0,0,1791359494041492277,3.609492277,True
1791359494071305040,,2190,bird_eye,0,0,False,0.0,no_alert,0,0,1791359494071732870,3.63973287,True
1791359494098961032,,2191,bird_eye,0,0,False,0.0,no_alert,0,0,1791359494099374205,3.667374205,True
1791359494128111860,,2192,bird_eye,0,0,False,0.0,no_alert,0,0,1791359494128429535,3.696429535,True
1791359494156095416,,2193,bird_eye,0,0,False,0.0,no_alert,0,0,1791359494156414004,3.724414004,True
1791359494187884631,,2194,bird_eye,0,0,False,0.0,no_alert,0,0,1791359494188254709,3.756254709,True
1791359494220067172,,2195,bird_eye,0,0,False,0.0,no_alert,0,0,1791359494220445447,3.788445447,True
1791359494253747625,,2196,bird_eye,0,0,False,0.0,no_alert,0,0,1791359494254143272,3.822143272,True
1791359494287255891,,2197,bird_eye,0,0,False,0.0,no_alert,0,0,1791359494287503914,3.855503914,True
1791359494320662002,,2198,bird_eye,0,0,False,0.0,no_alert,0,0,1791359494321012671,3.889012671,True
1791359494353875489,,2199,bird_eye,0,0,False,0.0,no_alert,0,0,1791359494354110937,3.922110937,True
1791359494387738229,,2200,bird_eye,0,0,False,0.0,no_alert,0,0,1791359494388127974,3.956127974,True
1791359494420942910,,2201,bird_eye,0,0,False,0.0,no_alert,0,0,1791359494421352415,3.989352415,True
1791359494454260454,,2202,bird_eye,0,0,False,0.0,no_alert,0,0,1791359494454716962,4.022716962,True
1791359494487746516,,2203,bird_eye,0,0,False,0.0,no_alert,0,0,1791359494488072715,4.056072715,True
1791359494523147066,,2204,bird_eye,0,0,False,0.0,no_alert,0,0,1791359494523460693,4.091460693,True
1791359494553872321,,2205,bird_eye,0,0,False,0.0,no_alert,0,0,1791359494554198237,4.122198237,True
1791359494587811815,,2206,bird_eye,0,0,False,0.0,no_alert,0,0,1791359494588292420,4.15629242,True
1791359494621126386,,2207,bird_eye,0,0,False,0.0,no_alert,0,0,1791359494621432490,4.18943249,True
1791359494658187972,,2208,bird_eye,0,0,False,0.0,no_alert,0,0,1791359494658720065,4.226720065,True
1791359494687458276,,2209,bird_eye,0,0,False,0.0,no_alert,0,0,1791359494687909780,4.25590978,True
1791359494723591345,,2210,bird_eye,0,0,False,0.0,no_alert,0,0,1791359494724088292,4.292088292,True
1791359494755546774,,2211,bird_eye,0,0,False,0.0,no_alert,0,0,1791359494755880239,4.323880239,True
1791359494788833417,,2212,bird_eye,0,0,False,0.0,no_alert,0,0,1791359494789139603,4.357139603,True
1791359494822619308,,2213,bird_eye,0,0,False,0.0,no_alert,0,0,1791359494822977720,4.39097772,True
1791359494856070140,,2214,bird_eye,0,0,False,0.0,no_alert,0,0,1791359494856294353,4.424294353,True
1791359494887705442,,2215,bird_eye,0,0,False,0.0,no_alert,0,0,1791359494888222770,4.45622277,True
1791359494929277857,,2216,bird_eye,0,0,False,0.0,no_alert,0,0,1791359494929643805,4.497643805,True
1791359494963170350,,2217,bird_eye,0,0,False,0.0,no_alert,0,0,1791359494963601424,4.531601424,True
1791359494994720561,,2218,bird_eye,0,0,False,0.0,no_alert,0,0,1791359494995184045,4.563184045,True
1791359495025535304,,2219,bird_eye,0,0,False,0.0,no_alert,0,0,1791359495026003628,4.594003628,True
1791359495058844538,,2220,bird_eye,0,0,False,0.0,no_alert,0,0,1791359495059344311,4.627344311,True
1791359495096124080,,2221,bird_eye,0,0,False,0.0,no_alert,0,0,1791359495096508786,4.664508786,True
1791359495132887101,,2222,bird_eye,0,0,False,0.0,no_alert,0,0,1791359495133359132,4.701359132,True
1791359495163868331,,2223,bird_eye,0,0,False,0.0,no_alert,0,0,1791359495164292599,4.732292599,True
1791359495192736061,,2224,bird_eye,0,0,False,0.0,no_alert,0,0,1791359495193074732,4.761074732,True
1791359495222877928,,2225,bird_eye,0,0,False,0.0,no_alert,0,0,1791359495223363269,4.791363269,True
1791359495254466311,,2226,bird_eye,0,0,False,0.0,no_alert,0,0,1791359495254913931,4.822913931,True
1791359495293334363,,2227,bird_eye,0,0,False,0.0,no_alert,0,0,1791359495293950594,4.861950594,True
1791359495327622094,,2228,bird_eye,0,0,False,0.0,no_alert,0,0,1791359495328125438,4.896125438,True
1791359495358253238,,2229,bird_eye,0,0,False,0.0,no_alert,0,0,1791359495358573405,4.926573405,True
1791359495391475403,,2230,bird_eye,0,0,False,0.0,no_alert,0,0,1791359495391896168,4.959896168,True
1791359495422597640,,2231,bird_eye,0,0,False,0.0,no_alert,0,0,1791359495422964490,4.99096449,True
1791359495455911909,,2232,bird_eye,0,0,False,0.0,no_alert,0,0,1791359495456308526,5.024308526,True
1791359495488486257,,2233,bird_eye,0,0,False,0.0,no_alert,0,0,1791359495488764157,5.056764157,True
1791359495528328509,,2234,bird_eye,0,0,False,0.0,no_alert,0,0,1791359495528896498,5.096896498,True
1791359495564786216,,2235,bird_eye,0,0,False,0.0,no_alert,0,0,1791359495565199623,5.133199623,True
1791359495597531313,,2236,bird_eye,0,0,False,0.0,no_alert,0,0,1791359495597957670,5.16595767,True
1791359495629711279,,2237,bird_eye,0,0,False,0.0,no_alert,0,0,1791359495630111898,5.198111898,True
1791359495658377519,,2238,bird_eye,0,0,False,0.0,no_alert,0,0,1791359495658632805,5.226632805,True
1791359495688427712,,2239,bird_eye,0,0,False,0.0,no_alert,0,0,1791359495688875283,5.256875283,True
1791359495722533816,,2240,bird_eye,0,0,False,0.0,no_alert,0,0,1791359495722975441,5.290975441,True
1791359495757398226,,2241,bird_eye,0,0,False,0.0,no_alert,0,0,1791359495757847576,5.325847576,True
1791359495790886865,,2242,bird_eye,0,0,False,0.0,no_alert,0,0,1791359495791297047,5.359297047,True
1791359495831979614,,2243,bird_eye,0,0,False,0.0,no_alert,0,0,1791359495832308795,5.400308795,True
1791359495865111935,,2244,bird_eye,0,0,False,0.0,no_alert,0,0,1791359495865392860,5.43339286,True
1791359495894043184,,2245,bird_eye,0,0,False,0.0,no_alert,0,0,1791359495894429849,5.462429849,True
1791359495928681602,,2246,bird_eye,0,0,False,0.0,no_alert,0,0,1791359495929038073,5.497038073,True
1791359495957991330,,2247,bird_eye,0,0,False,0.0,no_alert,0,0,1791359495958399034,5.526399034,True
1791359495990203077,,2248,bird_eye,0,0,False,0.0,no_alert,0,0,1791359495990599197,5.558599197,True
1791359496021197893,,2249,bird_eye,0,0,False,0.0,no_alert,0,0,1791359496021543097,5.589543097,True
1791359496054752463,,2250,bird_eye,0,0,False,0.0,no_alert,0,0,1791359496055119486,5.623119486,True
1791359496088340969,,2251,bird_eye,0,0,False,0.0,no_alert,0,0,1791359496088724202,5.656724202,True
1791359496121006624,,2252,bird_eye,0,0,False,0.0,no_alert,0,0,1791359496121370568,5.689370568,True
1791359496166720177,,2253,bird_eye,0,0,False,0.0,no_alert,0,0,1791359496167014992,5.735014992,True
1791359496201028061,,2254,bird_eye,0,0,False,0.0,no_alert,0,0,1791359496201480971,5.769480971,True
1791359496234782882,,2255,bird_eye,0,0,False,0.0,no_alert,0,0,1791359496235210993,5.803210993,True
1791359496268240366,,2256,bird_eye,0,0,False,0.0,no_alert,0,0,1791359496269262789,5.837262789,True
1791359496297961016,,2257,bird_eye,0,0,False,0.0,no_alert,0,0,1791359496298262958,5.866262958,True
1791359496330409834,,2258,bird_eye,0,0,False,0.0,no_alert,0,0,1791359496330840477,5.898840477,True
1791359496367012678,,2259,bird_eye,0,0,False,0.0,no_alert,0,0,1791359496367511730,5.93551173,True
1791359496395152502,,2260,bird_eye,0,0,False,0.0,no_alert,0,0,1791359496395392137,5.963392137,True
1791359496424577701,,2261,bird_eye,0,0,False,0.0,no_alert,0,0,1791359496424936118,5.992936118,True
1791359496458258067,,2262,bird_eye,0,0,False,0.0,no_alert,0,0,1791359496458555755,6.026555755,True
1791359496488034286,,2263,bird_eye,0,0,False,0.0,no_alert,0,0,1791359496488360778,6.056360778,True
1791359496523049065,,2264,bird_eye,0,0,False,0.0,no_alert,0,0,1791359496523384271,6.091384271,True
1791359496553742153,,2265,bird_eye,0,0,False,0.0,no_alert,0,0,1791359496554064674,6.122064674,True
1791359496587075019,,2266,bird_eye,0,0,False,0.0,no_alert,0,0,1791359496587380959,6.155380959,True
1791359496620982395,,2267,bird_eye,0,0,False,0.0,no_alert,0,0,1791359496621344650,6.18934465,True
1791359496655648640,,2268,bird_eye,0,0,False,0.0,no_alert,0,0,1791359496655933238,6.223933238,True
1791359496687551595,,2269,bird_eye,0,0,False,0.0,no_alert,0,0,1791359496688100801,6.256100801,True
1791359496719340635,,2270,bird_eye,0,0,False,0.0,no_alert,0,0,1791359496719864576,6.287864576,True
1791359496753815982,,2271,bird_eye,0,0,False,0.0,no_alert,0,0,1791359496754536374,6.322536374,True
1791359496786843819,,2272,bird_eye,0,0,False,0.0,no_alert,0,0,1791359496787311835,6.355311835,True
1791359496819171219,,2273,bird_eye,0,0,False,0.0,no_alert,0,0,1791359496819883792,6.387883792,True
1791359496852377290,,2274,bird_eye,0,0,False,0.0,no_alert,0,0,1791359496852908879,6.420908879,True
1791359496885817977,,2275,bird_eye,0,0,False,0.0,no_alert,0,0,1791359496886396945,6.454396945,True
1791359496922238820,,2276,bird_eye,0,0,False,0.0,no_alert,0,0,1791359496922782191,6.490782191,True
1791359496952518886,,2277,bird_eye,0,0,False,0.0,no_alert,0,0,1791359496953115968,6.521115968,True
1791359496985420070,,2278,bird_eye,0,0,False,0.0,no_alert,0,0,1791359496985993987,6.553993987,True
1791359497019174245,,2279,bird_eye,0,0,False,0.0,no_alert,0,0,1791359497019716210,6.58771621,True
1791359497054153595,,2280,bird_eye,0,0,False,0.0,no_alert,0,0,1791359497054604977,6.622604977,True
1791359497085926147,,2281,bird_eye,0,0,False,0.0,no_alert,0,0,1791359497086329437,6.654329437,True
1791359497119518749,,2282,bird_eye,0,0,False,0.0,no_alert,0,0,1791359497119905402,6.687905402,True
1791359497151862276,,2283,bird_eye,0,0,False,0.0,no_alert,0,0,1791359497152350836,6.720350836,True
1791359497185786494,,2284,bird_eye,0,0,False,0.0,no_alert,0,0,1791359497186390840,6.75439084,True
1791359497218794797,,2285,bird_eye,0,0,False,0.0,no_alert,0,0,1791359497219258410,6.78725841,True
1791359497253736361,,2286,bird_eye,0,0,False,0.0,no_alert,0,0,1791359497254340369,6.822340369,True
1791359497286474300,,2287,bird_eye,0,0,False,0.0,no_alert,0,0,1791359497287039034,6.855039034,True
1791359497318906844,,2288,bird_eye,0,0,False,0.0,no_alert,0,0,1791359497319664576,6.887664576,True
1791359497352569385,,2289,bird_eye,0,0,False,0.0,no_alert,0,0,1791359497353483671,6.921483671,True
1791359497385720313,,2290,bird_eye,0,0,False,0.0,no_alert,0,0,1791359497386561957,6.954561957,True
1791359497422013824,,2291,bird_eye,0,0,False,0.0,no_alert,0,0,1791359497422575335,6.990575335,True
1791359497452010526,,2292,bird_eye,0,0,False,0.0,no_alert,0,0,1791359497452495184,7.020495184,True
1791359497485431150,,2293,bird_eye,0,0,False,0.0,no_alert,0,0,1791359497485865971,7.053865971,True
1791359497518771684,,2294,bird_eye,0,0,False,0.0,no_alert,0,0,1791359497519194102,7.087194102,True
1791359497551879433,,2295,bird_eye,0,0,False,0.0,no_alert,0,0,1791359497552384783,7.120384783,True
1791359497585462888,,2296,bird_eye,0,0,False,0.0,no_alert,0,0,1791359497585912422,7.153912422,True
1791359497618782453,,2297,bird_eye,0,0,False,0.0,no_alert,0,0,1791359497619396652,7.187396652,True
1791359497652156409,,2298,bird_eye,0,0,False,0.0,no_alert,0,0,1791359497652510634,7.220510634,True
1791359497685514532,,2299,bird_eye,0,0,False,0.0,no_alert,0,0,1791359497685972635,7.253972635,True
1791359497719728555,,2300,bird_eye,0,0,False,0.0,no_alert,0,0,1791359497720361878,7.288361878,True
1791359497752324285,,2301,bird_eye,0,0,False,0.0,no_alert,0,0,1791359497752597593,7.320597593,True
1791359497786476198,,2302,bird_eye,0,0,False,0.0,no_alert,0,0,1791359497787055990,7.35505599,True
1791359497818696747,,2303,bird_eye,0,0,False,0.0,no_alert,0,0,1791359497819186749,7.387186749,True
1791359497852885701,,2304,bird_eye,0,0,False,0.0,no_alert,0,0,1791359497853237374,7.421237374,True
1791359497888557391,,2305,bird_eye,0,0,False,0.0,no_alert,0,0,1791359497889226366,7.457226366,True
1791359497919803763,,2306,bird_eye,0,0,False,0.0,no_alert,0,0,1791359497920300498,7.488300498,True
1791359497952118734,,2307,bird_eye,0,0,False,0.0,no_alert,0,0,1791359497952378473,7.520378473,True
1791359497985619344,,2308,bird_eye,0,0,False,0.0,no_alert,0,0,1791359497986010951,7.554010951,True
1791359498019021433,,2309,bird_eye,0,0,False,0.0,no_alert,0,0,1791359498019426129,7.587426129,True
1791359498052859764,,2310,bird_eye,0,0,False,0.0,no_alert,0,0,1791359498053157469,7.621157469,True
1791359498085606400,,2311,bird_eye,0,0,False,0.0,no_alert,0,0,1791359498085957600,7.6539576,True
1791359498118790264,,2312,bird_eye,0,0,False,0.0,no_alert,0,0,1791359498119192238,7.687192238,True
1791359498151949985,,2313,bird_eye,0,0,False,0.0,no_alert,0,0,1791359498152237719,7.720237719,True
1791359498185552448,,2314,bird_eye,0,0,False,0.0,no_alert,0,0,1791359498185893609,7.753893609,True
1791359498218943185,,2315,bird_eye,0,0,False,0.0,no_alert,0,0,1791359498219378062,7.787378062,True
1791359498252231147,,2316,bird_eye,0,0,False,0.0,no_alert,0,0,1791359498252613420,7.82061342,True
1791359498289085091,,2317,bird_eye,0,0,False,0.0,no_alert,0,0,1791359498289618273,7.857618273,True
1791359498330395139,,2318,bird_eye,0,0,False,0.0,no_alert,0,0,1791359498330793035,7.898793035,True
1791359498361014943,,2319,bird_eye,0,0,False,0.0,no_alert,0,0,1791359498361470396,7.929470396,True
1791359498397701288,,2320,bird_eye,0,0,False,0.0,no_alert,0,0,1791359498398184115,7.966184115,True
1791359498438115376,,2321,bird_eye,0,0,False,0.0,no_alert,0,0,1791359498438692982,8.006692982,True
1791359498467312840,,2322,bird_eye,0,0,False,0.0,no_alert,0,0,1791359498467675073,8.035675073,True
1791359498499919224,,2323,bird_eye,0,0,False,0.0,no_alert,0,0,1791359498500337111,8.068337111,True
1791359498530334484,,2324,bird_eye,0,0,False,0.0,no_alert,0,0,1791359498530801459,8.098801459,True
1791359498562258363,,2325,bird_eye,0,0,False,0.0,no_alert,0,0,1791359498562670295,8.130670295,True
1791359498593955697,,2326,bird_eye,0,0,False,0.0,no_alert,0,0,1791359498594364395,8.162364395,True
1791359498627790841,,2327,bird_eye,0,0,False,0.0,no_alert,0,0,1791359498628225386,8.196225386,True
1791359498657629072,,2328,bird_eye,0,0,False,0.0,no_alert,0,0,1791359498658293013,8.226293013,True
1791359498690468734,,2329,bird_eye,0,0,False,0.0,no_alert,0,0,1791359498691075034,8.259075034,True
1791359498721746975,,2330,bird_eye,0,0,False,0.0,no_alert,0,0,1791359498722112117,8.290112117,True
1791359498753691308,,2331,bird_eye,0,0,False,0.0,no_alert,0,0,1791359498754093728,8.322093728,True
1791359498789107366,,2332,bird_eye,0,0,False,0.0,no_alert,0,0,1791359498789530608,8.357530608,True
1791359498824557564,,2333,bird_eye,0,0,False,0.0,no_alert,0,0,1791359498825268862,8.393268862,True
1791359498853612726,,2334,bird_eye,0,0,False,0.0,no_alert,0,0,1791359498853931604,8.421931604,True
1791359498886474075,,2335,bird_eye,0,0,False,0.0,no_alert,0,0,1791359498886871369,8.454871369,True
1791359498920274580,,2336,bird_eye,0,0,False,0.0,no_alert,0,0,1791359498920598351,8.488598351,True
1791359498953376391,,2337,bird_eye,0,0,False,0.0,no_alert,0,0,1791359498953811769,8.521811769,True
1791359498986279013,,2338,bird_eye,0,0,False,0.0,no_alert,0,0,1791359498986645410,8.55464541,True
1791359499020701528,,2339,bird_eye,0,0,False,0.0,no_alert,0,0,1791359499021045938,8.589045938,True
1791359499052477589,,2340,bird_eye,0,0,False,0.0,no_alert,0,0,1791359499052887470,8.62088747,True
1791359499086867997,,2341,bird_eye,0,0,False,0.0,no_alert,0,0,1791359499087268536,8.655268536,True
1791359499119390989,,2342,bird_eye,0,0,False,0.0,no_alert,0,0,1791359499119914209,8.687914209,True
1791359499162541560,,2343,bird_eye,0,0,False,0.0,no_alert,0,0,1791359499163242072,8.731242072,True
1791359499189690167,,2344,bird_eye,0,0,False,0.0,no_alert,0,0,1791359499190180933,8.758180933,True
1791359499221508027,,2345,bird_eye,0,0,False,0.0,no_alert,0,0,1791359499221927451,8.789927451,True
1791359499258150136,,2346,bird_eye,0,0,False,0.0,no_alert,0,0,1791359499258659379,8.826659379,True
1791359499287216224,,2347,bird_eye,0,0,False,0.0,no_alert,0,0,1791359499287526568,8.855526568,True
1791359499318867292,,2348,bird_eye,0,0,False,0.0,no_alert,0,0,1791359499319265026,8.887265026,True
1791359499354321599,,2349,bird_eye,0,0,False,0.0,no_alert,0,0,1791359499354532915,8.922532915,True
1791359499385766259,,2350,bird_eye,0,0,False,0.0,no_alert,0,0,1791359499386131903,8.954131903,True
1791359499420110373,,2351,bird_eye,0,0,False,0.0,no_alert,0,0,1791359499420455444,8.988455444,True
1791359499451851142,,2352,bird_eye,0,0,False,0.0,no_alert,0,0,1791359499452223037,9.020223037,True
1791359499486197819,,2353,bird_eye,0,0,False,0.0,no_alert,0,0,1791359499486491203,9.054491203,True
1791359499519710545,,2354,bird_eye,0,0,False,0.0,no_alert,0,0,1791359499520177361,9.088177361,True
1791359499551929935,,2355,bird_eye,0,0,False,0.0,no_alert,0,0,1791359499552457838,9.120457838,True
1791359499585945190,,2356,bird_eye,0,0,False,0.0,no_alert,0,0,1791359499586375211,9.154375211,True
1791359499620952341,,2357,bird_eye,0,0,False,0.0,no_alert,0,0,1791359499621419876,9.189419876,True
1791359499652632178,,2358,bird_eye,0,0,False,0.0,no_alert,0,0,1791359499652975570,9.22097557,True
1791359499686439570,,2359,bird_eye,0,0,False,0.0,no_alert,0,0,1791359499686744420,9.25474442,True
1791359499721759106,,2360,bird_eye,0,0,False,0.0,no_alert,0,0,1791359499722089831,9.290089831,True
1791359499754512916,,2361,bird_eye,0,0,False,0.0,no_alert,0,0,1791359499754907644,9.322907644,True
1791359499785881415,,2362,bird_eye,0,0,False,0.0,no_alert,0,0,1791359499786365872,9.354365872,True
1791359499819561402,,2363,bird_eye,0,0,False,0.0,no_alert,0,0,1791359499819960010,9.38796001,True
1791359499851975296,,2364,bird_eye,0,0,False,0.0,no_alert,0,0,1791359499852401566,9.420401566,True
1791359499886110055,,2365,bird_eye,0,0,False,0.0,no_alert,0,0,1791359499886468466,9.454468466,True
1791359499918790485,,2366,bird_eye,0,0,False,0.0,no_alert,0,0,1791359499919141407,9.487141407,True
1791359499953125718,,2367,bird_eye,0,0,False,0.0,no_alert,0,0,1791359499953458988,9.521458988,True
1791359499987609601,,2368,bird_eye,0,0,False,0.0,no_alert,0,0,1791359499987957456,9.555957456,True
1791359500022280158,,2369,bird_eye,0,0,False,0.0,no_alert,0,0,1791359500022597432,9.590597432,True
1791359500052866071,,2370,bird_eye,0,0,False,0.0,no_alert,0,0,1791359500053292230,9.62129223,True
1791359500086376525,,2371,bird_eye,0,0,False,0.0,no_alert,0,0,1791359500086706736,9.654706736,True
1791359500120637048,,2372,bird_eye,0,0,False,0.0,no_alert,0,0,1791359500121049003,9.689049003,True
1791359500155826712,,2373,bird_eye,0,0,False,0.0,no_alert,0,0,1791359500156322292,9.724322292,True
1791359500186958721,,2374,bird_eye,0,0,False,0.0,no_alert,0,0,1791359500187378412,9.755378412,True
1791359500219596557,,2375,bird_eye,0,0,False,0.0,no_alert,0,0,1791359500220035099,9.788035099,True
1791359500252332073,,2376,bird_eye,0,0,False,0.0,no_alert,0,0,1791359500252800392,9.820800392,True
1791359500285868016,,2377,bird_eye,0,0,False,0.0,no_alert,0,0,1791359500286209763,9.854209763,True
1791359500320444305,,2378,bird_eye,0,0,False,0.0,no_alert,0,0,1791359500320772330,9.88877233,True
1791359500352635639,,2379,bird_eye,0,0,False,0.0,no_alert,0,0,1791359500353037973,9.921037973,True
1791359500386539220,,2380,bird_eye,0,0,False,0.0,no_alert,0,0,1791359500386992829,9.954992829,True
1791359500424544923,,2381,bird_eye,0,0,False,0.0,no_alert,0,0,1791359500425047002,9.993047002,True
1791359500452582783,,2382,bird_eye,0,0,False,0.0,no_alert,0,0,1791359500452993846,10.020993846,True
1791359500485903996,,2383,bird_eye,0,0,False,0.0,no_alert,0,0,1791359500486380554,10.054380554,True
1791359500520033881,,2384,bird_eye,0,0,False,0.0,no_alert,0,0,1791359500520472392,10.088472392,True
1791359500591373733,,2385,bird_eye,0,0,False,0.0,no_alert,0,0,1791359500591710738,10.159710738,True
1791359500625099466,,2386,bird_eye,0,0,False,0.0,no_alert,0,0,1791359500625568451,10.193568451,True
1791359500654574938,,2387,bird_eye,0,0,False,0.0,no_alert,0,0,1791359500655011556,10.223011556,True
1791359500688824408,,2388,bird_eye,0,0,False,0.0,no_alert,0,0,1791359500689328391,10.257328391,True
1791359500717969474,,2389,bird_eye,0,0,False,0.0,no_alert,0,0,1791359500718352101,10.286352101,True
1791359500750006145,,2390,bird_eye,0,0,False,0.0,no_alert,0,0,1791359500750434381,10.318434381,True
1791359500786647815,,2391,bird_eye,0,0,False,0.0,no_alert,0,0,1791359500787197312,10.355197312,True
1791359500818266761,,2392,bird_eye,0,0,False,0.0,no_alert,0,0,1791359500818862961,10.386862961,True
1791359500848631669,,2393,bird_eye,0,0,False,0.0,no_alert,0,0,1791359500848982948,10.416982948,True
1791359500879555882,,2394,bird_eye,0,0,False,0.0,no_alert,0,0,1791359500879812908,10.447812908,True
1791359500911424514,,2395,bird_eye,0,0,False,0.0,no_alert,0,0,1791359500911729690,10.47972969,True
1791359500951890467,,2396,bird_eye,1,0,False,0.0,no_alert,0,0,1791359500952480805,10.520480805,True
1791359500989794076,,2397,bird_eye,1,0,False,0.0,no_alert,0,0,1791359500990153117,10.558153117,True
1791359501018618877,,2398,bird_eye,2,1,True,0.25,ttc_warning:cadence_triple,0,0,1791359501018882130,10.58688213,True
1791359501051248726,,2399,bird_eye,2,1,True,0.25,ttc_warning:cadence_triple,0,0,1791359501051590072,10.619590072,True
1791359501081134249,,2400,bird_eye,2,1,True,0.25,ttc_warning:cadence_triple,0,0,1791359501081474088,10.649474088,True
1791359501111497352,,2401,bird_eye,2,1,True,0.25,ttc_warning:cadence_triple,0,0,1791359501111834131,10.679834131,True
1791359501139566997,,2402,bird_eye,0,0,False,0.0,cadence_gap:triple,0,0,1791359501140000338,10.708000338,True
1791359501167102610,,2403,bird_eye,0,0,False,0.0,cadence_gap:triple,0,0,1791359501167645658,10.735645658,True
1791359501197499226,,2404,bird_eye,2,1,True,0.25,ttc_warning:cadence_triple,0,0,1791359501197913035,10.765913035,True
1791359501228428726,,2405,bird_eye,2,1,True,0.25,ttc_warning:cadence_triple,0,0,1791359501228831629,10.796831629,True
1791359501261583529,,2406,bird_eye,2,1,True,0.25,ttc_warning:cadence_triple,0,0,1791359501262015706,10.830015706,True
1791359501294635401,,2407,bird_eye,0,0,False,0.0,cadence_gap:triple,0,0,1791359501294985628,10.862985628,True
1791359501325863289,,2408,bird_eye,0,0,False,0.0,cadence_gap:triple,0,0,1791359501326301590,10.89430159,True
1791359501357825828,,2409,bird_eye,2,1,True,0.25,ttc_warning:cadence_triple,0,0,1791359501358216773,10.926216773,True
1791359501389374752,,2410,bird_eye,2,1,True,0.25,ttc_warning:cadence_triple,0,0,1791359501389703869,10.957703869,True
1791359501420650300,,2411,bird_eye,2,1,True,0.25,ttc_warning:cadence_triple,0,0,1791359501421148126,10.989148126,True
1791359501453768982,,2412,bird_eye,0,0,False,0.0,cadence_gap:triple,0,0,1791359501454091825,11.022091825,True
1791359501486838054,,2413,bird_eye,0,0,False,0.0,cadence_gap:triple,0,0,1791359501487246605,11.055246605,True
1791359501521785570,,2414,bird_eye,0,0,False,0.0,cadence_complete,0,0,1791359501522276836,11.090276836,True
1791359501554474142,,2415,bird_eye,0,0,False,0.0,cadence_complete,0,0,1791359501554799841,11.122799841,True
1791359501587520049,,2416,bird_eye,0,0,False,0.0,cadence_complete,0,0,1791359501587886503,11.155886503,True
1791359501624520376,,2417,bird_eye,0,0,False,0.0,cadence_complete,0,0,1791359501624988300,11.1929883,True
1791359501654776849,,2418,bird_eye,0,0,False,0.0,cadence_complete,0,0,1791359501655176575,11.223176575,True
1791359501689635434,,2419,bird_eye,0,0,False,0.0,cadence_complete,0,0,1791359501690036135,11.258036135,True
1791359501720233238,,2420,bird_eye,0,0,False,0.0,cadence_complete,0,0,1791359501720597032,11.288597032,True
1791359501753597843,,2421,bird_eye,0,0,False,0.0,cadence_complete,0,0,1791359501754000946,11.322000946,True
1791359501796138619,,2422,bird_eye,0,0,False,0.0,cadence_complete,0,0,1791359501796676263,11.364676263,True
1791359501827064926,,2423,bird_eye,0,0,False,0.0,cadence_complete,0,0,1791359501827580802,11.395580802,True
1791359501855127763,,2424,bird_eye,0,0,False,0.0,cadence_complete,0,0,1791359501855470990,11.42347099,True
1791359501887057282,,2425,bird_eye,0,0,False,0.0,cadence_complete,0,0,1791359501887462905,11.455462905,True
1791359501924590105,,2426,bird_eye,0,0,False,0.0,cadence_complete,0,0,1791359501925153941,11.493153941,True
1791359501957270420,,2427,bird_eye,0,0,False,0.0,cadence_complete,0,0,1791359501957904562,11.525904562,True
1791359501987526875,,2428,bird_eye,0,0,False,0.0,cadence_complete,0,0,1791359501988112452,11.556112452,True
1791359502028410768,,2429,bird_eye,0,0,False,0.0,cadence_complete,0,0,1791359502028786374,11.596786374,True
1791359502058069568,,2430,bird_eye,0,0,False,0.0,cadence_complete,0,0,1791359502058456153,11.626456153,True
1791359502086550026,,2431,bird_eye,0,0,False,0.0,cadence_complete,0,0,1791359502087090668,11.655090668,True
1791359502125658437,,2432,bird_eye,0,0,False,0.0,cadence_complete,0,0,1791359502126235188,11.694235188,True
1791359502154255364,,2433,bird_eye,0,0,False,0.0,cadence_complete,0,0,1791359502154609444,11.722609444,True
1791359502196171006,,2434,bird_eye,0,0,False,0.0,cadence_complete,0,0,1791359502196457097,11.764457097,True
1791359502227063211,,2435,bird_eye,0,0,False,0.0,cadence_complete,0,0,1791359502227447541,11.795447541,True
1791359502261274398,,2436,bird_eye,0,0,False,0.0,cadence_complete,0,0,1791359502261639980,11.82963998,True
1791359502293948799,,2437,bird_eye,0,0,False,0.0,cadence_complete,0,0,1791359502294308532,11.862308532,True
1791359502324335310,,2438,bird_eye,0,0,False,0.0,cadence_complete,0,0,1791359502324626673,11.892626673,True
1791359502356793874,,2439,bird_eye,0,0,False,0.0,cadence_complete,0,0,1791359502357037379,11.925037379,True
1791359502388835304,,2440,bird_eye,0,0,False,0.0,cadence_complete,0,0,1791359502389264181,11.957264181,True
1791359502424792131,,2441,bird_eye,0,0,False,0.0,cadence_complete,0,0,1791359502425216805,11.993216805,True
1791359502453569989,,2442,bird_eye,0,0,False,0.0,cadence_complete,0,0,1791359502453945355,12.021945355,True
1791359502487078943,,2443,bird_eye,0,0,False,0.0,cadence_complete,0,0,1791359502487486207,12.055486207,True
1791359502520273058,,2444,bird_eye,0,0,False,0.0,cadence_complete,0,0,1791359502520642844,12.088642844,True
1791359502554169489,,2445,bird_eye,0,0,False,0.0,cadence_complete,0,0,1791359502554436074,12.122436074,True
1791359502587653370,,2446,bird_eye,0,0,False,0.0,cadence_complete,0,0,1791359502588039013,12.156039013,True
1791359502624377789,,2447,bird_eye,0,0,False,0.0,cadence_complete,0,0,1791359502624726760,12.19272676,True
1791359502663258929,,2448,bird_eye,0,0,False,0.0,cadence_complete,0,0,1791359502663716378,12.231716378,True
1791359502692452778,,2449,bird_eye,0,0,False,0.0,cadence_complete,0,0,1791359502692822384,12.260822384,True
1791359502723649325,,2450,bird_eye,0,0,False,0.0,cadence_complete,0,0,1791359502724083034,12.292083034,True
1791359502754379870,,2451,bird_eye,0,0,False,0.0,cadence_complete,0,0,1791359502754735963,12.322735963,True
1791359502787010236,,2452,bird_eye,0,0,False,0.0,cadence_complete,0,0,1791359502787358369,12.355358369,True
1791359502820691479,,2453,bird_eye,0,0,False,0.0,cadence_complete,0,0,1791359502821089804,12.389089804,True
1791359502854006294,,2454,bird_eye,0,0,False,0.0,cadence_complete,0,0,1791359502854442902,12.422442902,True
1791359502889614270,,2455,bird_eye,0,0,False,0.0,cadence_complete,0,0,1791359502889939383,12.457939383,True
1791359502920737168,,2456,bird_eye,0,0,False,0.0,cadence_complete,0,0,1791359502921146097,12.489146097,True
1791359502954411389,,2457,bird_eye,0,0,False,0.0,cadence_complete,0,0,1791359502954724472,12.522724472,True
1791359502987579570,,2458,bird_eye,0,0,False,0.0,cadence_complete,0,0,1791359502987989662,12.555989662,True
1791359503021458986,,2459,bird_eye,0,0,False,0.0,cadence_complete,0,0,1791359503021959344,12.589959344,True
1791359503053630113,,2460,bird_eye,0,0,False,0.0,cadence_complete,0,0,1791359503054042968,12.622042968,True
1791359503089537269,,2461,bird_eye,0,0,False,0.0,cadence_complete,0,0,1791359503090016313,12.658016313,True
1791359503121601194,,2462,bird_eye,0,0,False,0.0,cadence_complete,0,0,1791359503121912890,12.68991289,True
1791359503161446126,,2463,bird_eye,0,0,False,0.0,cadence_complete,0,0,1791359503161870299,12.729870299,True
1791359503192049684,,2464,bird_eye,0,0,False,0.0,cadence_complete,0,0,1791359503192441522,12.760441522,True
1791359503226975517,,2465,bird_eye,0,0,False,0.0,cadence_complete,0,0,1791359503227263757,12.795263757,True
1791359503257761516,,2466,bird_eye,0,0,False,0.0,cadence_complete,0,0,1791359503258147597,12.826147597,True
1791359503293190365,,2467,bird_eye,0,0,False,0.0,cadence_complete,0,0,1791359503293431603,12.861431603,True
1791359503322814680,,2468,bird_eye,0,0,False,0.0,cadence_complete,0,0,1791359503323176097,12.891176097,True
1791359503355368353,,2469,bird_eye,0,0,False,0.0,cadence_complete,0,0,1791359503355763267,12.923763267,True
1791359503387942997,,2470,bird_eye,0,0,False,0.0,cadence_complete,0,0,1791359503388379883,12.956379883,True
1791359503422750766,,2471,bird_eye,0,0,False,0.0,cadence_complete,0,0,1791359503423113406,12.991113406,True
1791359503454859800,,2472,bird_eye,0,0,False,0.0,cadence_complete,0,0,1791359503455304156,13.023304156,True
1791359503493296177,,2473,bird_eye,0,0,False,0.0,cadence_complete,0,0,1791359503493591461,13.061591461,True
1791359503523084694,,2474,bird_eye,0,0,False,0.0,cadence_complete,0,0,1791359503523483953,13.091483953,True
1791359503555305354,,2475,bird_eye,0,0,False,0.0,cadence_complete,0,0,1791359503555686755,13.123686755,True
1791359503589219579,,2476,bird_eye,0,0,False,0.0,cadence_complete,0,0,1791359503589663541,13.157663541,True
1791359503623697618,,2477,bird_eye,0,0,False,0.0,cadence_complete,0,0,1791359503624134082,13.192134082,True
1791359503662676496,,2478,bird_eye,0,0,False,0.0,cadence_complete,0,0,1791359503663235890,13.23123589,True
1791359503693052315,,2479,bird_eye,0,0,False,0.0,cadence_complete,0,0,1791359503693538517,13.261538517,True
1791359503722181062,,2480,bird_eye,0,0,False,0.0,cadence_complete,0,0,1791359503722548767,13.290548767,True
1791359503755567681,,2481,bird_eye,0,0,False,0.0,cadence_complete,0,0,1791359503755949582,13.323949582,True
1791359503787927306,,2482,bird_eye,0,0,False,0.0,cadence_complete,0,0,1791359503788364459,13.356364459,True
1791359503821777564,,2483,bird_eye,5,3,True,0.15000000596046448,invalid_or_unknown_perception:cadence_single,0,0,1791359503822123752,13.390123752,True
1791359503854675881,,2484,bird_eye,5,3,True,0.15000000596046448,invalid_or_unknown_perception:cadence_single,0,0,1791359503854935129,13.422935129,True
1791359503887516462,,2485,bird_eye,5,3,True,0.15000000596046448,invalid_or_unknown_perception:cadence_single,0,0,1791359503887923982,13.455923982,True
1791359503921196717,,2486,bird_eye,5,3,True,0.15000000596046448,invalid_or_unknown_perception:cadence_single,0,0,1791359503921538517,13.489538517,True
1791359503954702840,,2487,bird_eye,0,0,False,0.0,unknown_pulse_complete,0,0,1791359503954998648,13.522998648,True
1791359503987908932,,2488,bird_eye,0,0,False,0.0,unknown_pulse_complete,0,0,1791359503988321488,13.556321488,True
1791359504021225206,,2489,bird_eye,0,0,False,0.0,unknown_pulse_complete,0,0,1791359504021595396,13.589595396,True
1791359504058913803,,2490,bird_eye,0,0,False,0.0,unknown_pulse_complete,0,0,1791359504059360038,13.627360038,True
1791359504090761984,,2491,bird_eye,0,0,False,0.0,unknown_pulse_complete,0,0,1791359504091298747,13.659298747,True
1791359504122985453,,2492,bird_eye,0,0,False,0.0,unknown_pulse_complete,0,0,1791359504123522427,13.691522427,True
1791359504158898591,,2493,bird_eye,0,0,False,0.0,unknown_pulse_complete,0,0,1791359504159375216,13.727375216,True
1791359504192773521,,2494,bird_eye,0,0,False,0.0,unknown_pulse_complete,0,0,1791359504193128582,13.761128582,True
1791359504229224508,,2495,bird_eye,0,0,False,0.0,unknown_pulse_complete,0,0,1791359504229584497,13.797584497,True
1791359504256500553,,2496,bird_eye,0,0,False,0.0,unknown_pulse_complete,0,0,1791359504256871871,13.824871871,True
1791359504288200924,,2497,bird_eye,0,0,False,0.0,unknown_pulse_complete,0,0,1791359504288520552,13.856520552,True
1791359504321897528,,2498,bird_eye,0,0,False,0.0,unknown_pulse_complete,0,0,1791359504322206207,13.890206207,True
1791359504355306672,,2499,bird_eye,0,0,False,0.0,unknown_pulse_complete,0,0,1791359504355676607,13.923676607,True
1791359504387639177,,2500,bird_eye,0,0,False,0.0,unknown_pulse_complete,0,0,1791359504388058380,13.95605838,True
1791359504422507431,,2501,bird_eye,0,0,False,0.0,unknown_pulse_complete,0,0,1791359504422955306,13.990955306,True
1791359504456784979,,2502,bird_eye,0,0,False,0.0,unknown_pulse_complete,0,0,1791359504457365488,14.025365488,True
1791359504488378131,,2503,bird_eye,0,0,False,0.0,unknown_pulse_complete,0,0,1791359504488779118,14.056779118,True
1791359504522981959,,2504,bird_eye,0,0,False,0.0,unknown_pulse_complete,0,0,1791359504523387259,14.091387259,True
1791359504556372069,,2505,bird_eye,0,0,False,0.0,unknown_pulse_complete,0,0,1791359504556753991,14.124753991,True
1791359504588627026,,2506,bird_eye,0,0,False,0.0,unknown_pulse_complete,0,0,1791359504589082140,14.15708214,True
1791359504623589311,,2507,bird_eye,0,0,False,0.0,unknown_pulse_complete,0,0,1791359504624020772,14.192020772,True
1791359504653438132,,2508,bird_eye,0,0,False,0.0,unknown_pulse_complete,0,0,1791359504653932503,14.221932503,True
1791359504689778467,,2509,bird_eye,0,0,False,0.0,unknown_pulse_complete,0,0,1791359504690236278,14.258236278,True
1791359504723514078,,2510,bird_eye,0,0,False,0.0,unknown_pulse_complete,0,0,1791359504724204853,14.292204853,True
1791359504755222476,,2511,bird_eye,0,0,False,0.0,unknown_pulse_complete,0,0,1791359504755739502,14.323739502,True
1791359504789237280,,2512,bird_eye,0,0,False,0.0,unknown_pulse_complete,0,0,1791359504790056174,14.358056174,True
1791359504825315971,,2513,bird_eye,0,0,False,0.0,unknown_pulse_complete,0,0,1791359504825734352,14.393734352,True
1791359504862846689,,2514,bird_eye,0,0,False,0.0,unknown_pulse_complete,0,0,1791359504863412659,14.431412659,True
1791359504892219784,,2515,bird_eye,0,0,False,0.0,unknown_pulse_complete,0,0,1791359504892600492,14.460600492,True
1791359504921906060,,2516,bird_eye,0,0,False,0.0,unknown_pulse_complete,0,0,1791359504922209451,14.490209451,True
1791359504959448070,,2517,bird_eye,0,0,False,0.0,unknown_pulse_complete,0,0,1791359504959809834,14.527809834,True
1791359504993083760,,2518,bird_eye,0,0,False,0.0,unknown_pulse_complete,0,0,1791359504993428799,14.561428799,True
1791359505026817565,,2519,bird_eye,0,0,False,0.0,unknown_pulse_complete,0,0,1791359505027222282,14.595222282,True
1791359505058118692,,2520,bird_eye,0,0,False,0.0,unknown_pulse_complete,0,0,1791359505058510689,14.626510689,True
1791359505091543298,,2521,bird_eye,0,0,False,0.0,unknown_pulse_complete,0,0,1791359505091900756,14.659900756,True
1791359505121872736,,2522,bird_eye,0,0,False,0.0,unknown_pulse_complete,0,0,1791359505122310844,14.690310844,True
1791359505157073129,,2523,bird_eye,0,0,False,0.0,unknown_pulse_complete,0,0,1791359505157396247,14.725396247,True
1791359505192170572,,2524,bird_eye,0,0,False,0.0,unknown_pulse_complete,0,0,1791359505192641931,14.760641931,True
1791359505221962617,,2525,bird_eye,0,0,False,0.0,unknown_pulse_complete,0,0,1791359505222371663,14.790371663,True
1791359505255387050,,2526,bird_eye,0,0,False,0.0,unknown_pulse_complete,0,0,1791359505255676005,14.823676005,True
1791359505293194130,,2527,bird_eye,0,0,False,0.0,unknown_pulse_complete,0,0,1791359505293585261,14.861585261,True
1791359505319784677,,2528,bird_eye,0,0,False,0.0,unknown_pulse_complete,0,0,1791359505320141270,14.88814127,True
1791359505356703337,,2529,bird_eye,0,0,False,0.0,unknown_pulse_complete,0,0,1791359505357055159,14.925055159,True
1791359505394271643,,2530,bird_eye,0,0,False,0.0,unknown_pulse_complete,0,0,1791359505394651169,14.962651169,True
1791359505469354660,,2531,bird_eye,0,0,False,0.0,unknown_pulse_complete,0,0,1791359505469930612,15.037930612,True
1791359505529509670,,2532,bird_eye,0,0,False,0.0,unknown_pulse_complete,0,0,1791359505529803381,15.097803381,True
1791359505560081826,,2533,bird_eye,0,0,False,0.0,unknown_pulse_complete,0,0,1791359505560453828,15.128453828,True
1791359505587172376,,2534,bird_eye,0,0,False,0.0,unknown_pulse_complete,0,0,1791359505587601654,15.155601654,True
1791359505623350702,,2535,bird_eye,0,0,False,0.0,unknown_pulse_complete,0,0,1791359505623796615,15.191796615,True
1791359505662184106,,2536,bird_eye,0,0,False,0.0,unknown_pulse_complete,0,0,1791359505662602757,15.230602757,True
1791359505699936326,,2537,bird_eye,0,0,False,0.0,unknown_pulse_complete,0,0,1791359505700292319,15.268292319,True
1791359505733851765,,2538,bird_eye,0,0,False,0.0,unknown_pulse_complete,0,0,1791359505734304820,15.30230482,True
1791359505762520842,,2539,bird_eye,0,0,False,0.0,unknown_pulse_complete,0,0,1791359505762872428,15.330872428,True
1791359505790267657,,2540,bird_eye,0,0,False,0.0,unknown_pulse_complete,0,0,1791359505790655140,15.35865514,True
1791359505821786668,,2541,bird_eye,0,0,False,0.0,unknown_pulse_complete,0,0,1791359505822216967,15.390216967,True
1791359505853879171,,2542,bird_eye,0,0,False,0.0,unknown_pulse_complete,0,0,1791359505854305454,15.422305454,True
1791359505889878651,,2543,bird_eye,0,0,False,0.0,unknown_pulse_complete,0,0,1791359505890419508,15.458419508,True
1791359505920584095,,2544,bird_eye,0,0,False,0.0,unknown_pulse_complete,0,0,1791359505921178572,15.489178572,True
1791359505954026348,,2545,bird_eye,0,0,False,0.0,unknown_pulse_complete,0,0,1791359505954508467,15.522508467,True
1791359505989077300,,2546,bird_eye,0,0,False,0.0,unknown_pulse_complete,0,0,1791359505989653541,15.557653541,True
1791359506023113175,,2547,bird_eye,0,0,False,0.0,unknown_pulse_complete,0,0,1791359506023624494,15.591624494,True
1791359506060771795,,2548,bird_eye,0,0,False,0.0,unknown_pulse_complete,0,0,1791359506061089119,15.629089119,True
1791359506093400002,,2549,bird_eye,0,0,False,0.0,unknown_pulse_complete,0,0,1791359506093903071,15.661903071,True
1791359506140058344,,2550,bird_eye,0,0,False,0.0,unknown_pulse_complete,0,0,1791359506140356185,15.708356185,True
1791359506174118865,,2551,bird_eye,0,0,False,0.0,unknown_pulse_complete,0,0,1791359506174434376,15.742434376,True
1791359506202363659,,2552,bird_eye,0,0,False,0.0,unknown_pulse_complete,0,0,1791359506202680666,15.770680666,True
1791359506232669364,,2553,bird_eye,0,0,False,0.0,unknown_pulse_complete,0,0,1791359506233002737,15.801002737,True
1791359506259331761,,2554,bird_eye,0,0,False,0.0,unknown_pulse_complete,0,0,1791359506259749437,15.827749437,True
1791359506289509728,,2555,bird_eye,0,0,False,0.0,unknown_pulse_complete,0,0,1791359506289914693,15.857914693,True
1791359506323568174,,2556,bird_eye,0,0,False,0.0,unknown_pulse_complete,0,0,1791359506324061387,15.892061387,True
1791359506358569934,,2557,bird_eye,0,0,False,0.0,unknown_pulse_complete,0,0,1791359506359065969,15.927065969,True
1791359506397088428,,2558,bird_eye,0,0,False,0.0,unknown_pulse_complete,0,0,1791359506397516819,15.965516819,True
1791359506429322093,,2559,bird_eye,0,0,False,0.0,unknown_pulse_complete,0,0,1791359506429953088,15.997953088,True
1791359506462964780,,2560,bird_eye,0,0,False,0.0,unknown_pulse_complete,0,0,1791359506463309508,16.031309508,True
1791359506495860381,,2561,bird_eye,0,0,False,0.0,unknown_pulse_complete,0,0,1791359506496157127,16.064157127,True
1791359506526470302,,2562,bird_eye,0,0,False,0.0,unknown_pulse_complete,0,0,1791359506526840822,16.094840822,True
1791359506553233651,,2563,bird_eye,0,0,False,0.0,unknown_pulse_complete,0,0,1791359506554121932,16.122121932,True
1791359506590530797,,2564,bird_eye,0,0,False,0.0,unknown_pulse_complete,0,0,1791359506591097275,16.159097275,True
1791359506624081973,,2565,bird_eye,0,0,False,0.0,unknown_pulse_complete,0,0,1791359506624597076,16.192597076,True
1791359506655813241,,2566,bird_eye,0,0,False,0.0,unknown_pulse_complete,0,0,1791359506656267059,16.224267059,True
1791359506692389790,,2567,bird_eye,0,0,False,0.0,unknown_pulse_complete,0,0,1791359506692936676,16.260936676,True
1791359506721481426,,2568,bird_eye,0,0,False,0.0,unknown_pulse_complete,0,0,1791359506722147925,16.290147925,True
1791359506753605450,,2569,bird_eye,0,0,False,0.0,unknown_pulse_complete,0,0,1791359506754170173,16.322170173,True
1791359506796694033,,2570,bird_eye,0,0,False,0.0,unknown_pulse_complete,0,0,1791359506797123238,16.365123238,True
1791359506826925186,,2571,bird_eye,0,0,False,0.0,unknown_pulse_complete,0,0,1791359506827366542,16.395366542,True
1791359506863594011,,2572,bird_eye,0,0,False,0.0,unknown_pulse_complete,0,0,1791359506863998927,16.431998927,True
1791359506898478137,,2573,bird_eye,0,0,False,0.0,unknown_pulse_complete,0,0,1791359506898822094,16.466822094,True
1791359506935745336,,2574,bird_eye,0,0,False,0.0,unknown_pulse_complete,0,0,1791359506935999051,16.503999051,True
1791359506974347680,,2575,bird_eye,0,0,False,0.0,unknown_pulse_complete,0,0,1791359506974630510,16.54263051,True
1791359507008356505,,2576,bird_eye,0,0,False,0.0,unknown_pulse_complete,0,0,1791359507008829636,16.576829636,True
1791359507045756717,,2577,bird_eye,0,0,False,0.0,unknown_pulse_complete,0,0,1791359507046223229,16.614223229,True
1791359507074251295,,2578,bird_eye,0,0,False,0.0,unknown_pulse_complete,0,0,1791359507074594005,16.642594005,True
1791359507112928054,,2579,bird_eye,0,0,False,0.0,unknown_pulse_complete,0,0,1791359507113382957,16.681382957,True
1791359507142183236,,2580,bird_eye,0,0,False,0.0,unknown_pulse_complete,0,0,1791359507142600862,16.710600862,True
1791359507170487876,,2581,bird_eye,0,0,False,0.0,unknown_pulse_complete,0,0,1791359507170937125,16.738937125,True
1791359507198162152,,2582,bird_eye,0,0,False,0.0,unknown_pulse_complete,0,0,1791359507198548950,16.76654895,True
1791359507230166907,,2583,bird_eye,0,0,False,0.0,unknown_pulse_complete,0,0,1791359507230592247,16.798592247,True
1791359507267988302,,2584,bird_eye,0,0,False,0.0,unknown_pulse_complete,0,0,1791359507268542299,16.836542299,True
1791359507299864308,,2585,bird_eye,0,0,False,0.0,unknown_pulse_complete,0,0,1791359507300341604,16.868341604,True
1791359507327528627,,2586,bird_eye,0,0,False,0.0,unknown_pulse_complete,0,0,1791359507328022877,16.896022877,True
1791359507354673394,,2587,bird_eye,0,0,False,0.0,unknown_pulse_complete,0,0,1791359507355009267,16.923009267,True
1791359507387443318,,2588,bird_eye,2,1,True,0.25,ttc_warning:cadence_triple,0,0,1791359507387923411,16.955923411,True
1791359507426576566,,2589,bird_eye,2,1,True,0.25,ttc_warning:cadence_triple,0,0,1791359507427054094,16.995054094,True
1791359507464480978,,2590,bird_eye,2,1,True,0.25,ttc_warning:cadence_triple,0,0,1791359507464912463,17.032912463,True
1791359507493613977,,2591,bird_eye,0,0,False,0.0,cadence_gap:triple,0,0,1791359507494181041,17.062181041,True
1791359507536628845,,2592,bird_eye,0,0,False,0.0,cadence_gap:triple,0,0,1791359507537103400,17.1051034,True
1791359507566056540,,2593,bird_eye,2,1,True,0.25,ttc_warning:cadence_triple,0,0,1791359507566464822,17.134464822,True
1791359507595721094,,2594,bird_eye,2,1,True,0.25,ttc_warning:cadence_triple,0,0,1791359507596112733,17.164112733,True
1791359507624564551,,2595,bird_eye,2,1,True,0.25,ttc_warning:cadence_triple,0,0,1791359507625146427,17.193146427,True
1791359507657765677,,2596,bird_eye,0,0,False,0.0,cadence_gap:triple,0,0,1791359507658262246,17.226262246,True
1791359507687544100,,2597,bird_eye,0,0,False,0.0,cadence_gap:triple,0,0,1791359507688022888,17.256022888,True
1791359507720429015,,2598,bird_eye,0,0,False,0.0,cadence_gap:triple,0,0,1791359507720827148,17.288827148,True
1791359507754423179,,2599,bird_eye,2,1,True,0.25,ttc_warning:cadence_triple,0,0,1791359507754903285,17.322903285,True
1791359507787156528,,2600,bird_eye,2,1,True,0.25,ttc_warning:cadence_triple,0,0,1791359507787486580,17.35548658,True
1791359507821224424,,2601,bird_eye,0,0,False,0.0,cadence_gap:triple,0,0,1791359507821547796,17.389547796,True
1791359507853960747,,2602,bird_eye,0,0,False,0.0,cadence_gap:triple,0,0,1791359507854258034,17.422258034,True
1791359507888385360,,2603,bird_eye,0,0,False,0.0,cadence_complete,0,0,1791359507888764799,17.456764799,True
1791359507922146783,,2604,bird_eye,0,0,False,0.0,cadence_complete,0,0,1791359507922530017,17.490530017,True
1791359507960974169,,2605,bird_eye,0,0,False,0.0,cadence_complete,0,0,1791359507961529639,17.529529639,True
1791359507990627316,,2606,bird_eye,0,0,False,0.0,cadence_complete,0,0,1791359507991071195,17.559071195,True
1791359508022840825,,2607,bird_eye,0,0,False,0.0,cadence_complete,0,0,1791359508023237022,17.591237022,True
1791359508054124159,,2608,bird_eye,0,0,False,0.0,cadence_complete,0,0,1791359508054466208,17.622466208,True
1791359508088784865,,2609,bird_eye,0,0,False,0.0,cadence_complete,0,0,1791359508089213206,17.657213206,True
1791359508120637972,,2610,bird_eye,0,0,False,0.0,cadence_complete,0,0,1791359508121036923,17.689036923,True
1791359508154101775,,2611,bird_eye,0,0,False,0.0,cadence_complete,0,0,1791359508154488516,17.722488516,True
1791359508187086312,,2612,bird_eye,0,0,False,0.0,cadence_complete,0,0,1791359508187507899,17.755507899,True
1791359508222759580,,2613,bird_eye,0,0,False,0.0,cadence_complete,0,0,1791359508223181762,17.791181762,True
1791359508256760217,,2614,bird_eye,0,0,False,0.0,cadence_complete,0,0,1791359508257229368,17.825229368,True
1791359508288356960,,2615,bird_eye,0,0,False,0.0,cadence_complete,0,0,1791359508288704570,17.85670457,True
1791359508327655649,,2616,bird_eye,0,0,False,0.0,cadence_complete,0,0,1791359508328213517,17.896213517,True
1791359508368938421,,2617,bird_eye,0,0,False,0.0,cadence_complete,0,0,1791359508369357047,17.937357047,True
1791359508408339946,,2618,bird_eye,0,0,False,0.0,cadence_complete,0,0,1791359508408920153,17.976920153,True
1791359508446995910,,2619,bird_eye,0,0,False,0.0,cadence_complete,0,0,1791359508447329191,18.015329191,True
1791359508479568251,,2620,bird_eye,0,0,False,0.0,cadence_complete,0,0,1791359508479925874,18.047925874,True
1791359508511315126,,2621,bird_eye,0,0,False,0.0,cadence_complete,0,0,1791359508511565560,18.07956556,True
1791359508542609883,,2622,bird_eye,0,0,False,0.0,cadence_complete,0,0,1791359508542875806,18.110875806,True
1791359508575221282,,2623,bird_eye,0,0,False,0.0,cadence_complete,0,0,1791359508575541993,18.143541993,True
1791359508606730557,,2624,bird_eye,0,0,False,0.0,cadence_complete,0,0,1791359508607249117,18.175249117,True
1791359508642084183,,2625,bird_eye,0,0,False,0.0,cadence_complete,0,0,1791359508642457385,18.210457385,True
1791359508677148674,,2626,bird_eye,0,0,False,0.0,cadence_complete,0,0,1791359508677373731,18.245373731,True
1791359508714585307,,2627,bird_eye,0,0,False,0.0,cadence_complete,0,0,1791359508714909382,18.282909382,True
1791359508762175989,,2628,bird_eye,0,0,False,0.0,cadence_complete,0,0,1791359508762909008,18.330909008,True
1791359508804423933,,2629,bird_eye,0,0,False,0.0,cadence_complete,0,0,1791359508804840599,18.372840599,True
1791359508837538807,,2630,bird_eye,0,0,False,0.0,cadence_complete,0,0,1791359508838034218,18.406034218,True
1791359508871676949,,2631,bird_eye,0,0,False,0.0,cadence_complete,0,0,1791359508872005819,18.440005819,True
1791359508903225753,,2632,bird_eye,0,0,False,0.0,cadence_complete,0,0,1791359508903735324,18.471735324,True
1791359508937941331,,2633,bird_eye,0,0,False,0.0,cadence_complete,0,0,1791359508938362573,18.506362573,True
1791359508966852202,,2634,bird_eye,0,0,False,0.0,cadence_complete,0,0,1791359508967368246,18.535368246,True
1791359508998999835,,2635,bird_eye,0,0,False,0.0,cadence_complete,0,0,1791359508999450910,18.56745091,True
1791359509034099678,,2636,bird_eye,0,0,False,0.0,cadence_complete,0,0,1791359509034401377,18.602401377,True
1791359509065193686,,2637,bird_eye,0,0,False,0.0,cadence_complete,0,0,1791359509065565934,18.633565934,True
1791359509099810622,,2638,bird_eye,0,0,False,0.0,cadence_complete,0,0,1791359509100324718,18.668324718,True
1791359509131687067,,2639,bird_eye,0,0,False,0.0,cadence_complete,0,0,1791359509132305673,18.700305673,True
1791359509161721594,,2640,bird_eye,0,0,False,0.0,cadence_complete,0,0,1791359509162423272,18.730423272,True
1791359509192903625,,2641,bird_eye,0,0,False,0.0,cadence_complete,0,0,1791359509193338402,18.761338402,True
1791359509241123240,,2642,bird_eye,0,0,False,0.0,cadence_complete,0,0,1791359509241588883,18.809588883,True
1791359509281745280,,2643,bird_eye,0,0,False,0.0,cadence_complete,0,0,1791359509282284575,18.850284575,True
1791359509318553527,,2644,bird_eye,0,0,False,0.0,cadence_complete,0,0,1791359509319020926,18.887020926,True
1791359509352600383,,2645,bird_eye,0,0,False,0.0,cadence_complete,0,0,1791359509353037202,18.921037202,True
1791359509382680435,,2646,bird_eye,0,0,False,0.0,cadence_complete,0,0,1791359509383058850,18.95105885,True
1791359509416609599,,2647,bird_eye,0,0,False,0.0,cadence_complete,0,0,1791359509416974108,18.984974108,True
1791359509448416361,,2648,bird_eye,0,0,False,0.0,cadence_complete,0,0,1791359509448810088,19.016810088,True
1791359509480357798,,2649,bird_eye,0,0,False,0.0,cadence_complete,0,0,1791359509480674208,19.048674208,True
1791359509514677112,,2650,bird_eye,0,0,False,0.0,cadence_complete,0,0,1791359509514963336,19.082963336,True
1791359509547396673,,2651,bird_eye,0,0,False,0.0,cadence_complete,0,0,1791359509547796816,19.115796816,True
1791359509579878757,,2652,bird_eye,0,0,False,0.0,cadence_complete,0,0,1791359509580232862,19.148232862,True
1791359509612260187,,2653,bird_eye,0,0,False,0.0,cadence_complete,0,0,1791359509612621142,19.180621142,True
1791359509645348285,,2654,bird_eye,0,0,False,0.0,cadence_complete,0,0,1791359509645754548,19.213754548,True
1791359509678245820,,2655,bird_eye,0,0,False,0.0,cadence_complete,0,0,1791359509678524486,19.246524486,True
1791359509707584610,,2656,bird_eye,0,0,False,0.0,cadence_complete,0,0,1791359509708010785,19.276010785,True
1791359509739079152,,2657,bird_eye,0,0,False,0.0,cadence_complete,0,0,1791359509739447404,19.307447404,True
1791359509771328546,,2658,bird_eye,0,0,False,0.0,cadence_complete,0,0,1791359509771710450,19.33971045,True
1791359509802920840,,2659,bird_eye,0,0,False,0.0,cadence_complete,0,0,1791359509803334996,19.371334996,True
1791359509833523224,,2660,bird_eye,0,0,False,0.0,cadence_complete,0,0,1791359509834107600,19.4021076,True
1791359509866233904,,2661,bird_eye,0,0,False,0.0,cadence_complete,0,0,1791359509866842165,19.434842165,True
1791359509896987570,,2662,bird_eye,0,0,False,0.0,cadence_complete,0,0,1791359509897328705,19.465328705,True
1791359509929225263,,2663,bird_eye,0,0,False,0.0,cadence_complete,0,0,1791359509929603119,19.497603119,True
1791359509967540702,,2664,bird_eye,0,0,False,0.0,cadence_complete,0,0,1791359509968343390,19.53634339,True
1791359509997958534,,2665,bird_eye,0,0,False,0.0,cadence_complete,0,0,1791359509998705998,19.566705998,True
1791359510029926623,,2666,bird_eye,0,0,False,0.0,cadence_complete,0,0,1791359510030353486,19.598353486,True
1791359510061915688,,2667,bird_eye,0,0,False,0.0,cadence_complete,0,0,1791359510062257573,19.630257573,True
1791359510091338132,,2668,bird_eye,0,0,False,0.0,cadence_complete,0,0,1791359510091689087,19.659689087,True
1791359510122092122,,2669,bird_eye,0,0,False,0.0,cadence_complete,0,0,1791359510122586767,19.690586767,True
1791359510153513372,,2670,bird_eye,0,0,False,0.0,cadence_complete,0,0,1791359510154006911,19.722006911,True
1791359510190135373,,2671,bird_eye,0,0,False,0.0,cadence_complete,0,0,1791359510190443571,19.758443571,True
1791359510220197325,,2672,bird_eye,0,0,False,0.0,cadence_complete,0,0,1791359510220529228,19.788529228,True
1791359510251053610,,2673,bird_eye,0,0,False,0.0,cadence_complete,0,0,1791359510251404689,19.819404689,True
1791359510283363177,,2674,bird_eye,0,0,False,0.0,cadence_complete,0,0,1791359510283669339,19.851669339,True
1791359510316115739,,2675,bird_eye,0,0,False,0.0,cadence_complete,0,0,1791359510316376631,19.884376631,True
1791359510347974680,,2676,bird_eye,0,0,False,0.0,cadence_complete,0,0,1791359510348326365,19.916326365,True
1791359510382865673,,2677,bird_eye,0,0,False,0.0,cadence_complete,0,0,1791359510383324054,19.951324054,True
1791359510418318007,,2678,bird_eye,0,0,False,0.0,cadence_complete,0,0,1791359510418776504,19.986776504,True
1791359510448587127,,2679,bird_eye,0,0,False,0.0,cadence_complete,0,0,1791359510448927537,20.016927537,True
1791359510480269234,,2680,bird_eye,0,0,False,0.0,cadence_complete,0,0,1791359510480620714,20.048620714,True
1791359510508913803,,2681,bird_eye,0,0,False,0.0,cadence_complete,0,0,1791359510509352975,20.077352975,True
1791359510540207111,,2682,bird_eye,0,0,False,0.0,cadence_complete,0,0,1791359510540593860,20.10859386,True
1791359510579377016,,2683,bird_eye,0,0,False,0.0,cadence_complete,0,0,1791359510579756983,20.147756983,True
1791359510616709487,,2684,bird_eye,0,0,False,0.0,cadence_complete,0,0,1791359510617013459,20.185013459,True
1791359510648769160,,2685,bird_eye,0,0,False,0.0,cadence_complete,0,0,1791359510649067503,20.217067503,True
1791359510681343386,,2686,bird_eye,0,0,False,0.0,cadence_complete,0,0,1791359510681780388,20.249780388,True
1791359510724654442,,2687,bird_eye,0,0,False,0.0,cadence_complete,0,0,1791359510725167182,20.293167182,True
1791359510756440245,,2688,bird_eye,0,0,False,0.0,cadence_complete,0,0,1791359510756772134,20.324772134,True
1791359510790549340,,2689,bird_eye,0,0,False,0.0,cadence_complete,0,0,1791359510791067554,20.359067554,True
1791359510823370217,,2690,bird_eye,0,0,False,0.0,cadence_complete,0,0,1791359510823676389,20.391676389,True
1791359510855669189,,2691,bird_eye,0,0,False,0.0,cadence_complete,0,0,1791359510855979258,20.423979258,True
1791359510886884345,,2692,bird_eye,0,0,False,0.0,cadence_complete,0,0,1791359510887124589,20.455124589,True
1791359510924793681,,2693,bird_eye,0,0,False,0.0,cadence_complete,0,0,1791359510925121254,20.493121254,True
1791359510959473093,,2694,bird_eye,0,0,False,0.0,cadence_complete,0,0,1791359510959833646,20.527833646,True
1791359510990740566,,2695,bird_eye,0,0,False,0.0,cadence_complete,0,0,1791359510991061583,20.559061583,True
1791359511064406727,,2696,bird_eye,0,0,False,0.0,cadence_complete,0,0,1791359511064747764,20.632747764,True
1791359511091191408,,2697,bird_eye,0,0,False,0.0,cadence_complete,0,0,1791359511091465305,20.659465305,True
1791359511125969743,,2698,bird_eye,0,0,False,0.0,cadence_complete,0,0,1791359511126277844,20.694277844,True
1791359511162624862,,2699,bird_eye,0,0,False,0.0,cadence_complete,0,0,1791359511163009774,20.731009774,True
1791359511191125930,,2700,bird_eye,0,0,False,0.0,cadence_complete,0,0,1791359511191447171,20.759447171,True
1791359511221875104,,2701,bird_eye,0,0,False,0.0,cadence_complete,0,0,1791359511222266465,20.790266465,True
1791359511254735526,,2702,bird_eye,0,0,False,0.0,cadence_complete,0,0,1791359511255141761,20.823141761,True
1791359511291614985,,2703,bird_eye,0,0,False,0.0,cadence_complete,0,0,1791359511292008940,20.86000894,True
1791359511322028906,,2704,bird_eye,0,0,False,0.0,cadence_complete,0,0,1791359511322447854,20.890447854,True
1791359511361365270,,2705,bird_eye,0,0,False,0.0,cadence_complete,0,0,1791359511361814476,20.929814476,True
1791359511393370048,,2706,bird_eye,0,0,False,0.0,cadence_complete,0,0,1791359511393835754,20.961835754,True
1791359511422508104,,2707,bird_eye,0,0,False,0.0,cadence_complete,0,0,1791359511422912667,20.990912667,True
1791359511455919724,,2708,bird_eye,0,0,False,0.0,cadence_complete,0,0,1791359511456274776,21.024274776,True
1791359511487877266,,2709,bird_eye,0,0,False,0.0,cadence_complete,0,0,1791359511488332159,21.056332159,True
1791359511522613251,,2710,bird_eye,0,0,False,0.0,cadence_complete,0,0,1791359511523082787,21.091082787,True
1791359511556279284,,2711,bird_eye,0,0,False,0.0,cadence_complete,0,0,1791359511556649520,21.12464952,True
1791359511595916764,,2712,bird_eye,0,0,False,0.0,cadence_complete,0,0,1791359511596244658,21.164244658,True
1791359511640814380,,2713,bird_eye,0,0,False,0.0,cadence_complete,0,0,1791359511641335244,21.209335244,True
1791359511671090363,,2714,bird_eye,0,0,False,0.0,cadence_complete,0,0,1791359511671480342,21.239480342,True
1791359511706954640,,2715,bird_eye,0,0,False,0.0,cadence_complete,0,0,1791359511707705090,21.27570509,True
1791359511739414226,,2716,bird_eye,0,0,False,0.0,cadence_complete,0,0,1791359511739975018,21.307975018,True
1791359511770742876,,2717,bird_eye,0,0,False,0.0,cadence_complete,0,0,1791359511771116726,21.339116726,True
1791359511801334635,,2718,bird_eye,0,0,False,0.0,cadence_complete,0,0,1791359511801623425,21.369623425,True
1791359511835559517,,2719,bird_eye,0,0,False,0.0,cadence_complete,0,0,1791359511836333516,21.404333516,True
1791359511865901578,,2720,bird_eye,0,0,False,0.0,cadence_complete,0,0,1791359511866321544,21.434321544,True
1791359511897934826,,2721,bird_eye,0,0,False,0.0,cadence_complete,0,0,1791359511898350569,21.466350569,True
1791359511932867669,,2722,bird_eye,0,0,False,0.0,cadence_complete,0,0,1791359511933270600,21.5012706,True
1791359511962421184,,2723,bird_eye,0,0,False,0.0,cadence_complete,0,0,1791359511962844868,21.530844868,True
1791359511993542471,,2724,bird_eye,0,0,False,0.0,cadence_complete,0,0,1791359511993889852,21.561889852,True
1791359512026028445,,2725,bird_eye,0,0,False,0.0,cadence_complete,0,0,1791359512026471564,21.594471564,True
1791359512059313226,,2726,bird_eye,0,0,False,0.0,cadence_complete,0,0,1791359512059668197,21.627668197,True
1791359512091104150,,2727,bird_eye,0,0,False,0.0,cadence_complete,0,0,1791359512091469307,21.659469307,True
1791359512126957760,,2728,bird_eye,0,0,False,0.0,cadence_complete,0,0,1791359512127394139,21.695394139,True
1791359512160541807,,2729,bird_eye,0,0,False,0.0,cadence_complete,0,0,1791359512160950288,21.728950288,True
1791359512191816272,,2730,bird_eye,0,0,False,0.0,cadence_complete,0,0,1791359512192236281,21.760236281,True
1791359512222898160,,2731,bird_eye,0,0,False,0.0,cadence_complete,0,0,1791359512223296010,21.79129601,True
1791359512257717394,,2732,bird_eye,0,0,False,0.0,cadence_complete,0,0,1791359512258198243,21.826198243,True
1791359512290091108,,2733,bird_eye,0,0,False,0.0,cadence_complete,0,0,1791359512290473921,21.858473921,True
1791359512321679391,,2734,bird_eye,0,0,False,0.0,cadence_complete,0,0,1791359512322153490,21.89015349,True
1791359512358235145,,2735,bird_eye,0,0,False,0.0,cadence_complete,0,0,1791359512358534867,21.926534867,True
1791359512388002700,,2736,bird_eye,0,0,False,0.0,cadence_complete,0,0,1791359512388425048,21.956425048,True
1791359512423470596,,2737,bird_eye,0,0,False,0.0,cadence_complete,0,0,1791359512424226407,21.992226407,True
1791359512455464246,,2738,bird_eye,0,0,False,0.0,cadence_complete,0,0,1791359512455787300,22.0237873,True
1791359512496422237,,2739,bird_eye,0,0,False,0.0,cadence_complete,0,0,1791359512496850483,22.064850483,True
1791359512529433045,,2740,bird_eye,0,0,False,0.0,cadence_complete,0,0,1791359512529894758,22.097894758,True
1791359512559699782,,2741,bird_eye,0,0,False,0.0,cadence_complete,0,0,1791359512560119092,22.128119092,True
1791359512589485630,,2742,bird_eye,0,0,False,0.0,cadence_complete,0,0,1791359512589820633,22.157820633,True
1791359512621524967,,2743,bird_eye,0,0,False,0.0,cadence_complete,0,0,1791359512621914281,22.189914281,True
1791359512656334255,,2744,bird_eye,0,0,False,0.0,cadence_complete,0,0,1791359512656736419,22.224736419,True
1791359512693141026,,2745,bird_eye,0,0,False,0.0,cadence_complete,0,0,1791359512693603885,22.261603885,True
1791359512728567098,,2746,bird_eye,0,0,False,0.0,cadence_complete,0,0,1791359512728918572,22.296918572,True
1791359512760960510,,2747,bird_eye,0,0,False,0.0,cadence_complete,0,0,1791359512761365038,22.329365038,True
1791359512789518134,,2748,bird_eye,0,0,False,0.0,cadence_complete,0,0,1791359512789877695,22.357877695,True
1791359512823024763,,2749,bird_eye,0,0,False,0.0,cadence_complete,0,0,1791359512823446291,22.391446291,True
1791359512855201212,,2750,bird_eye,0,0,False,0.0,cadence_complete,0,0,1791359512855567965,22.423567965,True
1791359512888989365,,2751,bird_eye,0,0,False,0.0,cadence_complete,0,0,1791359512889322106,22.457322106,True
1791359512922863326,,2752,bird_eye,0,0,False,0.0,cadence_complete,0,0,1791359512923347273,22.491347273,True
1791359512955417475,,2753,bird_eye,0,0,False,0.0,cadence_complete,0,0,1791359512955840677,22.523840677,True
1791359512988325023,,2754,bird_eye,0,0,False,0.0,cadence_complete,0,0,1791359512988713099,22.556713099,True
1791359513021763997,,2755,bird_eye,0,0,False,0.0,cadence_complete,0,0,1791359513022003172,22.590003172,True
1791359513055259552,,2756,bird_eye,0,0,False,0.0,cadence_complete,0,0,1791359513055511667,22.623511667,True
1791359513088114587,,2757,bird_eye,0,0,False,0.0,cadence_complete,0,0,1791359513088449010,22.65644901,True
1791359513131601566,,2758,bird_eye,0,0,False,0.0,cadence_complete,0,0,1791359513132049720,22.70004972,True
1791359513164081290,,2759,bird_eye,0,0,False,0.0,cadence_complete,0,0,1791359513164563376,22.732563376,True
1791359513195837596,,2760,bird_eye,0,0,False,0.0,cadence_complete,0,0,1791359513196058585,22.764058585,True
1791359513226250804,,2761,bird_eye,0,0,False,0.0,cadence_complete,0,0,1791359513226525447,22.794525447,True
1791359513256589102,,2762,bird_eye,0,0,False,0.0,cadence_complete,0,0,1791359513256840784,22.824840784,True
1791359513291498020,,2763,bird_eye,0,0,False,0.0,cadence_complete,0,0,1791359513291955066,22.859955066,True
1791359513323559834,,2764,bird_eye,0,0,False,0.0,cadence_complete,0,0,1791359513324046628,22.892046628,True
1791359513363041447,,2765,bird_eye,0,0,False,0.0,cadence_complete,0,0,1791359513363448361,22.931448361,True
1791359513392547484,,2766,bird_eye,0,0,False,0.0,cadence_complete,0,0,1791359513392913444,22.960913444,True
1791359513423118391,,2767,bird_eye,0,0,False,0.0,cadence_complete,0,0,1791359513423442882,22.991442882,True
1791359513455581776,,2768,bird_eye,0,0,False,0.0,cadence_complete,0,0,1791359513455878540,23.02387854,True
1791359513488576593,,2769,bird_eye,0,0,False,0.0,cadence_complete,0,0,1791359513488990091,23.056990091,True
1791359513521964323,,2770,bird_eye,0,0,False,0.0,cadence_complete,0,0,1791359513522327145,23.090327145,True
1791359513555916338,,2771,bird_eye,0,0,False,0.0,cadence_complete,0,0,1791359513556226219,23.124226219,True
1791359513589194372,,2772,bird_eye,0,0,False,0.0,cadence_complete,0,0,1791359513589562083,23.157562083,True
1791359513622421075,,2773,bird_eye,0,0,False,0.0,cadence_complete,0,0,1791359513622830199,23.190830199,True
1791359513655039373,,2774,bird_eye,0,0,False,0.0,cadence_complete,0,0,1791359513655435865,23.223435865,True
1791359513688245388,,2775,bird_eye,0,0,False,0.0,cadence_complete,0,0,1791359513688594692,23.256594692,True
1791359513721961277,,2776,bird_eye,0,0,False,0.0,cadence_complete,0,0,1791359513722373256,23.290373256,True
1791359513755195226,,2777,bird_eye,0,0,False,0.0,cadence_complete,0,0,1791359513755619811,23.323619811,True
1791359513788477952,,2778,bird_eye,0,0,False,0.0,cadence_complete,0,0,1791359513788831121,23.356831121,True
1791359513822479526,,2779,bird_eye,0,0,False,0.0,cadence_complete,0,0,1791359513822884632,23.390884632,True
1791359513855677868,,2780,bird_eye,0,0,False,0.0,cadence_complete,0,0,1791359513855931731,23.423931731,True
1791359513889930272,,2781,bird_eye,0,0,False,0.0,cadence_complete,0,0,1791359513890203775,23.458203775,True
1791359513921962275,,2782,bird_eye,0,0,False,0.0,cadence_complete,0,0,1791359513922398360,23.49039836,True
1791359513955902405,,2783,bird_eye,0,0,False,0.0,cadence_complete,0,0,1791359513956331599,23.524331599,True
1791359513989778203,,2784,bird_eye,0,0,False,0.0,cadence_complete,0,0,1791359513990330472,23.558330472,True
1791359514021919683,,2785,bird_eye,0,0,False,0.0,cadence_complete,0,0,1791359514022517758,23.590517758,True
1791359514055088919,,2786,bird_eye,0,0,False,0.0,cadence_complete,0,0,1791359514055400767,23.623400767,True
1791359514089209615,,2787,bird_eye,0,0,False,0.0,cadence_complete,0,0,1791359514089608801,23.657608801,True
1791359514126636523,,2788,bird_eye,0,0,False,0.0,cadence_complete,0,0,1791359514127036716,23.695036716,True
1791359514155235113,,2789,bird_eye,0,0,False,0.0,cadence_complete,0,0,1791359514155526666,23.723526666,True
1791359514188708745,,2790,bird_eye,0,0,False,0.0,cadence_complete,0,0,1791359514189151604,23.757151604,True
1791359514223124505,,2791,bird_eye,0,0,False,0.0,cadence_complete,0,0,1791359514223635339,23.791635339,True
1791359514256516119,,2792,bird_eye,0,0,False,0.0,cadence_complete,0,0,1791359514256895809,23.824895809,True
1791359514290358862,,2793,bird_eye,0,0,False,0.0,cadence_complete,0,0,1791359514290803137,23.858803137,True
1791359514322918458,,2794,bird_eye,0,0,False,0.0,cadence_complete,0,0,1791359514323286934,23.891286934,True
1791359514354739778,,2795,bird_eye,0,0,False,0.0,cadence_complete,0,0,1791359514355065250,23.92306525,True
1791359514388203651,,2796,bird_eye,0,0,False,0.0,cadence_complete,0,0,1791359514388548415,23.956548415,True
1791359514421218062,,2797,bird_eye,0,0,False,0.0,cadence_complete,0,0,1791359514421589121,23.989589121,True
1791359514460479636,,2798,bird_eye,0,0,False,0.0,cadence_complete,0,0,1791359514460877521,24.028877521,True
1791359514488026585,,2799,bird_eye,0,0,False,0.0,cadence_complete,0,0,1791359514488428737,24.056428737,True
1791359514520569644,,2800,bird_eye,0,0,False,0.0,cadence_complete,0,0,1791359514520893524,24.088893524,True
1791359514554312453,,2801,bird_eye,0,0,False,0.0,cadence_complete,0,0,1791359514554573489,24.122573489,True
1791359514587799200,,2802,bird_eye,0,0,False,0.0,cadence_complete,0,0,1791359514588281187,24.156281187,True
1791359514620856059,,2803,bird_eye,0,0,False,0.0,cadence_complete,0,0,1791359514621383773,24.189383773,True
1791359514654066749,,2804,bird_eye,0,0,False,0.0,cadence_complete,0,0,1791359514654431375,24.222431375,True
1791359514688521676,,2805,bird_eye,0,0,False,0.0,cadence_complete,0,0,1791359514689033282,24.257033282,True
1791359514721323618,,2806,bird_eye,0,0,False,0.0,cadence_complete,0,0,1791359514721724032,24.289724032,True
1791359514753534317,,2807,bird_eye,0,0,False,0.0,cadence_complete,0,0,1791359514754155159,24.322155159,True
1791359514785982164,,2808,bird_eye,0,0,False,0.0,cadence_complete,0,0,1791359514786553059,24.354553059,True
1791359514820578751,,2809,bird_eye,0,0,False,0.0,cadence_complete,0,0,1791359514821192716,24.389192716,True
1791359514861125475,,2810,bird_eye,0,0,False,0.0,cadence_complete,0,0,1791359514861448562,24.429448562,True
1791359514890145144,,2811,bird_eye,0,0,False,0.0,cadence_complete,0,0,1791359514890423425,24.458423425,True
1791359514927154106,,2812,bird_eye,0,0,False,0.0,cadence_complete,0,0,1791359514927434869,24.495434869,True
1791359514957788990,,2813,bird_eye,0,0,False,0.0,cadence_complete,0,0,1791359514958115566,24.526115566,True
1791359514990009204,,2814,bird_eye,0,0,False,0.0,cadence_complete,0,0,1791359514990326903,24.558326903,True
1791359515023677418,,2815,bird_eye,0,0,False,0.0,cadence_complete,0,0,1791359515024146468,24.592146468,True
1791359515054328905,,2816,bird_eye,0,0,False,0.0,cadence_complete,0,0,1791359515054833619,24.622833619,True
1791359515086043411,,2817,bird_eye,0,0,False,0.0,cadence_complete,0,0,1791359515086431670,24.65443167,True
1791359515121987952,,2818,bird_eye,0,0,False,0.0,cadence_complete,0,0,1791359515122318349,24.690318349,True
1791359515156724975,,2819,bird_eye,0,0,False,0.0,cadence_complete,0,0,1791359515157009587,24.725009587,True
1791359515188831794,,2820,bird_eye,0,0,False,0.0,cadence_complete,0,0,1791359515189613090,24.75761309,True
1791359515222243083,,2821,bird_eye,0,0,False,0.0,cadence_complete,0,0,1791359515222786429,24.790786429,True
1791359515252216130,,2822,bird_eye,0,0,False,0.0,cadence_complete,0,0,1791359515252626332,24.820626332,True
1791359515285466092,,2823,bird_eye,0,0,False,0.0,cadence_complete,0,0,1791359515285872599,24.853872599,True
1791359515318939635,,2824,bird_eye,0,0,False,0.0,cadence_complete,0,0,1791359515319371007,24.887371007,True
1791359515352729862,,2825,bird_eye,0,0,False,0.0,cadence_complete,0,0,1791359515353206713,24.921206713,True
1791359515387469101,,2826,bird_eye,0,0,False,0.0,cadence_complete,0,0,1791359515388040025,24.956040025,True
1791359515419625133,,2827,bird_eye,0,0,False,0.0,cadence_complete,0,0,1791359515420333142,24.988333142,True
1791359515457428311,,2828,bird_eye,5,3,True,0.15000000596046448,invalid_or_unknown_perception:cadence_single,0,0,1791359515457874299,25.025874299,True
1791359515486938698,,2829,bird_eye,5,3,True,0.15000000596046448,invalid_or_unknown_perception:cadence_single,0,0,1791359515487516192,25.055516192,True
1791359515523167351,,2830,bird_eye,5,3,True,0.15000000596046448,invalid_or_unknown_perception:cadence_single,0,0,1791359515523800889,25.091800889,True
1791359515558899080,,2831,bird_eye,0,0,False,0.0,unknown_pulse_complete,0,0,1791359515559368784,25.127368784,True
1791359515587182596,,2832,bird_eye,0,0,False,0.0,unknown_pulse_complete,0,0,1791359515587749834,25.155749834,True
1791359515619640669,,2833,bird_eye,0,0,False,0.0,unknown_pulse_complete,0,0,1791359515620238017,25.188238017,True
1791359515654428330,,2834,bird_eye,0,0,False,0.0,unknown_pulse_complete,0,0,1791359515655181355,25.223181355,True
1791359515686378817,,2835,bird_eye,0,0,False,0.0,unknown_pulse_complete,0,0,1791359515687002700,25.2550027,True
1791359515720803996,,2836,bird_eye,0,0,False,0.0,unknown_pulse_complete,0,0,1791359515721511765,25.289511765,True
1791359515754743437,,2837,bird_eye,0,0,False,0.0,unknown_pulse_complete,0,0,1791359515755371965,25.323371965,True
1791359515786567426,,2838,bird_eye,0,0,False,0.0,unknown_pulse_complete,0,0,1791359515787198791,25.355198791,True
1791359515822353710,,2839,bird_eye,0,0,False,0.0,unknown_pulse_complete,0,0,1791359515822876718,25.390876718,True
1791359515853046994,,2840,bird_eye,0,0,False,0.0,unknown_pulse_complete,0,0,1791359515853666704,25.421666704,True
1791359515885829774,,2841,bird_eye,0,0,False,0.0,unknown_pulse_complete,0,0,1791359515886481774,25.454481774,True
1791359515919909858,,2842,bird_eye,0,0,False,0.0,unknown_pulse_complete,0,0,1791359515920573495,25.488573495,True
1791359515952975478,,2843,bird_eye,0,0,False,0.0,unknown_pulse_complete,0,0,1791359515953581383,25.521581383,True
1791359515985818290,,2844,bird_eye,0,0,False,0.0,unknown_pulse_complete,0,0,1791359515986428628,25.554428628,True
1791359516020664037,,2845,bird_eye,0,0,False,0.0,unknown_pulse_complete,0,0,1791359516021418798,25.589418798,True
1791359516052491617,,2846,bird_eye,0,0,False,0.0,unknown_pulse_complete,0,0,1791359516053015204,25.621015204,True
1791359516085859359,,2847,bird_eye,0,0,False,0.0,unknown_pulse_complete,0,0,1791359516086396799,25.654396799,True
1791359516121771072,,2848,bird_eye,0,0,False,0.0,unknown_pulse_complete,0,0,1791359516122392187,25.690392187,True
1791359516155062583,,2849,bird_eye,0,0,False,0.0,unknown_pulse_complete,0,0,1791359516155584078,25.723584078,True
1791359516185806008,,2850,bird_eye,0,0,False,0.0,unknown_pulse_complete,0,0,1791359516186325247,25.754325247,True
1791359516219978297,,2851,bird_eye,0,0,False,0.0,unknown_pulse_complete,0,0,1791359516220485508,25.788485508,True
1791359516252476323,,2852,bird_eye,0,0,False,0.0,unknown_pulse_complete,0,0,1791359516253445563,25.821445563,True
1791359516286296347,,2853,bird_eye,0,0,False,0.0,unknown_pulse_complete,0,0,1791359516286773624,25.854773624,True
1791359516321719868,,2854,bird_eye,0,0,False,0.0,unknown_pulse_complete,0,0,1791359516322484912,25.890484912,True
1791359516352284760,,2855,bird_eye,0,0,False,0.0,unknown_pulse_complete,0,0,1791359516352670791,25.920670791,True
1791359516387357951,,2856,bird_eye,0,0,False,0.0,unknown_pulse_complete,0,0,1791359516387996631,25.955996631,True
1791359516425375246,,2857,bird_eye,0,0,False,0.0,unknown_pulse_complete,0,0,1791359516425878893,25.993878893,True
1791359516469351477,,2858,bird_eye,0,0,False,0.0,unknown_pulse_complete,0,0,1791359516469829662,26.037829662,True
1791359516496809977,,2859,bird_eye,0,0,False,0.0,unknown_pulse_complete,0,0,1791359516497301587,26.065301587,True
1791359516523542709,,2860,bird_eye,0,0,False,0.0,unknown_pulse_complete,0,0,1791359516524039997,26.092039997,True
1791359516552321806,,2861,bird_eye,0,0,False,0.0,unknown_pulse_complete,0,0,1791359516552624318,26.120624318,True
1791359516586242547,,2862,bird_eye,0,0,False,0.0,unknown_pulse_complete,0,0,1791359516586611606,26.154611606,True
1791359516619000654,,2863,bird_eye,0,0,False,0.0,unknown_pulse_complete,0,0,1791359516619297305,26.187297305,True
1791359516653101034,,2864,bird_eye,0,0,False,0.0,unknown_pulse_complete,0,0,1791359516653471152,26.221471152,True
1791359516686338327,,2865,bird_eye,0,0,False,0.0,unknown_pulse_complete,0,0,1791359516686701863,26.254701863,True
1791359516719103843,,2866,bird_eye,0,0,False,0.0,unknown_pulse_complete,0,0,1791359516719546009,26.287546009,True
1791359516755587393,,2867,bird_eye,0,0,False,0.0,unknown_pulse_complete,0,0,1791359516756114277,26.324114277,True
1791359516789563710,,2868,bird_eye,0,0,False,0.0,unknown_pulse_complete,0,0,1791359516790142523,26.358142523,True
1791359516827796165,,2869,bird_eye,0,0,False,0.0,unknown_pulse_complete,0,0,1791359516828446305,26.396446305,True
1791359516853248677,,2870,bird_eye,0,0,False,0.0,unknown_pulse_complete,0,0,1791359516853863619,26.421863619,True
1791359516889534425,,2871,bird_eye,0,0,False,0.0,unknown_pulse_complete,0,0,1791359516890300549,26.458300549,True
1791359516920052542,,2872,bird_eye,0,0,False,0.0,unknown_pulse_complete,0,0,1791359516920451166,26.488451166,True
1791359516952758676,,2873,bird_eye,0,0,False,0.0,unknown_pulse_complete,0,0,1791359516953209720,26.52120972,True
1791359516991095629,,2874,bird_eye,0,0,False,0.0,unknown_pulse_complete,0,0,1791359516991721673,26.559721673,True
1791359517019005267,,2875,bird_eye,0,0,False,0.0,unknown_pulse_complete,0,0,1791359517019908890,26.58790889,True
1791359517060169424,,2876,bird_eye,0,0,False,0.0,unknown_pulse_complete,0,0,1791359517060718193,26.628718193,True
1791359517087984196,,2877,bird_eye,0,0,False,0.0,unknown_pulse_complete,0,0,1791359517088346655,26.656346655,True
1791359517119548326,,2878,bird_eye,0,0,False,0.0,unknown_pulse_complete,0,0,1791359517119970407,26.687970407,True
1791359517152329433,,2879,bird_eye,0,0,False,0.0,unknown_pulse_complete,0,0,1791359517152683975,26.720683975,True
1791359517185854428,,2880,bird_eye,0,0,False,0.0,unknown_pulse_complete,0,0,1791359517186255917,26.754255917,True
1791359517219550067,,2881,bird_eye,0,0,False,0.0,unknown_pulse_complete,0,0,1791359517219974532,26.787974532,True
1791359517255188367,,2882,bird_eye,0,0,False,0.0,unknown_pulse_complete,0,0,1791359517255505444,26.823505444,True
1791359517288447134,,2883,bird_eye,0,0,False,0.0,unknown_pulse_complete,0,0,1791359517288927686,26.856927686,True
1791359517319221713,,2884,bird_eye,0,0,False,0.0,unknown_pulse_complete,0,0,1791359517319572275,26.887572275,True
1791359517357444084,,2885,bird_eye,0,0,False,0.0,unknown_pulse_complete,0,0,1791359517357970173,26.925970173,True
1791359517386067655,,2886,bird_eye,0,0,False,0.0,unknown_pulse_complete,0,0,1791359517386432366,26.954432366,True
1791359517420956221,,2887,bird_eye,0,0,False,0.0,unknown_pulse_complete,0,0,1791359517421396952,26.989396952,True
1791359517452685284,,2888,bird_eye,0,0,False,0.0,unknown_pulse_complete,0,0,1791359517453100003,27.021100003,True
1791359517485449404,,2889,bird_eye,0,0,False,0.0,unknown_pulse_complete,0,0,1791359517485777997,27.053777997,True
1791359517521244758,,2890,bird_eye,0,0,False,0.0,unknown_pulse_complete,0,0,1791359517521692923,27.089692923,True
1791359517553068940,,2891,bird_eye,0,0,False,0.0,unknown_pulse_complete,0,0,1791359517553469168,27.121469168,True
1791359517589933663,,2892,bird_eye,0,0,False,0.0,unknown_pulse_complete,0,0,1791359517590529993,27.158529993,True
1791359517621746478,,2893,bird_eye,0,0,False,0.0,unknown_pulse_complete,0,0,1791359517622154408,27.190154408,True
1791359517655311225,,2894,bird_eye,0,0,False,0.0,unknown_pulse_complete,0,0,1791359517655703351,27.223703351,True
1791359517688617868,,2895,bird_eye,0,0,False,0.0,unknown_pulse_complete,0,0,1791359517689214815,27.257214815,True
1791359517726049496,,2896,bird_eye,0,0,False,0.0,unknown_pulse_complete,0,0,1791359517726575369,27.294575369,True
1791359517753115347,,2897,bird_eye,0,0,False,0.0,unknown_pulse_complete,0,0,1791359517753461031,27.321461031,True
1791359517786235154,,2898,bird_eye,0,0,False,0.0,unknown_pulse_complete,0,0,1791359517786675174,27.354675174,True
1791359517821906346,,2899,bird_eye,0,0,False,0.0,unknown_pulse_complete,0,0,1791359517822370241,27.390370241,True
1791359517852043464,,2900,bird_eye,0,0,False,0.0,unknown_pulse_complete,0,0,1791359517852400148,27.420400148,True
1791359517890553635,,2901,bird_eye,0,0,False,0.0,unknown_pulse_complete,0,0,1791359517891127118,27.459127118,True
1791359517919521706,,2902,bird_eye,0,0,False,0.0,unknown_pulse_complete,0,0,1791359517920051342,27.488051342,True
1791359517952260320,,2903,bird_eye,0,0,False,0.0,unknown_pulse_complete,0,0,1791359517952663235,27.520663235,True
1791359517988005384,,2904,bird_eye,0,0,False,0.0,unknown_pulse_complete,0,0,1791359517988392284,27.556392284,True
1791359518019080404,,2905,bird_eye,0,0,False,0.0,unknown_pulse_complete,0,0,1791359518019466353,27.587466353,True
1791359518054679233,,2906,bird_eye,0,0,False,0.0,unknown_pulse_complete,0,0,1791359518054943916,27.622943916,True
1791359518085821879,,2907,bird_eye,0,0,False,0.0,unknown_pulse_complete,0,0,1791359518086189057,27.654189057,True
1791359518119138811,,2908,bird_eye,0,0,False,0.0,unknown_pulse_complete,0,0,1791359518119497795,27.687497795,True
1791359518155331361,,2909,bird_eye,0,0,False,0.0,unknown_pulse_complete,0,0,1791359518155689784,27.723689784,True
1791359518185840282,,2910,bird_eye,0,0,False,0.0,unknown_pulse_complete,0,0,1791359518186277584,27.754277584,True
1791359518219945951,,2911,bird_eye,0,0,False,0.0,unknown_pulse_complete,0,0,1791359518220359353,27.788359353,True
1791359518254109213,,2912,bird_eye,0,0,False,0.0,unknown_pulse_complete,0,0,1791359518254551397,27.822551397,True
1791359518288509934,,2913,bird_eye,0,0,False,0.0,unknown_pulse_complete,0,0,1791359518288966418,27.856966418,True
1791359518328653725,,2914,bird_eye,0,0,False,0.0,unknown_pulse_complete,0,0,1791359518329412304,27.897412304,True
1791359518357300240,,2915,bird_eye,0,0,False,0.0,unknown_pulse_complete,0,0,1791359518357829847,27.925829847,True
1791359518385736315,,2916,bird_eye,0,0,False,0.0,unknown_pulse_complete,0,0,1791359518386816264,27.954816264,True
1791359518419111386,,2917,bird_eye,0,0,False,0.0,unknown_pulse_complete,0,0,1791359518419504447,27.987504447,True
1791359518454750645,,2918,bird_eye,0,0,False,0.0,unknown_pulse_complete,0,0,1791359518455125783,28.023125783,True
1791359518486085487,,2919,bird_eye,0,0,False,0.0,unknown_pulse_complete,0,0,1791359518486450315,28.054450315,True
1791359518520382124,,2920,bird_eye,0,0,False,0.0,unknown_pulse_complete,0,0,1791359518520758163,28.088758163,True
1791359518552391788,,2921,bird_eye,0,0,False,0.0,unknown_pulse_complete,0,0,1791359518552805486,28.120805486,True
1791359518586125289,,2922,bird_eye,0,0,False,0.0,unknown_pulse_complete,0,0,1791359518586466075,28.154466075,True
1791359518620444015,,2923,bird_eye,0,0,False,0.0,unknown_pulse_complete,0,0,1791359518621020514,28.189020514,True
1791359518654349281,,2924,bird_eye,0,0,False,0.0,unknown_pulse_complete,0,0,1791359518654905871,28.222905871,True
1791359518690526155,,2925,bird_eye,0,0,False,0.0,unknown_pulse_complete,0,0,1791359518690856204,28.258856204,True
1791359518720601556,,2926,bird_eye,0,0,False,0.0,unknown_pulse_complete,0,0,1791359518721043651,28.289043651,True
1791359518754210446,,2927,bird_eye,0,0,False,0.0,unknown_pulse_complete,0,0,1791359518754675194,28.322675194,True
1791359518785783213,,2928,bird_eye,0,0,False,0.0,unknown_pulse_complete,0,0,1791359518786239234,28.354239234,True
1791359518819641780,,2929,bird_eye,0,0,False,0.0,unknown_pulse_complete,0,0,1791359518820054500,28.3880545,True
1791359518854256031,,2930,bird_eye,0,0,False,0.0,unknown_pulse_complete,0,0,1791359518854801357,28.422801357,True
1791359518885836575,,2931,bird_eye,0,0,False,0.0,unknown_pulse_complete,0,0,1791359518886238342,28.454238342,True
1791359518919468225,,2932,bird_eye,0,0,False,0.0,unknown_pulse_complete,0,0,1791359518919808748,28.487808748,True
1791359518954932725,,2933,bird_eye,0,0,False,0.0,unknown_pulse_complete,0,0,1791359518955224256,28.523224256,True
1791359518987494618,,2934,bird_eye,0,0,False,0.0,unknown_pulse_complete,0,0,1791359518987907348,28.555907348,True
1791359519022251531,,2935,bird_eye,0,0,False,0.0,unknown_pulse_complete,0,0,1791359519022648389,28.590648389,True
1791359519057551427,,2936,bird_eye,0,0,False,0.0,unknown_pulse_complete,0,0,1791359519058103638,28.626103638,True
1791359519128321060,,2937,bird_eye,0,0,False,0.0,unknown_pulse_complete,0,0,1791359519128747186,28.696747186,True
1791359519197434937,,2938,bird_eye,0,0,False,0.0,unknown_pulse_complete,0,0,1791359519198044246,28.766044246,True
1791359519232432201,,2939,bird_eye,0,0,False,0.0,unknown_pulse_complete,0,0,1791359519233053480,28.80105348,True
1791359519261250186,,2940,bird_eye,0,0,False,0.0,unknown_pulse_complete,0,0,1791359519261674374,28.829674374,True
1791359519293807580,,2941,bird_eye,0,0,False,0.0,unknown_pulse_complete,0,0,1791359519294222037,28.862222037,True
1791359519326787144,,2942,bird_eye,0,0,False,0.0,unknown_pulse_complete,0,0,1791359519327137005,28.895137005,True
1791359519363168748,,2943,bird_eye,0,0,False,0.0,unknown_pulse_complete,0,0,1791359519363604382,28.931604382,True
1791359519389358015,,2944,bird_eye,0,0,False,0.0,unknown_pulse_complete,0,0,1791359519389878048,28.957878048,True
1791359519423451222,,2945,bird_eye,0,0,False,0.0,unknown_pulse_complete,0,0,1791359519424088073,28.992088073,True
1791359519453007213,,2946,bird_eye,0,0,False,0.0,unknown_pulse_complete,0,0,1791359519453498552,29.021498552,True
1791359519485885538,,2947,bird_eye,0,0,False,0.0,unknown_pulse_complete,0,0,1791359519486308188,29.054308188,True
1791359519522473773,,2948,bird_eye,0,0,False,0.0,unknown_pulse_complete,0,0,1791359519522914418,29.090914418,True
1791359519554119034,,2949,bird_eye,2,1,True,0.25,ttc_warning:cadence_triple,0,0,1791359519554549483,29.122549483,True
1791359519587945752,,2950,bird_eye,2,1,True,0.25,ttc_warning:cadence_triple,0,0,1791359519588356793,29.156356793,True
1791359519621082958,,2951,bird_eye,2,1,True,0.25,ttc_warning:cadence_triple,0,0,1791359519621438807,29.189438807,True
1791359519658617442,,2952,bird_eye,0,0,False,0.0,cadence_gap:triple,0,0,1791359519658949774,29.226949774,True
1791359519694920291,,2953,bird_eye,0,0,False,0.0,cadence_gap:triple,0,0,1791359519695168597,29.263168597,True
1791359519728613424,,2954,bird_eye,2,1,True,0.25,ttc_warning:cadence_triple,0,0,1791359519729032429,29.297032429,True
1791359519756725218,,2955,bird_eye,2,1,True,0.25,ttc_warning:cadence_triple,0,0,1791359519757020229,29.325020229,True
1791359519790973718,,2956,bird_eye,2,1,True,0.25,ttc_warning:cadence_triple,0,0,1791359519791399529,29.359399529,True
1791359519821205228,,2957,bird_eye,0,0,False,0.0,cadence_gap:triple,0,0,1791359519821511663,29.389511663,True
1791359519856730975,,2958,bird_eye,0,0,False,0.0,cadence_gap:triple,0,0,1791359519857135049,29.425135049,True
1791359519899961327,,2959,bird_eye,2,1,True,0.25,ttc_warning:cadence_triple,0,0,1791359519900532898,29.468532898,True
1791359519941634311,,2960,bird_eye,2,1,True,0.25,ttc_warning:cadence_triple,0,0,1791359519942012586,29.510012586,True
1791359519977486060,,2961,bird_eye,2,1,True,0.25,ttc_warning:cadence_triple,0,0,1791359519977783942,29.545783942,True
1791359520007196134,,2962,bird_eye,0,0,False,0.0,cadence_gap:triple,0,0,1791359520008008489,29.576008489,True
1791359520038524473,,2963,bird_eye,0,0,False,0.0,cadence_gap:triple,0,0,1791359520039525211,29.607525211,True
1791359520068564935,,2964,bird_eye,0,0,False,0.0,cadence_complete,0,0,1791359520069300689,29.637300689,True
1791359520098214951,,2965,bird_eye,0,0,False,0.0,cadence_complete,0,0,1791359520098569803,29.666569803,True
1791359520129805745,,2966,bird_eye,0,0,False,0.0,cadence_complete,0,0,1791359520130210839,29.698210839,True
1791359520161466182,,2967,bird_eye,0,0,False,0.0,cadence_complete,0,0,1791359520161913533,29.729913533,True
1791359520194541656,,2968,bird_eye,0,0,False,0.0,cadence_complete,0,0,1791359520194960133,29.762960133,True
1791359520225502164,,2969,bird_eye,0,0,False,0.0,cadence_complete,0,0,1791359520225927483,29.793927483,True
1791359520257838724,,2970,bird_eye,0,0,False,0.0,cadence_complete,0,0,1791359520258145797,29.826145797,True
1791359520291698207,,2971,bird_eye,0,0,False,0.0,cadence_complete,0,0,1791359520292044616,29.860044616,True
1791359520326834991,,2972,bird_eye,0,0,False,0.0,cadence_complete,0,0,1791359520327312293,29.895312293,True
1791359520358123287,,2973,bird_eye,0,0,False,0.0,cadence_complete,0,0,1791359520358411961,29.926411961,True
1791359520388195054,,2974,bird_eye,0,0,False,0.0,cadence_complete,0,0,1791359520388574944,29.956574944,True
1791359520423462962,,2975,bird_eye,0,0,False,0.0,cadence_complete,0,0,1791359520423885376,29.991885376,True
1791359520454515566,,2976,bird_eye,0,0,False,0.0,cadence_complete,0,0,1791359520454788441,30.022788441,True
1791359520487938407,,2977,bird_eye,0,0,False,0.0,cadence_complete,0,0,1791359520488371460,30.05637146,True
1791359520521580377,,2978,bird_eye,0,0,False,0.0,cadence_complete,0,0,1791359520522003052,30.090003052,True
1791359520555386781,,2979,bird_eye,0,0,False,0.0,cadence_complete,0,0,1791359520555854361,30.123854361,True
1791359520590732898,,2980,bird_eye,0,0,False,0.0,cadence_complete,0,0,1791359520591194729,30.159194729,True
1791359520622251008,,2981,bird_eye,0,0,False,0.0,cadence_complete,0,0,1791359520622738987,30.190738987,True
1791359520655012343,,2982,bird_eye,0,0,False,0.0,cadence_complete,0,0,1791359520655265088,30.223265088,True
1791359520687612422,,2983,bird_eye,0,0,False,0.0,cadence_complete,0,0,1791359520688074612,30.256074612,True
1791359520722334851,,2984,bird_eye,0,0,False,0.0,cadence_complete,0,0,1791359520722593019,30.290593019,True
1791359520754706767,,2985,bird_eye,0,0,False,0.0,cadence_complete,0,0,1791359520755006510,30.32300651,True
1791359520788972597,,2986,bird_eye,0,0,False,0.0,cadence_complete,0,0,1791359520789367453,30.357367453,True
1791359520821409012,,2987,bird_eye,0,0,False,0.0,cadence_complete,0,0,1791359520821700322,30.389700322,True
1791359520854719593,,2988,bird_eye,0,0,False,0.0,cadence_complete,0,0,1791359520854994913,30.422994913,True
1791359520888006123,,2989,bird_eye,0,0,False,0.0,cadence_complete,0,0,1791359520888368160,30.45636816,True
1791359520921533070,,2990,bird_eye,0,0,False,0.0,cadence_complete,0,0,1791359520921931100,30.4899311,True
1791359520956120085,,2991,bird_eye,0,0,False,0.0,cadence_complete,0,0,1791359520956422105,30.524422105,True
1791359520988056025,,2992,bird_eye,0,0,False,0.0,cadence_complete,0,0,1791359520988442049,30.556442049,True
1791359521021046977,,2993,bird_eye,0,0,False,0.0,cadence_cancelled_by_clear,0,0,1791359521021448166,30.589448166,True
1791359521053184190,,2994,bird_eye,0,0,False,0.0,no_alert,0,0,1791359521053535610,30.62153561,True
1791359521087448556,,2995,bird_eye,0,0,False,0.0,no_alert,0,0,1791359521087842468,30.655842468,True
1791359521120613029,,2996,bird_eye,0,0,False,0.0,no_alert,0,0,1791359521120940006,30.688940006,True
1791359521154049997,,2997,bird_eye,0,0,False,0.0,no_alert,0,0,1791359521154501551,30.722501551,True
1791359521186722624,,2998,bird_eye,0,0,False,0.0,no_alert,0,0,1791359521187146234,30.755146234,True
1791359521221207319,,2999,bird_eye,0,0,False,0.0,no_alert,0,0,1791359521221565594,30.789565594,True
1791359521253978779,,3000,bird_eye,0,0,False,0.0,no_alert,0,0,1791359521254445922,30.822445922,True
1791359521287745027,,3001,bird_eye,0,0,False,0.0,no_alert,0,0,1791359521288248365,30.856248365,True
1791359521320474271,,3002,bird_eye,0,0,False,0.0,no_alert,0,0,1791359521320927675,30.888927675,True
1791359521354498908,,3003,bird_eye,0,0,False,0.0,no_alert,0,0,1791359521355033225,30.923033225,True
1791359521387243665,,3004,bird_eye,0,0,False,0.0,no_alert,0,0,1791359521387605471,30.955605471,True
1791359521421293819,,3005,bird_eye,0,0,False,0.0,no_alert,0,0,1791359521421805798,30.989805798,True
1791359521454129721,,3006,bird_eye,0,0,False,0.0,no_alert,0,0,1791359521454425804,31.022425804,True
1791359521487377743,,3007,bird_eye,0,0,False,0.0,no_alert,0,0,1791359521487788269,31.055788269,True
1791359521522285459,,3008,bird_eye,0,0,False,0.0,no_alert,0,0,1791359521522794876,31.090794876,True
1791359521554394334,,3009,bird_eye,0,0,False,0.0,no_alert,0,0,1791359521554899629,31.122899629,True
1791359521588414478,,3010,bird_eye,0,0,False,0.0,no_alert,0,0,1791359521588813883,31.156813883,True
1791359521620969024,,3011,bird_eye,0,0,False,0.0,no_alert,0,0,1791359521621356096,31.189356096,True
1791359521654116004,,3012,bird_eye,0,0,False,0.0,no_alert,0,0,1791359521654526882,31.222526882,True
1791359521687373220,,3013,bird_eye,0,0,False,0.0,no_alert,0,0,1791359521687856097,31.255856097,True
1791359521721480514,,3014,bird_eye,0,0,False,0.0,no_alert,0,0,1791359521721910521,31.289910521,True
1791359521754432852,,3015,bird_eye,0,0,False,0.0,no_alert,0,0,1791359521754722929,31.322722929,True
1791359521787249914,,3016,bird_eye,0,0,False,0.0,no_alert,0,0,1791359521787579266,31.355579266,True
1791359521821380582,,3017,bird_eye,0,0,False,0.0,no_alert,0,0,1791359521821776874,31.389776874,True
1791359521854273357,,3018,bird_eye,0,0,False,0.0,no_alert,0,0,1791359521854644069,31.422644069,True
1791359521888292159,,3019,bird_eye,0,0,False,0.0,no_alert,0,0,1791359521888706028,31.456706028,True
1791359521922813533,,3020,bird_eye,0,0,False,0.0,no_alert,0,0,1791359521923239487,31.491239487,True
1791359521956383515,,3021,bird_eye,0,0,False,0.0,no_alert,0,0,1791359521956742912,31.524742912,True
1791359521988505040,,3022,bird_eye,0,0,False,0.0,no_alert,0,0,1791359521988961530,31.55696153,True
1791359522022049234,,3023,bird_eye,0,0,False,0.0,no_alert,0,0,1791359522022457798,31.590457798,True
1791359522054254839,,3024,bird_eye,0,0,False,0.0,no_alert,0,0,1791359522054596917,31.622596917,True
1791359522088022628,,3025,bird_eye,0,0,False,0.0,no_alert,0,0,1791359522088439519,31.656439519,True
1791359522121349648,,3026,bird_eye,0,0,False,0.0,no_alert,0,0,1791359522121805148,31.689805148,True
1791359522155968882,,3027,bird_eye,0,0,False,0.0,no_alert,0,0,1791359522156229454,31.724229454,True
1791359522188497900,,3028,bird_eye,0,0,False,0.0,no_alert,0,0,1791359522188763078,31.756763078,True
1791359522222034693,,3029,bird_eye,0,0,False,0.0,no_alert,0,0,1791359522222297447,31.790297447,True
1791359522254205201,,3030,bird_eye,0,0,False,0.0,no_alert,0,0,1791359522254441996,31.822441996,True
1791359522289138935,,3031,bird_eye,0,0,False,0.0,no_alert,0,0,1791359522289392162,31.857392162,True
1791359522321694957,,3032,bird_eye,0,0,False,0.0,no_alert,0,0,1791359522321981626,31.889981626,True
1791359522355405413,,3033,bird_eye,0,0,False,0.0,no_alert,0,0,1791359522355722665,31.923722665,True
1791359522389186931,,3034,bird_eye,0,0,False,0.0,no_alert,0,0,1791359522389393122,31.957393122,True
1791359522420818941,,3035,bird_eye,0,0,False,0.0,no_alert,0,0,1791359522421010406,31.989010406,True
1791359522456079618,,3036,bird_eye,0,0,False,0.0,no_alert,0,0,1791359522456246492,32.024246492,True
1791359522488062172,,3037,bird_eye,0,0,False,0.0,no_alert,0,0,1791359522488308000,32.056308,True
1791359522522024099,,3038,bird_eye,0,0,False,0.0,no_alert,0,0,1791359522522299549,32.090299549,True
1791359522555749532,,3039,bird_eye,0,0,False,0.0,no_alert,0,0,1791359522555963719,32.123963719,True
1791359522588164740,,3040,bird_eye,0,0,False,0.0,no_alert,0,0,1791359522588392595,32.156392595,True
1791359522621796295,,3041,bird_eye,0,0,False,0.0,no_alert,0,0,1791359522622082200,32.1900822,True
1791359522656299412,,3042,bird_eye,0,0,False,0.0,no_alert,0,0,1791359522656526143,32.224526143,True
1791359522689073229,,3043,bird_eye,0,0,False,0.0,no_alert,0,0,1791359522689366039,32.257366039,True
1791359522721168188,,3044,bird_eye,0,0,False,0.0,no_alert,0,0,1791359522721393220,32.28939322,True
1791359522755809285,,3045,bird_eye,0,0,False,0.0,no_alert,0,0,1791359522756127920,32.32412792,True
1791359522787966813,,3046,bird_eye,0,0,False,0.0,no_alert,0,0,1791359522788244909,32.356244909,True
1791359522822747411,,3047,bird_eye,0,0,False,0.0,no_alert,0,0,1791359522823022476,32.391022476,True
1791359522856149665,,3048,bird_eye,0,0,False,0.0,no_alert,0,0,1791359522856337049,32.424337049,True
1791359522889360028,,3049,bird_eye,0,0,False,0.0,no_alert,0,0,1791359522889638214,32.457638214,True
1791359522922132118,,3050,bird_eye,0,0,False,0.0,no_alert,0,0,1791359522922404183,32.490404183,True
1791359522956006886,,3051,bird_eye,0,0,False,0.0,no_alert,0,0,1791359522956266831,32.524266831,True
1791359522987955274,,3052,bird_eye,0,0,False,0.0,no_alert,0,0,1791359522988312191,32.556312191,True
1791359523023222653,,3053,bird_eye,0,0,False,0.0,no_alert,0,0,1791359523023510912,32.591510912,True
1791359523055783054,,3054,bird_eye,0,0,False,0.0,no_alert,0,0,1791359523056039988,32.624039988,True
1791359523089133788,,3055,bird_eye,0,0,False,0.0,no_alert,0,0,1791359523089405828,32.657405828,True
1791359523122675309,,3056,bird_eye,0,0,False,0.0,no_alert,0,0,1791359523122960397,32.690960397,True
1791359523155952077,,3057,bird_eye,0,0,False,0.0,no_alert,0,0,1791359523156218142,32.724218142,True
1791359523194820565,,3058,bird_eye,0,0,False,0.0,no_alert,0,0,1791359523195213143,32.763213143,True
1791359523224084122,,3059,bird_eye,0,0,False,0.0,no_alert,0,0,1791359523224324117,32.792324117,True
1791359523258263850,,3060,bird_eye,0,0,False,0.0,no_alert,0,0,1791359523258514883,32.826514883,True
1791359523290065408,,3061,bird_eye,0,0,False,0.0,no_alert,0,0,1791359523290316570,32.85831657,True
1791359523322756076,,3062,bird_eye,0,0,False,0.0,no_alert,0,0,1791359523322992403,32.890992403,True
1791359523358995628,,3063,bird_eye,0,0,False,0.0,no_alert,0,0,1791359523359257859,32.927257859,True
1791359523389640517,,3064,bird_eye,0,0,False,0.0,no_alert,0,0,1791359523389886002,32.957886002,True
1791359523424558177,,3065,bird_eye,0,0,False,0.0,no_alert,0,0,1791359523424795202,32.992795202,True
1791359523455751845,,3066,bird_eye,0,0,False,0.0,no_alert,0,0,1791359523455953082,33.023953082,True
1791359523489197325,,3067,bird_eye,0,0,False,0.0,no_alert,0,0,1791359523489450057,33.057450057,True
1791359523524765302,,3068,bird_eye,0,0,False,0.0,no_alert,0,0,1791359523525071809,33.093071809,True
1791359523555691240,,3069,bird_eye,0,0,False,0.0,no_alert,0,0,1791359523555937403,33.123937403,True
1791359523589192724,,3070,bird_eye,0,0,False,0.0,no_alert,0,0,1791359523589558293,33.157558293,True
1791359523622522621,,3071,bird_eye,0,0,False,0.0,no_alert,0,0,1791359523622876181,33.190876181,True
1791359523655990713,,3072,bird_eye,0,0,False,0.0,no_alert,0,0,1791359523656282713,33.224282713,True
1791359523694073450,,3073,bird_eye,0,0,False,0.0,no_alert,0,0,1791359523694409887,33.262409887,True
1791359523721880318,,3074,bird_eye,0,0,False,0.0,no_alert,0,0,1791359523722176772,33.290176772,True
1791359523754967876,,3075,bird_eye,0,0,False,0.0,no_alert,0,0,1791359523755233078,33.323233078,True
1791359523788303591,,3076,bird_eye,0,0,False,0.0,no_alert,0,0,1791359523788586031,33.356586031,True
1791359523822223157,,3077,bird_eye,0,0,False,0.0,no_alert,0,0,1791359523822517825,33.390517825,True
1791359523855699218,,3078,bird_eye,0,0,False,0.0,no_alert,0,0,1791359523856075586,33.424075586,True
1791359523888701774,,3079,bird_eye,0,0,False,0.0,no_alert,0,0,1791359523889062193,33.457062193,True
1791359523922602502,,3080,bird_eye,0,0,False,0.0,no_alert,0,0,1791359523922938522,33.490938522,True
1791359523955855499,,3081,bird_eye,0,0,False,0.0,no_alert,0,0,1791359523956099241,33.524099241,True
1791359523988515616,,3082,bird_eye,0,0,False,0.0,no_alert,0,0,1791359523988916493,33.556916493,True
1791359524023917300,,3083,bird_eye,0,0,False,0.0,no_alert,0,0,1791359524024244999,33.592244999,True
1791359524055542123,,3084,bird_eye,0,0,False,0.0,no_alert,0,0,1791359524055825055,33.623825055,True
1791359524088988434,,3085,bird_eye,0,0,False,0.0,no_alert,0,0,1791359524089346642,33.657346642,True
1791359524122410989,,3086,bird_eye,0,0,False,0.0,no_alert,0,0,1791359524122802312,33.690802312,True
1791359524162792450,,3087,bird_eye,0,0,False,0.0,no_alert,0,0,1791359524163202419,33.731202419,True
1791359524195296897,,3088,bird_eye,0,0,False,0.0,no_alert,0,0,1791359524195631118,33.763631118,True
1791359524224827232,,3089,bird_eye,0,0,False,0.0,no_alert,0,0,1791359524225370034,33.793370034,True
1791359524262501760,,3090,bird_eye,0,0,False,0.0,no_alert,0,0,1791359524262884725,33.830884725,True
1791359524291000382,,3091,bird_eye,0,0,False,0.0,no_alert,0,0,1791359524291435029,33.859435029,True
1791359524326397858,,3092,bird_eye,0,0,False,0.0,no_alert,0,0,1791359524326899311,33.894899311,True
1791359524362331247,,3093,bird_eye,0,0,False,0.0,no_alert,0,0,1791359524362764504,33.930764504,True
1791359524391209291,,3094,bird_eye,0,0,False,0.0,no_alert,0,0,1791359524391706178,33.959706178,True
1791359524421659267,,3095,bird_eye,0,0,False,0.0,no_alert,0,0,1791359524422136842,33.990136842,True
1791359524454236732,,3096,bird_eye,0,0,False,0.0,no_alert,0,0,1791359524454611742,34.022611742,True
1791359524488430622,,3097,bird_eye,0,0,False,0.0,no_alert,0,0,1791359524488876196,34.056876196,True
1791359524520689057,,3098,bird_eye,0,0,False,0.0,no_alert,0,0,1791359524521197540,34.08919754,True
1791359524554517937,,3099,bird_eye,0,0,False,0.0,no_alert,0,0,1791359524555018463,34.123018463,True
1791359524588314027,,3100,bird_eye,0,0,False,0.0,no_alert,0,0,1791359524588677069,34.156677069,True
1791359524622175204,,3101,bird_eye,0,0,False,0.0,no_alert,0,0,1791359524622616911,34.190616911,True
1791359524654809838,,3102,bird_eye,0,0,False,0.0,no_alert,0,0,1791359524655301633,34.223301633,True
1791359524694373822,,3103,bird_eye,0,0,False,0.0,no_alert,0,0,1791359524694741355,34.262741355,True
1791359524731516001,,3104,bird_eye,0,0,False,0.0,no_alert,0,0,1791359524732058570,34.30005857,True
1791359524761721005,,3105,bird_eye,0,0,False,0.0,no_alert,0,0,1791359524762183984,34.330183984,True
1791359524791826899,,3106,bird_eye,0,0,False,0.0,no_alert,0,0,1791359524792258422,34.360258422,True
1791359524822705051,,3107,bird_eye,0,0,False,0.0,no_alert,0,0,1791359524823048689,34.391048689,True
1791359524855517048,,3108,bird_eye,0,0,False,0.0,no_alert,0,0,1791359524855980866,34.423980866,True
1791359524887800538,,3109,bird_eye,0,0,False,0.0,no_alert,0,0,1791359524888319856,34.456319856,True
1791359524921478428,,3110,bird_eye,0,0,False,0.0,no_alert,0,0,1791359524921919232,34.489919232,True
1791359524955168862,,3111,bird_eye,0,0,False,0.0,no_alert,0,0,1791359524955445684,34.523445684,True
1791359524988051620,,3112,bird_eye,0,0,False,0.0,no_alert,0,0,1791359524988484352,34.556484352,True
1791359525021512327,,3113,bird_eye,0,0,False,0.0,no_alert,0,0,1791359525021902269,34.589902269,True
1791359525056237285,,3114,bird_eye,0,0,False,0.0,no_alert,0,0,1791359525056600978,34.624600978,True
1791359525088127305,,3115,bird_eye,0,0,False,0.0,no_alert,0,0,1791359525088442472,34.656442472,True
1791359525123128025,,3116,bird_eye,0,0,False,0.0,no_alert,0,0,1791359525123546549,34.691546549,True
1791359525155419397,,3117,bird_eye,0,0,False,0.0,no_alert,0,0,1791359525155811700,34.7238117,True
1791359525195770621,,3118,bird_eye,0,0,False,0.0,no_alert,0,0,1791359525196263057,34.764263057,True
1791359525227090471,,3119,bird_eye,0,0,False,0.0,no_alert,0,0,1791359525227537300,34.7955373,True
1791359525255395741,,3120,bird_eye,0,0,False,0.0,no_alert,0,0,1791359525256203810,34.82420381,True
1791359525287900121,,3121,bird_eye,0,0,False,0.0,no_alert,0,0,1791359525288488614,34.856488614,True
1791359525323853893,,3122,bird_eye,0,0,False,0.0,no_alert,0,0,1791359525324429887,34.892429887,True
1791359525359662614,,3123,bird_eye,0,0,False,0.0,no_alert,0,0,1791359525360233426,34.928233426,True
1791359525389095136,,3124,bird_eye,0,0,False,0.0,no_alert,0,0,1791359525389426709,34.957426709,True
1791359525422680918,,3125,bird_eye,0,0,False,0.0,no_alert,0,0,1791359525423285735,34.991285735,True
1791359525456679778,,3126,bird_eye,0,0,False,0.0,no_alert,0,0,1791359525457085888,35.025085888,True
1791359525494256256,,3127,bird_eye,0,0,False,0.0,no_alert,0,0,1791359525494728250,35.06272825,True
1791359525521262703,,3128,bird_eye,0,0,False,0.0,no_alert,0,0,1791359525521931062,35.089931062,True
1791359525559085517,,3129,bird_eye,0,0,False,0.0,no_alert,0,0,1791359525559649468,35.127649468,True
1791359525590765287,,3130,bird_eye,0,0,False,0.0,no_alert,0,0,1791359525591080498,35.159080498,True
1791359525626507927,,3131,bird_eye,0,0,False,0.0,no_alert,0,0,1791359525626866018,35.194866018,True
1791359525657497215,,3132,bird_eye,0,0,False,0.0,no_alert,0,0,1791359525657813383,35.225813383,True
1791359525689880690,,3133,bird_eye,0,0,False,0.0,no_alert,0,0,1791359525690230918,35.258230918,True
1791359525721414983,,3134,bird_eye,0,0,False,0.0,no_alert,0,0,1791359525721955825,35.289955825,True
1791359525755556090,,3135,bird_eye,0,0,False,0.0,no_alert,0,0,1791359525756170588,35.324170588,True
1791359525788659244,,3136,bird_eye,0,0,False,0.0,no_alert,0,0,1791359525789301537,35.357301537,True
1791359525822404280,,3137,bird_eye,0,0,False,0.0,no_alert,0,0,1791359525822924638,35.390924638,True
1791359525859986468,,3138,bird_eye,0,0,False,0.0,no_alert,0,0,1791359525860527402,35.428527402,True
1791359525900698086,,3139,bird_eye,0,0,False,0.0,no_alert,0,0,1791359525901038781,35.469038781,True
1791359525932543424,,3140,bird_eye,0,0,False,0.0,no_alert,0,0,1791359525933084594,35.501084594,True
1791359525965229962,,3141,bird_eye,0,0,False,0.0,no_alert,0,0,1791359525965666233,35.533666233,True
1791359525995151792,,3142,bird_eye,0,0,False,0.0,no_alert,0,0,1791359525995552555,35.563552555,True
1791359526022859936,,3143,bird_eye,0,0,False,0.0,no_alert,0,0,1791359526023427835,35.591427835,True
1791359526052716661,,3144,bird_eye,0,0,False,0.0,no_alert,0,0,1791359526053060814,35.621060814,True
1791359526088760214,,3145,bird_eye,0,0,False,0.0,no_alert,0,0,1791359526089314108,35.657314108,True
1791359526123151959,,3146,bird_eye,0,0,False,0.0,no_alert,0,0,1791359526123922362,35.691922362,True
1791359526154826820,,3147,bird_eye,0,0,False,0.0,no_alert,0,0,1791359526155282071,35.723282071,True
1791359526187092438,,3148,bird_eye,0,0,False,0.0,no_alert,0,0,1791359526187448554,35.755448554,True
1791359526220121189,,3149,bird_eye,0,0,False,0.0,no_alert,0,0,1791359526220463599,35.788463599,True
1791359526256479768,,3150,bird_eye,0,0,False,0.0,no_alert,0,0,1791359526256929560,35.82492956,True
1791359526287075480,,3151,bird_eye,0,0,False,0.0,no_alert,0,0,1791359526287408071,35.855408071,True
1791359526320415820,,3152,bird_eye,0,0,False,0.0,no_alert,0,0,1791359526320803542,35.888803542,True
1791359526352718896,,3153,bird_eye,0,0,False,0.0,no_alert,0,0,1791359526353103971,35.921103971,True
1791359526386295023,,3154,bird_eye,0,0,False,0.0,no_alert,0,0,1791359526386675884,35.954675884,True
1791359526420475005,,3155,bird_eye,0,0,False,0.0,no_alert,0,0,1791359526420944864,35.988944864,True
1791359526454035118,,3156,bird_eye,0,0,False,0.0,no_alert,0,0,1791359526454400586,36.022400586,True
1791359526486238429,,3157,bird_eye,0,0,False,0.0,no_alert,0,0,1791359526486573328,36.054573328,True
1791359526520120222,,3158,bird_eye,0,0,False,0.0,no_alert,0,0,1791359526520432012,36.088432012,True
1791359526553912927,,3159,bird_eye,0,0,False,0.0,no_alert,0,0,1791359526554206801,36.122206801,True
1791359526586102424,,3160,bird_eye,0,0,False,0.0,no_alert,0,0,1791359526586480470,36.15448047,True
1791359526620602246,,3161,bird_eye,0,0,False,0.0,no_alert,0,0,1791359526621234891,36.189234891,True
1791359526652205376,,3162,bird_eye,0,0,False,0.0,no_alert,0,0,1791359526652904791,36.220904791,True
1791359526695531660,,3163,bird_eye,0,0,False,0.0,no_alert,0,0,1791359526695955292,36.263955292,True
1791359526725789610,,3164,bird_eye,0,0,False,0.0,no_alert,0,0,1791359526726350997,36.294350997,True
1791359526751651614,,3165,bird_eye,0,0,False,0.0,no_alert,0,0,1791359526752117062,36.320117062,True
1791359526785242302,,3166,bird_eye,0,0,False,0.0,no_alert,0,0,1791359526785571945,36.353571945,True
1791359526817969588,,3167,bird_eye,0,0,False,0.0,no_alert,0,0,1791359526818309789,36.386309789,True
1791359526851401603,,3168,bird_eye,0,0,False,0.0,no_alert,0,0,1791359526851864052,36.419864052,True
1791359526884968106,,3169,bird_eye,0,0,False,0.0,no_alert,0,0,1791359526885347541,36.453347541,True
1791359526918594012,,3170,bird_eye,0,0,False,0.0,no_alert,0,0,1791359526919063113,36.487063113,True
1791359526951701969,,3171,bird_eye,0,0,False,0.0,no_alert,0,0,1791359526952125268,36.520125268,True
1791359526984970607,,3172,bird_eye,0,0,False,0.0,no_alert,0,0,1791359526985386415,36.553386415,True
1791359527018418072,,3173,bird_eye,0,0,False,0.0,no_alert,0,0,1791359527018831306,36.586831306,True
1791359527056024791,,3174,bird_eye,0,0,False,0.0,no_alert,0,0,1791359527056261508,36.624261508,True
1791359527086774089,,3175,bird_eye,0,0,False,0.0,no_alert,0,0,1791359527087122992,36.655122992,True
1791359527118359668,,3176,bird_eye,0,0,False,0.0,no_alert,0,0,1791359527118736153,36.686736153,True
1791359527154933728,,3177,bird_eye,0,0,False,0.0,no_alert,0,0,1791359527155205328,36.723205328,True
1791359527186664039,,3178,bird_eye,0,0,False,0.0,no_alert,0,0,1791359527187029156,36.755029156,True
1791359527218420737,,3179,bird_eye,0,0,False,0.0,no_alert,0,0,1791359527219056077,36.787056077,True
1791359527252197268,,3180,bird_eye,0,0,False,0.0,no_alert,0,0,1791359527252500850,36.82050085,True
1791359527285044595,,3181,bird_eye,0,0,False,0.0,no_alert,0,0,1791359527285379649,36.853379649,True
1791359527318585104,,3182,bird_eye,0,0,False,0.0,no_alert,0,0,1791359527318919449,36.886919449,True
1791359527351531092,,3183,bird_eye,0,0,False,0.0,no_alert,0,0,1791359527351879751,36.919879751,True
1791359527385025893,,3184,bird_eye,0,0,False,0.0,no_alert,0,0,1791359527385341571,36.953341571,True
1791359527418615962,,3185,bird_eye,0,0,False,0.0,no_alert,0,0,1791359527418911048,36.986911048,True
1791359527451511035,,3186,bird_eye,0,0,False,0.0,no_alert,0,0,1791359527451822048,37.019822048,True
1791359527485041817,,3187,bird_eye,0,0,False,0.0,no_alert,0,0,1791359527485296041,37.053296041,True
1791359527518814674,,3188,bird_eye,0,0,False,0.0,no_alert,0,0,1791359527519098439,37.087098439,True
1791359527551901100,,3189,bird_eye,0,0,False,0.0,no_alert,0,0,1791359527552229273,37.120229273,True
1791359527585608197,,3190,bird_eye,0,0,False,0.0,no_alert,0,0,1791359527585877276,37.153877276,True
1791359527618798593,,3191,bird_eye,0,0,False,0.0,no_alert,0,0,1791359527619091813,37.187091813,True
1791359527651576387,,3192,bird_eye,0,0,False,0.0,no_alert,0,0,1791359527651867736,37.219867736,True
1791359527686267652,,3193,bird_eye,0,0,False,0.0,no_alert,0,0,1791359527686690485,37.254690485,True
1791359527721462702,,3194,bird_eye,0,0,False,0.0,no_alert,0,0,1791359527721774449,37.289774449,True
1791359527754506056,,3195,bird_eye,0,0,False,0.0,no_alert,0,0,1791359527754850089,37.322850089,True
1791359527785822379,,3196,bird_eye,0,0,False,0.0,no_alert,0,0,1791359527786472081,37.354472081,True
1791359527819331755,,3197,bird_eye,0,0,False,0.0,no_alert,0,0,1791359527819689065,37.387689065,True
1791359527851736802,,3198,bird_eye,0,0,False,0.0,no_alert,0,0,1791359527852115397,37.420115397,True
1791359527885334869,,3199,bird_eye,0,0,False,0.0,no_alert,0,0,1791359527885812687,37.453812687,True
1791359527922828260,,3200,bird_eye,0,0,False,0.0,no_alert,0,0,1791359527923310334,37.491310334,True
1791359527953900670,,3201,bird_eye,0,0,False,0.0,no_alert,0,0,1791359527954306439,37.522306439,True
1791359527985342885,,3202,bird_eye,0,0,False,0.0,no_alert,0,0,1791359527985796246,37.553796246,True
1791359528020609864,,3203,bird_eye,0,0,False,0.0,no_alert,0,0,1791359528020927105,37.588927105,True
1791359528051438964,,3204,bird_eye,0,0,False,0.0,no_alert,0,0,1791359528051763634,37.619763634,True
1791359528086093026,,3205,bird_eye,0,0,False,0.0,no_alert,0,0,1791359528086463616,37.654463616,True
1791359528118826205,,3206,bird_eye,0,0,False,0.0,no_alert,0,0,1791359528119222037,37.687222037,True
1791359528151930110,,3207,bird_eye,0,0,False,0.0,no_alert,0,0,1791359528152223775,37.720223775,True
1791359528185415730,,3208,bird_eye,0,0,False,0.0,no_alert,0,0,1791359528185806159,37.753806159,True
1791359528221416991,,3209,bird_eye,0,0,False,0.0,no_alert,0,0,1791359528221800359,37.789800359,True
1791359528252857930,,3210,bird_eye,0,0,False,0.0,no_alert,0,0,1791359528253239472,37.821239472,True
1791359528285581897,,3211,bird_eye,0,0,False,0.0,no_alert,0,0,1791359528287394503,37.855394503,True
1791359528318932652,,3212,bird_eye,0,0,False,0.0,no_alert,0,0,1791359528319458326,37.887458326,True
1791359528351793753,,3213,bird_eye,0,0,False,0.0,no_alert,0,0,1791359528352226557,37.920226557,True
1791359528385302032,,3214,bird_eye,0,0,False,0.0,no_alert,0,0,1791359528386208056,37.954208056,True
1791359528421854664,,3215,bird_eye,0,0,False,0.0,no_alert,0,0,1791359528422235748,37.990235748,True
1791359528451793002,,3216,bird_eye,0,0,False,0.0,no_alert,0,0,1791359528452670362,38.020670362,True
1791359528493309235,,3217,bird_eye,0,0,False,0.0,no_alert,0,0,1791359528493702001,38.061702001,True
1791359528519910173,,3218,bird_eye,0,0,False,0.0,no_alert,0,0,1791359528520257382,38.088257382,True
1791359528552034506,,3219,bird_eye,0,0,False,0.0,no_alert,0,0,1791359528552804920,38.12080492,True
1791359528588242306,,3220,bird_eye,0,0,False,0.0,no_alert,0,0,1791359528588559229,38.156559229,True
1791359528618556520,,3221,bird_eye,0,0,False,0.0,no_alert,0,0,1791359528619136916,38.187136916,True
1791359528653945146,,3222,bird_eye,0,0,False,0.0,no_alert,0,0,1791359528654278178,38.222278178,True
1791359528685204939,,3223,bird_eye,0,0,False,0.0,no_alert,0,0,1791359528685866455,38.253866455,True
1791359528718678962,,3224,bird_eye,0,0,False,0.0,no_alert,0,0,1791359528719369162,38.287369162,True
1791359528752115912,,3225,bird_eye,0,0,False,0.0,no_alert,0,0,1791359528752890249,38.320890249,True
1791359528788610344,,3226,bird_eye,0,0,False,0.0,no_alert,0,0,1791359528788965764,38.356965764,True
1791359528819684156,,3227,bird_eye,0,0,False,0.0,no_alert,0,0,1791359528820036525,38.388036525,True
1791359528852422038,,3228,bird_eye,0,0,False,0.0,no_alert,0,0,1791359528852833561,38.420833561,True
1791359528886603568,,3229,bird_eye,0,0,False,0.0,no_alert,0,0,1791359528886884625,38.454884625,True
1791359528919793428,,3230,bird_eye,0,0,False,0.0,no_alert,0,0,1791359528920412313,38.488412313,True
1791359528962521955,,3231,bird_eye,0,0,False,0.0,no_alert,0,0,1791359528963141727,38.531141727,True
1791359528991923843,,3232,bird_eye,0,0,False,0.0,no_alert,0,0,1791359528992257132,38.560257132,True
1791359529019776843,,3233,bird_eye,0,0,False,0.0,no_alert,0,0,1791359529020330565,38.588330565,True
1791359529058195635,,3234,bird_eye,0,0,False,0.0,no_alert,0,0,1791359529058573834,38.626573834,True
1791359529090026351,,3235,bird_eye,0,0,False,0.0,no_alert,0,0,1791359529090393899,38.658393899,True
1791359529118303934,,3236,bird_eye,0,0,False,0.0,no_alert,0,0,1791359529119142188,38.687142188,True
1791359529151898451,,3237,bird_eye,0,0,False,0.0,no_alert,0,0,1791359529152822930,38.72082293,True
1791359529185994380,,3238,bird_eye,0,0,False,0.0,no_alert,0,0,1791359529186356467,38.754356467,True
1791359529219610525,,3239,bird_eye,0,0,False,0.0,no_alert,0,0,1791359529219958081,38.787958081,True
1791359529251898013,,3240,bird_eye,0,0,False,0.0,no_alert,0,0,1791359529252916810,38.82091681,True
1791359529285815354,,3241,bird_eye,0,0,False,0.0,no_alert,0,0,1791359529286628852,38.854628852,True
1791359529319426539,,3242,bird_eye,0,0,False,0.0,no_alert,0,0,1791359529319837604,38.887837604,True
1791359529351677384,,3243,bird_eye,0,0,False,0.0,no_alert,0,0,1791359529352000723,38.920000723,True
1791359529387820911,,3244,bird_eye,0,0,False,0.0,no_alert,0,0,1791359529388267052,38.956267052,True
1791359529422539865,,3245,bird_eye,0,0,False,0.0,no_alert,0,0,1791359529423065684,38.991065684,True
1791359529451738462,,3246,bird_eye,0,0,False,0.0,no_alert,0,0,1791359529452497390,39.02049739,True
1791359529487884614,,3247,bird_eye,0,0,False,0.0,no_alert,0,0,1791359529488279389,39.056279389,True
1791359529518892573,,3248,bird_eye,0,0,False,0.0,no_alert,0,0,1791359529519327942,39.087327942,True
1791359529553304238,,3249,bird_eye,0,0,False,0.0,no_alert,0,0,1791359529553688329,39.121688329,True
1791359529587092390,,3250,bird_eye,0,0,False,0.0,no_alert,0,0,1791359529587500767,39.155500767,True
1791359529620469829,,3251,bird_eye,0,0,False,0.0,no_alert,0,0,1791359529620826268,39.188826268,True
1791359529651869556,,3252,bird_eye,0,0,False,0.0,no_alert,0,0,1791359529652691573,39.220691573,True
1791359529685275861,,3253,bird_eye,0,0,False,0.0,no_alert,0,0,1791359529686143884,39.254143884,True
1791359529718532253,,3254,bird_eye,0,0,False,0.0,no_alert,0,0,1791359529718915462,39.286915462,True
1791359529754349009,,3255,bird_eye,0,0,False,0.0,no_alert,0,0,1791359529754726663,39.322726663,True
1791359529785385665,,3256,bird_eye,0,0,False,0.0,no_alert,0,0,1791359529785943177,39.353943177,True
1791359529822981588,,3257,bird_eye,0,0,False,0.0,no_alert,0,0,1791359529823300583,39.391300583,True
1791359529855113430,,3258,bird_eye,0,0,False,0.0,no_alert,0,0,1791359529855325420,39.42332542,True
1791359529885512663,,3259,bird_eye,0,0,False,0.0,no_alert,0,0,1791359529886371611,39.454371611,True
1791359529918405732,,3260,bird_eye,0,0,False,0.0,no_alert,0,0,1791359529918868641,39.486868641,True
1791359529956686572,,3261,bird_eye,0,0,False,0.0,no_alert,0,0,1791359529956995123,39.524995123,True
1791359529985223559,,3262,bird_eye,0,0,False,0.0,no_alert,0,0,1791359529985570480,39.55357048,True
1791359530023288860,,3263,bird_eye,0,0,False,0.0,no_alert,0,0,1791359530023591152,39.591591152,True
1791359530053591513,,3264,bird_eye,0,0,False,0.0,no_alert,0,0,1791359530053969258,39.621969258,True
1791359530086221446,,3265,bird_eye,0,0,False,0.0,no_alert,0,0,1791359530086550876,39.654550876,True
1791359530119008367,,3266,bird_eye,0,0,False,0.0,no_alert,0,0,1791359530119507086,39.687507086,True
1791359530153161671,,3267,bird_eye,0,0,False,0.0,no_alert,0,0,1791359530153525336,39.721525336,True
1791359530186450542,,3268,bird_eye,0,0,False,0.0,no_alert,0,0,1791359530186878729,39.754878729,True
1791359530219485967,,3269,bird_eye,0,0,False,0.0,no_alert,0,0,1791359530220373160,39.78837316,True
1791359530252889280,,3270,bird_eye,0,0,False,0.0,no_alert,0,0,1791359530253280547,39.821280547,True
1791359530289213187,,3271,bird_eye,0,0,False,0.0,no_alert,0,0,1791359530289557978,39.857557978,True
1791359530321182703,,3272,bird_eye,0,0,False,0.0,no_alert,0,0,1791359530321572524,39.889572524,True
1791359530358285874,,3273,bird_eye,0,0,False,0.0,no_alert,0,0,1791359530358586656,39.926586656,True
1791359530385765820,,3274,bird_eye,0,0,False,0.0,no_alert,0,0,1791359530386050457,39.954050457,True
1791359530419950289,,3275,bird_eye,0,0,False,0.0,no_alert,0,0,1791359530420353515,39.988353515,True
1791359530453470513,,3276,bird_eye,0,0,False,0.0,no_alert,0,0,1791359530453964382,40.021964382,True
1791359530488861019,,3277,bird_eye,0,0,False,0.0,no_alert,0,0,1791359530489324173,40.057324173,True
1791359530527757409,,3278,bird_eye,0,0,False,0.0,no_alert,0,0,1791359530528311610,40.09631161,True
1791359530576294002,,3279,bird_eye,0,0,False,0.0,no_alert,0,0,1791359530576672544,40.144672544,True
1791359530606243650,,3280,bird_eye,0,0,False,0.0,no_alert,0,0,1791359530606861550,40.17486155,True
1791359530640878944,,3281,bird_eye,0,0,False,0.0,no_alert,0,0,1791359530641437013,40.209437013,True
1791359530674019193,,3282,bird_eye,0,0,False,0.0,no_alert,0,0,1791359530674534787,40.242534787,True
1791359530705032243,,3283,bird_eye,0,0,False,0.0,no_alert,0,0,1791359530706102703,40.274102703,True
1791359530738355103,,3284,bird_eye,0,0,False,0.0,no_alert,0,0,1791359530739411725,40.307411725,True
1791359530768337232,,3285,bird_eye,0,0,False,0.0,no_alert,0,0,1791359530769004745,40.337004745,True
1791359530801880713,,3286,bird_eye,0,0,False,0.0,no_alert,0,0,1791359530802526260,40.37052626,True
1791359530831756320,,3287,bird_eye,0,0,False,0.0,no_alert,0,0,1791359530832234429,40.400234429,True
1791359530863733281,,3288,bird_eye,0,0,False,0.0,no_alert,0,0,1791359530864239465,40.432239465,True
1791359530896162075,,3289,bird_eye,0,0,False,0.0,no_alert,0,0,1791359530896498065,40.464498065,True
1791359530927840733,,3290,bird_eye,0,0,False,0.0,no_alert,0,0,1791359530928231080,40.49623108,True
1791359530961714068,,3291,bird_eye,0,0,False,0.0,no_alert,0,0,1791359530962122972,40.530122972,True
1791359530992781123,,3292,bird_eye,0,0,False,0.0,no_alert,0,0,1791359530993167463,40.561167463,True
1791359531025612851,,3293,bird_eye,0,0,False,0.0,no_alert,0,0,1791359531026021427,40.594021427,True
1791359531057477031,,3294,bird_eye,0,0,False,0.0,no_alert,0,0,1791359531057842767,40.625842767,True
1791359531088617236,,3295,bird_eye,0,0,False,0.0,no_alert,0,0,1791359531088971451,40.656971451,True
1791359531120756624,,3296,bird_eye,0,0,False,0.0,no_alert,0,0,1791359531121165392,40.689165392,True
1791359531151882568,,3297,bird_eye,0,0,False,0.0,no_alert,0,0,1791359531152200843,40.720200843,True
1791359531186109042,,3298,bird_eye,0,0,False,0.0,no_alert,0,0,1791359531186494333,40.754494333,True
1791359531220678052,,3299,bird_eye,0,0,False,0.0,no_alert,0,0,1791359531221034230,40.78903423,True
1791359531254098285,,3300,bird_eye,0,0,False,0.0,no_alert,0,0,1791359531254495157,40.822495157,True
1791359531287480578,,3301,bird_eye,0,0,False,0.0,no_alert,0,0,1791359531287798301,40.855798301,True
1791359531321131609,,3302,bird_eye,0,0,False,0.0,no_alert,0,0,1791359531321432923,40.889432923,True
1791359531353858257,,3303,bird_eye,0,0,False,0.0,no_alert,0,0,1791359531354369554,40.922369554,True
1791359531387254461,,3304,bird_eye,0,0,False,0.0,no_alert,0,0,1791359531387596253,40.955596253,True
1791359531420308199,,3305,bird_eye,0,0,False,0.0,no_alert,0,0,1791359531420646727,40.988646727,True
1791359531454256564,,3306,bird_eye,0,0,False,0.0,no_alert,0,0,1791359531454633109,41.022633109,True
1791359531487875876,,3307,bird_eye,0,0,False,0.0,no_alert,0,0,1791359531488193001,41.056193001,True
1791359531521373180,,3308,bird_eye,0,0,False,0.0,no_alert,0,0,1791359531521753890,41.08975389,True
1791359531554014149,,3309,bird_eye,0,0,False,0.0,no_alert,0,0,1791359531554358000,41.122358,True
1791359531587561117,,3310,bird_eye,0,0,False,0.0,no_alert,0,0,1791359531587889142,41.155889142,True
1791359531620625864,,3311,bird_eye,0,0,False,0.0,no_alert,0,0,1791359531621084672,41.189084672,True
1791359531653712633,,3312,bird_eye,0,0,False,0.0,no_alert,0,0,1791359531654126643,41.222126643,True
1791359531687468611,,3313,bird_eye,0,0,False,0.0,no_alert,0,0,1791359531687850605,41.255850605,True
1791359531721032291,,3314,bird_eye,0,0,False,0.0,no_alert,0,0,1791359531721446046,41.289446046,True
1791359531753801047,,3315,bird_eye,0,0,False,0.0,no_alert,0,0,1791359531754122733,41.322122733,True
1791359531788465147,,3316,bird_eye,0,0,False,0.0,no_alert,0,0,1791359531788858576,41.356858576,True
1791359531820629523,,3317,bird_eye,0,0,False,0.0,no_alert,0,0,1791359531821004439,41.389004439,True
1791359531854334069,,3318,bird_eye,0,0,False,0.0,no_alert,0,0,1791359531854726239,41.422726239,True
1791359531886909192,,3319,bird_eye,0,0,False,0.0,no_alert,0,0,1791359531887330370,41.45533037,True
1791359531920882960,,3320,bird_eye,0,0,False,0.0,no_alert,0,0,1791359531921288178,41.489288178,True
1791359531953702621,,3321,bird_eye,0,0,False,0.0,no_alert,0,0,1791359531954031948,41.522031948,True
1791359531987703019,,3322,bird_eye,0,0,False,0.0,no_alert,0,0,1791359531988074547,41.556074547,True
1791359532021554724,,3323,bird_eye,0,0,False,0.0,no_alert,0,0,1791359532021960716,41.589960716,True
1791359532054235037,,3324,bird_eye,0,0,False,0.0,no_alert,0,0,1791359532054540837,41.622540837,True
1791359532087735240,,3325,bird_eye,0,0,False,0.0,no_alert,0,0,1791359532088134181,41.656134181,True
1791359532121135263,,3326,bird_eye,0,0,False,0.0,no_alert,0,0,1791359532121457436,41.689457436,True
1791359532154176815,,3327,bird_eye,0,0,False,0.0,no_alert,0,0,1791359532154528409,41.722528409,True
1791359532188918058,,3328,bird_eye,0,0,False,0.0,no_alert,0,0,1791359532189234505,41.757234505,True
1791359532227254092,,3329,bird_eye,0,0,False,0.0,no_alert,0,0,1791359532227546016,41.795546016,True
1791359532260905854,,3330,bird_eye,0,0,False,0.0,no_alert,0,0,1791359532261355454,41.829355454,True
1791359532295783637,,3331,bird_eye,0,0,False,0.0,no_alert,0,0,1791359532296325288,41.864325288,True
1791359532328968522,,3332,bird_eye,0,0,False,0.0,no_alert,0,0,1791359532329319015,41.897319015,True
1791359532359430486,,3333,bird_eye,0,0,False,0.0,no_alert,0,0,1791359532359767888,41.927767888,True
1791359532388794437,,3334,bird_eye,0,0,False,0.0,no_alert,0,0,1791359532389109979,41.957109979,True
1791359532423788699,,3335,bird_eye,0,0,False,0.0,no_alert,0,0,1791359532424205152,41.992205152,True
1791359532455019275,,3336,bird_eye,0,0,False,0.0,no_alert,0,0,1791359532455423324,42.023423324,True
1791359532488274910,,3337,bird_eye,0,0,False,0.0,no_alert,0,0,1791359532488618789,42.056618789,True
1791359532522443075,,3338,bird_eye,0,0,False,0.0,no_alert,0,0,1791359532522837157,42.090837157,True
1791359532554829798,,3339,bird_eye,0,0,False,0.0,no_alert,0,0,1791359532555129295,42.123129295,True
1791359532588619551,,3340,bird_eye,0,0,False,0.0,no_alert,0,0,1791359532588930602,42.156930602,True
1791359532630552758,,3341,bird_eye,0,0,False,0.0,no_alert,0,0,1791359532631274434,42.199274434,True
1791359532674439546,,3342,bird_eye,0,0,False,0.0,no_alert,0,0,1791359532674783475,42.242783475,True
1791359532709122710,,3343,bird_eye,0,0,False,0.0,no_alert,0,0,1791359532709480518,42.277480518,True
1791359532751772575,,3344,bird_eye,0,0,False,0.0,no_alert,0,0,1791359532752231827,42.320231827,True
1791359532783636458,,3345,bird_eye,0,0,False,0.0,no_alert,0,0,1791359532784073808,42.352073808,True
1791359532811664536,,3346,bird_eye,0,0,False,0.0,no_alert,0,0,1791359532812203076,42.380203076,True
1791359532839667274,,3347,bird_eye,0,0,False,0.0,no_alert,0,0,1791359532840121608,42.408121608,True
1791359532866329514,,3348,bird_eye,0,0,False,0.0,no_alert,0,0,1791359532866648326,42.434648326,True
1791359532897223653,,3349,bird_eye,0,0,False,0.0,no_alert,0,0,1791359532897526035,42.465526035,True
1791359532928687714,,3350,bird_eye,0,0,False,0.0,no_alert,0,0,1791359532929088418,42.497088418,True
1791359532961808501,,3351,bird_eye,0,0,False,0.0,no_alert,0,0,1791359532962179786,42.530179786,True
1791359532994326712,,3352,bird_eye,0,0,False,0.0,no_alert,0,0,1791359532994682543,42.562682543,True
1791359533026049106,,3353,bird_eye,0,0,False,0.0,no_alert,0,0,1791359533026469018,42.594469018,True
1791359533067144457,,3354,bird_eye,0,0,False,0.0,no_alert,0,0,1791359533067603165,42.635603165,True
1791359533101307456,,3355,bird_eye,0,0,False,0.0,no_alert,0,0,1791359533101743377,42.669743377,True
1791359533129755131,,3356,bird_eye,0,0,False,0.0,no_alert,0,0,1791359533130228520,42.69822852,True
1791359533161323358,,3357,bird_eye,0,0,False,0.0,no_alert,0,0,1791359533161766127,42.729766127,True
1791359533190011106,,3358,bird_eye,0,0,False,0.0,no_alert,0,0,1791359533190384626,42.758384626,True
1791359533222933202,,3359,bird_eye,0,0,False,0.0,no_alert,0,0,1791359533223429287,42.791429287,True
1791359533256109475,,3360,bird_eye,0,0,False,0.0,no_alert,0,0,1791359533256446140,42.82444614,True
1791359533288385781,,3361,bird_eye,0,0,False,0.0,no_alert,0,0,1791359533288749473,42.856749473,True
1791359533321773472,,3362,bird_eye,0,0,False,0.0,no_alert,0,0,1791359533322223366,42.890223366,True
1791359533355411376,,3363,bird_eye,0,0,False,0.0,no_alert,0,0,1791359533355864251,42.923864251,True
1791359533389284068,,3364,bird_eye,0,0,False,0.0,no_alert,0,0,1791359533389662564,42.957662564,True
1791359533422216423,,3365,bird_eye,0,0,False,0.0,no_alert,0,0,1791359533422583236,42.990583236,True
1791359533455834843,,3366,bird_eye,0,0,False,0.0,no_alert,0,0,1791359533456073650,43.02407365,True
1791359533489313261,,3367,bird_eye,0,0,False,0.0,no_alert,0,0,1791359533489763308,43.057763308,True
1791359533522909239,,3368,bird_eye,0,0,False,0.0,no_alert,0,0,1791359533523361954,43.091361954,True
1791359533555980502,,3369,bird_eye,0,0,False,0.0,no_alert,0,0,1791359533556425610,43.12442561,True
1791359533588658376,,3370,bird_eye,0,0,False,0.0,no_alert,0,0,1791359533589182316,43.157182316,True
1791359533622643147,,3371,bird_eye,0,0,False,0.0,no_alert,0,0,1791359533623116304,43.191116304,True
1791359533655275838,,3372,bird_eye,0,0,False,0.0,no_alert,0,0,1791359533655584776,43.223584776,True
1791359533688269361,,3373,bird_eye,0,0,False,0.0,no_alert,0,0,1791359533688721863,43.256721863,True
1791359533723017313,,3374,bird_eye,0,0,False,0.0,no_alert,0,0,1791359533723453903,43.291453903,True
1791359533755864360,,3375,bird_eye,0,0,False,0.0,no_alert,0,0,1791359533756258138,43.324258138,True
1791359533789565472,,3376,bird_eye,0,0,False,0.0,no_alert,0,0,1791359533789981570,43.35798157,True
1791359533822746830,,3377,bird_eye,0,0,False,0.0,no_alert,0,0,1791359533823251792,43.391251792,True
1791359533854779345,,3378,bird_eye,0,0,False,0.0,no_alert,0,0,1791359533855075949,43.423075949,True
1791359533889170859,,3379,bird_eye,0,0,False,0.0,no_alert,0,0,1791359533889509811,43.457509811,True
1791359533921631363,,3380,bird_eye,0,0,False,0.0,no_alert,0,0,1791359533922000787,43.490000787,True
1791359533954789610,,3381,bird_eye,0,0,False,0.0,no_alert,0,0,1791359533955077032,43.523077032,True
1791359533989743787,,3382,bird_eye,0,0,False,0.0,no_alert,0,0,1791359533990239709,43.558239709,True
1791359534022997382,,3383,bird_eye,0,0,False,0.0,no_alert,0,0,1791359534023444642,43.591444642,True
1791359534054782673,,3384,bird_eye,0,0,False,0.0,no_alert,0,0,1791359534055114262,43.623114262,True
1791359534088837081,,3385,bird_eye,0,0,False,0.0,no_alert,0,0,1791359534089274786,43.657274786,True
1791359534123034289,,3386,bird_eye,0,0,False,0.0,no_alert,0,0,1791359534123418226,43.691418226,True
1791359534154892727,,3387,bird_eye,0,0,False,0.0,no_alert,0,0,1791359534155382305,43.723382305,True
1791359534188278634,,3388,bird_eye,0,0,False,0.0,no_alert,0,0,1791359534189140884,43.757140884,True
1791359534221102646,,3389,bird_eye,0,0,False,0.0,no_alert,0,0,1791359534221581082,43.789581082,True
1791359534255066097,,3390,bird_eye,0,0,False,0.0,no_alert,0,0,1791359534255390995,43.823390995,True
1791359534288201825,,3391,bird_eye,0,0,False,0.0,no_alert,0,0,1791359534288579818,43.856579818,True
1791359534320922141,,3392,bird_eye,0,0,False,0.0,no_alert,0,0,1791359534321360125,43.889360125,True
1791359534356587572,,3393,bird_eye,0,0,False,0.0,no_alert,0,0,1791359534357075168,43.925075168,True
1791359534387758006,,3394,bird_eye,0,0,False,0.0,no_alert,0,0,1791359534388209144,43.956209144,True
1791359534421175232,,3395,bird_eye,0,0,False,0.0,no_alert,0,0,1791359534422211589,43.990211589,True
1791359534454198059,,3396,bird_eye,0,0,False,0.0,no_alert,0,0,1791359534454796742,44.022796742,True
1791359534487788066,,3397,bird_eye,0,0,False,0.0,no_alert,0,0,1791359534488294885,44.056294885,True
1791359534521795832,,3398,bird_eye,0,0,False,0.0,no_alert,0,0,1791359534522243486,44.090243486,True
1791359534555152323,,3399,bird_eye,0,0,False,0.0,no_alert,0,0,1791359534555599540,44.12359954,True
1791359534587735855,,3400,bird_eye,0,0,False,0.0,no_alert,0,0,1791359534588152463,44.156152463,True
1791359534621256987,,3401,bird_eye,0,0,False,0.0,no_alert,0,0,1791359534621770086,44.189770086,True
1791359534654458480,,3402,bird_eye,0,0,False,0.0,no_alert,0,0,1791359534654889667,44.222889667,True
1791359534689048771,,3403,bird_eye,0,0,False,0.0,no_alert,0,0,1791359534689795798,44.257795798,True
1791359534720903632,,3404,bird_eye,0,0,False,0.0,no_alert,0,0,1791359534721528280,44.28952828,True
1791359534755447499,,3405,bird_eye,0,0,False,0.0,no_alert,0,0,1791359534755832978,44.323832978,True
1791359534787560393,,3406,bird_eye,0,0,False,0.0,no_alert,0,0,1791359534788091200,44.3560912,True
1791359534820836660,,3407,bird_eye,0,0,False,0.0,no_alert,0,0,1791359534821507558,44.389507558,True
1791359534854026878,,3408,bird_eye,0,0,False,0.0,no_alert,0,0,1791359534854732773,44.422732773,True
1791359534887996187,,3409,bird_eye,0,0,False,0.0,no_alert,0,0,1791359534888470279,44.456470279,True
1791359534921837628,,3410,bird_eye,0,0,False,0.0,no_alert,0,0,1791359534922779505,44.490779505,True
1791359534955165049,,3411,bird_eye,0,0,False,0.0,no_alert,0,0,1791359534955843216,44.523843216,True
1791359534987913493,,3412,bird_eye,0,0,False,0.0,no_alert,0,0,1791359534988491122,44.556491122,True
1791359535021557458,,3413,bird_eye,0,0,False,0.0,no_alert,0,0,1791359535022013978,44.590013978,True
1791359535056581183,,3414,bird_eye,0,0,False,0.0,no_alert,0,0,1791359535057021989,44.625021989,True
1791359535089187452,,3415,bird_eye,0,0,False,0.0,no_alert,0,0,1791359535089647307,44.657647307,True
1791359535121219592,,3416,bird_eye,0,0,False,0.0,no_alert,0,0,1791359535121703373,44.689703373,True
1791359535156974138,,3417,bird_eye,0,0,False,0.0,no_alert,0,0,1791359535157453386,44.725453386,True
1791359535187765090,,3418,bird_eye,0,0,False,0.0,no_alert,0,0,1791359535188241229,44.756241229,True
1791359535221135955,,3419,bird_eye,0,0,False,0.0,no_alert,0,0,1791359535221574796,44.789574796,True
1791359535254615082,,3420,bird_eye,0,0,False,0.0,no_alert,0,0,1791359535255225131,44.823225131,True
1791359535287315771,,3421,bird_eye,0,0,False,0.0,no_alert,0,0,1791359535288242168,44.856242168,True
1791359535320443877,,3422,bird_eye,0,0,False,0.0,no_alert,0,0,1791359535321167766,44.889167766,True
1791359535353384478,,3423,bird_eye,0,0,False,0.0,no_alert,0,0,1791359535353942832,44.921942832,True
1791359535387286499,,3424,bird_eye,0,0,False,0.0,no_alert,0,0,1791359535387937304,44.955937304,True
1791359535421193439,,3425,bird_eye,0,0,False,0.0,no_alert,0,0,1791359535421691570,44.98969157,True
1791359535454523760,,3426,bird_eye,0,0,False,0.0,no_alert,0,0,1791359535455152874,45.023152874,True
1791359535488591964,,3427,bird_eye,0,0,False,0.0,no_alert,0,0,1791359535489215148,45.057215148,True
1791359535521676392,,3428,bird_eye,0,0,False,0.0,no_alert,0,0,1791359535522694423,45.090694423,True
1791359535555522378,,3429,bird_eye,0,0,False,0.0,no_alert,0,0,1791359535556444151,45.124444151,True
1791359535587150881,,3430,bird_eye,0,0,False,0.0,no_alert,0,0,1791359535587758096,45.155758096,True
1791359535620674991,,3431,bird_eye,0,0,False,0.0,no_alert,0,0,1791359535621299085,45.189299085,True
1791359535653335921,,3432,bird_eye,0,0,False,0.0,no_alert,0,0,1791359535653679169,45.221679169,True
1791359535687360787,,3433,bird_eye,0,0,False,0.0,no_alert,0,0,1791359535687926025,45.255926025,True
1791359535721400846,,3434,bird_eye,0,0,False,0.0,no_alert,0,0,1791359535722070206,45.290070206,True
1791359535756654024,,3435,bird_eye,0,0,False,0.0,no_alert,0,0,1791359535757176479,45.325176479,True
1791359535791781009,,3436,bird_eye,0,0,False,0.0,no_alert,0,0,1791359535792142975,45.360142975,True
1791359535822085300,,3437,bird_eye,0,0,False,0.0,no_alert,0,0,1791359535822869121,45.390869121,True
1791359535853874539,,3438,bird_eye,0,0,False,0.0,no_alert,0,0,1791359535854380271,45.422380271,True
1791359535887052220,,3439,bird_eye,0,0,False,0.0,no_alert,0,0,1791359535887433148,45.455433148,True
1791359535920121516,,3440,bird_eye,0,0,False,0.0,no_alert,0,0,1791359535920560387,45.488560387,False
1791359535954470737,,3441,bird_eye,0,0,False,0.0,no_alert,0,0,1791359535954985545,45.522985545,False
1791359535988388645,,3442,bird_eye,0,0,False,0.0,no_alert,0,0,1791359535989357011,45.557357011,False
1791359536023015839,,3443,bird_eye,0,0,False,0.0,no_alert,0,0,1791359536023765807,45.591765807,False
1791359536058566483,,3444,bird_eye,0,0,False,0.0,no_alert,0,0,1791359536059154925,45.627154925,False
1791359536090083371,,3445,bird_eye,0,0,False,0.0,no_alert,0,0,1791359536090690405,45.658690405,False
1791359536124637937,,3446,bird_eye,0,0,False,0.0,no_alert,0,0,1791359536125205998,45.693205998,False
1791359536159151421,,3447,bird_eye,0,0,False,0.0,no_alert,0,0,1791359536159711634,45.727711634,False
1791359536190244330,,3448,bird_eye,0,0,False,0.0,no_alert,0,0,1791359536190859464,45.758859464,False
1791359536225339305,,3449,bird_eye,0,0,False,0.0,no_alert,0,0,1791359536225860183,45.793860183,False
1791359536256969771,,3450,bird_eye,0,0,False,0.0,no_alert,0,0,1791359536257425911,45.825425911,False
1791359536291315970,,3451,bird_eye,0,0,False,0.0,no_alert,0,0,1791359536291815067,45.859815067,False
1791359536321702328,,3452,bird_eye,0,0,False,0.0,no_alert,0,0,1791359536322209227,45.890209227,False
1791359536358022309,,3453,bird_eye,0,0,False,0.0,no_alert,0,0,1791359536358423524,45.926423524,False
1791359536391430819,,3454,bird_eye,0,0,False,0.0,no_alert,0,0,1791359536392013980,45.96001398,False
1791359536421320852,,3455,bird_eye,0,0,False,0.0,no_alert,0,0,1791359536421765300,45.9897653,False
1791359536454753649,,3456,bird_eye,0,0,False,0.0,no_alert,0,0,1791359536455267446,46.023267446,False
1791359536487523422,,3457,bird_eye,0,0,False,0.0,no_alert,0,0,1791359536487906684,46.055906684,False
1791359536521275242,,3458,bird_eye,0,0,False,0.0,no_alert,0,0,1791359536521711545,46.089711545,False
1791359536554749839,,3459,bird_eye,0,0,False,0.0,no_alert,0,0,1791359536555648907,46.123648907,False
1791359536587280592,,3460,bird_eye,0,0,False,0.0,no_alert,0,0,1791359536587607733,46.155607733,False
1791359536620596490,,3461,bird_eye,0,0,False,0.0,no_alert,0,0,1791359536620942436,46.188942436,False
1791359536655927562,,3462,bird_eye,0,0,False,0.0,no_alert,0,0,1791359536656630164,46.224630164,False
1791359536694605197,,3463,bird_eye,0,0,False,0.0,no_alert,0,0,1791359536695055243,46.263055243,False
1791359536723774054,,3464,bird_eye,0,0,False,0.0,no_alert,0,0,1791359536724427933,46.292427933,False
1791359536754525612,,3465,bird_eye,0,0,False,0.0,no_alert,0,0,1791359536754873481,46.322873481,False
1791359536796956274,,3466,bird_eye,0,0,False,0.0,no_alert,0,0,1791359536797368044,46.365368044,False
1791359536828614727,,3467,bird_eye,0,0,False,0.0,no_alert,0,0,1791359536828989412,46.396989412,False
1791359536853325503,,3468,bird_eye,0,0,False,0.0,no_alert,0,0,1791359536853612836,46.421612836,False
1791359536889563840,,3469,bird_eye,0,0,False,0.0,no_alert,0,0,1791359536890193401,46.458193401,False
1791359536922309515,,3470,bird_eye,0,0,False,0.0,no_alert,0,0,1791359536922706616,46.490706616,False
1791359536955400199,,3471,bird_eye,0,0,False,0.0,no_alert,0,0,1791359536955803305,46.523803305,False
1791359536991923671,,3472,bird_eye,0,0,False,0.0,no_alert,0,0,1791359536992567098,46.560567098,False
1791359537024450843,,3473,bird_eye,0,0,False,0.0,no_alert,0,0,1791359537025031972,46.593031972,False
1791359537055720859,,3474,bird_eye,0,0,False,0.0,no_alert,0,0,1791359537056091735,46.624091735,False
1791359537088429467,,3475,bird_eye,0,0,False,0.0,no_alert,0,0,1791359537088681644,46.656681644,False
1791359537123284268,,3476,bird_eye,0,0,False,0.0,no_alert,0,0,1791359537123669697,46.691669697,False
1791359537155643020,,3477,bird_eye,0,0,False,0.0,no_alert,0,0,1791359537155968921,46.723968921,False
1791359537188587546,,3478,bird_eye,0,0,False,0.0,no_alert,0,0,1791359537189001773,46.757001773,False
1791359537224854667,,3479,bird_eye,0,0,False,0.0,no_alert,0,0,1791359537225453992,46.793453992,False
1791359537256965703,,3480,bird_eye,0,0,False,0.0,no_alert,0,0,1791359537257446838,46.825446838,False
1791359537289425483,,3481,bird_eye,0,0,False,0.0,no_alert,0,0,1791359537289720986,46.857720986,False
1791359537325098381,,3482,bird_eye,0,0,False,0.0,no_alert,0,0,1791359537325668881,46.893668881,False
1791359537355060832,,3483,bird_eye,0,0,False,0.0,no_alert,0,0,1791359537355272128,46.923272128,False
1791359537388665234,,3484,bird_eye,0,0,False,0.0,no_alert,0,0,1791359537389097041,46.957097041,False
1791359537422815185,,3485,bird_eye,0,0,False,0.0,no_alert,0,0,1791359537423059000,46.991059,False
1791359537456680880,,3486,bird_eye,0,0,False,0.0,no_alert,0,0,1791359537457036644,47.025036644,False
1791359537495226871,,3487,bird_eye,0,0,False,0.0,no_alert,0,0,1791359537495760367,47.063760367,False
1791359537527849631,,3488,bird_eye,0,0,False,0.0,no_alert,0,0,1791359537528478088,47.096478088,False
1791359537555506806,,3489,bird_eye,0,0,False,0.0,no_alert,0,0,1791359537555838784,47.123838784,False
1791359537590287902,,3490,bird_eye,0,0,False,0.0,no_alert,0,0,1791359537590620919,47.158620919,False
1791359537626776408,,3491,bird_eye,0,0,False,0.0,no_alert,0,0,1791359537627395744,47.195395744,False
1791359537661716496,,3492,bird_eye,0,0,False,0.0,no_alert,0,0,1791359537662222346,47.230222346,False
1791359537687949480,,3493,bird_eye,0,0,False,0.0,no_alert,0,0,1791359537688259137,47.256259137,False
1791359537723557423,,3494,bird_eye,0,0,False,0.0,no_alert,0,0,1791359537723912157,47.291912157,False
1791359537755480278,,3495,bird_eye,0,0,False,0.0,no_alert,0,0,1791359537755905375,47.323905375,False
1791359537789096710,,3496,bird_eye,0,0,False,0.0,no_alert,0,0,1791359537789409084,47.357409084,False
1791359537822771337,,3497,bird_eye,0,0,False,0.0,no_alert,0,0,1791359537823224328,47.391224328,False
1791359537855562771,,3498,bird_eye,0,0,False,0.0,no_alert,0,0,1791359537855906754,47.423906754,False
1791359537888663008,,3499,bird_eye,0,0,False,0.0,no_alert,0,0,1791359537889129264,47.457129264,False
1791359537923471481,,3500,bird_eye,0,0,False,0.0,no_alert,0,0,1791359537923882682,47.491882682,False
1791359537956694983,,3501,bird_eye,0,0,False,0.0,no_alert,0,0,1791359537957107699,47.525107699,False
1791359537989995510,,3502,bird_eye,0,0,False,0.0,no_alert,0,0,1791359537990288340,47.55828834,False
1791359538026893116,,3503,bird_eye,0,0,False,0.0,no_alert,0,0,1791359538027267718,47.595267718,False
1791359538053568265,,3504,bird_eye,0,0,False,0.0,no_alert,0,0,1791359538053859740,47.62185974,False
1791359538087612731,,3505,bird_eye,0,0,False,0.0,no_alert,0,0,1791359538087868759,47.655868759,False
1791359538121318705,,3506,bird_eye,0,0,False,0.0,no_alert,0,0,1791359538121585634,47.689585634,False
1791359538156235827,,3507,bird_eye,0,0,False,0.0,no_alert,0,0,1791359538156715870,47.72471587,False
1791359538193652775,,3508,bird_eye,0,0,False,0.0,no_alert,0,0,1791359538194102156,47.762102156,False
1791359538222804667,,3509,bird_eye,0,0,False,0.0,no_alert,0,0,1791359538223055429,47.791055429,False
1791359538254781521,,3510,bird_eye,0,0,False,0.0,no_alert,0,0,1791359538255149845,47.823149845,False
1791359538290031609,,3511,bird_eye,0,0,False,0.0,no_alert,0,0,1791359538290488377,47.858488377,False
1791359538321087436,,3512,bird_eye,0,0,False,0.0,no_alert,0,0,1791359538321376148,47.889376148,False
1791359538356602417,,3513,bird_eye,0,0,False,0.0,no_alert,0,0,1791359538356962755,47.924962755,False
1791359538388689314,,3514,bird_eye,0,0,False,0.0,no_alert,0,0,1791359538389030342,47.957030342,False
1791359538423811270,,3515,bird_eye,0,0,False,0.0,no_alert,0,0,1791359538424246334,47.992246334,False
1791359538455578007,,3516,bird_eye,0,0,False,0.0,no_alert,0,0,1791359538455806734,48.023806734,False
1791359538490374501,,3517,bird_eye,0,0,False,0.0,no_alert,0,0,1791359538490664591,48.058664591,False
1791359538522261678,,3518,bird_eye,0,0,False,0.0,no_alert,0,0,1791359538522541083,48.090541083,False
1791359538556681206,,3519,bird_eye,0,0,False,0.0,no_alert,0,0,1791359538557201313,48.125201313,False
1791359538593073022,,3520,bird_eye,0,0,False,0.0,no_alert,0,0,1791359538593423055,48.161423055,False
1791359538622702737,,3521,bird_eye,0,0,False,0.0,no_alert,0,0,1791359538623021326,48.191021326,False
1791359538656316345,,3522,bird_eye,0,0,False,0.0,no_alert,0,0,1791359538656513937,48.224513937,False
1791359538689702036,,3523,bird_eye,0,0,False,0.0,no_alert,0,0,1791359538690017211,48.258017211,False
1791359538723366471,,3524,bird_eye,0,0,False,0.0,no_alert,0,0,1791359538723762309,48.291762309,False
1791359538756656666,,3525,bird_eye,0,0,False,0.0,no_alert,0,0,1791359538757036345,48.325036345,False
1791359538790965368,,3526,bird_eye,0,0,False,0.0,no_alert,0,0,1791359538791323098,48.359323098,False
1791359538822569193,,3527,bird_eye,0,0,False,0.0,no_alert,0,0,1791359538822918582,48.390918582,False
1791359538869730440,,3528,bird_eye,0,0,False,0.0,no_alert,0,0,1791359538870236258,48.438236258,False
1791359538891145103,,3529,bird_eye,0,0,False,0.0,no_alert,0,0,1791359538891465948,48.459465948,False
1791359538922708410,,3530,bird_eye,0,0,False,0.0,no_alert,0,0,1791359538923189050,48.49118905,False
1791359538957607719,,3531,bird_eye,0,0,False,0.0,no_alert,0,0,1791359538957894875,48.525894875,False
1791359538986303353,,3532,bird_eye,0,0,False,0.0,no_alert,0,0,1791359538986658026,48.554658026,False
1791359539025399198,,3533,bird_eye,0,0,False,0.0,no_alert,0,0,1791359539025905203,48.593905203,False
1791359539062769003,,3534,bird_eye,0,0,False,0.0,no_alert,0,0,1791359539063378268,48.631378268,False
1791359539088249663,,3535,bird_eye,0,0,False,0.0,no_alert,0,0,1791359539088539699,48.656539699,False
1791359539126693594,,3536,bird_eye,0,0,False,0.0,no_alert,0,0,1791359539127043205,48.695043205,False
1791359539160492890,,3537,bird_eye,0,0,False,0.0,no_alert,0,0,1791359539160980543,48.728980543,False
1791359539191644383,,3538,bird_eye,0,0,False,0.0,no_alert,0,0,1791359539192009959,48.760009959,False
1791359539221799008,,3539,bird_eye,0,0,False,0.0,no_alert,0,0,1791359539222199999,48.790199999,False
1791359539257732003,,3540,bird_eye,0,0,False,0.0,no_alert,0,0,1791359539258036634,48.826036634,False
1791359539288743769,,3541,bird_eye,0,0,False,0.0,no_alert,0,0,1791359539289041619,48.857041619,False
1791359539329153487,,3542,bird_eye,0,0,False,0.0,no_alert,0,0,1791359539329493850,48.89749385,False
1791359539334139860,,3543,bird_eye,0,0,False,0.0,no_alert,0,0,1791359539334475444,48.902475444,False
