stamp_ns,frame_id,has_sequence,sequence,source,output_mode,action,command_active,output_active,requested_magnitude,applied_magnitude,pattern,reason,fault,bag_ns,camera_relative_sec,in_camera_window
1791359420224161694,,True,0,bird_eye,dry_run,none,False,False,0.0,0.0,0,inactive:clear,False,1791359420183039109,-70.248960891,False
1791359420269224778,,True,1,bird_eye,dry_run,none,False,False,0.0,0.0,0,inactive:clear,False,1791359420228395043,-70.203604957,False
1791359420305299205,,True,2,bird_eye,dry_run,none,False,False,0.0,0.0,0,inactive:clear,False,1791359420283221450,-70.14877855,False
1791359420357569721,,True,3,bird_eye,dry_run,none,False,False,0.0,0.0,0,inactive:clear,False,1791359420317659539,-70.114340461,False
1791359420414611610,,True,4,bird_eye,dry_run,none,False,False,0.0,0.0,0,inactive:clear,False,1791359420375423449,-70.056576551,False
1791359421131315526,,True,5,bird_eye,dry_run,none,False,False,0.0,0.0,0,inactive:clear,False,1791359421090755741,-69.341244259,False
1791359421166847326,,True,6,bird_eye,dry_run,none,False,False,0.0,0.0,0,inactive:clear,False,1791359421126049257,-69.305950743,False
1791359421194908663,,True,7,bird_eye,dry_run,none,False,False,0.0,0.0,0,inactive:clear,False,1791359421153907518,-69.278092482,False
1791359421228434259,,True,8,bird_eye,dry_run,none,False,False,0.0,0.0,0,inactive:clear,False,1791359421187618431,-69.244381569,False
1791359421264655591,,True,9,bird_eye,dry_run,none,False,False,0.0,0.0,0,inactive:clear,False,1791359421223934264,-69.208065736,False
1791359421297301300,,True,10,bird_eye,dry_run,none,False,False,0.0,0.0,0,inactive:clear,False,1791359421256305567,-69.175694433,False
1791359421330987120,,True,11,bird_eye,dry_run,none,False,False,0.0,0.0,0,inactive:clear,False,1791359421290761831,-69.141238169,False
1791359421362198570,,True,12,bird_eye,dry_run,none,False,False,0.0,0.0,0,inactive:clear,False,1791359421321014144,-69.110985856,False
1791359421397192309,,True,13,bird_eye,dry_run,none,False,False,0.0,0.0,0,inactive:clear,False,1791359421356007249,-69.075992751,False
1791359421430962944,,True,14,bird_eye,dry_run,none,False,False,0.0,0.0,0,inactive:clear,False,1791359421389793194,-69.042206806,False
1791359421475266351,,True,15,bird_eye,dry_run,none,False,False,0.0,0.0,0,inactive:clear,False,1791359421434031636,-68.997968364,False
1791359421510567855,,True,16,bird_eye,dry_run,none,False,False,0.0,0.0,0,inactive:clear,False,1791359421469718371,-68.962281629,False
1791359421537565857,,True,17,bird_eye,dry_run,none,False,False,0.0,0.0,0,inactive:clear,False,1791359421496363692,-68.935636308,False
1791359421578023314,,True,18,bird_eye,dry_run,none,False,False,0.0,0.0,0,inactive:clear,False,1791359421536912931,-68.895087069,False
1791359421610428748,,True,19,bird_eye,dry_run,none,False,False,0.0,0.0,0,inactive:clear,False,1791359421569311275,-68.862688725,False
1791359421632423628,,True,20,bird_eye,dry_run,none,False,False,0.0,0.0,0,inactive:clear,False,1791359421592866553,-68.839133447,False
1791359421668951550,,True,21,bird_eye,dry_run,none,False,False,0.0,0.0,0,inactive:clear,False,1791359421628196780,-68.80380322,False
1791359421709687468,,True,22,bird_eye,dry_run,none,False,False,0.0,0.0,0,inactive:clear,False,1791359421668653913,-68.763346087,False
1791359421731365512,,True,23,bird_eye,dry_run,none,False,False,0.0,0.0,0,inactive:clear,False,1791359421690356159,-68.741643841,False
1791359421769709805,,True,24,bird_eye,dry_run,none,False,False,0.0,0.0,0,inactive:clear,False,1791359421728734853,-68.703265147,False
1791359421802359934,,True,25,bird_eye,dry_run,none,False,False,0.0,0.0,0,inactive:clear,False,1791359421761192965,-68.670807035,False
1791359421833324765,,True,26,bird_eye,dry_run,none,False,False,0.0,0.0,0,inactive:clear,False,1791359421792220866,-68.639779134,False
1791359421876645275,,True,27,bird_eye,dry_run,none,False,False,0.0,0.0,0,inactive:clear,False,1791359421835933357,-68.596066643,False
1791359421912268832,,True,28,bird_eye,dry_run,none,False,False,0.0,0.0,0,inactive:clear,False,1791359421871578353,-68.560421647,False
1791359421943652248,,True,29,bird_eye,dry_run,none,False,False,0.0,0.0,0,inactive:clear,False,1791359421903252768,-68.528747232,False
1791359421971451074,,True,30,bird_eye,dry_run,none,False,False,0.0,0.0,0,inactive:clear,False,1791359421930288351,-68.501711649,False
1791359422000308014,,True,31,bird_eye,dry_run,none,False,False,0.0,0.0,0,inactive:clear,False,1791359421959219407,-68.472780593,False
1791359422050671733,,True,32,bird_eye,dry_run,none,False,False,0.0,0.0,0,inactive:clear,False,1791359422028514188,-68.403485812,False
1791359422079240392,,True,33,bird_eye,dry_run,none,False,False,0.0,0.0,0,inactive:clear,False,1791359422038266532,-68.393733468,False
1791359422099167308,,True,34,bird_eye,dry_run,none,False,False,0.0,0.0,0,inactive:clear,False,1791359422058059562,-68.373940438,False
1791359422134831124,,True,35,bird_eye,dry_run,none,False,False,0.0,0.0,0,inactive:clear,False,1791359422098451680,-68.33354832,False
1791359422170157637,,True,36,bird_eye,dry_run,none,False,False,0.0,0.0,0,inactive:clear,False,1791359422129437875,-68.302562125,False
1791359422210891569,,True,37,bird_eye,dry_run,none,False,False,0.0,0.0,0,inactive:clear,False,1791359422173125471,-68.258874529,False
1791359422231713804,,True,38,bird_eye,dry_run,none,False,False,0.0,0.0,0,inactive:clear,False,1791359422191055671,-68.240944329,False
1791359422266982348,,True,39,bird_eye,dry_run,none,False,False,0.0,0.0,0,inactive:clear,False,1791359422225789873,-68.206210127,False
1791359422302298439,,True,40,bird_eye,dry_run,none,False,False,0.0,0.0,0,inactive:clear,False,1791359422261367861,-68.170632139,False
1791359422339425973,,True,41,bird_eye,dry_run,none,False,False,0.0,0.0,0,inactive:clear,False,1791359422298272447,-68.133727553,False
1791359422364378099,,True,42,bird_eye,dry_run,none,False,False,0.0,0.0,0,inactive:clear,False,1791359422323121712,-68.108878288,False
1791359422400449116,,True,43,bird_eye,dry_run,none,False,False,0.0,0.0,0,inactive:clear,False,1791359422359559525,-68.072440475,False
1791359422433203704,,True,44,bird_eye,dry_run,none,False,False,0.0,0.0,0,inactive:clear,False,1791359422392105231,-68.039894769,False
1791359422473423704,,True,45,bird_eye,dry_run,none,False,False,0.0,0.0,0,inactive:clear,False,1791359422432502347,-67.999497653,False
1791359422498390774,,True,46,bird_eye,dry_run,none,False,False,0.0,0.0,0,inactive:clear,False,1791359422457838120,-67.97416188,False
1791359422544362442,,True,47,bird_eye,dry_run,none,False,False,0.0,0.0,0,inactive:clear,False,1791359422503216952,-67.928783048,False
1791359422567474383,,True,48,bird_eye,dry_run,none,False,False,0.0,0.0,0,inactive:clear,False,1791359422526433084,-67.905566916,False
1791359422597902307,,True,49,bird_eye,dry_run,none,False,False,0.0,0.0,0,inactive:clear,False,1791359422556804510,-67.87519549,False
1791359422638521497,,True,50,bird_eye,dry_run,none,False,False,0.0,0.0,0,inactive:clear,False,1791359422597289770,-67.83471023,False
1791359422666241426,,True,51,bird_eye,dry_run,none,False,False,0.0,0.0,0,inactive:clear,False,1791359422625317042,-67.806682958,False
1791359422700624035,,True,52,bird_eye,dry_run,none,False,False,0.0,0.0,0,inactive:clear,False,1791359422662135482,-67.769864518,False
1791359422732524888,,True,53,bird_eye,dry_run,none,False,False,0.0,0.0,0,inactive:clear,False,1791359422691328670,-67.74067133,False
1791359422769539161,,True,54,bird_eye,dry_run,none,False,False,0.0,0.0,0,inactive:clear,False,1791359422728474837,-67.703525163,False
1791359422799713319,,True,55,bird_eye,dry_run,none,False,False,0.0,0.0,0,inactive:clear,False,1791359422760288054,-67.671711946,False
1791359422832196072,,True,56,bird_eye,dry_run,none,False,False,0.0,0.0,0,inactive:clear,False,1791359422791097054,-67.640902946,False
1791359422868182835,,True,57,bird_eye,dry_run,none,False,False,0.0,0.0,0,inactive:clear,False,1791359422827016177,-67.604983823,False
1791359422902189742,,True,58,bird_eye,dry_run,none,False,False,0.0,0.0,0,inactive:clear,False,1791359422860995719,-67.571004281,False
1791359422931646818,,True,59,bird_eye,dry_run,none,False,False,0.0,0.0,0,inactive:clear,False,1791359422890530061,-67.541469939,False
1791359422969824861,,True,60,bird_eye,dry_run,none,False,False,0.0,0.0,0,inactive:clear,False,1791359422928790389,-67.503209611,False
1791359423000630373,,True,61,bird_eye,dry_run,none,False,False,0.0,0.0,0,inactive:clear,False,1791359422959435747,-67.472564253,False
1791359423129314443,,True,62,bird_eye,dry_run,stop,False,False,0.0,0.0,0,invalid_request:expired_receiver_token,True,1791359423094011839,-67.337988161,False
1791359423145491677,,True,65,bird_eye,dry_run,none,False,False,0.0,0.0,0,inactive:clear,False,1791359423104394522,-67.327605478,False
1791359423164399429,,True,66,bird_eye,dry_run,none,False,False,0.0,0.0,0,inactive:clear,False,1791359423123263267,-67.308736733,False
1791359423206044408,,True,67,bird_eye,dry_run,none,False,False,0.0,0.0,0,inactive:clear,False,1791359423165048520,-67.26695148,False
1791359423239061508,,True,68,bird_eye,dry_run,none,False,False,0.0,0.0,0,inactive:clear,False,1791359423197899216,-67.234100784,False
1791359423266619131,,True,69,bird_eye,dry_run,none,False,False,0.0,0.0,0,inactive:clear,False,1791359423225371613,-67.206628387,False
1791359423305734245,,True,70,bird_eye,dry_run,none,False,False,0.0,0.0,0,inactive:clear,False,1791359423264684317,-67.167315683,False
1791359423335342776,,True,71,bird_eye,dry_run,none,False,False,0.0,0.0,0,inactive:clear,False,1791359423297370718,-67.134629282,False
1791359423370095700,,True,72,bird_eye,dry_run,none,False,False,0.0,0.0,0,inactive:clear,False,1791359423329650710,-67.10234929,False
1791359423405162351,,True,73,bird_eye,dry_run,none,False,False,0.0,0.0,0,inactive:clear,False,1791359423365172682,-67.066827318,False
1791359423443227562,,True,74,bird_eye,dry_run,none,False,False,0.0,0.0,0,inactive:clear,False,1791359423402883687,-67.029116313,False
1791359423464957114,,True,75,bird_eye,dry_run,none,False,False,0.0,0.0,0,inactive:clear,False,1791359423424676694,-67.007323306,False
1791359423513187892,,True,76,bird_eye,dry_run,none,False,False,0.0,0.0,0,inactive:clear,False,1791359423472139354,-66.959860646,False
1791359423532923733,,True,77,bird_eye,dry_run,none,False,False,0.0,0.0,0,inactive:clear,False,1791359423491758240,-66.94024176,False
1791359423569131714,,True,78,bird_eye,dry_run,none,False,False,0.0,0.0,0,inactive:clear,False,1791359423528802874,-66.903197126,False
1791359423611398761,,True,79,bird_eye,dry_run,none,False,False,0.0,0.0,0,inactive:clear,False,1791359423570321268,-66.861678732,False
1791359423631736141,,True,80,bird_eye,dry_run,none,False,False,0.0,0.0,0,inactive:clear,False,1791359423600707520,-66.83129248,False
1791359423667254361,,True,81,bird_eye,dry_run,none,False,False,0.0,0.0,0,inactive:clear,False,1791359423626091710,-66.80590829,False
1791359423699266007,,True,82,bird_eye,dry_run,none,False,False,0.0,0.0,0,inactive:clear,False,1791359423659187753,-66.772812247,False
1791359423732643311,,True,83,bird_eye,dry_run,none,False,False,0.0,0.0,0,inactive:clear,False,1791359423691561461,-66.740438539,False
1791359423779842605,,True,84,bird_eye,dry_run,none,False,False,0.0,0.0,0,inactive:clear,False,1791359423739467995,-66.692532005,False
1791359423800202337,,True,85,bird_eye,dry_run,none,False,False,0.0,0.0,0,inactive:clear,False,1791359423759359845,-66.672640155,False
1791359423834108202,,True,86,bird_eye,dry_run,none,False,False,0.0,0.0,0,inactive:clear,False,1791359423794343095,-66.637656905,False
1791359423868050677,,True,87,bird_eye,dry_run,none,False,False,0.0,0.0,0,inactive:clear,False,1791359423830970358,-66.601029642,False
1791359423901506071,,True,88,bird_eye,dry_run,none,False,False,0.0,0.0,0,inactive:clear,False,1791359423860815342,-66.571184658,False
1791359423931829166,,True,89,bird_eye,dry_run,none,False,False,0.0,0.0,0,inactive:clear,False,1791359423890470953,-66.541529047,False
1791359423970195904,,True,90,bird_eye,dry_run,none,False,False,0.0,0.0,0,inactive:clear,False,1791359423931850302,-66.500149698,False
1791359424001834630,,True,91,bird_eye,dry_run,none,False,False,0.0,0.0,0,inactive:clear,False,1791359423961285229,-66.470714771,False
1791359424037122755,,True,92,bird_eye,dry_run,none,False,False,0.0,0.0,0,inactive:clear,False,1791359423995818539,-66.436181461,False
1791359424067478984,,True,93,bird_eye,dry_run,none,False,False,0.0,0.0,0,inactive:clear,False,1791359424026562373,-66.405437627,False
1791359424101033039,,True,94,bird_eye,dry_run,none,False,False,0.0,0.0,0,inactive:clear,False,1791359424060440746,-66.371559254,False
1791359424134662068,,True,95,bird_eye,dry_run,none,False,False,0.0,0.0,0,inactive:clear,False,1791359424094417314,-66.337582686,False
1791359424168040004,,True,96,bird_eye,dry_run,none,False,False,0.0,0.0,0,inactive:clear,False,1791359424126818677,-66.305181323,False
1791359424200373693,,True,97,bird_eye,dry_run,none,False,False,0.0,0.0,0,inactive:clear,False,1791359424159262733,-66.272737267,False
1791359424233112605,,True,98,bird_eye,dry_run,none,False,False,0.0,0.0,0,inactive:clear,False,1791359424192081907,-66.239918093,False
1791359424267345754,,True,99,bird_eye,dry_run,none,False,False,0.0,0.0,0,inactive:clear,False,1791359424226364876,-66.205635124,False
1791359424300948933,,True,100,bird_eye,dry_run,none,False,False,0.0,0.0,0,inactive:clear,False,1791359424260105304,-66.171894696,False
1791359424335702624,,True,101,bird_eye,dry_run,none,False,False,0.0,0.0,0,inactive:clear,False,1791359424294771647,-66.137228353,False
1791359424369550023,,True,102,bird_eye,dry_run,none,False,False,0.0,0.0,0,inactive:clear,False,1791359424328770916,-66.103229084,False
1791359424403450390,,True,103,bird_eye,dry_run,none,False,False,0.0,0.0,0,inactive:clear,False,1791359424362476941,-66.069523059,False
1791359424433999944,,True,104,bird_eye,dry_run,none,False,False,0.0,0.0,0,inactive:clear,False,1791359424392989206,-66.039010794,False
1791359424466548582,,True,105,bird_eye,dry_run,none,False,False,0.0,0.0,0,inactive:clear,False,1791359424425344436,-66.006655564,False
1791359424505201803,,True,106,bird_eye,dry_run,none,False,False,0.0,0.0,0,inactive:clear,False,1791359424464039658,-65.967960342,False
1791359424534964705,,True,107,bird_eye,dry_run,none,False,False,0.0,0.0,0,inactive:clear,False,1791359424496961597,-65.935038403,False
1791359424569293018,,True,108,bird_eye,dry_run,none,False,False,0.0,0.0,0,inactive:clear,False,1791359424528486774,-65.903513226,False
1791359424602234417,,True,109,bird_eye,dry_run,none,False,False,0.0,0.0,0,inactive:clear,False,1791359424562884639,-65.869115361,False
1791359424638445102,,True,110,bird_eye,dry_run,none,False,False,0.0,0.0,0,inactive:clear,False,1791359424597383575,-65.834616425,False
1791359424670328493,,True,111,bird_eye,dry_run,none,False,False,0.0,0.0,0,inactive:clear,False,1791359424629277726,-65.802722274,False
1791359424701460485,,True,112,bird_eye,dry_run,none,False,False,0.0,0.0,0,inactive:clear,False,1791359424661228341,-65.770771659,False
1791359424736741246,,True,113,bird_eye,dry_run,none,False,False,0.0,0.0,0,inactive:clear,False,1791359424695575814,-65.736424186,False
1791359424770636648,,True,114,bird_eye,dry_run,none,False,False,0.0,0.0,0,inactive:clear,False,1791359424729380002,-65.702619998,False
1791359424802637506,,True,115,bird_eye,dry_run,none,False,False,0.0,0.0,0,inactive:clear,False,1791359424761477435,-65.670522565,False
1791359424838035759,,True,116,bird_eye,dry_run,none,False,False,0.0,0.0,0,inactive:clear,False,1791359424796722393,-65.635277607,False
1791359424871933969,,True,117,bird_eye,dry_run,none,False,False,0.0,0.0,0,inactive:clear,False,1791359424830899608,-65.601100392,False
1791359424900692270,,True,118,bird_eye,dry_run,none,False,False,0.0,0.0,0,inactive:clear,False,1791359424859451091,-65.572548909,False
1791359424934542215,,True,119,bird_eye,dry_run,none,False,False,0.0,0.0,0,inactive:clear,False,1791359424893386644,-65.538613356,False
1791359424974403951,,True,120,bird_eye,dry_run,none,False,False,0.0,0.0,0,inactive:clear,False,1791359424933984518,-65.498015482,False
1791359425002285584,,True,121,bird_eye,dry_run,none,False,False,0.0,0.0,0,inactive:clear,False,1791359424961393534,-65.470606466,False
1791359425038053376,,True,122,bird_eye,dry_run,none,False,False,0.0,0.0,0,inactive:clear,False,1791359424996975269,-65.435024731,False
1791359425068369645,,True,123,bird_eye,dry_run,none,False,False,0.0,0.0,0,inactive:clear,False,1791359425027202160,-65.40479784,False
1791359425104293767,,True,124,bird_eye,dry_run,none,False,False,0.0,0.0,0,inactive:clear,False,1791359425063228499,-65.368771501,False
1791359425137851590,,True,125,bird_eye,dry_run,none,False,False,0.0,0.0,0,inactive:clear,False,1791359425097236167,-65.334763833,False
1791359425170133297,,True,126,bird_eye,dry_run,none,False,False,0.0,0.0,0,inactive:clear,False,1791359425128988378,-65.303011622,False
1791359425203994275,,True,127,bird_eye,dry_run,none,False,False,0.0,0.0,0,inactive:clear,False,1791359425162801068,-65.269198932,False
1791359425235241670,,True,128,bird_eye,dry_run,none,False,False,0.0,0.0,0,inactive:clear,False,1791359425194654765,-65.237345235,False
1791359425269526742,,True,129,bird_eye,dry_run,none,False,False,0.0,0.0,0,inactive:clear,False,1791359425230017978,-65.201982022,False
1791359425301994159,,True,130,bird_eye,dry_run,none,False,False,0.0,0.0,0,inactive:clear,False,1791359425261042522,-65.170957478,False
1791359425339721596,,True,131,bird_eye,dry_run,none,False,False,0.0,0.0,0,inactive:clear,False,1791359425303491614,-65.128508386,False
1791359425370724571,,True,132,bird_eye,dry_run,none,False,False,0.0,0.0,0,inactive:clear,False,1791359425331637618,-65.100362382,False
1791359425403128381,,True,133,bird_eye,dry_run,none,False,False,0.0,0.0,0,inactive:clear,False,1791359425361918612,-65.070081388,False
1791359425435287379,,True,134,bird_eye,dry_run,none,False,False,0.0,0.0,0,inactive:clear,False,1791359425394109634,-65.037890366,False
1791359425475148912,,True,135,bird_eye,dry_run,none,False,False,0.0,0.0,0,inactive:clear,False,1791359425435854310,-64.99614569,False
1791359425501340874,,True,136,bird_eye,dry_run,none,False,False,0.0,0.0,0,inactive:clear,False,1791359425460206041,-64.971793959,False
1791359425534850020,,True,137,bird_eye,dry_run,none,False,False,0.0,0.0,0,inactive:clear,False,1791359425495034252,-64.936965748,False
1791359425570259874,,True,138,bird_eye,dry_run,none,False,False,0.0,0.0,0,inactive:clear,False,1791359425529145223,-64.902854777,False
1791359425603782125,,True,139,bird_eye,dry_run,none,False,False,0.0,0.0,0,inactive:clear,False,1791359425562663091,-64.869336909,False
1791359425633360298,,True,140,bird_eye,dry_run,none,False,False,0.0,0.0,0,inactive:clear,False,1791359425594390929,-64.837609071,False
1791359425668895915,,True,141,bird_eye,dry_run,none,False,False,0.0,0.0,0,inactive:clear,False,1791359425630188819,-64.801811181,False
1791359425701972169,,True,142,bird_eye,dry_run,none,False,False,0.0,0.0,0,inactive:clear,False,1791359425660816485,-64.771183515,False
1791359425736750715,,True,143,bird_eye,dry_run,none,False,False,0.0,0.0,0,inactive:clear,False,1791359425695683057,-64.736316943,False
1791359425770134071,,True,144,bird_eye,dry_run,none,False,False,0.0,0.0,0,inactive:clear,False,1791359425728983918,-64.703016082,False
1791359425802925128,,True,145,bird_eye,dry_run,none,False,False,0.0,0.0,0,inactive:clear,False,1791359425775266028,-64.656733972,False
1791359425834472296,,True,146,bird_eye,dry_run,none,False,False,0.0,0.0,0,inactive:clear,False,1791359425794629399,-64.637370601,False
1791359425870143564,,True,147,bird_eye,dry_run,none,False,False,0.0,0.0,0,inactive:clear,False,1791359425828996561,-64.603003439,False
1791359425899896434,,True,148,bird_eye,dry_run,none,False,False,0.0,0.0,0,inactive:clear,False,1791359425860744188,-64.571255812,False
1791359425937408220,,True,149,bird_eye,dry_run,none,False,False,0.0,0.0,0,inactive:clear,False,1791359425897989364,-64.534010636,False
1791359425968017481,,True,150,bird_eye,dry_run,none,False,False,0.0,0.0,0,inactive:clear,False,1791359425927275384,-64.504724616,False
1791359425999958753,,True,151,bird_eye,dry_run,none,False,False,0.0,0.0,0,inactive:clear,False,1791359425958801186,-64.473198814,False
1791359426034597060,,True,152,bird_eye,dry_run,none,False,False,0.0,0.0,0,inactive:clear,False,1791359425993492634,-64.438507366,False
1791359426067434822,,True,153,bird_eye,dry_run,none,False,False,0.0,0.0,0,inactive:clear,False,1791359426028055557,-64.403944443,False
1791359426102481841,,True,154,bird_eye,dry_run,none,False,False,0.0,0.0,0,inactive:clear,False,1791359426061321694,-64.370678306,False
1791359426137496722,,True,155,bird_eye,dry_run,none,False,False,0.0,0.0,0,inactive:clear,False,1791359426097224435,-64.334775565,False
1791359426167737131,,True,156,bird_eye,dry_run,none,False,False,0.0,0.0,0,inactive:clear,False,1791359426126936139,-64.305063861,False
1791359426204278361,,True,157,bird_eye,dry_run,none,False,False,0.0,0.0,0,inactive:clear,False,1791359426163146153,-64.268853847,False
1791359426234517584,,True,158,bird_eye,dry_run,none,False,False,0.0,0.0,0,inactive:clear,False,1791359426197128306,-64.234871694,False
1791359426267515584,,True,159,bird_eye,dry_run,none,False,False,0.0,0.0,0,inactive:clear,False,1791359426228327371,-64.203672629,False
1791359426305245320,,True,160,bird_eye,dry_run,none,False,False,0.0,0.0,0,inactive:clear,False,1791359426264957697,-64.167042303,False
1791359426335733896,,True,161,bird_eye,dry_run,none,False,False,0.0,0.0,0,inactive:clear,False,1791359426296451752,-64.135548248,False
1791359426368378883,,True,162,bird_eye,dry_run,none,False,False,0.0,0.0,0,inactive:clear,False,1791359426328282263,-64.103717737,False
1791359426409287608,,True,163,bird_eye,dry_run,none,False,False,0.0,0.0,0,inactive:clear,False,1791359426368086336,-64.063913664,False
1791359426437885155,,True,164,bird_eye,dry_run,none,False,False,0.0,0.0,0,inactive:clear,False,1791359426397363690,-64.03463631,False
1791359426472565740,,True,165,bird_eye,dry_run,none,False,False,0.0,0.0,0,inactive:clear,False,1791359426433463788,-63.998536212,False
1791359426508394759,,True,166,bird_eye,dry_run,none,False,False,0.0,0.0,0,inactive:clear,False,1791359426468514847,-63.963485153,False
1791359426532315896,,True,167,bird_eye,dry_run,none,False,False,0.0,0.0,0,inactive:clear,False,1791359426491105326,-63.940894674,False
1791359426569027787,,True,168,bird_eye,dry_run,none,False,False,0.0,0.0,0,inactive:clear,False,1791359426527948372,-63.904051628,False
1791359426601744039,,True,169,bird_eye,dry_run,none,False,False,0.0,0.0,0,inactive:clear,False,1791359426561587284,-63.870412716,False
1791359426639649695,,True,170,bird_eye,dry_run,none,False,False,0.0,0.0,0,inactive:clear,False,1791359426598892936,-63.833107064,False
1791359426676290460,,True,171,bird_eye,dry_run,none,False,False,0.0,0.0,0,inactive:clear,False,1791359426637417148,-63.794582852,False
1791359426699052497,,True,172,bird_eye,dry_run,none,False,False,0.0,0.0,0,inactive:clear,False,1791359426657912674,-63.774087326,False
1791359426738762298,,True,173,bird_eye,dry_run,none,False,False,0.0,0.0,0,inactive:clear,False,1791359426697448037,-63.734551963,False
1791359426769325512,,True,174,bird_eye,dry_run,none,False,False,0.0,0.0,0,inactive:clear,False,1791359426730164611,-63.701835389,False
1791359426810901422,,True,175,bird_eye,dry_run,none,False,False,0.0,0.0,0,inactive:clear,False,1791359426774098266,-63.657901734,False
1791359426840277710,,True,176,bird_eye,dry_run,none,False,False,0.0,0.0,0,inactive:clear,False,1791359426799058009,-63.632941991,False
1791359426868530675,,True,177,bird_eye,dry_run,none,False,False,0.0,0.0,0,inactive:clear,False,1791359426827296729,-63.604703271,False
1791359426900065582,,True,178,bird_eye,dry_run,none,False,False,0.0,0.0,0,inactive:clear,False,1791359426858865542,-63.573134458,False
1791359426938418664,,True,179,bird_eye,dry_run,none,False,False,0.0,0.0,0,inactive:clear,False,1791359426898267247,-63.533732753,False
1791359426968482697,,True,180,bird_eye,dry_run,none,False,False,0.0,0.0,0,inactive:clear,False,1791359426928833269,-63.503166731,False
1791359427010241487,,True,181,bird_eye,dry_run,none,False,False,0.0,0.0,0,inactive:clear,False,1791359426971326089,-63.460673911,False
1791359427032346867,,True,182,bird_eye,dry_run,none,False,False,0.0,0.0,0,inactive:clear,False,1791359426991431928,-63.440568072,False
1791359427070180821,,True,183,bird_eye,dry_run,none,False,False,0.0,0.0,0,inactive:clear,False,1791359427029142806,-63.402857194,False
1791359427102411660,,True,184,bird_eye,dry_run,none,False,False,0.0,0.0,0,inactive:clear,False,1791359427061428763,-63.370571237,False
1791359427139632856,,True,185,bird_eye,dry_run,none,False,False,0.0,0.0,0,inactive:clear,False,1791359427098970389,-63.333029611,False
1791359427166711845,,True,186,bird_eye,dry_run,none,False,False,0.0,0.0,0,inactive:clear,False,1791359427126272812,-63.305727188,False
1791359427211506116,,True,187,bird_eye,dry_run,none,False,False,0.0,0.0,0,inactive:clear,False,1791359427170617987,-63.261382013,False
1791359427235913938,,True,188,bird_eye,dry_run,none,False,False,0.0,0.0,0,inactive:clear,False,1791359427194814752,-63.237185248,False
1791359427268327713,,True,189,bird_eye,dry_run,none,False,False,0.0,0.0,0,inactive:clear,False,1791359427228215122,-63.203784878,False
1791359427300883492,,True,190,bird_eye,dry_run,none,False,False,0.0,0.0,0,inactive:clear,False,1791359427259834174,-63.172165826,False
1791359427339986159,,True,191,bird_eye,dry_run,none,False,False,0.0,0.0,0,inactive:clear,False,1791359427304273910,-63.12772609,False
1791359427367363827,,True,192,bird_eye,dry_run,none,False,False,0.0,0.0,0,inactive:clear,False,1791359427327654966,-63.104345034,False
1791359427404182552,,True,193,bird_eye,dry_run,none,False,False,0.0,0.0,0,inactive:clear,False,1791359427364224576,-63.067775424,False
1791359427434349537,,True,194,bird_eye,dry_run,none,False,False,0.0,0.0,0,inactive:clear,False,1791359427393642736,-63.038357264,False
1791359427473015943,,True,195,bird_eye,dry_run,none,False,False,0.0,0.0,0,inactive:clear,False,1791359427433336562,-62.998663438,False
1791359427499423444,,True,196,bird_eye,dry_run,none,False,False,0.0,0.0,0,inactive:clear,False,1791359427458952839,-62.973047161,False
1791359427534428012,,True,197,bird_eye,dry_run,none,False,False,0.0,0.0,0,inactive:clear,False,1791359427493900157,-62.938099843,False
1791359427567513864,,True,198,bird_eye,dry_run,none,False,False,0.0,0.0,0,inactive:clear,False,1791359427526403666,-62.905596334,False
1791359427601431500,,True,199,bird_eye,dry_run,none,False,False,0.0,0.0,0,inactive:clear,False,1791359427560328763,-62.871671237,False
1791359427637804580,,True,200,bird_eye,dry_run,none,False,False,0.0,0.0,0,inactive:clear,False,1791359427601376802,-62.830623198,False
1791359427665580301,,True,201,bird_eye,dry_run,none,False,False,0.0,0.0,0,inactive:clear,False,1791359427624357455,-62.807642545,False
1791359427707829543,,True,202,bird_eye,dry_run,none,False,False,0.0,0.0,0,inactive:clear,False,1791359427668334235,-62.763665765,False
1791359427740711561,,True,203,bird_eye,dry_run,none,False,False,0.0,0.0,0,inactive:clear,False,1791359427699853594,-62.732146406,False
1791359427769127710,,True,204,bird_eye,dry_run,none,False,False,0.0,0.0,0,inactive:clear,False,1791359427728033275,-62.703966725,False
1791359427801404222,,True,205,bird_eye,dry_run,none,False,False,0.0,0.0,0,inactive:clear,False,1791359427760475813,-62.671524187,False
1791359427842165527,,True,206,bird_eye,dry_run,none,False,False,0.0,0.0,0,inactive:clear,False,1791359427802092163,-62.629907837,False
1791359427868322836,,True,207,bird_eye,dry_run,none,False,False,0.0,0.0,0,inactive:clear,False,1791359427827303873,-62.604696127,False
1791359427900266338,,True,208,bird_eye,dry_run,none,False,False,0.0,0.0,0,inactive:clear,False,1791359427859309366,-62.572690634,False
1791359427935087678,,True,209,bird_eye,dry_run,none,False,False,0.0,0.0,0,inactive:clear,False,1791359427894442945,-62.537557055,False
1791359427969818380,,True,210,bird_eye,dry_run,none,False,False,0.0,0.0,0,inactive:clear,False,1791359427929917712,-62.502082288,False
1791359428003214917,,True,211,bird_eye,dry_run,none,False,False,0.0,0.0,0,inactive:clear,False,1791359427962869118,-62.469130882,False
1791359428033706834,,True,212,bird_eye,dry_run,none,False,False,0.0,0.0,0,inactive:clear,False,1791359427993761242,-62.438238758,False
1791359428071174640,,True,213,bird_eye,dry_run,none,False,False,0.0,0.0,0,inactive:clear,False,1791359428030061918,-62.401938082,False
1791359428099368304,,True,214,bird_eye,dry_run,none,False,False,0.0,0.0,0,inactive:clear,False,1791359428058324374,-62.373675626,False
1791359428132062394,,True,215,bird_eye,dry_run,none,False,False,0.0,0.0,0,inactive:clear,False,1791359428091145489,-62.340854511,False
1791359428172282173,,True,216,bird_eye,dry_run,none,False,False,0.0,0.0,0,inactive:clear,False,1791359428133404204,-62.298595796,False
1791359428204517335,,True,217,bird_eye,dry_run,none,False,False,0.0,0.0,0,inactive:clear,False,1791359428163416620,-62.26858338,False
1791359428232778514,,True,218,bird_eye,dry_run,none,False,False,0.0,0.0,0,inactive:clear,False,1791359428191812053,-62.240187947,False
1791359428269272290,,True,219,bird_eye,dry_run,none,False,False,0.0,0.0,0,inactive:clear,False,1791359428228561818,-62.203438182,False
1791359428304936850,,True,220,bird_eye,dry_run,none,False,False,0.0,0.0,0,inactive:clear,False,1791359428263748531,-62.168251469,False
1791359428337349928,,True,221,bird_eye,dry_run,none,False,False,0.0,0.0,0,inactive:clear,False,1791359428296704190,-62.13529581,False
1791359428368409584,,True,222,bird_eye,dry_run,none,False,False,0.0,0.0,0,inactive:clear,False,1791359428327230839,-62.104769161,False
1791359428407735765,,True,223,bird_eye,dry_run,none,False,False,0.0,0.0,0,inactive:clear,False,1791359428366759673,-62.065240327,False
1791359428437872020,,True,224,bird_eye,dry_run,none,False,False,0.0,0.0,0,inactive:clear,False,1791359428396567057,-62.035432943,False
1791359428474789504,,True,225,bird_eye,dry_run,none,False,False,0.0,0.0,0,inactive:clear,False,1791359428433638730,-61.99836127,False
1791359428508923187,,True,226,bird_eye,dry_run,none,False,False,0.0,0.0,0,inactive:clear,False,1791359428470802782,-61.961197218,False
1791359428533635381,,True,227,bird_eye,dry_run,none,False,False,0.0,0.0,0,inactive:clear,False,1791359428493622764,-61.938377236,False
1791359428567844180,,True,228,bird_eye,dry_run,none,False,False,0.0,0.0,0,inactive:clear,False,1791359428526721466,-61.905278534,False
1791359428603801269,,True,229,bird_eye,dry_run,none,False,False,0.0,0.0,0,inactive:clear,False,1791359428563730530,-61.86826947,False
1791359428636679331,,True,230,bird_eye,dry_run,none,False,False,0.0,0.0,0,inactive:clear,False,1791359428596113455,-61.835886545,False
1791359428665937291,,True,231,bird_eye,dry_run,none,False,False,0.0,0.0,0,inactive:clear,False,1791359428626993762,-61.805006238,False
1791359428707910818,,True,232,bird_eye,dry_run,none,False,False,0.0,0.0,0,inactive:clear,False,1791359428667498268,-61.764501732,False
1791359428731894206,,True,233,bird_eye,dry_run,none,False,False,0.0,0.0,0,inactive:clear,False,1791359428690935228,-61.741064772,False
1791359428767598511,,True,234,bird_eye,dry_run,none,False,False,0.0,0.0,0,inactive:clear,False,1791359428726623409,-61.705376591,False
1791359428807783941,,True,235,bird_eye,dry_run,none,False,False,0.0,0.0,0,inactive:clear,False,1791359428768684426,-61.663315574,False
1791359428833734018,,True,236,bird_eye,dry_run,none,False,False,0.0,0.0,0,inactive:clear,False,1791359428793370720,-61.63862928,False
1791359428873178804,,True,237,bird_eye,dry_run,none,False,False,0.0,0.0,0,inactive:clear,False,1791359428832403862,-61.599596138,False
1791359428898587044,,True,238,bird_eye,dry_run,none,False,False,0.0,0.0,0,inactive:clear,False,1791359428857661790,-61.57433821,False
1791359428945826479,,True,239,bird_eye,dry_run,none,False,False,0.0,0.0,0,inactive:clear,False,1791359428904729449,-61.527270551,False
1791359429001256396,,True,241,bird_eye,dry_run,none,False,False,0.0,0.0,0,inactive:clear,False,1791359428960460587,-61.471539413,False
1791359429044124871,,True,242,bird_eye,dry_run,none,False,False,0.0,0.0,0,inactive:clear,False,1791359429003044555,-61.428955445,False
1791359429072787143,,True,243,bird_eye,dry_run,none,False,False,0.0,0.0,0,inactive:clear,False,1791359429031809081,-61.400190919,False
1791359429103587836,,True,244,bird_eye,dry_run,none,False,False,0.0,0.0,0,inactive:clear,False,1791359429062475225,-61.369524775,False
1791359429132746281,,True,245,bird_eye,dry_run,none,False,False,0.0,0.0,0,inactive:clear,False,1791359429098091890,-61.33390811,False
1791359429166238446,,True,246,bird_eye,dry_run,none,False,False,0.0,0.0,0,inactive:clear,False,1791359429129463640,-61.30253636,False
1791359429199921389,,True,247,bird_eye,dry_run,none,False,False,0.0,0.0,0,inactive:clear,False,1791359429158852515,-61.273147485,False
1791359429233059376,,True,248,bird_eye,dry_run,none,False,False,0.0,0.0,0,inactive:clear,False,1791359429191966062,-61.240033938,False
1791359429266486971,,True,249,bird_eye,dry_run,none,False,False,0.0,0.0,0,inactive:clear,False,1791359429225909844,-61.206090156,False
1791359429303337169,,True,250,bird_eye,dry_run,none,False,False,0.0,0.0,0,inactive:clear,False,1791359429262395338,-61.169604662,False
1791359429334642998,,True,251,bird_eye,dry_run,none,False,False,0.0,0.0,0,inactive:clear,False,1791359429293519650,-61.13848035,False
1791359429369176572,,True,252,bird_eye,dry_run,none,False,False,0.0,0.0,0,inactive:clear,False,1791359429328774458,-61.103225542,False
1791359429397387209,,True,253,bird_eye,dry_run,none,False,False,0.0,0.0,0,inactive:clear,False,1791359429356188076,-61.075811924,False
1791359429441716861,,True,254,bird_eye,dry_run,none,False,False,0.0,0.0,0,inactive:clear,False,1791359429400503588,-61.031496412,False
1791359429475854648,,True,255,bird_eye,dry_run,none,False,False,0.0,0.0,0,inactive:clear,False,1791359429434691264,-60.997308736,False
1791359429497648454,,True,256,bird_eye,dry_run,none,False,False,0.0,0.0,0,inactive:clear,False,1791359429456441412,-60.975558588,False
1791359429533617798,,True,257,bird_eye,dry_run,none,False,False,0.0,0.0,0,inactive:clear,False,1791359429493226055,-60.938773945,False
1791359429564215431,,True,258,bird_eye,dry_run,none,False,False,0.0,0.0,0,inactive:clear,False,1791359429523241684,-60.908758316,False
1791359429608255715,,True,259,bird_eye,dry_run,none,False,False,0.0,0.0,0,inactive:clear,False,1791359429567333779,-60.864666221,False
1791359429631829682,,True,260,bird_eye,dry_run,none,False,False,0.0,0.0,0,inactive:clear,False,1791359429590744117,-60.841255883,False
1791359429665197214,,True,261,bird_eye,dry_run,none,False,False,0.0,0.0,0,inactive:clear,False,1791359429625135823,-60.806864177,False
1791359429709142430,,True,262,bird_eye,dry_run,none,False,False,0.0,0.0,0,inactive:clear,False,1791359429668064020,-60.76393598,False
1791359429729729873,,True,263,bird_eye,dry_run,none,False,False,0.0,0.0,0,inactive:clear,False,1791359429688570165,-60.743429835,False
1791359429765119863,,True,264,bird_eye,dry_run,none,False,False,0.0,0.0,0,inactive:clear,False,1791359429725843657,-60.706156343,False
1791359429804447780,,True,265,bird_eye,dry_run,none,False,False,0.0,0.0,0,inactive:clear,False,1791359429763569840,-60.66843016,False
1791359429830266293,,True,266,bird_eye,dry_run,none,False,False,0.0,0.0,0,inactive:clear,False,1791359429789337281,-60.642662719,False
1791359429868799451,,True,267,bird_eye,dry_run,none,False,False,0.0,0.0,0,inactive:clear,False,1791359429829188068,-60.602811932,False
1791359429900605737,,True,268,bird_eye,dry_run,none,False,False,0.0,0.0,0,inactive:clear,False,1791359429859379603,-60.572620397,False
1791359429932967115,,True,269,bird_eye,dry_run,none,False,False,0.0,0.0,0,inactive:clear,False,1791359429892273388,-60.539726612,False
1791359429965947220,,True,270,bird_eye,dry_run,none,False,False,0.0,0.0,0,inactive:clear,False,1791359429925095878,-60.506904122,False
1791359429999927588,,True,271,bird_eye,dry_run,none,False,False,0.0,0.0,0,inactive:clear,False,1791359429958836343,-60.473163657,False
1791359430034420087,,True,272,bird_eye,dry_run,none,False,False,0.0,0.0,0,inactive:clear,False,1791359429993714135,-60.438285865,False
1791359430078530335,,True,273,bird_eye,dry_run,none,False,False,0.0,0.0,0,inactive:clear,False,1791359430038366570,-60.39363343,False
1791359430098417472,,True,274,bird_eye,dry_run,none,False,False,0.0,0.0,0,inactive:clear,False,1791359430057488939,-60.374511061,False
1791359430138737133,,True,275,bird_eye,dry_run,none,False,False,0.0,0.0,0,inactive:clear,False,1791359430097713108,-60.334286892,False
1791359430168056672,,True,276,bird_eye,dry_run,none,False,False,0.0,0.0,0,inactive:clear,False,1791359430128230269,-60.303769731,False
1791359430200149423,,True,277,bird_eye,dry_run,none,False,False,0.0,0.0,0,inactive:clear,False,1791359430159440067,-60.272559933,False
1791359430234599927,,True,278,bird_eye,dry_run,none,False,False,0.0,0.0,0,inactive:clear,False,1791359430194764145,-60.237235855,False
1791359430274682656,,True,279,bird_eye,dry_run,none,False,False,0.0,0.0,0,inactive:clear,False,1791359430234036029,-60.197963971,False
1791359430300958143,,True,280,bird_eye,dry_run,none,False,False,0.0,0.0,0,inactive:clear,False,1791359430259836164,-60.172163836,False
1791359430335962727,,True,281,bird_eye,dry_run,none,False,False,0.0,0.0,0,inactive:clear,False,1791359430295491822,-60.136508178,False
1791359430366578349,,True,282,bird_eye,dry_run,none,False,False,0.0,0.0,0,inactive:clear,False,1791359430325513001,-60.106486999,False
1791359430402425747,,True,283,bird_eye,dry_run,none,False,False,0.0,0.0,0,inactive:clear,False,1791359430362300172,-60.069699828,False
1791359430444325524,,True,284,bird_eye,dry_run,none,False,False,0.0,0.0,0,inactive:clear,False,1791359430403540856,-60.028459144,False
1791359430463997382,,True,285,bird_eye,dry_run,none,False,False,0.0,0.0,0,inactive:clear,False,1791359430422837579,-60.009162421,False
1791359430504403112,,True,286,bird_eye,dry_run,none,False,False,0.0,0.0,0,inactive:clear,False,1791359430464569256,-59.967430744,False
1791359430530155301,,True,287,bird_eye,dry_run,none,False,False,0.0,0.0,0,inactive:clear,False,1791359430488916442,-59.943083558,False
1791359430571113644,,True,288,bird_eye,dry_run,none,False,False,0.0,0.0,0,inactive:clear,False,1791359430532326483,-59.899673517,False
1791359430608909019,,True,289,bird_eye,dry_run,none,False,False,0.0,0.0,0,inactive:clear,False,1791359430573698128,-59.858301872,False
1791359430632524711,,True,290,bird_eye,dry_run,none,False,False,0.0,0.0,0,inactive:clear,False,1791359430591874942,-59.840125058,False
1791359430668648461,,True,291,bird_eye,dry_run,none,False,False,0.0,0.0,0,inactive:clear,False,1791359430628258186,-59.803741814,False
1791359430712603916,,True,292,bird_eye,dry_run,none,False,False,0.0,0.0,0,inactive:clear,False,1791359430676305143,-59.755694857,False
1791359430734873035,,True,293,bird_eye,dry_run,none,False,False,0.0,0.0,0,inactive:clear,False,1791359430694642044,-59.737357956,False
1791359430774505501,,True,294,bird_eye,dry_run,none,False,False,0.0,0.0,0,inactive:clear,False,1791359430736467778,-59.695532222,False
1791359430798603949,,True,295,bird_eye,dry_run,none,False,False,0.0,0.0,0,inactive:clear,False,1791359430757385291,-59.674614709,False
1791359430832756823,,True,296,bird_eye,dry_run,none,False,False,0.0,0.0,0,inactive:clear,False,1791359430791573332,-59.640426668,False
1791359430869509466,,True,297,bird_eye,dry_run,none,False,False,0.0,0.0,0,inactive:clear,False,1791359430828448925,-59.603551075,False
1791359430916073420,,True,298,bird_eye,dry_run,none,False,False,0.0,0.0,0,inactive:clear,False,1791359430875356906,-59.556643094,False
1791359430938305026,,True,299,bird_eye,dry_run,none,False,False,0.0,0.0,0,inactive:clear,False,1791359430897320725,-59.534679275,False
1791359430966152579,,True,300,bird_eye,dry_run,none,False,False,0.0,0.0,0,inactive:clear,False,1791359430926040656,-59.505959344,False
1791359430998447949,,True,301,bird_eye,dry_run,none,False,False,0.0,0.0,0,inactive:clear,False,1791359430957362632,-59.474637368,False
1791359431034945256,,True,302,bird_eye,dry_run,none,False,False,0.0,0.0,0,inactive:clear,False,1791359430993738022,-59.438261978,False
1791359431069886387,,True,303,bird_eye,dry_run,none,False,False,0.0,0.0,0,inactive:clear,False,1791359431029329057,-59.402670943,False
1791359431107185315,,True,304,bird_eye,dry_run,none,False,False,0.0,0.0,0,inactive:clear,False,1791359431067700930,-59.36429907,False
1791359431130368850,,True,305,bird_eye,dry_run,none,False,False,0.0,0.0,0,inactive:clear,False,1791359431089106499,-59.342893501,False
1791359431173736218,,True,306,bird_eye,dry_run,none,False,False,0.0,0.0,0,inactive:clear,False,1791359431132881149,-59.299118851,False
1791359431204858236,,True,307,bird_eye,dry_run,none,False,False,0.0,0.0,0,inactive:clear,False,1791359431163920496,-59.268079504,False
1791359431239329099,,True,308,bird_eye,dry_run,none,False,False,0.0,0.0,0,inactive:clear,False,1791359431199272014,-59.232727986,False
1791359431270569070,,True,309,bird_eye,dry_run,none,False,False,0.0,0.0,0,inactive:clear,False,1791359431230024677,-59.201975323,False
1791359431301320656,,True,310,bird_eye,dry_run,none,False,False,0.0,0.0,0,inactive:clear,False,1791359431260101410,-59.17189859,False
1791359431332309349,,True,311,bird_eye,dry_run,none,False,False,0.0,0.0,0,inactive:clear,False,1791359431291233806,-59.140766194,False
1791359431368120647,,True,312,bird_eye,dry_run,none,False,False,0.0,0.0,0,inactive:clear,False,1791359431327024281,-59.104975719,False
1791359431396893055,,True,313,bird_eye,dry_run,none,False,False,0.0,0.0,0,inactive:clear,False,1791359431355742738,-59.076257262,False
1791359431431224984,,True,314,bird_eye,dry_run,none,False,False,0.0,0.0,0,inactive:clear,False,1791359431390944125,-59.041055875,False
1791359431467539918,,True,315,bird_eye,dry_run,none,False,False,0.0,0.0,0,inactive:clear,False,1791359431426422104,-59.005577896,False
1791359431508997597,,True,316,bird_eye,dry_run,none,False,False,0.0,0.0,0,inactive:clear,False,1791359431467831609,-58.964168391,False
1791359431530966376,,True,317,bird_eye,dry_run,none,False,False,0.0,0.0,0,inactive:clear,False,1791359431489895332,-58.942104668,False
1791359431574394324,,True,318,bird_eye,dry_run,none,False,False,0.0,0.0,0,inactive:clear,False,1791359431533923199,-58.898076801,False
1791359431598861378,,True,319,bird_eye,dry_run,none,False,False,0.0,0.0,0,inactive:clear,False,1791359431562815974,-58.869184026,False
1791359431633653346,,True,320,bird_eye,dry_run,none,False,False,0.0,0.0,0,inactive:clear,False,1791359431593023632,-58.838976368,False
1791359431670977328,,True,321,bird_eye,dry_run,none,False,False,0.0,0.0,0,inactive:clear,False,1791359431629972884,-58.802027116,False
1791359431699444883,,True,322,bird_eye,dry_run,none,False,False,0.0,0.0,0,inactive:clear,False,1791359431658176247,-58.773823753,False
1791359431734394234,,True,323,bird_eye,dry_run,none,False,False,0.0,0.0,0,inactive:clear,False,1791359431697660539,-58.734339461,False
1791359431767330238,,True,324,bird_eye,dry_run,none,False,False,0.0,0.0,0,inactive:clear,False,1791359431726806518,-58.705193482,False
1791359431812064522,,True,325,bird_eye,dry_run,none,False,False,0.0,0.0,0,inactive:clear,False,1791359431770903535,-58.661096465,False
1791359431835384021,,True,326,bird_eye,dry_run,none,False,False,0.0,0.0,0,inactive:clear,False,1791359431794931494,-58.637068506,False
1791359431869024384,,True,327,bird_eye,dry_run,none,False,False,0.0,0.0,0,inactive:clear,False,1791359431828002076,-58.603997924,False
1791359431903514441,,True,328,bird_eye,dry_run,none,False,False,0.0,0.0,0,inactive:clear,False,1791359431862518607,-58.569481393,False
1791359431937275282,,True,329,bird_eye,dry_run,none,False,False,0.0,0.0,0,inactive:clear,False,1791359431896184282,-58.535815718,False
1791359431968631732,,True,330,bird_eye,dry_run,none,False,False,0.0,0.0,0,inactive:clear,False,1791359431927441776,-58.504558224,False
1791359432021122511,,True,331,bird_eye,dry_run,none,False,False,0.0,0.0,0,inactive:clear,False,1791359431980538300,-58.4514617,False
1791359432039905593,,True,332,bird_eye,dry_run,none,False,False,0.0,0.0,0,inactive:clear,False,1791359432002296118,-58.429703882,False
1791359432067432775,,True,333,bird_eye,dry_run,none,False,False,0.0,0.0,0,inactive:clear,False,1791359432026278592,-58.405721408,False
1791359432112593240,,True,334,bird_eye,dry_run,none,False,False,0.0,0.0,0,inactive:clear,False,1791359432071327426,-58.360672574,False
1791359432136381609,,True,335,bird_eye,dry_run,none,False,False,0.0,0.0,0,inactive:clear,False,1791359432101339730,-58.33066027,False
1791359432167460232,,True,336,bird_eye,dry_run,none,False,False,0.0,0.0,0,inactive:clear,False,1791359432126320469,-58.305679531,False
1791359432205187817,,True,337,bird_eye,dry_run,none,False,False,0.0,0.0,0,inactive:clear,False,1791359432163848796,-58.268151204,False
1791359432231979370,,True,338,bird_eye,dry_run,none,False,False,0.0,0.0,0,inactive:clear,False,1791359432190787168,-58.241212832,False
1791359432264153732,,True,339,bird_eye,dry_run,none,False,False,0.0,0.0,0,inactive:clear,False,1791359432223010653,-58.208989347,False
1791359432299633562,,True,340,bird_eye,dry_run,none,False,False,0.0,0.0,0,inactive:clear,False,1791359432258502150,-58.17349785,False
1791359432333253753,,True,341,bird_eye,dry_run,none,False,False,0.0,0.0,0,inactive:clear,False,1791359432291990614,-58.140009386,False
1791359432364213774,,True,342,bird_eye,dry_run,none,False,False,0.0,0.0,0,inactive:clear,False,1791359432322951461,-58.109048539,False
1791359432399785615,,True,343,bird_eye,dry_run,none,False,False,0.0,0.0,0,inactive:clear,False,1791359432358415838,-58.073584162,False
1791359432432421849,,True,344,bird_eye,dry_run,none,False,False,0.0,0.0,0,inactive:clear,False,1791359432391696795,-58.040303205,False
1791359432465683702,,True,345,bird_eye,dry_run,none,False,False,0.0,0.0,0,inactive:clear,False,1791359432426375861,-58.005624139,False
1791359432501859840,,True,346,bird_eye,dry_run,none,False,False,0.0,0.0,0,inactive:clear,False,1791359432460508795,-57.971491205,False
1791359432532954164,,True,347,bird_eye,dry_run,none,False,False,0.0,0.0,0,inactive:clear,False,1791359432491809934,-57.940190066,False
1791359432569740978,,True,348,bird_eye,dry_run,none,False,False,0.0,0.0,0,inactive:clear,False,1791359432529385153,-57.902614847,False
1791359432612928682,,True,349,bird_eye,dry_run,none,False,False,0.0,0.0,0,inactive:clear,False,1791359432572604357,-57.859395643,False
1791359432635616661,,True,350,bird_eye,dry_run,none,False,False,0.0,0.0,0,inactive:clear,False,1791359432596853055,-57.835146945,False
1791359432667572526,,True,351,bird_eye,dry_run,none,False,False,0.0,0.0,0,inactive:clear,False,1791359432626424081,-57.805575919,False
1791359432700598124,,True,352,bird_eye,dry_run,none,False,False,0.0,0.0,0,inactive:clear,False,1791359432659548528,-57.772451472,False
1791359432738276061,,True,353,bird_eye,dry_run,none,False,False,0.0,0.0,0,inactive:clear,False,1791359432697190446,-57.734809554,False
1791359432764307644,,True,354,bird_eye,dry_run,none,False,False,0.0,0.0,0,inactive:clear,False,1791359432723359018,-57.708640982,False
1791359432800243302,,True,355,bird_eye,dry_run,none,False,False,0.0,0.0,0,inactive:clear,False,1791359432759120671,-57.672879329,False
1791359432847836603,,True,356,bird_eye,dry_run,none,False,False,0.0,0.0,0,inactive:clear,False,1791359432808871227,-57.623128773,False
1791359432867756231,,True,357,bird_eye,dry_run,none,False,False,0.0,0.0,0,inactive:clear,False,1791359432826524154,-57.605475846,False
1791359432904380881,,True,358,bird_eye,dry_run,none,False,False,0.0,0.0,0,inactive:clear,False,1791359432864073383,-57.567926617,False
1791359432935052289,,True,359,bird_eye,dry_run,none,False,False,0.0,0.0,0,inactive:clear,False,1791359432894028226,-57.537971774,False
1791359432966193819,,True,360,bird_eye,dry_run,none,False,False,0.0,0.0,0,inactive:clear,False,1791359432925055326,-57.506944674,False
1791359433003453983,,True,361,bird_eye,dry_run,none,False,False,0.0,0.0,0,inactive:clear,False,1791359432962594483,-57.469405517,False
1791359433039221861,,True,362,bird_eye,dry_run,none,False,False,0.0,0.0,0,inactive:clear,False,1791359432998144473,-57.433855527,False
1791359433064553571,,True,363,bird_eye,dry_run,none,False,False,0.0,0.0,0,inactive:clear,False,1791359433023477782,-57.408522218,False
1791359433099272397,,True,364,bird_eye,dry_run,none,False,False,0.0,0.0,0,inactive:clear,False,1791359433058056830,-57.37394317,False
1791359433137169321,,True,365,bird_eye,dry_run,none,False,False,0.0,0.0,0,inactive:clear,False,1791359433096024616,-57.335975384,False
1791359433166571519,,True,366,bird_eye,dry_run,none,False,False,0.0,0.0,0,inactive:clear,False,1791359433125324474,-57.306675526,False
1791359433200070184,,True,367,bird_eye,dry_run,none,False,False,0.0,0.0,0,inactive:clear,False,1791359433158975986,-57.273024014,False
1791359433240364435,,True,368,bird_eye,dry_run,none,False,False,0.0,0.0,0,inactive:clear,False,1791359433199329324,-57.232670676,False
1791359433276111300,,True,369,bird_eye,dry_run,none,False,False,0.0,0.0,0,inactive:clear,False,1791359433238935319,-57.193064681,False
1791359433303843877,,True,370,bird_eye,dry_run,none,False,False,0.0,0.0,0,inactive:clear,False,1791359433265444145,-57.166555855,False
1791359433337995588,,True,371,bird_eye,dry_run,none,False,False,0.0,0.0,0,inactive:clear,False,1791359433296948781,-57.135051219,False
1791359433372177562,,True,372,bird_eye,dry_run,none,False,False,0.0,0.0,0,inactive:clear,False,1791359433333809155,-57.098190845,False
1791359433405129916,,True,373,bird_eye,dry_run,none,False,False,0.0,0.0,0,inactive:clear,False,1791359433363923742,-57.068076258,False
1791359433438593811,,True,374,bird_eye,dry_run,none,False,False,0.0,0.0,0,inactive:clear,False,1791359433397311548,-57.034688452,False
1791359433463185031,,True,375,bird_eye,dry_run,none,False,False,0.0,0.0,0,inactive:clear,False,1791359433422122081,-57.009877919,False
1791359433502593231,,True,376,bird_eye,dry_run,none,False,False,0.0,0.0,0,inactive:clear,False,1791359433461303871,-56.970696129,False
1791359433536193892,,True,377,bird_eye,dry_run,none,False,False,0.0,0.0,0,inactive:clear,False,1791359433494910089,-56.937089911,False
1791359433567072852,,True,378,bird_eye,dry_run,none,False,False,0.0,0.0,0,inactive:clear,False,1791359433525779551,-56.906220449,False
1791359433599090197,,True,379,bird_eye,dry_run,none,False,False,0.0,0.0,0,inactive:clear,False,1791359433557759427,-56.874240573,False
1791359433634409162,,True,380,bird_eye,dry_run,none,False,False,0.0,0.0,0,inactive:clear,False,1791359433593253680,-56.83874632,False
1791359433670523547,,True,381,bird_eye,dry_run,none,False,False,0.0,0.0,0,inactive:clear,False,1791359433629334445,-56.802665555,False
1791359433701096401,,True,382,bird_eye,dry_run,none,False,False,0.0,0.0,0,inactive:clear,False,1791359433660940038,-56.771059962,False
1791359433736574067,,True,383,bird_eye,dry_run,none,False,False,0.0,0.0,0,inactive:clear,False,1791359433695245289,-56.736754711,False
1791359433770024801,,True,384,bird_eye,dry_run,none,False,False,0.0,0.0,0,inactive:clear,False,1791359433728858670,-56.70314133,False
1791359433806947308,,True,385,bird_eye,dry_run,none,False,False,0.0,0.0,0,inactive:clear,False,1791359433765845234,-56.666154766,False
1791359433832117128,,True,386,bird_eye,dry_run,none,False,False,0.0,0.0,0,inactive:clear,False,1791359433790841253,-56.641158747,False
1791359433868298116,,True,387,bird_eye,dry_run,none,False,False,0.0,0.0,0,inactive:clear,False,1791359433827113925,-56.604886075,False
1791359433901750371,,True,388,bird_eye,dry_run,none,False,False,0.0,0.0,0,inactive:clear,False,1791359433860665384,-56.571334616,False
1791359433935891501,,True,389,bird_eye,dry_run,none,False,False,0.0,0.0,0,inactive:clear,False,1791359433895515692,-56.536484308,False
1791359433969993971,,True,390,bird_eye,dry_run,none,False,False,0.0,0.0,0,inactive:clear,False,1791359433928979234,-56.503020766,False
1791359433999554211,,True,391,bird_eye,dry_run,none,False,False,0.0,0.0,0,inactive:clear,False,1791359433958263864,-56.473736136,False
1791359434034590699,,True,392,bird_eye,dry_run,none,False,False,0.0,0.0,0,inactive:clear,False,1791359433993822979,-56.438177021,False
1791359434068595614,,True,393,bird_eye,dry_run,none,False,False,0.0,0.0,0,inactive:clear,False,1791359434027380004,-56.404619996,False
1791359434101890245,,True,394,bird_eye,dry_run,none,False,False,0.0,0.0,0,inactive:clear,False,1791359434060668512,-56.371331488,False
1791359434133048974,,True,395,bird_eye,dry_run,none,False,False,0.0,0.0,0,inactive:clear,False,1791359434091771036,-56.340228964,False
1791359434168413039,,True,396,bird_eye,dry_run,none,False,False,0.0,0.0,0,inactive:clear,False,1791359434127207054,-56.304792946,False
1791359434202443053,,True,397,bird_eye,dry_run,none,False,False,0.0,0.0,0,inactive:clear,False,1791359434161737849,-56.270262151,False
1791359434237078981,,True,398,bird_eye,dry_run,none,False,False,0.0,0.0,0,inactive:clear,False,1791359434196590603,-56.235409397,False
1791359434264848822,,True,399,bird_eye,dry_run,none,False,False,0.0,0.0,0,inactive:clear,False,1791359434225643651,-56.206356349,False
1791359434303172312,,True,400,bird_eye,dry_run,none,False,False,0.0,0.0,0,inactive:clear,False,1791359434261836737,-56.170163263,False
1791359434333866899,,True,401,bird_eye,dry_run,none,False,False,0.0,0.0,0,inactive:clear,False,1791359434294512216,-56.137487784,False
1791359434367931255,,True,402,bird_eye,dry_run,none,False,False,0.0,0.0,0,inactive:clear,False,1791359434326622036,-56.105377964,False
1791359434402522156,,True,403,bird_eye,dry_run,none,False,False,0.0,0.0,0,inactive:clear,False,1791359434361186887,-56.070813113,False
1791359434434867930,,True,404,bird_eye,dry_run,none,False,False,0.0,0.0,0,inactive:clear,False,1791359434395866063,-56.036133937,False
1791359434468590197,,True,405,bird_eye,dry_run,none,False,False,0.0,0.0,0,inactive:clear,False,1791359434429831517,-56.002168483,False
1791359434500605131,,True,406,bird_eye,dry_run,none,False,False,0.0,0.0,0,inactive:clear,False,1791359434459537460,-55.97246254,False
1791359434533325032,,True,407,bird_eye,dry_run,none,False,False,0.0,0.0,0,inactive:clear,False,1791359434496009435,-55.935990565,False
1791359434566486526,,True,408,bird_eye,dry_run,none,False,False,0.0,0.0,0,inactive:clear,False,1791359434525356145,-55.906643855,False
1791359434602596191,,True,409,bird_eye,dry_run,none,False,False,0.0,0.0,0,inactive:clear,False,1791359434561661587,-55.870338413,False
1791359434632902636,,True,410,bird_eye,dry_run,none,False,False,0.0,0.0,0,inactive:clear,False,1791359434591615686,-55.840384314,False
1791359434669041766,,True,411,bird_eye,dry_run,none,False,False,0.0,0.0,0,inactive:clear,False,1791359434627822002,-55.804177998,False
1791359434702191640,,True,412,bird_eye,dry_run,none,False,False,0.0,0.0,0,inactive:clear,False,1791359434663156163,-55.768843837,False
1791359434737416846,,True,413,bird_eye,dry_run,none,False,False,0.0,0.0,0,inactive:clear,False,1791359434696397283,-55.735602717,False
1791359434767594431,,True,414,bird_eye,dry_run,none,False,False,0.0,0.0,0,inactive:clear,False,1791359434727442362,-55.704557638,False
1791359434804321623,,True,415,bird_eye,dry_run,none,False,False,0.0,0.0,0,inactive:clear,False,1791359434763550949,-55.668449051,False
1791359434835745088,,True,416,bird_eye,dry_run,none,False,False,0.0,0.0,0,inactive:clear,False,1791359434796560892,-55.635439108,False
1791359434865437815,,True,417,bird_eye,dry_run,none,False,False,0.0,0.0,0,inactive:clear,False,1791359434824193543,-55.607806457,False
1791359434907813669,,True,418,bird_eye,dry_run,none,False,False,0.0,0.0,0,inactive:clear,False,1791359434866944356,-55.565055644,False
1791359434932655317,,True,419,bird_eye,dry_run,none,False,False,0.0,0.0,0,inactive:clear,False,1791359434891364489,-55.540635511,False
1791359434968111885,,True,420,bird_eye,dry_run,none,False,False,0.0,0.0,0,inactive:clear,False,1791359434926909080,-55.50509092,False
1791359435001109676,,True,421,bird_eye,dry_run,none,False,False,0.0,0.0,0,inactive:clear,False,1791359434960340288,-55.471659712,False
1791359435033830061,,True,422,bird_eye,dry_run,none,False,False,0.0,0.0,0,inactive:clear,False,1791359434992567563,-55.439432437,False
1791359435066062717,,True,423,bird_eye,dry_run,none,False,False,0.0,0.0,0,inactive:clear,False,1791359435025144576,-55.406855424,False
1791359435100625086,,True,424,bird_eye,dry_run,none,False,False,0.0,0.0,0,inactive:clear,False,1791359435060253008,-55.371746992,False
1791359435136364088,,True,425,bird_eye,dry_run,none,False,False,0.0,0.0,0,inactive:clear,False,1791359435095060143,-55.336939857,False
1791359435170322875,,True,426,bird_eye,dry_run,none,False,False,0.0,0.0,0,inactive:clear,False,1791359435129104467,-55.302895533,False
1791359435201922496,,True,427,bird_eye,dry_run,none,False,False,0.0,0.0,0,inactive:clear,False,1791359435160755557,-55.271244443,False
1791359435233609157,,True,428,bird_eye,dry_run,none,False,False,0.0,0.0,0,inactive:clear,False,1791359435192432802,-55.239567198,False
1791359435271755263,,True,429,bird_eye,dry_run,none,False,False,0.0,0.0,0,inactive:clear,False,1791359435230607707,-55.201392293,False
1791359435302174794,,True,430,bird_eye,dry_run,none,False,False,0.0,0.0,0,inactive:clear,False,1791359435261996987,-55.170003013,False
1791359435333217798,,True,431,bird_eye,dry_run,none,False,False,0.0,0.0,0,inactive:clear,False,1791359435291985769,-55.140014231,False
1791359435368940771,,True,432,bird_eye,dry_run,none,False,False,0.0,0.0,0,inactive:clear,False,1791359435327750038,-55.104249962,False
1791359435400783964,,True,433,bird_eye,dry_run,none,False,False,0.0,0.0,0,inactive:clear,False,1791359435359570157,-55.072429843,False
1791359435434837461,,True,434,bird_eye,dry_run,none,False,False,0.0,0.0,0,inactive:clear,False,1791359435393441441,-55.038558559,False
1791359435469833474,,True,435,bird_eye,dry_run,none,False,False,0.0,0.0,0,inactive:clear,False,1791359435430390035,-55.001609965,False
1791359435499734994,,True,436,bird_eye,dry_run,none,False,False,0.0,0.0,0,inactive:clear,False,1791359435459970319,-54.972029681,False
1791359435537244517,,True,437,bird_eye,dry_run,none,False,False,0.0,0.0,0,inactive:clear,False,1791359435496181892,-54.935818108,False
1791359435567739368,,True,438,bird_eye,dry_run,none,False,False,0.0,0.0,0,inactive:clear,False,1791359435526895860,-54.90510414,False
1791359435601942259,,True,439,bird_eye,dry_run,none,False,False,0.0,0.0,0,inactive:clear,False,1791359435561121874,-54.870878126,False
1791359435633510604,,True,440,bird_eye,dry_run,none,False,False,0.0,0.0,0,inactive:clear,False,1791359435592569933,-54.839430067,False
1791359435668626553,,True,441,bird_eye,dry_run,none,False,False,0.0,0.0,0,inactive:clear,False,1791359435627509437,-54.804490563,False
1791359435702291479,,True,442,bird_eye,dry_run,none,False,False,0.0,0.0,0,inactive:clear,False,1791359435661175841,-54.770824159,False
1791359435737905393,,True,443,bird_eye,dry_run,none,False,False,0.0,0.0,0,inactive:clear,False,1791359435697541001,-54.734458999,False
1791359435772055598,,True,444,bird_eye,dry_run,none,False,False,0.0,0.0,0,inactive:clear,False,1791359435730735587,-54.701264413,False
1791359435806530769,,True,445,bird_eye,dry_run,none,False,False,0.0,0.0,0,inactive:clear,False,1791359435766479358,-54.665520642,False
1791359435834588686,,True,446,bird_eye,dry_run,none,False,False,0.0,0.0,0,inactive:clear,False,1791359435796256550,-54.63574345,False
1791359435874335479,,True,447,bird_eye,dry_run,none,False,False,0.0,0.0,0,inactive:clear,False,1791359435833870716,-54.598129284,False
1791359435903241774,,True,448,bird_eye,dry_run,none,False,False,0.0,0.0,0,inactive:clear,False,1791359435862296119,-54.569703881,False
1791359435943439578,,True,449,bird_eye,dry_run,none,False,False,0.0,0.0,0,inactive:clear,False,1791359435902289047,-54.529710953,False
1791359435970085444,,True,450,bird_eye,dry_run,none,False,False,0.0,0.0,0,inactive:clear,False,1791359435929765363,-54.502234637,False
1791359435999076226,,True,451,bird_eye,dry_run,none,False,False,0.0,0.0,0,inactive:clear,False,1791359435957996468,-54.474003532,False
1791359436034334784,,True,452,bird_eye,dry_run,none,False,False,0.0,0.0,0,inactive:clear,False,1791359435993547012,-54.438452988,False
1791359436067613243,,True,453,bird_eye,dry_run,none,False,False,0.0,0.0,0,inactive:clear,False,1791359436026591327,-54.405408673,False
1791359436098540777,,True,454,bird_eye,dry_run,none,False,False,0.0,0.0,0,inactive:clear,False,1791359436058918612,-54.373081388,False
1791359436140697624,,True,455,bird_eye,dry_run,none,False,False,0.0,0.0,0,inactive:clear,False,1791359436099359439,-54.332640561,False
1791359436168785728,,True,456,bird_eye,dry_run,none,False,False,0.0,0.0,0,inactive:clear,False,1791359436127513850,-54.30448615,False
1791359436200130188,,True,457,bird_eye,dry_run,none,False,False,0.0,0.0,0,inactive:clear,False,1791359436158949795,-54.273050205,False
1791359436238455681,,True,458,bird_eye,dry_run,none,False,False,0.0,0.0,0,inactive:clear,False,1791359436197393372,-54.234606628,False
1791359436267874273,,True,459,bird_eye,dry_run,none,False,False,0.0,0.0,0,inactive:clear,False,1791359436227072004,-54.204927996,False
1791359436308771770,,True,460,bird_eye,dry_run,none,False,False,0.0,0.0,0,inactive:clear,False,1791359436267962322,-54.164037678,False
1791359436334012925,,True,461,bird_eye,dry_run,none,False,False,0.0,0.0,0,inactive:clear,False,1791359436297609729,-54.134390271,False
1791359436367819424,,True,462,bird_eye,dry_run,none,False,False,0.0,0.0,0,inactive:clear,False,1791359436326987849,-54.105012151,False
1791359436402176742,,True,463,bird_eye,dry_run,none,False,False,0.0,0.0,0,inactive:clear,False,1791359436361031350,-54.07096865,False
1791359436436546713,,True,464,bird_eye,dry_run,none,False,False,0.0,0.0,0,inactive:clear,False,1791359436400805970,-54.03119403,False
1791359436466499753,,True,465,bird_eye,dry_run,none,False,False,0.0,0.0,0,inactive:clear,False,1791359436425205985,-54.006794015,False
1791359436501456896,,True,466,bird_eye,dry_run,none,False,False,0.0,0.0,0,inactive:clear,False,1791359436460245116,-53.971754884,False
1791359436534630518,,True,467,bird_eye,dry_run,none,False,False,0.0,0.0,0,inactive:clear,False,1791359436494716893,-53.937283107,False
1791359436566504069,,True,468,bird_eye,dry_run,none,False,False,0.0,0.0,0,inactive:clear,False,1791359436525412443,-53.906587557,False
1791359436600994712,,True,469,bird_eye,dry_run,none,False,False,0.0,0.0,0,inactive:clear,False,1791359436559875377,-53.872124623,False
1791359436633892457,,True,470,bird_eye,dry_run,none,False,False,0.0,0.0,0,inactive:clear,False,1791359436592935728,-53.839064272,False
1791359436669278409,,True,471,bird_eye,dry_run,none,False,False,0.0,0.0,0,inactive:clear,False,1791359436628205736,-53.803794264,False
1791359436699794028,,True,472,bird_eye,dry_run,none,False,False,0.0,0.0,0,inactive:clear,False,1791359436659121889,-53.772878111,False
1791359436734628137,,True,473,bird_eye,dry_run,none,False,False,0.0,0.0,0,inactive:clear,False,1791359436694739060,-53.73726094,False
1791359436771446382,,True,474,bird_eye,dry_run,none,False,False,0.0,0.0,0,inactive:clear,False,1791359436730650634,-53.701349366,False
1791359436799472668,,True,475,bird_eye,dry_run,none,False,False,0.0,0.0,0,inactive:clear,False,1791359436758724326,-53.673275674,False
1791359436833301185,,True,476,bird_eye,dry_run,none,False,False,0.0,0.0,0,inactive:clear,False,1791359436792099029,-53.639900971,False
1791359436867717305,,True,477,bird_eye,dry_run,none,False,False,0.0,0.0,0,inactive:clear,False,1791359436826486914,-53.605513086,False
1791359436904344122,,True,478,bird_eye,dry_run,none,False,False,0.0,0.0,0,inactive:clear,False,1791359436863255978,-53.568744022,False
1791359436934509751,,True,479,bird_eye,dry_run,none,False,False,0.0,0.0,0,inactive:clear,False,1791359436893889212,-53.538110788,False
1791359436970173025,,True,480,bird_eye,dry_run,none,False,False,0.0,0.0,0,inactive:clear,False,1791359436929054420,-53.50294558,False
1791359437004561352,,True,481,bird_eye,dry_run,none,False,False,0.0,0.0,0,inactive:clear,False,1791359436963503898,-53.468496102,False
1791359437047127946,,True,482,bird_eye,dry_run,none,False,False,0.0,0.0,0,inactive:clear,False,1791359437007249832,-53.424750168,False
1791359437084765045,,True,483,bird_eye,dry_run,none,False,False,0.0,0.0,0,inactive:clear,False,1791359437043562687,-53.388437313,False
1791359437128451090,,True,484,bird_eye,dry_run,none,False,False,0.0,0.0,0,inactive:clear,False,1791359437088076466,-53.343923534,False
1791359437147670308,,True,485,bird_eye,dry_run,none,False,False,0.0,0.0,0,inactive:clear,False,1791359437106342722,-53.325657278,False
1791359437176403975,,True,486,bird_eye,dry_run,none,False,False,0.0,0.0,0,inactive:clear,False,1791359437135203559,-53.296796441,False
1791359437212272261,,True,487,bird_eye,dry_run,none,False,False,0.0,0.0,0,inactive:clear,False,1791359437170993682,-53.261006318,False
1791359437240852317,,True,488,bird_eye,dry_run,none,False,False,0.0,0.0,0,inactive:clear,False,1791359437200063921,-53.231936079,False
1791359437272648765,,True,489,bird_eye,dry_run,none,False,False,0.0,0.0,0,inactive:clear,False,1791359437231582901,-53.200417099,False
1791359437307252109,,True,490,bird_eye,dry_run,none,False,False,0.0,0.0,0,inactive:clear,False,1791359437267196927,-53.164803073,False
1791359437339927865,,True,491,bird_eye,dry_run,none,False,False,0.0,0.0,0,inactive:clear,False,1791359437298896555,-53.133103445,False
1791359437368531867,,True,492,bird_eye,dry_run,none,False,False,0.0,0.0,0,inactive:clear,False,1791359437327382904,-53.104617096,False
1791359437407800134,,True,493,bird_eye,dry_run,none,False,False,0.0,0.0,0,inactive:clear,False,1791359437368897273,-53.063102727,False
1791359437441644415,,True,494,bird_eye,dry_run,none,False,False,0.0,0.0,0,inactive:clear,False,1791359437405010319,-53.026989681,False
1791359437468357990,,True,495,bird_eye,dry_run,none,False,False,0.0,0.0,0,inactive:clear,False,1791359437427411026,-53.004588974,False
1791359437504722977,,True,496,bird_eye,dry_run,none,False,False,0.0,0.0,0,inactive:clear,False,1791359437465112758,-52.966887242,False
1791359437543795193,,True,497,bird_eye,dry_run,none,False,False,0.0,0.0,0,inactive:clear,False,1791359437502787857,-52.929212143,False
1791359437573169786,,True,498,bird_eye,dry_run,none,False,False,0.0,0.0,0,inactive:clear,False,1791359437532364051,-52.899635949,False
1791359437602172849,,True,499,bird_eye,dry_run,none,False,False,0.0,0.0,0,inactive:clear,False,1791359437561197908,-52.870802092,False
1791359437642445667,,True,500,bird_eye,dry_run,none,False,False,0.0,0.0,0,inactive:clear,False,1791359437602266592,-52.829733408,False
1791359437674708547,,True,501,bird_eye,dry_run,none,False,False,0.0,0.0,0,inactive:clear,False,1791359437635028860,-52.79697114,False
1791359437699728692,,True,502,bird_eye,dry_run,none,False,False,0.0,0.0,0,inactive:clear,False,1791359437658489506,-52.773510494,False
1791359437734638062,,True,503,bird_eye,dry_run,none,False,False,0.0,0.0,0,inactive:clear,False,1791359437693263969,-52.738736031,False
1791359437768685170,,True,504,bird_eye,dry_run,none,False,False,0.0,0.0,0,inactive:clear,False,1791359437728016311,-52.703983689,False
1791359437808554939,,True,505,bird_eye,dry_run,none,False,False,0.0,0.0,0,inactive:clear,False,1791359437768894251,-52.663105749,False
1791359437833349203,,True,506,bird_eye,dry_run,none,False,False,0.0,0.0,0,inactive:clear,False,1791359437792191463,-52.639808537,False
1791359437874584941,,True,507,bird_eye,dry_run,none,False,False,0.0,0.0,0,inactive:clear,False,1791359437834816637,-52.597183363,False
1791359437899084045,,True,508,bird_eye,dry_run,none,False,False,0.0,0.0,0,inactive:clear,False,1791359437857975927,-52.574024073,False
1791359437944569316,,True,509,bird_eye,dry_run,none,False,False,0.0,0.0,0,inactive:clear,False,1791359437903373608,-52.528626392,False
1791359437967522444,,True,510,bird_eye,dry_run,none,False,False,0.0,0.0,0,inactive:clear,False,1791359437928134907,-52.503865093,False
1791359437999609136,,True,511,bird_eye,dry_run,none,False,False,0.0,0.0,0,inactive:clear,False,1791359437958334482,-52.473665518,False
1791359438036016294,,True,512,bird_eye,dry_run,none,False,False,0.0,0.0,0,inactive:clear,False,1791359437995025941,-52.436974059,False
1791359438067746749,,True,513,bird_eye,dry_run,none,False,False,0.0,0.0,0,inactive:clear,False,1791359438027569798,-52.404430202,False
1791359438105720023,,True,514,bird_eye,dry_run,none,False,False,0.0,0.0,0,inactive:clear,False,1791359438064885220,-52.36711478,False
1791359438139513926,,True,515,bird_eye,dry_run,none,False,False,0.0,0.0,0,inactive:clear,False,1791359438099251013,-52.332748987,False
1791359438165269205,,True,516,bird_eye,dry_run,none,False,False,0.0,0.0,0,inactive:clear,False,1791359438123984275,-52.308015725,False
1791359438214736076,,True,517,bird_eye,dry_run,none,False,False,0.0,0.0,0,inactive:clear,False,1791359438173496868,-52.258503132,False
1791359438238477700,,True,518,bird_eye,dry_run,none,False,False,0.0,0.0,0,inactive:clear,False,1791359438197642891,-52.234357109,False
1791359438277727412,,True,519,bird_eye,dry_run,none,False,False,0.0,0.0,0,inactive:clear,False,1791359438236934042,-52.195065958,False
1791359438303931311,,True,520,bird_eye,dry_run,none,False,False,0.0,0.0,0,inactive:clear,False,1791359438263526002,-52.168473998,False
1791359438340587616,,True,521,bird_eye,dry_run,none,False,False,0.0,0.0,0,inactive:clear,False,1791359438299977166,-52.132022834,False
1791359438367779213,,True,522,bird_eye,dry_run,none,False,False,0.0,0.0,0,inactive:clear,False,1791359438327003983,-52.104996017,False
1791359438400894050,,True,523,bird_eye,dry_run,none,False,False,0.0,0.0,0,inactive:clear,False,1791359438359584748,-52.072415252,False
1791359438443167512,,True,524,bird_eye,dry_run,none,False,False,0.0,0.0,0,inactive:clear,False,1791359438402270647,-52.029729353,False
1791359438467697285,,True,525,bird_eye,dry_run,none,False,False,0.0,0.0,0,inactive:clear,False,1791359438427066112,-52.004933888,False
1791359438503527414,,True,526,bird_eye,dry_run,none,False,False,0.0,0.0,0,inactive:clear,False,1791359438462665778,-51.969334222,False
1791359438539085838,,True,527,bird_eye,dry_run,none,False,False,0.0,0.0,0,inactive:clear,False,1791359438498068755,-51.933931245,False
1791359438567931622,,True,528,bird_eye,dry_run,none,False,False,0.0,0.0,0,inactive:clear,False,1791359438526951010,-51.90504899,False
1791359438600693395,,True,529,bird_eye,dry_run,none,False,False,0.0,0.0,0,inactive:clear,False,1791359438559460451,-51.872539549,False
1791359438635395905,,True,530,bird_eye,dry_run,none,False,False,0.0,0.0,0,inactive:clear,False,1791359438594971732,-51.837028268,False
1791359438680538459,,True,531,bird_eye,dry_run,none,False,False,0.0,0.0,0,inactive:clear,False,1791359438639954738,-51.792045262,False
1791359438704904603,,True,532,bird_eye,dry_run,none,False,False,0.0,0.0,0,inactive:clear,False,1791359438663718404,-51.768281596,False
1791359438738412134,,True,533,bird_eye,dry_run,none,False,False,0.0,0.0,0,inactive:clear,False,1791359438698713572,-51.733286428,False
1791359438772639011,,True,534,bird_eye,dry_run,none,False,False,0.0,0.0,0,inactive:clear,False,1791359438732952277,-51.699047723,False
1791359438800235838,,True,535,bird_eye,dry_run,none,False,False,0.0,0.0,0,inactive:clear,False,1791359438760415190,-51.67158481,False
1791359438837114851,,True,536,bird_eye,dry_run,none,False,False,0.0,0.0,0,inactive:clear,False,1791359438799245691,-51.632754309,False
1791359438868482018,,True,537,bird_eye,dry_run,none,False,False,0.0,0.0,0,inactive:clear,False,1791359438829693080,-51.60230692,False
1791359438902838987,,True,538,bird_eye,dry_run,none,False,False,0.0,0.0,0,inactive:clear,False,1791359438862492756,-51.569507244,False
1791359438938890098,,True,539,bird_eye,dry_run,none,False,False,0.0,0.0,0,inactive:clear,False,1791359438899940330,-51.53205967,False
1791359438968706535,,True,540,bird_eye,dry_run,none,False,False,0.0,0.0,0,inactive:clear,False,1791359438927687868,-51.504312132,False
1791359439006234875,,True,541,bird_eye,dry_run,none,False,False,0.0,0.0,0,inactive:clear,False,1791359438967867233,-51.464132767,False
1791359439038108105,,True,542,bird_eye,dry_run,none,False,False,0.0,0.0,0,inactive:clear,False,1791359438997852602,-51.434147398,False
1791359439068532367,,True,543,bird_eye,dry_run,none,False,False,0.0,0.0,0,inactive:clear,False,1791359439028749644,-51.403250356,False
1791359439103629035,,True,544,bird_eye,dry_run,none,False,False,0.0,0.0,0,inactive:clear,False,1791359439067663301,-51.364336699,False
1791359439139490192,,True,545,bird_eye,dry_run,none,False,False,0.0,0.0,0,inactive:clear,False,1791359439099452922,-51.332547078,False
1791359439169740637,,True,546,bird_eye,dry_run,none,False,False,0.0,0.0,0,inactive:clear,False,1791359439133809809,-51.298190191,False
1791359439202055241,,True,547,bird_eye,dry_run,none,False,False,0.0,0.0,0,inactive:clear,False,1791359439164726738,-51.267273262,False
1791359439235130371,,True,548,bird_eye,dry_run,none,False,False,0.0,0.0,0,inactive:clear,False,1791359439196227469,-51.235772531,False
1791359439268449281,,True,549,bird_eye,dry_run,none,False,False,0.0,0.0,0,inactive:clear,False,1791359439228392194,-51.203607806,False
1791359439301185711,,True,550,bird_eye,dry_run,none,False,False,0.0,0.0,0,inactive:clear,False,1791359439259865871,-51.172134129,False
1791359439339828619,,True,551,bird_eye,dry_run,none,False,False,0.0,0.0,0,inactive:clear,False,1791359439298495394,-51.133504606,False
1791359439366853826,,True,552,bird_eye,dry_run,none,False,False,0.0,0.0,0,inactive:clear,False,1791359439326088662,-51.105911338,False
1791359439405173905,,True,553,bird_eye,dry_run,none,False,False,0.0,0.0,0,inactive:clear,False,1791359439370456891,-51.061543109,False
1791359439437611407,,True,554,bird_eye,dry_run,none,False,False,0.0,0.0,0,inactive:clear,False,1791359439398329390,-51.03367061,False
1791359439467892714,,True,555,bird_eye,dry_run,none,False,False,0.0,0.0,0,inactive:clear,False,1791359439427292795,-51.004707205,False
1791359439500557083,,True,556,bird_eye,dry_run,none,False,False,0.0,0.0,0,inactive:clear,False,1791359439460978254,-50.971021746,False
1791359439535864098,,True,557,bird_eye,dry_run,none,False,False,0.0,0.0,0,inactive:clear,False,1791359439496176008,-50.935823992,False
1791359439569005269,,True,558,bird_eye,dry_run,none,False,False,0.0,0.0,0,inactive:clear,False,1791359439528056548,-50.903943452,False
1791359439600465348,,True,559,bird_eye,dry_run,none,False,False,0.0,0.0,0,inactive:clear,False,1791359439559067299,-50.872932701,False
1791359439634334201,,True,560,bird_eye,dry_run,none,False,False,0.0,0.0,0,inactive:clear,False,1791359439593329208,-50.838670792,False
1791359439669581979,,True,561,bird_eye,dry_run,none,False,False,0.0,0.0,0,inactive:clear,False,1791359439631293557,-50.800706443,False
1791359439701202105,,True,562,bird_eye,dry_run,none,False,False,0.0,0.0,0,inactive:clear,False,1791359439660585931,-50.771414069,False
1791359439734262578,,True,563,bird_eye,dry_run,none,False,False,0.0,0.0,0,inactive:clear,False,1791359439694276062,-50.737723938,False
1791359439768202300,,True,564,bird_eye,dry_run,none,False,False,0.0,0.0,0,inactive:clear,False,1791359439727063940,-50.70493606,False
1791359439800539575,,True,565,bird_eye,dry_run,none,False,False,0.0,0.0,0,inactive:clear,False,1791359439759375050,-50.67262495,False
1791359439839627920,,True,566,bird_eye,dry_run,none,False,False,0.0,0.0,0,inactive:clear,False,1791359439798392613,-50.633607387,False
1791359439874577897,,True,567,bird_eye,dry_run,none,False,False,0.0,0.0,0,inactive:clear,False,1791359439833709368,-50.598290632,False
1791359439901209986,,True,568,bird_eye,dry_run,none,False,False,0.0,0.0,0,inactive:clear,False,1791359439860018733,-50.571981267,False
1791359439935317832,,True,569,bird_eye,dry_run,none,False,False,0.0,0.0,0,inactive:clear,False,1791359439895118856,-50.536881144,False
1791359439968631634,,True,570,bird_eye,dry_run,none,False,False,0.0,0.0,0,inactive:clear,False,1791359439927668696,-50.504331304,False
1791359440002208220,,True,571,bird_eye,dry_run,none,False,False,0.0,0.0,0,inactive:clear,False,1791359439960892664,-50.471107336,False
1791359440035191191,,True,572,bird_eye,dry_run,none,False,False,0.0,0.0,0,inactive:clear,False,1791359439994211744,-50.437788256,False
1791359440070030232,,True,573,bird_eye,dry_run,none,False,False,0.0,0.0,0,inactive:clear,False,1791359440030544552,-50.401455448,False
1791359440103632076,,True,574,bird_eye,dry_run,none,False,False,0.0,0.0,0,inactive:clear,False,1791359440062330551,-50.369669449,False
1791359440133158443,,True,575,bird_eye,dry_run,none,False,False,0.0,0.0,0,inactive:clear,False,1791359440092336396,-50.339663604,False
1791359440169737579,,True,576,bird_eye,dry_run,none,False,False,0.0,0.0,0,inactive:clear,False,1791359440128978419,-50.303021581,False
1791359440201895271,,True,577,bird_eye,dry_run,none,False,False,0.0,0.0,0,inactive:clear,False,1791359440160680078,-50.271319922,False
1791359440236494356,,True,578,bird_eye,dry_run,none,False,False,0.0,0.0,0,inactive:clear,False,1791359440195386466,-50.236613534,False
1791359440273034786,,True,579,bird_eye,dry_run,none,False,False,0.0,0.0,0,inactive:clear,False,1791359440232682922,-50.199317078,False
1791359440301555699,,True,580,bird_eye,dry_run,none,False,False,0.0,0.0,0,inactive:clear,False,1791359440262181397,-50.169818603,False
1791359440335773123,,True,581,bird_eye,dry_run,none,False,False,0.0,0.0,0,inactive:clear,False,1791359440299303750,-50.13269625,False
1791359440367994791,,True,582,bird_eye,dry_run,none,False,False,0.0,0.0,0,inactive:clear,False,1791359440326759093,-50.105240907,False
1791359440403307037,,True,583,bird_eye,dry_run,none,False,False,0.0,0.0,0,inactive:clear,False,1791359440363022578,-50.068977422,False
1791359440440516531,,True,584,bird_eye,dry_run,none,False,False,0.0,0.0,0,inactive:clear,False,1791359440399278946,-50.032721054,False
1791359440467754775,,True,585,bird_eye,dry_run,none,False,False,0.0,0.0,0,inactive:clear,False,1791359440433668649,-49.998331351,False
1791359440499663173,,True,586,bird_eye,dry_run,none,False,False,0.0,0.0,0,inactive:clear,False,1791359440458529246,-49.973470754,False
1791359440540376310,,True,587,bird_eye,dry_run,none,False,False,0.0,0.0,0,inactive:clear,False,1791359440502545124,-49.929454876,False
1791359440571642998,,True,588,bird_eye,dry_run,none,False,False,0.0,0.0,0,inactive:clear,False,1791359440532038528,-49.899961472,False
1791359440601675023,,True,589,bird_eye,dry_run,none,False,False,0.0,0.0,0,inactive:clear,False,1791359440561311355,-49.870688645,False
1791359440642203421,,True,590,bird_eye,dry_run,none,False,False,0.0,0.0,0,inactive:clear,False,1791359440603260840,-49.82873916,False
1791359440668083828,,True,591,bird_eye,dry_run,none,False,False,0.0,0.0,0,inactive:clear,False,1791359440627350767,-49.804649233,False
1791359440705751406,,True,592,bird_eye,dry_run,none,False,False,0.0,0.0,0,inactive:clear,False,1791359440666974912,-49.765025088,False
1791359440732850189,,True,593,bird_eye,dry_run,none,False,False,0.0,0.0,0,inactive:clear,False,1791359440714809810,-49.71719019,False
1791359440768936232,,True,594,bird_eye,dry_run,none,False,False,0.0,0.0,0,inactive:clear,False,1791359440728237069,-49.703762931,False
1791359440801415337,,True,595,bird_eye,dry_run,none,False,False,0.0,0.0,0,inactive:clear,False,1791359440760334239,-49.671665761,False
1791359440832746115,,True,596,bird_eye,dry_run,none,False,False,0.0,0.0,0,inactive:clear,False,1791359440791608962,-49.640391038,False
1791359440872880384,,True,597,bird_eye,dry_run,none,False,False,0.0,0.0,0,inactive:clear,False,1791359440831685840,-49.60031416,False
1791359440898855336,,True,598,bird_eye,dry_run,none,False,False,0.0,0.0,0,inactive:clear,False,1791359440858258429,-49.573741571,False
1791359440933207295,,True,599,bird_eye,dry_run,none,False,False,0.0,0.0,0,inactive:clear,False,1791359440892264375,-49.539735625,False
1791359440967401185,,True,600,bird_eye,dry_run,none,False,False,0.0,0.0,0,inactive:clear,False,1791359440926489206,-49.505510794,False
1791359440999871756,,True,601,bird_eye,dry_run,none,False,False,0.0,0.0,0,inactive:clear,False,1791359440958609056,-49.473390944,False
1791359441033008956,,True,602,bird_eye,dry_run,none,False,False,0.0,0.0,0,inactive:clear,False,1791359440992058746,-49.439941254,False
1791359441065748741,,True,603,bird_eye,dry_run,none,False,False,0.0,0.0,0,inactive:clear,False,1791359441024921092,-49.407078908,False
1791359441100054719,,True,604,bird_eye,dry_run,none,False,False,0.0,0.0,0,inactive:clear,False,1791359441059385743,-49.372614257,False
1791359441139016832,,True,605,bird_eye,dry_run,none,False,False,0.0,0.0,0,inactive:clear,False,1791359441097873417,-49.334126583,False
1791359441199635365,,True,607,bird_eye,dry_run,none,False,False,0.0,0.0,0,inactive:clear,False,1791359441159473789,-49.272526211,False
1791359441237906542,,True,608,bird_eye,dry_run,none,False,False,0.0,0.0,0,inactive:clear,False,1791359441197443401,-49.234556599,False
1791359441304971593,,True,610,bird_eye,dry_run,none,False,False,0.0,0.0,0,inactive:clear,False,1791359441263708344,-49.168291656,False
1791359441336155611,,True,611,bird_eye,dry_run,none,False,False,0.0,0.0,0,inactive:clear,False,1791359441297124782,-49.134875218,False
1791359441373133101,,True,612,bird_eye,dry_run,none,False,False,0.0,0.0,0,inactive:clear,False,1791359441332513426,-49.099486574,False
1791359441399931280,,True,613,bird_eye,dry_run,none,False,False,0.0,0.0,0,inactive:clear,False,1791359441366315893,-49.065684107,False
1791359441437474593,,True,614,bird_eye,dry_run,none,False,False,0.0,0.0,0,inactive:clear,False,1791359441397404592,-49.034595408,False
1791359441464191882,,True,615,bird_eye,dry_run,none,False,False,0.0,0.0,0,inactive:clear,False,1791359441422790567,-49.009209433,False
1791359441502369178,,True,616,bird_eye,dry_run,none,False,False,0.0,0.0,0,inactive:clear,False,1791359441461941993,-48.970058007,False
1791359441533094648,,True,617,bird_eye,dry_run,none,False,False,0.0,0.0,0,inactive:clear,False,1791359441491890471,-48.940109529,False
1791359441566893614,,True,618,bird_eye,dry_run,none,False,False,0.0,0.0,0,inactive:clear,False,1791359441525898454,-48.906101546,False
1791359441601693536,,True,619,bird_eye,dry_run,none,False,False,0.0,0.0,0,inactive:clear,False,1791359441562046730,-48.86995327,False
1791359441631547481,,True,620,bird_eye,dry_run,none,False,False,0.0,0.0,0,inactive:clear,False,1791359441590346918,-48.841653082,False
1791359441667891922,,True,621,bird_eye,dry_run,none,False,False,0.0,0.0,0,inactive:clear,False,1791359441627220437,-48.804779563,False
1791359441700346152,,True,622,bird_eye,dry_run,none,False,False,0.0,0.0,0,inactive:clear,False,1791359441659891256,-48.772108744,False
1791359441734929564,,True,623,bird_eye,dry_run,none,False,False,0.0,0.0,0,inactive:clear,False,1791359441696136068,-48.735863932,False
1791359441767907385,,True,624,bird_eye,dry_run,none,False,False,0.0,0.0,0,inactive:clear,False,1791359441729893071,-48.702106929,False
1791359441799782556,,True,625,bird_eye,dry_run,none,False,False,0.0,0.0,0,inactive:clear,False,1791359441758781071,-48.673218929,False
1791359441831995472,,True,626,bird_eye,dry_run,none,False,False,0.0,0.0,0,inactive:clear,False,1791359441790844752,-48.641155248,False
1791359441871845671,,True,627,bird_eye,dry_run,none,False,False,0.0,0.0,0,inactive:clear,False,1791359441831122743,-48.600877257,False
1791359441900240838,,True,628,bird_eye,dry_run,none,False,False,0.0,0.0,0,inactive:clear,False,1791359441859369013,-48.572630987,False
1791359441933797252,,True,629,bird_eye,dry_run,none,False,False,0.0,0.0,0,inactive:clear,False,1791359441892933172,-48.539066828,False
1791359441966639518,,True,630,bird_eye,dry_run,none,False,False,0.0,0.0,0,inactive:clear,False,1791359441927024904,-48.504975096,False
1791359441999278941,,True,631,bird_eye,dry_run,none,False,False,0.0,0.0,0,inactive:clear,False,1791359441958083894,-48.473916106,False
1791359442034019178,,True,632,bird_eye,dry_run,none,False,False,0.0,0.0,0,inactive:clear,False,1791359441992870912,-48.439129088,False
1791359442066379754,,True,633,bird_eye,dry_run,none,False,False,0.0,0.0,0,inactive:clear,False,1791359442025069889,-48.406930111,False
1791359442100545196,,True,634,bird_eye,dry_run,none,False,False,0.0,0.0,0,inactive:clear,False,1791359442059498280,-48.37250172,False
1791359442133796750,,True,635,bird_eye,dry_run,none,False,False,0.0,0.0,0,inactive:clear,False,1791359442093009766,-48.338990234,False
1791359442164672109,,True,636,bird_eye,dry_run,none,False,False,0.0,0.0,0,inactive:clear,False,1791359442123466793,-48.308533207,False
1791359442199559763,,True,637,bird_eye,dry_run,none,False,False,0.0,0.0,0,inactive:clear,False,1791359442158412637,-48.273587363,False
1791359442234632691,,True,638,bird_eye,dry_run,none,False,False,0.0,0.0,0,inactive:clear,False,1791359442193434508,-48.238565492,False
1791359442265953872,,True,639,bird_eye,dry_run,none,False,False,0.0,0.0,0,inactive:clear,False,1791359442225377613,-48.206622387,False
1791359442299913185,,True,640,bird_eye,dry_run,none,False,False,0.0,0.0,0,inactive:clear,False,1791359442258922475,-48.173077525,False
1791359442332673957,,True,641,bird_eye,dry_run,none,False,False,0.0,0.0,0,inactive:clear,False,1791359442293326580,-48.13867342,False
1791359442368438283,,True,642,bird_eye,dry_run,none,False,False,0.0,0.0,0,inactive:clear,False,1791359442327307133,-48.104692867,False
1791359442399256512,,True,643,bird_eye,dry_run,none,False,False,0.0,0.0,0,inactive:clear,False,1791359442357963395,-48.074036605,False
1791359442436673908,,True,644,bird_eye,dry_run,none,False,False,0.0,0.0,0,inactive:clear,False,1791359442395499246,-48.036500754,False
1791359442466270336,,True,645,bird_eye,dry_run,none,False,False,0.0,0.0,0,inactive:clear,False,1791359442425421671,-48.006578329,False
1791359442502173308,,True,646,bird_eye,dry_run,none,False,False,0.0,0.0,0,inactive:clear,False,1791359442461452058,-47.970547942,False
1791359442533288471,,True,647,bird_eye,dry_run,none,False,False,0.0,0.0,0,inactive:clear,False,1791359442492180526,-47.939819474,False
1791359442570993013,,True,648,bird_eye,dry_run,none,False,False,0.0,0.0,0,inactive:clear,False,1791359442531579004,-47.900420996,False
1791359442598534236,,True,649,bird_eye,dry_run,none,False,False,0.0,0.0,0,inactive:clear,False,1791359442557279638,-47.874720362,False
1791359442638876189,,True,650,bird_eye,dry_run,none,False,False,0.0,0.0,0,inactive:clear,False,1791359442597634687,-47.834365313,False
1791359442665988100,,True,651,bird_eye,dry_run,none,False,False,0.0,0.0,0,inactive:clear,False,1791359442624659839,-47.807340161,False
1791359442701001486,,True,652,bird_eye,dry_run,none,False,False,0.0,0.0,0,inactive:clear,False,1791359442659646629,-47.772353371,False
1791359442732885341,,True,653,bird_eye,dry_run,none,False,False,0.0,0.0,0,inactive:clear,False,1791359442691642747,-47.740357253,False
1791359442768532290,,True,654,bird_eye,dry_run,none,False,False,0.0,0.0,0,inactive:clear,False,1791359442727345907,-47.704654093,False
1791359442799977201,,True,655,bird_eye,dry_run,none,False,False,0.0,0.0,0,inactive:clear,False,1791359442758897475,-47.673102525,False
1791359442834631317,,True,656,bird_eye,dry_run,none,False,False,0.0,0.0,0,inactive:clear,False,1791359442793721307,-47.638278693,False
1791359442868943469,,True,657,bird_eye,dry_run,none,False,False,0.0,0.0,0,inactive:clear,False,1791359442827796430,-47.60420357,False
1791359442900632699,,True,658,bird_eye,dry_run,none,False,False,0.0,0.0,0,inactive:clear,False,1791359442859377739,-47.572622261,False
1791359442931312106,,True,659,bird_eye,dry_run,none,False,False,0.0,0.0,0,inactive:clear,False,1791359442889908899,-47.542091101,False
1791359442975891920,,True,660,bird_eye,dry_run,none,False,False,0.0,0.0,0,inactive:clear,False,1791359442935754508,-47.496245492,False
1791359443004108686,,True,661,bird_eye,dry_run,none,False,False,0.0,0.0,0,inactive:clear,False,1791359442963105784,-47.468894216,False
1791359443032924788,,True,662,bird_eye,dry_run,none,False,False,0.0,0.0,0,inactive:clear,False,1791359442991733403,-47.440266597,False
1791359443066746845,,True,663,bird_eye,dry_run,none,False,False,0.0,0.0,0,inactive:clear,False,1791359443026506578,-47.405493422,False
1791359443101154880,,True,664,bird_eye,dry_run,none,False,False,0.0,0.0,0,inactive:clear,False,1791359443060237461,-47.371762539,False
1791359443131629238,,True,665,bird_eye,dry_run,none,False,False,0.0,0.0,0,inactive:clear,False,1791359443090407014,-47.341592986,False
1791359443168104149,,True,666,bird_eye,dry_run,none,False,False,0.0,0.0,0,inactive:clear,False,1791359443129176586,-47.302823414,False
1791359443207988158,,True,667,bird_eye,dry_run,none,False,False,0.0,0.0,0,inactive:clear,False,1791359443167728971,-47.264271029,False
1791359443233681734,,True,668,bird_eye,dry_run,none,False,False,0.0,0.0,0,inactive:clear,False,1791359443192867798,-47.239132202,False
1791359443266691540,,True,669,bird_eye,dry_run,none,False,False,0.0,0.0,0,inactive:clear,False,1791359443225787941,-47.206212059,False
1791359443307630565,,True,670,bird_eye,dry_run,none,False,False,0.0,0.0,0,inactive:clear,False,1791359443266187264,-47.165812736,False
1791359443332371917,,True,671,bird_eye,dry_run,none,False,False,0.0,0.0,0,inactive:clear,False,1791359443291115496,-47.140884504,False
1791359443370886153,,True,672,bird_eye,dry_run,none,False,False,0.0,0.0,0,inactive:clear,False,1791359443330152796,-47.101847204,False
1791359443398243230,,True,673,bird_eye,dry_run,none,False,False,0.0,0.0,0,inactive:clear,False,1791359443356952380,-47.07504762,False
1791359443434886017,,True,674,bird_eye,dry_run,none,False,False,0.0,0.0,0,inactive:clear,False,1791359443400486419,-47.031513581,False
1791359443464953066,,True,675,bird_eye,dry_run,none,False,False,0.0,0.0,0,inactive:clear,False,1791359443423587911,-47.008412089,False
1791359443497726707,,True,676,bird_eye,dry_run,none,False,False,0.0,0.0,0,inactive:clear,False,1791359443457034058,-46.974965942,False
1791359443533615084,,True,677,bird_eye,dry_run,none,False,False,0.0,0.0,0,inactive:clear,False,1791359443492429379,-46.939570621,False
1791359443564430513,,True,678,bird_eye,dry_run,none,False,False,0.0,0.0,0,inactive:clear,False,1791359443523154537,-46.908845463,False
1791359443602967846,,True,679,bird_eye,dry_run,none,False,False,0.0,0.0,0,inactive:clear,False,1791359443561703143,-46.870296857,False
1791359443633310740,,True,680,bird_eye,dry_run,none,False,False,0.0,0.0,0,inactive:clear,False,1791359443592195287,-46.839804713,False
1791359443666508997,,True,681,bird_eye,dry_run,none,False,False,0.0,0.0,0,inactive:clear,False,1791359443625555858,-46.806444142,False
1791359443704914148,,True,682,bird_eye,dry_run,none,False,False,0.0,0.0,0,inactive:clear,False,1791359443663595650,-46.76840435,False
1791359443731581936,,True,683,bird_eye,dry_run,none,False,False,0.0,0.0,0,inactive:clear,False,1791359443690377065,-46.741622935,False
1791359443769384246,,True,684,bird_eye,dry_run,none,False,False,0.0,0.0,0,inactive:clear,False,1791359443728299213,-46.703700787,False
1791359443798784781,,True,685,bird_eye,dry_run,none,False,False,0.0,0.0,0,inactive:clear,False,1791359443757488238,-46.674511762,False
1791359443843247894,,True,686,bird_eye,dry_run,none,False,False,0.0,0.0,0,inactive:clear,False,1791359443802389624,-46.629610376,False
1791359443875178710,,True,687,bird_eye,dry_run,none,False,False,0.0,0.0,0,inactive:clear,False,1791359443834213321,-46.597786679,False
1791359443902854705,,True,688,bird_eye,dry_run,none,False,False,0.0,0.0,0,inactive:clear,False,1791359443861525840,-46.57047416,False
1791359443937166619,,True,689,bird_eye,dry_run,none,False,False,0.0,0.0,0,inactive:clear,False,1791359443895878356,-46.536121644,False
1791359443971634239,,True,690,bird_eye,dry_run,none,False,False,0.0,0.0,0,inactive:clear,False,1791359443930427802,-46.501572198,False
1791359444002092192,,True,691,bird_eye,dry_run,none,False,False,0.0,0.0,0,inactive:clear,False,1791359443960816599,-46.471183401,False
1791359444037241758,,True,692,bird_eye,dry_run,none,False,False,0.0,0.0,0,inactive:clear,False,1791359443996105230,-46.43589477,False
1791359444066510048,,True,693,bird_eye,dry_run,none,False,False,0.0,0.0,0,inactive:clear,False,1791359444026007742,-46.405992258,False
1791359444099608673,,True,694,bird_eye,dry_run,none,False,False,0.0,0.0,0,inactive:clear,False,1791359444058272390,-46.37372761,False
1791359444133277288,,True,695,bird_eye,dry_run,none,False,False,0.0,0.0,0,inactive:clear,False,1791359444091907230,-46.34009277,False
1791359444175910072,,True,696,bird_eye,dry_run,none,False,False,0.0,0.0,0,inactive:clear,False,1791359444134665541,-46.297334459,False
1791359444209217117,,True,697,bird_eye,dry_run,none,False,False,0.0,0.0,0,inactive:clear,False,1791359444169406404,-46.262593596,False
1791359444244622705,,True,698,bird_eye,dry_run,none,False,False,0.0,0.0,0,inactive:clear,False,1791359444203474055,-46.228525945,False
1791359444269643672,,True,699,bird_eye,dry_run,none,False,False,0.0,0.0,0,inactive:clear,False,1791359444228358815,-46.203641185,False
1791359444309930706,,True,700,bird_eye,dry_run,none,False,False,0.0,0.0,0,inactive:clear,False,1791359444268892861,-46.163107139,False
1791359444348055842,,True,701,bird_eye,dry_run,none,False,False,0.0,0.0,0,inactive:clear,False,1791359444306865023,-46.125134977,False
1791359444368082508,,True,702,bird_eye,dry_run,none,False,False,0.0,0.0,0,inactive:clear,False,1791359444326765725,-46.105234275,False
1791359444401913878,,True,703,bird_eye,dry_run,none,False,False,0.0,0.0,0,inactive:clear,False,1791359444360555918,-46.071444082,False
1791359444439029500,,True,704,bird_eye,dry_run,none,False,False,0.0,0.0,0,inactive:clear,False,1791359444398034028,-46.033965972,False
1791359444468243029,,True,705,bird_eye,dry_run,none,False,False,0.0,0.0,0,inactive:clear,False,1791359444427689292,-46.004310708,False
1791359444503708980,,True,706,bird_eye,dry_run,none,False,False,0.0,0.0,0,inactive:clear,False,1791359444463984136,-45.968015864,False
1791359444537379249,,True,707,bird_eye,dry_run,none,False,False,0.0,0.0,0,inactive:clear,False,1791359444496289800,-45.9357102,False
1791359444567946133,,True,708,bird_eye,dry_run,none,False,False,0.0,0.0,0,inactive:clear,False,1791359444530652548,-45.901347452,False
1791359444601089808,,True,709,bird_eye,dry_run,none,False,False,0.0,0.0,0,inactive:clear,False,1791359444560282703,-45.871717297,False
1791359444639161178,,True,710,bird_eye,dry_run,none,False,False,0.0,0.0,0,inactive:clear,False,1791359444598278931,-45.833721069,False
1791359444668534837,,True,711,bird_eye,dry_run,none,False,False,0.0,0.0,0,inactive:clear,False,1791359444628351414,-45.803648586,False
1791359444703586169,,True,712,bird_eye,dry_run,none,False,False,0.0,0.0,0,inactive:clear,False,1791359444663091110,-45.76890889,False
1791359444740179693,,True,713,bird_eye,dry_run,none,False,False,0.0,0.0,0,inactive:clear,False,1791359444700422451,-45.731577549,False
1791359444767730344,,True,714,bird_eye,dry_run,none,False,False,0.0,0.0,0,inactive:clear,False,1791359444730280686,-45.701719314,False
1791359444799484708,,True,715,bird_eye,dry_run,none,False,False,0.0,0.0,0,inactive:clear,False,1791359444758298040,-45.67370196,False
1791359444839831618,,True,716,bird_eye,dry_run,none,False,False,0.0,0.0,0,inactive:clear,False,1791359444800003575,-45.631996425,False
1791359444866968543,,True,717,bird_eye,dry_run,none,False,False,0.0,0.0,0,inactive:clear,False,1791359444829988311,-45.602011689,False
1791359444900579977,,True,718,bird_eye,dry_run,none,False,False,0.0,0.0,0,inactive:clear,False,1791359444859428962,-45.572571038,False
1791359444934568184,,True,719,bird_eye,dry_run,none,False,False,0.0,0.0,0,inactive:clear,False,1791359444893252426,-45.538747574,False
1791359444968857911,,True,720,bird_eye,dry_run,none,False,False,0.0,0.0,0,inactive:clear,False,1791359444927548675,-45.504451325,False
1791359445000396980,,True,721,bird_eye,dry_run,none,False,False,0.0,0.0,0,inactive:clear,False,1791359444959027486,-45.472972514,False
1791359445032961458,,True,722,bird_eye,dry_run,none,False,False,0.0,0.0,0,inactive:clear,False,1791359444993174215,-45.438825785,False
1791359445066822668,,True,723,bird_eye,dry_run,none,False,False,0.0,0.0,0,inactive:clear,False,1791359445026309884,-45.405690116,False
1791359445098547973,,True,724,bird_eye,dry_run,none,False,False,0.0,0.0,0,inactive:clear,False,1791359445057309137,-45.374690863,False
1791359445138645738,,True,725,bird_eye,dry_run,none,False,False,0.0,0.0,0,inactive:clear,False,1791359445097869096,-45.334130904,False
1791359445199709610,,True,727,bird_eye,dry_run,none,False,False,0.0,0.0,0,inactive:clear,False,1791359445158340358,-45.273659642,False
1791359445242726238,,True,728,bird_eye,dry_run,none,False,False,0.0,0.0,0,inactive:clear,False,1791359445211382830,-45.22061717,False
1791359445267993156,,True,729,bird_eye,dry_run,none,False,False,0.0,0.0,0,inactive:clear,False,1791359445226829152,-45.205170848,False
1791359445302321153,,True,730,bird_eye,dry_run,none,False,False,0.0,0.0,0,inactive:clear,False,1791359445264410248,-45.167589752,False
1791359445338395311,,True,731,bird_eye,dry_run,none,False,False,0.0,0.0,0,inactive:clear,False,1791359445297222433,-45.134777567,False
1791359445367948300,,True,732,bird_eye,dry_run,none,False,False,0.0,0.0,0,inactive:clear,False,1791359445327140390,-45.10485961,False
1791359445400921254,,True,733,bird_eye,dry_run,none,False,False,0.0,0.0,0,inactive:clear,False,1791359445360312097,-45.071687903,False
1791359445432829856,,True,734,bird_eye,dry_run,none,False,False,0.0,0.0,0,inactive:clear,False,1791359445391736765,-45.040263235,False
1791359445464662006,,True,735,bird_eye,dry_run,none,False,False,0.0,0.0,0,inactive:clear,False,1791359445423292249,-45.008707751,False
1791359445499001813,,True,736,bird_eye,dry_run,none,False,False,0.0,0.0,0,inactive:clear,False,1791359445457675422,-44.974324578,False
1791359445534492797,,True,737,bird_eye,dry_run,none,False,False,0.0,0.0,0,inactive:clear,False,1791359445493573077,-44.938426923,False
1791359445566859166,,True,738,bird_eye,dry_run,none,False,False,0.0,0.0,0,inactive:clear,False,1791359445525578227,-44.906421773,False
1791359445601802840,,True,739,bird_eye,dry_run,none,False,False,0.0,0.0,0,inactive:clear,False,1791359445560505080,-44.87149492,False
1791359445634034450,,True,740,bird_eye,dry_run,none,False,False,0.0,0.0,0,inactive:clear,False,1791359445592899480,-44.83910052,False
1791359445667931877,,True,741,bird_eye,dry_run,none,False,False,0.0,0.0,0,inactive:clear,False,1791359445626694868,-44.805305132,False
1791359445703170842,,True,742,bird_eye,dry_run,none,False,False,0.0,0.0,0,inactive:clear,False,1791359445662241327,-44.769758673,False
1791359445734705781,,True,743,bird_eye,dry_run,none,False,False,0.0,0.0,0,inactive:clear,False,1791359445694277207,-44.737722793,False
1791359445769033356,,True,744,bird_eye,dry_run,none,False,False,0.0,0.0,0,inactive:clear,False,1791359445728415917,-44.703584083,False
1791359445812791487,,True,745,bird_eye,dry_run,none,False,False,0.0,0.0,0,inactive:clear,False,1791359445771634779,-44.660365221,False
1791359445834513078,,True,746,bird_eye,dry_run,none,False,False,0.0,0.0,0,inactive:clear,False,1791359445793496186,-44.638503814,False
1791359445872670730,,True,747,bird_eye,dry_run,none,False,False,0.0,0.0,0,inactive:clear,False,1791359445831272233,-44.600727767,False
1791359445898882483,,True,748,bird_eye,dry_run,none,False,False,0.0,0.0,0,inactive:clear,False,1791359445858721740,-44.57327826,False
1791359445933971333,,True,749,bird_eye,dry_run,none,False,False,0.0,0.0,0,inactive:clear,False,1791359445893769832,-44.538230168,False
1791359445972351855,,True,750,bird_eye,dry_run,none,False,False,0.0,0.0,0,inactive:clear,False,1791359445931092305,-44.500907695,False
1791359446001288496,,True,751,bird_eye,dry_run,none,False,False,0.0,0.0,0,inactive:clear,False,1791359445960712352,-44.471287648,False
1791359446032145568,,True,752,bird_eye,dry_run,none,False,False,0.0,0.0,0,inactive:clear,False,1791359445991274185,-44.440725815,False
1791359446071828046,,True,753,bird_eye,dry_run,none,False,False,0.0,0.0,0,inactive:clear,False,1791359446031294370,-44.40070563,False
1791359446100568010,,True,754,bird_eye,dry_run,none,False,False,0.0,0.0,0,inactive:clear,False,1791359446059270597,-44.372729403,False
1791359446141884961,,True,755,bird_eye,dry_run,none,False,False,0.0,0.0,0,inactive:clear,False,1791359446100459198,-44.331540802,False
1791359446168344566,,True,756,bird_eye,dry_run,none,False,False,0.0,0.0,0,inactive:clear,False,1791359446127108879,-44.304891121,False
1791359446202267580,,True,757,bird_eye,dry_run,none,False,False,0.0,0.0,0,inactive:clear,False,1791359446160949994,-44.271050006,False
1791359446232463380,,True,758,bird_eye,dry_run,none,False,False,0.0,0.0,0,inactive:clear,False,1791359446191062345,-44.240937655,False
1791359446273597147,,True,759,bird_eye,dry_run,none,False,False,0.0,0.0,0,inactive:clear,False,1791359446232937163,-44.199062837,False
1791359446299032255,,True,760,bird_eye,dry_run,none,False,False,0.0,0.0,0,inactive:clear,False,1791359446257500504,-44.174499496,False
1791359446337062866,,True,761,bird_eye,dry_run,none,False,False,0.0,0.0,0,inactive:clear,False,1791359446304990162,-44.127009838,False
1791359446367285511,,True,762,bird_eye,dry_run,none,False,False,0.0,0.0,0,inactive:clear,False,1791359446326014447,-44.105985553,False
1791359446401094690,,True,763,bird_eye,dry_run,none,False,False,0.0,0.0,0,inactive:clear,False,1791359446359732568,-44.072267432,False
1791359446433708999,,True,764,bird_eye,dry_run,none,False,False,0.0,0.0,0,inactive:clear,False,1791359446392732894,-44.039267106,False
1791359446466809478,,True,765,bird_eye,dry_run,none,False,False,0.0,0.0,0,inactive:clear,False,1791359446427966465,-44.004033535,False
1791359446499427636,,True,766,bird_eye,dry_run,none,False,False,0.0,0.0,0,inactive:clear,False,1791359446458136660,-43.97386334,False
1791359446539402904,,True,767,bird_eye,dry_run,none,False,False,0.0,0.0,0,inactive:clear,False,1791359446497781838,-43.934218162,False
1791359446568338153,,True,768,bird_eye,dry_run,none,False,False,0.0,0.0,0,inactive:clear,False,1791359446526950879,-43.905049121,False
1791359446602473341,,True,769,bird_eye,dry_run,none,False,False,0.0,0.0,0,inactive:clear,False,1791359446561054497,-43.870945503,False
1791359446633688712,,True,770,bird_eye,dry_run,none,False,False,0.0,0.0,0,inactive:clear,False,1791359446592223082,-43.839776918,False
1791359446667151170,,True,771,bird_eye,dry_run,none,False,False,0.0,0.0,0,inactive:clear,False,1791359446626856821,-43.805143179,False
1791359446703246042,,True,772,bird_eye,dry_run,none,False,False,0.0,0.0,0,inactive:clear,False,1791359446661897981,-43.770102019,False
1791359446736796672,,True,773,bird_eye,dry_run,none,False,False,0.0,0.0,0,inactive:clear,False,1791359446695320189,-43.736679811,False
1791359446772847619,,True,774,bird_eye,dry_run,none,False,False,0.0,0.0,0,inactive:clear,False,1791359446737150117,-43.694849883,False
1791359446804838147,,True,775,bird_eye,dry_run,none,False,False,0.0,0.0,0,inactive:clear,False,1791359446763504696,-43.668495304,False
1791359446840874579,,True,776,bird_eye,dry_run,none,False,False,0.0,0.0,0,inactive:clear,False,1791359446800221781,-43.631778219,False
1791359446868955232,,True,777,bird_eye,dry_run,none,False,False,0.0,0.0,0,inactive:clear,False,1791359446827549083,-43.604450917,False
1791359446900504901,,True,778,bird_eye,dry_run,none,False,False,0.0,0.0,0,inactive:clear,False,1791359446859097773,-43.572902227,False
1791359446933224570,,True,779,bird_eye,dry_run,none,False,False,0.0,0.0,0,inactive:clear,False,1791359446891842215,-43.540157785,False
1791359446969665099,,True,780,bird_eye,dry_run,none,False,False,0.0,0.0,0,inactive:clear,False,1791359446928645699,-43.503354301,False
1791359447000830491,,True,781,bird_eye,dry_run,none,False,False,0.0,0.0,0,inactive:clear,False,1791359446959384014,-43.472615986,False
1791359447044085103,,True,782,bird_eye,dry_run,none,False,False,0.0,0.0,0,inactive:clear,False,1791359447002616757,-43.429383243,False
1791359447068806711,,True,783,bird_eye,dry_run,none,False,False,0.0,0.0,0,inactive:clear,False,1791359447027623736,-43.404376264,False
1791359447103184149,,True,784,bird_eye,dry_run,none,False,False,0.0,0.0,0,inactive:clear,False,1791359447063253135,-43.368746865,False
1791359447138102790,,True,785,bird_eye,dry_run,none,False,False,0.0,0.0,0,inactive:clear,False,1791359447097056896,-43.334943104,False
1791359447167723654,,True,786,bird_eye,dry_run,none,False,False,0.0,0.0,0,inactive:clear,False,1791359447126983446,-43.305016554,False
1791359447202162061,,True,787,bird_eye,dry_run,none,False,False,0.0,0.0,0,inactive:clear,False,1791359447161113388,-43.270886612,False
1791359447235049315,,True,788,bird_eye,dry_run,none,False,False,0.0,0.0,0,inactive:clear,False,1791359447194975036,-43.237024964,False
1791359447268501053,,True,789,bird_eye,dry_run,none,False,False,0.0,0.0,0,inactive:clear,False,1791359447227324535,-43.204675465,False
1791359447302938959,,True,790,bird_eye,dry_run,none,False,False,0.0,0.0,0,inactive:clear,False,1791359447261915788,-43.170084212,False
1791359447342596410,,True,791,bird_eye,dry_run,none,False,False,0.0,0.0,0,inactive:clear,False,1791359447302954026,-43.129045974,False
1791359447367586381,,True,792,bird_eye,dry_run,none,False,False,0.0,0.0,0,inactive:clear,False,1791359447326189614,-43.105810386,False
1791359447406160268,,True,793,bird_eye,dry_run,none,False,False,0.0,0.0,0,inactive:clear,False,1791359447367962979,-43.064037021,False
1791359447435259177,,True,794,bird_eye,dry_run,none,False,False,0.0,0.0,0,inactive:clear,False,1791359447394992482,-43.037007518,False
1791359447468162841,,True,795,bird_eye,dry_run,none,False,False,0.0,0.0,0,inactive:clear,False,1791359447427818118,-43.004181882,False
1791359447500292179,,True,796,bird_eye,dry_run,none,False,False,0.0,0.0,0,inactive:clear,False,1791359447459989344,-42.972010656,False
1791359447535641883,,True,797,bird_eye,dry_run,none,False,False,0.0,0.0,0,inactive:clear,False,1791359447494309757,-42.937690243,False
1791359447567931301,,True,798,bird_eye,dry_run,none,False,False,0.0,0.0,0,inactive:clear,False,1791359447527978549,-42.904021451,False
1791359447606407056,,True,799,bird_eye,dry_run,none,False,False,0.0,0.0,0,inactive:clear,False,1791359447566607530,-42.86539247,False
1791359447635591943,,True,800,bird_eye,dry_run,none,False,False,0.0,0.0,0,inactive:clear,False,1791359447594387324,-42.837612676,False
1791359447669962006,,True,801,bird_eye,dry_run,none,False,False,0.0,0.0,0,inactive:clear,False,1791359447629115702,-42.802884298,False
1791359447707193896,,True,802,bird_eye,dry_run,none,False,False,0.0,0.0,0,inactive:clear,False,1791359447665848646,-42.766151354,False
1791359447738466187,,True,803,bird_eye,dry_run,none,False,False,0.0,0.0,0,inactive:clear,False,1791359447697312900,-42.7346871,False
1791359447771497968,,True,804,bird_eye,dry_run,none,False,False,0.0,0.0,0,inactive:clear,False,1791359447730332298,-42.701667702,False
1791359447810847220,,True,805,bird_eye,dry_run,none,False,False,0.0,0.0,0,inactive:clear,False,1791359447770338616,-42.661661384,False
1791359447841277710,,True,806,bird_eye,dry_run,none,False,False,0.0,0.0,0,inactive:clear,False,1791359447800815083,-42.631184917,False
1791359447872095174,,True,807,bird_eye,dry_run,none,False,False,0.0,0.0,0,inactive:clear,False,1791359447836352723,-42.595647277,False
1791359447919722289,,True,808,bird_eye,dry_run,none,False,False,0.0,0.0,0,inactive:clear,False,1791359447880369863,-42.551630137,False
1791359447935575777,,True,809,bird_eye,dry_run,none,False,False,0.0,0.0,0,inactive:clear,False,1791359447895227904,-42.536772096,False
1791359447968672744,,True,810,bird_eye,dry_run,none,False,False,0.0,0.0,0,inactive:clear,False,1791359447927666263,-42.504333737,False
1791359448001346205,,True,811,bird_eye,dry_run,none,False,False,0.0,0.0,0,inactive:clear,False,1791359447960499049,-42.471500951,False
1791359448034579406,,True,812,bird_eye,dry_run,none,False,False,0.0,0.0,0,inactive:clear,False,1791359447993464891,-42.438535109,False
1791359448069947507,,True,813,bird_eye,dry_run,none,False,False,0.0,0.0,0,inactive:clear,False,1791359448031845172,-42.400154828,False
1791359448102855262,,True,814,bird_eye,dry_run,none,False,False,0.0,0.0,0,inactive:clear,False,1791359448061429506,-42.370570494,False
1791359448136869790,,True,815,bird_eye,dry_run,none,False,False,0.0,0.0,0,inactive:clear,False,1791359448095473756,-42.336526244,False
1791359448171171319,,True,816,bird_eye,dry_run,none,False,False,0.0,0.0,0,inactive:clear,False,1791359448129995737,-42.302004263,False
1791359448199962470,,True,817,bird_eye,dry_run,none,False,False,0.0,0.0,0,inactive:clear,False,1791359448158517055,-42.273482945,False
1791359448234651135,,True,818,bird_eye,dry_run,none,False,False,0.0,0.0,0,inactive:clear,False,1791359448195605503,-42.236394497,False
1791359448270846259,,True,819,bird_eye,dry_run,none,False,False,0.0,0.0,0,inactive:clear,False,1791359448230316889,-42.201683111,False
1791359448300042593,,True,820,bird_eye,dry_run,none,False,False,0.0,0.0,0,inactive:clear,False,1791359448258730142,-42.173269858,False
1791359448333258822,,True,821,bird_eye,dry_run,none,False,False,0.0,0.0,0,inactive:clear,False,1791359448293450022,-42.138549978,False
1791359448373108771,,True,822,bird_eye,dry_run,none,False,False,0.0,0.0,0,inactive:clear,False,1791359448331769582,-42.100230418,False
1791359448403771057,,True,823,bird_eye,dry_run,none,False,False,0.0,0.0,0,inactive:clear,False,1791359448362347653,-42.069652347,False
1791359448434849005,,True,824,bird_eye,dry_run,none,False,False,0.0,0.0,0,inactive:clear,False,1791359448393698074,-42.038301926,False
1791359448470960667,,True,825,bird_eye,dry_run,none,False,False,0.0,0.0,0,inactive:clear,False,1791359448431182808,-42.000817192,False
1791359448501202227,,True,826,bird_eye,dry_run,none,False,False,0.0,0.0,0,inactive:clear,False,1791359448460094458,-41.971905542,False
1791359448533545945,,True,827,bird_eye,dry_run,none,False,False,0.0,0.0,0,inactive:clear,False,1791359448492315989,-41.939684011,False
1791359448569143125,,True,828,bird_eye,dry_run,none,False,False,0.0,0.0,0,inactive:clear,False,1791359448527984556,-41.904015444,False
1791359448601851082,,True,829,bird_eye,dry_run,none,False,False,0.0,0.0,0,inactive:clear,False,1791359448560726687,-41.871273313,False
1791359448637193202,,True,830,bird_eye,dry_run,none,False,False,0.0,0.0,0,inactive:clear,False,1791359448596386040,-41.83561396,False
1791359448669283937,,True,831,bird_eye,dry_run,none,False,False,0.0,0.0,0,inactive:clear,False,1791359448628075753,-41.803924247,False
1791359448708791153,,True,832,bird_eye,dry_run,none,False,False,0.0,0.0,0,inactive:clear,False,1791359448667952150,-41.76404785,False
1791359448734424451,,True,833,bird_eye,dry_run,none,False,False,0.0,0.0,0,inactive:clear,False,1791359448694152605,-41.737847395,False
1791359448768995713,,True,834,bird_eye,dry_run,none,False,False,0.0,0.0,0,inactive:clear,False,1791359448728920168,-41.703079832,False
1791359448841047668,,True,835,bird_eye,dry_run,none,False,False,0.0,0.0,0,inactive:clear,False,1791359448799733608,-41.632266392,False
1791359448907844221,,True,836,bird_eye,dry_run,none,False,False,0.0,0.0,0,inactive:clear,False,1791359448866592585,-41.565407415,False
1791359448938464354,,True,837,bird_eye,dry_run,none,False,False,0.0,0.0,0,inactive:clear,False,1791359448897703931,-41.534296069,False
1791359448968880846,,True,838,bird_eye,dry_run,none,False,False,0.0,0.0,0,inactive:clear,False,1791359448927803149,-41.504196851,False
1791359449003479010,,True,839,bird_eye,dry_run,none,False,False,0.0,0.0,0,inactive:clear,False,1791359448962525326,-41.469474674,False
1791359449038703723,,True,840,bird_eye,dry_run,none,False,False,0.0,0.0,0,inactive:clear,False,1791359448997736606,-41.434263394,False
1791359449066670851,,True,841,bird_eye,dry_run,none,False,False,0.0,0.0,0,inactive:clear,False,1791359449027804009,-41.404195991,False
1791359449100837915,,True,842,bird_eye,dry_run,none,False,False,0.0,0.0,0,inactive:clear,False,1791359449059480354,-41.372519646,False
1791359449133680268,,True,843,bird_eye,dry_run,none,False,False,0.0,0.0,0,inactive:clear,False,1791359449099778179,-41.332221821,False
1791359449168597481,,True,844,bird_eye,dry_run,none,False,False,0.0,0.0,0,inactive:clear,False,1791359449127672244,-41.304327756,False
1791359449203966057,,True,845,bird_eye,dry_run,none,False,False,0.0,0.0,0,inactive:clear,False,1791359449162524806,-41.269475194,False
1791359449243667986,,True,846,bird_eye,dry_run,none,False,False,0.0,0.0,0,inactive:clear,False,1791359449202308295,-41.229691705,False
1791359449269220348,,True,847,bird_eye,dry_run,none,False,False,0.0,0.0,0,inactive:clear,False,1791359449227860979,-41.204139021,False
1791359449303269789,,True,848,bird_eye,dry_run,none,False,False,0.0,0.0,0,inactive:clear,False,1791359449265217789,-41.166782211,False
1791359449337444770,,True,849,bird_eye,dry_run,none,False,False,0.0,0.0,0,inactive:clear,False,1791359449296476702,-41.135523298,False
1791359449368939729,,True,850,bird_eye,dry_run,none,False,False,0.0,0.0,0,inactive:clear,False,1791359449327542195,-41.104457805,False
1791359449404181173,,True,851,bird_eye,dry_run,none,False,False,0.0,0.0,0,inactive:clear,False,1791359449363103846,-41.068896154,False
1791359449435994518,,True,852,bird_eye,dry_run,none,False,False,0.0,0.0,0,inactive:clear,False,1791359449396014416,-41.035985584,False
1791359449472982190,,True,853,bird_eye,dry_run,none,False,False,0.0,0.0,0,inactive:clear,False,1791359449432469050,-40.99953095,False
1791359449505341115,,True,854,bird_eye,dry_run,none,False,False,0.0,0.0,0,inactive:clear,False,1791359449464450998,-40.967549002,False
1791359449533320723,,True,855,bird_eye,dry_run,none,False,False,0.0,0.0,0,inactive:clear,False,1791359449492071160,-40.93992884,False
1791359449571171233,,True,856,bird_eye,dry_run,none,False,False,0.0,0.0,0,inactive:clear,False,1791359449529791616,-40.902208384,False
1791359449604070304,,True,857,bird_eye,dry_run,none,False,False,0.0,0.0,0,inactive:clear,False,1791359449562970351,-40.869029649,False
1791359449637562106,,True,858,bird_eye,dry_run,none,False,False,0.0,0.0,0,inactive:clear,False,1791359449596292540,-40.83570746,False
1791359449671497889,,True,859,bird_eye,dry_run,none,False,False,0.0,0.0,0,inactive:clear,False,1791359449630464821,-40.801535179,False
1791359449699994740,,True,860,bird_eye,dry_run,none,False,False,0.0,0.0,0,inactive:clear,False,1791359449661537452,-40.770462548,False
1791359449735454931,,True,861,bird_eye,dry_run,none,False,False,0.0,0.0,0,inactive:clear,False,1791359449697304392,-40.734695608,False
1791359449769490002,,True,862,bird_eye,dry_run,none,False,False,0.0,0.0,0,inactive:clear,False,1791359449728235999,-40.703764001,False
1791359449799958984,,True,863,bird_eye,dry_run,none,False,False,0.0,0.0,0,inactive:clear,False,1791359449759122370,-40.67287763,False
1791359449835375255,,True,864,bird_eye,dry_run,none,False,False,0.0,0.0,0,inactive:clear,False,1791359449796072694,-40.635927306,False
1791359449871164049,,True,865,bird_eye,dry_run,none,False,False,0.0,0.0,0,inactive:clear,False,1791359449830140612,-40.601859388,False
1791359449902325493,,True,866,bird_eye,dry_run,none,False,False,0.0,0.0,0,inactive:clear,False,1791359449861432115,-40.570567885,False
1791359449936695796,,True,867,bird_eye,dry_run,none,False,False,0.0,0.0,0,inactive:clear,False,1791359449895269474,-40.536730526,False
1791359449970530954,,True,868,bird_eye,dry_run,none,False,False,0.0,0.0,0,inactive:clear,False,1791359449929508685,-40.502491315,False
1791359450002818368,,True,869,bird_eye,dry_run,none,False,False,0.0,0.0,0,inactive:clear,False,1791359449962468220,-40.46953178,False
1791359450034718547,,True,870,bird_eye,dry_run,none,False,False,0.0,0.0,0,inactive:clear,False,1791359449993267657,-40.438732343,False
1791359450071247025,,True,871,bird_eye,dry_run,none,False,False,0.0,0.0,0,inactive:clear,False,1791359450034289824,-40.397710176,False
1791359450102524792,,True,872,bird_eye,dry_run,none,False,False,0.0,0.0,0,inactive:clear,False,1791359450061439816,-40.370560184,False
1791359450134737304,,True,873,bird_eye,dry_run,none,False,False,0.0,0.0,0,inactive:clear,False,1791359450099441059,-40.332558941,False
1791359450170144202,,True,874,bird_eye,dry_run,none,False,False,0.0,0.0,0,inactive:clear,False,1791359450130375425,-40.301624575,False
1791359450202128964,,True,875,bird_eye,dry_run,none,False,False,0.0,0.0,0,inactive:clear,False,1791359450164035115,-40.267964885,False
1791359450235181879,,True,876,bird_eye,dry_run,none,False,False,0.0,0.0,0,inactive:clear,False,1791359450195402276,-40.236597724,False
1791359450269881534,,True,877,bird_eye,dry_run,none,False,False,0.0,0.0,0,inactive:clear,False,1791359450229618073,-40.202381927,False
1791359450302457767,,True,878,bird_eye,dry_run,none,False,False,0.0,0.0,0,inactive:clear,False,1791359450261840293,-40.170159707,False
1791359450336343052,,True,879,bird_eye,dry_run,none,False,False,0.0,0.0,0,inactive:clear,False,1791359450295660173,-40.136339827,False
1791359450367976753,,True,880,bird_eye,dry_run,none,False,False,0.0,0.0,0,inactive:clear,False,1791359450328247105,-40.103752895,False
1791359450400464592,,True,881,bird_eye,dry_run,none,False,False,0.0,0.0,0,inactive:clear,False,1791359450360314889,-40.071685111,False
1791359450440188749,,True,882,bird_eye,dry_run,none,False,False,0.0,0.0,0,inactive:clear,False,1791359450400100244,-40.031899756,False
1791359450473454523,,True,883,bird_eye,dry_run,none,False,False,0.0,0.0,0,inactive:clear,False,1791359450433678978,-39.998321022,False
1791359450500866560,,True,884,bird_eye,dry_run,none,False,False,0.0,0.0,0,inactive:clear,False,1791359450459705986,-39.972294014,False
1791359450534826311,,True,885,bird_eye,dry_run,none,False,False,0.0,0.0,0,inactive:clear,False,1791359450494069529,-39.937930471,False
1791359450574509158,,True,886,bird_eye,dry_run,none,False,False,0.0,0.0,0,inactive:clear,False,1791359450533511203,-39.898488797,False
1791359450601197518,,True,887,bird_eye,dry_run,none,False,False,0.0,0.0,0,inactive:clear,False,1791359450560198672,-39.871801328,False
1791359450635935272,,True,888,bird_eye,dry_run,none,False,False,0.0,0.0,0,inactive:clear,False,1791359450595420846,-39.836579154,False
1791359450670935898,,True,889,bird_eye,dry_run,none,False,False,0.0,0.0,0,inactive:clear,False,1791359450634832428,-39.797167572,False
1791359450701497894,,True,890,bird_eye,dry_run,none,False,False,0.0,0.0,0,inactive:clear,False,1791359450661000250,-39.77099975,False
1791359450734134618,,True,891,bird_eye,dry_run,none,False,False,0.0,0.0,0,inactive:clear,False,1791359450693361422,-39.738638578,False
1791359450771391607,,True,892,bird_eye,dry_run,none,False,False,0.0,0.0,0,inactive:clear,False,1791359450730247444,-39.701752556,False
1791359450802232938,,True,893,bird_eye,dry_run,none,False,False,0.0,0.0,0,inactive:clear,False,1791359450761469627,-39.670530373,False
1791359450833204393,,True,894,bird_eye,dry_run,none,False,False,0.0,0.0,0,inactive:clear,False,1791359450792007665,-39.639992335,False
1791359450869783597,,True,895,bird_eye,dry_run,none,False,False,0.0,0.0,0,inactive:clear,False,1791359450829941707,-39.602058293,False
1791359450902100283,,True,896,bird_eye,dry_run,none,False,False,0.0,0.0,0,inactive:clear,False,1791359450861095490,-39.57090451,False
1791359450939348882,,True,897,bird_eye,dry_run,none,False,False,0.0,0.0,0,inactive:clear,False,1791359450898235771,-39.533764229,False
1791359450971591893,,True,898,bird_eye,dry_run,none,False,False,0.0,0.0,0,inactive:clear,False,1791359450930379431,-39.501620569,False
1791359451001208989,,True,899,bird_eye,dry_run,none,False,False,0.0,0.0,0,inactive:clear,False,1791359450959988720,-39.47201128,False
1791359451033379547,,True,900,bird_eye,dry_run,none,False,False,0.0,0.0,0,inactive:clear,False,1791359450992963290,-39.43903671,False
1791359451076533594,,True,901,bird_eye,dry_run,none,False,False,0.0,0.0,0,inactive:clear,False,1791359451036057862,-39.395942138,False
1791359451102536812,,True,902,bird_eye,dry_run,none,False,False,0.0,0.0,0,inactive:clear,False,1791359451062600609,-39.369399391,False
1791359451136609320,,True,903,bird_eye,dry_run,none,False,False,0.0,0.0,0,inactive:clear,False,1791359451096115929,-39.335884071,False
1791359451176392305,,True,904,bird_eye,dry_run,none,False,False,0.0,0.0,0,inactive:clear,False,1791359451137518127,-39.294481873,False
1791359451200375804,,True,905,bird_eye,dry_run,none,False,False,0.0,0.0,0,inactive:clear,False,1791359451159278182,-39.272721818,False
1791359451238676490,,True,906,bird_eye,dry_run,none,False,False,0.0,0.0,0,inactive:clear,False,1791359451198486561,-39.233513439,False
1791359451270096784,,True,907,bird_eye,dry_run,none,False,False,0.0,0.0,0,inactive:clear,False,1791359451229308626,-39.202691374,False
1791359451300700950,,True,908,bird_eye,dry_run,none,False,False,0.0,0.0,0,inactive:clear,False,1791359451259413296,-39.172586704,False
1791359451339663978,,True,909,bird_eye,dry_run,none,False,False,0.0,0.0,0,inactive:clear,False,1791359451299923266,-39.132076734,False
1791359451370091663,,True,910,bird_eye,dry_run,none,False,False,0.0,0.0,0,inactive:clear,False,1791359451329287220,-39.10271278,False
1791359451403090177,,True,911,bird_eye,dry_run,none,False,False,0.0,0.0,0,inactive:clear,False,1791359451362440174,-39.069559826,False
1791359451434478098,,True,912,bird_eye,dry_run,none,False,False,0.0,0.0,0,inactive:clear,False,1791359451396381131,-39.035618869,False
1791359451471101125,,True,913,bird_eye,dry_run,none,False,False,0.0,0.0,0,inactive:clear,False,1791359451438439715,-38.993560285,False
1791359451501133264,,True,914,bird_eye,dry_run,none,False,False,0.0,0.0,0,inactive:clear,False,1791359451462674190,-38.96932581,False
1791359451535529658,,True,915,bird_eye,dry_run,none,False,False,0.0,0.0,0,inactive:clear,False,1791359451495572369,-38.936427631,False
1791359451569895880,,True,916,bird_eye,dry_run,none,False,False,0.0,0.0,0,inactive:clear,False,1791359451529365461,-38.902634539,False
1791359451604890122,,True,917,bird_eye,dry_run,none,False,False,0.0,0.0,0,inactive:clear,False,1791359451563696120,-38.86830388,False
1791359451632766476,,True,918,bird_eye,dry_run,none,False,False,0.0,0.0,0,inactive:clear,False,1791359451592890834,-38.839109166,False
1791359451667255959,,True,919,bird_eye,dry_run,none,False,False,0.0,0.0,0,inactive:clear,False,1791359451626976141,-38.805023859,False
1791359451706024408,,True,920,bird_eye,dry_run,none,False,False,0.0,0.0,0,inactive:clear,False,1791359451666399577,-38.765600423,False
1791359451734434093,,True,921,bird_eye,dry_run,none,False,False,0.0,0.0,0,inactive:clear,False,1791359451693170581,-38.738829419,False
1791359451773375089,,True,922,bird_eye,dry_run,none,False,False,0.0,0.0,0,inactive:clear,False,1791359451732282246,-38.699717754,False
1791359451806550408,,True,923,bird_eye,dry_run,none,False,False,0.0,0.0,0,inactive:clear,False,1791359451765477718,-38.666522282,False
1791359451833811044,,True,924,bird_eye,dry_run,none,False,False,0.0,0.0,0,inactive:clear,False,1791359451792392447,-38.639607553,False
1791359451870397758,,True,925,bird_eye,dry_run,none,False,False,0.0,0.0,0,inactive:clear,False,1791359451831299905,-38.600700095,False
1791359451905945431,,True,926,bird_eye,dry_run,none,False,False,0.0,0.0,0,inactive:clear,False,1791359451872095297,-38.559904703,False
1791359451936361655,,True,927,bird_eye,dry_run,none,False,False,0.0,0.0,0,inactive:clear,False,1791359451894876454,-38.537123546,False
1791359451966962445,,True,928,bird_eye,dry_run,none,False,False,0.0,0.0,0,inactive:clear,False,1791359451926170702,-38.505829298,False
1791359452001963131,,True,929,bird_eye,dry_run,none,False,False,0.0,0.0,0,inactive:clear,False,1791359451967959813,-38.464040187,False
1791359452035402414,,True,930,bird_eye,dry_run,none,False,False,0.0,0.0,0,inactive:clear,False,1791359451994788989,-38.437211011,False
1791359452069978384,,True,931,bird_eye,dry_run,none,False,False,0.0,0.0,0,inactive:clear,False,1791359452028555970,-38.40344403,False
1791359452101820114,,True,932,bird_eye,dry_run,none,False,False,0.0,0.0,0,inactive:clear,False,1791359452060441452,-38.371558548,False
1791359452135295711,,True,933,bird_eye,dry_run,none,False,False,0.0,0.0,0,inactive:clear,False,1791359452095082331,-38.336917669,False
1791359452168714935,,True,934,bird_eye,dry_run,none,False,False,0.0,0.0,0,inactive:clear,False,1791359452127618229,-38.304381771,False
1791359452206711404,,True,935,bird_eye,dry_run,none,False,False,0.0,0.0,0,inactive:clear,False,1791359452167063009,-38.264936991,False
1791359452235606776,,True,936,bird_eye,dry_run,none,False,False,0.0,0.0,0,inactive:clear,False,1791359452194182555,-38.237817445,False
1791359452268568527,,True,937,bird_eye,dry_run,none,False,False,0.0,0.0,0,inactive:clear,False,1791359452227699856,-38.204300144,False
1791359452302121788,,True,938,bird_eye,dry_run,none,False,False,0.0,0.0,0,inactive:clear,False,1791359452260779030,-38.17122097,False
1791359452334602502,,True,939,bird_eye,dry_run,none,False,False,0.0,0.0,0,inactive:clear,False,1791359452293463083,-38.138536917,False
1791359452371737080,,True,940,bird_eye,dry_run,none,False,False,0.0,0.0,0,inactive:clear,False,1791359452331248159,-38.100751841,False
1791359452401414449,,True,941,bird_eye,dry_run,none,False,False,0.0,0.0,0,inactive:clear,False,1791359452360024374,-38.071975626,False
1791359452446908484,,True,942,bird_eye,dry_run,none,False,False,0.0,0.0,0,inactive:clear,False,1791359452406282784,-38.025717216,False
1791359452489389659,,True,943,bird_eye,dry_run,none,False,False,0.0,0.0,0,inactive:clear,False,1791359452448723047,-37.983276953,False
1791359452557258792,,True,944,bird_eye,dry_run,none,False,False,0.0,0.0,0,inactive:clear,False,1791359452516904072,-37.915095928,False
1791359452605185793,,True,945,bird_eye,dry_run,none,False,False,0.0,0.0,0,inactive:clear,False,1791359452564338557,-37.867661443,False
1791359452662424357,,True,946,bird_eye,dry_run,none,False,False,0.0,0.0,0,inactive:clear,False,1791359452622246632,-37.809753368,False
1791359452676029125,,True,947,bird_eye,dry_run,none,False,False,0.0,0.0,0,inactive:clear,False,1791359452639219258,-37.792780742,False
1791359452699317588,,True,948,bird_eye,dry_run,none,False,False,0.0,0.0,0,inactive:clear,False,1791359452659841771,-37.772158229,False
1791359452715361179,,True,949,bird_eye,dry_run,none,False,False,0.0,0.0,0,inactive:clear,False,1791359452682011494,-37.749988506,False
1791359452744435714,,True,950,bird_eye,dry_run,none,False,False,0.0,0.0,0,inactive:clear,False,1791359452703059665,-37.728940335,False
1791359452788846358,,True,951,bird_eye,dry_run,none,False,False,0.0,0.0,0,inactive:clear,False,1791359452747913053,-37.684086947,False
1791359452809139587,,True,952,bird_eye,dry_run,none,False,False,0.0,0.0,0,inactive:clear,False,1791359452767921411,-37.664078589,False
1791359452840434301,,True,953,bird_eye,dry_run,none,False,False,0.0,0.0,0,inactive:clear,False,1791359452799340320,-37.63265968,False
1791359452873682343,,True,954,bird_eye,dry_run,none,False,False,0.0,0.0,0,inactive:clear,False,1791359452834109638,-37.597890362,False
1791359452911660015,,True,955,bird_eye,dry_run,none,False,False,0.0,0.0,0,inactive:clear,False,1791359452870131498,-37.561868502,False
1791359452935276924,,True,956,bird_eye,dry_run,none,False,False,0.0,0.0,0,inactive:clear,False,1791359452894360034,-37.537639966,False
1791359452967199637,,True,957,bird_eye,dry_run,none,False,False,0.0,0.0,0,inactive:clear,False,1791359452927881944,-37.504118056,False
1791359453005023211,,True,958,bird_eye,dry_run,none,False,False,0.0,0.0,0,inactive:clear,False,1791359452963660812,-37.468339188,False
1791359453033100768,,True,959,bird_eye,dry_run,none,False,False,0.0,0.0,0,inactive:clear,False,1791359452992013675,-37.439986325,False
1791359453071614671,,True,960,bird_eye,dry_run,none,False,False,0.0,0.0,0,inactive:clear,False,1791359453031401465,-37.400598535,False
1791359453101875008,,True,961,bird_eye,dry_run,none,False,False,0.0,0.0,0,inactive:clear,False,1791359453060564511,-37.371435489,False
1791359453134321118,,True,962,bird_eye,dry_run,none,False,False,0.0,0.0,0,inactive:clear,False,1791359453093098753,-37.338901247,False
1791359453166779493,,True,963,bird_eye,dry_run,none,False,False,0.0,0.0,0,inactive:clear,False,1791359453125502402,-37.306497598,False
1791359453191711485,,True,964,bird_eye,dry_run,none,False,False,0.0,0.0,0,inactive:clear,False,1791359453150712922,-37.281287078,False
1791359453224827239,,True,965,bird_eye,dry_run,none,False,False,0.0,0.0,0,inactive:clear,False,1791359453183800183,-37.248199817,False
1791359453256911832,,True,966,bird_eye,dry_run,none,False,False,0.0,0.0,0,inactive:clear,False,1791359453216192296,-37.215807704,False
1791359453299007359,,True,967,bird_eye,dry_run,none,False,False,0.0,0.0,0,inactive:clear,False,1791359453258997902,-37.173002098,False
1791359453327848389,,True,968,bird_eye,dry_run,none,False,False,0.0,0.0,0,inactive:clear,False,1791359453288025060,-37.14397494,False
1791359453361490306,,True,969,bird_eye,dry_run,none,False,False,0.0,0.0,0,inactive:clear,False,1791359453320334726,-37.111665274,False
1791359453398642693,,True,970,bird_eye,dry_run,none,False,False,0.0,0.0,0,inactive:clear,False,1791359453357455887,-37.074544113,False
1791359453420359777,,True,971,bird_eye,dry_run,none,False,False,0.0,0.0,0,inactive:clear,False,1791359453378933046,-37.053066954,False
1791359453451680511,,True,972,bird_eye,dry_run,none,False,False,0.0,0.0,0,inactive:clear,False,1791359453410265202,-37.021734798,False
1791359453483881913,,True,973,bird_eye,dry_run,none,False,False,0.0,0.0,0,inactive:clear,False,1791359453442667761,-36.989332239,False
1791359453520008217,,True,974,bird_eye,dry_run,none,False,False,0.0,0.0,0,inactive:clear,False,1791359453478545078,-36.953454922,False
1791359453549609023,,True,975,bird_eye,dry_run,none,False,False,0.0,0.0,0,inactive:clear,False,1791359453508280544,-36.923719456,False
1791359453576316661,,True,976,bird_eye,dry_run,none,False,False,0.0,0.0,0,inactive:clear,False,1791359453536279668,-36.895720332,False
1791359453613903856,,True,977,bird_eye,dry_run,none,False,False,0.0,0.0,0,inactive:clear,False,1791359453574061696,-36.857938304,False
1791359453639841869,,True,978,bird_eye,dry_run,none,False,False,0.0,0.0,0,inactive:clear,False,1791359453603357878,-36.828642122,False
1791359453672269718,,True,979,bird_eye,dry_run,none,False,False,0.0,0.0,0,inactive:clear,False,1791359453630837084,-36.801162916,False
1791359453710668214,,True,980,bird_eye,dry_run,none,False,False,0.0,0.0,0,inactive:clear,False,1791359453669539301,-36.762460699,False
1791359453738110126,,True,981,bird_eye,dry_run,none,False,False,0.0,0.0,0,inactive:clear,False,1791359453699131728,-36.732868272,False
1791359453770300028,,True,982,bird_eye,dry_run,none,False,False,0.0,0.0,0,inactive:clear,False,1791359453729859172,-36.702140828,False
1791359453803500626,,True,983,bird_eye,dry_run,none,False,False,0.0,0.0,0,inactive:clear,False,1791359453763860328,-36.668139672,False
1791359453836081008,,True,984,bird_eye,dry_run,none,False,False,0.0,0.0,0,inactive:clear,False,1791359453802570581,-36.629429419,False
1791359453878515428,,True,985,bird_eye,dry_run,none,False,False,0.0,0.0,0,inactive:clear,False,1791359453838099869,-36.593900131,False
1791359453916985173,,True,986,bird_eye,dry_run,none,False,False,0.0,0.0,0,inactive:clear,False,1791359453876332074,-36.555667926,False
1791359453948376366,,True,987,bird_eye,dry_run,none,False,False,0.0,0.0,0,inactive:clear,False,1791359453911037134,-36.520962866,False
1791359453979835949,,True,988,bird_eye,dry_run,none,False,False,0.0,0.0,0,inactive:clear,False,1791359453938506056,-36.493493944,False
1791359454006541720,,True,989,bird_eye,dry_run,none,False,False,0.0,0.0,0,inactive:clear,False,1791359453965614122,-36.466385878,False
1791359454039054542,,True,990,bird_eye,dry_run,none,False,False,0.0,0.0,0,inactive:clear,False,1791359453997919403,-36.434080597,False
1791359454071176478,,True,991,bird_eye,dry_run,none,False,False,0.0,0.0,0,inactive:clear,False,1791359454030092877,-36.401907123,False
1791359454104869151,,True,992,bird_eye,dry_run,none,False,False,0.0,0.0,0,inactive:clear,False,1791359454064138519,-36.367861481,False
1791359454136606294,,True,993,bird_eye,dry_run,none,False,False,0.0,0.0,0,inactive:clear,False,1791359454096369334,-36.335630666,False
1791359454169124755,,True,994,bird_eye,dry_run,none,False,False,0.0,0.0,0,inactive:clear,False,1791359454128117586,-36.303882414,False
1791359454204540686,,True,995,bird_eye,dry_run,none,False,False,0.0,0.0,0,inactive:clear,False,1791359454164376052,-36.267623948,False
1791359454231524001,,True,996,bird_eye,dry_run,none,False,False,0.0,0.0,0,inactive:clear,False,1791359454190873761,-36.241126239,False
1791359454278814193,,True,997,bird_eye,dry_run,none,False,False,0.0,0.0,0,inactive:clear,False,1791359454237370381,-36.194629619,False
1791359454301075588,,True,998,bird_eye,dry_run,none,False,False,0.0,0.0,0,inactive:clear,False,1791359454259717714,-36.172282286,False
1791359454333276730,,True,999,bird_eye,dry_run,none,False,False,0.0,0.0,0,inactive:clear,False,1791359454292404843,-36.139595157,False
1791359454365974634,,True,1000,bird_eye,dry_run,none,False,False,0.0,0.0,0,inactive:clear,False,1791359454327980506,-36.104019494,False
1791359454400394146,,True,1001,bird_eye,dry_run,none,False,False,0.0,0.0,0,inactive:clear,False,1791359454361448839,-36.070551161,False
1791359454432837346,,True,1002,bird_eye,dry_run,none,False,False,0.0,0.0,0,inactive:clear,False,1791359454391445290,-36.04055471,False
1791359454466258510,,True,1003,bird_eye,dry_run,none,False,False,0.0,0.0,0,inactive:clear,False,1791359454424918504,-36.007081496,False
1791359454497948828,,True,1004,bird_eye,dry_run,none,False,False,0.0,0.0,0,inactive:clear,False,1791359454457095792,-35.974904208,False
1791359454538724339,,True,1005,bird_eye,dry_run,none,False,False,0.0,0.0,0,inactive:clear,False,1791359454497360006,-35.934639994,False
1791359454579331264,,True,1006,bird_eye,dry_run,none,False,False,0.0,0.0,0,inactive:clear,False,1791359454538907000,-35.893093,False
1791359454602430354,,True,1007,bird_eye,dry_run,none,False,False,0.0,0.0,0,inactive:clear,False,1791359454561265966,-35.870734034,False
1791359454632883411,,True,1008,bird_eye,dry_run,none,False,False,0.0,0.0,0,inactive:clear,False,1791359454591476388,-35.840523612,False
1791359454672955587,,True,1009,bird_eye,dry_run,none,False,False,0.0,0.0,0,inactive:clear,False,1791359454632153820,-35.79984618,False
1791359454701596328,,True,1010,bird_eye,dry_run,none,False,False,0.0,0.0,0,inactive:clear,False,1791359454661890480,-35.77010952,False
1791359454738061604,,True,1011,bird_eye,dry_run,none,False,False,0.0,0.0,0,inactive:clear,False,1791359454697317963,-35.734682037,False
1791359454766612135,,True,1012,bird_eye,dry_run,none,False,False,0.0,0.0,0,inactive:clear,False,1791359454730541681,-35.701458319,False
1791359454799383780,,True,1013,bird_eye,dry_run,none,False,False,0.0,0.0,0,inactive:clear,False,1791359454758031205,-35.673968795,False
1791359454835054696,,True,1014,bird_eye,dry_run,none,False,False,0.0,0.0,0,inactive:clear,False,1791359454793554646,-35.638445354,False
1791359454869400324,,True,1015,bird_eye,dry_run,none,False,False,0.0,0.0,0,inactive:clear,False,1791359454828397153,-35.603602847,False
1791359454899772188,,True,1016,bird_eye,dry_run,none,False,False,0.0,0.0,0,inactive:clear,False,1791359454858589269,-35.573410731,False
1791359454935986930,,True,1017,bird_eye,dry_run,none,False,False,0.0,0.0,0,inactive:clear,False,1791359454895189825,-35.536810175,False
1791359454977831448,,True,1018,bird_eye,dry_run,none,False,False,0.0,0.0,0,inactive:clear,False,1791359454936430613,-35.495569387,False
1791359454997859650,,True,1019,bird_eye,dry_run,none,False,False,0.0,0.0,0,inactive:clear,False,1791359454956535318,-35.475464682,False
1791359455038120023,,True,1020,bird_eye,dry_run,none,False,False,0.0,0.0,0,inactive:clear,False,1791359454996756414,-35.435243586,False
1791359455071540403,,True,1021,bird_eye,dry_run,none,False,False,0.0,0.0,0,inactive:clear,False,1791359455030279738,-35.401720262,False
1791359455104312075,,True,1022,bird_eye,dry_run,none,False,False,0.0,0.0,0,inactive:clear,False,1791359455063112149,-35.368887851,False
1791359455133380842,,True,1023,bird_eye,dry_run,none,False,False,0.0,0.0,0,inactive:clear,False,1791359455092081288,-35.339918712,False
1791359455174205239,,True,1024,bird_eye,dry_run,none,False,False,0.0,0.0,0,inactive:clear,False,1791359455133270176,-35.298729824,False
1791359455197846343,,True,1025,bird_eye,dry_run,none,False,False,0.0,0.0,0,inactive:clear,False,1791359455156610685,-35.275389315,False
1791359455239269638,,True,1026,bird_eye,dry_run,none,False,False,0.0,0.0,0,inactive:clear,False,1791359455198337296,-35.233662704,False
1791359455273989151,,True,1027,bird_eye,dry_run,none,False,False,0.0,0.0,0,inactive:clear,False,1791359455233549397,-35.198450603,False
1791359455298686950,,True,1028,bird_eye,dry_run,none,False,False,0.0,0.0,0,inactive:clear,False,1791359455257331808,-35.174668192,False
1791359455336788396,,True,1029,bird_eye,dry_run,none,False,False,0.0,0.0,0,inactive:clear,False,1791359455296051816,-35.135948184,False
1791359455369329494,,True,1030,bird_eye,dry_run,none,False,False,0.0,0.0,0,inactive:clear,False,1791359455328152832,-35.103847168,False
1791359455400936121,,True,1031,bird_eye,dry_run,none,False,False,0.0,0.0,0,inactive:clear,False,1791359455359804873,-35.072195127,False
1791359455443496418,,True,1032,bird_eye,dry_run,none,False,False,0.0,0.0,0,inactive:clear,False,1791359455402469880,-35.02953012,False
1791359455477375576,,True,1033,bird_eye,dry_run,none,False,False,0.0,0.0,0,inactive:clear,False,1791359455436137580,-34.99586242,False
1791359455503278237,,True,1034,bird_eye,dry_run,none,False,False,0.0,0.0,0,inactive:clear,False,1791359455461948189,-34.970051811,False
1791359455539019086,,True,1035,bird_eye,dry_run,none,False,False,0.0,0.0,0,inactive:clear,False,1791359455498208412,-34.933791588,False
1791359455568963649,,True,1036,bird_eye,dry_run,none,False,False,0.0,0.0,0,inactive:clear,False,1791359455527673549,-34.904326451,False
1791359455600870811,,True,1037,bird_eye,dry_run,none,False,False,0.0,0.0,0,inactive:clear,False,1791359455559495348,-34.872504652,False
1791359455634377244,,True,1038,bird_eye,dry_run,none,False,False,0.0,0.0,0,inactive:clear,False,1791359455595039057,-34.836960943,False
1791359455666673385,,True,1039,bird_eye,dry_run,none,False,False,0.0,0.0,0,inactive:clear,False,1791359455625281753,-34.806718247,False
1791359455702018500,,True,1040,bird_eye,dry_run,none,False,False,0.0,0.0,0,inactive:clear,False,1791359455660657044,-34.771342956,False
1791359455741223064,,True,1041,bird_eye,dry_run,none,False,False,0.0,0.0,0,inactive:clear,False,1791359455700083067,-34.731916933,False
1791359455765431299,,True,1042,bird_eye,dry_run,none,False,False,0.0,0.0,0,inactive:clear,False,1791359455724244565,-34.707755435,False
1791359455810261531,,True,1043,bird_eye,dry_run,none,False,False,0.0,0.0,0,inactive:clear,False,1791359455770360464,-34.661639536,False
1791359455834271312,,True,1044,bird_eye,dry_run,none,False,False,0.0,0.0,0,inactive:clear,False,1791359455793733911,-34.638266089,False
1791359455869714653,,True,1045,bird_eye,dry_run,none,False,False,0.0,0.0,0,inactive:clear,False,1791359455828430359,-34.603569641,False
1791359455900267275,,True,1046,bird_eye,dry_run,none,False,False,0.0,0.0,0,inactive:clear,False,1791359455859832608,-34.572167392,False
1791359455937398571,,True,1047,bird_eye,dry_run,none,False,False,0.0,0.0,0,inactive:clear,False,1791359455900887552,-34.531112448,False
1791359455973248139,,True,1048,bird_eye,dry_run,none,False,False,0.0,0.0,0,inactive:clear,False,1791359455931943506,-34.500056494,False
1791359456002836697,,True,1049,bird_eye,dry_run,none,False,False,0.0,0.0,0,inactive:clear,False,1791359455962023063,-34.469976937,False
1791359456034894017,,True,1050,bird_eye,dry_run,none,False,False,0.0,0.0,0,inactive:clear,False,1791359455994088954,-34.437911046,False
1791359456066333066,,True,1051,bird_eye,dry_run,none,False,False,0.0,0.0,0,inactive:clear,False,1791359456025695314,-34.406304686,False
1791359456103730776,,True,1052,bird_eye,dry_run,none,False,False,0.0,0.0,0,inactive:clear,False,1791359456068206101,-34.363793899,False
1791359456133781757,,True,1053,bird_eye,dry_run,none,False,False,0.0,0.0,0,inactive:clear,False,1791359456095787186,-34.336212814,False
1791359456164862940,,True,1054,bird_eye,dry_run,none,False,False,0.0,0.0,0,inactive:clear,False,1791359456123469298,-34.308530702,False
1791359456199657761,,True,1055,bird_eye,dry_run,none,False,False,0.0,0.0,0,inactive:clear,False,1791359456158227684,-34.273772316,False
1791359456232629848,,True,1056,bird_eye,dry_run,none,False,False,0.0,0.0,0,inactive:clear,False,1791359456191304932,-34.240695068,False
1791359456266859214,,True,1057,bird_eye,dry_run,none,False,False,0.0,0.0,0,inactive:clear,False,1791359456225796944,-34.206203056,False
1791359456300470882,,True,1058,bird_eye,dry_run,none,False,False,0.0,0.0,0,inactive:clear,False,1791359456259258668,-34.172741332,False
1791359456332318475,,True,1059,bird_eye,dry_run,none,False,False,0.0,0.0,0,inactive:clear,False,1791359456291024374,-34.140975626,False
1791359456365522718,,True,1060,bird_eye,dry_run,none,False,False,0.0,0.0,0,inactive:clear,False,1791359456325370659,-34.106629341,False
1791359456398868837,,True,1061,bird_eye,dry_run,none,False,False,0.0,0.0,0,inactive:clear,False,1791359456357874771,-34.074125229,False
1791359456436300785,,True,1062,bird_eye,dry_run,none,False,False,0.0,0.0,0,inactive:clear,False,1791359456395609755,-34.036390245,False
1791359456470184158,,True,1063,bird_eye,dry_run,none,False,False,0.0,0.0,0,inactive:clear,False,1791359456428934070,-34.00306593,False
1791359456498349258,,True,1064,bird_eye,dry_run,none,False,False,0.0,0.0,0,inactive:clear,False,1791359456457550355,-33.974449645,False
1791359456532752387,,True,1065,bird_eye,dry_run,none,False,False,0.0,0.0,0,inactive:clear,False,1791359456491446535,-33.940553465,False
1791359456566096564,,True,1066,bird_eye,dry_run,none,False,False,0.0,0.0,0,inactive:clear,False,1791359456525222077,-33.906777923,False
1791359456600075307,,True,1067,bird_eye,dry_run,none,False,False,0.0,0.0,0,inactive:clear,False,1791359456558818508,-33.873181492,False
1791359456633391166,,True,1068,bird_eye,dry_run,none,False,False,0.0,0.0,0,inactive:clear,False,1791359456592126134,-33.839873866,False
1791359456670468438,,True,1069,bird_eye,dry_run,none,False,False,0.0,0.0,0,inactive:clear,False,1791359456632937365,-33.799062635,False
1791359456699915396,,True,1070,bird_eye,dry_run,none,False,False,0.0,0.0,0,inactive:clear,False,1791359456659071915,-33.772928085,False
1791359456733079587,,True,1071,bird_eye,dry_run,none,False,False,0.0,0.0,0,inactive:clear,False,1791359456691871396,-33.740128604,False
1791359456773257998,,True,1072,bird_eye,dry_run,none,False,False,0.0,0.0,0,inactive:clear,False,1791359456731916362,-33.700083638,False
1791359456798731373,,True,1073,bird_eye,dry_run,none,False,False,0.0,0.0,0,inactive:clear,False,1791359456757552557,-33.674447443,False
1791359456837600468,,True,1074,bird_eye,dry_run,none,False,False,0.0,0.0,0,inactive:clear,False,1791359456796301604,-33.635698396,False
1791359456872426897,,True,1075,bird_eye,dry_run,none,False,False,0.0,0.0,0,inactive:clear,False,1791359456831337876,-33.600662124,False
1791359456900573609,,True,1076,bird_eye,dry_run,none,False,False,0.0,0.0,0,inactive:clear,False,1791359456860382550,-33.57161745,False
1791359456936076802,,True,1077,bird_eye,dry_run,none,False,False,0.0,0.0,0,inactive:clear,False,1791359456895473678,-33.536526322,False
1791359456971580398,,True,1078,bird_eye,dry_run,none,False,False,0.0,0.0,0,inactive:clear,False,1791359456932052682,-33.499947318,False
1791359456998972498,,True,1079,bird_eye,dry_run,none,False,False,0.0,0.0,0,inactive:clear,False,1791359456957978480,-33.47402152,False
1791359457037494410,,True,1080,bird_eye,dry_run,none,False,False,0.0,0.0,0,inactive:clear,False,1791359456996191624,-33.435808376,False
1791359457069952980,,True,1081,bird_eye,dry_run,none,False,False,0.0,0.0,0,inactive:clear,False,1791359457028554388,-33.403445612,False
1791359457105351765,,True,1082,bird_eye,dry_run,none,False,False,0.0,0.0,0,inactive:clear,False,1791359457063937927,-33.368062073,False
1791359457141932780,,True,1083,bird_eye,dry_run,none,False,False,0.0,0.0,0,inactive:clear,False,1791359457100437262,-33.331562738,False
1791359457166361180,,True,1084,bird_eye,dry_run,none,False,False,0.0,0.0,0,inactive:clear,False,1791359457126204222,-33.305795778,False
1791359457200386935,,True,1085,bird_eye,dry_run,none,False,False,0.0,0.0,0,inactive:clear,False,1791359457159066800,-33.2729332,False
1791359457241424067,,True,1086,bird_eye,dry_run,none,False,False,0.0,0.0,0,inactive:clear,False,1791359457200103619,-33.231896381,False
1791359457273288870,,True,1087,bird_eye,dry_run,none,False,False,0.0,0.0,0,inactive:clear,False,1791359457232932274,-33.199067726,False
1791359457299117318,,True,1088,bird_eye,dry_run,none,False,False,0.0,0.0,0,inactive:clear,False,1791359457257796662,-33.174203338,False
1791359457342245282,,True,1089,bird_eye,dry_run,none,False,False,0.0,0.0,0,inactive:clear,False,1791359457301077735,-33.130922265,False
1791359457366001515,,True,1090,bird_eye,dry_run,none,False,False,0.0,0.0,0,inactive:clear,False,1791359457324709555,-33.107290445,False
1791359457403841150,,True,1091,bird_eye,dry_run,none,False,False,0.0,0.0,0,inactive:clear,False,1791359457362637592,-33.069362408,False
1791359457440306373,,True,1092,bird_eye,dry_run,none,False,False,0.0,0.0,0,inactive:clear,False,1791359457398949749,-33.033050251,False
1791359457481918556,,True,1093,bird_eye,dry_run,none,False,False,0.0,0.0,0,inactive:clear,False,1791359457446526358,-32.985473642,False
1791359457509213049,,True,1094,bird_eye,dry_run,none,False,False,0.0,0.0,0,inactive:clear,False,1791359457468068272,-32.963931728,False
1791359457534590200,,True,1095,bird_eye,dry_run,none,False,False,0.0,0.0,0,inactive:clear,False,1791359457497101273,-32.934898727,False
1791359457573738943,,True,1096,bird_eye,dry_run,none,False,False,0.0,0.0,0,inactive:clear,False,1791359457537667836,-32.894332164,False
1791359457602341734,,True,1097,bird_eye,dry_run,none,False,False,0.0,0.0,0,inactive:clear,False,1791359457563381054,-32.868618946,False
1791359457648496975,,True,1098,bird_eye,dry_run,none,False,False,0.0,0.0,0,inactive:clear,False,1791359457607345067,-32.824654933,False
1791359457669384473,,True,1099,bird_eye,dry_run,none,False,False,0.0,0.0,0,inactive:clear,False,1791359457629427088,-32.802572912,False
1791359457700060446,,True,1100,bird_eye,dry_run,none,False,False,0.0,0.0,0,inactive:clear,False,1791359457659687754,-32.772312246,False
1791359457756447516,,True,1101,bird_eye,dry_run,none,False,False,0.0,0.0,0,inactive:clear,False,1791359457731671895,-32.700328105,False
1791359457773162767,,True,1102,bird_eye,dry_run,none,False,False,0.0,0.0,0,inactive:clear,False,1791359457731697737,-32.700302263,False
1791359457799229659,,True,1103,bird_eye,dry_run,none,False,False,0.0,0.0,0,inactive:clear,False,1791359457759807742,-32.672192258,False
1791359457837118952,,True,1104,bird_eye,dry_run,none,False,False,0.0,0.0,0,inactive:clear,False,1791359457795951723,-32.636048277,False
1791359457868766785,,True,1105,bird_eye,dry_run,none,False,False,0.0,0.0,0,inactive:clear,False,1791359457828944181,-32.603055819,False
1791359457903904028,,True,1106,bird_eye,dry_run,none,False,False,0.0,0.0,0,inactive:clear,False,1791359457862974651,-32.569025349,False
1791359457936832430,,True,1107,bird_eye,dry_run,none,False,False,0.0,0.0,0,inactive:clear,False,1791359457895785196,-32.536214804,False
1791359457969284244,,True,1108,bird_eye,dry_run,none,False,False,0.0,0.0,0,inactive:clear,False,1791359457928589824,-32.503410176,False
1791359457999432549,,True,1109,bird_eye,dry_run,none,False,False,0.0,0.0,0,inactive:clear,False,1791359457957905617,-32.474094383,False
1791359458036063186,,True,1110,bird_eye,dry_run,none,False,False,0.0,0.0,0,inactive:clear,False,1791359457994975086,-32.437024914,False
1791359458070572549,,True,1111,bird_eye,dry_run,none,False,False,0.0,0.0,0,inactive:clear,False,1791359458029182214,-32.402817786,False
1791359458099825764,,True,1112,bird_eye,dry_run,none,False,False,0.0,0.0,0,inactive:clear,False,1791359458058283548,-32.373716452,False
1791359458136007615,,True,1113,bird_eye,dry_run,none,False,False,0.0,0.0,0,inactive:clear,False,1791359458095765611,-32.336234389,False
1791359458167912828,,True,1114,bird_eye,dry_run,none,False,False,0.0,0.0,0,inactive:clear,False,1791359458126410810,-32.30558919,False
1791359458201795040,,True,1115,bird_eye,dry_run,none,False,False,0.0,0.0,0,inactive:clear,False,1791359458160861995,-32.271138005,False
1791359458232582658,,True,1116,bird_eye,dry_run,none,False,False,0.0,0.0,0,inactive:clear,False,1791359458191152167,-32.240847833,False
1791359458272281371,,True,1117,bird_eye,dry_run,none,False,False,0.0,0.0,0,inactive:clear,False,1791359458230739698,-32.201260302,False
1791359458299210252,,True,1118,bird_eye,dry_run,none,False,False,0.0,0.0,0,inactive:clear,False,1791359458258342443,-32.173657557,False
1791359458335448612,,True,1119,bird_eye,dry_run,none,False,False,0.0,0.0,0,inactive:clear,False,1791359458296064408,-32.135935592,False
1791359458370169888,,True,1120,bird_eye,dry_run,none,False,False,0.0,0.0,0,inactive:clear,False,1791359458328796696,-32.103203304,False
1791359458402006506,,True,1121,bird_eye,dry_run,none,False,False,0.0,0.0,0,inactive:clear,False,1791359458362370484,-32.069629516,False
1791359458435624986,,True,1122,bird_eye,dry_run,none,False,False,0.0,0.0,0,inactive:clear,False,1791359458394256516,-32.037743484,False
1791359458468941513,,True,1123,bird_eye,dry_run,none,False,False,0.0,0.0,0,inactive:clear,False,1791359458427502460,-32.00449754,False
1791359458500502883,,True,1124,bird_eye,dry_run,none,False,False,0.0,0.0,0,inactive:clear,False,1791359458460224505,-31.971775495,False
1791359458533047495,,True,1125,bird_eye,dry_run,none,False,False,0.0,0.0,0,inactive:clear,False,1791359458491843730,-31.94015627,False
1791359458569580878,,True,1126,bird_eye,dry_run,none,False,False,0.0,0.0,0,inactive:clear,False,1791359458531382315,-31.900617685,False
1791359458599318406,,True,1127,bird_eye,dry_run,none,False,False,0.0,0.0,0,inactive:clear,False,1791359458558594596,-31.873405404,False
1791359458635345274,,True,1128,bird_eye,dry_run,none,False,False,0.0,0.0,0,inactive:clear,False,1791359458594024902,-31.837975098,False
1791359458672978340,,True,1129,bird_eye,dry_run,none,False,False,0.0,0.0,0,inactive:clear,False,1791359458631964209,-31.800035791,False
1791359458702695134,,True,1130,bird_eye,dry_run,none,False,False,0.0,0.0,0,inactive:clear,False,1791359458661234379,-31.770765621,False
1791359458736509291,,True,1131,bird_eye,dry_run,none,False,False,0.0,0.0,0,inactive:clear,False,1791359458697917941,-31.734082059,False
1791359458772326660,,True,1132,bird_eye,dry_run,none,False,False,0.0,0.0,0,inactive:clear,False,1791359458731092838,-31.700907162,False
1791359458801826858,,True,1133,bird_eye,dry_run,none,False,False,0.0,0.0,0,inactive:clear,False,1791359458760813300,-31.6711867,False
1791359458834371711,,True,1134,bird_eye,dry_run,none,False,False,0.0,0.0,0,inactive:clear,False,1791359458793183596,-31.638816404,False
1791359458870598230,,True,1135,bird_eye,dry_run,none,False,False,0.0,0.0,0,inactive:clear,False,1791359458829811919,-31.602188081,False
1791359458901924044,,True,1136,bird_eye,dry_run,none,False,False,0.0,0.0,0,inactive:clear,False,1791359458861290088,-31.570709912,False
1791359458934784625,,True,1137,bird_eye,dry_run,none,False,False,0.0,0.0,0,inactive:clear,False,1791359458895125847,-31.536874153,False
1791359458972993589,,True,1138,bird_eye,dry_run,none,False,False,0.0,0.0,0,inactive:clear,False,1791359458931524403,-31.500475597,False
1791359458999997281,,True,1139,bird_eye,dry_run,none,False,False,0.0,0.0,0,inactive:clear,False,1791359458959096595,-31.472903405,False
1791359459038094271,,True,1140,bird_eye,dry_run,none,False,False,0.0,0.0,0,inactive:clear,False,1791359458996752961,-31.435247039,False
1791359459073603147,,True,1141,bird_eye,dry_run,none,False,False,0.0,0.0,0,inactive:clear,False,1791359459032124118,-31.399875882,False
1791359459101491199,,True,1142,bird_eye,dry_run,none,False,False,0.0,0.0,0,inactive:clear,False,1791359459060744208,-31.371255792,False
1791359459133539802,,True,1143,bird_eye,dry_run,none,False,False,0.0,0.0,0,inactive:clear,False,1791359459092395851,-31.339604149,False
1791359459168297741,,True,1144,bird_eye,dry_run,none,False,False,0.0,0.0,0,inactive:clear,False,1791359459126798656,-31.305201344,False
1791359459201338652,,True,1145,bird_eye,dry_run,none,False,False,0.0,0.0,0,inactive:clear,False,1791359459161176195,-31.270823805,False
1791359459233923950,,True,1146,bird_eye,dry_run,none,False,False,0.0,0.0,0,inactive:clear,False,1791359459192885862,-31.239114138,False
1791359459270111925,,True,1147,bird_eye,dry_run,none,False,False,0.0,0.0,0,inactive:clear,False,1791359459228721833,-31.203278167,False
1791359459301771332,,True,1148,bird_eye,dry_run,none,False,False,0.0,0.0,0,inactive:clear,False,1791359459260801118,-31.171198882,False
1791359459335842497,,True,1149,bird_eye,dry_run,none,False,False,0.0,0.0,0,inactive:clear,False,1791359459295303960,-31.13669604,False
1791359459370006910,,True,1150,bird_eye,dry_run,none,False,False,0.0,0.0,0,inactive:clear,False,1791359459331131911,-31.100868089,False
1791359459400551311,,True,1151,bird_eye,dry_run,none,False,False,0.0,0.0,0,inactive:clear,False,1791359459360508770,-31.07149123,False
1791359459434631664,,True,1152,bird_eye,dry_run,none,False,False,0.0,0.0,0,inactive:clear,False,1791359459393985244,-31.038014756,False
1791359459469719337,,True,1153,bird_eye,dry_run,none,False,False,0.0,0.0,0,inactive:clear,False,1791359459428493032,-31.003506968,False
1791359459502705926,,True,1154,bird_eye,dry_run,none,False,False,0.0,0.0,0,inactive:clear,False,1791359459463370706,-30.968629294,False
1791359459537691299,,True,1155,bird_eye,dry_run,none,False,False,0.0,0.0,0,inactive:clear,False,1791359459510456931,-30.921543069,False
1791359459571478583,,True,1156,bird_eye,dry_run,none,False,False,0.0,0.0,0,inactive:clear,False,1791359459530104874,-30.901895126,False
1791359459602639768,,True,1157,bird_eye,dry_run,none,False,False,0.0,0.0,0,inactive:clear,False,1791359459561509583,-30.870490417,False
1791359459636002429,,True,1158,bird_eye,dry_run,none,False,False,0.0,0.0,0,inactive:clear,False,1791359459595812544,-30.836187456,False
1791359459668703979,,True,1159,bird_eye,dry_run,none,False,False,0.0,0.0,0,inactive:clear,False,1791359459627501125,-30.804498875,False
1791359459702667184,,True,1160,bird_eye,dry_run,none,False,False,0.0,0.0,0,inactive:clear,False,1791359459662403570,-30.76959643,False
1791359459734288694,,True,1161,bird_eye,dry_run,none,False,False,0.0,0.0,0,inactive:clear,False,1791359459695013611,-30.736986389,False
1791359459768926047,,True,1162,bird_eye,dry_run,none,False,False,0.0,0.0,0,inactive:clear,False,1791359459735177139,-30.696822861,False
1791359459801029503,,True,1163,bird_eye,dry_run,none,False,False,0.0,0.0,0,inactive:clear,False,1791359459760757255,-30.671242745,False
1791359459835062511,,True,1164,bird_eye,dry_run,none,False,False,0.0,0.0,0,inactive:clear,False,1791359459793972328,-30.638027672,False
1791359459870864759,,True,1165,bird_eye,dry_run,none,False,False,0.0,0.0,0,inactive:clear,False,1791359459829531507,-30.602468493,False
1791359459901215937,,True,1166,bird_eye,dry_run,none,False,False,0.0,0.0,0,inactive:clear,False,1791359459859850655,-30.572149345,False
1791359459938443685,,True,1167,bird_eye,dry_run,none,False,False,0.0,0.0,0,inactive:clear,False,1791359459897897664,-30.534102336,False
1791359459969130917,,True,1168,bird_eye,dry_run,none,False,False,0.0,0.0,0,inactive:clear,False,1791359459927964818,-30.504035182,False
1791359460000456262,,True,1169,bird_eye,dry_run,none,False,False,0.0,0.0,0,inactive:clear,False,1791359459959679155,-30.472320845,False
1791359460037043656,,True,1170,bird_eye,dry_run,none,False,False,0.0,0.0,0,inactive:clear,False,1791359459996012009,-30.435987991,False
1791359460069100957,,True,1171,bird_eye,dry_run,none,False,False,0.0,0.0,0,inactive:clear,False,1791359460027747754,-30.404252246,False
1791359460102400038,,True,1172,bird_eye,dry_run,none,False,False,0.0,0.0,0,inactive:clear,False,1791359460061045779,-30.370954221,False
1791359460135549266,,True,1173,bird_eye,dry_run,none,False,False,0.0,0.0,0,inactive:clear,False,1791359460094153155,-30.337846845,False
1791359460168546903,,True,1174,bird_eye,dry_run,none,False,False,0.0,0.0,0,inactive:clear,False,1791359460127513365,-30.304486635,False
1791359460201875255,,True,1175,bird_eye,dry_run,none,False,False,0.0,0.0,0,inactive:clear,False,1791359460160359610,-30.27164039,False
1791359460237842980,,True,1176,bird_eye,dry_run,none,False,False,0.0,0.0,0,inactive:clear,False,1791359460197431543,-30.234568457,False
1791359460280535643,,True,1177,bird_eye,dry_run,none,False,False,0.0,0.0,0,inactive:clear,False,1791359460239773659,-30.192226341,False
1791359460305684238,,True,1178,bird_eye,dry_run,none,False,False,0.0,0.0,0,inactive:clear,False,1791359460264283627,-30.167716373,False
1791359460344896317,,True,1179,bird_eye,dry_run,none,False,False,0.0,0.0,0,inactive:clear,False,1791359460303767166,-30.128232834,False
1791359460366424400,,True,1180,bird_eye,dry_run,none,False,False,0.0,0.0,0,inactive:clear,False,1791359460325626044,-30.106373956,False
1791359460411729513,,True,1181,bird_eye,dry_run,none,False,False,0.0,0.0,0,inactive:clear,False,1791359460371225879,-30.060774121,False
1791359460446231266,,True,1182,bird_eye,dry_run,none,False,False,0.0,0.0,0,inactive:clear,False,1791359460406733303,-30.025266697,False
1791359460466047823,,True,1183,bird_eye,dry_run,none,False,False,0.0,0.0,0,inactive:clear,False,1791359460426841582,-30.005158418,False
1791359460508017904,,True,1184,bird_eye,dry_run,none,False,False,0.0,0.0,0,inactive:clear,False,1791359460467788290,-29.96421171,False
1791359460535559156,,True,1185,bird_eye,dry_run,none,False,False,0.0,0.0,0,inactive:clear,False,1791359460494145046,-29.937854954,False
1791359460570608229,,True,1186,bird_eye,dry_run,none,False,False,0.0,0.0,0,inactive:clear,False,1791359460530653259,-29.901346741,False
1791359460599623885,,True,1187,bird_eye,dry_run,none,False,False,0.0,0.0,0,inactive:clear,False,1791359460558281925,-29.873718075,False
1791359460631338695,,True,1188,bird_eye,dry_run,none,False,False,0.0,0.0,0,inactive:clear,False,1791359460590056325,-29.841943675,False
1791359460677498363,,True,1189,bird_eye,dry_run,none,False,False,0.0,0.0,0,inactive:clear,False,1791359460636866648,-29.795133352,False
1791359460699045541,,True,1190,bird_eye,dry_run,none,False,False,0.0,0.0,0,inactive:clear,False,1791359460657702929,-29.774297071,False
1791359460734417713,,True,1191,bird_eye,dry_run,none,False,False,0.0,0.0,0,inactive:clear,False,1791359460692910148,-29.739089852,False
1791359460768987127,,True,1192,bird_eye,dry_run,none,False,False,0.0,0.0,0,inactive:clear,False,1791359460727985156,-29.704014844,False
1791359460800276035,,True,1193,bird_eye,dry_run,none,False,False,0.0,0.0,0,inactive:clear,False,1791359460758931819,-29.673068181,False
1791359460838861191,,True,1194,bird_eye,dry_run,none,False,False,0.0,0.0,0,inactive:clear,False,1791359460797782220,-29.63421778,False
1791359460868646421,,True,1195,bird_eye,dry_run,none,False,False,0.0,0.0,0,inactive:clear,False,1791359460827599802,-29.604400198,False
1791359460900174708,,True,1196,bird_eye,dry_run,none,False,False,0.0,0.0,0,inactive:clear,False,1791359460859141647,-29.572858353,False
1791359460941940692,,True,1197,bird_eye,dry_run,none,False,False,0.0,0.0,0,inactive:clear,False,1791359460902026043,-29.529973957,False
1791359460967050025,,True,1198,bird_eye,dry_run,none,False,False,0.0,0.0,0,inactive:clear,False,1791359460926909907,-29.505090093,False
1791359461001113171,,True,1199,bird_eye,dry_run,none,False,False,0.0,0.0,0,inactive:clear,False,1791359460959459525,-29.472540475,False
1791359461034360352,,True,1200,bird_eye,dry_run,none,False,False,0.0,0.0,0,inactive:clear,False,1791359460993113462,-29.438886538,False
1791359461072553030,,True,1201,bird_eye,dry_run,none,False,False,0.0,0.0,0,inactive:clear,False,1791359461031950943,-29.400049057,False
1791359461099928399,,True,1202,bird_eye,dry_run,none,False,False,0.0,0.0,0,inactive:clear,False,1791359461058465490,-29.37353451,False
1791359461135167615,,True,1203,bird_eye,dry_run,none,False,False,0.0,0.0,0,inactive:clear,False,1791359461094915212,-29.337084788,False
1791359461167075581,,True,1204,bird_eye,dry_run,none,False,False,0.0,0.0,0,inactive:clear,False,1791359461125693057,-29.306306943,False
1791359461210639123,,True,1205,bird_eye,dry_run,none,False,False,0.0,0.0,0,inactive:clear,False,1791359461169743974,-29.262256026,False
1791359461233644895,,True,1206,bird_eye,dry_run,none,False,False,0.0,0.0,0,inactive:clear,False,1791359461192273884,-29.239726116,False
1791359461275625543,,True,1207,bird_eye,dry_run,none,False,False,0.0,0.0,0,inactive:clear,False,1791359461234157131,-29.197842869,False
1791359461300357308,,True,1208,bird_eye,dry_run,none,False,False,0.0,0.0,0,inactive:clear,False,1791359461259002019,-29.172997981,False
1791359461341375798,,True,1209,bird_eye,dry_run,none,False,False,0.0,0.0,0,inactive:clear,False,1791359461300234959,-29.131765041,False
1791359461372776998,,True,1210,bird_eye,dry_run,none,False,False,0.0,0.0,0,inactive:clear,False,1791359461331931385,-29.100068615,False
1791359461398033066,,True,1211,bird_eye,dry_run,none,False,False,0.0,0.0,0,inactive:clear,False,1791359461356643485,-29.075356515,False
1791359461446118860,,True,1212,bird_eye,dry_run,none,False,False,0.0,0.0,0,inactive:clear,False,1791359461404667134,-29.027332866,False
1791359461464943112,,True,1213,bird_eye,dry_run,none,False,False,0.0,0.0,0,inactive:clear,False,1791359461423572284,-29.008427716,False
1791359461510675409,,True,1214,bird_eye,dry_run,none,False,False,0.0,0.0,0,inactive:clear,False,1791359461469828268,-28.962171732,False
1791359461538706033,,True,1215,bird_eye,dry_run,none,False,False,0.0,0.0,0,inactive:clear,False,1791359461497350402,-28.934649598,False
1791359461578057803,,True,1216,bird_eye,dry_run,none,False,False,0.0,0.0,0,inactive:clear,False,1791359461540238542,-28.891761458,False
1791359461598850878,,True,1217,bird_eye,dry_run,none,False,False,0.0,0.0,0,inactive:clear,False,1791359461557607331,-28.874392669,False
1791359461637851479,,True,1218,bird_eye,dry_run,none,False,False,0.0,0.0,0,inactive:clear,False,1791359461596509633,-28.835490367,False
1791359461679378355,,True,1219,bird_eye,dry_run,none,False,False,0.0,0.0,0,inactive:clear,False,1791359461638002754,-28.793997246,False
1791359461702014251,,True,1220,bird_eye,dry_run,none,False,False,0.0,0.0,0,inactive:clear,False,1791359461661379119,-28.770620881,False
1791359461743894073,,True,1221,bird_eye,dry_run,none,False,False,0.0,0.0,0,inactive:clear,False,1791359461703184866,-28.728815134,False
1791359461767774634,,True,1222,bird_eye,dry_run,none,False,False,0.0,0.0,0,inactive:clear,False,1791359461726399025,-28.705600975,False
1791359461801435023,,True,1223,bird_eye,dry_run,none,False,False,0.0,0.0,0,inactive:clear,False,1791359461761613633,-28.670386367,False
1791359461836111541,,True,1224,bird_eye,dry_run,none,False,False,0.0,0.0,0,inactive:clear,False,1791359461797828515,-28.634171485,False
1791359461869230727,,True,1225,bird_eye,dry_run,none,False,False,0.0,0.0,0,inactive:clear,False,1791359461827787991,-28.604212009,False
1791359461900095694,,True,1226,bird_eye,dry_run,none,False,False,0.0,0.0,0,inactive:clear,False,1791359461858628221,-28.573371779,False
1791359461941331571,,True,1227,bird_eye,dry_run,none,False,False,0.0,0.0,0,inactive:clear,False,1791359461900794096,-28.531205904,False
1791359461979263640,,True,1228,bird_eye,dry_run,none,False,False,0.0,0.0,0,inactive:clear,False,1791359461939470123,-28.492529877,False
1791359462004978763,,True,1229,bird_eye,dry_run,none,False,False,0.0,0.0,0,inactive:clear,False,1791359461963518473,-28.468481527,False
1791359462036257958,,True,1230,bird_eye,dry_run,none,False,False,0.0,0.0,0,inactive:clear,False,1791359462001052710,-28.43094729,False
1791359462066809621,,True,1231,bird_eye,dry_run,none,False,False,0.0,0.0,0,inactive:clear,False,1791359462025853071,-28.406146929,False
1791359462101739351,,True,1232,bird_eye,dry_run,none,False,False,0.0,0.0,0,inactive:clear,False,1791359462060371843,-28.371628157,False
1791359462133491144,,True,1233,bird_eye,dry_run,none,False,False,0.0,0.0,0,inactive:clear,False,1791359462092427526,-28.339572474,False
1791359462167827754,,True,1234,bird_eye,dry_run,none,False,False,0.0,0.0,0,inactive:clear,False,1791359462126355615,-28.305644385,False
1791359462206863053,,True,1235,bird_eye,dry_run,none,False,False,0.0,0.0,0,inactive:clear,False,1791359462165374126,-28.266625874,False
1791359462240809730,,True,1236,bird_eye,dry_run,none,False,False,0.0,0.0,0,inactive:clear,False,1791359462199290964,-28.232709036,False
1791359462271941656,,True,1237,bird_eye,dry_run,none,False,False,0.0,0.0,0,inactive:clear,False,1791359462230509038,-28.201490962,False
1791359462301415172,,True,1238,bird_eye,dry_run,none,False,False,0.0,0.0,0,inactive:clear,False,1791359462260892257,-28.171107743,False
1791359462340215491,,True,1239,bird_eye,dry_run,none,False,False,0.0,0.0,0,inactive:clear,False,1791359462299645734,-28.132354266,False
1791359462366987181,,True,1240,bird_eye,dry_run,none,False,False,0.0,0.0,0,inactive:clear,False,1791359462325429828,-28.106570172,False
1791359462402478723,,True,1241,bird_eye,dry_run,none,False,False,0.0,0.0,0,inactive:clear,False,1791359462361088296,-28.070911704,False
1791359462440350275,,True,1242,bird_eye,dry_run,none,False,False,0.0,0.0,0,inactive:clear,False,1791359462398949578,-28.033050422,False
1791359462468593145,,True,1243,bird_eye,dry_run,none,False,False,0.0,0.0,0,inactive:clear,False,1791359462428510318,-28.003489682,False
1791359462503007130,,True,1244,bird_eye,dry_run,none,False,False,0.0,0.0,0,inactive:clear,False,1791359462462113214,-27.969886786,False
1791359462535124055,,True,1245,bird_eye,dry_run,none,False,False,0.0,0.0,0,inactive:clear,False,1791359462493922652,-27.938077348,False
1791359462573385328,,True,1246,bird_eye,dry_run,none,False,False,0.0,0.0,0,inactive:clear,False,1791359462532054445,-27.899945555,False
1791359462602208848,,True,1247,bird_eye,dry_run,none,False,False,0.0,0.0,0,inactive:clear,False,1791359462561175563,-27.870824437,False
1791359462645529972,,True,1248,bird_eye,dry_run,none,False,False,0.0,0.0,0,inactive:clear,False,1791359462604312873,-27.827687127,False
1791359462664412362,,True,1249,bird_eye,dry_run,none,False,False,0.0,0.0,0,inactive:clear,False,1791359462623306042,-27.808693958,False
1791359462703611332,,True,1250,bird_eye,dry_run,none,False,False,0.0,0.0,0,inactive:clear,False,1791359462663343071,-27.768656929,False
1791359462744925129,,True,1251,bird_eye,dry_run,none,False,False,0.0,0.0,0,inactive:clear,False,1791359462703883686,-27.728116314,False
1791359462769873817,,True,1252,bird_eye,dry_run,none,False,False,0.0,0.0,0,inactive:clear,False,1791359462728399874,-27.703600126,False
1791359462809177322,,True,1253,bird_eye,dry_run,none,False,False,0.0,0.0,0,inactive:clear,False,1791359462770295399,-27.661704601,False
1791359462834399099,,True,1254,bird_eye,dry_run,none,False,False,0.0,0.0,0,inactive:clear,False,1791359462792936651,-27.639063349,False
1791359462866511754,,True,1255,bird_eye,dry_run,none,False,False,0.0,0.0,0,inactive:clear,False,1791359462828789108,-27.603210892,False
1791359462899998559,,True,1256,bird_eye,dry_run,none,False,False,0.0,0.0,0,inactive:clear,False,1791359462859349294,-27.572650706,False
1791359462941938446,,True,1257,bird_eye,dry_run,none,False,False,0.0,0.0,0,inactive:clear,False,1791359462902822609,-27.529177391,False
1791359462967633200,,True,1258,bird_eye,dry_run,none,False,False,0.0,0.0,0,inactive:clear,False,1791359462926192754,-27.505807246,False
1791359462999934051,,True,1259,bird_eye,dry_run,none,False,False,0.0,0.0,0,inactive:clear,False,1791359462959371609,-27.472628391,False
1791359463033583885,,True,1260,bird_eye,dry_run,none,False,False,0.0,0.0,0,inactive:clear,False,1791359462992482411,-27.439517589,False
1791359463075122584,,True,1261,bird_eye,dry_run,none,False,False,0.0,0.0,0,inactive:clear,False,1791359463033618870,-27.39838113,False
1791359463098658812,,True,1262,bird_eye,dry_run,none,False,False,0.0,0.0,0,inactive:clear,False,1791359463057759102,-27.374240898,False
1791359463142368680,,True,1263,bird_eye,dry_run,none,False,False,0.0,0.0,0,inactive:clear,False,1791359463100876015,-27.331123985,False
1791359463170691525,,True,1264,bird_eye,dry_run,none,False,False,0.0,0.0,0,inactive:clear,False,1791359463129405010,-27.30259499,False
1791359463202040673,,True,1265,bird_eye,dry_run,none,False,False,0.0,0.0,0,inactive:clear,False,1791359463160826092,-27.271173908,False
1791359463236456568,,True,1266,bird_eye,dry_run,none,False,False,0.0,0.0,0,inactive:clear,False,1791359463200058630,-27.23194137,False
1791359463280194093,,True,1267,bird_eye,dry_run,none,False,False,0.0,0.0,0,inactive:clear,False,1791359463238938653,-27.193061347,False
1791359463304769511,,True,1268,bird_eye,dry_run,none,False,False,0.0,0.0,0,inactive:clear,False,1791359463263306502,-27.168693498,False
1791359463340128282,,True,1269,bird_eye,dry_run,none,False,False,0.0,0.0,0,inactive:clear,False,1791359463298731031,-27.133268969,False
1791359463368521453,,True,1270,bird_eye,dry_run,none,False,False,0.0,0.0,0,inactive:clear,False,1791359463331571748,-27.100428252,False
1791359463408225913,,True,1271,bird_eye,dry_run,none,False,False,0.0,0.0,0,inactive:clear,False,1791359463367001130,-27.06499887,False
1791359463439387429,,True,1272,bird_eye,dry_run,none,False,False,0.0,0.0,0,inactive:clear,False,1791359463398117219,-27.033882781,False
1791359463477248046,,True,1273,bird_eye,dry_run,none,False,False,0.0,0.0,0,inactive:clear,False,1791359463436280900,-26.9957191,False
1791359463524267494,,True,1274,bird_eye,dry_run,none,False,False,0.0,0.0,0,inactive:clear,False,1791359463483081932,-26.948918068,False
1791359463557332437,,True,1275,bird_eye,dry_run,none,False,False,0.0,0.0,0,inactive:clear,False,1791359463516003797,-26.915996203,False
1791359463617460038,,True,1277,bird_eye,dry_run,none,False,False,0.0,0.0,0,inactive:clear,False,1791359463576430551,-26.855569449,False
1791359463650000580,,True,1278,bird_eye,dry_run,none,False,False,0.0,0.0,0,inactive:clear,False,1791359463609655830,-26.82234417,False
1791359463685294832,,True,1279,bird_eye,dry_run,none,False,False,0.0,0.0,0,inactive:clear,False,1791359463644189490,-26.78781051,False
1791359463706703072,,True,1280,bird_eye,dry_run,none,False,False,0.0,0.0,0,inactive:clear,False,1791359463665377872,-26.766622128,False
1791359463742279064,,True,1281,bird_eye,dry_run,none,False,False,0.0,0.0,0,inactive:clear,False,1791359463700990680,-26.73100932,False
1791359463772211431,,True,1282,bird_eye,dry_run,none,False,False,0.0,0.0,0,inactive:clear,False,1791359463730897728,-26.701102272,False
1791359463803512550,,True,1283,bird_eye,dry_run,none,False,False,0.0,0.0,0,inactive:clear,False,1791359463762453058,-26.669546942,False
1791359463842779731,,True,1284,bird_eye,dry_run,none,False,False,0.0,0.0,0,inactive:clear,False,1791359463801218577,-26.630781423,False
1791359463866619914,,True,1285,bird_eye,dry_run,none,False,False,0.0,0.0,0,inactive:clear,False,1791359463825959909,-26.606040091,False
1791359463901617899,,True,1286,bird_eye,dry_run,none,False,False,0.0,0.0,0,inactive:clear,False,1791359463860971658,-26.571028342,False
1791359463933128989,,True,1287,bird_eye,dry_run,none,False,False,0.0,0.0,0,inactive:clear,False,1791359463892972527,-26.539027473,False
1791359463966853993,,True,1288,bird_eye,dry_run,none,False,False,0.0,0.0,0,inactive:clear,False,1791359463925969908,-26.506030092,False
1791359464006948275,,True,1289,bird_eye,dry_run,none,False,False,0.0,0.0,0,inactive:clear,False,1791359463965415085,-26.466584915,False
1791359464039145425,,True,1290,bird_eye,dry_run,none,False,False,0.0,0.0,0,inactive:clear,False,1791359463998644380,-26.43335562,False
1791359464074705368,,True,1291,bird_eye,dry_run,none,False,False,0.0,0.0,0,inactive:clear,False,1791359464034264108,-26.397735892,False
1791359464098046081,,True,1292,bird_eye,dry_run,none,False,False,0.0,0.0,0,inactive:clear,False,1791359464056712826,-26.375287174,False
1791359464133550373,,True,1293,bird_eye,dry_run,none,False,False,0.0,0.0,0,inactive:clear,False,1791359464094130081,-26.337869919,False
1791359464166996100,,True,1294,bird_eye,dry_run,none,False,False,0.0,0.0,0,inactive:clear,False,1791359464127038551,-26.304961449,False
1791359464201687040,,True,1295,bird_eye,dry_run,none,False,False,0.0,0.0,0,inactive:clear,False,1791359464160960733,-26.271039267,False
1791359464238362488,,True,1296,bird_eye,dry_run,none,False,False,0.0,0.0,0,inactive:clear,False,1791359464197206142,-26.234793858,False
1791359464267453151,,True,1297,bird_eye,dry_run,none,False,False,0.0,0.0,0,inactive:clear,False,1791359464226631997,-26.205368003,False
1791359464300898252,,True,1298,bird_eye,dry_run,none,False,False,0.0,0.0,0,inactive:clear,False,1791359464259909492,-26.172090508,False
1791359464333858181,,True,1299,bird_eye,dry_run,none,False,False,0.0,0.0,0,inactive:clear,False,1791359464293539897,-26.138460103,False
1791359464367170952,,True,1300,bird_eye,dry_run,none,False,False,0.0,0.0,0,inactive:clear,False,1791359464327267224,-26.104732776,False
1791359464401401123,,True,1301,bird_eye,dry_run,none,False,False,0.0,0.0,0,inactive:clear,False,1791359464360313885,-26.071686115,False
1791359464442381217,,True,1302,bird_eye,dry_run,none,False,False,0.0,0.0,0,inactive:clear,False,1791359464401213502,-26.030786498,False
1791359464468441996,,True,1303,bird_eye,dry_run,none,False,False,0.0,0.0,0,inactive:clear,False,1791359464426931146,-26.005068854,False
1791359464501344886,,True,1304,bird_eye,dry_run,none,False,False,0.0,0.0,0,inactive:clear,False,1791359464461605034,-25.970394966,False
1791359464542874659,,True,1305,bird_eye,dry_run,none,False,False,0.0,0.0,0,inactive:clear,False,1791359464502109716,-25.929890284,False
1791359464568909811,,True,1306,bird_eye,dry_run,none,False,False,0.0,0.0,0,inactive:clear,False,1791359464527615605,-25.904384395,False
1791359464607637873,,True,1307,bird_eye,dry_run,none,False,False,0.0,0.0,0,inactive:clear,False,1791359464571608465,-25.860391535,False
1791359464632746015,,True,1308,bird_eye,dry_run,none,False,False,0.0,0.0,0,inactive:clear,False,1791359464591486934,-25.840513066,False
1791359464667526977,,True,1309,bird_eye,dry_run,none,False,False,0.0,0.0,0,inactive:clear,False,1791359464628650830,-25.80334917,False
1791359464711354619,,True,1310,bird_eye,dry_run,none,False,False,0.0,0.0,0,inactive:clear,False,1791359464670913257,-25.761086743,False
1791359464732279894,,True,1311,bird_eye,dry_run,none,False,False,0.0,0.0,0,inactive:clear,False,1791359464690876417,-25.741123583,False
1791359464769396339,,True,1312,bird_eye,dry_run,none,False,False,0.0,0.0,0,inactive:clear,False,1791359464732837158,-25.699162842,False
1791359464800293280,,True,1313,bird_eye,dry_run,none,False,False,0.0,0.0,0,inactive:clear,False,1791359464758867711,-25.673132289,False
1791359464843844283,,True,1314,bird_eye,dry_run,none,False,False,0.0,0.0,0,inactive:clear,False,1791359464802862140,-25.62913786,False
1791359464870975076,,True,1315,bird_eye,dry_run,none,False,False,0.0,0.0,0,inactive:clear,False,1791359464830066374,-25.601933626,False
1791359464914825651,,True,1316,bird_eye,dry_run,none,False,False,0.0,0.0,0,inactive:clear,False,1791359464873706118,-25.558293882,False
1791359464944912407,,True,1317,bird_eye,dry_run,none,False,False,0.0,0.0,0,inactive:clear,False,1791359464903312497,-25.528687503,False
1791359464968833607,,True,1318,bird_eye,dry_run,none,False,False,0.0,0.0,0,inactive:clear,False,1791359464927569842,-25.504430158,False
1791359465018907883,,True,1319,bird_eye,dry_run,none,False,False,0.0,0.0,0,inactive:clear,False,1791359464977534988,-25.454465012,False
1791359465035312421,,True,1320,bird_eye,dry_run,none,False,False,0.0,0.0,0,inactive:clear,False,1791359464994370642,-25.437629358,False
1791359465073391976,,True,1321,bird_eye,dry_run,none,False,False,0.0,0.0,0,inactive:clear,False,1791359465031836670,-25.40016333,False
1791359465104819602,,True,1322,bird_eye,dry_run,none,False,False,0.0,0.0,0,inactive:clear,False,1791359465064286666,-25.367713334,False
1791359465139217570,,True,1323,bird_eye,dry_run,none,False,False,0.0,0.0,0,inactive:clear,False,1791359465097731758,-25.334268242,False
1791359465166848364,,True,1324,bird_eye,dry_run,none,False,False,0.0,0.0,0,inactive:clear,False,1791359465127221051,-25.304778949,False
1791359465201893946,,True,1325,bird_eye,dry_run,none,False,False,0.0,0.0,0,inactive:clear,False,1791359465160430356,-25.271569644,False
1791359465232917896,,True,1326,bird_eye,dry_run,none,False,False,0.0,0.0,0,inactive:clear,False,1791359465191503357,-25.240496643,False
1791359465270844595,,True,1327,bird_eye,dry_run,none,False,False,0.0,0.0,0,inactive:clear,False,1791359465229467126,-25.202532874,False
1791359465299286678,,True,1328,bird_eye,dry_run,none,False,False,0.0,0.0,0,inactive:clear,False,1791359465257879922,-25.174120078,False
1791359465333449832,,True,1329,bird_eye,dry_run,none,False,False,0.0,0.0,0,inactive:clear,False,1791359465291880547,-25.140119453,False
1791359465365730417,,True,1330,bird_eye,dry_run,none,False,False,0.0,0.0,0,inactive:clear,False,1791359465325284363,-25.106715637,False
1791359465407136115,,True,1331,bird_eye,dry_run,none,False,False,0.0,0.0,0,inactive:clear,False,1791359465365863657,-25.066136343,False
1791359465434217984,,True,1332,bird_eye,dry_run,none,False,False,0.0,0.0,0,inactive:clear,False,1791359465393028351,-25.038971649,False
1791359465466650289,,True,1333,bird_eye,dry_run,none,False,False,0.0,0.0,0,inactive:clear,False,1791359465425263786,-25.006736214,False
1791359465501308495,,True,1334,bird_eye,dry_run,none,False,False,0.0,0.0,0,inactive:clear,False,1791359465461237193,-24.970762807,False
1791359465537786441,,True,1335,bird_eye,dry_run,none,False,False,0.0,0.0,0,inactive:clear,False,1791359465496282705,-24.935717295,False
1791359465566976138,,True,1336,bird_eye,dry_run,none,False,False,0.0,0.0,0,inactive:clear,False,1791359465526109046,-24.905890954,False
1791359465601092033,,True,1337,bird_eye,dry_run,none,False,False,0.0,0.0,0,inactive:clear,False,1791359465559579880,-24.87242012,False
1791359465637551650,,True,1338,bird_eye,dry_run,none,False,False,0.0,0.0,0,inactive:clear,False,1791359465596209277,-24.835790723,False
1791359465672233533,,True,1339,bird_eye,dry_run,none,False,False,0.0,0.0,0,inactive:clear,False,1791359465631002159,-24.800997841,False
1791359465700082113,,True,1340,bird_eye,dry_run,none,False,False,0.0,0.0,0,inactive:clear,False,1791359465658808704,-24.773191296,False
1791359465732934395,,True,1341,bird_eye,dry_run,none,False,False,0.0,0.0,0,inactive:clear,False,1791359465691507651,-24.740492349,False
1791359465770047228,,True,1342,bird_eye,dry_run,none,False,False,0.0,0.0,0,inactive:clear,False,1791359465728983207,-24.703016793,False
1791359465805708253,,True,1343,bird_eye,dry_run,none,False,False,0.0,0.0,0,inactive:clear,False,1791359465764438766,-24.667561234,False
1791359465835771835,,True,1344,bird_eye,dry_run,none,False,False,0.0,0.0,0,inactive:clear,False,1791359465794384334,-24.637615666,False
1791359465871487061,,True,1345,bird_eye,dry_run,none,False,False,0.0,0.0,0,inactive:clear,False,1791359465830854749,-24.601145251,False
1791359465908446444,,True,1346,bird_eye,dry_run,none,False,False,0.0,0.0,0,inactive:clear,False,1791359465867056628,-24.564943372,False
1791359465936139849,,True,1347,bird_eye,dry_run,none,False,False,0.0,0.0,0,inactive:clear,False,1791359465895489095,-24.536510905,False
1791359465978029969,,True,1348,bird_eye,dry_run,none,False,False,0.0,0.0,0,inactive:clear,False,1791359465936564962,-24.495435038,False
1791359466003505343,,True,1349,bird_eye,dry_run,none,False,False,0.0,0.0,0,inactive:clear,False,1791359465962128187,-24.469871813,False
1791359466037372816,,True,1350,bird_eye,dry_run,none,False,False,0.0,0.0,0,inactive:clear,False,1791359465996065431,-24.435934569,False
1791359466068691318,,True,1351,bird_eye,dry_run,none,False,False,0.0,0.0,0,inactive:clear,False,1791359466027338632,-24.404661368,False
1791359466109501523,,True,1352,bird_eye,dry_run,none,False,False,0.0,0.0,0,inactive:clear,False,1791359466068543871,-24.363456129,False
1791359466132865100,,True,1353,bird_eye,dry_run,none,False,False,0.0,0.0,0,inactive:clear,False,1791359466099175545,-24.332824455,False
1791359466181157818,,True,1354,bird_eye,dry_run,none,False,False,0.0,0.0,0,inactive:clear,False,1791359466140614419,-24.291385581,False
1791359466203344436,,True,1355,bird_eye,dry_run,none,False,False,0.0,0.0,0,inactive:clear,False,1791359466161955478,-24.270044522,False
1791359466235919999,,True,1356,bird_eye,dry_run,none,False,False,0.0,0.0,0,inactive:clear,False,1791359466199605070,-24.23239493,False
1791359466271183747,,True,1357,bird_eye,dry_run,none,False,False,0.0,0.0,0,inactive:clear,False,1791359466229683226,-24.202316774,False
1791359466299980465,,True,1358,bird_eye,dry_run,none,False,False,0.0,0.0,0,inactive:clear,False,1791359466258402095,-24.173597905,False
1791359466336609209,,True,1359,bird_eye,dry_run,none,False,False,0.0,0.0,0,inactive:clear,False,1791359466295586554,-24.136413446,False
1791359466369784012,,True,1360,bird_eye,dry_run,none,False,False,0.0,0.0,0,inactive:clear,False,1791359466328861326,-24.103138674,False
1791359466399485465,,True,1361,bird_eye,dry_run,none,False,False,0.0,0.0,0,inactive:clear,False,1791359466358575750,-24.07342425,False
1791359466440876865,,True,1362,bird_eye,dry_run,none,False,False,0.0,0.0,0,inactive:clear,False,1791359466405932413,-24.026067587,False
1791359466468372760,,True,1363,bird_eye,dry_run,none,False,False,0.0,0.0,0,inactive:clear,False,1791359466427428323,-24.004571677,False
1791359466506952557,,True,1364,bird_eye,dry_run,none,False,False,0.0,0.0,0,inactive:clear,False,1791359466465574706,-23.966425294,False
1791359466537801513,,True,1365,bird_eye,dry_run,none,False,False,0.0,0.0,0,inactive:clear,False,1791359466497745031,-23.934254969,False
1791359466568378359,,True,1366,bird_eye,dry_run,none,False,False,0.0,0.0,0,inactive:clear,False,1791359466527682922,-23.904317078,False
1791359466601175667,,True,1367,bird_eye,dry_run,none,False,False,0.0,0.0,0,inactive:clear,False,1791359466559657919,-23.872342081,False
1791359466643902124,,True,1368,bird_eye,dry_run,none,False,False,0.0,0.0,0,inactive:clear,False,1791359466602399761,-23.829600239,False
1791359466666331899,,True,1369,bird_eye,dry_run,none,False,False,0.0,0.0,0,inactive:clear,False,1791359466625283842,-23.806716158,False
1791359466713316395,,True,1370,bird_eye,dry_run,none,False,False,0.0,0.0,0,inactive:clear,False,1791359466672520536,-23.759479464,False
1791359466737359251,,True,1371,bird_eye,dry_run,none,False,False,0.0,0.0,0,inactive:clear,False,1791359466696003139,-23.735996861,False
1791359466769685420,,True,1372,bird_eye,dry_run,none,False,False,0.0,0.0,0,inactive:clear,False,1791359466728344723,-23.703655277,False
1791359466798518216,,True,1373,bird_eye,dry_run,none,False,False,0.0,0.0,0,inactive:clear,False,1791359466757100751,-23.674899249,False
1791359466837194218,,True,1374,bird_eye,dry_run,none,False,False,0.0,0.0,0,inactive:clear,False,1791359466796288055,-23.635711945,False
1791359466865977015,,True,1375,bird_eye,dry_run,none,False,False,0.0,0.0,0,inactive:clear,False,1791359466826145055,-23.605854945,False
1791359466901144927,,True,1376,bird_eye,dry_run,none,False,False,0.0,0.0,0,inactive:clear,False,1791359466859782593,-23.572217407,False
1791359466942632448,,True,1377,bird_eye,dry_run,none,False,False,0.0,0.0,0,inactive:clear,False,1791359466901527301,-23.530472699,False
1791359466968786918,,True,1378,bird_eye,dry_run,none,False,False,0.0,0.0,0,inactive:clear,False,1791359466927295604,-23.504704396,False
1791359467001297357,,True,1379,bird_eye,dry_run,none,False,False,0.0,0.0,0,inactive:clear,False,1791359466960671706,-23.471328294,False
1791359467035215315,,True,1380,bird_eye,dry_run,none,False,False,0.0,0.0,0,inactive:clear,False,1791359466993613790,-23.43838621,False
1791359467066222764,,True,1381,bird_eye,dry_run,none,False,False,0.0,0.0,0,inactive:clear,False,1791359467024729592,-23.407270408,False
1791359467102578473,,True,1382,bird_eye,dry_run,none,False,False,0.0,0.0,0,inactive:clear,False,1791359467061857897,-23.370142103,False
1791359467141264103,,True,1383,bird_eye,dry_run,none,False,False,0.0,0.0,0,inactive:clear,False,1791359467100773009,-23.331226991,False
1791359467166465188,,True,1384,bird_eye,dry_run,none,False,False,0.0,0.0,0,inactive:clear,False,1791359467125458065,-23.306541935,False
1791359467201305316,,True,1385,bird_eye,dry_run,none,False,False,0.0,0.0,0,inactive:clear,False,1791359467160395922,-23.271604078,False
1791359467237004330,,True,1386,bird_eye,dry_run,none,False,False,0.0,0.0,0,inactive:clear,False,1791359467196190005,-23.235809995,False
1791359467266889523,,True,1387,bird_eye,dry_run,none,False,False,0.0,0.0,0,inactive:clear,False,1791359467230515321,-23.201484679,False
1791359467300367435,,True,1388,bird_eye,dry_run,none,False,False,0.0,0.0,0,inactive:clear,False,1791359467260108146,-23.171891854,False
1791359467336898471,,True,1389,bird_eye,dry_run,none,False,False,0.0,0.0,0,inactive:clear,False,1791359467296247469,-23.135752531,False
1791359467371189587,,True,1390,bird_eye,dry_run,none,False,False,0.0,0.0,0,inactive:clear,False,1791359467329868528,-23.102131472,False
1791359467399182325,,True,1391,bird_eye,dry_run,none,False,False,0.0,0.0,0,inactive:clear,False,1791359467357957459,-23.074042541,False
1791359467441354292,,True,1392,bird_eye,dry_run,none,False,False,0.0,0.0,0,inactive:clear,False,1791359467400891074,-23.031108926,False
1791359467471074949,,True,1393,bird_eye,dry_run,none,False,False,0.0,0.0,0,inactive:clear,False,1791359467430057789,-23.001942211,False
1791359467503126900,,True,1394,bird_eye,dry_run,none,False,False,0.0,0.0,0,inactive:clear,False,1791359467462271875,-22.969728125,False
1791359467540846551,,True,1395,bird_eye,dry_run,none,False,False,0.0,0.0,0,inactive:clear,False,1791359467501076802,-22.930923198,False
1791359467576677057,,True,1396,bird_eye,dry_run,none,False,False,0.0,0.0,0,inactive:clear,False,1791359467535523008,-22.896476992,False
1791359467606545143,,True,1397,bird_eye,dry_run,none,False,False,0.0,0.0,0,inactive:clear,False,1791359467565054377,-22.866945623,False
1791359467630256433,,True,1398,bird_eye,dry_run,none,False,False,0.0,0.0,0,inactive:clear,False,1791359467588782693,-22.843217307,False
1791359467669803702,,True,1399,bird_eye,dry_run,none,False,False,0.0,0.0,0,inactive:clear,False,1791359467633330045,-22.798669955,False
1791359467700577482,,True,1400,bird_eye,dry_run,none,False,False,0.0,0.0,0,inactive:clear,False,1791359467661841317,-22.770158683,False
1791359467736807007,,True,1401,bird_eye,dry_run,none,False,False,0.0,0.0,0,inactive:clear,False,1791359467695365926,-22.736634074,False
1791359467768637684,,True,1402,bird_eye,dry_run,none,False,False,0.0,0.0,0,inactive:clear,False,1791359467728420232,-22.703579768,False
1791359467801073703,,True,1403,bird_eye,dry_run,none,False,False,0.0,0.0,0,inactive:clear,False,1791359467759714180,-22.67228582,False
1791359467837005984,,True,1404,bird_eye,dry_run,none,False,False,0.0,0.0,0,inactive:clear,False,1791359467797019479,-22.634980521,False
1791359467868241351,,True,1405,bird_eye,dry_run,none,False,False,0.0,0.0,0,inactive:clear,False,1791359467826968172,-22.605031828,False
1791359467899783438,,True,1406,bird_eye,dry_run,none,False,False,0.0,0.0,0,inactive:clear,False,1791359467858347268,-22.573652732,False
1791359467937236417,,True,1407,bird_eye,dry_run,none,False,False,0.0,0.0,0,inactive:clear,False,1791359467896015170,-22.53598483,False
1791359467974934694,,True,1408,bird_eye,dry_run,none,False,False,0.0,0.0,0,inactive:clear,False,1791359467933780546,-22.498219454,False
1791359468005214039,,True,1409,bird_eye,dry_run,none,False,False,0.0,0.0,0,inactive:clear,False,1791359467964025374,-22.467974626,False
1791359468035592638,,True,1410,bird_eye,dry_run,none,False,False,0.0,0.0,0,inactive:clear,False,1791359467994238362,-22.437761638,False
1791359468068767312,,True,1411,bird_eye,dry_run,none,False,False,0.0,0.0,0,inactive:clear,False,1791359468029063614,-22.402936386,False
1791359468100715070,,True,1412,bird_eye,dry_run,none,False,False,0.0,0.0,0,inactive:clear,False,1791359468059300753,-22.372699247,False
1791359468135067360,,True,1413,bird_eye,dry_run,none,False,False,0.0,0.0,0,inactive:clear,False,1791359468096210697,-22.335789303,False
1791359468163946827,,True,1414,bird_eye,dry_run,none,False,False,0.0,0.0,0,inactive:clear,False,1791359468122463117,-22.309536883,False
1791359468200353769,,True,1415,bird_eye,dry_run,none,False,False,0.0,0.0,0,inactive:clear,False,1791359468160466873,-22.271533127,False
1791359468233662487,,True,1416,bird_eye,dry_run,none,False,False,0.0,0.0,0,inactive:clear,False,1791359468193251965,-22.238748035,False
1791359468271264241,,True,1417,bird_eye,dry_run,none,False,False,0.0,0.0,0,inactive:clear,False,1791359468230225428,-22.201774572,False
1791359468298834879,,True,1418,bird_eye,dry_run,none,False,False,0.0,0.0,0,inactive:clear,False,1791359468258132825,-22.173867175,False
1791359468334943082,,True,1419,bird_eye,dry_run,none,False,False,0.0,0.0,0,inactive:clear,False,1791359468293370713,-22.138629287,False
1791359468367902372,,True,1420,bird_eye,dry_run,none,False,False,0.0,0.0,0,inactive:clear,False,1791359468327071443,-22.104928557,False
1791359468408656956,,True,1421,bird_eye,dry_run,none,False,False,0.0,0.0,0,inactive:clear,False,1791359468367249282,-22.064750718,False
1791359468434468832,,True,1422,bird_eye,dry_run,none,False,False,0.0,0.0,0,inactive:clear,False,1791359468393578058,-22.038421942,False
1791359468474908969,,True,1423,bird_eye,dry_run,none,False,False,0.0,0.0,0,inactive:clear,False,1791359468433544840,-21.99845516,False
1791359468507717941,,True,1424,bird_eye,dry_run,none,False,False,0.0,0.0,0,inactive:clear,False,1791359468466240495,-21.965759505,False
1791359468536023485,,True,1425,bird_eye,dry_run,none,False,False,0.0,0.0,0,inactive:clear,False,1791359468495299463,-21.936700537,False
1791359468574651941,,True,1426,bird_eye,dry_run,none,False,False,0.0,0.0,0,inactive:clear,False,1791359468535477668,-21.896522332,False
1791359468600329170,,True,1427,bird_eye,dry_run,none,False,False,0.0,0.0,0,inactive:clear,False,1791359468559311243,-21.872688757,False
1791359468637081200,,True,1428,bird_eye,dry_run,none,False,False,0.0,0.0,0,inactive:clear,False,1791359468595627611,-21.836372389,False
1791359468665781338,,True,1429,bird_eye,dry_run,none,False,False,0.0,0.0,0,inactive:clear,False,1791359468625408362,-21.806591638,False
1791359468713179753,,True,1430,bird_eye,dry_run,none,False,False,0.0,0.0,0,inactive:clear,False,1791359468671886672,-21.760113328,False
1791359468729719046,,True,1431,bird_eye,dry_run,none,False,False,0.0,0.0,0,inactive:clear,False,1791359468688282248,-21.743717752,False
1791359468769938812,,True,1432,bird_eye,dry_run,none,False,False,0.0,0.0,0,inactive:clear,False,1791359468741606344,-21.690393656,False
1791359468802819771,,True,1433,bird_eye,dry_run,none,False,False,0.0,0.0,0,inactive:clear,False,1791359468762387899,-21.669612101,False
1791359468834313843,,True,1434,bird_eye,dry_run,none,False,False,0.0,0.0,0,inactive:clear,False,1791359468793941135,-21.638058865,False
1791359468872449011,,True,1435,bird_eye,dry_run,none,False,False,0.0,0.0,0,inactive:clear,False,1791359468837032704,-21.594967296,False
1791359468904924320,,True,1436,bird_eye,dry_run,none,False,False,0.0,0.0,0,inactive:clear,False,1791359468867157710,-21.56484229,False
1791359468936012378,,True,1437,bird_eye,dry_run,none,False,False,0.0,0.0,0,inactive:clear,False,1791359468895428735,-21.536571265,False
1791359468969241075,,True,1438,bird_eye,dry_run,none,False,False,0.0,0.0,0,inactive:clear,False,1791359468934347589,-21.497652411,False
1791359468999180044,,True,1439,bird_eye,dry_run,none,False,False,0.0,0.0,0,inactive:clear,False,1791359468967195094,-21.464804906,False
1791359469036819870,,True,1440,bird_eye,dry_run,none,False,False,0.0,0.0,0,inactive:clear,False,1791359468996484472,-21.435515528,False
1791359469067364680,,True,1441,bird_eye,dry_run,none,False,False,0.0,0.0,0,inactive:clear,False,1791359469025999896,-21.406000104,False
1791359469100939379,,True,1442,bird_eye,dry_run,none,False,False,0.0,0.0,0,inactive:clear,False,1791359469060021981,-21.371978019,False
1791359469141387469,,True,1443,bird_eye,dry_run,none,False,False,0.0,0.0,0,inactive:clear,False,1791359469100520285,-21.331479715,False
1791359469167499933,,True,1444,bird_eye,dry_run,none,False,False,0.0,0.0,0,inactive:clear,False,1791359469126377343,-21.305622657,False
1791359469204845645,,True,1445,bird_eye,dry_run,none,False,False,0.0,0.0,0,inactive:clear,False,1791359469163394118,-21.268605882,False
1791359469235262617,,True,1446,bird_eye,dry_run,none,False,False,0.0,0.0,0,inactive:clear,False,1791359469194223702,-21.237776298,False
1791359469268653775,,True,1447,bird_eye,dry_run,none,False,False,0.0,0.0,0,inactive:clear,False,1791359469227449422,-21.204550578,False
1791359469300975258,,True,1448,bird_eye,dry_run,none,False,False,0.0,0.0,0,inactive:clear,False,1791359469260023530,-21.17197647,False
1791359469337252828,,True,1449,bird_eye,dry_run,none,False,False,0.0,0.0,0,inactive:clear,False,1791359469296864946,-21.135135054,False
1791359469371000343,,True,1450,bird_eye,dry_run,none,False,False,0.0,0.0,0,inactive:clear,False,1791359469331360218,-21.100639782,False
1791359469400873321,,True,1451,bird_eye,dry_run,none,False,False,0.0,0.0,0,inactive:clear,False,1791359469359895412,-21.072104588,False
1791359469449023481,,True,1452,bird_eye,dry_run,none,False,False,0.0,0.0,0,inactive:clear,False,1791359469409622126,-21.022377874,False
1791359469469916875,,True,1453,bird_eye,dry_run,none,False,False,0.0,0.0,0,inactive:clear,False,1791359469428516007,-21.003483993,False
1791359469506180305,,True,1454,bird_eye,dry_run,none,False,False,0.0,0.0,0,inactive:clear,False,1791359469464992868,-20.967007132,False
1791359469538340684,,True,1455,bird_eye,dry_run,none,False,False,0.0,0.0,0,inactive:clear,False,1791359469497271204,-20.934728796,False
1791359469569868932,,True,1456,bird_eye,dry_run,none,False,False,0.0,0.0,0,inactive:clear,False,1791359469528638404,-20.903361596,False
1791359469609660899,,True,1457,bird_eye,dry_run,none,False,False,0.0,0.0,0,inactive:clear,False,1791359469569518955,-20.862481045,False
1791359469638879050,,True,1458,bird_eye,dry_run,none,False,False,0.0,0.0,0,inactive:clear,False,1791359469598019360,-20.83398064,False
1791359469668656099,,True,1459,bird_eye,dry_run,none,False,False,0.0,0.0,0,inactive:clear,False,1791359469627770250,-20.80422975,False
1791359469705592060,,True,1460,bird_eye,dry_run,none,False,False,0.0,0.0,0,inactive:clear,False,1791359469665009577,-20.766990423,False
1791359469737350737,,True,1461,bird_eye,dry_run,none,False,False,0.0,0.0,0,inactive:clear,False,1791359469696006264,-20.735993736,False
1791359469767332255,,True,1462,bird_eye,dry_run,none,False,False,0.0,0.0,0,inactive:clear,False,1791359469726033620,-20.70596638,False
1791359469802656262,,True,1463,bird_eye,dry_run,none,False,False,0.0,0.0,0,inactive:clear,False,1791359469761539875,-20.670460125,False
1791359469836898484,,True,1464,bird_eye,dry_run,none,False,False,0.0,0.0,0,inactive:clear,False,1791359469795920774,-20.636079226,False
1791359469869768333,,True,1465,bird_eye,dry_run,none,False,False,0.0,0.0,0,inactive:clear,False,1791359469828425395,-20.603574605,False
1791359469899418317,,True,1466,bird_eye,dry_run,none,False,False,0.0,0.0,0,inactive:clear,False,1791359469858433898,-20.573566102,False
1791359469938323866,,True,1467,bird_eye,dry_run,none,False,False,0.0,0.0,0,inactive:clear,False,1791359469898202278,-20.533797722,False
1791359469969326687,,True,1468,bird_eye,dry_run,none,False,False,0.0,0.0,0,inactive:clear,False,1791359469928168421,-20.503831579,False
1791359470001846425,,True,1469,bird_eye,dry_run,none,False,False,0.0,0.0,0,inactive:clear,False,1791359469960839940,-20.47116006,False
1791359470036744107,,True,1470,bird_eye,dry_run,none,False,False,0.0,0.0,0,inactive:clear,False,1791359469995405512,-20.436594488,False
1791359470068146571,,True,1471,bird_eye,dry_run,none,False,False,0.0,0.0,0,inactive:clear,False,1791359470027579362,-20.404420638,False
1791359470100033462,,True,1472,bird_eye,dry_run,none,False,False,0.0,0.0,0,inactive:clear,False,1791359470062951505,-20.369048495,False
1791359470134166054,,True,1473,bird_eye,dry_run,none,False,False,0.0,0.0,0,inactive:clear,False,1791359470094332315,-20.337667685,False
1791359470167337196,,True,1474,bird_eye,dry_run,none,False,False,0.0,0.0,0,inactive:clear,False,1791359470127745601,-20.304254399,False
1791359470201224406,,True,1475,bird_eye,dry_run,none,False,False,0.0,0.0,0,inactive:clear,False,1791359470159992257,-20.272007743,False
1791359470236938041,,True,1476,bird_eye,dry_run,none,False,False,0.0,0.0,0,inactive:clear,False,1791359470196111174,-20.235888826,False
1791359470267823484,,True,1477,bird_eye,dry_run,none,False,False,0.0,0.0,0,inactive:clear,False,1791359470226379133,-20.205620867,False
1791359470299679992,,True,1478,bird_eye,dry_run,none,False,False,0.0,0.0,0,inactive:clear,False,1791359470258791859,-20.173208141,False
1791359470338696573,,True,1479,bird_eye,dry_run,none,False,False,0.0,0.0,0,inactive:clear,False,1791359470297266165,-20.134733835,False
1791359470369438673,,True,1480,bird_eye,dry_run,none,False,False,0.0,0.0,0,inactive:clear,False,1791359470328111263,-20.103888737,False
1791359470399862187,,True,1481,bird_eye,dry_run,none,False,False,0.0,0.0,0,inactive:clear,False,1791359470359871432,-20.072128568,False
1791359470448718237,,True,1482,bird_eye,dry_run,none,False,False,0.0,0.0,0,inactive:clear,False,1791359470407522853,-20.024477147,False
1791359470472674140,,True,1483,bird_eye,dry_run,none,False,False,0.0,0.0,0,inactive:clear,False,1791359470431329058,-20.000670942,False
1791359470508519677,,True,1484,bird_eye,dry_run,none,False,False,0.0,0.0,0,inactive:clear,False,1791359470467228081,-19.964771919,False
1791359470550877717,,True,1485,bird_eye,dry_run,none,False,False,0.0,0.0,0,inactive:clear,False,1791359470509551982,-19.922448018,False
1791359470572865256,,True,1486,bird_eye,dry_run,none,False,False,0.0,0.0,0,inactive:clear,False,1791359470531532214,-19.900467786,False
1791359470598593799,,True,1487,bird_eye,dry_run,none,False,False,0.0,0.0,0,inactive:clear,False,1791359470557259574,-19.874740426,False
1791359470637310609,,True,1488,bird_eye,dry_run,none,False,False,0.0,0.0,0,inactive:clear,False,1791359470596124319,-19.835875681,False
1791359470675581136,,True,1489,bird_eye,dry_run,none,False,False,0.0,0.0,0,inactive:clear,False,1791359470634344311,-19.797655689,False
1791359470698568901,,True,1490,bird_eye,dry_run,none,False,False,0.0,0.0,0,inactive:clear,False,1791359470657266002,-19.774733998,False
1791359470750353274,,True,1491,bird_eye,dry_run,none,False,False,0.0,0.0,0,inactive:clear,False,1791359470710451472,-19.721548528,False
1791359470780440877,,True,1492,bird_eye,dry_run,none,False,False,0.0,0.0,0,inactive:clear,False,1791359470740442549,-19.691557451,False
1791359470813116579,,True,1493,bird_eye,dry_run,none,False,False,0.0,0.0,0,inactive:clear,False,1791359470771979352,-19.660020648,False
1791359470839274379,,True,1494,bird_eye,dry_run,none,False,False,0.0,0.0,0,inactive:clear,False,1791359470799147244,-19.632852756,False
1791359470873310348,,True,1495,bird_eye,dry_run,none,False,False,0.0,0.0,0,inactive:clear,False,1791359470833979037,-19.598020963,False
1791359470902084328,,True,1496,bird_eye,dry_run,none,False,False,0.0,0.0,0,inactive:clear,False,1791359470861204841,-19.570795159,False
1791359470936797042,,True,1497,bird_eye,dry_run,none,False,False,0.0,0.0,0,inactive:clear,False,1791359470895447252,-19.536552748,False
1791359470971539518,,True,1498,bird_eye,dry_run,none,False,False,0.0,0.0,0,inactive:clear,False,1791359470930374856,-19.501625144,False
1791359470999929964,,True,1499,bird_eye,dry_run,none,False,False,0.0,0.0,0,inactive:clear,False,1791359470959106513,-19.472893487,False
1791359471037602463,,True,1500,bird_eye,dry_run,none,False,False,0.0,0.0,0,inactive:clear,False,1791359470996413996,-19.435586004,False
1791359471066886547,,True,1501,bird_eye,dry_run,none,False,False,0.0,0.0,0,inactive:clear,False,1791359471025487642,-19.406512358,False
1791359471115090703,,True,1502,bird_eye,dry_run,none,False,False,0.0,0.0,0,inactive:clear,False,1791359471074018005,-19.357981995,False
1791359471139606182,,True,1503,bird_eye,dry_run,none,False,False,0.0,0.0,0,inactive:clear,False,1791359471098550473,-19.333449527,False
1791359471168375831,,True,1504,bird_eye,dry_run,none,False,False,0.0,0.0,0,inactive:clear,False,1791359471127207174,-19.304792826,False
1791359471209879396,,True,1505,bird_eye,dry_run,none,False,False,0.0,0.0,0,inactive:clear,False,1791359471168765536,-19.263234464,False
1791359471232180164,,True,1506,bird_eye,dry_run,none,False,False,0.0,0.0,0,inactive:clear,False,1791359471191387737,-19.240612263,False
1791359471268667391,,True,1507,bird_eye,dry_run,none,False,False,0.0,0.0,0,inactive:clear,False,1791359471227695303,-19.204304697,False
1791359471311378617,,True,1508,bird_eye,dry_run,none,False,False,0.0,0.0,0,inactive:clear,False,1791359471279945071,-19.152054929,False
1791359471333137813,,True,1509,bird_eye,dry_run,none,False,False,0.0,0.0,0,inactive:clear,False,1791359471293289282,-19.138710718,False
1791359471371337976,,True,1510,bird_eye,dry_run,none,False,False,0.0,0.0,0,inactive:clear,False,1791359471330203784,-19.101796216,False
1791359471406600516,,True,1511,bird_eye,dry_run,none,False,False,0.0,0.0,0,inactive:clear,False,1791359471366060797,-19.065939203,False
1791359471434188061,,True,1512,bird_eye,dry_run,none,False,False,0.0,0.0,0,inactive:clear,False,1791359471393383866,-19.038616134,False
1791359471474372746,,True,1513,bird_eye,dry_run,none,False,False,0.0,0.0,0,inactive:clear,False,1791359471434332887,-18.997667113,False
1791359471498167883,,True,1514,bird_eye,dry_run,none,False,False,0.0,0.0,0,inactive:clear,False,1791359471456911521,-18.975088479,False
1791359471534402925,,True,1515,bird_eye,dry_run,none,False,False,0.0,0.0,0,inactive:clear,False,1791359471494266989,-18.937733011,False
1791359471568273955,,True,1516,bird_eye,dry_run,none,False,False,0.0,0.0,0,inactive:clear,False,1791359471527004324,-18.904995676,False
1791359471604399958,,True,1517,bird_eye,dry_run,none,False,False,0.0,0.0,0,inactive:clear,False,1791359471565661129,-18.866338871,False
1791359471642872582,,True,1518,bird_eye,dry_run,none,False,False,0.0,0.0,0,inactive:clear,False,1791359471601577386,-18.830422614,False
1791359471670188819,,True,1519,bird_eye,dry_run,none,False,False,0.0,0.0,0,inactive:clear,False,1791359471629795130,-18.80220487,False
1791359471703159734,,True,1520,bird_eye,dry_run,none,False,False,0.0,0.0,0,inactive:clear,False,1791359471661954666,-18.770045334,False
1791359471734338247,,True,1521,bird_eye,dry_run,none,False,False,0.0,0.0,0,inactive:clear,False,1791359471697578988,-18.734421012,False
1791359471768746170,,True,1522,bird_eye,dry_run,none,False,False,0.0,0.0,0,inactive:clear,False,1791359471727412625,-18.704587375,False
1791359471801166491,,True,1523,bird_eye,dry_run,none,False,False,0.0,0.0,0,inactive:clear,False,1791359471760450798,-18.671549202,False
1791359471838135667,,True,1524,bird_eye,dry_run,none,False,False,0.0,0.0,0,inactive:clear,False,1791359471797447434,-18.634552566,False
1791359471876292817,,True,1525,bird_eye,dry_run,none,False,False,0.0,0.0,0,inactive:clear,False,1791359471838787861,-18.593212139,False
1791359471909498547,,True,1526,bird_eye,dry_run,none,False,False,0.0,0.0,0,inactive:clear,False,1791359471868615930,-18.56338407,False
1791359471947247323,,True,1527,bird_eye,dry_run,none,False,False,0.0,0.0,0,inactive:clear,False,1791359471906344751,-18.525655249,False
1791359471970376774,,True,1528,bird_eye,dry_run,none,False,False,0.0,0.0,0,inactive:clear,False,1791359471933914466,-18.498085534,False
1791359472002158424,,True,1529,bird_eye,dry_run,none,False,False,0.0,0.0,0,inactive:clear,False,1791359471960932891,-18.471067109,False
1791359472034503608,,True,1530,bird_eye,dry_run,none,False,False,0.0,0.0,0,inactive:clear,False,1791359471993342120,-18.43865788,False
1791359472079906528,,True,1531,bird_eye,dry_run,none,False,False,0.0,0.0,0,inactive:clear,False,1791359472038785253,-18.393214747,False
1791359472103781297,,True,1532,bird_eye,dry_run,none,False,False,0.0,0.0,0,inactive:clear,False,1791359472062894854,-18.369105146,False
1791359472135047183,,True,1533,bird_eye,dry_run,none,False,False,0.0,0.0,0,inactive:clear,False,1791359472094801566,-18.337198434,False
1791359472169126009,,True,1534,bird_eye,dry_run,none,False,False,0.0,0.0,0,inactive:clear,False,1791359472127956950,-18.30404305,False
1791359472200334596,,True,1535,bird_eye,dry_run,none,False,False,0.0,0.0,0,inactive:clear,False,1791359472159691270,-18.27230873,False
1791359472239836782,,True,1536,bird_eye,dry_run,none,False,False,0.0,0.0,0,inactive:clear,False,1791359472198684038,-18.233315962,False
1791359472272059426,,True,1537,bird_eye,dry_run,none,False,False,0.0,0.0,0,inactive:clear,False,1791359472231849015,-18.200150985,False
1791359472300160537,,True,1538,bird_eye,dry_run,none,False,False,0.0,0.0,0,inactive:clear,False,1791359472258914638,-18.173085362,False
1791359472332801349,,True,1539,bird_eye,dry_run,none,False,False,0.0,0.0,0,inactive:clear,False,1791359472292013172,-18.139986828,False
1791359472372681818,,True,1540,bird_eye,dry_run,none,False,False,0.0,0.0,0,inactive:clear,False,1791359472331600885,-18.100399115,False
1791359472399672460,,True,1541,bird_eye,dry_run,none,False,False,0.0,0.0,0,inactive:clear,False,1791359472358402848,-18.073597152,False
1791359472437499919,,True,1542,bird_eye,dry_run,none,False,False,0.0,0.0,0,inactive:clear,False,1791359472396812121,-18.035187879,False
1791359472464199458,,True,1543,bird_eye,dry_run,none,False,False,0.0,0.0,0,inactive:clear,False,1791359472423036344,-18.008963656,False
1791359472499092647,,True,1544,bird_eye,dry_run,none,False,False,0.0,0.0,0,inactive:clear,False,1791359472458217330,-17.97378267,False
1791359472538426688,,True,1545,bird_eye,dry_run,none,False,False,0.0,0.0,0,inactive:clear,False,1791359472497454554,-17.934545446,False
1791359472573140348,,True,1546,bird_eye,dry_run,none,False,False,0.0,0.0,0,inactive:clear,False,1791359472531894170,-17.90010583,False
1791359472600818261,,True,1547,bird_eye,dry_run,none,False,False,0.0,0.0,0,inactive:clear,False,1791359472559442165,-17.872557835,False
1791359472636576907,,True,1548,bird_eye,dry_run,none,False,False,0.0,0.0,0,inactive:clear,False,1791359472597386593,-17.834613407,False
1791359472669733207,,True,1549,bird_eye,dry_run,none,False,False,0.0,0.0,0,inactive:clear,False,1791359472628538050,-17.80346195,False
1791359472707307815,,True,1550,bird_eye,dry_run,none,False,False,0.0,0.0,0,inactive:clear,False,1791359472666381571,-17.765618429,False
1791359472735193738,,True,1551,bird_eye,dry_run,none,False,False,0.0,0.0,0,inactive:clear,False,1791359472694663058,-17.737336942,False
1791359472770744091,,True,1552,bird_eye,dry_run,none,False,False,0.0,0.0,0,inactive:clear,False,1791359472729458799,-17.702541201,False
1791359472802826669,,True,1553,bird_eye,dry_run,none,False,False,0.0,0.0,0,inactive:clear,False,1791359472761432582,-17.670567418,False
1791359472837191345,,True,1554,bird_eye,dry_run,none,False,False,0.0,0.0,0,inactive:clear,False,1791359472797526257,-17.634473743,False
1791359472865974301,,True,1555,bird_eye,dry_run,none,False,False,0.0,0.0,0,inactive:clear,False,1791359472825146588,-17.606853412,False
1791359472905127442,,True,1556,bird_eye,dry_run,none,False,False,0.0,0.0,0,inactive:clear,False,1791359472863840616,-17.568159384,False
1791359472935202681,,True,1557,bird_eye,dry_run,none,False,False,0.0,0.0,0,inactive:clear,False,1791359472895308775,-17.536691225,False
1791359472973555848,,True,1558,bird_eye,dry_run,none,False,False,0.0,0.0,0,inactive:clear,False,1791359472934130923,-17.497869077,False
1791359473004988263,,True,1559,bird_eye,dry_run,none,False,False,0.0,0.0,0,inactive:clear,False,1791359472963919501,-17.468080499,False
1791359473040556678,,True,1560,bird_eye,dry_run,none,False,False,0.0,0.0,0,inactive:clear,False,1791359472999577016,-17.432422984,False
1791359473073086881,,True,1561,bird_eye,dry_run,none,False,False,0.0,0.0,0,inactive:clear,False,1791359473040077154,-17.391922846,False
1791359473104336408,,True,1562,bird_eye,dry_run,none,False,False,0.0,0.0,0,inactive:clear,False,1791359473063546015,-17.368453985,False
1791359473137124307,,True,1563,bird_eye,dry_run,none,False,False,0.0,0.0,0,inactive:clear,False,1791359473095809700,-17.3361903,False
1791359473170499993,,True,1564,bird_eye,dry_run,none,False,False,0.0,0.0,0,inactive:clear,False,1791359473130349507,-17.301650493,False
1791359473199615773,,True,1565,bird_eye,dry_run,none,False,False,0.0,0.0,0,inactive:clear,False,1791359473164610129,-17.267389871,False
1791359473235782217,,True,1566,bird_eye,dry_run,none,False,False,0.0,0.0,0,inactive:clear,False,1791359473195467734,-17.236532266,False
1791359473273362186,,True,1567,bird_eye,dry_run,none,False,False,0.0,0.0,0,inactive:clear,False,1791359473233639454,-17.198360546,False
1791359473299432904,,True,1568,bird_eye,dry_run,none,False,False,0.0,0.0,0,inactive:clear,False,1791359473258278040,-17.17372196,False
1791359473334569789,,True,1569,bird_eye,dry_run,none,False,False,0.0,0.0,0,inactive:clear,False,1791359473293999981,-17.138000019,False
1791359473366134020,,True,1570,bird_eye,dry_run,none,False,False,0.0,0.0,0,inactive:clear,False,1791359473325051007,-17.106948993,False
1791359473401453838,,True,1571,bird_eye,dry_run,none,False,False,0.0,0.0,0,inactive:clear,False,1791359473360379736,-17.071620264,False
1791359473435968409,,True,1572,bird_eye,dry_run,none,False,False,0.0,0.0,0,inactive:clear,False,1791359473395809610,-17.03619039,False
1791359473468649691,,True,1573,bird_eye,dry_run,none,False,False,0.0,0.0,0,inactive:clear,False,1791359473427430658,-17.004569342,False
1791359473500770825,,True,1574,bird_eye,dry_run,none,False,False,0.0,0.0,0,inactive:clear,False,1791359473460849131,-16.971150869,False
1791359473532690398,,True,1575,bird_eye,dry_run,none,False,False,0.0,0.0,0,inactive:clear,False,1791359473491470548,-16.940529452,False
1791359473566815715,,True,1576,bird_eye,dry_run,none,False,False,0.0,0.0,0,inactive:clear,False,1791359473525819278,-16.906180722,False
1791359473600007673,,True,1577,bird_eye,dry_run,none,False,False,0.0,0.0,0,inactive:clear,False,1791359473558801455,-16.873198545,False
1791359473634182386,,True,1578,bird_eye,dry_run,none,False,False,0.0,0.0,0,inactive:clear,False,1791359473592953548,-16.839046452,False
1791359473665929912,,True,1579,bird_eye,dry_run,none,False,False,0.0,0.0,0,inactive:clear,False,1791359473624814528,-16.807185472,False
1791359473699321565,,True,1580,bird_eye,dry_run,none,False,False,0.0,0.0,0,inactive:clear,False,1791359473658141966,-16.773858034,False
1791359473734302593,,True,1581,bird_eye,dry_run,none,False,False,0.0,0.0,0,inactive:clear,False,1791359473693308777,-16.738691223,False
1791359473767116012,,True,1582,bird_eye,dry_run,none,False,False,0.0,0.0,0,inactive:clear,False,1791359473726221422,-16.705778578,False
1791359473800274178,,True,1583,bird_eye,dry_run,none,False,False,0.0,0.0,0,inactive:clear,False,1791359473759098100,-16.6729019,False
1791359473842360185,,True,1584,bird_eye,dry_run,none,False,False,0.0,0.0,0,inactive:clear,False,1791359473801082973,-16.630917027,False
1791359473868178549,,True,1585,bird_eye,dry_run,none,False,False,0.0,0.0,0,inactive:clear,False,1791359473827566137,-16.604433863,False
1791359473899905447,,True,1586,bird_eye,dry_run,none,False,False,0.0,0.0,0,inactive:clear,False,1791359473858685714,-16.573314286,False
1791359473937528145,,True,1587,bird_eye,dry_run,none,False,False,0.0,0.0,0,inactive:clear,False,1791359473896542573,-16.535457427,False
1791359473967747556,,True,1588,bird_eye,dry_run,none,False,False,0.0,0.0,0,inactive:clear,False,1791359473927386555,-16.504613445,False
1791359474000027573,,True,1589,bird_eye,dry_run,none,False,False,0.0,0.0,0,inactive:clear,False,1791359473959003858,-16.472996142,False
1791359474039000381,,True,1590,bird_eye,dry_run,none,False,False,0.0,0.0,0,inactive:clear,False,1791359473998763003,-16.433236997,False
1791359474068864187,,True,1591,bird_eye,dry_run,none,False,False,0.0,0.0,0,inactive:clear,False,1791359474027736695,-16.404263305,False
1791359474101059787,,True,1592,bird_eye,dry_run,none,False,False,0.0,0.0,0,inactive:clear,False,1791359474059943586,-16.372056414,False
1791359474132854907,,True,1593,bird_eye,dry_run,none,False,False,0.0,0.0,0,inactive:clear,False,1791359474093181068,-16.338818932,False
1791359474168721105,,True,1594,bird_eye,dry_run,none,False,False,0.0,0.0,0,inactive:clear,False,1791359474127863291,-16.304136709,False
1791359474203405621,,True,1595,bird_eye,dry_run,none,False,False,0.0,0.0,0,inactive:clear,False,1791359474162143753,-16.269856247,False
1791359474232807907,,True,1596,bird_eye,dry_run,none,False,False,0.0,0.0,0,inactive:clear,False,1791359474191867250,-16.24013275,False
1791359474270729783,,True,1597,bird_eye,dry_run,none,False,False,0.0,0.0,0,inactive:clear,False,1791359474229586215,-16.202413785,False
1791359474301437687,,True,1598,bird_eye,dry_run,none,False,False,0.0,0.0,0,inactive:clear,False,1791359474260337351,-16.171662649,False
1791359474338733726,,True,1599,bird_eye,dry_run,none,False,False,0.0,0.0,0,inactive:clear,False,1791359474299024927,-16.132975073,False
1791359474369683267,,True,1600,bird_eye,dry_run,none,False,False,0.0,0.0,0,inactive:clear,False,1791359474328470557,-16.103529443,False
1791359474401822121,,True,1601,bird_eye,dry_run,none,False,False,0.0,0.0,0,inactive:clear,False,1791359474361445544,-16.070554456,False
1791359474438458752,,True,1602,bird_eye,dry_run,none,False,False,0.0,0.0,0,inactive:clear,False,1791359474398667181,-16.033332819,False
1791359474466846734,,True,1603,bird_eye,dry_run,none,False,False,0.0,0.0,0,inactive:clear,False,1791359474425876949,-16.006123051,False
1791359474502551283,,True,1604,bird_eye,dry_run,none,False,False,0.0,0.0,0,inactive:clear,False,1791359474462015510,-15.96998449,False
1791359474536532867,,True,1605,bird_eye,dry_run,none,False,False,0.0,0.0,0,inactive:clear,False,1791359474495395843,-15.936604157,False
1791359474570121441,,True,1606,bird_eye,dry_run,none,False,False,0.0,0.0,0,inactive:clear,False,1791359474529023515,-15.902976485,False
1791359474599201845,,True,1607,bird_eye,dry_run,none,False,False,0.0,0.0,0,inactive:clear,False,1791359474558214634,-15.873785366,False
1791359474641204011,,True,1608,bird_eye,dry_run,none,False,False,0.0,0.0,0,inactive:clear,False,1791359474600073456,-15.831926544,False
1791359474667441001,,True,1609,bird_eye,dry_run,none,False,False,0.0,0.0,0,inactive:clear,False,1791359474626250683,-15.805749317,False
1791359474701242619,,True,1610,bird_eye,dry_run,none,False,False,0.0,0.0,0,inactive:clear,False,1791359474659990982,-15.772009018,False
1791359474741954341,,True,1611,bird_eye,dry_run,none,False,False,0.0,0.0,0,inactive:clear,False,1791359474700790300,-15.7312097,False
1791359474770134276,,True,1612,bird_eye,dry_run,none,False,False,0.0,0.0,0,inactive:clear,False,1791359474729564264,-15.702435736,False
1791359474803217847,,True,1613,bird_eye,dry_run,none,False,False,0.0,0.0,0,inactive:clear,False,1791359474762109459,-15.669890541,False
1791359474843227657,,True,1614,bird_eye,dry_run,none,False,False,0.0,0.0,0,inactive:clear,False,1791359474803186312,-15.628813688,False
1791359474867416377,,True,1615,bird_eye,dry_run,none,False,False,0.0,0.0,0,inactive:clear,False,1791359474826764202,-15.605235798,False
1791359474901184947,,True,1616,bird_eye,dry_run,none,False,False,0.0,0.0,0,inactive:clear,False,1791359474859907850,-15.57209215,False
1791359474938453579,,True,1617,bird_eye,dry_run,none,False,False,0.0,0.0,0,inactive:clear,False,1791359474897423719,-15.534576281,False
1791359474967520254,,True,1618,bird_eye,dry_run,none,False,False,0.0,0.0,0,inactive:clear,False,1791359474926491102,-15.505508898,False
1791359475003134795,,True,1619,bird_eye,dry_run,none,False,False,0.0,0.0,0,inactive:clear,False,1791359474961944424,-15.470055576,False
1791359475034432519,,True,1620,bird_eye,dry_run,none,False,False,0.0,0.0,0,inactive:clear,False,1791359474993906524,-15.438093476,False
1791359475070632080,,True,1621,bird_eye,dry_run,none,False,False,0.0,0.0,0,inactive:clear,False,1791359475030332043,-15.401667957,False
1791359475102679430,,True,1622,bird_eye,dry_run,none,False,False,0.0,0.0,0,inactive:clear,False,1791359475061656953,-15.370343047,False
1791359475133634152,,True,1623,bird_eye,dry_run,none,False,False,0.0,0.0,0,inactive:clear,False,1791359475092935047,-15.339064953,False
1791359475171770011,,True,1624,bird_eye,dry_run,none,False,False,0.0,0.0,0,inactive:clear,False,1791359475130549960,-15.30145004,False
1791359475205781768,,True,1625,bird_eye,dry_run,none,False,False,0.0,0.0,0,inactive:clear,False,1791359475166218398,-15.265781602,False
1791359475233539047,,True,1626,bird_eye,dry_run,none,False,False,0.0,0.0,0,inactive:clear,False,1791359475192952729,-15.239047271,False
1791359475267359291,,True,1627,bird_eye,dry_run,none,False,False,0.0,0.0,0,inactive:clear,False,1791359475226263693,-15.205736307,False
1791359475305107830,,True,1628,bird_eye,dry_run,none,False,False,0.0,0.0,0,inactive:clear,False,1791359475263830203,-15.168169797,False
1791359475333698062,,True,1629,bird_eye,dry_run,none,False,False,0.0,0.0,0,inactive:clear,False,1791359475293378290,-15.13862171,False
1791359475368731441,,True,1630,bird_eye,dry_run,none,False,False,0.0,0.0,0,inactive:clear,False,1791359475327920189,-15.104079811,False
1791359475403590404,,True,1631,bird_eye,dry_run,none,False,False,0.0,0.0,0,inactive:clear,False,1791359475362337860,-15.06966214,False
1791359475433950366,,True,1632,bird_eye,dry_run,none,False,False,0.0,0.0,0,inactive:clear,False,1791359475393048180,-15.03895182,False
1791359475473016191,,True,1633,bird_eye,dry_run,none,False,False,0.0,0.0,0,inactive:clear,False,1791359475431813692,-15.000186308,False
1791359475499150122,,True,1634,bird_eye,dry_run,none,False,False,0.0,0.0,0,inactive:clear,False,1791359475458843874,-14.973156126,False
1791359475533839999,,True,1635,bird_eye,dry_run,none,False,False,0.0,0.0,0,inactive:clear,False,1791359475495236555,-14.936763445,False
1791359475567883112,,True,1636,bird_eye,dry_run,none,False,False,0.0,0.0,0,inactive:clear,False,1791359475526901093,-14.905098907,False
1791359475599610827,,True,1637,bird_eye,dry_run,none,False,False,0.0,0.0,0,inactive:clear,False,1791359475558927653,-14.873072347,False
1791359475634359520,,True,1638,bird_eye,dry_run,none,False,False,0.0,0.0,0,inactive:clear,False,1791359475593448776,-14.838551224,False
1791359475667515384,,True,1639,bird_eye,dry_run,none,False,False,0.0,0.0,0,inactive:clear,False,1791359475627007819,-14.804992181,False
1791359475700345566,,True,1640,bird_eye,dry_run,none,False,False,0.0,0.0,0,inactive:clear,False,1791359475662338506,-14.769661494,False
1791359475735565077,,True,1641,bird_eye,dry_run,none,False,False,0.0,0.0,0,inactive:clear,False,1791359475695040461,-14.736959539,False
1791359475776430710,,True,1642,bird_eye,dry_run,none,False,False,0.0,0.0,0,inactive:clear,False,1791359475736366108,-14.695633892,False
1791359475802401385,,True,1643,bird_eye,dry_run,none,False,False,0.0,0.0,0,inactive:clear,False,1791359475761336993,-14.670663007,False
1791359475834604379,,True,1644,bird_eye,dry_run,none,False,False,0.0,0.0,0,inactive:clear,False,1791359475794658628,-14.637341372,False
1791359475869499220,,True,1645,bird_eye,dry_run,none,False,False,0.0,0.0,0,inactive:clear,False,1791359475828434072,-14.603565928,False
1791359475899937950,,True,1646,bird_eye,dry_run,none,False,False,0.0,0.0,0,inactive:clear,False,1791359475858932619,-14.573067381,False
1791359475936113939,,True,1647,bird_eye,dry_run,none,False,False,0.0,0.0,0,inactive:clear,False,1791359475896860642,-14.535139358,False
1791359475970683855,,True,1648,bird_eye,dry_run,none,False,False,0.0,0.0,0,inactive:clear,False,1791359475929986383,-14.502013617,False
1791359475999524477,,True,1649,bird_eye,dry_run,none,False,False,0.0,0.0,0,inactive:clear,False,1791359475958537164,-14.473462836,False
1791359476034650893,,True,1650,bird_eye,dry_run,none,False,False,0.0,0.0,0,inactive:clear,False,1791359475994356172,-14.437643828,False
1791359476065878020,,True,1651,bird_eye,dry_run,none,False,False,0.0,0.0,0,inactive:clear,False,1791359476029810270,-14.40218973,False
1791359476105117020,,True,1652,bird_eye,dry_run,none,False,False,0.0,0.0,0,inactive:clear,False,1791359476064092256,-14.367907744,False
1791359476132776806,,True,1653,bird_eye,dry_run,none,False,False,0.0,0.0,0,inactive:clear,False,1791359476091868027,-14.340131973,False
1791359476166078770,,True,1654,bird_eye,dry_run,none,False,False,0.0,0.0,0,inactive:clear,False,1791359476125173074,-14.306826926,False
1791359476200782031,,True,1655,bird_eye,dry_run,none,False,False,0.0,0.0,0,inactive:clear,False,1791359476159953637,-14.272046363,False
1791359476233529966,,True,1656,bird_eye,dry_run,none,False,False,0.0,0.0,0,inactive:clear,False,1791359476192473024,-14.239526976,False
1791359476268619063,,True,1657,bird_eye,dry_run,none,False,False,0.0,0.0,0,inactive:clear,False,1791359476227837624,-14.204162376,False
1791359476302583160,,True,1658,bird_eye,dry_run,none,False,False,0.0,0.0,0,inactive:clear,False,1791359476261477749,-14.170522251,False
1791359476333749061,,True,1659,bird_eye,dry_run,none,False,False,0.0,0.0,0,inactive:clear,False,1791359476294303373,-14.137696627,False
1791359476367158143,,True,1660,bird_eye,dry_run,none,False,False,0.0,0.0,0,inactive:clear,False,1791359476326003933,-14.105996067,False
1791359476399600240,,True,1661,bird_eye,dry_run,none,False,False,0.0,0.0,0,inactive:clear,False,1791359476358386058,-14.073613942,False
1791359476440866423,,True,1662,bird_eye,dry_run,none,False,False,0.0,0.0,0,inactive:clear,False,1791359476399792467,-14.032207533,False
1791359476464385822,,True,1663,bird_eye,dry_run,none,False,False,0.0,0.0,0,inactive:clear,False,1791359476423289227,-14.008710773,False
1791359476501873080,,True,1664,bird_eye,dry_run,none,False,False,0.0,0.0,0,inactive:clear,False,1791359476461210953,-13.970789047,False
1791359476537553536,,True,1665,bird_eye,dry_run,none,False,False,0.0,0.0,0,inactive:clear,False,1791359476496344081,-13.935655919,False
1791359476565223544,,True,1666,bird_eye,dry_run,none,False,False,0.0,0.0,0,inactive:clear,False,1791359476525983780,-13.90601622,False
1791359476603593101,,True,1667,bird_eye,dry_run,none,False,False,0.0,0.0,0,inactive:clear,False,1791359476562590218,-13.869409782,False
1791359476633671001,,True,1668,bird_eye,dry_run,none,False,False,0.0,0.0,0,inactive:clear,False,1791359476593156748,-13.838843252,False
1791359476669868628,,True,1669,bird_eye,dry_run,none,False,False,0.0,0.0,0,inactive:clear,False,1791359476628731061,-13.803268939,False
1791359476701825677,,True,1670,bird_eye,dry_run,none,False,False,0.0,0.0,0,inactive:clear,False,1791359476660843975,-13.771156025,False
1791359476736713281,,True,1671,bird_eye,dry_run,none,False,False,0.0,0.0,0,inactive:clear,False,1791359476695980207,-13.736019793,False
1791359476767064001,,True,1672,bird_eye,dry_run,none,False,False,0.0,0.0,0,inactive:clear,False,1791359476726063087,-13.705936913,False
1791359476800815341,,True,1673,bird_eye,dry_run,none,False,False,0.0,0.0,0,inactive:clear,False,1791359476760960454,-13.671039546,False
1791359476840314145,,True,1674,bird_eye,dry_run,none,False,False,0.0,0.0,0,inactive:clear,False,1791359476799866174,-13.632133826,False
1791359476866364305,,True,1675,bird_eye,dry_run,none,False,False,0.0,0.0,0,inactive:clear,False,1791359476825815676,-13.606184324,False
1791359476901193921,,True,1676,bird_eye,dry_run,none,False,False,0.0,0.0,0,inactive:clear,False,1791359476861386814,-13.570613186,False
1791359476933281907,,True,1677,bird_eye,dry_run,none,False,False,0.0,0.0,0,inactive:clear,False,1791359476893699120,-13.53830088,False
1791359476966898226,,True,1678,bird_eye,dry_run,none,False,False,0.0,0.0,0,inactive:clear,False,1791359476926501965,-13.505498035,False
1791359476997324898,,True,1679,bird_eye,dry_run,none,False,False,0.0,0.0,0,inactive:clear,False,1791359476956345604,-13.475654396,False
1791359477035252240,,True,1680,bird_eye,dry_run,none,False,False,0.0,0.0,0,inactive:clear,False,1791359476996014941,-13.435985059,False
1791359477107142579,,True,1681,bird_eye,dry_run,none,False,False,0.0,0.0,0,inactive:clear,False,1791359477067080998,-13.364919002,False
1791359477173048247,,True,1682,bird_eye,dry_run,none,False,False,0.0,0.0,0,inactive:clear,False,1791359477131906370,-13.30009363,False
1791359477200672511,,True,1683,bird_eye,dry_run,none,False,False,0.0,0.0,0,inactive:clear,False,1791359477160453008,-13.271546992,False
1791359477233435078,,True,1684,bird_eye,dry_run,none,False,False,0.0,0.0,0,inactive:clear,False,1791359477192982352,-13.239017648,False
1791359477268965104,,True,1685,bird_eye,dry_run,none,False,False,0.0,0.0,0,inactive:clear,False,1791359477228303417,-13.203696583,False
1791359477301478565,,True,1686,bird_eye,dry_run,none,False,False,0.0,0.0,0,inactive:clear,False,1791359477260411376,-13.171588624,False
1791359477333732242,,True,1687,bird_eye,dry_run,none,False,False,0.0,0.0,0,inactive:clear,False,1791359477296560446,-13.135439554,False
1791359477365570991,,True,1688,bird_eye,dry_run,none,False,False,0.0,0.0,0,inactive:clear,False,1791359477324621086,-13.107378914,False
1791359477404273234,,True,1689,bird_eye,dry_run,none,False,False,0.0,0.0,0,inactive:clear,False,1791359477363198834,-13.068801166,False
1791359477434466054,,True,1690,bird_eye,dry_run,none,False,False,0.0,0.0,0,inactive:clear,False,1791359477393184958,-13.038815042,False
1791359477465856021,,True,1691,bird_eye,dry_run,none,False,False,0.0,0.0,0,inactive:clear,False,1791359477424783570,-13.00721643,False
1791359477500113192,,True,1692,bird_eye,dry_run,none,False,False,0.0,0.0,0,inactive:clear,False,1791359477459575606,-12.972424394,False
1791359477534366961,,True,1693,bird_eye,dry_run,none,False,False,0.0,0.0,0,inactive:clear,False,1791359477493251267,-12.938748733,False
1791359477565712102,,True,1694,bird_eye,dry_run,none,False,False,0.0,0.0,0,inactive:clear,False,1791359477524770530,-12.90722947,False
1791359477601238680,,True,1695,bird_eye,dry_run,none,False,False,0.0,0.0,0,inactive:clear,False,1791359477565879988,-12.866120012,False
1791359477635093666,,True,1696,bird_eye,dry_run,none,False,False,0.0,0.0,0,inactive:clear,False,1791359477594078085,-12.837921915,False
1791359477665169175,,True,1697,bird_eye,dry_run,none,False,False,0.0,0.0,0,inactive:clear,False,1791359477624123779,-12.807876221,False
1791359477704741535,,True,1698,bird_eye,dry_run,none,False,False,0.0,0.0,0,inactive:clear,False,1791359477670313944,-12.761686056,False
1791359477738502935,,True,1699,bird_eye,dry_run,none,False,False,0.0,0.0,0,inactive:clear,False,1791359477697441409,-12.734558591,False
1791359477766055945,,True,1700,bird_eye,dry_run,none,False,False,0.0,0.0,0,inactive:clear,False,1791359477725122925,-12.706877075,False
1791359477804583375,,True,1701,bird_eye,dry_run,none,False,False,0.0,0.0,0,inactive:clear,False,1791359477763931437,-12.668068563,False
1791359477833241218,,True,1702,bird_eye,dry_run,none,False,False,0.0,0.0,0,inactive:clear,False,1791359477792174140,-12.63982586,False
1791359477867491919,,True,1703,bird_eye,dry_run,none,False,False,0.0,0.0,0,inactive:clear,False,1791359477826381246,-12.605618754,False
1791359477900331361,,True,1704,bird_eye,dry_run,none,False,False,0.0,0.0,0,inactive:clear,False,1791359477859606849,-12.572393151,False
1791359477934531868,,True,1705,bird_eye,dry_run,none,False,False,0.0,0.0,0,inactive:clear,False,1791359477893336289,-12.538663711,False
1791359477969589818,,True,1706,bird_eye,dry_run,none,False,False,0.0,0.0,0,inactive:clear,False,1791359477929273232,-12.502726768,False
1791359478003741567,,True,1707,bird_eye,dry_run,none,False,False,0.0,0.0,0,inactive:clear,False,1791359477963768844,-12.468231156,False
1791359478034051090,,True,1708,bird_eye,dry_run,none,False,False,0.0,0.0,0,inactive:clear,False,1791359477993008312,-12.438991688,False
1791359478070999691,,True,1709,bird_eye,dry_run,none,False,False,0.0,0.0,0,inactive:clear,False,1791359478030864625,-12.401135375,False
1791359478098787880,,True,1710,bird_eye,dry_run,none,False,False,0.0,0.0,0,inactive:clear,False,1791359478057765172,-12.374234828,False
1791359478134860037,,True,1711,bird_eye,dry_run,none,False,False,0.0,0.0,0,inactive:clear,False,1791359478094933431,-12.337066569,False
1791359478171871301,,True,1712,bird_eye,dry_run,none,False,False,0.0,0.0,0,inactive:clear,False,1791359478131169396,-12.300830604,False
1791359478197999709,,True,1713,bird_eye,dry_run,none,False,False,0.0,0.0,0,inactive:clear,False,1791359478157020621,-12.274979379,False
1791359478236329095,,True,1714,bird_eye,dry_run,none,False,False,0.0,0.0,0,inactive:clear,False,1791359478195222094,-12.236777906,False
1791359478277397768,,True,1715,bird_eye,dry_run,none,False,False,0.0,0.0,0,inactive:clear,False,1791359478237396161,-12.194603839,False
1791359478301722722,,True,1716,bird_eye,dry_run,none,False,False,0.0,0.0,0,inactive:clear,False,1791359478260681417,-12.171318583,False
1791359478337307198,,True,1717,bird_eye,dry_run,none,False,False,0.0,0.0,0,inactive:clear,False,1791359478296334097,-12.135665903,False
1791359478366904505,,True,1718,bird_eye,dry_run,none,False,False,0.0,0.0,0,inactive:clear,False,1791359478330697827,-12.101302173,False
1791359478400210928,,True,1719,bird_eye,dry_run,none,False,False,0.0,0.0,0,inactive:clear,False,1791359478362350065,-12.069649935,False
1791359478434660961,,True,1720,bird_eye,dry_run,none,False,False,0.0,0.0,0,inactive:clear,False,1791359478394577440,-12.03742256,False
1791359478472696533,,True,1721,bird_eye,dry_run,none,False,False,0.0,0.0,0,inactive:clear,False,1791359478432484832,-11.999515168,False
1791359478499457699,,True,1722,bird_eye,dry_run,none,False,False,0.0,0.0,0,inactive:clear,False,1791359478458378973,-11.973621027,False
1791359478534651817,,True,1723,bird_eye,dry_run,none,False,False,0.0,0.0,0,inactive:clear,False,1791359478494750470,-11.93724953,False
1791359478569264269,,True,1724,bird_eye,dry_run,none,False,False,0.0,0.0,0,inactive:clear,False,1791359478529273849,-11.902726151,False
1791359478600162051,,True,1725,bird_eye,dry_run,none,False,False,0.0,0.0,0,inactive:clear,False,1791359478559491994,-11.872508006,False
1791359478633560615,,True,1726,bird_eye,dry_run,none,False,False,0.0,0.0,0,inactive:clear,False,1791359478592502969,-11.839497031,False
1791359478667460027,,True,1727,bird_eye,dry_run,none,False,False,0.0,0.0,0,inactive:clear,False,1791359478627048450,-11.80495155,False
1791359478705122843,,True,1728,bird_eye,dry_run,none,False,False,0.0,0.0,0,inactive:clear,False,1791359478667570854,-11.764429146,False
1791359478736846227,,True,1729,bird_eye,dry_run,none,False,False,0.0,0.0,0,inactive:clear,False,1791359478697373975,-11.734626025,False
1791359478768205698,,True,1730,bird_eye,dry_run,none,False,False,0.0,0.0,0,inactive:clear,False,1791359478727385340,-11.70461466,False
1791359478799194743,,True,1731,bird_eye,dry_run,none,False,False,0.0,0.0,0,inactive:clear,False,1791359478761520370,-11.67047963,False
1791359478834499205,,True,1732,bird_eye,dry_run,none,False,False,0.0,0.0,0,inactive:clear,False,1791359478794376368,-11.637623632,False
1791359478868877519,,True,1733,bird_eye,dry_run,none,False,False,0.0,0.0,0,inactive:clear,False,1791359478828003357,-11.603996643,False
1791359478899682343,,True,1734,bird_eye,dry_run,none,False,False,0.0,0.0,0,inactive:clear,False,1791359478858680945,-11.573319055,False
1791359478939388832,,True,1735,bird_eye,dry_run,none,False,False,0.0,0.0,0,inactive:clear,False,1791359478898368318,-11.533631682,False
1791359478971484771,,True,1736,bird_eye,dry_run,none,False,False,0.0,0.0,0,inactive:clear,False,1791359478930470730,-11.50152927,False
1791359479003291515,,True,1737,bird_eye,dry_run,none,False,False,0.0,0.0,0,inactive:clear,False,1791359478962272486,-11.469727514,False
1791359479035525494,,True,1738,bird_eye,dry_run,none,False,False,0.0,0.0,0,inactive:clear,False,1791359478995200247,-11.436799753,False
1791359479065992003,,True,1739,bird_eye,dry_run,none,False,False,0.0,0.0,0,inactive:clear,False,1791359479025120286,-11.406879714,False
1791359479103319278,,True,1740,bird_eye,dry_run,none,False,False,0.0,0.0,0,inactive:clear,False,1791359479062431919,-11.369568081,False
1791359479132376046,,True,1741,bird_eye,dry_run,none,False,False,0.0,0.0,0,inactive:clear,False,1791359479093679873,-11.338320127,False
1791359479168874908,,True,1742,bird_eye,dry_run,none,False,False,0.0,0.0,0,inactive:clear,False,1791359479128289053,-11.303710947,False
1791359479198863743,,True,1743,bird_eye,dry_run,none,False,False,0.0,0.0,0,inactive:clear,False,1791359479158060243,-11.273939757,False
1791359479235217726,,True,1744,bird_eye,dry_run,none,False,False,0.0,0.0,0,inactive:clear,False,1791359479196072939,-11.235927061,False
1791359479266710484,,True,1745,bird_eye,dry_run,none,False,False,0.0,0.0,0,inactive:clear,False,1791359479226274359,-11.205725641,False
1791359479299256608,,True,1746,bird_eye,dry_run,none,False,False,0.0,0.0,0,inactive:clear,False,1791359479258898951,-11.173101049,False
1791359479333430039,,True,1747,bird_eye,dry_run,none,False,False,0.0,0.0,0,inactive:clear,False,1791359479292869349,-11.139130651,False
1791359479366086412,,True,1748,bird_eye,dry_run,none,False,False,0.0,0.0,0,inactive:clear,False,1791359479325668432,-11.106331568,False
1791359479400085802,,True,1749,bird_eye,dry_run,none,False,False,0.0,0.0,0,inactive:clear,False,1791359479359639597,-11.072360403,False
1791359479435424959,,True,1750,bird_eye,dry_run,none,False,False,0.0,0.0,0,inactive:clear,False,1791359479394976986,-11.037023014,False
1791359479468069887,,True,1751,bird_eye,dry_run,none,False,False,0.0,0.0,0,inactive:clear,False,1791359479427068725,-11.004931275,False
1791359479502549681,,True,1752,bird_eye,dry_run,none,False,False,0.0,0.0,0,inactive:clear,False,1791359479461474352,-10.970525648,False
1791359479533831555,,True,1753,bird_eye,dry_run,none,False,False,0.0,0.0,0,inactive:clear,False,1791359479493237604,-10.938762396,False
1791359479570074868,,True,1754,bird_eye,dry_run,none,False,False,0.0,0.0,0,inactive:clear,False,1791359479529741037,-10.902258963,False
1791359479600506943,,True,1755,bird_eye,dry_run,none,False,False,0.0,0.0,0,inactive:clear,False,1791359479561099427,-10.870900573,False
1791359479634428972,,True,1756,bird_eye,dry_run,none,False,False,0.0,0.0,0,inactive:clear,False,1791359479595285267,-10.836714733,False
1791359479669978750,,True,1757,bird_eye,dry_run,none,False,False,0.0,0.0,0,inactive:clear,False,1791359479629675727,-10.802324273,False
1791359479699475570,,True,1758,bird_eye,dry_run,none,False,False,0.0,0.0,0,inactive:clear,False,1791359479659811119,-10.772188881,False
1791359479734470184,,True,1759,bird_eye,dry_run,none,False,False,0.0,0.0,0,inactive:clear,False,1791359479696358698,-10.735641302,False
1791359479768579937,,True,1760,bird_eye,dry_run,none,False,False,0.0,0.0,0,inactive:clear,False,1791359479727732419,-10.704267581,False
1791359479800492984,,True,1761,bird_eye,dry_run,none,False,False,0.0,0.0,0,inactive:clear,False,1791359479761267013,-10.670732987,False
1791359479833433521,,True,1762,bird_eye,dry_run,none,False,False,0.0,0.0,0,inactive:clear,False,1791359479793771313,-10.638228687,False
1791359479872832623,,True,1763,bird_eye,dry_run,none,False,False,0.0,0.0,0,inactive:clear,False,1791359479834156660,-10.59784334,False
1791359479905146586,,True,1764,bird_eye,dry_run,none,False,False,0.0,0.0,0,inactive:clear,False,1791359479864468138,-10.567531862,False
1791359479934660173,,True,1765,bird_eye,dry_run,none,False,False,0.0,0.0,0,inactive:clear,False,1791359479893580750,-10.53841925,False
1791359479969388106,,True,1766,bird_eye,dry_run,none,False,False,0.0,0.0,0,inactive:clear,False,1791359479928657920,-10.50334208,False
1791359480003692286,,True,1767,bird_eye,dry_run,none,False,False,0.0,0.0,0,inactive:clear,False,1791359479963326119,-10.468673881,False
1791359480038578434,,True,1768,bird_eye,dry_run,none,False,False,0.0,0.0,0,inactive:clear,False,1791359479998314446,-10.433685554,False
1791359480068601053,,True,1769,bird_eye,dry_run,none,False,False,0.0,0.0,0,inactive:clear,False,1791359480027788579,-10.404211421,False
1791359480100854965,,True,1770,bird_eye,dry_run,none,False,False,0.0,0.0,0,inactive:clear,False,1791359480060750559,-10.371249441,False
1791359480138550030,,True,1771,bird_eye,dry_run,none,False,False,0.0,0.0,0,inactive:clear,False,1791359480098142406,-10.333857594,False
1791359480171548550,,True,1772,bird_eye,dry_run,none,False,False,0.0,0.0,0,inactive:clear,False,1791359480131913179,-10.300086821,False
1791359480210281283,,True,1773,bird_eye,dry_run,none,False,False,0.0,0.0,0,inactive:clear,False,1791359480169718394,-10.262281606,False
1791359480235469216,,True,1774,bird_eye,dry_run,none,False,False,0.0,0.0,0,inactive:clear,False,1791359480199135859,-10.232864141,False
1791359480278498215,,True,1775,bird_eye,dry_run,none,False,False,0.0,0.0,0,inactive:clear,False,1791359480237991950,-10.19400805,False
1791359480301977323,,True,1776,bird_eye,dry_run,none,False,False,0.0,0.0,0,inactive:clear,False,1791359480260970421,-10.171029579,False
1791359480340382570,,True,1777,bird_eye,dry_run,none,False,False,0.0,0.0,0,inactive:clear,False,1791359480300181484,-10.131818516,False
1791359480365373618,,True,1778,bird_eye,dry_run,none,False,False,0.0,0.0,0,inactive:clear,False,1791359480336529698,-10.095470302,False
1791359480401319972,,True,1779,bird_eye,dry_run,none,False,False,0.0,0.0,0,inactive:clear,False,1791359480360316251,-10.071683749,False
1791359480434444688,,True,1780,bird_eye,dry_run,none,False,False,0.0,0.0,0,inactive:clear,False,1791359480394393771,-10.037606229,False
1791359480469340614,,True,1781,bird_eye,dry_run,none,False,False,0.0,0.0,0,inactive:clear,False,1791359480435849764,-9.996150236,False
1791359480498790595,,True,1782,bird_eye,dry_run,none,False,False,0.0,0.0,0,inactive:clear,False,1791359480457762638,-9.974237362,False
1791359480533414371,,True,1783,bird_eye,dry_run,none,False,False,0.0,0.0,0,inactive:clear,False,1791359480492991702,-9.939008298,False
1791359480568962124,,True,1784,bird_eye,dry_run,none,False,False,0.0,0.0,0,inactive:clear,False,1791359480528041471,-9.903958529,False
1791359480600735145,,True,1785,bird_eye,dry_run,none,False,False,0.0,0.0,0,inactive:clear,False,1791359480560368887,-9.871631113,False
1791359480639551818,,True,1786,bird_eye,dry_run,none,False,False,0.0,0.0,0,inactive:clear,False,1791359480598683803,-9.833316197,False
1791359480683722716,,True,1787,bird_eye,dry_run,none,False,False,0.0,0.0,0,inactive:clear,False,1791359480648180863,-9.783819137,False
1791359480698391050,,True,1788,bird_eye,dry_run,none,False,False,0.0,0.0,0,inactive:clear,False,1791359480657917205,-9.774082795,False
1791359480734379102,,True,1789,bird_eye,dry_run,none,False,False,0.0,0.0,0,inactive:clear,False,1791359480693741311,-9.738258689,False
1791359480769351634,,True,1790,bird_eye,dry_run,none,False,False,0.0,0.0,0,inactive:clear,False,1791359480728306457,-9.703693543,False
1791359480807729566,,True,1791,bird_eye,dry_run,none,False,False,0.0,0.0,0,inactive:clear,False,1791359480766854981,-9.665145019,False
1791359480843389244,,True,1792,bird_eye,dry_run,none,False,False,0.0,0.0,0,inactive:clear,False,1791359480802736899,-9.629263101,False
1791359480879377115,,True,1793,bird_eye,dry_run,none,False,False,0.0,0.0,0,inactive:clear,False,1791359480844458531,-9.587541469,False
1791359480908603732,,True,1794,bird_eye,dry_run,none,False,False,0.0,0.0,0,inactive:clear,False,1791359480867922553,-9.564077447,False
1791359480933934545,,True,1795,bird_eye,dry_run,none,False,False,0.0,0.0,0,inactive:clear,False,1791359480894374233,-9.537625767,False
1791359480992019661,,True,1796,bird_eye,dry_run,none,False,False,0.0,0.0,0,inactive:clear,False,1791359480952484914,-9.479515086,False
1791359481020040849,,True,1797,bird_eye,dry_run,none,False,False,0.0,0.0,0,inactive:clear,False,1791359480979117514,-9.452882486,False
1791359481033974498,,True,1798,bird_eye,dry_run,none,False,False,0.0,0.0,0,inactive:clear,False,1791359480993111907,-9.438888093,False
1791359481066819901,,True,1799,bird_eye,dry_run,none,False,False,0.0,0.0,0,inactive:clear,False,1791359481026101722,-9.405898278,False
1791359481117346032,,True,1800,bird_eye,dry_run,none,False,False,0.0,0.0,0,inactive:clear,False,1791359481076829313,-9.355170687,False
1791359481148983162,,True,1801,bird_eye,dry_run,none,False,False,0.0,0.0,0,inactive:clear,False,1791359481108238868,-9.323761132,False
1791359481175268133,,True,1802,bird_eye,dry_run,none,False,False,0.0,0.0,0,inactive:clear,False,1791359481134691007,-9.297308993,False
1791359481205265650,,True,1803,bird_eye,dry_run,none,False,False,0.0,0.0,0,inactive:clear,False,1791359481164817472,-9.267182528,False
1791359481243155674,,True,1804,bird_eye,dry_run,none,False,False,0.0,0.0,0,inactive:clear,False,1791359481202555910,-9.22944409,False
1791359481274925900,,True,1805,bird_eye,dry_run,none,False,False,0.0,0.0,0,inactive:clear,False,1791359481233890105,-9.198109895,False
1791359481303930000,,True,1806,bird_eye,dry_run,none,False,False,0.0,0.0,0,inactive:clear,False,1791359481263171816,-9.168828184,False
1791359481343606662,,True,1807,bird_eye,dry_run,none,False,False,0.0,0.0,0,inactive:clear,False,1791359481303695333,-9.128304667,False
1791359481370509119,,True,1808,bird_eye,dry_run,none,False,False,0.0,0.0,0,inactive:clear,False,1791359481330238037,-9.101761963,False
1791359481413038194,,True,1809,bird_eye,dry_run,none,False,False,0.0,0.0,0,inactive:clear,False,1791359481373506963,-9.058493037,False
1791359481448546594,,True,1810,bird_eye,dry_run,none,False,False,0.0,0.0,0,inactive:clear,False,1791359481408135150,-9.02386485,False
1791359481478555157,,True,1811,bird_eye,dry_run,none,False,False,0.0,0.0,0,inactive:clear,False,1791359481437827432,-8.994172568,False
1791359481509489984,,True,1812,bird_eye,dry_run,none,False,False,0.0,0.0,0,inactive:clear,False,1791359481468583932,-8.963416068,False
1791359481553433312,,True,1813,bird_eye,dry_run,none,False,False,0.0,0.0,0,inactive:clear,False,1791359481515806540,-8.91619346,False
1791359481580790184,,True,1814,bird_eye,dry_run,none,False,False,0.0,0.0,0,inactive:clear,False,1791359481540214109,-8.891785891,False
1791359481606847762,,True,1815,bird_eye,dry_run,none,False,False,0.0,0.0,0,inactive:clear,False,1791359481567190683,-8.864809317,False
1791359481639315341,,True,1816,bird_eye,dry_run,none,False,False,0.0,0.0,0,inactive:clear,False,1791359481599200950,-8.83279905,False
1791359481669282343,,True,1817,bird_eye,dry_run,none,False,False,0.0,0.0,0,inactive:clear,False,1791359481628756597,-8.803243403,False
1791359481706509336,,True,1818,bird_eye,dry_run,none,False,False,0.0,0.0,0,inactive:clear,False,1791359481669271905,-8.762728095,False
1791359481742033140,,True,1819,bird_eye,dry_run,none,False,False,0.0,0.0,0,inactive:clear,False,1791359481701325654,-8.730674346,False
1791359481774883792,,True,1820,bird_eye,dry_run,none,False,False,0.0,0.0,0,inactive:clear,False,1791359481735649679,-8.696350321,False
1791359481811968917,,True,1821,bird_eye,dry_run,none,False,False,0.0,0.0,0,inactive:clear,False,1791359481771730619,-8.660269381,False
1791359481832523730,,True,1822,bird_eye,dry_run,none,False,False,0.0,0.0,0,inactive:clear,False,1791359481791786569,-8.640213431,False
1791359481874233876,,True,1823,bird_eye,dry_run,none,False,False,0.0,0.0,0,inactive:clear,False,1791359481835026096,-8.596973904,False
1791359481903443027,,True,1824,bird_eye,dry_run,none,False,False,0.0,0.0,0,inactive:clear,False,1791359481867649136,-8.564350864,False
1791359481948822932,,True,1825,bird_eye,dry_run,none,False,False,0.0,0.0,0,inactive:clear,False,1791359481908051436,-8.523948564,False
1791359481978369476,,True,1826,bird_eye,dry_run,none,False,False,0.0,0.0,0,inactive:clear,False,1791359481937438694,-8.494561306,False
1791359482000603147,,True,1827,bird_eye,dry_run,none,False,False,0.0,0.0,0,inactive:clear,False,1791359481960789619,-8.471210381,False
1791359482039411179,,True,1828,bird_eye,dry_run,none,False,False,0.0,0.0,0,inactive:clear,False,1791359481998888124,-8.433111876,False
1791359482074863724,,True,1829,bird_eye,dry_run,none,False,False,0.0,0.0,0,inactive:clear,False,1791359482033977237,-8.398022763,False
1791359482105232043,,True,1830,bird_eye,dry_run,none,False,False,0.0,0.0,0,inactive:clear,False,1791359482065947754,-8.366052246,False
1791359482144300395,,True,1831,bird_eye,dry_run,none,False,False,0.0,0.0,0,inactive:clear,False,1791359482103511182,-8.328488818,False
1791359482168335787,,True,1832,bird_eye,dry_run,none,False,False,0.0,0.0,0,inactive:clear,False,1791359482127451649,-8.304548351,False
1791359482204901460,,True,1833,bird_eye,dry_run,none,False,False,0.0,0.0,0,inactive:clear,False,1791359482165510253,-8.266489747,False
1791359482236467502,,True,1834,bird_eye,dry_run,none,False,False,0.0,0.0,0,inactive:clear,False,1791359482196469157,-8.235530843,False
1791359482272971939,,True,1835,bird_eye,dry_run,none,False,False,0.0,0.0,0,inactive:clear,False,1791359482232371462,-8.199628538,False
1791359482311654706,,True,1836,bird_eye,dry_run,none,False,False,0.0,0.0,0,inactive:clear,False,1791359482297069139,-8.134930861,False
1791359482374631246,,True,1838,bird_eye,dry_run,none,False,False,0.0,0.0,0,inactive:clear,False,1791359482333955616,-8.098044384,False
1791359482414652948,,True,1839,bird_eye,dry_run,none,False,False,0.0,0.0,0,inactive:clear,False,1791359482379238903,-8.052761097,False
1791359482454686936,,True,1840,bird_eye,dry_run,none,False,False,0.0,0.0,0,inactive:clear,False,1791359482416482690,-8.01551731,False
1791359482484422689,,True,1841,bird_eye,dry_run,none,False,False,0.0,0.0,0,inactive:clear,False,1791359482443670673,-7.988329327,False
1791359482517052068,,True,1842,bird_eye,dry_run,none,False,False,0.0,0.0,0,inactive:clear,False,1791359482481051372,-7.950948628,False
1791359482548209381,,True,1843,bird_eye,dry_run,none,False,False,0.0,0.0,0,inactive:clear,False,1791359482507482369,-7.924517631,False
1791359482591772990,,True,1844,bird_eye,dry_run,none,False,False,0.0,0.0,0,inactive:clear,False,1791359482554036757,-7.877963243,False
1791359482634716712,,True,1845,bird_eye,dry_run,none,False,False,0.0,0.0,0,inactive:clear,False,1791359482594294645,-7.837705355,False
1791359482659317507,,True,1846,bird_eye,dry_run,none,False,False,0.0,0.0,0,inactive:clear,False,1791359482622267677,-7.809732323,False
1791359482685144229,,True,1847,bird_eye,dry_run,none,False,False,0.0,0.0,0,inactive:clear,False,1791359482644347585,-7.787652415,False
1791359482710520148,,True,1848,bird_eye,dry_run,none,False,False,0.0,0.0,0,inactive:clear,False,1791359482691267212,-7.740732788,False
1791359482776151229,,True,1850,bird_eye,dry_run,none,False,False,0.0,0.0,0,inactive:clear,False,1791359482736043390,-7.69595661,False
1791359482818018544,,True,1851,bird_eye,dry_run,none,False,False,0.0,0.0,0,inactive:clear,False,1791359482777459324,-7.654540676,False
1791359482843871367,,True,1852,bird_eye,dry_run,none,False,False,0.0,0.0,0,inactive:clear,False,1791359482803104037,-7.628895963,False
1791359482866246402,,True,1853,bird_eye,dry_run,none,False,False,0.0,0.0,0,inactive:clear,False,1791359482827000019,-7.604999981,False
1791359482906655199,,True,1854,bird_eye,dry_run,none,False,False,0.0,0.0,0,inactive:clear,False,1791359482866279951,-7.565720049,False
1791359482939887910,,True,1855,bird_eye,dry_run,none,False,False,0.0,0.0,0,inactive:clear,False,1791359482899820677,-7.532179323,False
1791359482970279496,,True,1856,bird_eye,dry_run,none,False,False,0.0,0.0,0,inactive:clear,False,1791359482930579366,-7.501420634,False
1791359483000236596,,True,1857,bird_eye,dry_run,none,False,False,0.0,0.0,0,inactive:clear,False,1791359482960063745,-7.471936255,False
1791359483039193509,,True,1858,bird_eye,dry_run,none,False,False,0.0,0.0,0,inactive:clear,False,1791359482999926568,-7.432073432,False
1791359483075018384,,True,1859,bird_eye,dry_run,none,False,False,0.0,0.0,0,inactive:clear,False,1791359483035025934,-7.396974066,False
1791359483100499320,,True,1860,bird_eye,dry_run,none,False,False,0.0,0.0,0,inactive:clear,False,1791359483061328318,-7.370671682,False
1791359483138270966,,True,1861,bird_eye,dry_run,none,False,False,0.0,0.0,0,inactive:clear,False,1791359483098340311,-7.333659689,False
1791359483168951702,,True,1862,bird_eye,dry_run,none,False,False,0.0,0.0,0,inactive:clear,False,1791359483128021798,-7.303978202,False
1791359483205806223,,True,1863,bird_eye,dry_run,none,False,False,0.0,0.0,0,inactive:clear,False,1791359483165379422,-7.266620578,False
1791359483240912766,,True,1864,bird_eye,dry_run,none,False,False,0.0,0.0,0,inactive:clear,False,1791359483199892041,-7.232107959,False
1791359483270226245,,True,1865,bird_eye,dry_run,none,False,False,0.0,0.0,0,inactive:clear,False,1791359483229416240,-7.20258376,False
1791359483304667638,,True,1866,bird_eye,dry_run,none,False,False,0.0,0.0,0,inactive:clear,False,1791359483263835568,-7.168164432,False
1791359483334721294,,True,1867,bird_eye,dry_run,none,False,False,0.0,0.0,0,inactive:clear,False,1791359483294268744,-7.137731256,False
1791359483370815357,,True,1868,bird_eye,dry_run,none,False,False,0.0,0.0,0,inactive:clear,False,1791359483330236265,-7.101763735,False
1791359483400027181,,True,1869,bird_eye,dry_run,none,False,False,0.0,0.0,0,inactive:clear,False,1791359483359358154,-7.072641846,False
1791359483436639793,,True,1870,bird_eye,dry_run,none,False,False,0.0,0.0,0,inactive:clear,False,1791359483396359498,-7.035640502,False
1791359483473339546,,True,1871,bird_eye,dry_run,none,False,False,0.0,0.0,0,inactive:clear,False,1791359483432619496,-6.999380504,False
1791359483498360174,,True,1872,bird_eye,dry_run,none,False,False,0.0,0.0,0,inactive:clear,False,1791359483457959412,-6.974040588,False
1791359483534776921,,True,1873,bird_eye,dry_run,none,False,False,0.0,0.0,0,inactive:clear,False,1791359483493779942,-6.938220058,False
1791359483566924512,,True,1874,bird_eye,dry_run,none,False,False,0.0,0.0,0,inactive:clear,False,1791359483526296761,-6.905703239,False
1791359483608237032,,True,1875,bird_eye,dry_run,none,False,False,0.0,0.0,0,inactive:clear,False,1791359483569222782,-6.862777218,False
1791359483632594292,,True,1876,bird_eye,dry_run,none,False,False,0.0,0.0,0,inactive:clear,False,1791359483592295558,-6.839704442,False
1791359483670182640,,True,1877,bird_eye,dry_run,none,False,False,0.0,0.0,0,inactive:clear,False,1791359483629975655,-6.802024345,False
1791359483713576805,,True,1878,bird_eye,dry_run,none,False,False,0.0,0.0,0,inactive:clear,False,1791359483675657890,-6.75634211,False
1791359483733295019,,True,1879,bird_eye,dry_run,none,False,False,0.0,0.0,0,inactive:clear,False,1791359483692351589,-6.739648411,False
1791359483777889504,,True,1880,bird_eye,dry_run,none,False,False,0.0,0.0,0,inactive:clear,False,1791359483737084710,-6.69491529,False
1791359483803330628,,True,1881,bird_eye,dry_run,none,False,False,0.0,0.0,0,inactive:clear,False,1791359483762346123,-6.669653877,False
1791359483840551659,,True,1882,bird_eye,dry_run,none,False,False,0.0,0.0,0,inactive:clear,False,1791359483799896239,-6.632103761,False
1791359483875458997,,True,1883,bird_eye,dry_run,none,False,False,0.0,0.0,0,inactive:clear,False,1791359483835077597,-6.596922403,False
1791359483903932259,,True,1884,bird_eye,dry_run,none,False,False,0.0,0.0,0,inactive:clear,False,1791359483863511762,-6.568488238,False
1791359483935055663,,True,1885,bird_eye,dry_run,none,False,False,0.0,0.0,0,inactive:clear,False,1791359483895963941,-6.536036059,False
1791359483973719801,,True,1886,bird_eye,dry_run,none,False,False,0.0,0.0,0,inactive:clear,False,1791359483940091198,-6.491908802,False
1791359484011252653,,True,1887,bird_eye,dry_run,none,False,False,0.0,0.0,0,inactive:clear,False,1791359483970348151,-6.461651849,False
1791359484036579114,,True,1888,bird_eye,dry_run,none,False,False,0.0,0.0,0,inactive:clear,False,1791359484006679122,-6.425320878,False
1791359484069455591,,True,1889,bird_eye,dry_run,none,False,False,0.0,0.0,0,inactive:clear,False,1791359484030021978,-6.401978022,False
1791359484108268931,,True,1890,bird_eye,dry_run,none,False,False,0.0,0.0,0,inactive:clear,False,1791359484067883405,-6.364116595,False
1791359484133831119,,True,1891,bird_eye,dry_run,none,False,False,0.0,0.0,0,inactive:clear,False,1791359484095340841,-6.336659159,False
1791359484173613443,,True,1892,bird_eye,dry_run,none,False,False,0.0,0.0,0,inactive:clear,False,1791359484134811700,-6.2971883,False
1791359484214966984,,True,1893,bird_eye,dry_run,none,False,False,0.0,0.0,0,inactive:clear,False,1791359484174584735,-6.257415265,False
1791359484244101260,,True,1894,bird_eye,dry_run,none,False,False,0.0,0.0,0,inactive:clear,False,1791359484203241791,-6.228758209,False
1791359484271285103,,True,1895,bird_eye,dry_run,none,False,False,0.0,0.0,0,inactive:clear,False,1791359484230456635,-6.201543365,False
1791359484303110899,,True,1896,bird_eye,dry_run,none,False,False,0.0,0.0,0,inactive:clear,False,1791359484262786782,-6.169213218,False
1791359484344188363,,True,1897,bird_eye,dry_run,none,False,False,0.0,0.0,0,inactive:clear,False,1791359484303411959,-6.128588041,False
1791359484377083814,,True,1898,bird_eye,dry_run,none,False,False,0.0,0.0,0,inactive:clear,False,1791359484336260135,-6.095739865,False
1791359484426904591,,True,1899,bird_eye,dry_run,none,False,False,0.0,0.0,0,inactive:clear,False,1791359484386340202,-6.045659798,False
1791359484434529469,,True,1900,bird_eye,dry_run,none,False,False,0.0,0.0,0,inactive:clear,False,1791359484393645106,-6.038354894,False
1791359484471024295,,True,1901,bird_eye,dry_run,none,False,False,0.0,0.0,0,inactive:clear,False,1791359484430750596,-6.001249404,False
1791359484501468142,,True,1902,bird_eye,dry_run,none,False,False,0.0,0.0,0,inactive:clear,False,1791359484460676632,-5.971323368,False
1791359484549405578,,True,1903,bird_eye,dry_run,none,False,False,0.0,0.0,0,inactive:clear,False,1791359484508659384,-5.923340616,False
1791359484572333379,,True,1904,bird_eye,dry_run,none,False,False,0.0,0.0,0,inactive:clear,False,1791359484532411315,-5.899588685,False
1791359484617468908,,True,1905,bird_eye,dry_run,none,False,False,0.0,0.0,0,inactive:clear,False,1791359484576955883,-5.855044117,False
1791359484632861985,,True,1906,bird_eye,dry_run,none,False,False,0.0,0.0,0,inactive:clear,False,1791359484592349005,-5.839650995,False
1791359484678311757,,True,1907,bird_eye,dry_run,none,False,False,0.0,0.0,0,inactive:clear,False,1791359484637773566,-5.794226434,False
1791359484698726399,,True,1908,bird_eye,dry_run,none,False,False,0.0,0.0,0,inactive:clear,False,1791359484657921324,-5.774078676,False
1791359484733368965,,True,1909,bird_eye,dry_run,none,False,False,0.0,0.0,0,inactive:clear,False,1791359484692489282,-5.739510718,False
1791359484767802965,,True,1910,bird_eye,dry_run,none,False,False,0.0,0.0,0,inactive:clear,False,1791359484727083967,-5.704916033,False
1791359484800644102,,True,1911,bird_eye,dry_run,none,False,False,0.0,0.0,0,inactive:clear,False,1791359484760498733,-5.671501267,False
1791359484857496456,,True,1912,bird_eye,dry_run,none,False,False,0.0,0.0,0,inactive:clear,False,1791359484816883405,-5.615116595,False
1791359484886485928,,True,1913,bird_eye,dry_run,none,False,False,0.0,0.0,0,inactive:clear,False,1791359484845728901,-5.586271099,False
1791359484903412394,,True,1914,bird_eye,dry_run,none,False,False,0.0,0.0,0,inactive:clear,False,1791359484863314402,-5.568685598,False
1791359484935164106,,True,1915,bird_eye,dry_run,none,False,False,0.0,0.0,0,inactive:clear,False,1791359484895961524,-5.536038476,False
1791359484973672065,,True,1916,bird_eye,dry_run,none,False,False,0.0,0.0,0,inactive:clear,False,1791359484939507822,-5.492492178,False
1791359484999235233,,True,1917,bird_eye,dry_run,none,False,False,0.0,0.0,0,inactive:clear,False,1791359484958390098,-5.473609902,False
1791359485033212398,,True,1918,bird_eye,dry_run,none,False,False,0.0,0.0,0,inactive:clear,False,1791359484992339224,-5.439660776,False
1791359485067727721,,True,1919,bird_eye,dry_run,none,False,False,0.0,0.0,0,inactive:clear,False,1791359485026854912,-5.405145088,False
1791359485100353737,,True,1920,bird_eye,dry_run,none,False,False,0.0,0.0,0,inactive:clear,False,1791359485059968476,-5.372031524,False
1791359485132608308,,True,1921,bird_eye,dry_run,none,False,False,0.0,0.0,0,inactive:clear,False,1791359485092353958,-5.339646042,False
1791359485166142247,,True,1922,bird_eye,dry_run,none,False,False,0.0,0.0,0,inactive:clear,False,1791359485125839158,-5.306160842,False
1791359485201553120,,True,1923,bird_eye,dry_run,none,False,False,0.0,0.0,0,inactive:clear,False,1791359485160900005,-5.271099995,False
1791359485231323941,,True,1924,bird_eye,dry_run,none,False,False,0.0,0.0,0,inactive:clear,False,1791359485191656900,-5.2403431,False
1791359485268085829,,True,1925,bird_eye,dry_run,none,False,False,0.0,0.0,0,inactive:clear,False,1791359485227924755,-5.204075245,False
1791359485300250809,,True,1926,bird_eye,dry_run,none,False,False,0.0,0.0,0,inactive:clear,False,1791359485259979110,-5.17202089,False
1791359485332975771,,True,1927,bird_eye,dry_run,none,False,False,0.0,0.0,0,inactive:clear,False,1791359485293632812,-5.138367188,False
1791359485368164105,,True,1928,bird_eye,dry_run,none,False,False,0.0,0.0,0,inactive:clear,False,1791359485327176206,-5.104823794,False
1791359485400876472,,True,1929,bird_eye,dry_run,none,False,False,0.0,0.0,0,inactive:clear,False,1791359485360282396,-5.071717604,False
1791359485434671093,,True,1930,bird_eye,dry_run,none,False,False,0.0,0.0,0,inactive:clear,False,1791359485396121063,-5.035878937,False
1791359485469976199,,True,1931,bird_eye,dry_run,none,False,False,0.0,0.0,0,inactive:clear,False,1791359485429267288,-5.002732712,False
1791359485499303275,,True,1932,bird_eye,dry_run,none,False,False,0.0,0.0,0,inactive:clear,False,1791359485459358646,-4.972641354,False
1791359485540777893,,True,1933,bird_eye,dry_run,none,False,False,0.0,0.0,0,inactive:clear,False,1791359485500059886,-4.931940114,False
1791359485577599738,,True,1934,bird_eye,dry_run,none,False,False,0.0,0.0,0,inactive:clear,False,1791359485536828112,-4.895171888,False
1791359485605693430,,True,1935,bird_eye,dry_run,none,False,False,0.0,0.0,0,inactive:clear,False,1791359485566474774,-4.865525226,False
1791359485634287393,,True,1936,bird_eye,dry_run,none,False,False,0.0,0.0,0,inactive:clear,False,1791359485594365543,-4.837634457,False
1791359485668108174,,True,1937,bird_eye,dry_run,none,False,False,0.0,0.0,0,inactive:clear,False,1791359485628364960,-4.80363504,False
1791359485702321918,,True,1938,bird_eye,dry_run,none,False,False,0.0,0.0,0,inactive:clear,False,1791359485661507980,-4.77049202,False
1791359485733088276,,True,1939,bird_eye,dry_run,none,False,False,0.0,0.0,0,inactive:clear,False,1791359485693308398,-4.738691602,False
1791359485769113714,,True,1940,bird_eye,dry_run,none,False,False,0.0,0.0,0,inactive:clear,False,1791359485728440994,-4.703559006,False
1791359485811737430,,True,1941,bird_eye,dry_run,none,False,False,0.0,0.0,0,inactive:clear,False,1791359485771052818,-4.660947182,False
1791359485833304724,,True,1942,bird_eye,dry_run,none,False,False,0.0,0.0,0,inactive:clear,False,1791359485792568446,-4.639431554,False
1791359485868124252,,True,1943,bird_eye,dry_run,none,False,False,0.0,0.0,0,inactive:clear,False,1791359485827258555,-4.604741445,False
1791359485904305908,,True,1944,bird_eye,dry_run,none,False,False,0.0,0.0,0,inactive:clear,False,1791359485864020674,-4.567979326,False
1791359485935589558,,True,1945,bird_eye,dry_run,none,False,False,0.0,0.0,0,inactive:clear,False,1791359485894725270,-4.53727473,False
1791359485968187648,,True,1946,bird_eye,dry_run,none,False,False,0.0,0.0,0,inactive:clear,False,1791359485927527540,-4.50447246,False
1791359486001686238,,True,1947,bird_eye,dry_run,none,False,False,0.0,0.0,0,inactive:clear,False,1791359485961042505,-4.470957495,False
1791359486035725144,,True,1948,bird_eye,dry_run,none,False,False,0.0,0.0,0,inactive:clear,False,1791359485995078090,-4.43692191,False
1791359486068334056,,True,1949,bird_eye,dry_run,none,False,False,0.0,0.0,0,inactive:clear,False,1791359486028076290,-4.40392371,False
1791359486100874256,,True,1950,bird_eye,dry_run,none,False,False,0.0,0.0,0,inactive:clear,False,1791359486065957509,-4.366042491,False
1791359486133377483,,True,1951,bird_eye,dry_run,none,False,False,0.0,0.0,0,inactive:clear,False,1791359486093039761,-4.338960239,False
1791359486170103084,,True,1952,bird_eye,dry_run,none,False,False,0.0,0.0,0,inactive:clear,False,1791359486129569591,-4.302430409,False
1791359486202305716,,True,1953,bird_eye,dry_run,none,False,False,0.0,0.0,0,inactive:clear,False,1791359486161499170,-4.27050083,False
1791359486235657978,,True,1954,bird_eye,dry_run,none,False,False,0.0,0.0,0,inactive:clear,False,1791359486194806959,-4.237193041,False
1791359486270400973,,True,1955,bird_eye,dry_run,none,False,False,0.0,0.0,0,inactive:clear,False,1791359486229792561,-4.202207439,False
1791359486298702074,,True,1956,bird_eye,dry_run,none,False,False,0.0,0.0,0,inactive:clear,False,1791359486258969684,-4.173030316,False
1791359486332494337,,True,1957,bird_eye,dry_run,none,False,False,0.0,0.0,0,inactive:clear,False,1791359486294687862,-4.137312138,False
1791359486367901110,,True,1958,bird_eye,dry_run,none,False,False,0.0,0.0,0,inactive:clear,False,1791359486327839160,-4.10416084,False
1791359486401385071,,True,1959,bird_eye,dry_run,none,False,False,0.0,0.0,0,inactive:clear,False,1791359486360840164,-4.071159836,False
1791359486434657594,,True,1960,bird_eye,dry_run,none,False,False,0.0,0.0,0,inactive:clear,False,1791359486396080526,-4.035919474,False
1791359486466405630,,True,1961,bird_eye,dry_run,none,False,False,0.0,0.0,0,inactive:clear,False,1791359486426033588,-4.005966412,False
1791359486504243373,,True,1962,bird_eye,dry_run,none,False,False,0.0,0.0,0,inactive:clear,False,1791359486464235293,-3.967764707,False
1791359486535230169,,True,1963,bird_eye,dry_run,none,False,False,0.0,0.0,0,inactive:clear,False,1791359486494468192,-3.937531808,False
1791359486569800247,,True,1964,bird_eye,dry_run,none,False,False,0.0,0.0,0,inactive:clear,False,1791359486529404823,-3.902595177,False
1791359486600483261,,True,1965,bird_eye,dry_run,none,False,False,0.0,0.0,0,inactive:clear,False,1791359486559827951,-3.872172049,False
1791359486633508074,,True,1966,bird_eye,dry_run,none,False,False,0.0,0.0,0,inactive:clear,False,1791359486593375080,-3.83862492,False
1791359486672028625,,True,1967,bird_eye,dry_run,none,False,False,0.0,0.0,0,inactive:clear,False,1791359486631351882,-3.800648118,False
1791359486701459098,,True,1968,bird_eye,dry_run,none,False,False,0.0,0.0,0,inactive:clear,False,1791359486661936424,-3.770063576,False
1791359486731654960,,True,1969,bird_eye,dry_run,none,False,False,0.0,0.0,0,inactive:clear,False,1791359486691596845,-3.740403155,False
1791359486769610534,,True,1970,bird_eye,dry_run,none,False,False,0.0,0.0,0,inactive:clear,False,1791359486729379763,-3.702620237,False
1791359486800939132,,True,1971,bird_eye,dry_run,none,False,False,0.0,0.0,0,inactive:clear,False,1791359486760265744,-3.671734256,False
1791359486831847214,,True,1972,bird_eye,dry_run,none,False,False,0.0,0.0,0,inactive:clear,False,1791359486791138514,-3.640861486,False
1791359486867632036,,True,1973,bird_eye,dry_run,none,False,False,0.0,0.0,0,inactive:clear,False,1791359486826914493,-3.605085507,False
1791359486900144997,,True,1974,bird_eye,dry_run,none,False,False,0.0,0.0,0,inactive:clear,False,1791359486859377427,-3.572622573,False
1791359486935458493,,True,1975,bird_eye,dry_run,none,False,False,0.0,0.0,0,inactive:clear,False,1791359486896183329,-3.535816671,False
1791359486967470488,,True,1976,bird_eye,dry_run,none,False,False,0.0,0.0,0,inactive:clear,False,1791359486929614011,-3.502385989,False
1791359487000658321,,True,1977,bird_eye,dry_run,none,False,False,0.0,0.0,0,inactive:clear,False,1791359486960157307,-3.471842693,False
1791359487034293906,,True,1978,bird_eye,dry_run,none,False,False,0.0,0.0,0,inactive:clear,False,1791359486994231927,-3.437768073,False
1791359487076960657,,True,1979,bird_eye,dry_run,none,False,False,0.0,0.0,0,inactive:clear,False,1791359487036288043,-3.395711957,False
1791359487104266878,,True,1980,bird_eye,dry_run,none,False,False,0.0,0.0,0,inactive:clear,False,1791359487063796443,-3.368203557,False
1791359487137010980,,True,1981,bird_eye,dry_run,none,False,False,0.0,0.0,0,inactive:clear,False,1791359487096794982,-3.335205018,False
1791359487168247832,,True,1982,bird_eye,dry_run,none,False,False,0.0,0.0,0,inactive:clear,False,1791359487128350032,-3.303649968,False
1791359487200913684,,True,1983,bird_eye,dry_run,none,False,False,0.0,0.0,0,inactive:clear,False,1791359487161233751,-3.270766249,False
1791359487235588909,,True,1984,bird_eye,dry_run,none,False,False,0.0,0.0,0,inactive:clear,False,1791359487197312391,-3.234687609,False
1791359487269009058,,True,1985,bird_eye,dry_run,none,False,False,0.0,0.0,0,inactive:clear,False,1791359487229317170,-3.20268283,False
1791359487303108387,,True,1986,bird_eye,dry_run,none,False,False,0.0,0.0,0,inactive:clear,False,1791359487262546962,-3.169453038,False
1791359487336360897,,True,1987,bird_eye,dry_run,none,False,False,0.0,0.0,0,inactive:clear,False,1791359487298024673,-3.133975327,False
1791359487370428401,,True,1988,bird_eye,dry_run,none,False,False,0.0,0.0,0,inactive:clear,False,1791359487329676517,-3.102323483,False
1791359487400525321,,True,1989,bird_eye,dry_run,none,False,False,0.0,0.0,0,inactive:clear,False,1791359487361615310,-3.07038469,False
1791359487439315962,,True,1990,bird_eye,dry_run,none,False,False,0.0,0.0,0,inactive:clear,False,1791359487398753692,-3.033246308,False
1791359487469784641,,True,1991,bird_eye,dry_run,none,False,False,0.0,0.0,0,inactive:clear,False,1791359487430366575,-3.001633425,False
1791359487504848530,,True,1992,bird_eye,dry_run,none,False,False,0.0,0.0,0,inactive:clear,False,1791359487464983393,-2.967016607,False
1791359487534647630,,True,1993,bird_eye,dry_run,none,False,False,0.0,0.0,0,inactive:clear,False,1791359487499246994,-2.932753006,False
1791359487570094549,,True,1994,bird_eye,dry_run,none,False,False,0.0,0.0,0,inactive:clear,False,1791359487529560504,-2.902439496,False
1791359487601697111,,True,1995,bird_eye,dry_run,none,False,False,0.0,0.0,0,inactive:clear,False,1791359487561824552,-2.870175448,False
1791359487635292472,,True,1996,bird_eye,dry_run,none,False,False,0.0,0.0,0,inactive:clear,False,1791359487594772149,-2.837227851,False
1791359487669506850,,True,1997,bird_eye,dry_run,none,False,False,0.0,0.0,0,inactive:clear,False,1791359487628951523,-2.803048477,False
1791359487707331526,,True,1998,bird_eye,dry_run,none,False,False,0.0,0.0,0,inactive:clear,False,1791359487668369678,-2.763630322,False
1791359487734373090,,True,1999,bird_eye,dry_run,none,False,False,0.0,0.0,0,inactive:clear,False,1791359487694986301,-2.737013699,False
1791359487770816950,,True,2000,bird_eye,dry_run,none,False,False,0.0,0.0,0,inactive:clear,False,1791359487732246919,-2.699753081,False
1791359487802266314,,True,2001,bird_eye,dry_run,none,False,False,0.0,0.0,0,inactive:clear,False,1791359487762386976,-2.669613024,False
1791359487837392824,,True,2002,bird_eye,dry_run,none,False,False,0.0,0.0,0,inactive:clear,False,1791359487798268056,-2.633731944,False
1791359487870394800,,True,2003,bird_eye,dry_run,none,False,False,0.0,0.0,0,inactive:clear,False,1791359487830374837,-2.601625163,False
1791359487902081646,,True,2004,bird_eye,dry_run,none,False,False,0.0,0.0,0,inactive:clear,False,1791359487861443457,-2.570556543,False
1791359487936360293,,True,2005,bird_eye,dry_run,none,False,False,0.0,0.0,0,inactive:clear,False,1791359487896011606,-2.535988394,False
1791359487964869975,,True,2006,bird_eye,dry_run,none,False,False,0.0,0.0,0,inactive:clear,False,1791359487924465690,-2.50753431,False
1791359488001693066,,True,2007,bird_eye,dry_run,none,False,False,0.0,0.0,0,inactive:clear,False,1791359487961499343,-2.470500657,False
1791359488033098813,,True,2008,bird_eye,dry_run,none,False,False,0.0,0.0,0,inactive:clear,False,1791359487995004600,-2.4369954,False
1791359488064646301,,True,2009,bird_eye,dry_run,none,False,False,0.0,0.0,0,inactive:clear,False,1791359488026712831,-2.405287169,False
1791359488106258513,,True,2010,bird_eye,dry_run,none,False,False,0.0,0.0,0,inactive:clear,False,1791359488065673250,-2.36632675,False
1791359488133518843,,True,2011,bird_eye,dry_run,none,False,False,0.0,0.0,0,inactive:clear,False,1791359488095559109,-2.336440891,False
1791359488165546187,,True,2012,bird_eye,dry_run,none,False,False,0.0,0.0,0,inactive:clear,False,1791359488125019273,-2.306980727,False
1791359488199953570,,True,2013,bird_eye,dry_run,none,False,False,0.0,0.0,0,inactive:clear,False,1791359488160783216,-2.271216784,False
1791359488231607636,,True,2014,bird_eye,dry_run,none,False,False,0.0,0.0,0,inactive:clear,False,1791359488192128043,-2.239871957,False
1791359488267351996,,True,2015,bird_eye,dry_run,none,False,False,0.0,0.0,0,inactive:clear,False,1791359488227045144,-2.204954856,False
1791359488299293808,,True,2016,bird_eye,dry_run,none,False,False,0.0,0.0,0,inactive:clear,False,1791359488259342117,-2.172657883,False
1791359488333652559,,True,2017,bird_eye,dry_run,none,False,False,0.0,0.0,0,inactive:clear,False,1791359488295039650,-2.13696035,False
1791359488378319498,,True,2018,bird_eye,dry_run,none,False,False,0.0,0.0,0,inactive:clear,False,1791359488338330699,-2.093669301,False
1791359488405626325,,True,2019,bird_eye,dry_run,none,False,False,0.0,0.0,0,inactive:clear,False,1791359488365818707,-2.066181293,False
1791359488436579053,,True,2020,bird_eye,dry_run,none,False,False,0.0,0.0,0,inactive:clear,False,1791359488396335024,-2.035664976,False
1791359488466085780,,True,2021,bird_eye,dry_run,none,False,False,0.0,0.0,0,inactive:clear,False,1791359488426090302,-2.005909698,False
1791359488508697820,,True,2022,bird_eye,dry_run,none,False,False,0.0,0.0,0,inactive:clear,False,1791359488468691452,-1.963308548,False
1791359488540983926,,True,2023,bird_eye,dry_run,none,False,False,0.0,0.0,0,inactive:clear,False,1791359488500365922,-1.931634078,False
1791359488566800327,,True,2024,bird_eye,dry_run,none,False,False,0.0,0.0,0,inactive:clear,False,1791359488527266702,-1.904733298,False
1791359488600945628,,True,2025,bird_eye,dry_run,none,False,False,0.0,0.0,0,inactive:clear,False,1791359488560441481,-1.871558519,False
1791359488641872732,,True,2026,bird_eye,dry_run,none,False,False,0.0,0.0,0,inactive:clear,False,1791359488601513826,-1.830486174,False
1791359488668380290,,True,2027,bird_eye,dry_run,none,False,False,0.0,0.0,0,inactive:clear,False,1791359488627806890,-1.80419311,False
1791359488712829577,,True,2028,bird_eye,dry_run,none,False,False,0.0,0.0,0,inactive:clear,False,1791359488672746989,-1.759253011,False
1791359488738348977,,True,2029,bird_eye,dry_run,none,False,False,0.0,0.0,0,inactive:clear,False,1791359488698312902,-1.733687098,False
1791359488772922569,,True,2030,bird_eye,dry_run,none,False,False,0.0,0.0,0,inactive:clear,False,1791359488732746013,-1.699253987,False
1791359488801289540,,True,2031,bird_eye,dry_run,none,False,False,0.0,0.0,0,inactive:clear,False,1791359488760735067,-1.671264933,False
1791359488834804699,,True,2032,bird_eye,dry_run,none,False,False,0.0,0.0,0,inactive:clear,False,1791359488796579934,-1.635420066,False
1791359488872303000,,True,2033,bird_eye,dry_run,none,False,False,0.0,0.0,0,inactive:clear,False,1791359488833987988,-1.598012012,False
1791359488902455357,,True,2034,bird_eye,dry_run,none,False,False,0.0,0.0,0,inactive:clear,False,1791359488861870006,-1.570129994,False
1791359488931643923,,True,2035,bird_eye,dry_run,none,False,False,0.0,0.0,0,inactive:clear,False,1791359488891709708,-1.540290292,False
1791359488967302613,,True,2036,bird_eye,dry_run,none,False,False,0.0,0.0,0,inactive:clear,False,1791359488926978731,-1.505021269,False
1791359488999428561,,True,2037,bird_eye,dry_run,none,False,False,0.0,0.0,0,inactive:clear,False,1791359488958697561,-1.473302439,False
1791359489034255978,,True,2038,bird_eye,dry_run,none,False,False,0.0,0.0,0,inactive:clear,False,1791359488993661647,-1.438338353,False
1791359489067603479,,True,2039,bird_eye,dry_run,none,False,False,0.0,0.0,0,inactive:clear,False,1791359489027306381,-1.404693619,False
1791359489104285949,,True,2040,bird_eye,dry_run,none,False,False,0.0,0.0,0,inactive:clear,False,1791359489070193630,-1.36180637,False
1791359489139490529,,True,2041,bird_eye,dry_run,none,False,False,0.0,0.0,0,inactive:clear,False,1791359489098909839,-1.333090161,False
1791359489182335126,,True,2042,bird_eye,dry_run,none,False,False,0.0,0.0,0,inactive:clear,False,1791359489143722836,-1.288277164,False
1791359489202083864,,True,2043,bird_eye,dry_run,none,False,False,0.0,0.0,0,inactive:clear,False,1791359489161970492,-1.270029508,False
1791359489233432510,,True,2044,bird_eye,dry_run,none,False,False,0.0,0.0,0,inactive:clear,False,1791359489194517568,-1.237482432,False
1791359489267666041,,True,2045,bird_eye,dry_run,none,False,False,0.0,0.0,0,inactive:clear,False,1791359489227215721,-1.204784279,False
1791359489299414696,,True,2046,bird_eye,dry_run,none,False,False,0.0,0.0,0,inactive:clear,False,1791359489258981565,-1.173018435,False
1791359489376329186,,True,2047,bird_eye,dry_run,none,False,False,0.0,0.0,0,inactive:clear,False,1791359489336686929,-1.095313071,False
1791359489409167054,,True,2049,bird_eye,dry_run,none,False,False,0.0,0.0,0,inactive:clear,False,1791359489369193206,-1.062806794,False
1791359489440887542,,True,2050,bird_eye,dry_run,none,False,False,0.0,0.0,0,inactive:clear,False,1791359489400477190,-1.03152281,False
1791359489471523501,,True,2051,bird_eye,dry_run,none,False,False,0.0,0.0,0,inactive:clear,False,1791359489431339589,-1.000660411,False
1791359489498426777,,True,2052,bird_eye,dry_run,none,False,False,0.0,0.0,0,inactive:clear,False,1791359489458104086,-0.973895914,False
1791359489541251937,,True,2053,bird_eye,dry_run,none,False,False,0.0,0.0,0,inactive:clear,False,1791359489501446802,-0.930553198,False
1791359489565086616,,True,2054,bird_eye,dry_run,none,False,False,0.0,0.0,0,inactive:clear,False,1791359489524591876,-0.907408124,False
1791359489602529428,,True,2055,bird_eye,dry_run,none,False,False,0.0,0.0,0,inactive:clear,False,1791359489562824632,-0.869175368,False
1791359489633292557,,True,2056,bird_eye,dry_run,none,False,False,0.0,0.0,0,inactive:clear,False,1791359489595877964,-0.836122036,False
1791359489666212856,,True,2057,bird_eye,dry_run,none,False,False,0.0,0.0,0,inactive:clear,False,1791359489625640453,-0.806359547,False
1791359489700200826,,True,2058,bird_eye,dry_run,none,False,False,0.0,0.0,0,inactive:clear,False,1791359489660262717,-0.771737283,False
1791359489745214098,,True,2059,bird_eye,dry_run,none,False,False,0.0,0.0,0,inactive:clear,False,1791359489705000713,-0.726999287,False
1791359489781426947,,True,2060,bird_eye,dry_run,none,False,False,0.0,0.0,0,inactive:clear,False,1791359489740895334,-0.691104666,False
1791359489814355377,,True,2061,bird_eye,dry_run,none,False,False,0.0,0.0,0,inactive:clear,False,1791359489773941744,-0.658058256,False
1791359489837338384,,True,2062,bird_eye,dry_run,none,False,False,0.0,0.0,0,inactive:clear,False,1791359489796665301,-0.635334699,False
1791359489868027861,,True,2063,bird_eye,dry_run,none,False,False,0.0,0.0,0,inactive:clear,False,1791359489827551814,-0.604448186,False
1791359489904688461,,True,2064,bird_eye,dry_run,none,False,False,0.0,0.0,0,inactive:clear,False,1791359489864492864,-0.567507136,False
1791359489943493440,,True,2065,bird_eye,dry_run,none,False,False,0.0,0.0,0,inactive:clear,False,1791359489903066429,-0.528933571,False
1791359489973244095,,True,2066,bird_eye,dry_run,none,False,False,0.0,0.0,0,inactive:clear,False,1791359489932845497,-0.499154503,False
1791359490000770130,,True,2067,bird_eye,dry_run,none,False,False,0.0,0.0,0,inactive:clear,False,1791359489960690414,-0.471309586,False
1791359490032006866,,True,2068,bird_eye,dry_run,none,False,False,0.0,0.0,0,inactive:clear,False,1791359489991425706,-0.440574294,False
1791359490077614392,,True,2069,bird_eye,dry_run,none,False,False,0.0,0.0,0,inactive:clear,False,1791359490037057222,-0.394942778,False
1791359490104382599,,True,2070,bird_eye,dry_run,none,False,False,0.0,0.0,0,inactive:clear,False,1791359490064068080,-0.36793192,False
1791359490133149420,,True,2071,bird_eye,dry_run,none,False,False,0.0,0.0,0,inactive:clear,False,1791359490093406210,-0.33859379,False
1791359490180868166,,True,2072,bird_eye,dry_run,none,False,False,0.0,0.0,0,inactive:clear,False,1791359490141423277,-0.290576723,False
1791359490205910235,,True,2073,bird_eye,dry_run,none,False,False,0.0,0.0,0,inactive:clear,False,1791359490165391779,-0.266608221,False
1791359490233784936,,True,2074,bird_eye,dry_run,none,False,False,0.0,0.0,0,inactive:clear,False,1791359490193520128,-0.238479872,False
1791359490271292678,,True,2075,bird_eye,dry_run,none,False,False,0.0,0.0,0,inactive:clear,False,1791359490231394886,-0.200605114,False
1791359490298808532,,True,2076,bird_eye,dry_run,none,False,False,0.0,0.0,0,inactive:clear,False,1791359490258094838,-0.173905162,False
1791359490333901617,,True,2077,bird_eye,dry_run,none,False,False,0.0,0.0,0,inactive:clear,False,1791359490293871427,-0.138128573,False
1791359490365496467,,True,2078,bird_eye,dry_run,none,False,False,0.0,0.0,0,inactive:clear,False,1791359490324994055,-0.107005945,False
1791359490408995542,,True,2079,bird_eye,dry_run,none,False,False,0.0,0.0,0,inactive:clear,False,1791359490369079675,-0.062920325,False
1791359490435080164,,True,2080,bird_eye,dry_run,none,False,False,0.0,0.0,0,inactive:clear,False,1791359490394370678,-0.037629322,False
1791359490469844347,,True,2081,bird_eye,dry_run,none,False,False,0.0,0.0,0,inactive:clear,False,1791359490429241112,-0.002758888,False
1791359490502997992,,True,2082,bird_eye,dry_run,none,False,False,0.0,0.0,0,inactive:clear,False,1791359490462486780,0.03048678,True
1791359490532673182,,True,2083,bird_eye,dry_run,none,False,False,0.0,0.0,0,inactive:clear,False,1791359490492321821,0.060321821,True
1791359490566032173,,True,2084,bird_eye,dry_run,none,False,False,0.0,0.0,0,inactive:clear,False,1791359490527738003,0.095738003,True
1791359490599839420,,True,2085,bird_eye,dry_run,none,False,False,0.0,0.0,0,inactive:clear,False,1791359490559203240,0.12720324,True
1791359490631392843,,True,2086,bird_eye,dry_run,none,False,False,0.0,0.0,0,inactive:clear,False,1791359490591011056,0.159011056,True
1791359490666650696,,True,2087,bird_eye,dry_run,none,False,False,0.0,0.0,0,inactive:clear,False,1791359490626053368,0.194053368,True
1791359490698671059,,True,2088,bird_eye,dry_run,none,False,False,0.0,0.0,0,inactive:clear,False,1791359490658218461,0.226218461,True
1791359490736081898,,True,2089,bird_eye,dry_run,none,False,False,0.0,0.0,0,inactive:clear,False,1791359490695745051,0.263745051,True
1791359490774845591,,True,2090,bird_eye,dry_run,none,False,False,0.0,0.0,0,inactive:clear,False,1791359490734246228,0.302246228,True
1791359490805603927,,True,2091,bird_eye,dry_run,none,False,False,0.0,0.0,0,inactive:clear,False,1791359490765184760,0.33318476,True
1791359490837566404,,True,2092,bird_eye,dry_run,none,False,False,0.0,0.0,0,inactive:clear,False,1791359490797116997,0.365116997,True
1791359490864474121,,True,2093,bird_eye,dry_run,none,False,False,0.0,0.0,0,inactive:clear,False,1791359490824798594,0.392798594,True
1791359490904078591,,True,2094,bird_eye,dry_run,none,False,False,0.0,0.0,0,inactive:clear,False,1791359490863380638,0.431380638,True
1791359490931942169,,True,2095,bird_eye,dry_run,none,False,False,0.0,0.0,0,inactive:clear,False,1791359490891295936,0.459295936,True
1791359490964778019,,True,2096,bird_eye,dry_run,none,False,False,0.0,0.0,0,inactive:clear,False,1791359490924259110,0.49225911,True
1791359490997018474,,True,2097,bird_eye,dry_run,none,False,False,0.0,0.0,0,inactive:clear,False,1791359490956435970,0.52443597,True
1791359491031434763,,True,2098,bird_eye,dry_run,none,False,False,0.0,0.0,0,inactive:clear,False,1791359490991306494,0.559306494,True
1791359491073358697,,True,2099,bird_eye,dry_run,none,False,False,0.0,0.0,0,inactive:clear,False,1791359491033101660,0.60110166,True
1791359491117967120,,True,2100,bird_eye,dry_run,none,False,False,0.0,0.0,0,inactive:clear,False,1791359491082978985,0.650978985,True
1791359491144544083,,True,2101,bird_eye,dry_run,none,False,False,0.0,0.0,0,inactive:clear,False,1791359491104076956,0.672076956,True
1791359491174205236,,True,2102,bird_eye,dry_run,none,False,False,0.0,0.0,0,inactive:clear,False,1791359491134242215,0.702242215,True
1791359491208483879,,True,2103,bird_eye,dry_run,none,False,False,0.0,0.0,0,inactive:clear,False,1791359491168068302,0.736068302,True
1791359491237103131,,True,2104,bird_eye,dry_run,none,False,False,0.0,0.0,0,inactive:clear,False,1791359491196402091,0.764402091,True
1791359491269184596,,True,2105,bird_eye,dry_run,none,False,False,0.0,0.0,0,inactive:clear,False,1791359491228961437,0.796961437,True
1791359491301629092,,True,2106,bird_eye,dry_run,none,False,False,0.0,0.0,0,inactive:clear,False,1791359491262241064,0.830241064,True
1791359491339121301,,True,2107,bird_eye,dry_run,none,False,False,0.0,0.0,0,inactive:clear,False,1791359491298580737,0.866580737,True
1791359491372946771,,True,2108,bird_eye,dry_run,none,False,False,0.0,0.0,0,inactive:clear,False,1791359491332352952,0.900352952,True
1791359491408572260,,True,2109,bird_eye,dry_run,none,False,False,0.0,0.0,0,inactive:clear,False,1791359491369445251,0.937445251,True
1791359491447861268,,True,2110,bird_eye,dry_run,none,False,False,0.0,0.0,0,inactive:clear,False,1791359491412255239,0.980255239,True
1791359491481263713,,True,2111,bird_eye,dry_run,none,False,False,0.0,0.0,0,inactive:clear,False,1791359491441866805,1.009866805,True
1791359491507931215,,True,2112,bird_eye,dry_run,none,False,False,0.0,0.0,0,inactive:clear,False,1791359491467317005,1.035317005,True
1791359491540306231,,True,2113,bird_eye,dry_run,none,False,False,0.0,0.0,0,inactive:clear,False,1791359491501331695,1.069331695,True
1791359491564226551,,True,2114,bird_eye,dry_run,none,False,False,0.0,0.0,0,inactive:clear,False,1791359491523852474,1.091852474,True
1791359491597768500,,True,2115,bird_eye,dry_run,none,False,False,0.0,0.0,0,inactive:clear,False,1791359491557571792,1.125571792,True
1791359491629836297,,True,2116,bird_eye,dry_run,none,False,False,0.0,0.0,0,inactive:clear,False,1791359491589230647,1.157230647,True
1791359491672389669,,True,2117,bird_eye,dry_run,none,False,False,0.0,0.0,0,inactive:clear,False,1791359491632392571,1.200392571,True
1791359491702211121,,True,2118,bird_eye,dry_run,none,False,False,0.0,0.0,0,inactive:clear,False,1791359491662669910,1.23066991,True
1791359491741654977,,True,2119,bird_eye,dry_run,none,False,False,0.0,0.0,0,inactive:clear,False,1791359491702800325,1.270800325,True
1791359491763183620,,True,2120,bird_eye,dry_run,none,False,False,0.0,0.0,0,inactive:clear,False,1791359491722611936,1.290611936,True
1791359491796582283,,True,2121,bird_eye,dry_run,none,False,False,0.0,0.0,0,inactive:clear,False,1791359491757098205,1.325098205,True
1791359491830458391,,True,2122,bird_eye,dry_run,none,False,False,0.0,0.0,0,inactive:clear,False,1791359491789888874,1.357888874,True
1791359491869873933,,True,2123,bird_eye,dry_run,none,False,False,0.0,0.0,0,inactive:clear,False,1791359491829428820,1.39742882,True
1791359491900989400,,True,2124,bird_eye,dry_run,none,False,False,0.0,0.0,0,inactive:clear,False,1791359491860991476,1.428991476,True
1791359491936435436,,True,2125,bird_eye,dry_run,none,False,False,0.0,0.0,0,inactive:clear,False,1791359491896078420,1.46407842,True
1791359491969199774,,True,2126,bird_eye,dry_run,none,False,False,0.0,0.0,0,inactive:clear,False,1791359491928661066,1.496661066,True
1791359492000756347,,True,2127,bird_eye,dry_run,none,False,False,0.0,0.0,0,inactive:clear,False,1791359491960272312,1.528272312,True
1791359492033438625,,True,2128,bird_eye,dry_run,none,False,False,0.0,0.0,0,inactive:clear,False,1791359491992801686,1.560801686,True
1791359492068155419,,True,2129,bird_eye,dry_run,none,False,False,0.0,0.0,0,inactive:clear,False,1791359492028183097,1.596183097,True
1791359492099871013,,True,2130,bird_eye,dry_run,none,False,False,0.0,0.0,0,inactive:clear,False,1791359492059245580,1.62724558,True
1791359492130706426,,True,2131,bird_eye,dry_run,none,False,False,0.0,0.0,0,inactive:clear,False,1791359492090117220,1.65811722,True
1791359492166286249,,True,2132,bird_eye,dry_run,none,False,False,0.0,0.0,0,inactive:clear,False,1791359492126108334,1.694108334,True
1791359492209926497,,True,2133,bird_eye,dry_run,none,False,False,0.0,0.0,0,inactive:clear,False,1791359492171341829,1.739341829,True
1791359492242599402,,True,2134,bird_eye,dry_run,none,False,False,0.0,0.0,0,inactive:clear,False,1791359492203765113,1.771765113,True
1791359492269259524,,True,2135,bird_eye,dry_run,none,False,False,0.0,0.0,0,inactive:clear,False,1791359492228697263,1.796697263,True
1791359492300259253,,True,2136,bird_eye,dry_run,none,False,False,0.0,0.0,0,inactive:clear,False,1791359492259757987,1.827757987,True
1791359492330590312,,True,2137,bird_eye,dry_run,none,False,False,0.0,0.0,0,inactive:clear,False,1791359492290370610,1.85837061,True
1791359492368797448,,True,2138,bird_eye,dry_run,none,False,False,0.0,0.0,0,inactive:clear,False,1791359492328326039,1.896326039,True
1791359492415311191,,True,2139,bird_eye,dry_run,none,False,False,0.0,0.0,0,inactive:clear,False,1791359492374806506,1.942806506,True
1791359492442622392,,True,2140,bird_eye,dry_run,none,False,False,0.0,0.0,0,inactive:clear,False,1791359492402728052,1.970728052,True
1791359492470257375,,True,2141,bird_eye,dry_run,none,False,False,0.0,0.0,0,inactive:clear,False,1791359492429764994,1.997764994,True
1791359492499023475,,True,2142,bird_eye,dry_run,none,False,False,0.0,0.0,0,inactive:clear,False,1791359492458851890,2.02685189,True
1791359492530560906,,True,2143,bird_eye,dry_run,none,False,False,0.0,0.0,0,inactive:clear,False,1791359492491389433,2.059389433,True
1791359492565802283,,True,2144,bird_eye,dry_run,none,False,False,0.0,0.0,0,inactive:clear,False,1791359492525612628,2.093612628,True
1791359492596587252,,True,2145,bird_eye,dry_run,none,False,False,0.0,0.0,0,inactive:clear,False,1791359492556106845,2.124106845,True
1791359492634440514,,True,2146,bird_eye,dry_run,none,False,False,0.0,0.0,0,inactive:clear,False,1791359492593791600,2.1617916,True
1791359492677746868,,True,2147,bird_eye,dry_run,none,False,False,0.0,0.0,0,inactive:clear,False,1791359492638061639,2.206061639,True
1791359492717640897,,True,2148,bird_eye,dry_run,none,False,False,0.0,0.0,0,inactive:clear,False,1791359492677352577,2.245352577,True
1791359492747695987,,True,2149,bird_eye,dry_run,none,False,False,0.0,0.0,0,inactive:clear,False,1791359492707383687,2.275383687,True
1791359492779214773,,True,2150,bird_eye,dry_run,none,False,False,0.0,0.0,0,inactive:clear,False,1791359492739507593,2.307507593,True
1791359492816077803,,True,2151,bird_eye,dry_run,none,False,False,0.0,0.0,0,inactive:clear,False,1791359492778687447,2.346687447,True
1791359492848659139,,True,2152,bird_eye,dry_run,none,False,False,0.0,0.0,0,inactive:clear,False,1791359492811419512,2.379419512,True
1791359492888177216,,True,2153,bird_eye,dry_run,none,False,False,0.0,0.0,0,inactive:clear,False,1791359492847865361,2.415865361,True
1791359492920199771,,True,2154,bird_eye,dry_run,none,False,False,0.0,0.0,0,inactive:clear,False,1791359492879715665,2.447715665,True
1791359492957387910,,True,2155,bird_eye,dry_run,none,False,False,0.0,0.0,0,inactive:clear,False,1791359492917669086,2.485669086,True
1791359492989919847,,True,2156,bird_eye,dry_run,none,False,False,0.0,0.0,0,inactive:clear,False,1791359492949669020,2.51766902,True
1791359493020407636,,True,2157,bird_eye,dry_run,none,False,False,0.0,0.0,0,inactive:clear,False,1791359492980510771,2.548510771,True
1791359493049506914,,True,2158,bird_eye,dry_run,none,False,False,0.0,0.0,0,inactive:clear,False,1791359493009273052,2.577273052,True
1791359493076361391,,True,2159,bird_eye,dry_run,none,False,False,0.0,0.0,0,inactive:clear,False,1791359493036052369,2.604052369,True
1791359493104878845,,True,2160,bird_eye,dry_run,none,False,False,0.0,0.0,0,inactive:clear,False,1791359493065292663,2.633292663,True
1791359493134308227,,True,2161,bird_eye,dry_run,none,False,False,0.0,0.0,0,inactive:clear,False,1791359493094032991,2.662032991,True
1791359493164572601,,True,2162,bird_eye,dry_run,none,False,False,0.0,0.0,0,inactive:clear,False,1791359493124285334,2.692285334,True
1791359493197895167,,True,2163,bird_eye,dry_run,none,False,False,0.0,0.0,0,inactive:clear,False,1791359493157578111,2.725578111,True
1791359493229921553,,True,2164,bird_eye,dry_run,none,False,False,0.0,0.0,0,inactive:clear,False,1791359493189523956,2.757523956,True
1791359493264858838,,True,2165,bird_eye,dry_run,none,False,False,0.0,0.0,0,inactive:clear,False,1791359493226448710,2.79444871,True
1791359493297578421,,True,2166,bird_eye,dry_run,none,False,False,0.0,0.0,0,inactive:clear,False,1791359493257309790,2.82530979,True
1791359493331201071,,True,2167,bird_eye,dry_run,none,False,False,0.0,0.0,0,inactive:clear,False,1791359493291050573,2.859050573,True
1791359493366329366,,True,2168,bird_eye,dry_run,none,False,False,0.0,0.0,0,inactive:clear,False,1791359493327072118,2.895072118,True
1791359493400140182,,True,2169,bird_eye,dry_run,none,False,False,0.0,0.0,0,inactive:clear,False,1791359493360656468,2.928656468,True
1791359493432582422,,True,2170,bird_eye,dry_run,none,False,False,0.0,0.0,0,inactive:clear,False,1791359493393395835,2.961395835,True
1791359493463809936,,True,2171,bird_eye,dry_run,none,False,False,0.0,0.0,0,inactive:clear,False,1791359493423246603,2.991246603,True
1791359493500181544,,True,2172,bird_eye,dry_run,none,False,False,0.0,0.0,0,inactive:clear,False,1791359493460485900,3.0284859,True
1791359493531457464,,True,2173,bird_eye,dry_run,none,False,False,0.0,0.0,0,inactive:clear,False,1791359493490970895,3.058970895,True
1791359493565962584,,True,2174,bird_eye,dry_run,none,False,False,0.0,0.0,0,inactive:clear,False,1791359493526099894,3.094099894,True
1791359493600402952,,True,2175,bird_eye,dry_run,none,False,False,0.0,0.0,0,inactive:clear,False,1791359493559989453,3.127989453,True
1791359493635334911,,True,2176,bird_eye,dry_run,none,False,False,0.0,0.0,0,inactive:clear,False,1791359493594737819,3.162737819,True
1791359493665775647,,True,2177,bird_eye,dry_run,none,False,False,0.0,0.0,0,inactive:clear,False,1791359493625684070,3.19368407,True
1791359493698532585,,True,2178,bird_eye,dry_run,none,False,False,0.0,0.0,0,inactive:clear,False,1791359493658248752,3.226248752,True
1791359493731948908,,True,2179,bird_eye,dry_run,none,False,False,0.0,0.0,0,inactive:clear,False,1791359493691966153,3.259966153,True
1791359493764916331,,True,2180,bird_eye,dry_run,none,False,False,0.0,0.0,0,inactive:clear,False,1791359493724864739,3.292864739,True
1791359493800231168,,True,2181,bird_eye,dry_run,none,False,False,0.0,0.0,0,inactive:clear,False,1791359493759824956,3.327824956,True
1791359493845622093,,True,2182,bird_eye,dry_run,none,False,False,0.0,0.0,0,inactive:clear,False,1791359493805367894,3.373367894,True
1791359493877878778,,True,2183,bird_eye,dry_run,none,False,False,0.0,0.0,0,inactive:clear,False,1791359493837445236,3.405445236,True
1791359493915220740,,True,2184,bird_eye,dry_run,none,False,False,0.0,0.0,0,inactive:clear,False,1791359493874651311,3.442651311,True
1791359493954861151,,True,2185,bird_eye,dry_run,none,False,False,0.0,0.0,0,inactive:clear,False,1791359493914927569,3.482927569,True
1791359493992793440,,True,2186,bird_eye,dry_run,none,False,False,0.0,0.0,0,inactive:clear,False,1791359493957130870,3.52513087,True
1791359494014901095,,True,2187,bird_eye,dry_run,none,False,False,0.0,0.0,0,inactive:clear,False,1791359493975105339,3.543105339,True
1791359494049124723,,True,2188,bird_eye,dry_run,none,False,False,0.0,0.0,0,inactive:clear,False,1791359494009017546,3.577017546,True
1791359494086260983,,True,2189,bird_eye,dry_run,none,False,False,0.0,0.0,0,inactive:clear,False,1791359494052657335,3.620657335,True
1791359494114516096,,True,2190,bird_eye,dry_run,none,False,False,0.0,0.0,0,inactive:clear,False,1791359494075340686,3.643340686,True
1791359494142783756,,True,2191,bird_eye,dry_run,none,False,False,0.0,0.0,0,inactive:clear,False,1791359494102649274,3.670649274,True
1791359494172095856,,True,2192,bird_eye,dry_run,none,False,False,0.0,0.0,0,inactive:clear,False,1791359494131672030,3.69967203,True
1791359494201055572,,True,2193,bird_eye,dry_run,none,False,False,0.0,0.0,0,inactive:clear,False,1791359494160842101,3.728842101,True
1791359494231919941,,True,2194,bird_eye,dry_run,none,False,False,0.0,0.0,0,inactive:clear,False,1791359494192054598,3.760054598,True
1791359494264996243,,True,2195,bird_eye,dry_run,none,False,False,0.0,0.0,0,inactive:clear,False,1791359494228283067,3.796283067,True
1791359494299914287,,True,2196,bird_eye,dry_run,none,False,False,0.0,0.0,0,inactive:clear,False,1791359494260326653,3.828326653,True
1791359494333950233,,True,2197,bird_eye,dry_run,none,False,False,0.0,0.0,0,inactive:clear,False,1791359494294589290,3.86258929,True
1791359494365625392,,True,2198,bird_eye,dry_run,none,False,False,0.0,0.0,0,inactive:clear,False,1791359494325314337,3.893314337,True
1791359494402511548,,True,2199,bird_eye,dry_run,none,False,False,0.0,0.0,0,inactive:clear,False,1791359494362748570,3.93074857,True
1791359494431416132,,True,2200,bird_eye,dry_run,none,False,False,0.0,0.0,0,inactive:clear,False,1791359494392578920,3.96057892,True
1791359494464610920,,True,2201,bird_eye,dry_run,none,False,False,0.0,0.0,0,inactive:clear,False,1791359494424402204,3.992402204,True
1791359494506500645,,True,2202,bird_eye,dry_run,none,False,False,0.0,0.0,0,inactive:clear,False,1791359494469274943,4.037274943,True
1791359494532014336,,True,2203,bird_eye,dry_run,none,False,False,0.0,0.0,0,inactive:clear,False,1791359494491611646,4.059611646,True
1791359494568568338,,True,2204,bird_eye,dry_run,none,False,False,0.0,0.0,0,inactive:clear,False,1791359494530648060,4.09864806,True
1791359494598080061,,True,2205,bird_eye,dry_run,none,False,False,0.0,0.0,0,inactive:clear,False,1791359494558135868,4.126135868,True
1791359494632431283,,True,2206,bird_eye,dry_run,none,False,False,0.0,0.0,0,inactive:clear,False,1791359494592241521,4.160241521,True
1791359494665373283,,True,2207,bird_eye,dry_run,none,False,False,0.0,0.0,0,inactive:clear,False,1791359494625574314,4.193574314,True
1791359494702076934,,True,2208,bird_eye,dry_run,none,False,False,0.0,0.0,0,inactive:clear,False,1791359494667013237,4.235013237,True
1791359494731294550,,True,2209,bird_eye,dry_run,none,False,False,0.0,0.0,0,inactive:clear,False,1791359494691232822,4.259232822,True
1791359494768518333,,True,2210,bird_eye,dry_run,none,False,False,0.0,0.0,0,inactive:clear,False,1791359494728284754,4.296284754,True
1791359494799845630,,True,2211,bird_eye,dry_run,none,False,False,0.0,0.0,0,inactive:clear,False,1791359494760434031,4.328434031,True
1791359494833779710,,True,2212,bird_eye,dry_run,none,False,False,0.0,0.0,0,inactive:clear,False,1791359494794388151,4.362388151,True
1791359494867010244,,True,2213,bird_eye,dry_run,none,False,False,0.0,0.0,0,inactive:clear,False,1791359494826534858,4.394534858,True
1791359494900129796,,True,2214,bird_eye,dry_run,none,False,False,0.0,0.0,0,inactive:clear,False,1791359494859726275,4.427726275,True
1791359494931485985,,True,2215,bird_eye,dry_run,none,False,False,0.0,0.0,0,inactive:clear,False,1791359494891347199,4.459347199,True
1791359494973433985,,True,2216,bird_eye,dry_run,none,False,False,0.0,0.0,0,inactive:clear,False,1791359494933107054,4.501107054,True
1791359495007829454,,True,2217,bird_eye,dry_run,none,False,False,0.0,0.0,0,inactive:clear,False,1791359494967439086,4.535439086,True
1791359495039787146,,True,2218,bird_eye,dry_run,none,False,False,0.0,0.0,0,inactive:clear,False,1791359494999418512,4.567418512,True
1791359495069838894,,True,2219,bird_eye,dry_run,none,False,False,0.0,0.0,0,inactive:clear,False,1791359495029476325,4.597476325,True
1791359495102832886,,True,2220,bird_eye,dry_run,none,False,False,0.0,0.0,0,inactive:clear,False,1791359495062561211,4.630561211,True
1791359495140744835,,True,2221,bird_eye,dry_run,none,False,False,0.0,0.0,0,inactive:clear,False,1791359495100441260,4.66844126,True
1791359495177094213,,True,2222,bird_eye,dry_run,none,False,False,0.0,0.0,0,inactive:clear,False,1791359495137296104,4.705296104,True
1791359495208045770,,True,2223,bird_eye,dry_run,none,False,False,0.0,0.0,0,inactive:clear,False,1791359495167734940,4.73573494,True
1791359495237551628,,True,2224,bird_eye,dry_run,none,False,False,0.0,0.0,0,inactive:clear,False,1791359495197408628,4.765408628,True
1791359495268526202,,True,2225,bird_eye,dry_run,none,False,False,0.0,0.0,0,inactive:clear,False,1791359495228276608,4.796276608,True
1791359495300132414,,True,2226,bird_eye,dry_run,none,False,False,0.0,0.0,0,inactive:clear,False,1791359495260638583,4.828638583,True
1791359495338461929,,True,2227,bird_eye,dry_run,none,False,False,0.0,0.0,0,inactive:clear,False,1791359495298299908,4.866299908,True
1791359495371470191,,True,2228,bird_eye,dry_run,none,False,False,0.0,0.0,0,inactive:clear,False,1791359495331373064,4.899373064,True
1791359495401913365,,True,2229,bird_eye,dry_run,none,False,False,0.0,0.0,0,inactive:clear,False,1791359495361460987,4.929460987,True
1791359495435104905,,True,2230,bird_eye,dry_run,none,False,False,0.0,0.0,0,inactive:clear,False,1791359495396247522,4.964247522,True
1791359495467215545,,True,2231,bird_eye,dry_run,none,False,False,0.0,0.0,0,inactive:clear,False,1791359495431077186,4.999077186,True
1791359495499864317,,True,2232,bird_eye,dry_run,none,False,False,0.0,0.0,0,inactive:clear,False,1791359495463056961,5.031056961,True
1791359495533857239,,True,2233,bird_eye,dry_run,none,False,False,0.0,0.0,0,inactive:clear,False,1791359495495339935,5.063339935,True
1791359495573842629,,True,2234,bird_eye,dry_run,none,False,False,0.0,0.0,0,inactive:clear,False,1791359495533881793,5.101881793,True
1791359495608541229,,True,2235,bird_eye,dry_run,none,False,False,0.0,0.0,0,inactive:clear,False,1791359495568729861,5.136729861,True
1791359495643364712,,True,2236,bird_eye,dry_run,none,False,False,0.0,0.0,0,inactive:clear,False,1791359495603070202,5.171070202,True
1791359495674821674,,True,2237,bird_eye,dry_run,none,False,False,0.0,0.0,0,inactive:clear,False,1791359495634484156,5.202484156,True
1791359495703743288,,True,2238,bird_eye,dry_run,none,False,False,0.0,0.0,0,inactive:clear,False,1791359495674986324,5.242986324,True
1791359495734540395,,True,2239,bird_eye,dry_run,none,False,False,0.0,0.0,0,inactive:clear,False,1791359495694635126,5.262635126,True
1791359495766692487,,True,2240,bird_eye,dry_run,none,False,False,0.0,0.0,0,inactive:clear,False,1791359495727725117,5.295725117,True
1791359495801325674,,True,2241,bird_eye,dry_run,none,False,False,0.0,0.0,0,inactive:clear,False,1791359495762899792,5.330899792,True
1791359495835482853,,True,2242,bird_eye,dry_run,none,False,False,0.0,0.0,0,inactive:clear,False,1791359495797112085,5.365112085,True
1791359495877337338,,True,2243,bird_eye,dry_run,none,False,False,0.0,0.0,0,inactive:clear,False,1791359495837744982,5.405744982,True
1791359495909148364,,True,2244,bird_eye,dry_run,none,False,False,0.0,0.0,0,inactive:clear,False,1791359495869569874,5.437569874,True
1791359495938628688,,True,2245,bird_eye,dry_run,none,False,False,0.0,0.0,0,inactive:clear,False,1791359495899076085,5.467076085,True
1791359495972204767,,True,2246,bird_eye,dry_run,none,False,False,0.0,0.0,0,inactive:clear,False,1791359495932371553,5.500371553,True
1791359496002017176,,True,2247,bird_eye,dry_run,none,False,False,0.0,0.0,0,inactive:clear,False,1791359495964881357,5.532881357,True
1791359496040854429,,True,2248,bird_eye,dry_run,none,False,False,0.0,0.0,0,inactive:clear,False,1791359496001033945,5.569033945,True
1791359496066138819,,True,2249,bird_eye,dry_run,none,False,False,0.0,0.0,0,inactive:clear,False,1791359496027034058,5.595034058,True
1791359496098064194,,True,2250,bird_eye,dry_run,none,False,False,0.0,0.0,0,inactive:clear,False,1791359496057724666,5.625724666,True
1791359496133415270,,True,2251,bird_eye,dry_run,none,False,False,0.0,0.0,0,inactive:clear,False,1791359496094275671,5.662275671,True
1791359496164942247,,True,2252,bird_eye,dry_run,none,False,False,0.0,0.0,0,inactive:clear,False,1791359496124465701,5.692465701,True
1791359496211326069,,True,2253,bird_eye,dry_run,none,False,False,0.0,0.0,0,inactive:clear,False,1791359496170968142,5.738968142,True
1791359496245482919,,True,2254,bird_eye,dry_run,none,False,False,0.0,0.0,0,inactive:clear,False,1791359496205042623,5.773042623,True
1791359496278642263,,True,2255,bird_eye,dry_run,none,False,False,0.0,0.0,0,inactive:clear,False,1791359496238432601,5.806432601,True
1791359496312791479,,True,2256,bird_eye,dry_run,none,False,False,0.0,0.0,0,inactive:clear,False,1791359496272532332,5.840532332,True
1791359496350565236,,True,2257,bird_eye,dry_run,none,False,False,0.0,0.0,0,inactive:clear,False,1791359496312317665,5.880317665,True
1791359496374258268,,True,2258,bird_eye,dry_run,none,False,False,0.0,0.0,0,inactive:clear,False,1791359496334719325,5.902719325,True
1791359496410970281,,True,2259,bird_eye,dry_run,none,False,False,0.0,0.0,0,inactive:clear,False,1791359496372784249,5.940784249,True
1791359496438476556,,True,2260,bird_eye,dry_run,none,False,False,0.0,0.0,0,inactive:clear,False,1791359496411336778,5.979336778,True
1791359496468405163,,True,2261,bird_eye,dry_run,none,False,False,0.0,0.0,0,inactive:clear,False,1791359496428487599,5.996487599,True
1791359496502708569,,True,2262,bird_eye,dry_run,none,False,False,0.0,0.0,0,inactive:clear,False,1791359496462986229,6.030986229,True
1791359496531772066,,True,2263,bird_eye,dry_run,none,False,False,0.0,0.0,0,inactive:clear,False,1791359496491574522,6.059574522,True
1791359496567071879,,True,2264,bird_eye,dry_run,none,False,False,0.0,0.0,0,inactive:clear,False,1791359496526886769,6.094886769,True
1791359496598495233,,True,2265,bird_eye,dry_run,none,False,False,0.0,0.0,0,inactive:clear,False,1791359496558300094,6.126300094,True
1791359496631111346,,True,2266,bird_eye,dry_run,none,False,False,0.0,0.0,0,inactive:clear,False,1791359496591524257,6.159524257,True
1791359496664985564,,True,2267,bird_eye,dry_run,none,False,False,0.0,0.0,0,inactive:clear,False,1791359496625368861,6.193368861,True
1791359496700529331,,True,2268,bird_eye,dry_run,none,False,False,0.0,0.0,0,inactive:clear,False,1791359496661719820,6.22971982,True
1791359496731563674,,True,2269,bird_eye,dry_run,none,False,False,0.0,0.0,0,inactive:clear,False,1791359496691703805,6.259703805,True
1791359496764342670,,True,2270,bird_eye,dry_run,none,False,False,0.0,0.0,0,inactive:clear,False,1791359496724824887,6.292824887,True
1791359496798787929,,True,2271,bird_eye,dry_run,none,False,False,0.0,0.0,0,inactive:clear,False,1791359496759802491,6.327802491,True
1791359496830518561,,True,2272,bird_eye,dry_run,none,False,False,0.0,0.0,0,inactive:clear,False,1791359496790984340,6.35898434,True
1791359496863907912,,True,2273,bird_eye,dry_run,none,False,False,0.0,0.0,0,inactive:clear,False,1791359496825202579,6.393202579,True
1791359496898638817,,True,2274,bird_eye,dry_run,none,False,False,0.0,0.0,0,inactive:clear,False,1791359496858629916,6.426629916,True
1791359496930021275,,True,2275,bird_eye,dry_run,none,False,False,0.0,0.0,0,inactive:clear,False,1791359496890703128,6.458703128,True
1791359496966285530,,True,2276,bird_eye,dry_run,none,False,False,0.0,0.0,0,inactive:clear,False,1791359496928215724,6.496215724,True
1791359496996921068,,True,2277,bird_eye,dry_run,none,False,False,0.0,0.0,0,inactive:clear,False,1791359496957428225,6.525428225,True
1791359497029524344,,True,2278,bird_eye,dry_run,none,False,False,0.0,0.0,0,inactive:clear,False,1791359496989504633,6.557504633,True
1791359497067412370,,True,2279,bird_eye,dry_run,none,False,False,0.0,0.0,0,inactive:clear,False,1791359497027331720,6.59533172,True
1791359497098170194,,True,2280,bird_eye,dry_run,none,False,False,0.0,0.0,0,inactive:clear,False,1791359497058363029,6.626363029,True
1791359497129885445,,True,2281,bird_eye,dry_run,none,False,False,0.0,0.0,0,inactive:clear,False,1791359497090476922,6.658476922,True
1791359497168353755,,True,2282,bird_eye,dry_run,none,False,False,0.0,0.0,0,inactive:clear,False,1791359497129698250,6.69769825,True
1791359497196611004,,True,2283,bird_eye,dry_run,none,False,False,0.0,0.0,0,inactive:clear,False,1791359497157484658,6.725484658,True
1791359497230289762,,True,2284,bird_eye,dry_run,none,False,False,0.0,0.0,0,inactive:clear,False,1791359497190258583,6.758258583,True
1791359497263462501,,True,2285,bird_eye,dry_run,none,False,False,0.0,0.0,0,inactive:clear,False,1791359497227610184,6.795610184,True
1791359497298103141,,True,2286,bird_eye,dry_run,none,False,False,0.0,0.0,0,inactive:clear,False,1791359497258477831,6.826477831,True
1791359497331888968,,True,2287,bird_eye,dry_run,none,False,False,0.0,0.0,0,inactive:clear,False,1791359497291493198,6.859493198,True
1791359497363585717,,True,2288,bird_eye,dry_run,none,False,False,0.0,0.0,0,inactive:clear,False,1791359497323491691,6.891491691,True
1791359497397881165,,True,2289,bird_eye,dry_run,none,False,False,0.0,0.0,0,inactive:clear,False,1791359497357655873,6.925655873,True
1791359497430531384,,True,2290,bird_eye,dry_run,none,False,False,0.0,0.0,0,inactive:clear,False,1791359497390747196,6.958747196,True
1791359497470858083,,True,2291,bird_eye,dry_run,none,False,False,0.0,0.0,0,inactive:clear,False,1791359497431727641,6.999727641,True
1791359497496774615,,True,2292,bird_eye,dry_run,none,False,False,0.0,0.0,0,inactive:clear,False,1791359497456694176,7.024694176,True
1791359497529526583,,True,2293,bird_eye,dry_run,none,False,False,0.0,0.0,0,inactive:clear,False,1791359497489576747,7.057576747,True
1791359497562552012,,True,2294,bird_eye,dry_run,none,False,False,0.0,0.0,0,inactive:clear,False,1791359497522551972,7.090551972,True
1791359497597233638,,True,2295,bird_eye,dry_run,none,False,False,0.0,0.0,0,inactive:clear,False,1791359497557181966,7.125181966,True
1791359497629189867,,True,2296,bird_eye,dry_run,none,False,False,0.0,0.0,0,inactive:clear,False,1791359497588975503,7.156975503,True
1791359497662681850,,True,2297,bird_eye,dry_run,none,False,False,0.0,0.0,0,inactive:clear,False,1791359497622709804,7.190709804,True
1791359497696933018,,True,2298,bird_eye,dry_run,none,False,False,0.0,0.0,0,inactive:clear,False,1791359497656923169,7.224923169,True
1791359497730292393,,True,2299,bird_eye,dry_run,none,False,False,0.0,0.0,0,inactive:clear,False,1791359497690540119,7.258540119,True
1791359497764582236,,True,2300,bird_eye,dry_run,none,False,False,0.0,0.0,0,inactive:clear,False,1791359497724512530,7.29251253,True
1791359497795838142,,True,2301,bird_eye,dry_run,none,False,False,0.0,0.0,0,inactive:clear,False,1791359497757970736,7.325970736,True
1791359497830509065,,True,2302,bird_eye,dry_run,none,False,False,0.0,0.0,0,inactive:clear,False,1791359497791183650,7.35918365,True
1791359497861951948,,True,2303,bird_eye,dry_run,none,False,False,0.0,0.0,0,inactive:clear,False,1791359497822511118,7.390511118,True
1791359497896821135,,True,2304,bird_eye,dry_run,none,False,False,0.0,0.0,0,inactive:clear,False,1791359497857009658,7.425009658,True
1791359497933034898,,True,2305,bird_eye,dry_run,none,False,False,0.0,0.0,0,inactive:clear,False,1791359497894156343,7.462156343,True
1791359497963968351,,True,2306,bird_eye,dry_run,none,False,False,0.0,0.0,0,inactive:clear,False,1791359497924007195,7.492007195,True
1791359497996287253,,True,2307,bird_eye,dry_run,none,False,False,0.0,0.0,0,inactive:clear,False,1791359497955930074,7.523930074,True
1791359498029659933,,True,2308,bird_eye,dry_run,none,False,False,0.0,0.0,0,inactive:clear,False,1791359497989715049,7.557715049,True
1791359498063313128,,True,2309,bird_eye,dry_run,none,False,False,0.0,0.0,0,inactive:clear,False,1791359498026509849,7.594509849,True
1791359498096783211,,True,2310,bird_eye,dry_run,none,False,False,0.0,0.0,0,inactive:clear,False,1791359498056780940,7.62478094,True
1791359498129355075,,True,2311,bird_eye,dry_run,none,False,False,0.0,0.0,0,inactive:clear,False,1791359498090082817,7.658082817,True
1791359498162802352,,True,2312,bird_eye,dry_run,none,False,False,0.0,0.0,0,inactive:clear,False,1791359498122761370,7.69076137,True
1791359498196389472,,True,2313,bird_eye,dry_run,none,False,False,0.0,0.0,0,inactive:clear,False,1791359498156787536,7.724787536,True
1791359498229208280,,True,2314,bird_eye,dry_run,none,False,False,0.0,0.0,0,inactive:clear,False,1791359498189620735,7.757620735,True
1791359498263269791,,True,2315,bird_eye,dry_run,none,False,False,0.0,0.0,0,inactive:clear,False,1791359498223296286,7.791296286,True
1791359498297018610,,True,2316,bird_eye,dry_run,none,False,False,0.0,0.0,0,inactive:clear,False,1791359498257400559,7.825400559,True
1791359498334397483,,True,2317,bird_eye,dry_run,none,False,False,0.0,0.0,0,inactive:clear,False,1791359498294555807,7.862555807,True
1791359498374479499,,True,2318,bird_eye,dry_run,none,False,False,0.0,0.0,0,inactive:clear,False,1791359498334351683,7.902351683,True
1791359498404548798,,True,2319,bird_eye,dry_run,none,False,False,0.0,0.0,0,inactive:clear,False,1791359498364588481,7.932588481,True
1791359499768394454,,True,2360,bird_eye,dry_run,none,False,False,0.0,0.0,0,inactive:clear,False,1791359499728415767,9.296415767,True
1791359499799779155,,True,2361,bird_eye,dry_run,none,False,False,0.0,0.0,0,inactive:clear,False,1791359499759567955,9.327567955,True
1791359499831426969,,True,2362,bird_eye,dry_run,none,False,False,0.0,0.0,0,inactive:clear,False,1791359499791425867,9.359425867,True
1791359499862824495,,True,2363,bird_eye,dry_run,none,False,False,0.0,0.0,0,inactive:clear,False,1791359499822542022,9.390542022,True
1791359499895906034,,True,2364,bird_eye,dry_run,none,False,False,0.0,0.0,0,inactive:clear,False,1791359499857307686,9.425307686,True
1791359499932865412,,True,2365,bird_eye,dry_run,none,False,False,0.0,0.0,0,inactive:clear,False,1791359499892750773,9.460750773,True
1791359499962656391,,True,2366,bird_eye,dry_run,none,False,False,0.0,0.0,0,inactive:clear,False,1791359499922496734,9.490496734,True
1791359499996624484,,True,2367,bird_eye,dry_run,none,False,False,0.0,0.0,0,inactive:clear,False,1791359499957147415,9.525147415,True
1791359500035298216,,True,2368,bird_eye,dry_run,none,False,False,0.0,0.0,0,inactive:clear,False,1791359499996838200,9.5648382,True
1791359500065927945,,True,2369,bird_eye,dry_run,none,False,False,0.0,0.0,0,inactive:clear,False,1791359500025712413,9.593712413,True
1791359500097034528,,True,2370,bird_eye,dry_run,none,False,False,0.0,0.0,0,inactive:clear,False,1791359500057471626,9.625471626,True
1791359500129709026,,True,2371,bird_eye,dry_run,none,False,False,0.0,0.0,0,inactive:clear,False,1791359500094587989,9.662587989,True
1791359500164916326,,True,2372,bird_eye,dry_run,none,False,False,0.0,0.0,0,inactive:clear,False,1791359500125215042,9.693215042,True
1791359500199537592,,True,2373,bird_eye,dry_run,none,False,False,0.0,0.0,0,inactive:clear,False,1791359500159344455,9.727344455,True
1791359500230352968,,True,2374,bird_eye,dry_run,none,False,False,0.0,0.0,0,inactive:clear,False,1791359500190287252,9.758287252,True
1791359500263266452,,True,2375,bird_eye,dry_run,none,False,False,0.0,0.0,0,inactive:clear,False,1791359500223066602,9.791066602,True
1791359500296875505,,True,2376,bird_eye,dry_run,none,False,False,0.0,0.0,0,inactive:clear,False,1791359500256930830,9.82493083,True
1791359500329105039,,True,2377,bird_eye,dry_run,none,False,False,0.0,0.0,0,inactive:clear,False,1791359500290872237,9.858872237,True
1791359500364277736,,True,2378,bird_eye,dry_run,none,False,False,0.0,0.0,0,inactive:clear,False,1791359500324144557,9.892144557,True
1791359500396402094,,True,2379,bird_eye,dry_run,none,False,False,0.0,0.0,0,inactive:clear,False,1791359500356636686,9.924636686,True
1791359500430337439,,True,2380,bird_eye,dry_run,none,False,False,0.0,0.0,0,inactive:clear,False,1791359500390267320,9.95826732,True
1791359500468169327,,True,2381,bird_eye,dry_run,none,False,False,0.0,0.0,0,inactive:clear,False,1791359500428061502,9.996061502,True
1791359500498357532,,True,2382,bird_eye,dry_run,none,False,False,0.0,0.0,0,inactive:clear,False,1791359500458197839,10.026197839,True
1791359500529726847,,True,2383,bird_eye,dry_run,none,False,False,0.0,0.0,0,inactive:clear,False,1791359500489511794,10.057511794,True
1791359500563609223,,True,2384,bird_eye,dry_run,none,False,False,0.0,0.0,0,inactive:clear,False,1791359500523497474,10.091497474,True
1791359500635350147,,True,2385,bird_eye,dry_run,none,False,False,0.0,0.0,0,inactive:clear,False,1791359500595416421,10.163416421,True
1791359500669337096,,True,2386,bird_eye,dry_run,none,False,False,0.0,0.0,0,inactive:clear,False,1791359500629303054,10.197303054,True
1791359500699567116,,True,2387,bird_eye,dry_run,none,False,False,0.0,0.0,0,inactive:clear,False,1791359500659953880,10.22795388,True
1791359500732982973,,True,2388,bird_eye,dry_run,none,False,False,0.0,0.0,0,inactive:clear,False,1791359500694744247,10.262744247,True
1791359500761854273,,True,2389,bird_eye,dry_run,none,False,False,0.0,0.0,0,inactive:clear,False,1791359500721531112,10.289531112,True
1791359500794517532,,True,2390,bird_eye,dry_run,none,False,False,0.0,0.0,0,inactive:clear,False,1791359500754129884,10.322129884,True
1791359500831754778,,True,2391,bird_eye,dry_run,none,False,False,0.0,0.0,0,inactive:clear,False,1791359500796178544,10.364178544,True
1791359500863257689,,True,2392,bird_eye,dry_run,none,False,False,0.0,0.0,0,inactive:clear,False,1791359500826516992,10.394516992,True
1791359500892705201,,True,2393,bird_eye,dry_run,none,False,False,0.0,0.0,0,inactive:clear,False,1791359500852529003,10.420529003,True
1791359500923294765,,True,2394,bird_eye,dry_run,none,False,False,0.0,0.0,0,inactive:clear,False,1791359500883468760,10.45146876,True
1791359500956850250,,True,2395,bird_eye,dry_run,none,False,False,0.0,0.0,0,inactive:clear,False,1791359500916591818,10.484591818,True
1791359500997366700,,True,2396,bird_eye,dry_run,none,False,False,0.0,0.0,0,inactive:path,False,1791359500958385285,10.526385285,True
1791359501033519294,,True,2397,bird_eye,dry_run,none,False,False,0.0,0.0,0,inactive:path,False,1791359500994427327,10.562427327,True
1791359501062197165,,True,2398,bird_eye,dry_run,apply,True,True,0.25,0.05000000074505806,1,ttc_warning:cadence_triple,False,1791359501021949078,10.589949078,True
1791359501094879614,,True,2399,bird_eye,dry_run,apply,True,True,0.25,0.05000000074505806,1,ttc_warning:cadence_triple,False,1791359501054780214,10.622780214,True
1791359501129450430,,True,2400,bird_eye,dry_run,apply,True,True,0.25,0.05000000074505806,1,ttc_warning:cadence_triple,False,1791359501090443987,10.658443987,True
1791359501160488178,,True,2401,bird_eye,dry_run,apply,True,True,0.25,0.05000000074505806,1,ttc_warning:cadence_triple,False,1791359501121566228,10.689566228,True
1791359501183569134,,True,2402,bird_eye,dry_run,stop,False,False,0.0,0.0,0,inactive:clear,False,1791359501144381436,10.712381436,True
1791359501211559753,,True,2403,bird_eye,dry_run,none,False,False,0.0,0.0,0,inactive:clear,False,1791359501171513125,10.739513125,True
1791359501241529389,,True,2404,bird_eye,dry_run,apply,True,True,0.25,0.05000000074505806,1,ttc_warning:cadence_triple,False,1791359501201620126,10.769620126,True
1791359501272114190,,True,2405,bird_eye,dry_run,apply,True,True,0.25,0.05000000074505806,1,ttc_warning:cadence_triple,False,1791359501232050881,10.800050881,True
1791359501307121801,,True,2406,bird_eye,dry_run,apply,True,True,0.25,0.05000000074505806,1,ttc_warning:cadence_triple,False,1791359501267844662,10.835844662,True
1791359501339240538,,True,2407,bird_eye,dry_run,stop,False,False,0.0,0.0,0,inactive:clear,False,1791359501299588153,10.867588153,True
1791359501369833223,,True,2408,bird_eye,dry_run,none,False,False,0.0,0.0,0,inactive:clear,False,1791359501330376953,10.898376953,True
1791359501402643828,,True,2409,bird_eye,dry_run,apply,True,True,0.25,0.05000000074505806,1,ttc_warning:cadence_triple,False,1791359501362593955,10.930593955,True
1791359501433685626,,True,2410,bird_eye,dry_run,apply,True,True,0.25,0.05000000074505806,1,ttc_warning:cadence_triple,False,1791359501395341026,10.963341026,True
1791359501464786554,,True,2411,bird_eye,dry_run,apply,True,True,0.25,0.05000000074505806,1,ttc_warning:cadence_triple,False,1791359501426478874,10.994478874,True
1791359501498015068,,True,2412,bird_eye,dry_run,stop,False,False,0.0,0.0,0,inactive:clear,False,1791359501457999423,11.025999423,True
1791359501531079466,,True,2413,bird_eye,dry_run,none,False,False,0.0,0.0,0,inactive:clear,False,1791359501491064240,11.05906424,True
1791359501569578326,,True,2414,bird_eye,dry_run,none,False,False,0.0,0.0,0,inactive:clear,False,1791359501532382391,11.100382391,True
1791359501598176537,,True,2415,bird_eye,dry_run,none,False,False,0.0,0.0,0,inactive:clear,False,1791359501558121656,11.126121656,True
1791359501631338680,,True,2416,bird_eye,dry_run,none,False,False,0.0,0.0,0,inactive:clear,False,1791359501591445159,11.159445159,True
1791359501672476411,,True,2417,bird_eye,dry_run,none,False,False,0.0,0.0,0,inactive:clear,False,1791359501633107301,11.201107301,True
1791359501698382285,,True,2418,bird_eye,dry_run,none,False,False,0.0,0.0,0,inactive:clear,False,1791359501658374907,11.226374907,True
1791359501735175660,,True,2419,bird_eye,dry_run,none,False,False,0.0,0.0,0,inactive:clear,False,1791359501695480321,11.263480321,True
1791359501764265280,,True,2420,bird_eye,dry_run,none,False,False,0.0,0.0,0,inactive:clear,False,1791359501724559661,11.292559661,True
1791359501798333459,,True,2421,bird_eye,dry_run,none,False,False,0.0,0.0,0,inactive:clear,False,1791359501758402288,11.326402288,True
1791359501841477723,,True,2422,bird_eye,dry_run,none,False,False,0.0,0.0,0,inactive:clear,False,1791359501809417598,11.377417598,True
1791359501872669283,,True,2423,bird_eye,dry_run,none,False,False,0.0,0.0,0,inactive:clear,False,1791359501832852398,11.400852398,True
1791359501898847594,,True,2424,bird_eye,dry_run,none,False,False,0.0,0.0,0,inactive:clear,False,1791359501858735970,11.42673597,True
1791359501931089907,,True,2425,bird_eye,dry_run,none,False,False,0.0,0.0,0,inactive:clear,False,1791359501891131356,11.459131356,True
1791359501968393714,,True,2426,bird_eye,dry_run,none,False,False,0.0,0.0,0,inactive:clear,False,1791359501928975509,11.496975509,True
1791359502001465520,,True,2427,bird_eye,dry_run,none,False,False,0.0,0.0,0,inactive:clear,False,1791359501961437378,11.529437378,True
1791359502031717837,,True,2428,bird_eye,dry_run,none,False,False,0.0,0.0,0,inactive:clear,False,1791359501991733561,11.559733561,True
1791359502073506251,,True,2429,bird_eye,dry_run,none,False,False,0.0,0.0,0,inactive:clear,False,1791359502033491159,11.601491159,True
1791359502102073395,,True,2430,bird_eye,dry_run,none,False,False,0.0,0.0,0,inactive:clear,False,1791359502062139819,11.630139819,True
1791359502129876761,,True,2431,bird_eye,dry_run,none,False,False,0.0,0.0,0,inactive:clear,False,1791359502089775627,11.657775627,True
1791359502169789554,,True,2432,bird_eye,dry_run,none,False,False,0.0,0.0,0,inactive:clear,False,1791359502129614214,11.697614214,True
1791359502198497305,,True,2433,bird_eye,dry_run,none,False,False,0.0,0.0,0,inactive:clear,False,1791359502158463040,11.72646304,True
1791359502240066659,,True,2434,bird_eye,dry_run,none,False,False,0.0,0.0,0,inactive:clear,False,1791359502200478349,11.768478349,True
1791359502270626950,,True,2435,bird_eye,dry_run,none,False,False,0.0,0.0,0,inactive:clear,False,1791359502230444610,11.79844461,True
1791359502304746911,,True,2436,bird_eye,dry_run,none,False,False,0.0,0.0,0,inactive:clear,False,1791359502264320277,11.832320277,True
1791359502338433232,,True,2437,bird_eye,dry_run,none,False,False,0.0,0.0,0,inactive:clear,False,1791359502298278536,11.866278536,True
1791359502367850456,,True,2438,bird_eye,dry_run,none,False,False,0.0,0.0,0,inactive:clear,False,1791359502327585509,11.895585509,True
1791359502400711834,,True,2439,bird_eye,dry_run,none,False,False,0.0,0.0,0,inactive:clear,False,1791359502360661771,11.928661771,True
1791359502433546404,,True,2440,bird_eye,dry_run,none,False,False,0.0,0.0,0,inactive:clear,False,1791359502394471466,11.962471466,True
1791359502468399348,,True,2441,bird_eye,dry_run,none,False,False,0.0,0.0,0,inactive:clear,False,1791359502428277907,11.996277907,True
1791359502497423118,,True,2442,bird_eye,dry_run,none,False,False,0.0,0.0,0,inactive:clear,False,1791359502457408731,12.025408731,True
1791359502532557032,,True,2443,bird_eye,dry_run,none,False,False,0.0,0.0,0,inactive:clear,False,1791359502493031934,12.061031934,True
1791359502564372041,,True,2444,bird_eye,dry_run,none,False,False,0.0,0.0,0,inactive:clear,False,1791359502524554917,12.092554917,True
1791359502598401067,,True,2445,bird_eye,dry_run,none,False,False,0.0,0.0,0,inactive:clear,False,1791359502558484895,12.126484895,True
1791359502631632615,,True,2446,bird_eye,dry_run,none,False,False,0.0,0.0,0,inactive:clear,False,1791359502591565500,12.1595655,True
1791359502668210863,,True,2447,bird_eye,dry_run,none,False,False,0.0,0.0,0,inactive:clear,False,1791359502628947678,12.196947678,True
1791359502706974117,,True,2448,bird_eye,dry_run,none,False,False,0.0,0.0,0,inactive:clear,False,1791359502667045063,12.235045063,True
1791359502737263680,,True,2449,bird_eye,dry_run,none,False,False,0.0,0.0,0,inactive:clear,False,1791359502698287272,12.266287272,True
1791359502768788948,,True,2450,bird_eye,dry_run,none,False,False,0.0,0.0,0,inactive:clear,False,1791359502731576872,12.299576872,True
1791359502803821479,,True,2451,bird_eye,dry_run,none,False,False,0.0,0.0,0,inactive:clear,False,1791359502764034441,12.332034441,True
1791359502830725031,,True,2452,bird_eye,dry_run,none,False,False,0.0,0.0,0,inactive:clear,False,1791359502790814026,12.358814026,True
1791359502864008143,,True,2453,bird_eye,dry_run,none,False,False,0.0,0.0,0,inactive:clear,False,1791359502824477955,12.392477955,True
1791359502900969201,,True,2454,bird_eye,dry_run,none,False,False,0.0,0.0,0,inactive:clear,False,1791359502860897965,12.428897965,True
1791359502932998748,,True,2455,bird_eye,dry_run,none,False,False,0.0,0.0,0,inactive:clear,False,1791359502892661282,12.460661282,True
1791359502964102062,,True,2456,bird_eye,dry_run,none,False,False,0.0,0.0,0,inactive:clear,False,1791359502924291257,12.492291257,True
1791359503003937249,,True,2457,bird_eye,dry_run,none,False,False,0.0,0.0,0,inactive:clear,False,1791359502963931117,12.531931117,True
1791359503031466685,,True,2458,bird_eye,dry_run,none,False,False,0.0,0.0,0,inactive:clear,False,1791359502991667906,12.559667906,True
1791359503065569047,,True,2459,bird_eye,dry_run,none,False,False,0.0,0.0,0,inactive:clear,False,1791359503025826034,12.593826034,True
1791359503097970229,,True,2460,bird_eye,dry_run,none,False,False,0.0,0.0,0,inactive:clear,False,1791359503058117730,12.62611773,True
1791359503133277799,,True,2461,bird_eye,dry_run,none,False,False,0.0,0.0,0,inactive:clear,False,1791359503093260967,12.661260967,True
1791359503165574749,,True,2462,bird_eye,dry_run,none,False,False,0.0,0.0,0,inactive:clear,False,1791359503126182203,12.694182203,True
1791359503207797080,,True,2463,bird_eye,dry_run,none,False,False,0.0,0.0,0,inactive:clear,False,1791359503170598209,12.738598209,True
1791359503236269160,,True,2464,bird_eye,dry_run,none,False,False,0.0,0.0,0,inactive:clear,False,1791359503196225962,12.764225962,True
1791359503270512752,,True,2465,bird_eye,dry_run,none,False,False,0.0,0.0,0,inactive:clear,False,1791359503230600810,12.79860081,True
1791359503302687087,,True,2466,bird_eye,dry_run,none,False,False,0.0,0.0,0,inactive:clear,False,1791359503262644091,12.830644091,True
1791359503337198425,,True,2467,bird_eye,dry_run,none,False,False,0.0,0.0,0,inactive:clear,False,1791359503297969422,12.865969422,True
1791359503367389381,,True,2468,bird_eye,dry_run,none,False,False,0.0,0.0,0,inactive:clear,False,1791359503327435395,12.895435395,True
1791359503399387342,,True,2469,bird_eye,dry_run,none,False,False,0.0,0.0,0,inactive:clear,False,1791359503360006426,12.928006426,True
1791359503432201178,,True,2470,bird_eye,dry_run,none,False,False,0.0,0.0,0,inactive:clear,False,1791359503392296148,12.960296148,True
1791359503466829196,,True,2471,bird_eye,dry_run,none,False,False,0.0,0.0,0,inactive:clear,False,1791359503427193571,12.995193571,True
1791359503506056937,,True,2472,bird_eye,dry_run,none,False,False,0.0,0.0,0,inactive:clear,False,1791359503479539165,13.047539165,True
1791359503538008593,,True,2473,bird_eye,dry_run,none,False,False,0.0,0.0,0,inactive:clear,False,1791359503497965793,13.065965793,True
1791359503567218343,,True,2474,bird_eye,dry_run,none,False,False,0.0,0.0,0,inactive:clear,False,1791359503527272143,13.095272143,True
1791359503599606593,,True,2475,bird_eye,dry_run,none,False,False,0.0,0.0,0,inactive:clear,False,1791359503559479754,13.127479754,True
1791359503632848833,,True,2476,bird_eye,dry_run,none,False,False,0.0,0.0,0,inactive:clear,False,1791359503593267607,13.161267607,True
1791359503668634452,,True,2477,bird_eye,dry_run,none,False,False,0.0,0.0,0,inactive:clear,False,1791359503628613674,13.196613674,True
1791359503706853834,,True,2478,bird_eye,dry_run,none,False,False,0.0,0.0,0,inactive:clear,False,1791359503666765523,13.234765523,True
1791359503740186720,,True,2479,bird_eye,dry_run,none,False,False,0.0,0.0,0,inactive:clear,False,1791359503700080150,13.26808015,True
1791359503768741464,,True,2480,bird_eye,dry_run,none,False,False,0.0,0.0,0,inactive:clear,False,1791359503730128408,13.298128408,True
1791359503800473641,,True,2481,bird_eye,dry_run,none,False,False,0.0,0.0,0,inactive:clear,False,1791359503760850492,13.328850492,True
1791359503832826737,,True,2482,bird_eye,dry_run,none,False,False,0.0,0.0,0,inactive:clear,False,1791359503793229991,13.361229991,True
1791359503865294971,,True,2483,bird_eye,dry_run,apply,True,True,0.15000000596046448,0.05000000074505806,3,invalid_or_unknown_perception:cadence_single,False,1791359503825237500,13.3932375,True
1791359503898740228,,True,2484,bird_eye,dry_run,apply,True,True,0.15000000596046448,0.05000000074505806,3,invalid_or_unknown_perception:cadence_single,False,1791359503858757230,13.42675723,True
1791359503932094021,,True,2485,bird_eye,dry_run,apply,True,True,0.15000000596046448,0.05000000074505806,3,invalid_or_unknown_perception:cadence_single,False,1791359503892219304,13.460219304,True
1791359503968122432,,True,2486,bird_eye,dry_run,apply,True,True,0.15000000596046448,0.05000000074505806,3,invalid_or_unknown_perception:cadence_single,False,1791359503928150159,13.496150159,True
1791359503998582366,,True,2487,bird_eye,dry_run,stop,False,False,0.0,0.0,0,inactive:clear,False,1791359503959322069,13.527322069,True
1791359504032663721,,True,2488,bird_eye,dry_run,none,False,False,0.0,0.0,0,inactive:clear,False,1791359503993804190,13.56180419,True
1791359504064908823,,True,2489,bird_eye,dry_run,none,False,False,0.0,0.0,0,inactive:clear,False,1791359504024893491,13.592893491,True
1791359504105920416,,True,2490,bird_eye,dry_run,none,False,False,0.0,0.0,0,inactive:clear,False,1791359504066451394,13.634451394,True
1791359504134207051,,True,2491,bird_eye,dry_run,none,False,False,0.0,0.0,0,inactive:clear,False,1791359504094171434,13.662171434,True
1791359504166973966,,True,2492,bird_eye,dry_run,none,False,False,0.0,0.0,0,inactive:clear,False,1791359504127119063,13.695119063,True
1791359504202827939,,True,2493,bird_eye,dry_run,none,False,False,0.0,0.0,0,inactive:clear,False,1791359504162932223,13.730932223,True
1791359504236884799,,True,2494,bird_eye,dry_run,none,False,False,0.0,0.0,0,inactive:clear,False,1791359504198294418,13.766294418,True
1791359504273394627,,True,2495,bird_eye,dry_run,none,False,False,0.0,0.0,0,inactive:clear,False,1791359504234336846,13.802336846,True
1791359504300835276,,True,2496,bird_eye,dry_run,none,False,False,0.0,0.0,0,inactive:clear,False,1791359504260949727,13.828949727,True
1791359504335240914,,True,2497,bird_eye,dry_run,none,False,False,0.0,0.0,0,inactive:clear,False,1791359504295361361,13.863361361,True
1791359504365623897,,True,2498,bird_eye,dry_run,none,False,False,0.0,0.0,0,inactive:clear,False,1791359504325775049,13.893775049,True
1791359504399177464,,True,2499,bird_eye,dry_run,none,False,False,0.0,0.0,0,inactive:clear,False,1791359504359903182,13.927903182,True
1791359504442716207,,True,2500,bird_eye,dry_run,none,False,False,0.0,0.0,0,inactive:clear,False,1791359504403312718,13.971312718,True
1791359504466685794,,True,2501,bird_eye,dry_run,none,False,False,0.0,0.0,0,inactive:clear,False,1791359504426837596,13.994837596,True
1791359504500515049,,True,2502,bird_eye,dry_run,none,False,False,0.0,0.0,0,inactive:clear,False,1791359504462702607,14.030702607,True
1791359504533377312,,True,2503,bird_eye,dry_run,none,False,False,0.0,0.0,0,inactive:clear,False,1791359504499844330,14.06784433,True
1791359504567550276,,True,2504,bird_eye,dry_run,none,False,False,0.0,0.0,0,inactive:clear,False,1791359504527560258,14.095560258,True
1791359504600397481,,True,2505,bird_eye,dry_run,none,False,False,0.0,0.0,0,inactive:clear,False,1791359504560664792,14.128664792,True
1791359504633661862,,True,2506,bird_eye,dry_run,none,False,False,0.0,0.0,0,inactive:clear,False,1791359504593639385,14.161639385,True
1791359504667499657,,True,2507,bird_eye,dry_run,none,False,False,0.0,0.0,0,inactive:clear,False,1791359504628603612,14.196603612,True
1791359504697167507,,True,2508,bird_eye,dry_run,none,False,False,0.0,0.0,0,inactive:clear,False,1791359504658781795,14.226781795,True
1791359504733302632,,True,2509,bird_eye,dry_run,none,False,False,0.0,0.0,0,inactive:clear,False,1791359504694430425,14.262430425,True
1791359504767028462,,True,2510,bird_eye,dry_run,none,False,False,0.0,0.0,0,inactive:clear,False,1791359504727303620,14.29530362,True
1791359504800284190,,True,2511,bird_eye,dry_run,none,False,False,0.0,0.0,0,inactive:clear,False,1791359504761153700,14.3291537,True
1791359504834246973,,True,2512,bird_eye,dry_run,none,False,False,0.0,0.0,0,inactive:clear,False,1791359504794308654,14.362308654,True
1791359504869406861,,True,2513,bird_eye,dry_run,none,False,False,0.0,0.0,0,inactive:clear,False,1791359504829227436,14.397227436,True
1791359504906563892,,True,2514,bird_eye,dry_run,none,False,False,0.0,0.0,0,inactive:clear,False,1791359504867325357,14.435325357,True
1791359504936516993,,True,2515,bird_eye,dry_run,none,False,False,0.0,0.0,0,inactive:clear,False,1791359504896470978,14.464470978,True
1791359504965949310,,True,2516,bird_eye,dry_run,none,False,False,0.0,0.0,0,inactive:clear,False,1791359504926556766,14.494556766,True
1791359505003548969,,True,2517,bird_eye,dry_run,none,False,False,0.0,0.0,0,inactive:clear,False,1791359504963536381,14.531536381,True
1791359505036640872,,True,2518,bird_eye,dry_run,none,False,False,0.0,0.0,0,inactive:clear,False,1791359504996516348,14.564516348,True
1791359505071029566,,True,2519,bird_eye,dry_run,none,False,False,0.0,0.0,0,inactive:clear,False,1791359505031449405,14.599449405,True
1791359505102439848,,True,2520,bird_eye,dry_run,none,False,False,0.0,0.0,0,inactive:clear,False,1791359505062765090,14.63076509,True
1791359505135407767,,True,2521,bird_eye,dry_run,none,False,False,0.0,0.0,0,inactive:clear,False,1791359505095336464,14.663336464,True
1791359505167233520,,True,2522,bird_eye,dry_run,none,False,False,0.0,0.0,0,inactive:clear,False,1791359505129215929,14.697215929,True
1791359505203315560,,True,2523,bird_eye,dry_run,none,False,False,0.0,0.0,0,inactive:clear,False,1791359505163482620,14.73148262,True
1791359505236465382,,True,2524,bird_eye,dry_run,none,False,False,0.0,0.0,0,inactive:clear,False,1791359505196365689,14.764365689,True
1791359505267150824,,True,2525,bird_eye,dry_run,none,False,False,0.0,0.0,0,inactive:clear,False,1791359505230010163,14.798010163,True
1791359505300189564,,True,2526,bird_eye,dry_run,none,False,False,0.0,0.0,0,inactive:clear,False,1791359505260346384,14.828346384,True
1791359505337842690,,True,2527,bird_eye,dry_run,none,False,False,0.0,0.0,0,inactive:clear,False,1791359505297807476,14.865807476,True
1791359505363776635,,True,2528,bird_eye,dry_run,none,False,False,0.0,0.0,0,inactive:clear,False,1791359505324151956,14.892151956,True
1791359505404418720,,True,2529,bird_eye,dry_run,none,False,False,0.0,0.0,0,inactive:clear,False,1791359505366267958,14.934267958,True
1791359505437913656,,True,2530,bird_eye,dry_run,none,False,False,0.0,0.0,0,inactive:clear,False,1791359505397773242,14.965773242,True
1791359505513343860,,True,2531,bird_eye,dry_run,none,False,False,0.0,0.0,0,inactive:clear,False,1791359505473471516,15.041471516,True
1791359505576536722,,True,2532,bird_eye,dry_run,none,False,False,0.0,0.0,0,inactive:clear,False,1791359505536418290,15.10441829,True
1791359505604209307,,True,2533,bird_eye,dry_run,none,False,False,0.0,0.0,0,inactive:clear,False,1791359505565041527,15.133041527,True
1791359505633433908,,True,2534,bird_eye,dry_run,none,False,False,0.0,0.0,0,inactive:clear,False,1791359505594961098,15.162961098,True
1791359505669019218,,True,2535,bird_eye,dry_run,none,False,False,0.0,0.0,0,inactive:clear,False,1791359505629276798,15.197276798,True
1791359505706989780,,True,2536,bird_eye,dry_run,none,False,False,0.0,0.0,0,inactive:clear,False,1791359505667453423,15.235453423,True
1791359505743138235,,True,2537,bird_eye,dry_run,none,False,False,0.0,0.0,0,inactive:clear,False,1791359505704934718,15.272934718,True
1791359505778184818,,True,2538,bird_eye,dry_run,none,False,False,0.0,0.0,0,inactive:clear,False,1791359505739251875,15.307251875,True
1791359505809101313,,True,2539,bird_eye,dry_run,none,False,False,0.0,0.0,0,inactive:clear,False,1791359505769947384,15.337947384,True
1791359505851783129,,True,2540,bird_eye,dry_run,none,False,False,0.0,0.0,0,inactive:clear,False,1791359505815364090,15.38336409,True
1791359505879906647,,True,2541,bird_eye,dry_run,none,False,False,0.0,0.0,0,inactive:clear,False,1791359505841545100,15.4095451,True
1791359505898677564,,True,2542,bird_eye,dry_run,none,False,False,0.0,0.0,0,inactive:clear,False,1791359505858796384,15.426796384,True
1791359505934985724,,True,2543,bird_eye,dry_run,none,False,False,0.0,0.0,0,inactive:clear,False,1791359505897053575,15.465053575,True
1791359505965216480,,True,2544,bird_eye,dry_run,none,False,False,0.0,0.0,0,inactive:clear,False,1791359505925382622,15.493382622,True
1791359505999427672,,True,2545,bird_eye,dry_run,none,False,False,0.0,0.0,0,inactive:clear,False,1791359505960103572,15.528103572,True
1791359506034492227,,True,2546,bird_eye,dry_run,none,False,False,0.0,0.0,0,inactive:clear,False,1791359505994338072,15.562338072,True
1791359506067652483,,True,2547,bird_eye,dry_run,none,False,False,0.0,0.0,0,inactive:clear,False,1791359506034567248,15.602567248,True
1791359506104418919,,True,2548,bird_eye,dry_run,none,False,False,0.0,0.0,0,inactive:clear,False,1791359506064510392,15.632510392,True
1791359506137691862,,True,2549,bird_eye,dry_run,none,False,False,0.0,0.0,0,inactive:clear,False,1791359506098048038,15.666048038,True
1791359506183309656,,True,2550,bird_eye,dry_run,none,False,False,0.0,0.0,0,inactive:clear,False,1791359506145144087,15.713144087,True
1791359506217449809,,True,2551,bird_eye,dry_run,none,False,False,0.0,0.0,0,inactive:clear,False,1791359506178013065,15.746013065,True
1791359506245505594,,True,2552,bird_eye,dry_run,none,False,False,0.0,0.0,0,inactive:clear,False,1791359506206113290,15.77411329,True
1791359506279430975,,True,2553,bird_eye,dry_run,none,False,False,0.0,0.0,0,inactive:clear,False,1791359506240770902,15.808770902,True
1791359506303591054,,True,2554,bird_eye,dry_run,none,False,False,0.0,0.0,0,inactive:clear,False,1791359506264577165,15.832577165,True
1791359506332963467,,True,2555,bird_eye,dry_run,none,False,False,0.0,0.0,0,inactive:clear,False,1791359506295555289,15.863555289,True
1791359506367324164,,True,2556,bird_eye,dry_run,none,False,False,0.0,0.0,0,inactive:clear,False,1791359506327470660,15.89547066,True
1791359506402006416,,True,2557,bird_eye,dry_run,none,False,False,0.0,0.0,0,inactive:clear,False,1791359506361946199,15.929946199,True
1791359506440453105,,True,2558,bird_eye,dry_run,none,False,False,0.0,0.0,0,inactive:clear,False,1791359506400438189,15.968438189,True
1791359506474173940,,True,2559,bird_eye,dry_run,none,False,False,0.0,0.0,0,inactive:clear,False,1791359506434953672,16.002953672,True
1791359506507301352,,True,2560,bird_eye,dry_run,none,False,False,0.0,0.0,0,inactive:clear,False,1791359506468017692,16.036017692,True
1791359506539481293,,True,2561,bird_eye,dry_run,none,False,False,0.0,0.0,0,inactive:clear,False,1791359506499738642,16.067738642,True
1791359506570210279,,True,2562,bird_eye,dry_run,none,False,False,0.0,0.0,0,inactive:clear,False,1791359506531245069,16.099245069,True
1791359506598077696,,True,2563,bird_eye,dry_run,none,False,False,0.0,0.0,0,inactive:clear,False,1791359506558227152,16.126227152,True
1791359506637896447,,True,2564,bird_eye,dry_run,none,False,False,0.0,0.0,0,inactive:clear,False,1791359506598725880,16.16672588,True
1791359506667511474,,True,2565,bird_eye,dry_run,none,False,False,0.0,0.0,0,inactive:clear,False,1791359506628046083,16.196046083,True
1791359506700105109,,True,2566,bird_eye,dry_run,none,False,False,0.0,0.0,0,inactive:clear,False,1791359506660350825,16.228350825,True
1791359506736505283,,True,2567,bird_eye,dry_run,none,False,False,0.0,0.0,0,inactive:clear,False,1791359506696861030,16.26486103,True
1791359506765383328,,True,2568,bird_eye,dry_run,none,False,False,0.0,0.0,0,inactive:clear,False,1791359506725394812,16.293394812,True
1791359506798246217,,True,2569,bird_eye,dry_run,none,False,False,0.0,0.0,0,inactive:clear,False,1791359506758701269,16.326701269,True
1791359506840967570,,True,2570,bird_eye,dry_run,none,False,False,0.0,0.0,0,inactive:clear,False,1791359506803046647,16.371046647,True
1791359506870999505,,True,2571,bird_eye,dry_run,none,False,False,0.0,0.0,0,inactive:clear,False,1791359506831040329,16.399040329,True
1791359506907462225,,True,2572,bird_eye,dry_run,none,False,False,0.0,0.0,0,inactive:clear,False,1791359506867434878,16.435434878,True
1791359506942614723,,True,2573,bird_eye,dry_run,none,False,False,0.0,0.0,0,inactive:clear,False,1791359506902692777,16.470692777,True
1791359506979591617,,True,2574,bird_eye,dry_run,none,False,False,0.0,0.0,0,inactive:clear,False,1791359506939530887,16.507530887,True
1791359507018711656,,True,2575,bird_eye,dry_run,none,False,False,0.0,0.0,0,inactive:clear,False,1791359506979119961,16.547119961,True
1791359507053407686,,True,2576,bird_eye,dry_run,none,False,False,0.0,0.0,0,inactive:clear,False,1791359507013500723,16.581500723,True
1791359507091852065,,True,2577,bird_eye,dry_run,none,False,False,0.0,0.0,0,inactive:clear,False,1791359507052087287,16.620087287,True
1791359507117545384,,True,2578,bird_eye,dry_run,none,False,False,0.0,0.0,0,inactive:clear,False,1791359507078426660,16.64642666,True
1791359507156574092,,True,2579,bird_eye,dry_run,none,False,False,0.0,0.0,0,inactive:clear,False,1791359507117355094,16.685355094,True
1791359507186532284,,True,2580,bird_eye,dry_run,none,False,False,0.0,0.0,0,inactive:clear,False,1791359507146951240,16.71495124,True
1791359507213716392,,True,2581,bird_eye,dry_run,none,False,False,0.0,0.0,0,inactive:clear,False,1791359507174011084,16.742011084,True
1791359507248131979,,True,2582,bird_eye,dry_run,none,False,False,0.0,0.0,0,inactive:clear,False,1791359507209144695,16.777144695,True
1791359507274614337,,True,2583,bird_eye,dry_run,none,False,False,0.0,0.0,0,inactive:clear,False,1791359507236777727,16.804777727,True
1791359507311799649,,True,2584,bird_eye,dry_run,none,False,False,0.0,0.0,0,inactive:clear,False,1791359507271977514,16.839977514,True
1791359507343731479,,True,2585,bird_eye,dry_run,none,False,False,0.0,0.0,0,inactive:clear,False,1791359507306336543,16.874336543,True
1791359507371611942,,True,2586,bird_eye,dry_run,none,False,False,0.0,0.0,0,inactive:clear,False,1791359507333315521,16.901315521,True
1791359507398491682,,True,2587,bird_eye,dry_run,none,False,False,0.0,0.0,0,inactive:clear,False,1791359507359501438,16.927501438,True
1791359507430853780,,True,2588,bird_eye,dry_run,apply,True,True,0.25,0.05000000074505806,1,ttc_warning:cadence_triple,False,1791359507390895678,16.958895678,True
1791359507470227856,,True,2589,bird_eye,dry_run,apply,True,True,0.25,0.05000000074505806,1,ttc_warning:cadence_triple,False,1791359507430615097,16.998615097,True
1791359507509397428,,True,2590,bird_eye,dry_run,apply,True,True,0.25,0.05000000074505806,1,ttc_warning:cadence_triple,False,1791359507469582140,17.03758214,True
1791359507537581258,,True,2591,bird_eye,dry_run,stop,False,False,0.0,0.0,0,inactive:clear,False,1791359507497812695,17.065812695,True
1791359507581765429,,True,2592,bird_eye,dry_run,none,False,False,0.0,0.0,0,inactive:clear,False,1791359507541952319,17.109952319,True
1791359507614612354,,True,2593,bird_eye,dry_run,apply,True,True,0.25,0.05000000074505806,1,ttc_warning:cadence_triple,False,1791359507577050241,17.145050241,True
1791359507639589699,,True,2594,bird_eye,dry_run,apply,True,True,0.25,0.05000000074505806,1,ttc_warning:cadence_triple,False,1791359507599771120,17.16777112,True
1791359507668568768,,True,2595,bird_eye,dry_run,apply,True,True,0.25,0.05000000074505806,1,ttc_warning:cadence_triple,False,1791359507628823696,17.196823696,True
1791359507701846764,,True,2596,bird_eye,dry_run,stop,False,False,0.0,0.0,0,inactive:clear,False,1791359507663113804,17.231113804,True
1791359507731126305,,True,2597,bird_eye,dry_run,none,False,False,0.0,0.0,0,inactive:clear,False,1791359507691820659,17.259820659,True
1791359507765022952,,True,2598,bird_eye,dry_run,none,False,False,0.0,0.0,0,inactive:clear,False,1791359507725315937,17.293315937,True
1791359507799181743,,True,2599,bird_eye,dry_run,apply,True,True,0.25,0.05000000074505806,1,ttc_warning:cadence_triple,False,1791359507759403544,17.327403544,True
1791359507831002653,,True,2600,bird_eye,dry_run,apply,True,True,0.25,0.05000000074505806,1,ttc_warning:cadence_triple,False,1791359507791786004,17.359786004,True
1791359507865955384,,True,2601,bird_eye,dry_run,stop,False,False,0.0,0.0,0,inactive:clear,False,1791359507826687922,17.394687922,True
1791359507901032215,,True,2602,bird_eye,dry_run,none,False,False,0.0,0.0,0,inactive:clear,False,1791359507861495660,17.42949566,True
1791359507931732356,,True,2603,bird_eye,dry_run,none,False,False,0.0,0.0,0,inactive:clear,False,1791359507892108073,17.460108073,True
1791359507965812134,,True,2604,bird_eye,dry_run,none,False,False,0.0,0.0,0,inactive:clear,False,1791359507926659031,17.494659031,True
1791359508004460314,,True,2605,bird_eye,dry_run,none,False,False,0.0,0.0,0,inactive:clear,False,1791359507964621744,17.532621744,True
1791359508034432468,,True,2606,bird_eye,dry_run,none,False,False,0.0,0.0,0,inactive:clear,False,1791359507994770292,17.562770292,True
1791359508066778786,,True,2607,bird_eye,dry_run,none,False,False,0.0,0.0,0,inactive:clear,False,1791359508027319344,17.595319344,True
1791359508098116948,,True,2608,bird_eye,dry_run,none,False,False,0.0,0.0,0,inactive:clear,False,1791359508058612588,17.626612588,True
1791359508132579643,,True,2609,bird_eye,dry_run,none,False,False,0.0,0.0,0,inactive:clear,False,1791359508092964450,17.66096445,True
1791359508165150652,,True,2610,bird_eye,dry_run,none,False,False,0.0,0.0,0,inactive:clear,False,1791359508125739037,17.693739037,True
1791359508197962024,,True,2611,bird_eye,dry_run,none,False,False,0.0,0.0,0,inactive:clear,False,1791359508158296191,17.726296191,True
1791359508230468849,,True,2612,bird_eye,dry_run,none,False,False,0.0,0.0,0,inactive:clear,False,1791359508191456673,17.759456673,True
1791359508267488181,,True,2613,bird_eye,dry_run,none,False,False,0.0,0.0,0,inactive:clear,False,1791359508227925015,17.795925015,True
1791359508300804521,,True,2614,bird_eye,dry_run,none,False,False,0.0,0.0,0,inactive:clear,False,1791359508261144725,17.829144725,True
1791359508331836289,,True,2615,bird_eye,dry_run,none,False,False,0.0,0.0,0,inactive:clear,False,1791359508292607226,17.860607226,True
1791359508373416580,,True,2616,bird_eye,dry_run,none,False,False,0.0,0.0,0,inactive:clear,False,1791359508335377204,17.903377204,True
1791359508413374111,,True,2617,bird_eye,dry_run,none,False,False,0.0,0.0,0,inactive:clear,False,1791359508373503377,17.941503377,True
1791359508452439033,,True,2618,bird_eye,dry_run,none,False,False,0.0,0.0,0,inactive:clear,False,1791359508412707141,17.980707141,True
1791359508490443814,,True,2619,bird_eye,dry_run,none,False,False,0.0,0.0,0,inactive:clear,False,1791359508450846215,18.018846215,True
1791359508524120256,,True,2620,bird_eye,dry_run,none,False,False,0.0,0.0,0,inactive:clear,False,1791359508484425961,18.052425961,True
1791359508554363243,,True,2621,bird_eye,dry_run,none,False,False,0.0,0.0,0,inactive:clear,False,1791359508514568967,18.082568967,True
1791359508586527554,,True,2622,bird_eye,dry_run,none,False,False,0.0,0.0,0,inactive:clear,False,1791359508547232167,18.115232167,True
1791359508619331364,,True,2623,bird_eye,dry_run,none,False,False,0.0,0.0,0,inactive:clear,False,1791359508579479302,18.147479302,True
1791359508650562172,,True,2624,bird_eye,dry_run,none,False,False,0.0,0.0,0,inactive:clear,False,1791359508610442169,18.178442169,True
1791359508686303463,,True,2625,bird_eye,dry_run,none,False,False,0.0,0.0,0,inactive:clear,False,1791359508646423040,18.21442304,True
1791359508720834505,,True,2626,bird_eye,dry_run,none,False,False,0.0,0.0,0,inactive:clear,False,1791359508682024620,18.25002462,True
1791359508757915467,,True,2627,bird_eye,dry_run,none,False,False,0.0,0.0,0,inactive:clear,False,1791359508718202281,18.286202281,True
1791359508806789606,,True,2628,bird_eye,dry_run,none,False,False,0.0,0.0,0,inactive:clear,False,1791359508767829028,18.335829028,True
1791359508847993365,,True,2629,bird_eye,dry_run,none,False,False,0.0,0.0,0,inactive:clear,False,1791359508808211707,18.376211707,True
1791359508881458274,,True,2630,bird_eye,dry_run,none,False,False,0.0,0.0,0,inactive:clear,False,1791359508842623303,18.410623303,True
1791359508918553995,,True,2631,bird_eye,dry_run,none,False,False,0.0,0.0,0,inactive:clear,False,1791359508878588900,18.4465889,True
1791359508946653313,,True,2632,bird_eye,dry_run,none,False,False,0.0,0.0,0,inactive:clear,False,1791359508907655269,18.475655269,True
1791359508982357072,,True,2633,bird_eye,dry_run,none,False,False,0.0,0.0,0,inactive:clear,False,1791359508942619618,18.510619618,True
1791359509010998206,,True,2634,bird_eye,dry_run,none,False,False,0.0,0.0,0,inactive:clear,False,1791359508971218628,18.539218628,True
1791359509046277953,,True,2635,bird_eye,dry_run,none,False,False,0.0,0.0,0,inactive:clear,False,1791359509007190074,18.575190074,True
1791359509078250899,,True,2636,bird_eye,dry_run,none,False,False,0.0,0.0,0,inactive:clear,False,1791359509038631347,18.606631347,True
1791359509108648214,,True,2637,bird_eye,dry_run,none,False,False,0.0,0.0,0,inactive:clear,False,1791359509068831219,18.636831219,True
1791359509148137386,,True,2638,bird_eye,dry_run,none,False,False,0.0,0.0,0,inactive:clear,False,1791359509109022686,18.677022686,True
1791359509176430543,,True,2639,bird_eye,dry_run,none,False,False,0.0,0.0,0,inactive:clear,False,1791359509136705789,18.704705789,True
1791359509205196998,,True,2640,bird_eye,dry_run,none,False,False,0.0,0.0,0,inactive:clear,False,1791359509166403803,18.734403803,True
1791359509236578764,,True,2641,bird_eye,dry_run,none,False,False,0.0,0.0,0,inactive:clear,False,1791359509196869340,18.76486934,True
1791359509285082919,,True,2642,bird_eye,dry_run,none,False,False,0.0,0.0,0,inactive:clear,False,1791359509245300350,18.81330035,True
1791359509325578682,,True,2643,bird_eye,dry_run,none,False,False,0.0,0.0,0,inactive:clear,False,1791359509286471445,18.854471445,True
1791359509362414178,,True,2644,bird_eye,dry_run,none,False,False,0.0,0.0,0,inactive:clear,False,1791359509322492448,18.890492448,True
1791359509396478799,,True,2645,bird_eye,dry_run,none,False,False,0.0,0.0,0,inactive:clear,False,1791359509356497091,18.924497091,True
1791359509426401944,,True,2646,bird_eye,dry_run,none,False,False,0.0,0.0,0,inactive:clear,False,1791359509386867590,18.95486759,True
1791359509459717941,,True,2647,bird_eye,dry_run,none,False,False,0.0,0.0,0,inactive:clear,False,1791359509419864526,18.987864526,True
1791359509493221979,,True,2648,bird_eye,dry_run,none,False,False,0.0,0.0,0,inactive:clear,False,1791359509453824457,19.021824457,True
1791359509524362532,,True,2649,bird_eye,dry_run,none,False,False,0.0,0.0,0,inactive:clear,False,1791359509485403002,19.053403002,True
1791359509558754899,,True,2650,bird_eye,dry_run,none,False,False,0.0,0.0,0,inactive:clear,False,1791359509518971308,19.086971308,True
1791359509590668711,,True,2651,bird_eye,dry_run,none,False,False,0.0,0.0,0,inactive:clear,False,1791359509550906982,19.118906982,True
1791359509624461272,,True,2652,bird_eye,dry_run,none,False,False,0.0,0.0,0,inactive:clear,False,1791359509585320687,19.153320687,True
1791359509659134769,,True,2653,bird_eye,dry_run,none,False,False,0.0,0.0,0,inactive:clear,False,1791359509621380443,19.189380443,True
1791359509689003745,,True,2654,bird_eye,dry_run,none,False,False,0.0,0.0,0,inactive:clear,False,1791359509649234303,19.217234303,True
1791359509722596873,,True,2655,bird_eye,dry_run,none,False,False,0.0,0.0,0,inactive:clear,False,1791359509682771049,19.250771049,True
1791359509751064394,,True,2656,bird_eye,dry_run,none,False,False,0.0,0.0,0,inactive:clear,False,1791359509712864288,19.280864288,True
1791359509783059483,,True,2657,bird_eye,dry_run,none,False,False,0.0,0.0,0,inactive:clear,False,1791359509746417458,19.314417458,True
1791359509815659167,,True,2658,bird_eye,dry_run,none,False,False,0.0,0.0,0,inactive:clear,False,1791359509775595685,19.343595685,True
1791359509846912566,,True,2659,bird_eye,dry_run,none,False,False,0.0,0.0,0,inactive:clear,False,1791359509807357697,19.375357697,True
1791359509877715440,,True,2660,bird_eye,dry_run,none,False,False,0.0,0.0,0,inactive:clear,False,1791359509837992660,19.40599266,True
1791359509909900328,,True,2661,bird_eye,dry_run,none,False,False,0.0,0.0,0,inactive:clear,False,1791359509870672466,19.438672466,True
1791359509940014195,,True,2662,bird_eye,dry_run,none,False,False,0.0,0.0,0,inactive:clear,False,1791359509901187431,19.469187431,True
1791359509972475698,,True,2663,bird_eye,dry_run,none,False,False,0.0,0.0,0,inactive:clear,False,1791359509932781334,19.500781334,True
1791359510012323337,,True,2664,bird_eye,dry_run,none,False,False,0.0,0.0,0,inactive:clear,False,1791359509972531290,19.54053129,True
1791359510043177827,,True,2665,bird_eye,dry_run,none,False,False,0.0,0.0,0,inactive:clear,False,1791359510003427379,19.571427379,True
1791359510075411271,,True,2666,bird_eye,dry_run,none,False,False,0.0,0.0,0,inactive:clear,False,1791359510035461046,19.603461046,True
1791359510106252629,,True,2667,bird_eye,dry_run,none,False,False,0.0,0.0,0,inactive:clear,False,1791359510066862875,19.634862875,True
1791359510138046727,,True,2668,bird_eye,dry_run,none,False,False,0.0,0.0,0,inactive:clear,False,1791359510100031935,19.668031935,True
1791359510165324227,,True,2669,bird_eye,dry_run,none,False,False,0.0,0.0,0,inactive:clear,False,1791359510130728598,19.698728598,True
1791359510197768618,,True,2670,bird_eye,dry_run,none,False,False,0.0,0.0,0,inactive:clear,False,1791359510157938926,19.725938926,True
1791359510234469706,,True,2671,bird_eye,dry_run,none,False,False,0.0,0.0,0,inactive:clear,False,1791359510194645603,19.762645603,True
1791359510264637000,,True,2672,bird_eye,dry_run,none,False,False,0.0,0.0,0,inactive:clear,False,1791359510228532242,19.796532242,True
1791359510295460469,,True,2673,bird_eye,dry_run,none,False,False,0.0,0.0,0,inactive:clear,False,1791359510255497409,19.823497409,True
1791359510326991620,,True,2674,bird_eye,dry_run,none,False,False,0.0,0.0,0,inactive:clear,False,1791359510287452119,19.855452119,True
1791359510360410548,,True,2675,bird_eye,dry_run,none,False,False,0.0,0.0,0,inactive:clear,False,1791359510320588359,19.888588359,True
1791359510392827742,,True,2676,bird_eye,dry_run,none,False,False,0.0,0.0,0,inactive:clear,False,1791359510353140614,19.921140614,True
1791359510428031146,,True,2677,bird_eye,dry_run,none,False,False,0.0,0.0,0,inactive:clear,False,1791359510389031570,19.95703157,True
1791359510462775277,,True,2678,bird_eye,dry_run,none,False,False,0.0,0.0,0,inactive:clear,False,1791359510422961640,19.99096164,True
1791359510491927707,,True,2679,bird_eye,dry_run,none,False,False,0.0,0.0,0,inactive:clear,False,1791359510452759946,20.020759946,True
1791359510523809924,,True,2680,bird_eye,dry_run,none,False,False,0.0,0.0,0,inactive:clear,False,1791359510484332392,20.052332392,True
1791359510552956277,,True,2681,bird_eye,dry_run,none,False,False,0.0,0.0,0,inactive:clear,False,1791359510514244341,20.082244341,True
1791359510585126954,,True,2682,bird_eye,dry_run,none,False,False,0.0,0.0,0,inactive:clear,False,1791359510545544568,20.113544568,True
1791359510622517811,,True,2683,bird_eye,dry_run,none,False,False,0.0,0.0,0,inactive:clear,False,1791359510583581213,20.151581213,True
1791359510659889376,,True,2684,bird_eye,dry_run,none,False,False,0.0,0.0,0,inactive:clear,False,1791359510620116775,20.188116775,True
1791359510692644795,,True,2685,bird_eye,dry_run,none,False,False,0.0,0.0,0,inactive:clear,False,1791359510653378384,20.221378384,True
1791359510724955195,,True,2686,bird_eye,dry_run,none,False,False,0.0,0.0,0,inactive:clear,False,1791359510685920492,20.253920492,True
1791359510768289729,,True,2687,bird_eye,dry_run,none,False,False,0.0,0.0,0,inactive:clear,False,1791359510728887982,20.296887982,True
1791359510800988651,,True,2688,bird_eye,dry_run,none,False,False,0.0,0.0,0,inactive:clear,False,1791359510761467323,20.329467323,True
1791359510833774078,,True,2689,bird_eye,dry_run,none,False,False,0.0,0.0,0,inactive:clear,False,1791359510794970363,20.362970363,True
1791359510866645008,,True,2690,bird_eye,dry_run,none,False,False,0.0,0.0,0,inactive:clear,False,1791359510826928869,20.394928869,True
1791359510898848416,,True,2691,bird_eye,dry_run,none,False,False,0.0,0.0,0,inactive:clear,False,1791359510858987026,20.426987026,True
1791359510932058829,,True,2692,bird_eye,dry_run,none,False,False,0.0,0.0,0,inactive:clear,False,1791359510892347298,20.460347298,True
1791359510968422084,,True,2693,bird_eye,dry_run,none,False,False,0.0,0.0,0,inactive:clear,False,1791359510928686351,20.496686351,True
1791359511002915806,,True,2694,bird_eye,dry_run,none,False,False,0.0,0.0,0,inactive:clear,False,1791359510963116248,20.531116248,True
1791359511034486595,,True,2695,bird_eye,dry_run,none,False,False,0.0,0.0,0,inactive:clear,False,1791359510994706502,20.562706502,True
1791359511107838774,,True,2696,bird_eye,dry_run,none,False,False,0.0,0.0,0,inactive:clear,False,1791359511068848729,20.636848729,True
1791359511134494875,,True,2697,bird_eye,dry_run,none,False,False,0.0,0.0,0,inactive:clear,False,1791359511095731624,20.663731624,True
1791359511169680172,,True,2698,bird_eye,dry_run,none,False,False,0.0,0.0,0,inactive:clear,False,1791359511129916280,20.69791628,True
1791359511205875157,,True,2699,bird_eye,dry_run,none,False,False,0.0,0.0,0,inactive:clear,False,1791359511167062591,20.735062591,True
1791359511235138140,,True,2700,bird_eye,dry_run,none,False,False,0.0,0.0,0,inactive:clear,False,1791359511195487996,20.763487996,True
1791359511265775330,,True,2701,bird_eye,dry_run,none,False,False,0.0,0.0,0,inactive:clear,False,1791359511229692225,20.797692225,True
1791359511308490558,,True,2702,bird_eye,dry_run,none,False,False,0.0,0.0,0,inactive:clear,False,1791359511275682025,20.843682025,True
1791359511334970572,,True,2703,bird_eye,dry_run,none,False,False,0.0,0.0,0,inactive:clear,False,1791359511297471443,20.865471443,True
1791359511366182116,,True,2704,bird_eye,dry_run,none,False,False,0.0,0.0,0,inactive:clear,False,1791359511326515335,20.894515335,True
1791359511405054763,,True,2705,bird_eye,dry_run,none,False,False,0.0,0.0,0,inactive:clear,False,1791359511366153205,20.934153205,True
1791359511437447209,,True,2706,bird_eye,dry_run,none,False,False,0.0,0.0,0,inactive:clear,False,1791359511397902643,20.965902643,True
1791359511465955775,,True,2707,bird_eye,dry_run,none,False,False,0.0,0.0,0,inactive:clear,False,1791359511426324355,20.994324355,True
1791359511503156731,,True,2708,bird_eye,dry_run,none,False,False,0.0,0.0,0,inactive:clear,False,1791359511463693199,21.031693199,True
1791359511531268557,,True,2709,bird_eye,dry_run,none,False,False,0.0,0.0,0,inactive:clear,False,1791359511491351241,21.059351241,True
1791359511565616821,,True,2710,bird_eye,dry_run,none,False,False,0.0,0.0,0,inactive:clear,False,1791359511526336187,21.094336187,True
1791359511606947116,,True,2711,bird_eye,dry_run,none,False,False,0.0,0.0,0,inactive:clear,False,1791359511568424834,21.136424834,True
1791359511639836763,,True,2712,bird_eye,dry_run,none,False,False,0.0,0.0,0,inactive:clear,False,1791359511600716345,21.168716345,True
1791359511685989951,,True,2713,bird_eye,dry_run,none,False,False,0.0,0.0,0,inactive:clear,False,1791359511646276099,21.214276099,True
1791359511714226635,,True,2714,bird_eye,dry_run,none,False,False,0.0,0.0,0,inactive:clear,False,1791359511674544167,21.242544167,True
1791359511750961968,,True,2715,bird_eye,dry_run,none,False,False,0.0,0.0,0,inactive:clear,False,1791359511711435494,21.279435494,True
1791359511786631416,,True,2716,bird_eye,dry_run,none,False,False,0.0,0.0,0,inactive:clear,False,1791359511747463329,21.315463329,True
1791359511814851366,,True,2717,bird_eye,dry_run,none,False,False,0.0,0.0,0,inactive:clear,False,1791359511775178140,21.34317814,True
1791359511844651358,,True,2718,bird_eye,dry_run,none,False,False,0.0,0.0,0,inactive:clear,False,1791359511805031876,21.373031876,True
1791359511879551648,,True,2719,bird_eye,dry_run,none,False,False,0.0,0.0,0,inactive:clear,False,1791359511841468350,21.40946835,True
1791359511913136926,,True,2720,bird_eye,dry_run,none,False,False,0.0,0.0,0,inactive:clear,False,1791359511873562308,21.441562308,True
1791359511941104446,,True,2721,bird_eye,dry_run,none,False,False,0.0,0.0,0,inactive:clear,False,1791359511901529003,21.469529003,True
1791359511976628813,,True,2722,bird_eye,dry_run,none,False,False,0.0,0.0,0,inactive:clear,False,1791359511938773108,21.506773108,True
1791359512005705816,,True,2723,bird_eye,dry_run,none,False,False,0.0,0.0,0,inactive:clear,False,1791359511966548765,21.534548765,True
1791359512037016833,,True,2724,bird_eye,dry_run,none,False,False,0.0,0.0,0,inactive:clear,False,1791359511997285326,21.565285326,True
1791359512069152271,,True,2725,bird_eye,dry_run,none,False,False,0.0,0.0,0,inactive:clear,False,1791359512029399187,21.597399187,True
1791359512102654104,,True,2726,bird_eye,dry_run,none,False,False,0.0,0.0,0,inactive:clear,False,1791359512063197762,21.631197762,True
1791359512134534651,,True,2727,bird_eye,dry_run,none,False,False,0.0,0.0,0,inactive:clear,False,1791359512094786557,21.662786557,True
1791359512170589912,,True,2728,bird_eye,dry_run,none,False,False,0.0,0.0,0,inactive:clear,False,1791359512130935748,21.698935748,True
1791359512204037538,,True,2729,bird_eye,dry_run,none,False,False,0.0,0.0,0,inactive:clear,False,1791359512164319275,21.732319275,True
1791359512235309882,,True,2730,bird_eye,dry_run,none,False,False,0.0,0.0,0,inactive:clear,False,1791359512196390149,21.764390149,True
1791359512267631019,,True,2731,bird_eye,dry_run,none,False,False,0.0,0.0,0,inactive:clear,False,1791359512229184262,21.797184262,True
1791359512301144574,,True,2732,bird_eye,dry_run,none,False,False,0.0,0.0,0,inactive:clear,False,1791359512261480940,21.82948094,True
1791359512333343705,,True,2733,bird_eye,dry_run,none,False,False,0.0,0.0,0,inactive:clear,False,1791359512293555562,21.861555562,True
1791359512364916685,,True,2734,bird_eye,dry_run,none,False,False,0.0,0.0,0,inactive:clear,False,1791359512325311873,21.893311873,True
1791359512401597857,,True,2735,bird_eye,dry_run,none,False,False,0.0,0.0,0,inactive:clear,False,1791359512361895202,21.929895202,True
1791359512431463132,,True,2736,bird_eye,dry_run,none,False,False,0.0,0.0,0,inactive:clear,False,1791359512391868112,21.959868112,True
1791359512468687758,,True,2737,bird_eye,dry_run,none,False,False,0.0,0.0,0,inactive:clear,False,1791359512429910521,21.997910521,True
1791359512499305895,,True,2738,bird_eye,dry_run,none,False,False,0.0,0.0,0,inactive:clear,False,1791359512460092808,22.028092808,True
1791359512539623509,,True,2739,bird_eye,dry_run,none,False,False,0.0,0.0,0,inactive:clear,False,1791359512499976814,22.067976814,True
1791359512573131194,,True,2740,bird_eye,dry_run,none,False,False,0.0,0.0,0,inactive:clear,False,1791359512533379727,22.101379727,True
1791359512602685882,,True,2741,bird_eye,dry_run,none,False,False,0.0,0.0,0,inactive:clear,False,1791359512563003549,22.131003549,True
1791359512634586234,,True,2742,bird_eye,dry_run,none,False,False,0.0,0.0,0,inactive:clear,False,1791359512595046034,22.163046034,True
1791359512665371333,,True,2743,bird_eye,dry_run,none,False,False,0.0,0.0,0,inactive:clear,False,1791359512626466778,22.194466778,True
1791359512701396120,,True,2744,bird_eye,dry_run,none,False,False,0.0,0.0,0,inactive:clear,False,1791359512662440872,22.230440872,True
1791359512736808362,,True,2745,bird_eye,dry_run,none,False,False,0.0,0.0,0,inactive:clear,False,1791359512697118181,22.265118181,True
1791359512771838629,,True,2746,bird_eye,dry_run,none,False,False,0.0,0.0,0,inactive:clear,False,1791359512732239837,22.300239837,True
1791359512805981119,,True,2747,bird_eye,dry_run,none,False,False,0.0,0.0,0,inactive:clear,False,1791359512767121142,22.335121142,True
1791359512866653746,,True,2749,bird_eye,dry_run,none,False,False,0.0,0.0,0,inactive:clear,False,1791359512829115829,22.397115829,True
1791359512899201807,,True,2750,bird_eye,dry_run,none,False,False,0.0,0.0,0,inactive:clear,False,1791359512859749535,22.427749535,True
1791359512939113652,,True,2751,bird_eye,dry_run,none,False,False,0.0,0.0,0,inactive:clear,False,1791359512899838211,22.467838211,True
1791359512966497926,,True,2752,bird_eye,dry_run,none,False,False,0.0,0.0,0,inactive:clear,False,1791359512927215668,22.495215668,True
1791359512998536507,,True,2753,bird_eye,dry_run,none,False,False,0.0,0.0,0,inactive:clear,False,1791359512959036478,22.527036478,True
1791359513031549252,,True,2754,bird_eye,dry_run,none,False,False,0.0,0.0,0,inactive:clear,False,1791359512998087867,22.566087867,True
1791359513065442678,,True,2755,bird_eye,dry_run,none,False,False,0.0,0.0,0,inactive:clear,False,1791359513026492906,22.594492906,True
1791359513098638336,,True,2756,bird_eye,dry_run,none,False,False,0.0,0.0,0,inactive:clear,False,1791359513059218667,22.627218667,True
1791359513132954621,,True,2757,bird_eye,dry_run,none,False,False,0.0,0.0,0,inactive:clear,False,1791359513100865693,22.668865693,True
1791359513175061131,,True,2758,bird_eye,dry_run,none,False,False,0.0,0.0,0,inactive:clear,False,1791359513136297353,22.704297353,True
1791359513207877100,,True,2759,bird_eye,dry_run,none,False,False,0.0,0.0,0,inactive:clear,False,1791359513168089978,22.736089978,True
1791359513246575933,,True,2760,bird_eye,dry_run,none,False,False,0.0,0.0,0,inactive:clear,False,1791359513207300142,22.775300142,True
1791359513269712144,,True,2761,bird_eye,dry_run,none,False,False,0.0,0.0,0,inactive:clear,False,1791359513229970161,22.797970161,True
1791359513301115739,,True,2762,bird_eye,dry_run,none,False,False,0.0,0.0,0,inactive:clear,False,1791359513261389643,22.829389643,True
1791359513334420360,,True,2763,bird_eye,dry_run,none,False,False,0.0,0.0,0,inactive:clear,False,1791359513296743251,22.864743251,True
1791359513368173287,,True,2764,bird_eye,dry_run,none,False,False,0.0,0.0,0,inactive:clear,False,1791359513329070303,22.897070303,True
1791359513406441556,,True,2765,bird_eye,dry_run,none,False,False,0.0,0.0,0,inactive:clear,False,1791359513368006820,22.93600682,True
1791359513436971457,,True,2766,bird_eye,dry_run,none,False,False,0.0,0.0,0,inactive:clear,False,1791359513397836772,22.965836772,True
1791359513468096394,,True,2767,bird_eye,dry_run,none,False,False,0.0,0.0,0,inactive:clear,False,1791359513429097862,22.997097862,True
1791359513500062633,,True,2768,bird_eye,dry_run,none,False,False,0.0,0.0,0,inactive:clear,False,1791359513462021225,23.030021225,True
1791359513532771990,,True,2769,bird_eye,dry_run,none,False,False,0.0,0.0,0,inactive:clear,False,1791359513493223548,23.061223548,True
1791359513565088590,,True,2770,bird_eye,dry_run,none,False,False,0.0,0.0,0,inactive:clear,False,1791359513525372353,23.093372353,True
1791359513599845269,,True,2771,bird_eye,dry_run,none,False,False,0.0,0.0,0,inactive:clear,False,1791359513560284335,23.128284335,True
1791359513635155949,,True,2772,bird_eye,dry_run,none,False,False,0.0,0.0,0,inactive:clear,False,1791359513596342688,23.164342688,True
1791359513669025837,,True,2773,bird_eye,dry_run,none,False,False,0.0,0.0,0,inactive:clear,False,1791359513629535801,23.197535801,True
1791359513699674069,,True,2774,bird_eye,dry_run,none,False,False,0.0,0.0,0,inactive:clear,False,1791359513660516562,23.228516562,True
1791359513731895967,,True,2775,bird_eye,dry_run,none,False,False,0.0,0.0,0,inactive:clear,False,1791359513692923950,23.26092395,True
1791359513765405099,,True,2776,bird_eye,dry_run,none,False,False,0.0,0.0,0,inactive:clear,False,1791359513726742252,23.294742252,True
1791359513802927827,,True,2777,bird_eye,dry_run,none,False,False,0.0,0.0,0,inactive:clear,False,1791359513766292827,23.334292827,True
1791359513832608559,,True,2778,bird_eye,dry_run,none,False,False,0.0,0.0,0,inactive:clear,False,1791359513796475549,23.364475549,True
1791359513867673663,,True,2779,bird_eye,dry_run,none,False,False,0.0,0.0,0,inactive:clear,False,1791359513828121124,23.396121124,True
1791359513899036186,,True,2780,bird_eye,dry_run,none,False,False,0.0,0.0,0,inactive:clear,False,1791359513859746779,23.427746779,True
1791359513934629946,,True,2781,bird_eye,dry_run,none,False,False,0.0,0.0,0,inactive:clear,False,1791359513894892501,23.462892501,True
1791359513965147291,,True,2782,bird_eye,dry_run,none,False,False,0.0,0.0,0,inactive:clear,False,1791359513926486812,23.494486812,True
1791359513999168917,,True,2783,bird_eye,dry_run,none,False,False,0.0,0.0,0,inactive:clear,False,1791359513961150766,23.529150766,True
1791359514033186853,,True,2784,bird_eye,dry_run,none,False,False,0.0,0.0,0,inactive:clear,False,1791359513993564263,23.561564263,True
1791359514065296876,,True,2785,bird_eye,dry_run,none,False,False,0.0,0.0,0,inactive:clear,False,1791359514027105902,23.595105902,True
1791359514099000837,,True,2786,bird_eye,dry_run,none,False,False,0.0,0.0,0,inactive:clear,False,1791359514060999897,23.628999897,True
1791359514132355405,,True,2787,bird_eye,dry_run,none,False,False,0.0,0.0,0,inactive:clear,False,1791359514097553397,23.665553397,True
1791359514170778320,,True,2788,bird_eye,dry_run,none,False,False,0.0,0.0,0,inactive:clear,False,1791359514131718095,23.699718095,True
1791359514199115912,,True,2789,bird_eye,dry_run,none,False,False,0.0,0.0,0,inactive:clear,False,1791359514169556009,23.737556009,True
1791359514232519130,,True,2790,bird_eye,dry_run,none,False,False,0.0,0.0,0,inactive:clear,False,1791359514193179501,23.761179501,True
1791359514269139326,,True,2791,bird_eye,dry_run,none,False,False,0.0,0.0,0,inactive:clear,False,1791359514231548443,23.799548443,True
1791359514300605021,,True,2792,bird_eye,dry_run,none,False,False,0.0,0.0,0,inactive:clear,False,1791359514262867054,23.830867054,True
1791359514333558261,,True,2793,bird_eye,dry_run,none,False,False,0.0,0.0,0,inactive:clear,False,1791359514294764367,23.862764367,True
1791359514369444281,,True,2794,bird_eye,dry_run,none,False,False,0.0,0.0,0,inactive:clear,False,1791359514331206455,23.899206455,True
1791359514398354572,,True,2795,bird_eye,dry_run,none,False,False,0.0,0.0,0,inactive:clear,False,1791359514359220241,23.927220241,True
1791359514431528361,,True,2796,bird_eye,dry_run,none,False,False,0.0,0.0,0,inactive:clear,False,1791359514392120024,23.960120024,True
1791359514464964466,,True,2797,bird_eye,dry_run,none,False,False,0.0,0.0,0,inactive:clear,False,1791359514432314391,24.000314391,True
1791359514503736445,,True,2798,bird_eye,dry_run,none,False,False,0.0,0.0,0,inactive:clear,False,1791359514464286402,24.032286402,True
1791359514531338355,,True,2799,bird_eye,dry_run,none,False,False,0.0,0.0,0,inactive:clear,False,1791359514491693513,24.059693513,True
1791359514563876767,,True,2800,bird_eye,dry_run,none,False,False,0.0,0.0,0,inactive:clear,False,1791359514524335455,24.092335455,True
1791359514597894498,,True,2801,bird_eye,dry_run,none,False,False,0.0,0.0,0,inactive:clear,False,1791359514558401108,24.126401108,True
1791359514630604031,,True,2802,bird_eye,dry_run,none,False,False,0.0,0.0,0,inactive:clear,False,1791359514591511946,24.159511946,True
1791359514664120486,,True,2803,bird_eye,dry_run,none,False,False,0.0,0.0,0,inactive:clear,False,1791359514624686323,24.192686323,True
1791359514697840203,,True,2804,bird_eye,dry_run,none,False,False,0.0,0.0,0,inactive:clear,False,1791359514658377377,24.226377377,True
1791359514731352795,,True,2805,bird_eye,dry_run,none,False,False,0.0,0.0,0,inactive:clear,False,1791359514691842598,24.259842598,True
1791359514764313753,,True,2806,bird_eye,dry_run,none,False,False,0.0,0.0,0,inactive:clear,False,1791359514724662208,24.292662208,True
1791359514797043767,,True,2807,bird_eye,dry_run,none,False,False,0.0,0.0,0,inactive:clear,False,1791359514757532414,24.325532414,True
1791359514835680639,,True,2808,bird_eye,dry_run,none,False,False,0.0,0.0,0,inactive:clear,False,1791359514797091613,24.365091613,True
1791359514864796681,,True,2809,bird_eye,dry_run,none,False,False,0.0,0.0,0,inactive:clear,False,1791359514825203990,24.39320399,True
1791359514904333828,,True,2810,bird_eye,dry_run,none,False,False,0.0,0.0,0,inactive:clear,False,1791359514865503932,24.433503932,True
1791359514933216504,,True,2811,bird_eye,dry_run,none,False,False,0.0,0.0,0,inactive:clear,False,1791359514893523772,24.461523772,True
1791359514970120825,,True,2812,bird_eye,dry_run,none,False,False,0.0,0.0,0,inactive:clear,False,1791359514930358550,24.49835855,True
1791359515001259730,,True,2813,bird_eye,dry_run,none,False,False,0.0,0.0,0,inactive:clear,False,1791359514962119466,24.530119466,True
1791359515034433961,,True,2814,bird_eye,dry_run,none,False,False,0.0,0.0,0,inactive:clear,False,1791359514995414591,24.563414591,True
1791359515067003797,,True,2815,bird_eye,dry_run,none,False,False,0.0,0.0,0,inactive:clear,False,1791359515027401775,24.595401775,True
1791359515100039374,,True,2816,bird_eye,dry_run,none,False,False,0.0,0.0,0,inactive:clear,False,1791359515060662427,24.628662427,True
1791359515134341527,,True,2817,bird_eye,dry_run,none,False,False,0.0,0.0,0,inactive:clear,False,1791359515094779974,24.662779974,True
1791359515165863698,,True,2818,bird_eye,dry_run,none,False,False,0.0,0.0,0,inactive:clear,False,1791359515126636625,24.694636625,True
1791359515199840238,,True,2819,bird_eye,dry_run,none,False,False,0.0,0.0,0,inactive:clear,False,1791359515160302860,24.72830286,True
1791359515233505532,,True,2820,bird_eye,dry_run,none,False,False,0.0,0.0,0,inactive:clear,False,1791359515196543790,24.76454379,True
1791359515267572435,,True,2821,bird_eye,dry_run,none,False,False,0.0,0.0,0,inactive:clear,False,1791359515227937757,24.795937757,True
1791359515299618432,,True,2822,bird_eye,dry_run,none,False,False,0.0,0.0,0,inactive:clear,False,1791359515259895272,24.827895272,True
1791359515331992921,,True,2823,bird_eye,dry_run,none,False,False,0.0,0.0,0,inactive:clear,False,1791359515294130364,24.862130364,True
1791359515363695366,,True,2824,bird_eye,dry_run,none,False,False,0.0,0.0,0,inactive:clear,False,1791359515323964162,24.891964162,True
1791359515398384093,,True,2825,bird_eye,dry_run,none,False,False,0.0,0.0,0,inactive:clear,False,1791359515359126438,24.927126438,True
1791359515431549427,,True,2826,bird_eye,dry_run,none,False,False,0.0,0.0,0,inactive:clear,False,1791359515391895492,24.959895492,True
1791359515466212561,,True,2827,bird_eye,dry_run,none,False,False,0.0,0.0,0,inactive:clear,False,1791359515434598509,25.002598509,True
1791359515501071491,,True,2828,bird_eye,dry_run,apply,True,True,0.15000000596046448,0.05000000074505806,3,invalid_or_unknown_perception:cadence_single,False,1791359515462379525,25.030379525,True
1791359515530953559,,True,2829,bird_eye,dry_run,apply,True,True,0.15000000596046448,0.05000000074505806,3,invalid_or_unknown_perception:cadence_single,False,1791359515492450180,25.06045018,True
1791359515566725167,,True,2830,bird_eye,dry_run,apply,True,True,0.15000000596046448,0.05000000074505806,3,invalid_or_unknown_perception:cadence_single,False,1791359515527365732,25.095365732,True
1791359515603635946,,True,2831,bird_eye,dry_run,stop,False,False,0.0,0.0,0,inactive:clear,False,1791359515564203818,25.132203818,True
1791359515632125926,,True,2832,bird_eye,dry_run,none,False,False,0.0,0.0,0,inactive:clear,False,1791359515592455444,25.160455444,True
1791359515664035652,,True,2833,bird_eye,dry_run,none,False,False,0.0,0.0,0,inactive:clear,False,1791359515624566132,25.192566132,True
1791359515702866727,,True,2834,bird_eye,dry_run,none,False,False,0.0,0.0,0,inactive:clear,False,1791359515663482326,25.231482326,True
1791359515732960952,,True,2835,bird_eye,dry_run,none,False,False,0.0,0.0,0,inactive:clear,False,1791359515699245960,25.26724596,True
1791359515764982612,,True,2836,bird_eye,dry_run,none,False,False,0.0,0.0,0,inactive:clear,False,1791359515726415929,25.294415929,True
1791359515803085289,,True,2837,bird_eye,dry_run,none,False,False,0.0,0.0,0,inactive:clear,False,1791359515770513576,25.338513576,True
1791359515830931151,,True,2838,bird_eye,dry_run,none,False,False,0.0,0.0,0,inactive:clear,False,1791359515791978689,25.359978689,True
1791359515866619397,,True,2839,bird_eye,dry_run,none,False,False,0.0,0.0,0,inactive:clear,False,1791359515828229468,25.396229468,True
1791359515898168524,,True,2840,bird_eye,dry_run,none,False,False,0.0,0.0,0,inactive:clear,False,1791359515864847112,25.432847112,True
1791359515929676317,,True,2841,bird_eye,dry_run,none,False,False,0.0,0.0,0,inactive:clear,False,1791359515890040551,25.458040551,True
1791359515963589848,,True,2842,bird_eye,dry_run,none,False,False,0.0,0.0,0,inactive:clear,False,1791359515924044234,25.492044234,True
1791359515996699615,,True,2843,bird_eye,dry_run,none,False,False,0.0,0.0,0,inactive:clear,False,1791359515958447989,25.526447989,True
1791359516031333953,,True,2844,bird_eye,dry_run,none,False,False,0.0,0.0,0,inactive:clear,False,1791359515991733279,25.559733279,True
1791359516068228263,,True,2845,bird_eye,dry_run,none,False,False,0.0,0.0,0,inactive:clear,False,1791359516028982024,25.596982024,True
1791359516097686467,,True,2846,bird_eye,dry_run,none,False,False,0.0,0.0,0,inactive:clear,False,1791359516058245064,25.626245064,True
1791359516129515926,,True,2847,bird_eye,dry_run,none,False,False,0.0,0.0,0,inactive:clear,False,1791359516090224827,25.658224827,True
1791359516166108454,,True,2848,bird_eye,dry_run,none,False,False,0.0,0.0,0,inactive:clear,False,1791359516126606013,25.694606013,True
1791359516198428909,,True,2849,bird_eye,dry_run,none,False,False,0.0,0.0,0,inactive:clear,False,1791359516159141561,25.727141561,True
1791359516229350472,,True,2850,bird_eye,dry_run,none,False,False,0.0,0.0,0,inactive:clear,False,1791359516190117818,25.758117818,True
1791359516263874830,,True,2851,bird_eye,dry_run,none,False,False,0.0,0.0,0,inactive:clear,False,1791359516224460882,25.792460882,True
1791359516297150936,,True,2852,bird_eye,dry_run,none,False,False,0.0,0.0,0,inactive:clear,False,1791359516257684913,25.825684913,True
1791359516330102916,,True,2853,bird_eye,dry_run,none,False,False,0.0,0.0,0,inactive:clear,False,1791359516292464089,25.860464089,True
1791359516366805235,,True,2854,bird_eye,dry_run,none,False,False,0.0,0.0,0,inactive:clear,False,1791359516327238648,25.895238648,True
1791359516396444466,,True,2855,bird_eye,dry_run,none,False,False,0.0,0.0,0,inactive:clear,False,1791359516357379069,25.925379069,True
1791359516431399352,,True,2856,bird_eye,dry_run,none,False,False,0.0,0.0,0,inactive:clear,False,1791359516391880791,25.959880791,True
1791359516468632841,,True,2857,bird_eye,dry_run,none,False,False,0.0,0.0,0,inactive:clear,False,1791359516429074911,25.997074911,True
1791359516513371134,,True,2858,bird_eye,dry_run,none,False,False,0.0,0.0,0,inactive:clear,False,1791359516478874388,26.046874388,True
1791359516540716867,,True,2859,bird_eye,dry_run,none,False,False,0.0,0.0,0,inactive:clear,False,1791359516501939104,26.069939104,True
1791359516567485520,,True,2860,bird_eye,dry_run,none,False,False,0.0,0.0,0,inactive:clear,False,1791359516527968221,26.095968221,True
1791359516595793698,,True,2861,bird_eye,dry_run,none,False,False,0.0,0.0,0,inactive:clear,False,1791359516557024966,26.125024966,True
1791359516630425968,,True,2862,bird_eye,dry_run,none,False,False,0.0,0.0,0,inactive:clear,False,1791359516591260064,26.159260064,True
1791359516661821285,,True,2863,bird_eye,dry_run,none,False,False,0.0,0.0,0,inactive:clear,False,1791359516625987934,26.193987934,True
1791359516698073124,,True,2864,bird_eye,dry_run,none,False,False,0.0,0.0,0,inactive:clear,False,1791359516661052522,26.229052522,True
1791359516729524484,,True,2865,bird_eye,dry_run,none,False,False,0.0,0.0,0,inactive:clear,False,1791359516690806346,26.258806346,True
1791359516762241990,,True,2866,bird_eye,dry_run,none,False,False,0.0,0.0,0,inactive:clear,False,1791359516722916938,26.290916938,True
1791359516802176693,,True,2867,bird_eye,dry_run,none,False,False,0.0,0.0,0,inactive:clear,False,1791359516762543603,26.330543603,True
1791359516838477081,,True,2868,bird_eye,dry_run,none,False,False,0.0,0.0,0,inactive:clear,False,1791359516798868354,26.366868354,True
1791359516875815224,,True,2869,bird_eye,dry_run,none,False,False,0.0,0.0,0,inactive:clear,False,1791359516838668721,26.406668721,True
1791359516896548207,,True,2870,bird_eye,dry_run,none,False,False,0.0,0.0,0,inactive:clear,False,1791359516858277833,26.426277833,True
1791359516933953985,,True,2871,bird_eye,dry_run,none,False,False,0.0,0.0,0,inactive:clear,False,1791359516896755378,26.464755378,True
1791359516963052464,,True,2872,bird_eye,dry_run,none,False,False,0.0,0.0,0,inactive:clear,False,1791359516923660826,26.491660826,True
1791359516998252576,,True,2873,bird_eye,dry_run,none,False,False,0.0,0.0,0,inactive:clear,False,1791359516958633491,26.526633491,True
1791359517035818024,,True,2874,bird_eye,dry_run,none,False,False,0.0,0.0,0,inactive:clear,False,1791359516996540344,26.564540344,True
1791359517062461426,,True,2875,bird_eye,dry_run,none,False,False,0.0,0.0,0,inactive:clear,False,1791359517023047318,26.591047318,True
1791359517103970639,,True,2876,bird_eye,dry_run,none,False,False,0.0,0.0,0,inactive:clear,False,1791359517064310659,26.632310659,True
1791359517135052836,,True,2877,bird_eye,dry_run,none,False,False,0.0,0.0,0,inactive:clear,False,1791359517095800041,26.663800041,True
1791359517162804964,,True,2878,bird_eye,dry_run,none,False,False,0.0,0.0,0,inactive:clear,False,1791359517123554068,26.691554068,True
1791359517195433212,,True,2879,bird_eye,dry_run,none,False,False,0.0,0.0,0,inactive:clear,False,1791359517157769536,26.725769536,True
1791359517229078520,,True,2880,bird_eye,dry_run,none,False,False,0.0,0.0,0,inactive:clear,False,1791359517189401114,26.757401114,True
1791359517264353787,,True,2881,bird_eye,dry_run,none,False,False,0.0,0.0,0,inactive:clear,False,1791359517224811151,26.792811151,True
1791359517297913378,,True,2882,bird_eye,dry_run,none,False,False,0.0,0.0,0,inactive:clear,False,1791359517258511809,26.826511809,True
1791359517333391245,,True,2883,bird_eye,dry_run,none,False,False,0.0,0.0,0,inactive:clear,False,1791359517298152766,26.866152766,True
1791359517362284176,,True,2884,bird_eye,dry_run,none,False,False,0.0,0.0,0,inactive:clear,False,1791359517324593721,26.892593721,True
1791359517400950697,,True,2885,bird_eye,dry_run,none,False,False,0.0,0.0,0,inactive:clear,False,1791359517361456592,26.929456592,True
1791359517429654525,,True,2886,bird_eye,dry_run,none,False,False,0.0,0.0,0,inactive:clear,False,1791359517391561548,26.959561548,True
1791359517463845608,,True,2887,bird_eye,dry_run,none,False,False,0.0,0.0,0,inactive:clear,False,1791359517424356323,26.992356323,True
1791359517496364219,,True,2888,bird_eye,dry_run,none,False,False,0.0,0.0,0,inactive:clear,False,1791359517459295590,27.02729559,True
1791359517528704453,,True,2889,bird_eye,dry_run,none,False,False,0.0,0.0,0,inactive:clear,False,1791359517489110144,27.057110144,True
1791359517564453485,,True,2890,bird_eye,dry_run,none,False,False,0.0,0.0,0,inactive:clear,False,1791359517525146553,27.093146553,True
1791359517597915154,,True,2891,bird_eye,dry_run,none,False,False,0.0,0.0,0,inactive:clear,False,1791359517558910440,27.12691044,True
1791359517639845377,,True,2892,bird_eye,dry_run,none,False,False,0.0,0.0,0,inactive:clear,False,1791359517607035970,27.17503597,True
1791359517665302325,,True,2893,bird_eye,dry_run,none,False,False,0.0,0.0,0,inactive:clear,False,1791359517626774023,27.194774023,True
1791359517699387202,,True,2894,bird_eye,dry_run,none,False,False,0.0,0.0,0,inactive:clear,False,1791359517659915636,27.227915636,True
1791359517732412426,,True,2895,bird_eye,dry_run,none,False,False,0.0,0.0,0,inactive:clear,False,1791359517692970562,27.260970562,True
1791359517770347776,,True,2896,bird_eye,dry_run,none,False,False,0.0,0.0,0,inactive:clear,False,1791359517731244355,27.299244355,True
1791359517796822045,,True,2897,bird_eye,dry_run,none,False,False,0.0,0.0,0,inactive:clear,False,1791359517757151644,27.325151644,True
1791359517829770616,,True,2898,bird_eye,dry_run,none,False,False,0.0,0.0,0,inactive:clear,False,1791359517790324677,27.358324677,True
1791359517866022028,,True,2899,bird_eye,dry_run,none,False,False,0.0,0.0,0,inactive:clear,False,1791359517826416327,27.394416327,True
1791359517894772088,,True,2900,bird_eye,dry_run,none,False,False,0.0,0.0,0,inactive:clear,False,1791359517855300383,27.423300383,True
1791359517934683323,,True,2901,bird_eye,dry_run,none,False,False,0.0,0.0,0,inactive:clear,False,1791359517895483001,27.463483001,True
1791359517962744009,,True,2902,bird_eye,dry_run,none,False,False,0.0,0.0,0,inactive:clear,False,1791359517923352372,27.491352372,True
1791359517997871527,,True,2903,bird_eye,dry_run,none,False,False,0.0,0.0,0,inactive:clear,False,1791359517960028987,27.528028987,True
1791359518034034439,,True,2904,bird_eye,dry_run,none,False,False,0.0,0.0,0,inactive:clear,False,1791359517995219664,27.563219664,True
1791359518065509852,,True,2905,bird_eye,dry_run,none,False,False,0.0,0.0,0,inactive:clear,False,1791359518026282691,27.594282691,True
1791359518099107662,,True,2906,bird_eye,dry_run,none,False,False,0.0,0.0,0,inactive:clear,False,1791359518059479636,27.627479636,True
1791359518128679635,,True,2907,bird_eye,dry_run,none,False,False,0.0,0.0,0,inactive:clear,False,1791359518089651199,27.657651199,True
1791359518162214313,,True,2908,bird_eye,dry_run,none,False,False,0.0,0.0,0,inactive:clear,False,1791359518122602840,27.69060284,True
1791359518199663713,,True,2909,bird_eye,dry_run,none,False,False,0.0,0.0,0,inactive:clear,False,1791359518161032936,27.729032936,True
1791359518230735664,,True,2910,bird_eye,dry_run,none,False,False,0.0,0.0,0,inactive:clear,False,1791359518191286636,27.759286636,True
1791359518264751156,,True,2911,bird_eye,dry_run,none,False,False,0.0,0.0,0,inactive:clear,False,1791359518225397923,27.793397923,True
1791359518300604341,,True,2912,bird_eye,dry_run,none,False,False,0.0,0.0,0,inactive:clear,False,1791359518261798773,27.829798773,True
1791359518333628837,,True,2913,bird_eye,dry_run,none,False,False,0.0,0.0,0,inactive:clear,False,1791359518294562429,27.862562429,True
1791359518373779300,,True,2914,bird_eye,dry_run,none,False,False,0.0,0.0,0,inactive:clear,False,1791359518334619888,27.902619888,True
1791359518401631414,,True,2915,bird_eye,dry_run,none,False,False,0.0,0.0,0,inactive:clear,False,1791359518363037665,27.931037665,True
1791359518430985412,,True,2916,bird_eye,dry_run,none,False,False,0.0,0.0,0,inactive:clear,False,1791359518391503540,27.95950354,True
1791359518465772925,,True,2917,bird_eye,dry_run,none,False,False,0.0,0.0,0,inactive:clear,False,1791359518426805532,27.994805532,True
1791359518498814350,,True,2918,bird_eye,dry_run,none,False,False,0.0,0.0,0,inactive:clear,False,1791359518459423445,28.027423445,True
1791359518531005818,,True,2919,bird_eye,dry_run,none,False,False,0.0,0.0,0,inactive:clear,False,1791359518493657115,28.061657115,True
1791359518568465745,,True,2920,bird_eye,dry_run,none,False,False,0.0,0.0,0,inactive:clear,False,1791359518529210928,28.097210928,True
1791359518599251493,,True,2921,bird_eye,dry_run,none,False,False,0.0,0.0,0,inactive:clear,False,1791359518560307452,28.128307452,True
1791359518629329924,,True,2922,bird_eye,dry_run,none,False,False,0.0,0.0,0,inactive:clear,False,1791359518589888279,28.157888279,True
1791359518664270064,,True,2923,bird_eye,dry_run,none,False,False,0.0,0.0,0,inactive:clear,False,1791359518629684436,28.197684436,True
1791359518702210637,,True,2924,bird_eye,dry_run,none,False,False,0.0,0.0,0,inactive:clear,False,1791359518663425854,28.231425854,True
1791359518735245704,,True,2925,bird_eye,dry_run,none,False,False,0.0,0.0,0,inactive:clear,False,1791359518696545756,28.264545756,True
1791359518766939078,,True,2926,bird_eye,dry_run,none,False,False,0.0,0.0,0,inactive:clear,False,1791359518732717926,28.300717926,True
1791359518800287081,,True,2927,bird_eye,dry_run,none,False,False,0.0,0.0,0,inactive:clear,False,1791359518761221029,28.329221029,True
1791359518831281127,,True,2928,bird_eye,dry_run,none,False,False,0.0,0.0,0,inactive:clear,False,1791359518792584971,28.360584971,True
1791359518863226585,,True,2929,bird_eye,dry_run,none,False,False,0.0,0.0,0,inactive:clear,False,1791359518824971034,28.392971034,True
1791359518900221458,,True,2930,bird_eye,dry_run,none,False,False,0.0,0.0,0,inactive:clear,False,1791359518861254022,28.429254022,True
1791359518929181686,,True,2931,bird_eye,dry_run,none,False,False,0.0,0.0,0,inactive:clear,False,1791359518889940581,28.457940581,True
1791359518963457680,,True,2932,bird_eye,dry_run,none,False,False,0.0,0.0,0,inactive:clear,False,1791359518924367230,28.49236723,True
1791359518999471355,,True,2933,bird_eye,dry_run,none,False,False,0.0,0.0,0,inactive:clear,False,1791359518962983638,28.530983638,True
1791359519032163757,,True,2934,bird_eye,dry_run,none,False,False,0.0,0.0,0,inactive:clear,False,1791359518992593872,28.560593872,True
1791359519065933640,,True,2935,bird_eye,dry_run,none,False,False,0.0,0.0,0,inactive:clear,False,1791359519027020095,28.595020095,True
1791359519102397562,,True,2936,bird_eye,dry_run,none,False,False,0.0,0.0,0,inactive:clear,False,1791359519063395765,28.631395765,True
1791359519174464825,,True,2937,bird_eye,dry_run,none,False,False,0.0,0.0,0,inactive:clear,False,1791359519134767417,28.702767417,True
1791359519240549881,,True,2938,bird_eye,dry_run,none,False,False,0.0,0.0,0,inactive:clear,False,1791359519201096475,28.769096475,True
1791359519276657430,,True,2939,bird_eye,dry_run,none,False,False,0.0,0.0,0,inactive:clear,False,1791359519237232447,28.805232447,True
1791359519307863706,,True,2940,bird_eye,dry_run,none,False,False,0.0,0.0,0,inactive:clear,False,1791359519268458019,28.836458019,True
1791359519338742894,,True,2941,bird_eye,dry_run,none,False,False,0.0,0.0,0,inactive:clear,False,1791359519299381083,28.867381083,True
1791359519370019195,,True,2942,bird_eye,dry_run,none,False,False,0.0,0.0,0,inactive:clear,False,1791359519330819221,28.898819221,True
1791359519408738636,,True,2943,bird_eye,dry_run,none,False,False,0.0,0.0,0,inactive:clear,False,1791359519369446404,28.937446404,True
1791359519432969428,,True,2944,bird_eye,dry_run,none,False,False,0.0,0.0,0,inactive:clear,False,1791359519393795055,28.961795055,True
1791359519469746317,,True,2945,bird_eye,dry_run,none,False,False,0.0,0.0,0,inactive:clear,False,1791359519430289345,28.998289345,True
1791359519498737649,,True,2946,bird_eye,dry_run,none,False,False,0.0,0.0,0,inactive:clear,False,1791359519459187084,29.027187084,True
1791359519529426238,,True,2947,bird_eye,dry_run,none,False,False,0.0,0.0,0,inactive:clear,False,1791359519490351212,29.058351212,True
1791359519566326139,,True,2948,bird_eye,dry_run,none,False,False,0.0,0.0,0,inactive:clear,False,1791359519526744195,29.094744195,True
1791359519597294579,,True,2949,bird_eye,dry_run,apply,True,True,0.25,0.05000000074505806,1,ttc_warning:cadence_triple,False,1791359519558151706,29.126151706,True
1791359519633630577,,True,2950,bird_eye,dry_run,apply,True,True,0.25,0.05000000074505806,1,ttc_warning:cadence_triple,False,1791359519594302374,29.162302374,True
1791359519663828868,,True,2951,bird_eye,dry_run,apply,True,True,0.25,0.05000000074505806,1,ttc_warning:cadence_triple,False,1791359519624383794,29.192383794,True
1791359519702558462,,True,2952,bird_eye,dry_run,stop,False,False,0.0,0.0,0,inactive:clear,False,1791359519663373116,29.231373116,True
1791359519738193687,,True,2953,bird_eye,dry_run,none,False,False,0.0,0.0,0,inactive:clear,False,1791359519700969488,29.268969488,True
1791359519775207963,,True,2954,bird_eye,dry_run,apply,True,True,0.25,0.05000000074505806,1,ttc_warning:cadence_triple,False,1791359519736599314,29.304599314,True
1791359519803174916,,True,2955,bird_eye,dry_run,apply,True,True,0.25,0.05000000074505806,1,ttc_warning:cadence_triple,False,1791359519764071922,29.332071922,True
1791359519840193946,,True,2956,bird_eye,dry_run,apply,True,True,0.25,0.05000000074505806,1,ttc_warning:cadence_triple,False,1791359519800654011,29.368654011,True
1791359519866187019,,True,2957,bird_eye,dry_run,stop,False,False,0.0,0.0,0,inactive:clear,False,1791359519827347153,29.395347153,True
1791359519909238320,,True,2958,bird_eye,dry_run,none,False,False,0.0,0.0,0,inactive:clear,False,1791359519872264716,29.440264716,True
1791359519943845972,,True,2959,bird_eye,dry_run,apply,True,True,0.25,0.05000000074505806,1,ttc_warning:cadence_triple,False,1791359519904650987,29.472650987,True
1791359519985322076,,True,2960,bird_eye,dry_run,apply,True,True,0.25,0.05000000074505806,1,ttc_warning:cadence_triple,False,1791359519946517171,29.514517171,True
1791359520020691222,,True,2961,bird_eye,dry_run,apply,True,True,0.25,0.05000000074505806,1,ttc_warning:cadence_triple,False,1791359519981412990,29.54941299,True
1791359520052598002,,True,2962,bird_eye,dry_run,stop,False,False,0.0,0.0,0,inactive:clear,False,1791359520013946586,29.581946586,True
1791359520082209056,,True,2963,bird_eye,dry_run,none,False,False,0.0,0.0,0,inactive:clear,False,1791359520042997856,29.610997856,True
1791359520112952014,,True,2964,bird_eye,dry_run,none,False,False,0.0,0.0,0,inactive:clear,False,1791359520073620159,29.641620159,True
1791359520140778563,,True,2965,bird_eye,dry_run,none,False,False,0.0,0.0,0,inactive:clear,False,1791359520101792638,29.669792638,True
1791359520175858799,,True,2966,bird_eye,dry_run,none,False,False,0.0,0.0,0,inactive:clear,False,1791359520138006733,29.706006733,True
1791359520206924711,,True,2967,bird_eye,dry_run,none,False,False,0.0,0.0,0,inactive:clear,False,1791359520169115997,29.737115997,True
1791359520238823674,,True,2968,bird_eye,dry_run,none,False,False,0.0,0.0,0,inactive:clear,False,1791359520200862454,29.768862454,True
1791359520271570528,,True,2969,bird_eye,dry_run,none,False,False,0.0,0.0,0,inactive:clear,False,1791359520232251339,29.800251339,True
1791359520301111833,,True,2970,bird_eye,dry_run,none,False,False,0.0,0.0,0,inactive:clear,False,1791359520261661035,29.829661035,True
1791359520334524689,,True,2971,bird_eye,dry_run,none,False,False,0.0,0.0,0,inactive:clear,False,1791359520295104157,29.863104157,True
1791359520370844172,,True,2972,bird_eye,dry_run,none,False,False,0.0,0.0,0,inactive:clear,False,1791359520331664494,29.899664494,True
1791359520404151978,,True,2973,bird_eye,dry_run,none,False,False,0.0,0.0,0,inactive:clear,False,1791359520370936001,29.938936001,True
1791359520431067741,,True,2974,bird_eye,dry_run,none,False,False,0.0,0.0,0,inactive:clear,False,1791359520391838252,29.959838252,True
1791359520468609135,,True,2975,bird_eye,dry_run,none,False,False,0.0,0.0,0,inactive:clear,False,1791359520429438258,29.997438258,True
1791359520497729517,,True,2976,bird_eye,dry_run,none,False,False,0.0,0.0,0,inactive:clear,False,1791359520458506024,30.026506024,True
1791359520531855935,,True,2977,bird_eye,dry_run,none,False,False,0.0,0.0,0,inactive:clear,False,1791359520492459028,30.060459028,True
1791359520565694843,,True,2978,bird_eye,dry_run,none,False,False,0.0,0.0,0,inactive:clear,False,1791359520528173388,30.096173388,True
1791359520598613677,,True,2979,bird_eye,dry_run,none,False,False,0.0,0.0,0,inactive:clear,False,1791359520559263466,30.127263466,True
1791359520633737980,,True,2980,bird_eye,dry_run,none,False,False,0.0,0.0,0,inactive:clear,False,1791359520594586004,30.162586004,True
1791359520673705122,,True,2981,bird_eye,dry_run,none,False,False,0.0,0.0,0,inactive:clear,False,1791359520635021856,30.203021856,True
1791359520704043577,,True,2982,bird_eye,dry_run,none,False,False,0.0,0.0,0,inactive:clear,False,1791359520665485061,30.233485061,True
1791359520737225749,,True,2983,bird_eye,dry_run,none,False,False,0.0,0.0,0,inactive:clear,False,1791359520697507677,30.265507677,True
1791359520766093908,,True,2984,bird_eye,dry_run,none,False,False,0.0,0.0,0,inactive:clear,False,1791359520728258949,30.296258949,True
1791359520797828791,,True,2985,bird_eye,dry_run,none,False,False,0.0,0.0,0,inactive:clear,False,1791359520758480097,30.326480097,True
1791359520833674296,,True,2986,bird_eye,dry_run,none,False,False,0.0,0.0,0,inactive:clear,False,1791359520794218308,30.362218308,True
1791359520864512086,,True,2987,bird_eye,dry_run,none,False,False,0.0,0.0,0,inactive:clear,False,1791359520825272243,30.393272243,True
1791359520902574346,,True,2988,bird_eye,dry_run,none,False,False,0.0,0.0,0,inactive:clear,False,1791359520863064587,30.431064587,True
1791359520930595653,,True,2989,bird_eye,dry_run,none,False,False,0.0,0.0,0,inactive:clear,False,1791359520891535068,30.459535068,True
1791359520964624593,,True,2990,bird_eye,dry_run,none,False,False,0.0,0.0,0,inactive:clear,False,1791359520925442761,30.493442761,True
1791359520998846586,,True,2991,bird_eye,dry_run,none,False,False,0.0,0.0,0,inactive:clear,False,1791359520959304674,30.527304674,True
1791359521032645804,,True,2992,bird_eye,dry_run,none,False,False,0.0,0.0,0,inactive:clear,False,1791359520993431159,30.561431159,True
1791359521066067400,,True,2993,bird_eye,dry_run,none,False,False,0.0,0.0,0,inactive:clear,False,1791359521027333166,30.595333166,True
1791359521097736941,,True,2994,bird_eye,dry_run,none,False,False,0.0,0.0,0,inactive:clear,False,1791359521058250960,30.62625096,True
1791359521132136421,,True,2995,bird_eye,dry_run,none,False,False,0.0,0.0,0,inactive:clear,False,1791359521092714826,30.660714826,True
1791359521165263268,,True,2996,bird_eye,dry_run,none,False,False,0.0,0.0,0,inactive:clear,False,1791359521128427242,30.696427242,True
1791359521197814493,,True,2997,bird_eye,dry_run,none,False,False,0.0,0.0,0,inactive:clear,False,1791359521158874004,30.726874004,True
1791359521231105748,,True,2998,bird_eye,dry_run,none,False,False,0.0,0.0,0,inactive:clear,False,1791359521191658943,30.759658943,True
1791359521265695150,,True,2999,bird_eye,dry_run,none,False,False,0.0,0.0,0,inactive:clear,False,1791359521228742403,30.796742403,True
1791359521297858440,,True,3000,bird_eye,dry_run,none,False,False,0.0,0.0,0,inactive:clear,False,1791359521258481324,30.826481324,True
1791359521334009400,,True,3001,bird_eye,dry_run,none,False,False,0.0,0.0,0,inactive:clear,False,1791359521294584238,30.862584238,True
1791359521363553746,,True,3002,bird_eye,dry_run,none,False,False,0.0,0.0,0,inactive:clear,False,1791359521324488666,30.892488666,True
1791359521398120642,,True,3003,bird_eye,dry_run,none,False,False,0.0,0.0,0,inactive:clear,False,1791359521359529776,30.927529776,True
1791359521436456536,,True,3004,bird_eye,dry_run,none,False,False,0.0,0.0,0,inactive:clear,False,1791359521397187940,30.96518794,True
1791359521464630650,,True,3005,bird_eye,dry_run,none,False,False,0.0,0.0,0,inactive:clear,False,1791359521425348352,30.993348352,True
1791359521497238819,,True,3006,bird_eye,dry_run,none,False,False,0.0,0.0,0,inactive:clear,False,1791359521458155609,31.026155609,True
1791359521530743766,,True,3007,bird_eye,dry_run,none,False,False,0.0,0.0,0,inactive:clear,False,1791359521495997338,31.063997338,True
1791359521565386192,,True,3008,bird_eye,dry_run,none,False,False,0.0,0.0,0,inactive:clear,False,1791359521526817661,31.094817661,True
1791359521597552353,,True,3009,bird_eye,dry_run,none,False,False,0.0,0.0,0,inactive:clear,False,1791359521559340722,31.127340722,True
1791359521632120194,,True,3010,bird_eye,dry_run,none,False,False,0.0,0.0,0,inactive:clear,False,1791359521592847088,31.160847088,True
1791359521664849003,,True,3011,bird_eye,dry_run,none,False,False,0.0,0.0,0,inactive:clear,False,1791359521625318747,31.193318747,True
1791359521697528341,,True,3012,bird_eye,dry_run,none,False,False,0.0,0.0,0,inactive:clear,False,1791359521658879965,31.226879965,True
1791359521730998181,,True,3013,bird_eye,dry_run,none,False,False,0.0,0.0,0,inactive:clear,False,1791359521694581597,31.262581597,True
1791359521764245469,,True,3014,bird_eye,dry_run,none,False,False,0.0,0.0,0,inactive:clear,False,1791359521725223933,31.293223933,True
1791359521797517481,,True,3015,bird_eye,dry_run,none,False,False,0.0,0.0,0,inactive:clear,False,1791359521758282913,31.326282913,True
1791359521830169677,,True,3016,bird_eye,dry_run,none,False,False,0.0,0.0,0,inactive:clear,False,1791359521791320620,31.35932062,True
1791359521865857184,,True,3017,bird_eye,dry_run,none,False,False,0.0,0.0,0,inactive:clear,False,1791359521826634764,31.394634764,True
1791359521898153713,,True,3018,bird_eye,dry_run,none,False,False,0.0,0.0,0,inactive:clear,False,1791359521858960870,31.42696087,True
1791359521931524872,,True,3019,bird_eye,dry_run,none,False,False,0.0,0.0,0,inactive:clear,False,1791359521892038170,31.46003817,True
1791359521966259778,,True,3020,bird_eye,dry_run,none,False,False,0.0,0.0,0,inactive:clear,False,1791359521926859817,31.494859817,True
1791359521999385677,,True,3021,bird_eye,dry_run,none,False,False,0.0,0.0,0,inactive:clear,False,1791359521959866265,31.527866265,True
1791359522031784173,,True,3022,bird_eye,dry_run,none,False,False,0.0,0.0,0,inactive:clear,False,1791359521992398800,31.5603988,True
1791359522064795039,,True,3023,bird_eye,dry_run,none,False,False,0.0,0.0,0,inactive:clear,False,1791359522025371872,31.593371872,True
1791359522097987459,,True,3024,bird_eye,dry_run,none,False,False,0.0,0.0,0,inactive:clear,False,1791359522058987552,31.626987552,True
1791359522131227696,,True,3025,bird_eye,dry_run,none,False,False,0.0,0.0,0,inactive:clear,False,1791359522091965611,31.659965611,True
1791359522166406062,,True,3026,bird_eye,dry_run,none,False,False,0.0,0.0,0,inactive:clear,False,1791359522128139220,31.69613922,True
1791359522200173582,,True,3027,bird_eye,dry_run,none,False,False,0.0,0.0,0,inactive:clear,False,1791359522161573524,31.729573524,True
1791359522242036028,,True,3028,bird_eye,dry_run,none,False,False,0.0,0.0,0,inactive:clear,False,1791359522204865794,31.772865794,True
1791359522266211490,,True,3029,bird_eye,dry_run,none,False,False,0.0,0.0,0,inactive:clear,False,1791359522226761596,31.794761596,True
1791359522298520949,,True,3030,bird_eye,dry_run,none,False,False,0.0,0.0,0,inactive:clear,False,1791359522260009044,31.828009044,True
1791359522331861708,,True,3031,bird_eye,dry_run,none,False,False,0.0,0.0,0,inactive:clear,False,1791359522292975459,31.860975459,True
1791359522364856273,,True,3032,bird_eye,dry_run,none,False,False,0.0,0.0,0,inactive:clear,False,1791359522325301934,31.893301934,True
1791359522399939569,,True,3033,bird_eye,dry_run,none,False,False,0.0,0.0,0,inactive:clear,False,1791359522360312367,31.928312367,True
1791359522434412028,,True,3034,bird_eye,dry_run,none,False,False,0.0,0.0,0,inactive:clear,False,1791359522394861446,31.962861446,True
1791359522465937736,,True,3035,bird_eye,dry_run,none,False,False,0.0,0.0,0,inactive:clear,False,1791359522426817519,31.994817519,True
1791359522499865568,,True,3036,bird_eye,dry_run,none,False,False,0.0,0.0,0,inactive:clear,False,1791359522461169037,32.029169037,True
1791359522530877135,,True,3037,bird_eye,dry_run,none,False,False,0.0,0.0,0,inactive:clear,False,1791359522491288427,32.059288427,True
1791359522565050175,,True,3038,bird_eye,dry_run,none,False,False,0.0,0.0,0,inactive:clear,False,1791359522525846333,32.093846333,True
1791359522599567945,,True,3039,bird_eye,dry_run,none,False,False,0.0,0.0,0,inactive:clear,False,1791359522561405832,32.129405832,True
1791359522630965858,,True,3040,bird_eye,dry_run,none,False,False,0.0,0.0,0,inactive:clear,False,1791359522591996185,32.159996185,True
1791359522664733624,,True,3041,bird_eye,dry_run,none,False,False,0.0,0.0,0,inactive:clear,False,1791359522630172913,32.198172913,True
1791359522698907189,,True,3042,bird_eye,dry_run,none,False,False,0.0,0.0,0,inactive:clear,False,1791359522660273473,32.228273473,True
1791359522731816007,,True,3043,bird_eye,dry_run,none,False,False,0.0,0.0,0,inactive:clear,False,1791359522697301407,32.265301407,True
1791359522767511071,,True,3044,bird_eye,dry_run,none,False,False,0.0,0.0,0,inactive:clear,False,1791359522728741545,32.296741545,True
1791359522798480700,,True,3045,bird_eye,dry_run,none,False,False,0.0,0.0,0,inactive:clear,False,1791359522758959961,32.326959961,True
1791359522830448470,,True,3046,bird_eye,dry_run,none,False,False,0.0,0.0,0,inactive:clear,False,1791359522794269809,32.362269809,True
1791359522868085518,,True,3047,bird_eye,dry_run,none,False,False,0.0,0.0,0,inactive:clear,False,1791359522828857776,32.396857776,True
1791359522902248905,,True,3048,bird_eye,dry_run,none,False,False,0.0,0.0,0,inactive:clear,False,1791359522863113727,32.431113727,True
1791359522932645208,,True,3049,bird_eye,dry_run,none,False,False,0.0,0.0,0,inactive:clear,False,1791359522893351246,32.461351246,True
1791359522964742361,,True,3050,bird_eye,dry_run,none,False,False,0.0,0.0,0,inactive:clear,False,1791359522930223635,32.498223635,True
1791359522999205171,,True,3051,bird_eye,dry_run,none,False,False,0.0,0.0,0,inactive:clear,False,1791359522959733885,32.527733885,True
1791359523030665297,,True,3052,bird_eye,dry_run,none,False,False,0.0,0.0,0,inactive:clear,False,1791359522991291227,32.559291227,True
1791359523067677791,,True,3053,bird_eye,dry_run,none,False,False,0.0,0.0,0,inactive:clear,False,1791359523028768599,32.596768599,True
1791359523098349286,,True,3054,bird_eye,dry_run,none,False,False,0.0,0.0,0,inactive:clear,False,1791359523059886084,32.627886084,True
1791359523132140432,,True,3055,bird_eye,dry_run,none,False,False,0.0,0.0,0,inactive:clear,False,1791359523092857753,32.660857753,True
1791359523167427680,,True,3056,bird_eye,dry_run,none,False,False,0.0,0.0,0,inactive:clear,False,1791359523127910037,32.695910037,True
1791359523198830078,,True,3057,bird_eye,dry_run,none,False,False,0.0,0.0,0,inactive:clear,False,1791359523159846805,32.727846805,True
1791359523237605513,,True,3058,bird_eye,dry_run,none,False,False,0.0,0.0,0,inactive:clear,False,1791359523198478394,32.766478394,True
1791359523267645411,,True,3059,bird_eye,dry_run,none,False,False,0.0,0.0,0,inactive:clear,False,1791359523228967145,32.796967145,True
1791359523301578737,,True,3060,bird_eye,dry_run,none,False,False,0.0,0.0,0,inactive:clear,False,1791359523262230828,32.830230828,True
1791359523333450700,,True,3061,bird_eye,dry_run,none,False,False,0.0,0.0,0,inactive:clear,False,1791359523293988987,32.861988987,True
1791359523365900804,,True,3062,bird_eye,dry_run,none,False,False,0.0,0.0,0,inactive:clear,False,1791359523326666960,32.89466696,True
1791359523402834024,,True,3063,bird_eye,dry_run,none,False,False,0.0,0.0,0,inactive:clear,False,1791359523363729700,32.9317297,True
1791359523433601057,,True,3064,bird_eye,dry_run,none,False,False,0.0,0.0,0,inactive:clear,False,1791359523394058506,32.962058506,True
1791359523468480007,,True,3065,bird_eye,dry_run,none,False,False,0.0,0.0,0,inactive:clear,False,1791359523429031940,32.99703194,True
1791359523498735032,,True,3066,bird_eye,dry_run,none,False,False,0.0,0.0,0,inactive:clear,False,1791359523459283463,33.027283463,True
1791359523532340719,,True,3067,bird_eye,dry_run,none,False,False,0.0,0.0,0,inactive:clear,False,1791359523493575875,33.061575875,True
1791359523567406591,,True,3068,bird_eye,dry_run,none,False,False,0.0,0.0,0,inactive:clear,False,1791359523528066564,33.096066564,True
1791359523598557690,,True,3069,bird_eye,dry_run,none,False,False,0.0,0.0,0,inactive:clear,False,1791359523559259643,33.127259643,True
1791359523633785867,,True,3070,bird_eye,dry_run,none,False,False,0.0,0.0,0,inactive:clear,False,1791359523595391728,33.163391728,True
1791359523666274464,,True,3071,bird_eye,dry_run,none,False,False,0.0,0.0,0,inactive:clear,False,1791359523627038149,33.195038149,True
1791359523699187925,,True,3072,bird_eye,dry_run,none,False,False,0.0,0.0,0,inactive:clear,False,1791359523659605472,33.227605472,True
1791359523737292090,,True,3073,bird_eye,dry_run,none,False,False,0.0,0.0,0,inactive:clear,False,1791359523697769240,33.26576924,True
1791359523764836757,,True,3074,bird_eye,dry_run,none,False,False,0.0,0.0,0,inactive:clear,False,1791359523725302706,33.293302706,True
1791359523798190726,,True,3075,bird_eye,dry_run,none,False,False,0.0,0.0,0,inactive:clear,False,1791359523759969207,33.327969207,True
1791359523831666978,,True,3076,bird_eye,dry_run,none,False,False,0.0,0.0,0,inactive:clear,False,1791359523792995134,33.360995134,True
1791359523865143244,,True,3077,bird_eye,dry_run,none,False,False,0.0,0.0,0,inactive:clear,False,1791359523826877797,33.394877797,True
1791359523898398785,,True,3078,bird_eye,dry_run,none,False,False,0.0,0.0,0,inactive:clear,False,1791359523859189772,33.427189772,True
1791359523932079093,,True,3079,bird_eye,dry_run,none,False,False,0.0,0.0,0,inactive:clear,False,1791359523896196490,33.46419649,True
1791359523965293355,,True,3080,bird_eye,dry_run,none,False,False,0.0,0.0,0,inactive:clear,False,1791359523927247792,33.495247792,True
1791359523998926723,,True,3081,bird_eye,dry_run,none,False,False,0.0,0.0,0,inactive:clear,False,1791359523960992569,33.528992569,True
1791359524032874805,,True,3082,bird_eye,dry_run,none,False,False,0.0,0.0,0,inactive:clear,False,1791359523993456342,33.561456342,True
1791359524069267590,,True,3083,bird_eye,dry_run,none,False,False,0.0,0.0,0,inactive:clear,False,1791359524030398204,33.598398204,True
1791359524098529179,,True,3084,bird_eye,dry_run,none,False,False,0.0,0.0,0,inactive:clear,False,1791359524059988955,33.627988955,True
1791359524131831350,,True,3085,bird_eye,dry_run,none,False,False,0.0,0.0,0,inactive:clear,False,1791359524093969371,33.661969371,True
1791359524165511765,,True,3086,bird_eye,dry_run,none,False,False,0.0,0.0,0,inactive:clear,False,1791359524126863795,33.694863795,True
1791359524206513757,,True,3087,bird_eye,dry_run,none,False,False,0.0,0.0,0,inactive:clear,False,1791359524167101107,33.735101107,True
1791359524238786396,,True,3088,bird_eye,dry_run,none,False,False,0.0,0.0,0,inactive:clear,False,1791359524199578206,33.767578206,True
1791359524269821499,,True,3089,bird_eye,dry_run,none,False,False,0.0,0.0,0,inactive:clear,False,1791359524232365010,33.80036501,True
1791359524305178623,,True,3090,bird_eye,dry_run,none,False,False,0.0,0.0,0,inactive:clear,False,1791359524265906267,33.833906267,True
1791359524334106958,,True,3091,bird_eye,dry_run,none,False,False,0.0,0.0,0,inactive:clear,False,1791359524294948767,33.862948767,True
1791359524369952160,,True,3092,bird_eye,dry_run,none,False,False,0.0,0.0,0,inactive:clear,False,1791359524331469706,33.899469706,True
1791359524407542039,,True,3093,bird_eye,dry_run,none,False,False,0.0,0.0,0,inactive:clear,False,1791359524368325974,33.936325974,True
1791359524434645758,,True,3094,bird_eye,dry_run,none,False,False,0.0,0.0,0,inactive:clear,False,1791359524395366099,33.963366099,True
1791359524466242618,,True,3095,bird_eye,dry_run,none,False,False,0.0,0.0,0,inactive:clear,False,1791359524426977783,33.994977783,True
1791359524498490459,,True,3096,bird_eye,dry_run,none,False,False,0.0,0.0,0,inactive:clear,False,1791359524459335598,34.027335598,True
1791359524532069437,,True,3097,bird_eye,dry_run,none,False,False,0.0,0.0,0,inactive:clear,False,1791359524493155485,34.061155485,True
1791359524564988297,,True,3098,bird_eye,dry_run,none,False,False,0.0,0.0,0,inactive:clear,False,1791359524525811518,34.093811518,True
1791359524597879853,,True,3099,bird_eye,dry_run,none,False,False,0.0,0.0,0,inactive:clear,False,1791359524560429302,34.128429302,True
1791359524634912988,,True,3100,bird_eye,dry_run,none,False,False,0.0,0.0,0,inactive:clear,False,1791359524596015973,34.164015973,True
1791359524665334731,,True,3101,bird_eye,dry_run,none,False,False,0.0,0.0,0,inactive:clear,False,1791359524627110568,34.195110568,True
1791359524698474522,,True,3102,bird_eye,dry_run,none,False,False,0.0,0.0,0,inactive:clear,False,1791359524660527029,34.228527029,True
1791359524739582132,,True,3103,bird_eye,dry_run,none,False,False,0.0,0.0,0,inactive:clear,False,1791359524700360130,34.26836013,True
1791359524774640616,,True,3104,bird_eye,dry_run,none,False,False,0.0,0.0,0,inactive:clear,False,1791359524738438660,34.30643866,True
1791359524806281250,,True,3105,bird_eye,dry_run,none,False,False,0.0,0.0,0,inactive:clear,False,1791359524767335952,34.335335952,True
1791359524837967187,,True,3106,bird_eye,dry_run,none,False,False,0.0,0.0,0,inactive:clear,False,1791359524799029815,34.367029815,True
1791359524866398803,,True,3107,bird_eye,dry_run,none,False,False,0.0,0.0,0,inactive:clear,False,1791359524827562701,34.395562701,True
1791359524898858666,,True,3108,bird_eye,dry_run,none,False,False,0.0,0.0,0,inactive:clear,False,1791359524866856134,34.434856134,True
1791359524931164123,,True,3109,bird_eye,dry_run,none,False,False,0.0,0.0,0,inactive:clear,False,1791359524891954186,34.459954186,True
1791359524964851774,,True,3110,bird_eye,dry_run,none,False,False,0.0,0.0,0,inactive:clear,False,1791359524925564626,34.493564626,True
1791359524997869984,,True,3111,bird_eye,dry_run,none,False,False,0.0,0.0,0,inactive:clear,False,1791359524958542220,34.52654222,True
1791359525034676787,,True,3112,bird_eye,dry_run,none,False,False,0.0,0.0,0,inactive:clear,False,1791359524996372268,34.564372268,True
1791359525066289517,,True,3113,bird_eye,dry_run,none,False,False,0.0,0.0,0,inactive:clear,False,1791359525027920804,34.595920804,True
1791359525099316714,,True,3114,bird_eye,dry_run,none,False,False,0.0,0.0,0,inactive:clear,False,1791359525059886784,34.627886784,True
1791359525131060780,,True,3115,bird_eye,dry_run,none,False,False,0.0,0.0,0,inactive:clear,False,1791359525091649145,34.659649145,True
1791359525166411892,,True,3116,bird_eye,dry_run,none,False,False,0.0,0.0,0,inactive:clear,False,1791359525128877186,34.696877186,True
1791359525201213170,,True,3117,bird_eye,dry_run,none,False,False,0.0,0.0,0,inactive:clear,False,1791359525162597570,34.73059757,True
1791359525239124756,,True,3118,bird_eye,dry_run,none,False,False,0.0,0.0,0,inactive:clear,False,1791359525199832644,34.767832644,True
1791359525270791767,,True,3119,bird_eye,dry_run,none,False,False,0.0,0.0,0,inactive:clear,False,1791359525232744238,34.800744238,True
1791359525301133942,,True,3120,bird_eye,dry_run,none,False,False,0.0,0.0,0,inactive:clear,False,1791359525261877718,34.829877718,True
1791359525337446292,,True,3121,bird_eye,dry_run,none,False,False,0.0,0.0,0,inactive:clear,False,1791359525299296083,34.867296083,True
1791359525367046793,,True,3122,bird_eye,dry_run,none,False,False,0.0,0.0,0,inactive:clear,False,1791359525329484651,34.897484651,True
1791359525402781032,,True,3123,bird_eye,dry_run,none,False,False,0.0,0.0,0,inactive:clear,False,1791359525363853381,34.931853381,True
1791359525433888928,,True,3124,bird_eye,dry_run,none,False,False,0.0,0.0,0,inactive:clear,False,1791359525395322378,34.963322378,True
1791359525466113285,,True,3125,bird_eye,dry_run,none,False,False,0.0,0.0,0,inactive:clear,False,1791359525427255419,34.995255419,True
1791359525500573434,,True,3126,bird_eye,dry_run,none,False,False,0.0,0.0,0,inactive:clear,False,1791359525461611148,35.029611148,True
1791359525537041107,,True,3127,bird_eye,dry_run,none,False,False,0.0,0.0,0,inactive:clear,False,1791359525497806169,35.065806169,True
1791359525564356025,,True,3128,bird_eye,dry_run,none,False,False,0.0,0.0,0,inactive:clear,False,1791359525525016104,35.093016104,True
1791359525603712853,,True,3129,bird_eye,dry_run,none,False,False,0.0,0.0,0,inactive:clear,False,1791359525564909541,35.132909541,True
1791359525633710436,,True,3130,bird_eye,dry_run,none,False,False,0.0,0.0,0,inactive:clear,False,1791359525594454027,35.162454027,True
1791359525670753760,,True,3131,bird_eye,dry_run,none,False,False,0.0,0.0,0,inactive:clear,False,1791359525631792931,35.199792931,True
1791359525701232164,,True,3132,bird_eye,dry_run,none,False,False,0.0,0.0,0,inactive:clear,False,1791359525663081524,35.231081524,True
1791359525736291676,,True,3133,bird_eye,dry_run,none,False,False,0.0,0.0,0,inactive:clear,False,1791359525696863349,35.264863349,True
1791359525764662656,,True,3134,bird_eye,dry_run,none,False,False,0.0,0.0,0,inactive:clear,False,1791359525725519089,35.293519089,True
1791359525802747361,,True,3135,bird_eye,dry_run,none,False,False,0.0,0.0,0,inactive:clear,False,1791359525764947149,35.332947149,True
1791359525832136038,,True,3136,bird_eye,dry_run,none,False,False,0.0,0.0,0,inactive:clear,False,1791359525797712721,35.365712721,True
1791359525865792611,,True,3137,bird_eye,dry_run,none,False,False,0.0,0.0,0,inactive:clear,False,1791359525826581820,35.39458182,True
1791359525904514173,,True,3138,bird_eye,dry_run,none,False,False,0.0,0.0,0,inactive:clear,False,1791359525865485683,35.433485683,True
1791359525943955980,,True,3139,bird_eye,dry_run,none,False,False,0.0,0.0,0,inactive:clear,False,1791359525904591827,35.472591827,True
1791359525978617237,,True,3140,bird_eye,dry_run,none,False,False,0.0,0.0,0,inactive:clear,False,1791359525943077917,35.511077917,True
1791359526011013021,,True,3141,bird_eye,dry_run,none,False,False,0.0,0.0,0,inactive:clear,False,1791359525982184858,35.550184858,True
1791359526043823707,,True,3142,bird_eye,dry_run,none,False,False,0.0,0.0,0,inactive:clear,False,1791359526005188306,35.573188306,True
1791359526066968949,,True,3143,bird_eye,dry_run,none,False,False,0.0,0.0,0,inactive:clear,False,1791359526027780861,35.595780861,True
1791359526097535564,,True,3144,bird_eye,dry_run,none,False,False,0.0,0.0,0,inactive:clear,False,1791359526058355831,35.626355831,True
1791359526133811194,,True,3145,bird_eye,dry_run,none,False,False,0.0,0.0,0,inactive:clear,False,1791359526097106890,35.66510689,True
1791359526167361209,,True,3146,bird_eye,dry_run,none,False,False,0.0,0.0,0,inactive:clear,False,1791359526128251988,35.696251988,True
1791359526199656316,,True,3147,bird_eye,dry_run,none,False,False,0.0,0.0,0,inactive:clear,False,1791359526160516383,35.728516383,True
1791359526230880566,,True,3148,bird_eye,dry_run,none,False,False,0.0,0.0,0,inactive:clear,False,1791359526191550091,35.759550091,True
1791359526263680101,,True,3149,bird_eye,dry_run,none,False,False,0.0,0.0,0,inactive:clear,False,1791359526224313804,35.792313804,True
1791359526300249067,,True,3150,bird_eye,dry_run,none,False,False,0.0,0.0,0,inactive:clear,False,1791359526260986225,35.828986225,True
1791359526329822989,,True,3151,bird_eye,dry_run,none,False,False,0.0,0.0,0,inactive:clear,False,1791359526290989470,35.85898947,True
1791359526363426378,,True,3152,bird_eye,dry_run,none,False,False,0.0,0.0,0,inactive:clear,False,1791359526324177244,35.892177244,True
1791359526396126047,,True,3153,bird_eye,dry_run,none,False,False,0.0,0.0,0,inactive:clear,False,1791359526357150290,35.92515029,True
1791359526433138414,,True,3154,bird_eye,dry_run,none,False,False,0.0,0.0,0,inactive:clear,False,1791359526393865346,35.961865346,True
1791359526463437419,,True,3155,bird_eye,dry_run,none,False,False,0.0,0.0,0,inactive:clear,False,1791359526424249190,35.99224919,True
1791359526497335599,,True,3156,bird_eye,dry_run,none,False,False,0.0,0.0,0,inactive:clear,False,1791359526459145257,36.027145257,True
1791359526529922205,,True,3157,bird_eye,dry_run,none,False,False,0.0,0.0,0,inactive:clear,False,1791359526490747751,36.058747751,True
1791359526562981860,,True,3158,bird_eye,dry_run,none,False,False,0.0,0.0,0,inactive:clear,False,1791359526523696919,36.091696919,True
1791359526598422675,,True,3159,bird_eye,dry_run,none,False,False,0.0,0.0,0,inactive:clear,False,1791359526559207018,36.127207018,True
1791359526630696496,,True,3160,bird_eye,dry_run,none,False,False,0.0,0.0,0,inactive:clear,False,1791359526607445530,36.17544553,True
1791359526664007770,,True,3161,bird_eye,dry_run,none,False,False,0.0,0.0,0,inactive:clear,False,1791359526624947278,36.192947278,True
1791359526698381510,,True,3162,bird_eye,dry_run,none,False,False,0.0,0.0,0,inactive:clear,False,1791359526659789775,36.227789775,True
1791359526738829135,,True,3163,bird_eye,dry_run,none,False,False,0.0,0.0,0,inactive:clear,False,1791359526699541798,36.267541798,True
1791359526770625049,,True,3164,bird_eye,dry_run,none,False,False,0.0,0.0,0,inactive:clear,False,1791359526731838298,36.299838298,True
1791359526796280699,,True,3165,bird_eye,dry_run,none,False,False,0.0,0.0,0,inactive:clear,False,1791359526757914491,36.325914491,True
1791359526829170778,,True,3166,bird_eye,dry_run,none,False,False,0.0,0.0,0,inactive:clear,False,1791359526797305311,36.365305311,True
1791359526862059978,,True,3167,bird_eye,dry_run,none,False,False,0.0,0.0,0,inactive:clear,False,1791359526823655836,36.391655836,True
1791359526894376665,,True,3168,bird_eye,dry_run,none,False,False,0.0,0.0,0,inactive:clear,False,1791359526855307565,36.423307565,True
1791359526928925580,,True,3169,bird_eye,dry_run,none,False,False,0.0,0.0,0,inactive:clear,False,1791359526889810490,36.45781049,True
1791359526964300743,,True,3170,bird_eye,dry_run,none,False,False,0.0,0.0,0,inactive:clear,False,1791359526925267603,36.493267603,True
1791359526994373109,,True,3171,bird_eye,dry_run,none,False,False,0.0,0.0,0,inactive:clear,False,1791359526955300260,36.52330026,True
1791359527028178008,,True,3172,bird_eye,dry_run,none,False,False,0.0,0.0,0,inactive:clear,False,1791359527000661316,36.568661316,True
1791359527067921630,,True,3173,bird_eye,dry_run,none,False,False,0.0,0.0,0,inactive:clear,False,1791359527029048278,36.597048278,True
1791359527099208503,,True,3174,bird_eye,dry_run,none,False,False,0.0,0.0,0,inactive:clear,False,1791359527059869897,36.627869897,True
1791359527135379587,,True,3175,bird_eye,dry_run,none,False,False,0.0,0.0,0,inactive:clear,False,1791359527099662893,36.667662893,True
1791359527162502556,,True,3176,bird_eye,dry_run,none,False,False,0.0,0.0,0,inactive:clear,False,1791359527128444644,36.696444644,True
1791359527197550704,,True,3177,bird_eye,dry_run,none,False,False,0.0,0.0,0,inactive:clear,False,1791359527158156205,36.726156205,True
1791359527229984390,,True,3178,bird_eye,dry_run,none,False,False,0.0,0.0,0,inactive:clear,False,1791359527190841099,36.758841099,True
1791359527263069013,,True,3179,bird_eye,dry_run,none,False,False,0.0,0.0,0,inactive:clear,False,1791359527224276392,36.792276392,True
1791359527295415534,,True,3180,bird_eye,dry_run,none,False,False,0.0,0.0,0,inactive:clear,False,1791359527256041935,36.824041935,True
1791359527332351869,,True,3181,bird_eye,dry_run,none,False,False,0.0,0.0,0,inactive:clear,False,1791359527299427341,36.867427341,True
1791359527361277732,,True,3182,bird_eye,dry_run,none,False,False,0.0,0.0,0,inactive:clear,False,1791359527326286055,36.894286055,True
1791359527394567120,,True,3183,bird_eye,dry_run,none,False,False,0.0,0.0,0,inactive:clear,False,1791359527355055531,36.923055531,True
1791359527428108350,,True,3184,bird_eye,dry_run,none,False,False,0.0,0.0,0,inactive:clear,False,1791359527388746385,36.956746385,True
1791359527461554834,,True,3185,bird_eye,dry_run,none,False,False,0.0,0.0,0,inactive:clear,False,1791359527423521734,36.991521734,True
1791359527494574966,,True,3186,bird_eye,dry_run,none,False,False,0.0,0.0,0,inactive:clear,False,1791359527455143671,37.023143671,True
1791359527528887260,,True,3187,bird_eye,dry_run,none,False,False,0.0,0.0,0,inactive:clear,False,1791359527490003940,37.05800394,True
1791359527561849539,,True,3188,bird_eye,dry_run,none,False,False,0.0,0.0,0,inactive:clear,False,1791359527522467044,37.090467044,True
1791359527595878389,,True,3189,bird_eye,dry_run,none,False,False,0.0,0.0,0,inactive:clear,False,1791359527557033860,37.12503386,True
1791359527628660254,,True,3190,bird_eye,dry_run,none,False,False,0.0,0.0,0,inactive:clear,False,1791359527589209854,37.157209854,True
1791359527662087484,,True,3191,bird_eye,dry_run,none,False,False,0.0,0.0,0,inactive:clear,False,1791359527622753849,37.190753849,True
1791359527694613576,,True,3192,bird_eye,dry_run,none,False,False,0.0,0.0,0,inactive:clear,False,1791359527655177500,37.2231775,True
1791359527730242248,,True,3193,bird_eye,dry_run,none,False,False,0.0,0.0,0,inactive:clear,False,1791359527692652682,37.260652682,True
1791359527765281299,,True,3194,bird_eye,dry_run,none,False,False,0.0,0.0,0,inactive:clear,False,1791359527730115185,37.298115185,True
1791359527798813380,,True,3195,bird_eye,dry_run,none,False,False,0.0,0.0,0,inactive:clear,False,1791359527760188356,37.328188356,True
1791359527829180219,,True,3196,bird_eye,dry_run,none,False,False,0.0,0.0,0,inactive:clear,False,1791359527790282633,37.358282633,True
1791359527861523374,,True,3197,bird_eye,dry_run,none,False,False,0.0,0.0,0,inactive:clear,False,1791359527822258839,37.390258839,True
1791359527897733225,,True,3198,bird_eye,dry_run,none,False,False,0.0,0.0,0,inactive:clear,False,1791359527858400203,37.426400203,True
1791359527929222607,,True,3199,bird_eye,dry_run,none,False,False,0.0,0.0,0,inactive:clear,False,1791359527890014371,37.458014371,True
1791359527966583102,,True,3200,bird_eye,dry_run,none,False,False,0.0,0.0,0,inactive:clear,False,1791359527927458820,37.49545882,True
1791359527996812114,,True,3201,bird_eye,dry_run,none,False,False,0.0,0.0,0,inactive:clear,False,1791359527958224790,37.52622479,True
1791359528028012953,,True,3202,bird_eye,dry_run,none,False,False,0.0,0.0,0,inactive:clear,False,1791359527988803439,37.556803439,True
1791359528063035352,,True,3203,bird_eye,dry_run,none,False,False,0.0,0.0,0,inactive:clear,False,1791359528023689952,37.591689952,True
1791359528094408895,,True,3204,bird_eye,dry_run,none,False,False,0.0,0.0,0,inactive:clear,False,1791359528054979504,37.622979504,True
1791359528131477457,,True,3205,bird_eye,dry_run,none,False,False,0.0,0.0,0,inactive:clear,False,1791359528093016361,37.661016361,True
1791359528161476574,,True,3206,bird_eye,dry_run,none,False,False,0.0,0.0,0,inactive:clear,False,1791359528122093219,37.690093219,True
1791359528194935159,,True,3207,bird_eye,dry_run,none,False,False,0.0,0.0,0,inactive:clear,False,1791359528155560254,37.723560254,True
1791359528228854689,,True,3208,bird_eye,dry_run,none,False,False,0.0,0.0,0,inactive:clear,False,1791359528191382268,37.759382268,True
1791359528264502593,,True,3209,bird_eye,dry_run,none,False,False,0.0,0.0,0,inactive:clear,False,1791359528225283010,37.79328301,True
1791359528297607409,,True,3210,bird_eye,dry_run,none,False,False,0.0,0.0,0,inactive:clear,False,1791359528258285225,37.826285225,True
1791359528329298111,,True,3211,bird_eye,dry_run,none,False,False,0.0,0.0,0,inactive:clear,False,1791359528290192852,37.858192852,True
1791359528363505734,,True,3212,bird_eye,dry_run,none,False,False,0.0,0.0,0,inactive:clear,False,1791359528324124702,37.892124702,True
1791359528399467414,,True,3213,bird_eye,dry_run,none,False,False,0.0,0.0,0,inactive:clear,False,1791359528360010703,37.928010703,True
1791359528428935094,,True,3214,bird_eye,dry_run,none,False,False,0.0,0.0,0,inactive:clear,False,1791359528389603856,37.957603856,True
1791359528464694110,,True,3215,bird_eye,dry_run,none,False,False,0.0,0.0,0,inactive:clear,False,1791359528425366782,37.993366782,True
1791359528500482248,,True,3216,bird_eye,dry_run,none,False,False,0.0,0.0,0,inactive:clear,False,1791359528461551937,38.029551937,True
1791359528537466011,,True,3217,bird_eye,dry_run,none,False,False,0.0,0.0,0,inactive:clear,False,1791359528498554720,38.06655472,True
1791359528563346194,,True,3218,bird_eye,dry_run,none,False,False,0.0,0.0,0,inactive:clear,False,1791359528523924250,38.09192425,True
1791359528595996627,,True,3219,bird_eye,dry_run,none,False,False,0.0,0.0,0,inactive:clear,False,1791359528562449355,38.130449355,True
1791359528630986714,,True,3220,bird_eye,dry_run,none,False,False,0.0,0.0,0,inactive:clear,False,1791359528591612599,38.159612599,True
1791359528663041410,,True,3221,bird_eye,dry_run,none,False,False,0.0,0.0,0,inactive:clear,False,1791359528623896507,38.191896507,True
1791359528705686392,,True,3222,bird_eye,dry_run,none,False,False,0.0,0.0,0,inactive:clear,False,1791359528666920410,38.23492041,True
1791359528729962857,,True,3223,bird_eye,dry_run,none,False,False,0.0,0.0,0,inactive:clear,False,1791359528690597525,38.258597525,True
1791359528761836633,,True,3224,bird_eye,dry_run,none,False,False,0.0,0.0,0,inactive:clear,False,1791359528722417441,38.290417441,True
1791359528795396064,,True,3225,bird_eye,dry_run,none,False,False,0.0,0.0,0,inactive:clear,False,1791359528758257524,38.326257524,True
1791359528831450761,,True,3226,bird_eye,dry_run,none,False,False,0.0,0.0,0,inactive:clear,False,1791359528793940683,38.361940683,True
1791359528864173288,,True,3227,bird_eye,dry_run,none,False,False,0.0,0.0,0,inactive:clear,False,1791359528825196512,38.393196512,True
1791359528895717879,,True,3228,bird_eye,dry_run,none,False,False,0.0,0.0,0,inactive:clear,False,1791359528856624911,38.424624911,True
1791359528929173732,,True,3229,bird_eye,dry_run,none,False,False,0.0,0.0,0,inactive:clear,False,1791359528891062756,38.459062756,True
1791359528963331822,,True,3230,bird_eye,dry_run,none,False,False,0.0,0.0,0,inactive:clear,False,1791359528924713857,38.492713857,True
1791359529006831513,,True,3231,bird_eye,dry_run,none,False,False,0.0,0.0,0,inactive:clear,False,1791359528971840165,38.539840165,True
1791359529035783607,,True,3232,bird_eye,dry_run,none,False,False,0.0,0.0,0,inactive:clear,False,1791359528997124008,38.565124008,True
1791359529063563980,,True,3233,bird_eye,dry_run,none,False,False,0.0,0.0,0,inactive:clear,False,1791359529024272112,38.592272112,True
1791359529101372839,,True,3234,bird_eye,dry_run,none,False,False,0.0,0.0,0,inactive:clear,False,1791359529063457860,38.63145786,True
1791359529132882058,,True,3235,bird_eye,dry_run,none,False,False,0.0,0.0,0,inactive:clear,False,1791359529093697558,38.661697558,True
1791359529162277360,,True,3236,bird_eye,dry_run,none,False,False,0.0,0.0,0,inactive:clear,False,1791359529123131602,38.691131602,True
1791359529195954068,,True,3237,bird_eye,dry_run,none,False,False,0.0,0.0,0,inactive:clear,False,1791359529156529796,38.724529796,True
1791359529228974116,,True,3238,bird_eye,dry_run,none,False,False,0.0,0.0,0,inactive:clear,False,1791359529189953614,38.757953614,True
1791359529262707767,,True,3239,bird_eye,dry_run,none,False,False,0.0,0.0,0,inactive:clear,False,1791359529223609793,38.791609793,True
1791359529295534910,,True,3240,bird_eye,dry_run,none,False,False,0.0,0.0,0,inactive:clear,False,1791359529257033047,38.825033047,True
1791359529329156870,,True,3241,bird_eye,dry_run,none,False,False,0.0,0.0,0,inactive:clear,False,1791359529289795779,38.857795779,True
1791359529363127128,,True,3242,bird_eye,dry_run,none,False,False,0.0,0.0,0,inactive:clear,False,1791359529323890459,38.891890459,True
1791359529395570991,,True,3243,bird_eye,dry_run,none,False,False,0.0,0.0,0,inactive:clear,False,1791359529356883408,38.924883408,True
1791359529430697070,,True,3244,bird_eye,dry_run,none,False,False,0.0,0.0,0,inactive:clear,False,1791359529391549519,38.959549519,True
1791359529467068712,,True,3245,bird_eye,dry_run,none,False,False,0.0,0.0,0,inactive:clear,False,1791359529428473489,38.996473489,True
1791359529496015639,,True,3246,bird_eye,dry_run,none,False,False,0.0,0.0,0,inactive:clear,False,1791359529456800369,39.024800369,True
1791359529531288431,,True,3247,bird_eye,dry_run,none,False,False,0.0,0.0,0,inactive:clear,False,1791359529492133984,39.060133984,True
1791359529562547274,,True,3248,bird_eye,dry_run,none,False,False,0.0,0.0,0,inactive:clear,False,1791359529524113486,39.092113486,True
1791359529598878059,,True,3249,bird_eye,dry_run,none,False,False,0.0,0.0,0,inactive:clear,False,1791359529559509154,39.127509154,True
1791359529630372882,,True,3250,bird_eye,dry_run,none,False,False,0.0,0.0,0,inactive:clear,False,1791359529591485130,39.15948513,True
1791359529664402994,,True,3251,bird_eye,dry_run,none,False,False,0.0,0.0,0,inactive:clear,False,1791359529625152143,39.193152143,True
1791359529695587625,,True,3252,bird_eye,dry_run,none,False,False,0.0,0.0,0,inactive:clear,False,1791359529657398233,39.225398233,True
1791359529729807706,,True,3253,bird_eye,dry_run,none,False,False,0.0,0.0,0,inactive:clear,False,1791359529690949082,39.258949082,True
1791359529762132876,,True,3254,bird_eye,dry_run,none,False,False,0.0,0.0,0,inactive:clear,False,1791359529722820654,39.290820654,True
1791359529798512352,,True,3255,bird_eye,dry_run,none,False,False,0.0,0.0,0,inactive:clear,False,1791359529759732190,39.32773219,True
1791359529831430621,,True,3256,bird_eye,dry_run,none,False,False,0.0,0.0,0,inactive:clear,False,1791359529792244186,39.360244186,True
1791359529865258280,,True,3257,bird_eye,dry_run,none,False,False,0.0,0.0,0,inactive:clear,False,1791359529827839392,39.395839392,True
1791359529900825106,,True,3258,bird_eye,dry_run,none,False,False,0.0,0.0,0,inactive:clear,False,1791359529862148107,39.430148107,True
1791359529934366742,,True,3259,bird_eye,dry_run,none,False,False,0.0,0.0,0,inactive:clear,False,1791359529896663237,39.464663237,True
1791359529962218798,,True,3260,bird_eye,dry_run,none,False,False,0.0,0.0,0,inactive:clear,False,1791359529922988826,39.490988826,True
1791359530000031569,,True,3261,bird_eye,dry_run,none,False,False,0.0,0.0,0,inactive:clear,False,1791359529961665685,39.529665685,True
1791359530029373966,,True,3262,bird_eye,dry_run,none,False,False,0.0,0.0,0,inactive:clear,False,1791359529998810984,39.566810984,True
1791359530066302316,,True,3263,bird_eye,dry_run,none,False,False,0.0,0.0,0,inactive:clear,False,1791359530027087936,39.595087936,True
1791359530096695503,,True,3264,bird_eye,dry_run,none,False,False,0.0,0.0,0,inactive:clear,False,1791359530057669289,39.625669289,True
1791359530130524150,,True,3265,bird_eye,dry_run,none,False,False,0.0,0.0,0,inactive:clear,False,1791359530091253255,39.659253255,True
1791359530162248403,,True,3266,bird_eye,dry_run,none,False,False,0.0,0.0,0,inactive:clear,False,1791359530123584883,39.691584883,True
1791359530198005742,,True,3267,bird_eye,dry_run,none,False,False,0.0,0.0,0,inactive:clear,False,1791359530158681990,39.72668199,True
1791359530228712184,,True,3268,bird_eye,dry_run,none,False,False,0.0,0.0,0,inactive:clear,False,1791359530189785944,39.757785944,True
1791359530262288975,,True,3269,bird_eye,dry_run,none,False,False,0.0,0.0,0,inactive:clear,False,1791359530224450599,39.792450599,True
1791359530295939095,,True,3270,bird_eye,dry_run,none,False,False,0.0,0.0,0,inactive:clear,False,1791359530257447487,39.825447487,True
1791359530332817945,,True,3271,bird_eye,dry_run,none,False,False,0.0,0.0,0,inactive:clear,False,1791359530294173887,39.862173887,True
1791359530365374030,,True,3272,bird_eye,dry_run,none,False,False,0.0,0.0,0,inactive:clear,False,1791359530330110959,39.898110959,True
1791359530403839412,,True,3273,bird_eye,dry_run,none,False,False,0.0,0.0,0,inactive:clear,False,1791359530368499817,39.936499817,True
1791359530429328729,,True,3274,bird_eye,dry_run,none,False,False,0.0,0.0,0,inactive:clear,False,1791359530390805405,39.958805405,True
1791359530463048765,,True,3275,bird_eye,dry_run,none,False,False,0.0,0.0,0,inactive:clear,False,1791359530424487076,39.992487076,True
1791359530498626134,,True,3276,bird_eye,dry_run,none,False,False,0.0,0.0,0,inactive:clear,False,1791359530459973203,40.027973203,True
1791359530531400768,,True,3277,bird_eye,dry_run,none,False,False,0.0,0.0,0,inactive:clear,False,1791359530492153570,40.06015357,True
1791359530573443565,,True,3278,bird_eye,dry_run,none,False,False,0.0,0.0,0,inactive:clear,False,1791359530534849901,40.102849901,True
1791359530618694406,,True,3279,bird_eye,dry_run,none,False,False,0.0,0.0,0,inactive:clear,False,1791359530579962035,40.147962035,True
1791359530651333589,,True,3280,bird_eye,dry_run,none,False,False,0.0,0.0,0,inactive:clear,False,1791359530615462448,40.183462448,True
1791359530683675647,,True,3281,bird_eye,dry_run,none,False,False,0.0,0.0,0,inactive:clear,False,1791359530644409559,40.212409559,True
1791359530718304933,,True,3282,bird_eye,dry_run,none,False,False,0.0,0.0,0,inactive:clear,False,1791359530684288487,40.252288487,True
1791359530751076825,,True,3283,bird_eye,dry_run,none,False,False,0.0,0.0,0,inactive:clear,False,1791359530732141724,40.300141724,True
1791359530783694030,,True,3284,bird_eye,dry_run,none,False,False,0.0,0.0,0,inactive:clear,False,1791359530744936388,40.312936388,True
1791359530813349245,,True,3285,bird_eye,dry_run,none,False,False,0.0,0.0,0,inactive:clear,False,1791359530774186074,40.342186074,True
1791359530848739846,,True,3286,bird_eye,dry_run,none,False,False,0.0,0.0,0,inactive:clear,False,1791359530816431164,40.384431164,True
1791359530874794395,,True,3287,bird_eye,dry_run,none,False,False,0.0,0.0,0,inactive:clear,False,1791359530835493568,40.403493568,True
1791359530907479179,,True,3288,bird_eye,dry_run,none,False,False,0.0,0.0,0,inactive:clear,False,1791359530869061536,40.437061536,True
1791359530938716724,,True,3289,bird_eye,dry_run,none,False,False,0.0,0.0,0,inactive:clear,False,1791359530899518433,40.467518433,True
1791359530971661316,,True,3290,bird_eye,dry_run,none,False,False,0.0,0.0,0,inactive:clear,False,1791359530932489628,40.500489628,True
1791359531005189185,,True,3291,bird_eye,dry_run,none,False,False,0.0,0.0,0,inactive:clear,False,1791359530969451025,40.537451025,True
1791359531035565818,,True,3292,bird_eye,dry_run,none,False,False,0.0,0.0,0,inactive:clear,False,1791359530996394428,40.564394428,True
1791359531069966924,,True,3293,bird_eye,dry_run,none,False,False,0.0,0.0,0,inactive:clear,False,1791359531031242490,40.59924249,True
1791359531101805022,,True,3294,bird_eye,dry_run,none,False,False,0.0,0.0,0,inactive:clear,False,1791359531063208482,40.631208482,True
1791359531134545997,,True,3295,bird_eye,dry_run,none,False,False,0.0,0.0,0,inactive:clear,False,1791359531097121908,40.665121908,True
1791359531164537837,,True,3296,bird_eye,dry_run,none,False,False,0.0,0.0,0,inactive:clear,False,1791359531125607822,40.693607822,True
1791359531194932608,,True,3297,bird_eye,dry_run,none,False,False,0.0,0.0,0,inactive:clear,False,1791359531156046915,40.724046915,True
1791359531232845919,,True,3298,bird_eye,dry_run,none,False,False,0.0,0.0,0,inactive:clear,False,1791359531196724982,40.764724982,True
1791359531266209081,,True,3299,bird_eye,dry_run,none,False,False,0.0,0.0,0,inactive:clear,False,1791359531227019765,40.795019765,True
1791359531296773957,,True,3300,bird_eye,dry_run,none,False,False,0.0,0.0,0,inactive:clear,False,1791359531257526312,40.825526312,True
1791359531333148327,,True,3301,bird_eye,dry_run,none,False,False,0.0,0.0,0,inactive:clear,False,1791359531294092795,40.862092795,True
1791359531369484026,,True,3302,bird_eye,dry_run,none,False,False,0.0,0.0,0,inactive:clear,False,1791359531330412318,40.898412318,True
1791359531396525695,,True,3303,bird_eye,dry_run,none,False,False,0.0,0.0,0,inactive:clear,False,1791359531357632204,40.925632204,True
1791359531430005080,,True,3304,bird_eye,dry_run,none,False,False,0.0,0.0,0,inactive:clear,False,1791359531390959362,40.958959362,True
1791359531470703435,,True,3305,bird_eye,dry_run,none,False,False,0.0,0.0,0,inactive:clear,False,1791359531431544661,40.999544661,True
1791359531497906084,,True,3306,bird_eye,dry_run,none,False,False,0.0,0.0,0,inactive:clear,False,1791359531458821599,41.026821599,True
1791359531530996634,,True,3307,bird_eye,dry_run,none,False,False,0.0,0.0,0,inactive:clear,False,1791359531492316770,41.06031677,True
1791359531564420798,,True,3308,bird_eye,dry_run,none,False,False,0.0,0.0,0,inactive:clear,False,1791359531525379218,41.093379218,True
1791359531596941811,,True,3309,bird_eye,dry_run,none,False,False,0.0,0.0,0,inactive:clear,False,1791359531557833492,41.125833492,True
1791359531630746708,,True,3310,bird_eye,dry_run,none,False,False,0.0,0.0,0,inactive:clear,False,1791359531591778478,41.159778478,True
1791359531664282441,,True,3311,bird_eye,dry_run,none,False,False,0.0,0.0,0,inactive:clear,False,1791359531626024286,41.194024286,True
1791359531698030570,,True,3312,bird_eye,dry_run,none,False,False,0.0,0.0,0,inactive:clear,False,1791359531659063701,41.227063701,True
1791359531731330928,,True,3313,bird_eye,dry_run,none,False,False,0.0,0.0,0,inactive:clear,False,1791359531692357116,41.260357116,True
1791359531768710161,,True,3314,bird_eye,dry_run,none,False,False,0.0,0.0,0,inactive:clear,False,1791359531729648511,41.297648511,True
1791359531799594201,,True,3315,bird_eye,dry_run,none,False,False,0.0,0.0,0,inactive:clear,False,1791359531761670821,41.329670821,True
1791359531832982361,,True,3316,bird_eye,dry_run,none,False,False,0.0,0.0,0,inactive:clear,False,1791359531794014290,41.36201429,True
1791359531863185396,,True,3317,bird_eye,dry_run,none,False,False,0.0,0.0,0,inactive:clear,False,1791359531824269751,41.392269751,True
1791359531897027390,,True,3318,bird_eye,dry_run,none,False,False,0.0,0.0,0,inactive:clear,False,1791359531859102648,41.427102648,True
1791359531930481792,,True,3319,bird_eye,dry_run,none,False,False,0.0,0.0,0,inactive:clear,False,1791359531891890674,41.459890674,True
1791359531963646159,,True,3320,bird_eye,dry_run,none,False,False,0.0,0.0,0,inactive:clear,False,1791359531925019634,41.493019634,True
1791359531996413385,,True,3321,bird_eye,dry_run,none,False,False,0.0,0.0,0,inactive:clear,False,1791359531957384777,41.525384777,True
1791359532031602311,,True,3322,bird_eye,dry_run,none,False,False,0.0,0.0,0,inactive:clear,False,1791359531994129089,41.562129089,True
1791359532064370779,,True,3323,bird_eye,dry_run,none,False,False,0.0,0.0,0,inactive:clear,False,1791359532025378688,41.593378688,True
1791359532102511161,,True,3324,bird_eye,dry_run,none,False,False,0.0,0.0,0,inactive:clear,False,1791359532063669606,41.631669606,True
1791359532131251726,,True,3325,bird_eye,dry_run,none,False,False,0.0,0.0,0,inactive:clear,False,1791359532092516301,41.660516301,True
1791359532163568762,,True,3326,bird_eye,dry_run,none,False,False,0.0,0.0,0,inactive:clear,False,1791359532124525826,41.692525826,True
1791359532198981915,,True,3327,bird_eye,dry_run,none,False,False,0.0,0.0,0,inactive:clear,False,1791359532160542382,41.728542382,True
1791359532232474887,,True,3328,bird_eye,dry_run,none,False,False,0.0,0.0,0,inactive:clear,False,1791359532193449094,41.761449094,True
1791359532270203753,,True,3329,bird_eye,dry_run,none,False,False,0.0,0.0,0,inactive:clear,False,1791359532231176712,41.799176712,True
1791359532304551511,,True,3330,bird_eye,dry_run,none,False,False,0.0,0.0,0,inactive:clear,False,1791359532268048678,41.836048678,True
1791359532340373656,,True,3331,bird_eye,dry_run,none,False,False,0.0,0.0,0,inactive:clear,False,1791359532303889879,41.871889879,True
1791359532372182453,,True,3332,bird_eye,dry_run,none,False,False,0.0,0.0,0,inactive:clear,False,1791359532333193931,41.901193931,True
1791359532402420759,,True,3333,bird_eye,dry_run,none,False,False,0.0,0.0,0,inactive:clear,False,1791359532363383878,41.931383878,True
1791359532433697826,,True,3334,bird_eye,dry_run,none,False,False,0.0,0.0,0,inactive:clear,False,1791359532394584889,41.962584889,True
1791359532466467288,,True,3335,bird_eye,dry_run,none,False,False,0.0,0.0,0,inactive:clear,False,1791359532427434358,41.995434358,True
1791359532521928816,,True,3336,bird_eye,dry_run,none,False,False,0.0,0.0,0,inactive:clear,False,1791359532484030967,42.052030967,True
1791359532531476563,,True,3337,bird_eye,dry_run,none,False,False,0.0,0.0,0,inactive:clear,False,1791359532494016985,42.062016985,True
1791359532569914004,,True,3338,bird_eye,dry_run,none,False,False,0.0,0.0,0,inactive:clear,False,1791359532531179999,42.099179999,True
1791359532599560056,,True,3339,bird_eye,dry_run,none,False,False,0.0,0.0,0,inactive:clear,False,1791359532561109326,42.129109326,True
1791359532631884920,,True,3340,bird_eye,dry_run,none,False,False,0.0,0.0,0,inactive:clear,False,1791359532593255899,42.161255899,True
1791359532674002537,,True,3341,bird_eye,dry_run,none,False,False,0.0,0.0,0,inactive:clear,False,1791359532635560714,42.203560714,True
1791359532721523352,,True,3342,bird_eye,dry_run,none,False,False,0.0,0.0,0,inactive:clear,False,1791359532682694759,42.250694759,True
1791359532752933597,,True,3343,bird_eye,dry_run,none,False,False,0.0,0.0,0,inactive:clear,False,1791359532714986048,42.282986048,True
1791359532795216920,,True,3344,bird_eye,dry_run,none,False,False,0.0,0.0,0,inactive:clear,False,1791359532760281187,42.328281187,True
1791359532829839505,,True,3345,bird_eye,dry_run,none,False,False,0.0,0.0,0,inactive:clear,False,1791359532790912327,42.358912327,True
1791359532856165742,,True,3346,bird_eye,dry_run,none,False,False,0.0,0.0,0,inactive:clear,False,1791359532817091987,42.385091987,True
1791359532882819149,,True,3347,bird_eye,dry_run,none,False,False,0.0,0.0,0,inactive:clear,False,1791359532844022288,42.412022288,True
1791359532910141479,,True,3348,bird_eye,dry_run,none,False,False,0.0,0.0,0,inactive:clear,False,1791359532871352351,42.439352351,True
1791359532940049692,,True,3349,bird_eye,dry_run,none,False,False,0.0,0.0,0,inactive:clear,False,1791359532902382230,42.47038223,True
1791359532972425012,,True,3350,bird_eye,dry_run,none,False,False,0.0,0.0,0,inactive:clear,False,1791359532933400261,42.501400261,True
1791359533011987071,,True,3351,bird_eye,dry_run,none,False,False,0.0,0.0,0,inactive:clear,False,1791359532973964633,42.541964633,True
1791359533038860381,,True,3352,bird_eye,dry_run,none,False,False,0.0,0.0,0,inactive:clear,False,1791359533001088086,42.569088086,True
1791359533069469349,,True,3353,bird_eye,dry_run,none,False,False,0.0,0.0,0,inactive:clear,False,1791359533030392244,42.598392244,True
1791359533112945141,,True,3354,bird_eye,dry_run,none,False,False,0.0,0.0,0,inactive:clear,False,1791359533073884956,42.641884956,True
1791359533145375659,,True,3355,bird_eye,dry_run,none,False,False,0.0,0.0,0,inactive:clear,False,1791359533107367901,42.675367901,True
1791359533172417146,,True,3356,bird_eye,dry_run,none,False,False,0.0,0.0,0,inactive:clear,False,1791359533133717845,42.701717845,True
1791359533204114210,,True,3357,bird_eye,dry_run,none,False,False,0.0,0.0,0,inactive:clear,False,1791359533173703918,42.741703918,True
1791359533233310844,,True,3358,bird_eye,dry_run,none,False,False,0.0,0.0,0,inactive:clear,False,1791359533194816338,42.762816338,True
1791359533265275316,,True,3359,bird_eye,dry_run,none,False,False,0.0,0.0,0,inactive:clear,False,1791359533227111031,42.795111031,True
1791359533299820712,,True,3360,bird_eye,dry_run,none,False,False,0.0,0.0,0,inactive:clear,False,1791359533261304680,42.82930468,True
1791359533331157603,,True,3361,bird_eye,dry_run,none,False,False,0.0,0.0,0,inactive:clear,False,1791359533292213074,42.860213074,True
1791359533364645112,,True,3362,bird_eye,dry_run,none,False,False,0.0,0.0,0,inactive:clear,False,1791359533325682130,42.89368213,True
1791359533398568357,,True,3363,bird_eye,dry_run,none,False,False,0.0,0.0,0,inactive:clear,False,1791359533359401818,42.927401818,True
1791359533433019052,,True,3364,bird_eye,dry_run,none,False,False,0.0,0.0,0,inactive:clear,False,1791359533393966828,42.961966828,True
1791359533465373335,,True,3365,bird_eye,dry_run,none,False,False,0.0,0.0,0,inactive:clear,False,1791359533427068796,42.995068796,True
1791359533498927207,,True,3366,bird_eye,dry_run,none,False,False,0.0,0.0,0,inactive:clear,False,1791359533459922495,43.027922495,True
1791359533532138952,,True,3367,bird_eye,dry_run,none,False,False,0.0,0.0,0,inactive:clear,False,1791359533496497555,43.064497555,True
1791359533566363639,,True,3368,bird_eye,dry_run,none,False,False,0.0,0.0,0,inactive:clear,False,1791359533527975460,43.09597546,True
1791359533598841400,,True,3369,bird_eye,dry_run,none,False,False,0.0,0.0,0,inactive:clear,False,1791359533561566091,43.129566091,True
1791359533633510838,,True,3370,bird_eye,dry_run,none,False,False,0.0,0.0,0,inactive:clear,False,1791359533595060144,43.163060144,True
1791359533664719283,,True,3371,bird_eye,dry_run,none,False,False,0.0,0.0,0,inactive:clear,False,1791359533627361564,43.195361564,True
1791359533697837375,,True,3372,bird_eye,dry_run,none,False,False,0.0,0.0,0,inactive:clear,False,1791359533659835633,43.227835633,True
1791359533730893702,,True,3373,bird_eye,dry_run,none,False,False,0.0,0.0,0,inactive:clear,False,1791359533692019005,43.260019005,True
1791359533765800726,,True,3374,bird_eye,dry_run,none,False,False,0.0,0.0,0,inactive:clear,False,1791359533728002601,43.296002601,True
1791359533798855207,,True,3375,bird_eye,dry_run,none,False,False,0.0,0.0,0,inactive:clear,False,1791359533760732774,43.328732774,True
1791359533832407822,,True,3376,bird_eye,dry_run,none,False,False,0.0,0.0,0,inactive:clear,False,1791359533793400250,43.36140025,True
1791359533866615579,,True,3377,bird_eye,dry_run,none,False,False,0.0,0.0,0,inactive:clear,False,1791359533828965816,43.396965816,True
1791359533898100836,,True,3378,bird_eye,dry_run,none,False,False,0.0,0.0,0,inactive:clear,False,1791359533859299760,43.42729976,True
1791359533932332115,,True,3379,bird_eye,dry_run,none,False,False,0.0,0.0,0,inactive:clear,False,1791359533895322119,43.463322119,True
1791359533969284365,,True,3380,bird_eye,dry_run,none,False,False,0.0,0.0,0,inactive:clear,False,1791359533930433198,43.498433198,True
1791359533997504426,,True,3381,bird_eye,dry_run,none,False,False,0.0,0.0,0,inactive:clear,False,1791359533958556062,43.526556062,True
1791359534033171213,,True,3382,bird_eye,dry_run,none,False,False,0.0,0.0,0,inactive:clear,False,1791359533996130846,43.564130846,True
1791359534067297169,,True,3383,bird_eye,dry_run,none,False,False,0.0,0.0,0,inactive:clear,False,1791359534028198097,43.596198097,True
1791359534098793923,,True,3384,bird_eye,dry_run,none,False,False,0.0,0.0,0,inactive:clear,False,1791359534059860522,43.627860522,True
1791359534134392156,,True,3385,bird_eye,dry_run,none,False,False,0.0,0.0,0,inactive:clear,False,1791359534096019962,43.664019962,True
1791359534165944342,,True,3386,bird_eye,dry_run,none,False,False,0.0,0.0,0,inactive:clear,False,1791359534127401312,43.695401312,True
1791359534198876456,,True,3387,bird_eye,dry_run,none,False,False,0.0,0.0,0,inactive:clear,False,1791359534160437779,43.728437779,True
1791359534235067348,,True,3388,bird_eye,dry_run,none,False,False,0.0,0.0,0,inactive:clear,False,1791359534199512157,43.767512157,True
1791359534263476562,,True,3389,bird_eye,dry_run,none,False,False,0.0,0.0,0,inactive:clear,False,1791359534224710830,43.79271083,True
1791359534298218883,,True,3390,bird_eye,dry_run,none,False,False,0.0,0.0,0,inactive:clear,False,1791359534262317968,43.830317968,True
1791359534332745499,,True,3391,bird_eye,dry_run,none,False,False,0.0,0.0,0,inactive:clear,False,1791359534294950828,43.862950828,True
1791359534365224783,,True,3392,bird_eye,dry_run,none,False,False,0.0,0.0,0,inactive:clear,False,1791359534327409700,43.8954097,True
1791359534399631451,,True,3393,bird_eye,dry_run,none,False,False,0.0,0.0,0,inactive:clear,False,1791359534360565211,43.928565211,True
1791359534431295627,,True,3394,bird_eye,dry_run,none,False,False,0.0,0.0,0,inactive:clear,False,1791359534392237115,43.960237115,True
1791359534464668818,,True,3395,bird_eye,dry_run,none,False,False,0.0,0.0,0,inactive:clear,False,1791359534425643694,43.993643694,True
1791359534498827577,,True,3396,bird_eye,dry_run,none,False,False,0.0,0.0,0,inactive:clear,False,1791359534459792398,44.027792398,True
1791359534531314769,,True,3397,bird_eye,dry_run,none,False,False,0.0,0.0,0,inactive:clear,False,1791359534493421934,44.061421934,True
1791359534565314342,,True,3398,bird_eye,dry_run,none,False,False,0.0,0.0,0,inactive:clear,False,1791359534527448839,44.095448839,True
1791359534598143966,,True,3399,bird_eye,dry_run,none,False,False,0.0,0.0,0,inactive:clear,False,1791359534560506109,44.128506109,True
1791359534631226961,,True,3400,bird_eye,dry_run,none,False,False,0.0,0.0,0,inactive:clear,False,1791359534593273017,44.161273017,True
1791359534664088712,,True,3401,bird_eye,dry_run,none,False,False,0.0,0.0,0,inactive:clear,False,1791359534624998673,44.192998673,True
1791359534698252203,,True,3402,bird_eye,dry_run,none,False,False,0.0,0.0,0,inactive:clear,False,1791359534660947456,44.228947456,True
1791359534732646037,,True,3403,bird_eye,dry_run,none,False,False,0.0,0.0,0,inactive:clear,False,1791359534699237337,44.267237337,True
1791359534766526225,,True,3404,bird_eye,dry_run,none,False,False,0.0,0.0,0,inactive:clear,False,1791359534730588144,44.298588144,True
1791359534799001803,,True,3405,bird_eye,dry_run,none,False,False,0.0,0.0,0,inactive:clear,False,1791359534759938487,44.327938487,True
1791359534832945972,,True,3406,bird_eye,dry_run,none,False,False,0.0,0.0,0,inactive:clear,False,1791359534795443777,44.363443777,True
1791359534864964037,,True,3407,bird_eye,dry_run,none,False,False,0.0,0.0,0,inactive:clear,False,1791359534827658253,44.395658253,True
1791359534898139695,,True,3408,bird_eye,dry_run,none,False,False,0.0,0.0,0,inactive:clear,False,1791359534859991107,44.427991107,True
1791359534930518436,,True,3409,bird_eye,dry_run,none,False,False,0.0,0.0,0,inactive:clear,False,1791359534892217676,44.460217676,True
1791359534965991741,,True,3410,bird_eye,dry_run,none,False,False,0.0,0.0,0,inactive:clear,False,1791359534927275958,44.495275958,True
1791359534999690782,,True,3411,bird_eye,dry_run,none,False,False,0.0,0.0,0,inactive:clear,False,1791359534962181782,44.530181782,True
1791359535031039753,,True,3412,bird_eye,dry_run,none,False,False,0.0,0.0,0,inactive:clear,False,1791359534992059264,44.560059264,True
1791359535063831824,,True,3413,bird_eye,dry_run,none,False,False,0.0,0.0,0,inactive:clear,False,1791359535025068337,44.593068337,True
1791359535099525549,,True,3414,bird_eye,dry_run,none,False,False,0.0,0.0,0,inactive:clear,False,1791359535062071197,44.630071197,True
1791359535131262338,,True,3415,bird_eye,dry_run,none,False,False,0.0,0.0,0,inactive:clear,False,1791359535094712369,44.662712369,True
1791359535163748206,,True,3416,bird_eye,dry_run,none,False,False,0.0,0.0,0,inactive:clear,False,1791359535125363320,44.69336332,True
1791359535199091956,,True,3417,bird_eye,dry_run,none,False,False,0.0,0.0,0,inactive:clear,False,1791359535160437371,44.728437371,True
1791359535231179242,,True,3418,bird_eye,dry_run,none,False,False,0.0,0.0,0,inactive:clear,False,1791359535192380349,44.760380349,True
1791359535263651756,,True,3419,bird_eye,dry_run,none,False,False,0.0,0.0,0,inactive:clear,False,1791359535225594146,44.793594146,True
1791359535299460372,,True,3420,bird_eye,dry_run,none,False,False,0.0,0.0,0,inactive:clear,False,1791359535270299876,44.838299876,True
1791359535331439439,,True,3421,bird_eye,dry_run,none,False,False,0.0,0.0,0,inactive:clear,False,1791359535292957793,44.860957793,True
1791359535364235571,,True,3422,bird_eye,dry_run,none,False,False,0.0,0.0,0,inactive:clear,False,1791359535325604968,44.893604968,True
1791359535395971413,,True,3423,bird_eye,dry_run,none,False,False,0.0,0.0,0,inactive:clear,False,1791359535359887286,44.927887286,True
1791359535433559232,,True,3424,bird_eye,dry_run,none,False,False,0.0,0.0,0,inactive:clear,False,1791359535394627670,44.96262767,True
1791359535468326393,,True,3425,bird_eye,dry_run,none,False,False,0.0,0.0,0,inactive:clear,False,1791359535430616863,44.998616863,True
1791359535498578680,,True,3426,bird_eye,dry_run,none,False,False,0.0,0.0,0,inactive:clear,False,1791359535459872064,45.027872064,True
1791359535531982859,,True,3427,bird_eye,dry_run,none,False,False,0.0,0.0,0,inactive:clear,False,1791359535493373388,45.061373388,True
1791359535567710134,,True,3428,bird_eye,dry_run,none,False,False,0.0,0.0,0,inactive:clear,False,1791359535528823315,45.096823315,True
1791359535598921347,,True,3429,bird_eye,dry_run,none,False,False,0.0,0.0,0,inactive:clear,False,1791359535559969171,45.127969171,True
1791359535630989522,,True,3430,bird_eye,dry_run,none,False,False,0.0,0.0,0,inactive:clear,False,1791359535594507515,45.162507515,True
1791359535668703627,,True,3431,bird_eye,dry_run,none,False,False,0.0,0.0,0,inactive:clear,False,1791359535632335894,45.200335894,True
1791359535700542957,,True,3432,bird_eye,dry_run,none,False,False,0.0,0.0,0,inactive:clear,False,1791359535661521970,45.22952197,True
1791359535730520465,,True,3433,bird_eye,dry_run,none,False,False,0.0,0.0,0,inactive:clear,False,1791359535691931372,45.259931372,True
1791359535764563684,,True,3434,bird_eye,dry_run,none,False,False,0.0,0.0,0,inactive:clear,False,1791359535729752247,45.297752247,True
1791359535799092762,,True,3435,bird_eye,dry_run,none,False,False,0.0,0.0,0,inactive:clear,False,1791359535760144324,45.328144324,True
1791359535834633292,,True,3436,bird_eye,dry_run,none,False,False,0.0,0.0,0,inactive:clear,False,1791359535795831520,45.36383152,True
1791359535865687803,,True,3437,bird_eye,dry_run,none,False,False,0.0,0.0,0,inactive:clear,False,1791359535832326253,45.400326253,True
1791359535897956692,,True,3438,bird_eye,dry_run,none,False,False,0.0,0.0,0,inactive:clear,False,1791359535859086070,45.42708607,True
1791359535929935594,,True,3439,bird_eye,dry_run,none,False,False,0.0,0.0,0,inactive:clear,False,1791359535891329501,45.459329501,True
1791359535962683548,,True,3440,bird_eye,dry_run,none,False,False,0.0,0.0,0,inactive:clear,False,1791359535923929036,45.491929036,False
1791359535997887801,,True,3441,bird_eye,dry_run,none,False,False,0.0,0.0,0,inactive:clear,False,1791359535959303323,45.527303323,False
1791359536032747575,,True,3442,bird_eye,dry_run,none,False,False,0.0,0.0,0,inactive:clear,False,1791359535993899673,45.561899673,False
1791359536066634073,,True,3443,bird_eye,dry_run,none,False,False,0.0,0.0,0,inactive:clear,False,1791359536028687741,45.596687741,False
1791359536102099006,,True,3444,bird_eye,dry_run,none,False,False,0.0,0.0,0,inactive:clear,False,1791359536063294226,45.631294226,False
1791359536132571579,,True,3445,bird_eye,dry_run,none,False,False,0.0,0.0,0,inactive:clear,False,1791359536094155908,45.662155908,False
1791359536167396408,,True,3446,bird_eye,dry_run,none,False,False,0.0,0.0,0,inactive:clear,False,1791359536128512467,45.696512467,False
1791359536205025535,,True,3447,bird_eye,dry_run,none,False,False,0.0,0.0,0,inactive:clear,False,1791359536169626131,45.737626131,False
1791359536234997858,,True,3448,bird_eye,dry_run,none,False,False,0.0,0.0,0,inactive:clear,False,1791359536196326149,45.764326149,False
1791359536269027272,,True,3449,bird_eye,dry_run,none,False,False,0.0,0.0,0,inactive:clear,False,1791359536230241137,45.798241137,False
1791359536301064661,,True,3450,bird_eye,dry_run,none,False,False,0.0,0.0,0,inactive:clear,False,1791359536262691788,45.830691788,False
1791359536334874424,,True,3451,bird_eye,dry_run,none,False,False,0.0,0.0,0,inactive:clear,False,1791359536295928366,45.863928366,False
1791359536364922181,,True,3452,bird_eye,dry_run,none,False,False,0.0,0.0,0,inactive:clear,False,1791359536326268655,45.894268655,False
1791359536400641726,,True,3453,bird_eye,dry_run,none,False,False,0.0,0.0,0,inactive:clear,False,1791359536361689503,45.929689503,False
1791359536434352921,,True,3454,bird_eye,dry_run,none,False,False,0.0,0.0,0,inactive:clear,False,1791359536397688435,45.965688435,False
1791359536463778151,,True,3455,bird_eye,dry_run,none,False,False,0.0,0.0,0,inactive:clear,False,1791359536424810434,45.992810434,False
1791359536497808837,,True,3456,bird_eye,dry_run,none,False,False,0.0,0.0,0,inactive:clear,False,1791359536458881165,46.026881165,False
1791359536530706519,,True,3457,bird_eye,dry_run,none,False,False,0.0,0.0,0,inactive:clear,False,1791359536491974456,46.059974456,False
1791359536564828041,,True,3458,bird_eye,dry_run,none,False,False,0.0,0.0,0,inactive:clear,False,1791359536525850059,46.093850059,False
1791359536598054397,,True,3459,bird_eye,dry_run,none,False,False,0.0,0.0,0,inactive:clear,False,1791359536558983038,46.126983038,False
1791359536630366634,,True,3460,bird_eye,dry_run,none,False,False,0.0,0.0,0,inactive:clear,False,1791359536592062065,46.160062065,False
1791359536663044162,,True,3461,bird_eye,dry_run,none,False,False,0.0,0.0,0,inactive:clear,False,1791359536624366730,46.19236673,False
1791359536699178156,,True,3462,bird_eye,dry_run,none,False,False,0.0,0.0,0,inactive:clear,False,1791359536661180899,46.229180899,False
1791359536737544840,,True,3463,bird_eye,dry_run,none,False,False,0.0,0.0,0,inactive:clear,False,1791359536699045310,46.26704531,False
1791359536766376922,,True,3464,bird_eye,dry_run,none,False,False,0.0,0.0,0,inactive:clear,False,1791359536729269981,46.297269981,False
1791359536797271421,,True,3465,bird_eye,dry_run,none,False,False,0.0,0.0,0,inactive:clear,False,1791359536758864892,46.326864892,False
1791359536839555582,,True,3466,bird_eye,dry_run,none,False,False,0.0,0.0,0,inactive:clear,False,1791359536802769589,46.370769589,False
1791359536871109755,,True,3467,bird_eye,dry_run,none,False,False,0.0,0.0,0,inactive:clear,False,1791359536832406105,46.400406105,False
1791359536897390698,,True,3468,bird_eye,dry_run,none,False,False,0.0,0.0,0,inactive:clear,False,1791359536859641962,46.427641962,False
1791359536932673156,,True,3469,bird_eye,dry_run,none,False,False,0.0,0.0,0,inactive:clear,False,1791359536894014584,46.462014584,False
1791359536965448224,,True,3470,bird_eye,dry_run,none,False,False,0.0,0.0,0,inactive:clear,False,1791359536926554308,46.494554308,False
1791359536999336543,,True,3471,bird_eye,dry_run,none,False,False,0.0,0.0,0,inactive:clear,False,1791359536961023560,46.52902356,False
1791359537034505739,,True,3472,bird_eye,dry_run,none,False,False,0.0,0.0,0,inactive:clear,False,1791359536999474641,46.567474641,False
1791359537067873866,,True,3473,bird_eye,dry_run,none,False,False,0.0,0.0,0,inactive:clear,False,1791359537029141528,46.597141528,False
1791359537099842269,,True,3474,bird_eye,dry_run,none,False,False,0.0,0.0,0,inactive:clear,False,1791359537063454350,46.63145435,False
1791359537130581313,,True,3475,bird_eye,dry_run,none,False,False,0.0,0.0,0,inactive:clear,False,1791359537091621819,46.659621819,False
1791359537165844625,,True,3476,bird_eye,dry_run,none,False,False,0.0,0.0,0,inactive:clear,False,1791359537127116820,46.69511682,False
1791359537197969640,,True,3477,bird_eye,dry_run,none,False,False,0.0,0.0,0,inactive:clear,False,1791359537163532830,46.73153283,False
1791359537231206230,,True,3478,bird_eye,dry_run,none,False,False,0.0,0.0,0,inactive:clear,False,1791359537192453338,46.760453338,False
1791359537267823192,,True,3479,bird_eye,dry_run,none,False,False,0.0,0.0,0,inactive:clear,False,1791359537229415457,46.797415457,False
1791359537299499017,,True,3480,bird_eye,dry_run,none,False,False,0.0,0.0,0,inactive:clear,False,1791359537260731371,46.828731371,False
1791359537333724999,,True,3481,bird_eye,dry_run,none,False,False,0.0,0.0,0,inactive:clear,False,1791359537295198816,46.863198816,False
1791359537368439654,,True,3482,bird_eye,dry_run,none,False,False,0.0,0.0,0,inactive:clear,False,1791359537329421158,46.897421158,False
1791359537398395706,,True,3483,bird_eye,dry_run,none,False,False,0.0,0.0,0,inactive:clear,False,1791359537359933623,46.927933623,False
1791359537431573905,,True,3484,bird_eye,dry_run,none,False,False,0.0,0.0,0,inactive:clear,False,1791359537393145390,46.96114539,False
1791359537466651415,,True,3485,bird_eye,dry_run,none,False,False,0.0,0.0,0,inactive:clear,False,1791359537427685075,46.995685075,False
1791359537499012708,,True,3486,bird_eye,dry_run,none,False,False,0.0,0.0,0,inactive:clear,False,1791359537460129442,47.028129442,False
1791359537537775505,,True,3487,bird_eye,dry_run,none,False,False,0.0,0.0,0,inactive:clear,False,1791359537499549175,47.067549175,False
1791359537570817715,,True,3488,bird_eye,dry_run,none,False,False,0.0,0.0,0,inactive:clear,False,1791359537531992300,47.0999923,False
1791359537599151744,,True,3489,bird_eye,dry_run,none,False,False,0.0,0.0,0,inactive:clear,False,1791359537560451605,47.128451605,False
1791359537632834904,,True,3490,bird_eye,dry_run,none,False,False,0.0,0.0,0,inactive:clear,False,1791359537594319138,47.162319138,False
1791359537669670137,,True,3491,bird_eye,dry_run,none,False,False,0.0,0.0,0,inactive:clear,False,1791359537630887217,47.198887217,False
1791359537704346549,,True,3492,bird_eye,dry_run,none,False,False,0.0,0.0,0,inactive:clear,False,1791359537665322697,47.233322697,False
1791359537731335051,,True,3493,bird_eye,dry_run,none,False,False,0.0,0.0,0,inactive:clear,False,1791359537693443146,47.261443146,False
1791359537765216858,,True,3494,bird_eye,dry_run,none,False,False,0.0,0.0,0,inactive:clear,False,1791359537727523451,47.295523451,False
1791359537797408944,,True,3495,bird_eye,dry_run,none,False,False,0.0,0.0,0,inactive:clear,False,1791359537760485309,47.328485309,False
1791359537832270209,,True,3496,bird_eye,dry_run,none,False,False,0.0,0.0,0,inactive:clear,False,1791359537793997524,47.361997524,False
1791359537864886805,,True,3497,bird_eye,dry_run,none,False,False,0.0,0.0,0,inactive:clear,False,1791359537825995976,47.393995976,False
1791359537898092838,,True,3498,bird_eye,dry_run,none,False,False,0.0,0.0,0,inactive:clear,False,1791359537859224186,47.427224186,False
1791359537931206417,,True,3499,bird_eye,dry_run,none,False,False,0.0,0.0,0,inactive:clear,False,1791359537892599292,47.460599292,False
1791359537965477963,,True,3500,bird_eye,dry_run,none,False,False,0.0,0.0,0,inactive:clear,False,1791359537927458128,47.495458128,False
1791359537998592165,,True,3501,bird_eye,dry_run,none,False,False,0.0,0.0,0,inactive:clear,False,1791359537959655939,47.527655939,False
1791359538031965498,,True,3502,bird_eye,dry_run,none,False,False,0.0,0.0,0,inactive:clear,False,1791359537992983729,47.560983729,False
1791359538070678725,,True,3503,bird_eye,dry_run,none,False,False,0.0,0.0,0,inactive:clear,False,1791359538032400428,47.600400428,False
1791359538097329025,,True,3504,bird_eye,dry_run,none,False,False,0.0,0.0,0,inactive:clear,False,1791359538058265738,47.626265738,False
1791359538129760730,,True,3505,bird_eye,dry_run,none,False,False,0.0,0.0,0,inactive:clear,False,1791359538091336414,47.659336414,False
1791359538163491662,,True,3506,bird_eye,dry_run,none,False,False,0.0,0.0,0,inactive:clear,False,1791359538126398555,47.694398555,False
1791359538198874079,,True,3507,bird_eye,dry_run,none,False,False,0.0,0.0,0,inactive:clear,False,1791359538160782589,47.728782589,False
1791359538238082119,,True,3508,bird_eye,dry_run,none,False,False,0.0,0.0,0,inactive:clear,False,1791359538198998265,47.766998265,False
1791359538265297225,,True,3509,bird_eye,dry_run,none,False,False,0.0,0.0,0,inactive:clear,False,1791359538227167667,47.795167667,False
1791359538297434898,,True,3510,bird_eye,dry_run,none,False,False,0.0,0.0,0,inactive:clear,False,1791359538258451181,47.826451181,False
1791359538333122550,,True,3511,bird_eye,dry_run,none,False,False,0.0,0.0,0,inactive:clear,False,1791359538294135626,47.862135626,False
1791359538364004639,,True,3512,bird_eye,dry_run,none,False,False,0.0,0.0,0,inactive:clear,False,1791359538325030073,47.893030073,False
1791359538400797802,,True,3513,bird_eye,dry_run,none,False,False,0.0,0.0,0,inactive:clear,False,1791359538362757425,47.930757425,False
1791359538434600560,,True,3514,bird_eye,dry_run,none,False,False,0.0,0.0,0,inactive:clear,False,1791359538397255981,47.965255981,False
1791359538467659515,,True,3515,bird_eye,dry_run,none,False,False,0.0,0.0,0,inactive:clear,False,1791359538430019112,47.998019112,False
1791359538500732535,,True,3516,bird_eye,dry_run,none,False,False,0.0,0.0,0,inactive:clear,False,1791359538462051220,48.03005122,False
1791359538536155204,,True,3517,bird_eye,dry_run,none,False,False,0.0,0.0,0,inactive:clear,False,1791359538497990397,48.065990397,False
1791359538564841967,,True,3518,bird_eye,dry_run,none,False,False,0.0,0.0,0,inactive:clear,False,1791359538525941658,48.093941658,False
1791359538599294187,,True,3519,bird_eye,dry_run,none,False,False,0.0,0.0,0,inactive:clear,False,1791359538560394495,48.128394495,False
1791359538638560030,,True,3520,bird_eye,dry_run,none,False,False,0.0,0.0,0,inactive:clear,False,1791359538599483355,48.167483355,False
1791359538664599068,,True,3521,bird_eye,dry_run,none,False,False,0.0,0.0,0,inactive:clear,False,1791359538625595690,48.19359569,False
1791359538698233489,,True,3522,bird_eye,dry_run,none,False,False,0.0,0.0,0,inactive:clear,False,1791359538659364844,48.227364844,False
1791359538740314458,,True,3523,bird_eye,dry_run,none,False,False,0.0,0.0,0,inactive:clear,False,1791359538702442024,48.270442024,False
1791359538765645018,,True,3524,bird_eye,dry_run,none,False,False,0.0,0.0,0,inactive:clear,False,1791359538728199498,48.296199498,False
1791359538798986603,,True,3525,bird_eye,dry_run,none,False,False,0.0,0.0,0,inactive:clear,False,1791359538760079753,48.328079753,False
1791359538837001595,,True,3526,bird_eye,dry_run,none,False,False,0.0,0.0,0,inactive:clear,False,1791359538802003407,48.370003407,False
1791359538865161258,,True,3527,bird_eye,dry_run,none,False,False,0.0,0.0,0,inactive:clear,False,1791359538826665521,48.394665521,False
1791359538915098269,,True,3528,bird_eye,dry_run,none,False,False,0.0,0.0,0,inactive:clear,False,1791359538876429523,48.444429523,False
1791359538933325139,,True,3529,bird_eye,dry_run,none,False,False,0.0,0.0,0,inactive:clear,False,1791359538894362318,48.462362318,False
1791359538965975820,,True,3530,bird_eye,dry_run,none,False,False,0.0,0.0,0,inactive:clear,False,1791359538927099670,48.49509967,False
1791359539002112303,,True,3531,bird_eye,dry_run,none,False,False,0.0,0.0,0,inactive:clear,False,1791359538963282086,48.531282086,False
1791359539028444138,,True,3532,bird_eye,dry_run,none,False,False,0.0,0.0,0,inactive:clear,False,1791359538989414990,48.55741499,False
1791359539067389271,,True,3533,bird_eye,dry_run,none,False,False,0.0,0.0,0,inactive:clear,False,1791359539028621366,48.596621366,False
1791359539105256087,,True,3534,bird_eye,dry_run,none,False,False,0.0,0.0,0,inactive:clear,False,1791359539066951788,48.634951788,False
1791359539130062113,,True,3535,bird_eye,dry_run,none,False,False,0.0,0.0,0,inactive:clear,False,1791359539091166894,48.659166894,False
1791359539169622210,,True,3536,bird_eye,dry_run,none,False,False,0.0,0.0,0,inactive:clear,False,1791359539130783955,48.698783955,False
1791359539202944921,,True,3537,bird_eye,dry_run,none,False,False,0.0,0.0,0,inactive:clear,False,1791359539164065977,48.732065977,False
1791359539234400106,,True,3538,bird_eye,dry_run,none,False,False,0.0,0.0,0,inactive:clear,False,1791359539197369539,48.765369539,False
1791359539264394167,,True,3539,bird_eye,dry_run,none,False,False,0.0,0.0,0,inactive:clear,False,1791359539225835999,48.793835999,False
1791359539300302963,,True,3540,bird_eye,dry_run,none,False,False,0.0,0.0,0,inactive:clear,False,1791359539262422751,48.830422751,False
1791359539331603836,,True,3541,bird_eye,dry_run,none,False,False,0.0,0.0,0,inactive:clear,False,1791359539292479721,48.860479721,False
1791359539371406935,,True,3542,bird_eye,dry_run,none,False,False,0.0,0.0,0,inactive:clear,False,1791359539332359907,48.900359907,False
