session,no_target,variant,frame,time_sec,live_detected,avi_detected,avi_z_m,avi_calibration_valid,avi_source_pixel_y,avi_area_px,avi_bbox_aspect_ratio,avi_fill_ratio
hakonasi_20260825_131458_522,1,baseline_v30_aspect1p5,1,0.03333333333333333,1,0,,0,,,,
hakonasi_20260825_131458_522,1,baseline_v30_aspect1p5,2,0.06666666666666667,1,0,,0,,,,
hakonasi_20260825_131458_522,1,baseline_v30_aspect1p5,3,0.1,1,0,,0,,,,
hakonasi_20260825_131458_522,1,baseline_v30_aspect1p5,4,0.13333333333333333,1,0,,0,,,,
hakonasi_20260825_131458_522,1,baseline_v30_aspect1p5,5,0.16666666666666666,1,0,,0,,,,
hakonasi_20260825_131458_522,1,baseline_v30_aspect1p5,6,0.2,1,0,,0,,,,
hakonasi_20260825_131458_522,1,baseline_v30_aspect1p5,7,0.23333333333333334,1,0,,0,,,,
hakonasi_20260825_131458_522,1,baseline_v30_aspect1p5,8,0.26666666666666666,1,0,,0,,,,
hakonasi_20260825_131458_522,1,baseline_v30_aspect1p5,9,0.3,1,0,,0,,,,
hakonasi_20260825_131458_522,1,baseline_v30_aspect1p5,10,0.3333333333333333,1,0,,0,,,,
hakonasi_20260825_131458_522,1,baseline_v30_aspect1p5,11,0.36666666666666664,1,0,,0,,,,
hakonasi_20260825_131458_522,1,baseline_v30_aspect1p5,12,0.4,1,0,,0,,,,
hakonasi_20260825_131458_522,1,baseline_v30_aspect1p5,13,0.43333333333333335,1,0,,0,,,,
hakonasi_20260825_131458_522,1,baseline_v30_aspect1p5,14,0.4666666666666667,1,0,,0,,,,
hakonasi_20260825_131458_522,1,baseline_v30_aspect1p5,15,0.5,1,0,,0,,,,
hakonasi_20260825_131458_522,1,baseline_v30_aspect1p5,16,0.5333333333333333,1,0,,0,,,,
hakonasi_20260825_131458_522,1,baseline_v30_aspect1p5,17,0.5666666666666667,1,0,,0,,,,
hakonasi_20260825_131458_522,1,baseline_v30_aspect1p5,18,0.6,1,0,,0,,,,
hakonasi_20260825_131458_522,1,baseline_v30_aspect1p5,19,0.6333333333333333,1,0,,0,,,,
hakonasi_20260825_131458_522,1,baseline_v30_aspect1p5,20,0.6666666666666666,1,0,,0,,,,
hakonasi_20260825_131458_522,1,baseline_v30_aspect1p5,21,0.7,1,0,,0,,,,
hakonasi_20260825_131458_522,1,baseline_v30_aspect1p5,22,0.7333333333333333,1,0,,0,,,,
hakonasi_20260825_131458_522,1,baseline_v30_aspect1p5,23,0.7666666666666667,1,0,,0,,,,
hakonasi_20260825_131458_522,1,baseline_v30_aspect1p5,24,0.8,1,0,,0,,,,
hakonasi_20260825_131458_522,1,baseline_v30_aspect1p5,25,0.8333333333333334,1,0,,0,,,,
hakonasi_20260825_131458_522,1,baseline_v30_aspect1p5,26,0.8666666666666667,1,0,,0,,,,
hakonasi_20260825_131458_522,1,baseline_v30_aspect1p5,27,0.9,1,0,,0,,,,
hakonasi_20260825_131458_522,1,baseline_v30_aspect1p5,28,0.9333333333333333,1,0,,0,,,,
hakonasi_20260825_131458_522,1,baseline_v30_aspect1p5,29,0.9666666666666667,1,0,,0,,,,
hakonasi_20260825_131458_522,1,baseline_v30_aspect1p5,30,1.0,1,0,,0,,,,
hakonasi_20260825_131458_522,1,baseline_v30_aspect1p5,31,1.0333333333333334,1,0,,0,,,,
hakonasi_20260825_131458_522,1,baseline_v30_aspect1p5,32,1.0666666666666667,1,0,,0,,,,
hakonasi_20260825_131458_522,1,baseline_v30_aspect1p5,33,1.1,1,0,,0,,,,
hakonasi_20260825_131458_522,1,baseline_v30_aspect1p5,34,1.1333333333333333,1,0,,0,,,,
hakonasi_20260825_131458_522,1,baseline_v30_aspect1p5,35,1.1666666666666667,1,0,,0,,,,
hakonasi_20260825_131458_522,1,baseline_v30_aspect1p5,36,1.2,1,0,,0,,,,
hakonasi_20260825_131458_522,1,baseline_v30_aspect1p5,37,1.2333333333333334,1,0,,0,,,,
hakonasi_20260825_131458_522,1,baseline_v30_aspect1p5,38,1.2666666666666666,1,0,,0,,,,
hakonasi_20260825_131458_522,1,baseline_v30_aspect1p5,39,1.3,1,0,,0,,,,
hakonasi_20260825_131458_522,1,baseline_v30_aspect1p5,40,1.3333333333333333,1,0,,0,,,,
hakonasi_20260825_131458_522,1,baseline_v30_aspect1p5,41,1.3666666666666667,1,0,,0,,,,
hakonasi_20260825_131458_522,1,baseline_v30_aspect1p5,42,1.4,1,0,,0,,,,
hakonasi_20260825_131458_522,1,baseline_v30_aspect1p5,43,1.4333333333333333,1,0,,0,,,,
hakonasi_20260825_131458_522,1,baseline_v30_aspect1p5,44,1.4666666666666666,1,0,,0,,,,
hakonasi_20260825_131458_522,1,baseline_v30_aspect1p5,45,1.5,1,0,,0,,,,
hakonasi_20260825_131458_522,1,baseline_v30_aspect1p5,46,1.5333333333333334,1,0,,0,,,,
hakonasi_20260825_131458_522,1,baseline_v30_aspect1p5,47,1.5666666666666667,1,0,,0,,,,
hakonasi_20260825_131458_522,1,baseline_v30_aspect1p5,48,1.6,1,0,,0,,,,
hakonasi_20260825_131458_522,1,baseline_v30_aspect1p5,49,1.6333333333333333,1,0,,0,,,,
hakonasi_20260825_131458_522,1,baseline_v30_aspect1p5,50,1.6666666666666667,1,0,,0,,,,
hakonasi_20260825_131458_522,1,baseline_v30_aspect1p5,51,1.7,1,0,,0,,,,
hakonasi_20260825_131458_522,1,baseline_v30_aspect1p5,52,1.7333333333333334,1,0,,0,,,,
hakonasi_20260825_131458_522,1,baseline_v30_aspect1p5,53,1.7666666666666666,1,0,,0,,,,
hakonasi_20260825_131458_522,1,baseline_v30_aspect1p5,54,1.8,1,0,,0,,,,
hakonasi_20260825_131458_522,1,baseline_v30_aspect1p5,55,1.8333333333333333,1,0,,0,,,,
hakonasi_20260825_131458_522,1,baseline_v30_aspect1p5,56,1.8666666666666667,1,0,,0,,,,
hakonasi_20260825_131458_522,1,baseline_v30_aspect1p5,57,1.9,1,0,,0,,,,
hakonasi_20260825_131458_522,1,baseline_v30_aspect1p5,58,1.9333333333333333,1,0,,0,,,,
hakonasi_20260825_131458_522,1,baseline_v30_aspect1p5,59,1.9666666666666666,1,0,,0,,,,
hakonasi_20260825_131458_522,1,baseline_v30_aspect1p5,60,2.0,1,0,,0,,,,
hakonasi_20260825_131458_522,1,baseline_v30_aspect1p5,61,2.033333333333333,1,0,,0,,,,
hakonasi_20260825_131458_522,1,baseline_v30_aspect1p5,62,2.066666666666667,1,0,,0,,,,
hakonasi_20260825_131458_522,1,baseline_v30_aspect1p5,63,2.1,1,0,,0,,,,
hakonasi_20260825_131458_522,1,baseline_v30_aspect1p5,64,2.1333333333333333,1,0,,0,,,,
hakonasi_20260825_131458_522,1,baseline_v30_aspect1p5,65,2.1666666666666665,1,0,,0,,,,
hakonasi_20260825_131458_522,1,baseline_v30_aspect1p5,66,2.2,1,0,,0,,,,
hakonasi_20260825_131458_522,1,baseline_v30_aspect1p5,67,2.2333333333333334,1,0,,0,,,,
hakonasi_20260825_131458_522,1,baseline_v30_aspect1p5,68,2.2666666666666666,1,0,,0,,,,
hakonasi_20260825_131458_522,1,baseline_v30_aspect1p5,69,2.3,1,0,,0,,,,
hakonasi_20260825_131458_522,1,baseline_v30_aspect1p5,70,2.3333333333333335,1,0,,0,,,,
hakonasi_20260825_131458_522,1,baseline_v30_aspect1p5,71,2.3666666666666667,1,0,,0,,,,
hakonasi_20260825_131458_522,1,baseline_v30_aspect1p5,72,2.4,1,0,,0,,,,
hakonasi_20260825_131458_522,1,baseline_v30_aspect1p5,73,2.433333333333333,1,0,,0,,,,
hakonasi_20260825_131458_522,1,baseline_v30_aspect1p5,74,2.466666666666667,1,0,,0,,,,
hakonasi_20260825_131458_522,1,baseline_v30_aspect1p5,75,2.5,1,0,,0,,,,
hakonasi_20260825_131458_522,1,baseline_v30_aspect1p5,76,2.533333333333333,1,0,,0,,,,
hakonasi_20260825_131458_522,1,baseline_v30_aspect1p5,77,2.566666666666667,1,0,,0,,,,
hakonasi_20260825_131458_522,1,baseline_v30_aspect1p5,78,2.6,1,0,,0,,,,
hakonasi_20260825_131458_522,1,baseline_v30_aspect1p5,79,2.6333333333333333,1,0,,0,,,,
hakonasi_20260825_131458_522,1,baseline_v30_aspect1p5,80,2.6666666666666665,1,0,,0,,,,
hakonasi_20260825_131458_522,1,baseline_v30_aspect1p5,81,2.7,1,0,,0,,,,
hakonasi_20260825_131458_522,1,baseline_v30_aspect1p5,82,2.7333333333333334,1,0,,0,,,,
hakonasi_20260825_131458_522,1,baseline_v30_aspect1p5,83,2.7666666666666666,1,0,,0,,,,
hakonasi_20260825_131458_522,1,baseline_v30_aspect1p5,84,2.8,1,0,,0,,,,
hakonasi_20260825_131458_522,1,baseline_v30_aspect1p5,85,2.8333333333333335,1,0,,0,,,,
hakonasi_20260825_131458_522,1,baseline_v30_aspect1p5,86,2.8666666666666667,1,0,,0,,,,
hakonasi_20260825_131458_522,1,baseline_v30_aspect1p5,87,2.9,1,0,,0,,,,
hakonasi_20260825_131458_522,1,baseline_v30_aspect1p5,88,2.933333333333333,1,0,,0,,,,
hakonasi_20260825_131458_522,1,baseline_v30_aspect1p5,89,2.966666666666667,1,0,,0,,,,
hakonasi_20260825_131458_522,1,baseline_v30_aspect1p5,90,3.0,1,0,,0,,,,
hakonasi_20260825_131458_522,1,baseline_v30_aspect1p5,91,3.033333333333333,1,0,,0,,,,
hakonasi_20260825_131458_522,1,baseline_v30_aspect1p5,92,3.066666666666667,1,0,,0,,,,
hakonasi_20260825_131458_522,1,baseline_v30_aspect1p5,93,3.1,1,0,,0,,,,
hakonasi_20260825_131458_522,1,baseline_v30_aspect1p5,94,3.1333333333333333,1,0,,0,,,,
hakonasi_20260825_131458_522,1,baseline_v30_aspect1p5,95,3.1666666666666665,1,0,,0,,,,
hakonasi_20260825_131458_522,1,baseline_v30_aspect1p5,96,3.2,1,0,,0,,,,
hakonasi_20260825_131458_522,1,baseline_v30_aspect1p5,97,3.2333333333333334,1,0,,0,,,,
hakonasi_20260825_131458_522,1,baseline_v30_aspect1p5,98,3.2666666666666666,1,0,,0,,,,
hakonasi_20260825_131458_522,1,baseline_v30_aspect1p5,99,3.3,1,0,,0,,,,
hakonasi_20260825_131458_522,1,baseline_v30_aspect1p5,100,3.3333333333333335,1,0,,0,,,,
hakonasi_20260825_131458_522,1,baseline_v30_aspect1p5,101,3.3666666666666667,1,0,,0,,,,
hakonasi_20260825_131458_522,1,baseline_v30_aspect1p5,102,3.4,1,0,,0,,,,
hakonasi_20260825_131458_522,1,baseline_v30_aspect1p5,103,3.433333333333333,1,0,,0,,,,
hakonasi_20260825_131458_522,1,baseline_v30_aspect1p5,104,3.466666666666667,1,0,,0,,,,
hakonasi_20260825_131458_522,1,baseline_v30_aspect1p5,105,3.5,1,0,,0,,,,
hakonasi_20260825_131458_522,1,baseline_v30_aspect1p5,106,3.533333333333333,1,0,,0,,,,
hakonasi_20260825_131458_522,1,baseline_v30_aspect1p5,107,3.566666666666667,1,0,,0,,,,
hakonasi_20260825_131458_522,1,baseline_v30_aspect1p5,108,3.6,1,0,,0,,,,
hakonasi_20260825_131458_522,1,baseline_v30_aspect1p5,109,3.6333333333333333,1,0,,0,,,,
hakonasi_20260825_131458_522,1,baseline_v30_aspect1p5,110,3.6666666666666665,1,0,,0,,,,
hakonasi_20260825_131458_522,1,baseline_v30_aspect1p5,111,3.7,1,0,,0,,,,
hakonasi_20260825_131458_522,1,baseline_v30_aspect1p5,112,3.7333333333333334,1,0,,0,,,,
hakonasi_20260825_131458_522,1,baseline_v30_aspect1p5,113,3.7666666666666666,1,0,,0,,,,
hakonasi_20260825_131458_522,1,baseline_v30_aspect1p5,114,3.8,1,0,,0,,,,
hakonasi_20260825_131458_522,1,baseline_v30_aspect1p5,115,3.8333333333333335,1,0,,0,,,,
hakonasi_20260825_131458_522,1,baseline_v30_aspect1p5,116,3.8666666666666667,1,0,,0,,,,
hakonasi_20260825_131458_522,1,baseline_v30_aspect1p5,117,3.9,1,0,,0,,,,
hakonasi_20260825_131458_522,1,baseline_v30_aspect1p5,118,3.933333333333333,1,0,,0,,,,
hakonasi_20260825_131458_522,1,baseline_v30_aspect1p5,119,3.966666666666667,1,0,,0,,,,
hakonasi_20260825_131458_522,1,baseline_v30_aspect1p5,120,4.0,1,0,,0,,,,
hakonasi_20260825_131458_522,1,baseline_v30_aspect1p5,121,4.033333333333333,1,0,,0,,,,
hakonasi_20260825_131458_522,1,baseline_v30_aspect1p5,122,4.066666666666666,1,0,,0,,,,
hakonasi_20260825_131458_522,1,baseline_v30_aspect1p5,123,4.1,1,0,,0,,,,
hakonasi_20260825_131458_522,1,baseline_v30_aspect1p5,124,4.133333333333334,1,0,,0,,,,
hakonasi_20260825_131458_522,1,baseline_v30_aspect1p5,125,4.166666666666667,1,0,,0,,,,
hakonasi_20260825_131458_522,1,baseline_v30_aspect1p5,126,4.2,1,0,,0,,,,
hakonasi_20260825_131458_522,1,baseline_v30_aspect1p5,127,4.233333333333333,1,0,,0,,,,
hakonasi_20260825_131458_522,1,baseline_v30_aspect1p5,128,4.266666666666667,1,0,,0,,,,
hakonasi_20260825_131458_522,1,baseline_v30_aspect1p5,129,4.3,1,0,,0,,,,
hakonasi_20260825_131458_522,1,baseline_v30_aspect1p5,130,4.333333333333333,1,0,,0,,,,
hakonasi_20260825_131458_522,1,baseline_v30_aspect1p5,131,4.366666666666666,1,0,,0,,,,
hakonasi_20260825_131458_522,1,baseline_v30_aspect1p5,132,4.4,1,0,,0,,,,
hakonasi_20260825_131458_522,1,baseline_v30_aspect1p5,133,4.433333333333334,1,0,,0,,,,
hakonasi_20260825_131458_522,1,baseline_v30_aspect1p5,134,4.466666666666667,1,0,,0,,,,
hakonasi_20260825_131458_522,1,baseline_v30_aspect1p5,135,4.5,1,0,,0,,,,
hakonasi_20260825_131458_522,1,baseline_v30_aspect1p5,136,4.533333333333333,1,0,,0,,,,
hakonasi_20260825_131458_522,1,baseline_v30_aspect1p5,137,4.566666666666666,1,0,,0,,,,
hakonasi_20260825_131458_522,1,baseline_v30_aspect1p5,138,4.6,1,0,,0,,,,
hakonasi_20260825_131458_522,1,baseline_v30_aspect1p5,139,4.633333333333334,1,0,,0,,,,
hakonasi_20260825_131458_522,1,baseline_v30_aspect1p5,140,4.666666666666667,1,0,,0,,,,
hakonasi_20260825_131458_522,1,baseline_v30_aspect1p5,141,4.7,1,0,,0,,,,
hakonasi_20260825_131458_522,1,baseline_v30_aspect1p5,142,4.733333333333333,1,0,,0,,,,
hakonasi_20260825_131458_522,1,baseline_v30_aspect1p5,143,4.766666666666667,1,0,,0,,,,
hakonasi_20260825_131458_522,1,baseline_v30_aspect1p5,144,4.8,1,0,,0,,,,
hakonasi_20260825_131458_522,1,baseline_v30_aspect1p5,145,4.833333333333333,1,0,,0,,,,
hakonasi_20260825_131458_522,1,baseline_v30_aspect1p5,146,4.866666666666666,1,0,,0,,,,
hakonasi_20260825_131458_522,1,baseline_v30_aspect1p5,147,4.9,1,0,,0,,,,
hakonasi_20260825_131458_522,1,baseline_v30_aspect1p5,148,4.933333333333334,1,0,,0,,,,
hakonasi_20260825_131458_522,1,baseline_v30_aspect1p5,149,4.966666666666667,1,0,,0,,,,
hakonasi_20260825_131458_522,1,baseline_v30_aspect1p5,150,5.0,1,0,,0,,,,
hakonasi_20260825_131458_522,1,baseline_v30_aspect1p5,151,5.033333333333333,1,0,,0,,,,
hakonasi_20260825_131458_522,1,baseline_v30_aspect1p5,152,5.066666666666666,1,0,,0,,,,
hakonasi_20260825_131458_522,1,baseline_v30_aspect1p5,153,5.1,1,0,,0,,,,
hakonasi_20260825_131458_522,1,baseline_v30_aspect1p5,154,5.133333333333334,1,0,,0,,,,
hakonasi_20260825_131458_522,1,baseline_v30_aspect1p5,155,5.166666666666667,1,0,,0,,,,
hakonasi_20260825_131458_522,1,baseline_v30_aspect1p5,156,5.2,1,0,,0,,,,
hakonasi_20260825_131458_522,1,baseline_v30_aspect1p5,157,5.233333333333333,1,0,,0,,,,
hakonasi_20260825_131458_522,1,baseline_v30_aspect1p5,158,5.266666666666667,1,0,,0,,,,
hakonasi_20260825_131458_522,1,baseline_v30_aspect1p5,159,5.3,1,0,,0,,,,
hakonasi_20260825_131458_522,1,baseline_v30_aspect1p5,160,5.333333333333333,1,0,,0,,,,
hakonasi_20260825_131458_522,1,baseline_v30_aspect1p5,161,5.366666666666666,1,0,,0,,,,
hakonasi_20260825_131458_522,1,baseline_v30_aspect1p5,162,5.4,1,0,,0,,,,
hakonasi_20260825_131458_522,1,baseline_v30_aspect1p5,163,5.433333333333334,1,0,,0,,,,
hakonasi_20260825_131458_522,1,baseline_v30_aspect1p5,164,5.466666666666667,1,0,,0,,,,
hakonasi_20260825_131458_522,1,baseline_v30_aspect1p5,165,5.5,1,0,,0,,,,
hakonasi_20260825_131458_522,1,baseline_v30_aspect1p5,166,5.533333333333333,1,0,,0,,,,
hakonasi_20260825_131458_522,1,baseline_v30_aspect1p5,167,5.566666666666666,1,0,,0,,,,
hakonasi_20260825_131458_522,1,baseline_v30_aspect1p5,168,5.6,1,0,,0,,,,
hakonasi_20260825_131458_522,1,baseline_v30_aspect1p5,169,5.633333333333334,1,0,,0,,,,
hakonasi_20260825_131458_522,1,baseline_v30_aspect1p5,170,5.666666666666667,1,0,,0,,,,
hakonasi_20260825_131458_522,1,baseline_v30_aspect1p5,171,5.7,1,0,,0,,,,
hakonasi_20260825_131458_522,1,baseline_v30_aspect1p5,172,5.733333333333333,1,0,,0,,,,
hakonasi_20260825_131458_522,1,baseline_v30_aspect1p5,173,5.766666666666667,1,0,,0,,,,
hakonasi_20260825_131458_522,1,baseline_v30_aspect1p5,174,5.8,1,0,,0,,,,
hakonasi_20260825_131458_522,1,baseline_v30_aspect1p5,175,5.833333333333333,1,0,,0,,,,
hakonasi_20260825_131458_522,1,baseline_v30_aspect1p5,176,5.866666666666666,1,0,,0,,,,
hakonasi_20260825_131458_522,1,baseline_v30_aspect1p5,177,5.9,1,0,,0,,,,
hakonasi_20260825_131458_522,1,baseline_v30_aspect1p5,178,5.933333333333334,1,0,,0,,,,
hakonasi_20260825_131458_522,1,baseline_v30_aspect1p5,179,5.966666666666667,1,0,,0,,,,
hakonasi_20260825_131458_522,1,baseline_v30_aspect1p5,180,6.0,1,0,,0,,,,
hakonasi_20260825_131458_522,1,baseline_v30_aspect1p5,181,6.033333333333333,1,0,,0,,,,
hakonasi_20260825_131458_522,1,baseline_v30_aspect1p5,182,6.066666666666666,1,0,,0,,,,
hakonasi_20260825_131458_522,1,baseline_v30_aspect1p5,183,6.1,1,0,,0,,,,
hakonasi_20260825_131458_522,1,baseline_v30_aspect1p5,184,6.133333333333334,1,0,,0,,,,
hakonasi_20260825_131458_522,1,baseline_v30_aspect1p5,185,6.166666666666667,1,0,,0,,,,
hakonasi_20260825_131458_522,1,baseline_v30_aspect1p5,186,6.2,1,0,,0,,,,
hakonasi_20260825_131458_522,1,baseline_v30_aspect1p5,187,6.233333333333333,1,0,,0,,,,
hakonasi_20260825_131458_522,1,baseline_v30_aspect1p5,188,6.266666666666667,1,0,,0,,,,
hakonasi_20260825_131458_522,1,baseline_v30_aspect1p5,189,6.3,1,0,,0,,,,
hakonasi_20260825_131458_522,1,baseline_v30_aspect1p5,190,6.333333333333333,1,0,,0,,,,
hakonasi_20260825_131458_522,1,baseline_v30_aspect1p5,191,6.366666666666666,1,0,,0,,,,
hakonasi_20260825_131458_522,1,baseline_v30_aspect1p5,192,6.4,1,0,,0,,,,
hakonasi_20260825_131458_522,1,baseline_v30_aspect1p5,193,6.433333333333334,1,0,,0,,,,
hakonasi_20260825_131458_522,1,baseline_v30_aspect1p5,194,6.466666666666667,1,0,,0,,,,
hakonasi_20260825_131458_522,1,baseline_v30_aspect1p5,195,6.5,1,0,,0,,,,
hakonasi_20260825_131458_522,1,baseline_v30_aspect1p5,196,6.533333333333333,1,0,,0,,,,
hakonasi_20260825_131458_522,1,baseline_v30_aspect1p5,197,6.566666666666666,1,0,,0,,,,
hakonasi_20260825_131458_522,1,baseline_v30_aspect1p5,198,6.6,1,0,,0,,,,
hakonasi_20260825_131458_522,1,baseline_v30_aspect1p5,199,6.633333333333334,1,0,,0,,,,
hakonasi_20260825_131458_522,1,baseline_v30_aspect1p5,200,6.666666666666667,1,0,,0,,,,
hakonasi_20260825_131458_522,1,baseline_v30_aspect1p5,201,6.7,1,0,,0,,,,
hakonasi_20260825_131458_522,1,baseline_v30_aspect1p5,202,6.733333333333333,1,0,,0,,,,
hakonasi_20260825_131458_522,1,baseline_v30_aspect1p5,203,6.766666666666667,1,0,,0,,,,
hakonasi_20260825_131458_522,1,baseline_v30_aspect1p5,204,6.8,1,0,,0,,,,
hakonasi_20260825_131458_522,1,baseline_v30_aspect1p5,205,6.833333333333333,1,0,,0,,,,
hakonasi_20260825_131458_522,1,baseline_v30_aspect1p5,206,6.866666666666666,1,0,,0,,,,
hakonasi_20260825_131458_522,1,baseline_v30_aspect1p5,207,6.9,1,0,,0,,,,
hakonasi_20260825_131458_522,1,baseline_v30_aspect1p5,208,6.933333333333334,1,0,,0,,,,
hakonasi_20260825_131458_522,1,baseline_v30_aspect1p5,209,6.966666666666667,1,0,,0,,,,
hakonasi_20260825_131458_522,1,baseline_v30_aspect1p5,210,7.0,1,0,,0,,,,
hakonasi_20260825_131458_522,1,baseline_v30_aspect1p5,211,7.033333333333333,1,0,,0,,,,
hakonasi_20260825_131458_522,1,baseline_v30_aspect1p5,212,7.066666666666666,1,0,,0,,,,
hakonasi_20260825_131458_522,1,baseline_v30_aspect1p5,213,7.1,1,0,,0,,,,
hakonasi_20260825_131458_522,1,baseline_v30_aspect1p5,214,7.133333333333334,1,0,,0,,,,
hakonasi_20260825_131458_522,1,baseline_v30_aspect1p5,215,7.166666666666667,1,0,,0,,,,
hakonasi_20260825_131458_522,1,baseline_v30_aspect1p5,216,7.2,1,0,,0,,,,
hakonasi_20260825_131458_522,1,baseline_v30_aspect1p5,217,7.233333333333333,1,0,,0,,,,
hakonasi_20260825_131458_522,1,baseline_v30_aspect1p5,218,7.266666666666667,1,0,,0,,,,
hakonasi_20260825_131458_522,1,baseline_v30_aspect1p5,219,7.3,1,0,,0,,,,
hakonasi_20260825_131458_522,1,baseline_v30_aspect1p5,220,7.333333333333333,1,0,,0,,,,
hakonasi_20260825_131458_522,1,baseline_v30_aspect1p5,221,7.366666666666666,1,0,,0,,,,
hakonasi_20260825_131458_522,1,baseline_v30_aspect1p5,222,7.4,1,0,,0,,,,
hakonasi_20260825_131458_522,1,baseline_v30_aspect1p5,223,7.433333333333334,1,0,,0,,,,
hakonasi_20260825_131458_522,1,baseline_v30_aspect1p5,224,7.466666666666667,1,0,,0,,,,
hakonasi_20260825_131458_522,1,baseline_v30_aspect1p5,225,7.5,1,0,,0,,,,
hakonasi_20260825_131458_522,1,baseline_v30_aspect1p5,226,7.533333333333333,1,0,,0,,,,
hakonasi_20260825_131458_522,1,baseline_v30_aspect1p5,227,7.566666666666666,1,0,,0,,,,
hakonasi_20260825_131458_522,1,baseline_v30_aspect1p5,228,7.6,1,0,,0,,,,
hakonasi_20260825_131458_522,1,baseline_v30_aspect1p5,229,7.633333333333334,1,0,,0,,,,
hakonasi_20260825_131458_522,1,baseline_v30_aspect1p5,230,7.666666666666667,1,0,,0,,,,
hakonasi_20260825_131458_522,1,baseline_v30_aspect1p5,231,7.7,1,0,,0,,,,
hakonasi_20260825_131458_522,1,baseline_v30_aspect1p5,232,7.733333333333333,1,0,,0,,,,
hakonasi_20260825_131458_522,1,baseline_v30_aspect1p5,233,7.766666666666667,1,0,,0,,,,
hakonasi_20260825_131458_522,1,baseline_v30_aspect1p5,234,7.8,1,0,,0,,,,
hakonasi_20260825_131458_522,1,baseline_v30_aspect1p5,235,7.833333333333333,1,0,,0,,,,
hakonasi_20260825_131458_522,1,baseline_v30_aspect1p5,236,7.866666666666666,1,0,,0,,,,
hakonasi_20260825_131458_522,1,baseline_v30_aspect1p5,237,7.9,1,0,,0,,,,
hakonasi_20260825_131458_522,1,baseline_v30_aspect1p5,238,7.933333333333334,1,0,,0,,,,
hakonasi_20260825_131458_522,1,baseline_v30_aspect1p5,239,7.966666666666667,1,0,,0,,,,
hakonasi_20260825_131458_522,1,baseline_v30_aspect1p5,240,8.0,1,0,,0,,,,
hakonasi_20260825_131458_522,1,baseline_v30_aspect1p5,241,8.033333333333333,1,0,,0,,,,
hakonasi_20260825_131458_522,1,baseline_v30_aspect1p5,242,8.066666666666666,1,0,,0,,,,
hakonasi_20260825_131458_522,1,baseline_v30_aspect1p5,243,8.1,1,0,,0,,,,
hakonasi_20260825_131458_522,1,baseline_v30_aspect1p5,244,8.133333333333333,1,0,,0,,,,
hakonasi_20260825_131458_522,1,baseline_v30_aspect1p5,245,8.166666666666666,1,0,,0,,,,
hakonasi_20260825_131458_522,1,baseline_v30_aspect1p5,246,8.2,1,0,,0,,,,
hakonasi_20260825_131458_522,1,baseline_v30_aspect1p5,247,8.233333333333333,1,0,,0,,,,
hakonasi_20260825_131458_522,1,baseline_v30_aspect1p5,248,8.266666666666667,1,0,,0,,,,
hakonasi_20260825_131458_522,1,baseline_v30_aspect1p5,249,8.3,1,0,,0,,,,
hakonasi_20260825_131458_522,1,baseline_v30_aspect1p5,250,8.333333333333334,1,0,,0,,,,
hakonasi_20260825_131458_522,1,baseline_v30_aspect1p5,251,8.366666666666667,1,0,,0,,,,
hakonasi_20260825_131458_522,1,baseline_v30_aspect1p5,252,8.4,1,0,,0,,,,
hakonasi_20260825_131458_522,1,baseline_v30_aspect1p5,253,8.433333333333334,1,0,,0,,,,
hakonasi_20260825_131458_522,1,baseline_v30_aspect1p5,254,8.466666666666667,1,0,,0,,,,
hakonasi_20260825_131458_522,1,baseline_v30_aspect1p5,255,8.5,1,0,,0,,,,
hakonasi_20260825_131458_522,1,baseline_v30_aspect1p5,256,8.533333333333333,1,0,,0,,,,
hakonasi_20260825_131458_522,1,baseline_v30_aspect1p5,257,8.566666666666666,1,0,,0,,,,
hakonasi_20260825_131458_522,1,baseline_v30_aspect1p5,258,8.6,1,0,,0,,,,
hakonasi_20260825_131458_522,1,baseline_v30_aspect1p5,259,8.633333333333333,1,0,,0,,,,
hakonasi_20260825_131458_522,1,baseline_v30_aspect1p5,260,8.666666666666666,1,0,,0,,,,
hakonasi_20260825_131458_522,1,baseline_v30_aspect1p5,261,8.7,1,0,,0,,,,
hakonasi_20260825_131458_522,1,baseline_v30_aspect1p5,262,8.733333333333333,1,0,,0,,,,
hakonasi_20260825_131458_522,1,baseline_v30_aspect1p5,263,8.766666666666667,1,0,,0,,,,
hakonasi_20260825_131458_522,1,baseline_v30_aspect1p5,264,8.8,1,0,,0,,,,
hakonasi_20260825_131458_522,1,baseline_v30_aspect1p5,265,8.833333333333334,1,0,,0,,,,
hakonasi_20260825_131458_522,1,baseline_v30_aspect1p5,266,8.866666666666667,1,0,,0,,,,
hakonasi_20260825_131458_522,1,baseline_v30_aspect1p5,267,8.9,1,0,,0,,,,
hakonasi_20260825_131458_522,1,baseline_v30_aspect1p5,268,8.933333333333334,1,0,,0,,,,
hakonasi_20260825_131458_522,1,baseline_v30_aspect1p5,269,8.966666666666667,1,0,,0,,,,
hakonasi_20260825_131458_522,1,baseline_v30_aspect1p5,270,9.0,1,0,,0,,,,
hakonasi_20260825_131458_522,1,baseline_v30_aspect1p5,271,9.033333333333333,1,0,,0,,,,
hakonasi_20260825_131458_522,1,baseline_v30_aspect1p5,272,9.066666666666666,1,0,,0,,,,
hakonasi_20260825_131458_522,1,baseline_v30_aspect1p5,273,9.1,1,0,,0,,,,
hakonasi_20260825_131458_522,1,baseline_v30_aspect1p5,274,9.133333333333333,1,0,,0,,,,
hakonasi_20260825_131458_522,1,baseline_v30_aspect1p5,275,9.166666666666666,1,0,,0,,,,
hakonasi_20260825_131458_522,1,baseline_v30_aspect1p5,276,9.2,1,0,,0,,,,
hakonasi_20260825_131458_522,1,baseline_v30_aspect1p5,277,9.233333333333333,1,0,,0,,,,
hakonasi_20260825_131458_522,1,baseline_v30_aspect1p5,278,9.266666666666667,1,0,,0,,,,
hakonasi_20260825_131458_522,1,baseline_v30_aspect1p5,279,9.3,1,0,,0,,,,
hakonasi_20260825_131458_522,1,baseline_v30_aspect1p5,280,9.333333333333334,1,0,,0,,,,
hakonasi_20260825_131458_522,1,baseline_v30_aspect1p5,281,9.366666666666667,1,0,,0,,,,
hakonasi_20260825_131458_522,1,baseline_v30_aspect1p5,282,9.4,1,0,,0,,,,
hakonasi_20260825_131458_522,1,baseline_v30_aspect1p5,283,9.433333333333334,1,0,,0,,,,
hakonasi_20260825_131458_522,1,baseline_v30_aspect1p5,284,9.466666666666667,1,0,,0,,,,
hakonasi_20260825_131458_522,1,baseline_v30_aspect1p5,285,9.5,1,0,,0,,,,
hakonasi_20260825_131458_522,1,baseline_v30_aspect1p5,286,9.533333333333333,1,0,,0,,,,
hakonasi_20260825_131458_522,1,baseline_v30_aspect1p5,287,9.566666666666666,1,0,,0,,,,
hakonasi_20260825_131458_522,1,baseline_v30_aspect1p5,288,9.6,1,0,,0,,,,
hakonasi_20260825_131458_522,1,baseline_v30_aspect1p5,289,9.633333333333333,1,0,,0,,,,
hakonasi_20260825_131458_522,1,baseline_v30_aspect1p5,290,9.666666666666666,1,0,,0,,,,
hakonasi_20260825_131458_522,1,baseline_v30_aspect1p5,291,9.7,1,0,,0,,,,
hakonasi_20260825_131458_522,1,baseline_v30_aspect1p5,292,9.733333333333333,1,0,,0,,,,
hakonasi_20260825_131458_522,1,baseline_v30_aspect1p5,293,9.766666666666667,1,0,,0,,,,
hakonasi_20260825_131458_522,1,baseline_v30_aspect1p5,294,9.8,1,0,,0,,,,
hakonasi_20260825_131458_522,1,baseline_v30_aspect1p5,295,9.833333333333334,1,0,,0,,,,
hakonasi_20260825_131458_522,1,baseline_v30_aspect1p5,296,9.866666666666667,1,0,,0,,,,
hakonasi_20260825_131458_522,1,baseline_v30_aspect1p5,297,9.9,1,0,,0,,,,
hakonasi_20260825_131458_522,1,baseline_v30_aspect1p5,298,9.933333333333334,1,0,,0,,,,
hakonasi_20260825_131458_522,1,baseline_v30_aspect1p5,299,9.966666666666667,1,0,,0,,,,
hakonasi_20260825_131458_522,1,baseline_v30_aspect1p5,300,10.0,1,0,,0,,,,
hakonasi_20260825_131458_522,1,baseline_v30_aspect1p5,301,10.033333333333333,1,0,,0,,,,
hakonasi_20260825_131458_522,1,baseline_v30_aspect1p5,302,10.066666666666666,1,0,,0,,,,
hakonasi_20260825_131458_522,1,baseline_v30_aspect1p5,303,10.1,1,0,,0,,,,
hakonasi_20260825_131458_522,1,baseline_v30_aspect1p5,304,10.133333333333333,1,0,,0,,,,
hakonasi_20260825_131458_522,1,baseline_v30_aspect1p5,305,10.166666666666666,1,0,,0,,,,
hakonasi_20260825_131458_522,1,baseline_v30_aspect1p5,306,10.2,1,0,,0,,,,
hakonasi_20260825_131458_522,1,baseline_v30_aspect1p5,307,10.233333333333333,1,0,,0,,,,
hakonasi_20260825_131458_522,1,baseline_v30_aspect1p5,308,10.266666666666667,1,0,,0,,,,
hakonasi_20260825_131458_522,1,baseline_v30_aspect1p5,309,10.3,1,0,,0,,,,
hakonasi_20260825_131458_522,1,baseline_v30_aspect1p5,310,10.333333333333334,1,0,,0,,,,
hakonasi_20260825_131458_522,1,baseline_v30_aspect1p5,311,10.366666666666667,1,0,,0,,,,
hakonasi_20260825_131458_522,1,baseline_v30_aspect1p5,312,10.4,1,0,,0,,,,
hakonasi_20260825_131458_522,1,baseline_v30_aspect1p5,313,10.433333333333334,1,0,,0,,,,
hakonasi_20260825_131458_522,1,baseline_v30_aspect1p5,314,10.466666666666667,1,0,,0,,,,
hakonasi_20260825_131458_522,1,baseline_v30_aspect1p5,315,10.5,1,0,,0,,,,
hakonasi_20260825_131458_522,1,baseline_v30_aspect1p5,316,10.533333333333333,1,0,,0,,,,
hakonasi_20260825_131458_522,1,baseline_v30_aspect1p5,317,10.566666666666666,1,0,,0,,,,
hakonasi_20260825_131458_522,1,baseline_v30_aspect1p5,318,10.6,1,0,,0,,,,
hakonasi_20260825_131458_522,1,baseline_v30_aspect1p5,319,10.633333333333333,1,0,,0,,,,
hakonasi_20260825_131458_522,1,baseline_v30_aspect1p5,320,10.666666666666666,1,0,,0,,,,
hakonasi_20260825_131458_522,1,baseline_v30_aspect1p5,321,10.7,1,0,,0,,,,
hakonasi_20260825_131458_522,1,baseline_v30_aspect1p5,322,10.733333333333333,1,0,,0,,,,
hakonasi_20260825_131458_522,1,baseline_v30_aspect1p5,323,10.766666666666667,1,0,,0,,,,
hakonasi_20260825_131458_522,1,baseline_v30_aspect1p5,324,10.8,1,0,,0,,,,
hakonasi_20260825_131458_522,1,baseline_v30_aspect1p5,325,10.833333333333334,1,0,,0,,,,
hakonasi_20260825_131458_522,1,baseline_v30_aspect1p5,326,10.866666666666667,1,0,,0,,,,
hakonasi_20260825_131458_522,1,baseline_v30_aspect1p5,327,10.9,1,0,,0,,,,
hakonasi_20260825_131458_522,1,baseline_v30_aspect1p5,328,10.933333333333334,1,0,,0,,,,
hakonasi_20260825_131458_522,1,baseline_v30_aspect1p5,329,10.966666666666667,1,0,,0,,,,
hakonasi_20260825_131458_522,1,baseline_v30_aspect1p5,330,11.0,1,0,,0,,,,
hakonasi_20260825_131458_522,1,baseline_v30_aspect1p5,331,11.033333333333333,1,0,,0,,,,
hakonasi_20260825_131458_522,1,baseline_v30_aspect1p5,332,11.066666666666666,1,0,,0,,,,
hakonasi_20260825_131458_522,1,baseline_v30_aspect1p5,333,11.1,1,0,,0,,,,
hakonasi_20260825_131458_522,1,baseline_v30_aspect1p5,334,11.133333333333333,1,0,,0,,,,
hakonasi_20260825_131458_522,1,baseline_v30_aspect1p5,335,11.166666666666666,1,0,,0,,,,
hakonasi_20260825_131458_522,1,baseline_v30_aspect1p5,336,11.2,1,0,,0,,,,
hakonasi_20260825_131458_522,1,baseline_v30_aspect1p5,337,11.233333333333333,1,0,,0,,,,
hakonasi_20260825_131458_522,1,baseline_v30_aspect1p5,338,11.266666666666667,1,0,,0,,,,
hakonasi_20260825_131458_522,1,baseline_v30_aspect1p5,339,11.3,1,0,,0,,,,
hakonasi_20260825_131458_522,1,baseline_v30_aspect1p5,340,11.333333333333334,1,0,,0,,,,
hakonasi_20260825_131458_522,1,baseline_v30_aspect1p5,341,11.366666666666667,1,0,,0,,,,
hakonasi_20260825_131458_522,1,baseline_v30_aspect1p5,342,11.4,1,0,,0,,,,
hakonasi_20260825_131458_522,1,baseline_v30_aspect1p5,343,11.433333333333334,1,0,,0,,,,
hakonasi_20260825_131458_522,1,baseline_v30_aspect1p5,344,11.466666666666667,1,0,,0,,,,
hakonasi_20260825_131458_522,1,baseline_v30_aspect1p5,345,11.5,1,0,,0,,,,
hakonasi_20260825_131458_522,1,baseline_v30_aspect1p5,346,11.533333333333333,1,0,,0,,,,
hakonasi_20260825_131458_522,1,baseline_v30_aspect1p5,347,11.566666666666666,1,0,,0,,,,
hakonasi_20260825_131458_522,1,baseline_v30_aspect1p5,348,11.6,1,0,,0,,,,
hakonasi_20260825_131458_522,1,baseline_v30_aspect1p5,349,11.633333333333333,1,0,,0,,,,
hakonasi_20260825_131458_522,1,baseline_v30_aspect1p5,350,11.666666666666666,1,0,,0,,,,
hakonasi_20260825_131458_522,1,baseline_v30_aspect1p5,351,11.7,1,0,,0,,,,
hakonasi_20260825_131458_522,1,baseline_v30_aspect1p5,352,11.733333333333333,1,0,,0,,,,
hakonasi_20260825_131458_522,1,baseline_v30_aspect1p5,353,11.766666666666667,1,0,,0,,,,
hakonasi_20260825_131458_522,1,baseline_v30_aspect1p5,354,11.8,1,0,,0,,,,
hakonasi_20260825_131458_522,1,baseline_v30_aspect1p5,355,11.833333333333334,1,0,,0,,,,
hakonasi_20260825_131458_522,1,baseline_v30_aspect1p5,356,11.866666666666667,1,0,,0,,,,
hakonasi_20260825_131458_522,1,baseline_v30_aspect1p5,357,11.9,1,0,,0,,,,
hakonasi_20260825_131458_522,1,baseline_v30_aspect1p5,358,11.933333333333334,1,0,,0,,,,
hakonasi_20260825_131458_522,1,baseline_v30_aspect1p5,359,11.966666666666667,1,0,,0,,,,
hakonasi_20260825_131458_522,1,baseline_v30_aspect1p5,360,12.0,1,0,,0,,,,
hakonasi_20260825_131458_522,1,baseline_v30_aspect1p5,361,12.033333333333333,1,0,,0,,,,
hakonasi_20260825_131458_522,1,baseline_v30_aspect1p5,362,12.066666666666666,1,0,,0,,,,
hakonasi_20260825_131458_522,1,baseline_v30_aspect1p5,363,12.1,1,0,,0,,,,
hakonasi_20260825_131458_522,1,baseline_v30_aspect1p5,364,12.133333333333333,1,0,,0,,,,
hakonasi_20260825_131458_522,1,baseline_v30_aspect1p5,365,12.166666666666666,1,0,,0,,,,
hakonasi_20260825_131458_522,1,baseline_v30_aspect1p5,366,12.2,1,0,,0,,,,
hakonasi_20260825_131458_522,1,baseline_v30_aspect1p5,367,12.233333333333333,1,0,,0,,,,
hakonasi_20260825_131458_522,1,baseline_v30_aspect1p5,368,12.266666666666667,1,0,,0,,,,
hakonasi_20260825_131458_522,1,baseline_v30_aspect1p5,369,12.3,1,0,,0,,,,
hakonasi_20260825_131458_522,1,baseline_v30_aspect1p5,370,12.333333333333334,1,0,,0,,,,
hakonasi_20260825_131458_522,1,baseline_v30_aspect1p5,371,12.366666666666667,1,0,,0,,,,
hakonasi_20260825_131458_522,1,baseline_v30_aspect1p5,372,12.4,1,0,,0,,,,
hakonasi_20260825_131458_522,1,baseline_v30_aspect1p5,373,12.433333333333334,1,0,,0,,,,
hakonasi_20260825_131458_522,1,baseline_v30_aspect1p5,374,12.466666666666667,1,0,,0,,,,
hakonasi_20260825_131458_522,1,baseline_v30_aspect1p5,375,12.5,1,0,,0,,,,
hakonasi_20260825_131458_522,1,baseline_v30_aspect1p5,376,12.533333333333333,1,0,,0,,,,
hakonasi_20260825_131458_522,1,baseline_v30_aspect1p5,377,12.566666666666666,1,0,,0,,,,
hakonasi_20260825_131458_522,1,baseline_v30_aspect1p5,378,12.6,1,0,,0,,,,
hakonasi_20260825_131458_522,1,baseline_v30_aspect1p5,379,12.633333333333333,1,0,,0,,,,
hakonasi_20260825_131458_522,1,baseline_v30_aspect1p5,380,12.666666666666666,1,0,,0,,,,
hakonasi_20260825_131458_522,1,baseline_v30_aspect1p5,381,12.7,1,0,,0,,,,
hakonasi_20260825_131458_522,1,baseline_v30_aspect1p5,382,12.733333333333333,1,0,,0,,,,
hakonasi_20260825_131458_522,1,baseline_v30_aspect1p5,383,12.766666666666667,1,0,,0,,,,
hakonasi_20260825_131458_522,1,baseline_v30_aspect1p5,384,12.8,1,0,,0,,,,
hakonasi_20260825_131458_522,1,baseline_v30_aspect1p5,385,12.833333333333334,1,0,,0,,,,
hakonasi_20260825_131458_522,1,baseline_v30_aspect1p5,386,12.866666666666667,1,0,,0,,,,
hakonasi_20260825_131458_522,1,baseline_v30_aspect1p5,387,12.9,1,0,,0,,,,
hakonasi_20260825_131458_522,1,baseline_v30_aspect1p5,388,12.933333333333334,1,0,,0,,,,
hakonasi_20260825_131458_522,1,baseline_v30_aspect1p5,389,12.966666666666667,1,0,,0,,,,
hakonasi_20260825_131458_522,1,baseline_v30_aspect1p5,390,13.0,1,0,,0,,,,
hakonasi_20260825_131458_522,1,baseline_v30_aspect1p5,391,13.033333333333333,1,0,,0,,,,
hakonasi_20260825_131458_522,1,baseline_v30_aspect1p5,392,13.066666666666666,1,0,,0,,,,
hakonasi_20260825_131458_522,1,baseline_v30_aspect1p5,393,13.1,1,0,,0,,,,
hakonasi_20260825_131458_522,1,baseline_v30_aspect1p5,394,13.133333333333333,1,0,,0,,,,
hakonasi_20260825_131458_522,1,baseline_v30_aspect1p5,395,13.166666666666666,1,0,,0,,,,
hakonasi_20260825_131458_522,1,baseline_v30_aspect1p5,396,13.2,1,0,,0,,,,
hakonasi_20260825_131458_522,1,baseline_v30_aspect1p5,397,13.233333333333333,1,0,,0,,,,
hakonasi_20260825_131458_522,1,baseline_v30_aspect1p5,398,13.266666666666667,1,0,,0,,,,
hakonasi_20260825_131458_522,1,baseline_v30_aspect1p5,399,13.3,1,0,,0,,,,
hakonasi_20260825_131458_522,1,baseline_v30_aspect1p5,400,13.333333333333334,1,0,,0,,,,
hakonasi_20260825_131458_522,1,baseline_v30_aspect1p5,401,13.366666666666667,1,0,,0,,,,
hakonasi_20260825_131458_522,1,baseline_v30_aspect1p5,402,13.4,1,0,,0,,,,
hakonasi_20260825_131458_522,1,baseline_v30_aspect1p5,403,13.433333333333334,1,0,,0,,,,
hakonasi_20260825_131458_522,1,baseline_v30_aspect1p5,404,13.466666666666667,1,0,,0,,,,
hakonasi_20260825_131458_522,1,baseline_v30_aspect1p5,405,13.5,1,0,,0,,,,
hakonasi_20260825_131458_522,1,baseline_v30_aspect1p5,406,13.533333333333333,1,0,,0,,,,
hakonasi_20260825_131458_522,1,baseline_v30_aspect1p5,407,13.566666666666666,1,0,,0,,,,
hakonasi_20260825_131458_522,1,baseline_v30_aspect1p5,408,13.6,1,0,,0,,,,
hakonasi_20260825_131458_522,1,baseline_v30_aspect1p5,409,13.633333333333333,1,0,,0,,,,
hakonasi_20260825_131458_522,1,baseline_v30_aspect1p5,410,13.666666666666666,1,0,,0,,,,
hakonasi_20260825_131458_522,1,baseline_v30_aspect1p5,411,13.7,1,0,,0,,,,
hakonasi_20260825_131458_522,1,baseline_v30_aspect1p5,412,13.733333333333333,1,0,,0,,,,
hakonasi_20260825_131458_522,1,baseline_v30_aspect1p5,413,13.766666666666667,1,0,,0,,,,
hakonasi_20260825_131458_522,1,baseline_v30_aspect1p5,414,13.8,1,0,,0,,,,
hakonasi_20260825_131458_522,1,baseline_v30_aspect1p5,415,13.833333333333334,1,0,,0,,,,
hakonasi_20260825_131458_522,1,baseline_v30_aspect1p5,416,13.866666666666667,1,0,,0,,,,
hakonasi_20260825_131458_522,1,baseline_v30_aspect1p5,417,13.9,1,0,,0,,,,
hakonasi_20260825_131458_522,1,baseline_v30_aspect1p5,418,13.933333333333334,1,0,,0,,,,
hakonasi_20260825_131458_522,1,baseline_v30_aspect1p5,419,13.966666666666667,1,0,,0,,,,
hakonasi_20260825_131458_522,1,baseline_v30_aspect1p5,420,14.0,1,0,,0,,,,
hakonasi_20260825_131458_522,1,baseline_v30_aspect1p5,421,14.033333333333333,1,0,,0,,,,
hakonasi_20260825_131458_522,1,baseline_v30_aspect1p5,422,14.066666666666666,1,0,,0,,,,
hakonasi_20260825_131458_522,1,baseline_v30_aspect1p5,423,14.1,1,0,,0,,,,
hakonasi_20260825_131458_522,1,baseline_v30_aspect1p5,424,14.133333333333333,1,0,,0,,,,
hakonasi_20260825_131458_522,1,baseline_v30_aspect1p5,425,14.166666666666666,1,0,,0,,,,
hakonasi_20260825_131458_522,1,baseline_v30_aspect1p5,426,14.2,1,0,,0,,,,
hakonasi_20260825_131458_522,1,baseline_v30_aspect1p5,427,14.233333333333333,1,0,,0,,,,
hakonasi_20260825_131458_522,1,baseline_v30_aspect1p5,428,14.266666666666667,1,0,,0,,,,
hakonasi_20260825_131458_522,1,baseline_v30_aspect1p5,429,14.3,1,0,,0,,,,
hakonasi_20260825_131458_522,1,baseline_v30_aspect1p5,430,14.333333333333334,1,0,,0,,,,
hakonasi_20260825_131458_522,1,baseline_v30_aspect1p5,431,14.366666666666667,1,0,,0,,,,
hakonasi_20260825_131458_522,1,baseline_v30_aspect1p5,432,14.4,1,0,,0,,,,
hakonasi_20260825_131458_522,1,baseline_v30_aspect1p5,433,14.433333333333334,1,0,,0,,,,
hakonasi_20260825_131458_522,1,baseline_v30_aspect1p5,434,14.466666666666667,1,0,,0,,,,
hakonasi_20260825_131458_522,1,baseline_v30_aspect1p5,435,14.5,1,0,,0,,,,
hakonasi_20260825_131458_522,1,baseline_v30_aspect1p5,436,14.533333333333333,1,0,,0,,,,
hakonasi_20260825_131458_522,1,baseline_v30_aspect1p5,437,14.566666666666666,1,0,,0,,,,
hakonasi_20260825_131458_522,1,baseline_v30_aspect1p5,438,14.6,1,0,,0,,,,
hakonasi_20260825_131458_522,1,baseline_v30_aspect1p5,439,14.633333333333333,1,0,,0,,,,
hakonasi_20260825_131458_522,1,baseline_v30_aspect1p5,440,14.666666666666666,1,0,,0,,,,
hakonasi_20260825_131458_522,1,baseline_v30_aspect1p5,441,14.7,1,0,,0,,,,
hakonasi_20260825_131458_522,1,baseline_v30_aspect1p5,442,14.733333333333333,1,0,,0,,,,
hakonasi_20260825_131458_522,1,baseline_v30_aspect1p5,443,14.766666666666667,1,0,,0,,,,
hakonasi_20260825_131458_522,1,baseline_v30_aspect1p5,444,14.8,1,0,,0,,,,
hakonasi_20260825_131458_522,1,baseline_v30_aspect1p5,445,14.833333333333334,1,0,,0,,,,
hakonasi_20260825_131458_522,1,baseline_v30_aspect1p5,446,14.866666666666667,1,0,,0,,,,
hakonasi_20260825_131458_522,1,baseline_v30_aspect1p5,447,14.9,1,0,,0,,,,
hakonasi_20260825_131458_522,1,baseline_v30_aspect1p5,448,14.933333333333334,1,0,,0,,,,
hakonasi_20260825_131458_522,1,baseline_v30_aspect1p5,449,14.966666666666667,1,0,,0,,,,
hakonasi_20260825_131458_522,1,baseline_v30_aspect1p5,450,15.0,1,0,,0,,,,
hakonasi_20260825_131458_522,1,baseline_v30_aspect1p5,451,15.033333333333333,1,0,,0,,,,
hakonasi_20260825_131458_522,1,baseline_v30_aspect1p5,452,15.066666666666666,1,0,,0,,,,
hakonasi_20260825_131458_522,1,baseline_v30_aspect1p5,453,15.1,1,0,,0,,,,
hakonasi_20260825_131458_522,1,baseline_v30_aspect1p5,454,15.133333333333333,1,0,,0,,,,
hakonasi_20260825_131458_522,1,baseline_v30_aspect1p5,455,15.166666666666666,1,0,,0,,,,
hakonasi_20260825_131458_522,1,baseline_v30_aspect1p5,456,15.2,1,0,,0,,,,
hakonasi_20260825_131458_522,1,baseline_v30_aspect1p5,457,15.233333333333333,1,0,,0,,,,
hakonasi_20260825_131458_522,1,baseline_v30_aspect1p5,458,15.266666666666667,1,0,,0,,,,
hakonasi_20260825_131458_522,1,baseline_v30_aspect1p5,459,15.3,1,0,,0,,,,
hakonasi_20260825_131458_522,1,baseline_v30_aspect1p5,460,15.333333333333334,1,0,,0,,,,
hakonasi_20260825_131458_522,1,baseline_v30_aspect1p5,461,15.366666666666667,1,0,,0,,,,
hakonasi_20260825_131458_522,1,baseline_v30_aspect1p5,462,15.4,1,0,,0,,,,
hakonasi_20260825_131458_522,1,baseline_v30_aspect1p5,463,15.433333333333334,1,0,,0,,,,
hakonasi_20260825_131458_522,1,baseline_v30_aspect1p5,464,15.466666666666667,1,0,,0,,,,
hakonasi_20260825_131458_522,1,baseline_v30_aspect1p5,465,15.5,1,0,,0,,,,
hakonasi_20260825_131458_522,1,baseline_v30_aspect1p5,466,15.533333333333333,1,0,,0,,,,
hakonasi_20260825_131458_522,1,baseline_v30_aspect1p5,467,15.566666666666666,1,0,,0,,,,
hakonasi_20260825_131458_522,1,baseline_v30_aspect1p5,468,15.6,1,0,,0,,,,
hakonasi_20260825_131458_522,1,baseline_v30_aspect1p5,469,15.633333333333333,1,0,,0,,,,
hakonasi_20260825_131458_522,1,baseline_v30_aspect1p5,470,15.666666666666666,1,0,,0,,,,
hakonasi_20260825_131458_522,1,baseline_v30_aspect1p5,471,15.7,1,0,,0,,,,
hakonasi_20260825_131458_522,1,baseline_v30_aspect1p5,472,15.733333333333333,1,0,,0,,,,
hakonasi_20260825_131458_522,1,baseline_v30_aspect1p5,473,15.766666666666667,1,0,,0,,,,
hakonasi_20260825_131458_522,1,baseline_v30_aspect1p5,474,15.8,1,0,,0,,,,
hakonasi_20260825_131458_522,1,baseline_v30_aspect1p5,475,15.833333333333334,1,0,,0,,,,
hakonasi_20260825_131458_522,1,baseline_v30_aspect1p5,476,15.866666666666667,1,0,,0,,,,
hakonasi_20260825_131458_522,1,baseline_v30_aspect1p5,477,15.9,1,0,,0,,,,
hakonasi_20260825_131458_522,1,baseline_v30_aspect1p5,478,15.933333333333334,1,0,,0,,,,
hakonasi_20260825_131458_522,1,baseline_v30_aspect1p5,479,15.966666666666667,1,0,,0,,,,
hakonasi_20260825_131458_522,1,baseline_v30_aspect1p5,480,16.0,1,0,,0,,,,
hakonasi_20260825_131458_522,1,baseline_v30_aspect1p5,481,16.033333333333335,1,0,,0,,,,
hakonasi_20260825_131458_522,1,baseline_v30_aspect1p5,482,16.066666666666666,1,0,,0,,,,
hakonasi_20260825_131458_522,1,baseline_v30_aspect1p5,483,16.1,1,0,,0,,,,
hakonasi_20260825_131458_522,1,baseline_v30_aspect1p5,484,16.133333333333333,1,0,,0,,,,
hakonasi_20260825_131458_522,1,baseline_v30_aspect1p5,485,16.166666666666668,1,0,,0,,,,
hakonasi_20260825_131458_522,1,baseline_v30_aspect1p5,486,16.2,1,0,,0,,,,
hakonasi_20260825_131458_522,1,baseline_v30_aspect1p5,487,16.233333333333334,1,0,,0,,,,
hakonasi_20260825_131458_522,1,baseline_v30_aspect1p5,488,16.266666666666666,1,0,,0,,,,
hakonasi_20260825_131458_522,1,baseline_v30_aspect1p5,489,16.3,1,0,,0,,,,
hakonasi_20260825_131458_522,1,baseline_v30_aspect1p5,490,16.333333333333332,1,0,,0,,,,
hakonasi_20260825_131458_522,1,baseline_v30_aspect1p5,491,16.366666666666667,1,0,,0,,,,
hakonasi_20260825_131458_522,1,baseline_v30_aspect1p5,492,16.4,1,0,,0,,,,
hakonasi_20260825_131458_522,1,baseline_v30_aspect1p5,493,16.433333333333334,1,0,,0,,,,
hakonasi_20260825_131458_522,1,baseline_v30_aspect1p5,494,16.466666666666665,1,0,,0,,,,
hakonasi_20260825_131458_522,1,baseline_v30_aspect1p5,495,16.5,1,0,,0,,,,
hakonasi_20260825_131458_522,1,baseline_v30_aspect1p5,496,16.533333333333335,1,0,,0,,,,
hakonasi_20260825_131458_522,1,baseline_v30_aspect1p5,497,16.566666666666666,1,0,,0,,,,
hakonasi_20260825_131458_522,1,baseline_v30_aspect1p5,498,16.6,1,0,,0,,,,
hakonasi_20260825_131458_522,1,baseline_v30_aspect1p5,499,16.633333333333333,1,0,,0,,,,
hakonasi_20260825_131458_522,1,baseline_v30_aspect1p5,500,16.666666666666668,1,0,,0,,,,
hakonasi_20260825_131458_522,1,baseline_v30_aspect1p5,501,16.7,1,0,,0,,,,
hakonasi_20260825_131458_522,1,baseline_v30_aspect1p5,502,16.733333333333334,1,0,,0,,,,
hakonasi_20260825_131458_522,1,baseline_v30_aspect1p5,503,16.766666666666666,1,0,,0,,,,
hakonasi_20260825_131458_522,1,baseline_v30_aspect1p5,504,16.8,1,0,,0,,,,
hakonasi_20260825_131458_522,1,baseline_v30_aspect1p5,505,16.833333333333332,1,0,,0,,,,
hakonasi_20260825_131458_522,1,baseline_v30_aspect1p5,506,16.866666666666667,1,0,,0,,,,
hakonasi_20260825_131458_522,1,baseline_v30_aspect1p5,507,16.9,1,0,,0,,,,
hakonasi_20260825_131458_522,1,baseline_v30_aspect1p5,508,16.933333333333334,1,0,,0,,,,
hakonasi_20260825_131458_522,1,baseline_v30_aspect1p5,509,16.966666666666665,1,0,,0,,,,
hakonasi_20260825_131458_522,1,baseline_v30_aspect1p5,510,17.0,1,0,,0,,,,
hakonasi_20260825_131458_522,1,baseline_v30_aspect1p5,511,17.033333333333335,1,0,,0,,,,
hakonasi_20260825_131458_522,1,baseline_v30_aspect1p5,512,17.066666666666666,1,0,,0,,,,
hakonasi_20260825_131458_522,1,baseline_v30_aspect1p5,513,17.1,1,0,,0,,,,
hakonasi_20260825_131458_522,1,baseline_v30_aspect1p5,514,17.133333333333333,1,0,,0,,,,
hakonasi_20260825_131458_522,1,baseline_v30_aspect1p5,515,17.166666666666668,1,0,,0,,,,
hakonasi_20260825_131458_522,1,baseline_v30_aspect1p5,516,17.2,1,0,,0,,,,
hakonasi_20260825_131458_522,1,baseline_v30_aspect1p5,517,17.233333333333334,1,0,,0,,,,
hakonasi_20260825_131458_522,1,baseline_v30_aspect1p5,518,17.266666666666666,1,0,,0,,,,
hakonasi_20260825_131458_522,1,baseline_v30_aspect1p5,519,17.3,1,0,,0,,,,
hakonasi_20260825_131458_522,1,baseline_v30_aspect1p5,520,17.333333333333332,1,0,,0,,,,
hakonasi_20260825_131458_522,1,baseline_v30_aspect1p5,521,17.366666666666667,1,0,,0,,,,
hakonasi_20260825_131458_522,1,baseline_v30_aspect1p5,522,17.4,1,0,,0,,,,
hakonasi_20260825_131458_522,1,baseline_v30_aspect1p5,523,17.433333333333334,1,0,,0,,,,
hakonasi_20260825_131458_522,1,baseline_v30_aspect1p5,524,17.466666666666665,1,0,,0,,,,
hakonasi_20260825_131458_522,1,baseline_v30_aspect1p5,525,17.5,1,0,,0,,,,
hakonasi_20260825_131458_522,1,baseline_v30_aspect1p5,526,17.533333333333335,1,0,,0,,,,
hakonasi_20260825_131458_522,1,baseline_v30_aspect1p5,527,17.566666666666666,1,0,,0,,,,
hakonasi_20260825_131458_522,1,baseline_v30_aspect1p5,528,17.6,1,0,,0,,,,
hakonasi_20260825_131458_522,1,baseline_v30_aspect1p5,529,17.633333333333333,1,0,,0,,,,
hakonasi_20260825_131458_522,1,baseline_v30_aspect1p5,530,17.666666666666668,1,0,,0,,,,
hakonasi_20260825_131458_522,1,baseline_v30_aspect1p5,531,17.7,1,0,,0,,,,
hakonasi_20260825_131458_522,1,baseline_v30_aspect1p5,532,17.733333333333334,1,0,,0,,,,
hakonasi_20260825_131458_522,1,baseline_v30_aspect1p5,533,17.766666666666666,1,0,,0,,,,
hakonasi_20260825_131458_522,1,baseline_v30_aspect1p5,534,17.8,1,0,,0,,,,
hakonasi_20260825_131458_522,1,baseline_v30_aspect1p5,535,17.833333333333332,1,0,,0,,,,
hakonasi_20260825_131458_522,1,baseline_v30_aspect1p5,536,17.866666666666667,1,0,,0,,,,
hakonasi_20260825_131458_522,1,baseline_v30_aspect1p5,537,17.9,1,0,,0,,,,
hakonasi_20260825_131458_522,1,baseline_v30_aspect1p5,538,17.933333333333334,1,0,,0,,,,
hakonasi_20260825_131458_522,1,baseline_v30_aspect1p5,539,17.966666666666665,1,0,,0,,,,
hakonasi_20260825_131458_522,1,baseline_v30_aspect1p5,540,18.0,1,0,,0,,,,
hakonasi_20260825_131458_522,1,baseline_v30_aspect1p5,541,18.033333333333335,1,0,,0,,,,
hakonasi_20260825_131458_522,1,baseline_v30_aspect1p5,542,18.066666666666666,1,0,,0,,,,
hakonasi_20260825_131458_522,1,baseline_v30_aspect1p5,543,18.1,1,0,,0,,,,
hakonasi_20260825_131458_522,1,baseline_v30_aspect1p5,544,18.133333333333333,1,0,,0,,,,
hakonasi_20260825_131458_522,1,baseline_v30_aspect1p5,545,18.166666666666668,1,0,,0,,,,
hakonasi_20260825_131458_522,1,baseline_v30_aspect1p5,546,18.2,1,0,,0,,,,
hakonasi_20260825_131458_522,1,baseline_v30_aspect1p5,547,18.233333333333334,1,0,,0,,,,
hakonasi_20260825_131458_522,1,baseline_v30_aspect1p5,548,18.266666666666666,1,0,,0,,,,
hakonasi_20260825_131458_522,1,baseline_v30_aspect1p5,549,18.3,1,0,,0,,,,
hakonasi_20260825_131458_522,1,baseline_v30_aspect1p5,550,18.333333333333332,1,0,,0,,,,
hakonasi_20260825_131458_522,1,baseline_v30_aspect1p5,551,18.366666666666667,1,0,,0,,,,
hakonasi_20260825_131458_522,1,baseline_v30_aspect1p5,552,18.4,1,0,,0,,,,
hakonasi_20260825_131458_522,1,baseline_v30_aspect1p5,553,18.433333333333334,1,0,,0,,,,
hakonasi_20260825_131458_522,1,baseline_v30_aspect1p5,554,18.466666666666665,1,0,,0,,,,
hakonasi_20260825_131458_522,1,baseline_v30_aspect1p5,555,18.5,1,0,,0,,,,
hakonasi_20260825_131458_522,1,baseline_v30_aspect1p5,556,18.533333333333335,1,0,,0,,,,
hakonasi_20260825_131458_522,1,baseline_v30_aspect1p5,557,18.566666666666666,1,0,,0,,,,
hakonasi_20260825_131458_522,1,baseline_v30_aspect1p5,558,18.6,1,0,,0,,,,
hakonasi_20260825_131458_522,1,baseline_v30_aspect1p5,559,18.633333333333333,1,0,,0,,,,
hakonasi_20260825_131458_522,1,baseline_v30_aspect1p5,560,18.666666666666668,1,0,,0,,,,
hakonasi_20260825_131458_522,1,baseline_v30_aspect1p5,561,18.7,1,0,,0,,,,
hakonasi_20260825_131458_522,1,baseline_v30_aspect1p5,562,18.733333333333334,1,0,,0,,,,
hakonasi_20260825_131458_522,1,baseline_v30_aspect1p5,563,18.766666666666666,1,0,,0,,,,
hakonasi_20260825_131458_522,1,baseline_v30_aspect1p5,564,18.8,1,0,,0,,,,
hakonasi_20260825_131458_522,1,baseline_v30_aspect1p5,565,18.833333333333332,1,0,,0,,,,
hakonasi_20260825_131458_522,1,baseline_v30_aspect1p5,566,18.866666666666667,1,0,,0,,,,
hakonasi_20260825_131458_522,1,baseline_v30_aspect1p5,567,18.9,1,0,,0,,,,
hakonasi_20260825_131458_522,1,baseline_v30_aspect1p5,568,18.933333333333334,1,0,,0,,,,
hakonasi_20260825_131458_522,1,baseline_v30_aspect1p5,569,18.966666666666665,1,0,,0,,,,
hakonasi_20260825_131458_522,1,baseline_v30_aspect1p5,570,19.0,1,0,,0,,,,
hakonasi_20260825_131458_522,1,baseline_v30_aspect1p5,571,19.033333333333335,1,0,,0,,,,
hakonasi_20260825_131458_522,1,baseline_v30_aspect1p5,572,19.066666666666666,1,0,,0,,,,
hakonasi_20260825_131458_522,1,baseline_v30_aspect1p5,573,19.1,1,0,,0,,,,
hakonasi_20260825_131458_522,1,baseline_v30_aspect1p5,574,19.133333333333333,1,0,,0,,,,
hakonasi_20260825_131458_522,1,baseline_v30_aspect1p5,575,19.166666666666668,1,0,,0,,,,
hakonasi_20260825_131458_522,1,baseline_v30_aspect1p5,576,19.2,1,0,,0,,,,
hakonasi_20260825_131458_522,1,baseline_v30_aspect1p5,577,19.233333333333334,1,0,,0,,,,
hakonasi_20260825_131458_522,1,baseline_v30_aspect1p5,578,19.266666666666666,1,0,,0,,,,
hakonasi_20260825_131458_522,1,baseline_v30_aspect1p5,579,19.3,1,0,,0,,,,
hakonasi_20260825_131458_522,1,baseline_v30_aspect1p5,580,19.333333333333332,1,0,,0,,,,
hakonasi_20260825_131458_522,1,baseline_v30_aspect1p5,581,19.366666666666667,1,0,,0,,,,
hakonasi_20260825_131458_522,1,baseline_v30_aspect1p5,582,19.4,1,0,,0,,,,
hakonasi_20260825_131458_522,1,baseline_v30_aspect1p5,583,19.433333333333334,1,0,,0,,,,
hakonasi_20260825_131458_522,1,baseline_v30_aspect1p5,584,19.466666666666665,1,0,,0,,,,
hakonasi_20260825_131458_522,1,baseline_v30_aspect1p5,585,19.5,1,0,,0,,,,
hakonasi_20260825_131458_522,1,baseline_v30_aspect1p5,586,19.533333333333335,1,0,,0,,,,
hakonasi_20260825_131458_522,1,baseline_v30_aspect1p5,587,19.566666666666666,1,0,,0,,,,
hakonasi_20260825_131458_522,1,baseline_v30_aspect1p5,588,19.6,1,0,,0,,,,
hakonasi_20260825_131458_522,1,baseline_v30_aspect1p5,589,19.633333333333333,1,0,,0,,,,
hakonasi_20260825_131458_522,1,baseline_v30_aspect1p5,590,19.666666666666668,1,0,,0,,,,
hakonasi_20260825_131458_522,1,baseline_v30_aspect1p5,591,19.7,1,0,,0,,,,
hakonasi_20260825_131458_522,1,baseline_v30_aspect1p5,592,19.733333333333334,1,0,,0,,,,
hakonasi_20260825_131458_522,1,baseline_v30_aspect1p5,593,19.766666666666666,1,0,,0,,,,
hakonasi_20260825_131458_522,1,baseline_v30_aspect1p5,594,19.8,1,0,,0,,,,
hakonasi_20260825_131458_522,1,baseline_v30_aspect1p5,595,19.833333333333332,1,0,,0,,,,
hakonasi_20260825_131458_522,1,baseline_v30_aspect1p5,596,19.866666666666667,1,0,,0,,,,
hakonasi_20260825_131458_522,1,baseline_v30_aspect1p5,597,19.9,1,0,,0,,,,
hakonasi_20260825_131458_522,1,baseline_v30_aspect1p5,598,19.933333333333334,1,0,,0,,,,
hakonasi_20260825_131458_522,1,baseline_v30_aspect1p5,599,19.966666666666665,1,0,,0,,,,
hakonasi_20260825_131458_522,1,baseline_v30_aspect1p5,600,20.0,1,0,,0,,,,
hakonasi_20260825_131458_522,1,baseline_v30_aspect1p5,601,20.033333333333335,1,0,,0,,,,
hakonasi_20260825_131458_522,1,baseline_v30_aspect1p5,602,20.066666666666666,1,0,,0,,,,
hakonasi_20260825_131458_522,1,baseline_v30_aspect1p5,603,20.1,1,0,,0,,,,
hakonasi_20260825_131458_522,1,baseline_v30_aspect1p5,604,20.133333333333333,1,0,,0,,,,
hakonasi_20260825_131458_522,1,baseline_v30_aspect1p5,605,20.166666666666668,1,0,,0,,,,
hakonasi_20260825_131458_522,1,baseline_v30_aspect1p5,606,20.2,1,0,,0,,,,
hakonasi_20260825_131458_522,1,baseline_v30_aspect1p5,607,20.233333333333334,1,0,,0,,,,
hakonasi_20260825_131458_522,1,baseline_v30_aspect1p5,608,20.266666666666666,1,0,,0,,,,
hakonasi_20260825_131458_522,1,baseline_v30_aspect1p5,609,20.3,1,0,,0,,,,
hakonasi_20260825_131458_522,1,baseline_v30_aspect1p5,610,20.333333333333332,1,0,,0,,,,
hakonasi_20260825_131458_522,1,baseline_v30_aspect1p5,611,20.366666666666667,1,0,,0,,,,
hakonasi_20260825_131458_522,1,baseline_v30_aspect1p5,612,20.4,1,0,,0,,,,
hakonasi_20260825_131458_522,1,baseline_v30_aspect1p5,613,20.433333333333334,1,0,,0,,,,
hakonasi_20260825_131458_522,1,baseline_v30_aspect1p5,614,20.466666666666665,1,0,,0,,,,
hakonasi_20260825_131458_522,1,baseline_v30_aspect1p5,615,20.5,1,0,,0,,,,
hakonasi_20260825_131458_522,1,baseline_v30_aspect1p5,616,20.533333333333335,1,0,,0,,,,
hakonasi_20260825_131458_522,1,baseline_v30_aspect1p5,617,20.566666666666666,1,0,,0,,,,
hakonasi_20260825_131458_522,1,baseline_v30_aspect1p5,618,20.6,1,0,,0,,,,
hakonasi_20260825_131458_522,1,baseline_v30_aspect1p5,619,20.633333333333333,1,0,,0,,,,
hakonasi_20260825_131458_522,1,baseline_v30_aspect1p5,620,20.666666666666668,1,0,,0,,,,
hakonasi_20260825_131458_522,1,baseline_v30_aspect1p5,621,20.7,1,0,,0,,,,
hakonasi_20260825_131458_522,1,baseline_v30_aspect1p5,622,20.733333333333334,1,0,,0,,,,
hakonasi_20260825_131458_522,1,baseline_v30_aspect1p5,623,20.766666666666666,1,0,,0,,,,
hakonasi_20260825_131458_522,1,baseline_v30_aspect1p5,624,20.8,1,0,,0,,,,
hakonasi_20260825_131458_522,1,baseline_v30_aspect1p5,625,20.833333333333332,1,0,,0,,,,
hakonasi_20260825_131458_522,1,baseline_v30_aspect1p5,626,20.866666666666667,1,0,,0,,,,
hakonasi_20260825_131458_522,1,baseline_v30_aspect1p5,627,20.9,1,0,,0,,,,
hakonasi_20260825_131458_522,1,baseline_v30_aspect1p5,628,20.933333333333334,1,0,,0,,,,
hakonasi_20260825_131458_522,1,baseline_v30_aspect1p5,629,20.966666666666665,1,0,,0,,,,
hakonasi_20260825_131458_522,1,baseline_v30_aspect1p5,630,21.0,1,0,,0,,,,
hakonasi_20260825_131458_522,1,baseline_v30_aspect1p5,631,21.033333333333335,1,0,,0,,,,
hakonasi_20260825_131458_522,1,baseline_v30_aspect1p5,632,21.066666666666666,1,0,,0,,,,
hakonasi_20260825_131458_522,1,baseline_v30_aspect1p5,633,21.1,1,0,,0,,,,
hakonasi_20260825_131458_522,1,baseline_v30_aspect1p5,634,21.133333333333333,1,0,,0,,,,
hakonasi_20260825_131458_522,1,baseline_v30_aspect1p5,635,21.166666666666668,1,0,,0,,,,
hakonasi_20260825_131458_522,1,baseline_v30_aspect1p5,636,21.2,1,0,,0,,,,
hakonasi_20260825_131458_522,1,baseline_v30_aspect1p5,637,21.233333333333334,1,0,,0,,,,
hakonasi_20260825_131458_522,1,baseline_v30_aspect1p5,638,21.266666666666666,1,0,,0,,,,
hakonasi_20260825_131458_522,1,baseline_v30_aspect1p5,639,21.3,1,0,,0,,,,
hakonasi_20260825_131458_522,1,baseline_v30_aspect1p5,640,21.333333333333332,1,0,,0,,,,
hakonasi_20260825_131458_522,1,baseline_v30_aspect1p5,641,21.366666666666667,1,0,,0,,,,
hakonasi_20260825_131458_522,1,baseline_v30_aspect1p5,642,21.4,1,0,,0,,,,
hakonasi_20260825_131458_522,1,baseline_v30_aspect1p5,643,21.433333333333334,1,0,,0,,,,
hakonasi_20260825_131458_522,1,baseline_v30_aspect1p5,644,21.466666666666665,1,0,,0,,,,
hakonasi_20260825_131458_522,1,baseline_v30_aspect1p5,645,21.5,1,0,,0,,,,
hakonasi_20260825_131458_522,1,baseline_v30_aspect1p5,646,21.533333333333335,1,0,,0,,,,
hakonasi_20260825_131458_522,1,baseline_v30_aspect1p5,647,21.566666666666666,1,0,,0,,,,
hakonasi_20260825_131458_522,1,baseline_v30_aspect1p5,648,21.6,1,0,,0,,,,
hakonasi_20260825_131458_522,1,baseline_v30_aspect1p5,649,21.633333333333333,1,0,,0,,,,
hakonasi_20260825_131458_522,1,baseline_v30_aspect1p5,650,21.666666666666668,1,0,,0,,,,
hakonasi_20260825_131458_522,1,baseline_v30_aspect1p5,651,21.7,1,0,,0,,,,
hakonasi_20260825_131458_522,1,baseline_v30_aspect1p5,652,21.733333333333334,1,0,,0,,,,
hakonasi_20260825_131458_522,1,baseline_v30_aspect1p5,653,21.766666666666666,1,0,,0,,,,
hakonasi_20260825_131458_522,1,baseline_v30_aspect1p5,654,21.8,1,0,,0,,,,
hakonasi_20260825_131458_522,1,baseline_v30_aspect1p5,655,21.833333333333332,1,0,,0,,,,
hakonasi_20260825_131458_522,1,baseline_v30_aspect1p5,656,21.866666666666667,1,0,,0,,,,
hakonasi_20260825_131458_522,1,baseline_v30_aspect1p5,657,21.9,1,0,,0,,,,
hakonasi_20260825_131458_522,1,baseline_v30_aspect1p5,658,21.933333333333334,1,0,,0,,,,
hakonasi_20260825_131458_522,1,baseline_v30_aspect1p5,659,21.966666666666665,1,0,,0,,,,
hakonasi_20260825_131458_522,1,baseline_v30_aspect1p5,660,22.0,1,0,,0,,,,
hakonasi_20260825_131458_522,1,baseline_v30_aspect1p5,661,22.033333333333335,1,0,,0,,,,
hakonasi_20260825_131458_522,1,baseline_v30_aspect1p5,662,22.066666666666666,1,0,,0,,,,
hakonasi_20260825_131458_522,1,baseline_v30_aspect1p5,663,22.1,1,0,,0,,,,
hakonasi_20260825_131458_522,1,baseline_v30_aspect1p5,664,22.133333333333333,1,0,,0,,,,
hakonasi_20260825_131458_522,1,baseline_v30_aspect1p5,665,22.166666666666668,1,0,,0,,,,
hakonasi_20260825_131458_522,1,baseline_v30_aspect1p5,666,22.2,1,0,,0,,,,
hakonasi_20260825_131458_522,1,baseline_v30_aspect1p5,667,22.233333333333334,1,0,,0,,,,
hakonasi_20260825_131458_522,1,baseline_v30_aspect1p5,668,22.266666666666666,1,0,,0,,,,
hakonasi_20260825_131458_522,1,baseline_v30_aspect1p5,669,22.3,1,0,,0,,,,
hakonasi_20260825_131458_522,1,baseline_v30_aspect1p5,670,22.333333333333332,1,0,,0,,,,
hakonasi_20260825_131458_522,1,baseline_v30_aspect1p5,671,22.366666666666667,1,0,,0,,,,
hakonasi_20260825_131458_522,1,baseline_v30_aspect1p5,672,22.4,1,0,,0,,,,
hakonasi_20260825_131458_522,1,baseline_v30_aspect1p5,673,22.433333333333334,1,0,,0,,,,
hakonasi_20260825_131458_522,1,baseline_v30_aspect1p5,674,22.466666666666665,1,0,,0,,,,
hakonasi_20260825_131458_522,1,baseline_v30_aspect1p5,675,22.5,1,0,,0,,,,
hakonasi_20260825_131458_522,1,baseline_v30_aspect1p5,676,22.533333333333335,1,0,,0,,,,
hakonasi_20260825_131458_522,1,baseline_v30_aspect1p5,677,22.566666666666666,1,0,,0,,,,
hakonasi_20260825_131458_522,1,baseline_v30_aspect1p5,678,22.6,1,0,,0,,,,
hakonasi_20260825_131458_522,1,baseline_v30_aspect1p5,679,22.633333333333333,1,0,,0,,,,
hakonasi_20260825_131458_522,1,baseline_v30_aspect1p5,680,22.666666666666668,1,0,,0,,,,
hakonasi_20260825_131458_522,1,baseline_v30_aspect1p5,681,22.7,1,0,,0,,,,
hakonasi_20260825_131458_522,1,baseline_v30_aspect1p5,682,22.733333333333334,1,0,,0,,,,
hakonasi_20260825_131458_522,1,baseline_v30_aspect1p5,683,22.766666666666666,1,0,,0,,,,
hakonasi_20260825_131458_522,1,baseline_v30_aspect1p5,684,22.8,1,0,,0,,,,
hakonasi_20260825_131458_522,1,baseline_v30_aspect1p5,685,22.833333333333332,1,0,,0,,,,
hakonasi_20260825_131458_522,1,baseline_v30_aspect1p5,686,22.866666666666667,1,0,,0,,,,
hakonasi_20260825_131458_522,1,baseline_v30_aspect1p5,687,22.9,1,0,,0,,,,
hakonasi_20260825_131458_522,1,baseline_v30_aspect1p5,688,22.933333333333334,1,0,,0,,,,
hakonasi_20260825_131458_522,1,baseline_v30_aspect1p5,689,22.966666666666665,1,0,,0,,,,
hakonasi_20260825_131458_522,1,baseline_v30_aspect1p5,690,23.0,1,0,,0,,,,
hakonasi_20260825_131458_522,1,baseline_v30_aspect1p5,691,23.033333333333335,1,0,,0,,,,
hakonasi_20260825_131458_522,1,baseline_v30_aspect1p5,692,23.066666666666666,1,0,,0,,,,
hakonasi_20260825_131458_522,1,baseline_v30_aspect1p5,693,23.1,1,0,,0,,,,
hakonasi_20260825_131458_522,1,baseline_v30_aspect1p5,694,23.133333333333333,1,0,,0,,,,
hakonasi_20260825_131458_522,1,baseline_v30_aspect1p5,695,23.166666666666668,1,0,,0,,,,
hakonasi_20260825_131458_522,1,baseline_v30_aspect1p5,696,23.2,1,0,,0,,,,
hakonasi_20260825_131458_522,1,baseline_v30_aspect1p5,697,23.233333333333334,1,0,,0,,,,
hakonasi_20260825_131458_522,1,baseline_v30_aspect1p5,698,23.266666666666666,1,0,,0,,,,
hakonasi_20260825_131458_522,1,baseline_v30_aspect1p5,699,23.3,1,0,,0,,,,
hakonasi_20260825_131458_522,1,baseline_v30_aspect1p5,700,23.333333333333332,1,0,,0,,,,
hakonasi_20260825_131458_522,1,baseline_v30_aspect1p5,701,23.366666666666667,1,0,,0,,,,
hakonasi_20260825_131458_522,1,baseline_v30_aspect1p5,702,23.4,1,0,,0,,,,
hakonasi_20260825_131458_522,1,baseline_v30_aspect1p5,703,23.433333333333334,1,0,,0,,,,
hakonasi_20260825_131458_522,1,baseline_v30_aspect1p5,704,23.466666666666665,1,0,,0,,,,
hakonasi_20260825_131458_522,1,baseline_v30_aspect1p5,705,23.5,1,0,,0,,,,
hakonasi_20260825_131458_522,1,baseline_v30_aspect1p5,706,23.533333333333335,1,0,,0,,,,
hakonasi_20260825_131458_522,1,baseline_v30_aspect1p5,707,23.566666666666666,1,0,,0,,,,
hakonasi_20260825_131458_522,1,baseline_v30_aspect1p5,708,23.6,1,0,,0,,,,
hakonasi_20260825_131458_522,1,baseline_v30_aspect1p5,709,23.633333333333333,1,0,,0,,,,
hakonasi_20260825_131458_522,1,baseline_v30_aspect1p5,710,23.666666666666668,1,0,,0,,,,
hakonasi_20260825_131458_522,1,baseline_v30_aspect1p5,711,23.7,1,0,,0,,,,
hakonasi_20260825_131458_522,1,baseline_v30_aspect1p5,712,23.733333333333334,1,0,,0,,,,
hakonasi_20260825_131458_522,1,baseline_v30_aspect1p5,713,23.766666666666666,1,0,,0,,,,
hakonasi_20260825_131458_522,1,baseline_v30_aspect1p5,714,23.8,1,0,,0,,,,
hakonasi_20260825_131458_522,1,baseline_v30_aspect1p5,715,23.833333333333332,1,0,,0,,,,
hakonasi_20260825_131458_522,1,baseline_v30_aspect1p5,716,23.866666666666667,1,0,,0,,,,
hakonasi_20260825_131458_522,1,baseline_v30_aspect1p5,717,23.9,1,0,,0,,,,
hakonasi_20260825_131458_522,1,baseline_v30_aspect1p5,718,23.933333333333334,1,0,,0,,,,
hakonasi_20260825_131458_522,1,baseline_v30_aspect1p5,719,23.966666666666665,1,0,,0,,,,
hakonasi_20260825_131458_522,1,baseline_v30_aspect1p5,720,24.0,1,0,,0,,,,
hakonasi_20260825_131458_522,1,baseline_v30_aspect1p5,721,24.033333333333335,1,0,,0,,,,
hakonasi_20260825_131458_522,1,baseline_v30_aspect1p5,722,24.066666666666666,1,0,,0,,,,
hakonasi_20260825_131458_522,1,baseline_v30_aspect1p5,723,24.1,1,0,,0,,,,
hakonasi_20260825_131458_522,1,baseline_v30_aspect1p5,724,24.133333333333333,1,0,,0,,,,
hakonasi_20260825_131458_522,1,baseline_v30_aspect1p5,725,24.166666666666668,1,0,,0,,,,
hakonasi_20260825_131458_522,1,baseline_v30_aspect1p5,726,24.2,1,0,,0,,,,
hakonasi_20260825_131458_522,1,baseline_v30_aspect1p5,727,24.233333333333334,1,0,,0,,,,
hakonasi_20260825_131458_522,1,baseline_v30_aspect1p5,728,24.266666666666666,1,0,,0,,,,
hakonasi_20260825_131458_522,1,baseline_v30_aspect1p5,729,24.3,1,0,,0,,,,
hakonasi_20260825_131458_522,1,baseline_v30_aspect1p5,730,24.333333333333332,1,0,,0,,,,
hakonasi_20260825_131458_522,1,baseline_v30_aspect1p5,731,24.366666666666667,1,0,,0,,,,
hakonasi_20260825_131458_522,1,baseline_v30_aspect1p5,732,24.4,1,0,,0,,,,
hakonasi_20260825_131458_522,1,baseline_v30_aspect1p5,733,24.433333333333334,1,0,,0,,,,
hakonasi_20260825_131458_522,1,baseline_v30_aspect1p5,734,24.466666666666665,1,0,,0,,,,
hakonasi_20260825_131458_522,1,baseline_v30_aspect1p5,735,24.5,1,0,,0,,,,
hakonasi_20260825_131458_522,1,baseline_v30_aspect1p5,736,24.533333333333335,1,0,,0,,,,
hakonasi_20260825_131458_522,1,baseline_v30_aspect1p5,737,24.566666666666666,1,0,,0,,,,
hakonasi_20260825_131458_522,1,baseline_v30_aspect1p5,738,24.6,1,0,,0,,,,
hakonasi_20260825_131458_522,1,baseline_v30_aspect1p5,739,24.633333333333333,1,0,,0,,,,
hakonasi_20260825_131458_522,1,baseline_v30_aspect1p5,740,24.666666666666668,1,0,,0,,,,
hakonasi_20260825_131458_522,1,baseline_v30_aspect1p5,741,24.7,1,0,,0,,,,
hakonasi_20260825_131458_522,1,baseline_v30_aspect1p5,742,24.733333333333334,1,0,,0,,,,
hakonasi_20260825_131458_522,1,baseline_v30_aspect1p5,743,24.766666666666666,1,0,,0,,,,
hakonasi_20260825_131458_522,1,baseline_v30_aspect1p5,744,24.8,1,0,,0,,,,
hakonasi_20260825_131458_522,1,baseline_v30_aspect1p5,745,24.833333333333332,1,0,,0,,,,
hakonasi_20260825_131458_522,1,baseline_v30_aspect1p5,746,24.866666666666667,1,0,,0,,,,
hakonasi_20260825_131458_522,1,baseline_v30_aspect1p5,747,24.9,1,0,,0,,,,
hakonasi_20260825_131458_522,1,baseline_v30_aspect1p5,748,24.933333333333334,1,0,,0,,,,
hakonasi_20260825_131458_522,1,baseline_v30_aspect1p5,749,24.966666666666665,1,0,,0,,,,
hakonasi_20260825_131458_522,1,baseline_v30_aspect1p5,750,25.0,1,0,,0,,,,
hakonasi_20260825_131458_522,1,baseline_v30_aspect1p5,751,25.033333333333335,1,0,,0,,,,
hakonasi_20260825_131458_522,1,baseline_v30_aspect1p5,752,25.066666666666666,1,0,,0,,,,
hakonasi_20260825_131458_522,1,baseline_v30_aspect1p5,753,25.1,1,0,,0,,,,
hakonasi_20260825_131458_522,1,baseline_v30_aspect1p5,754,25.133333333333333,1,0,,0,,,,
hakonasi_20260825_131458_522,1,baseline_v30_aspect1p5,755,25.166666666666668,1,0,,0,,,,
hakonasi_20260825_131458_522,1,baseline_v30_aspect1p5,756,25.2,1,0,,0,,,,
hakonasi_20260825_131458_522,1,baseline_v30_aspect1p5,757,25.233333333333334,1,0,,0,,,,
hakonasi_20260825_131458_522,1,baseline_v30_aspect1p5,758,25.266666666666666,1,0,,0,,,,
hakonasi_20260825_131458_522,1,baseline_v30_aspect1p5,759,25.3,1,0,,0,,,,
hakonasi_20260825_131458_522,1,baseline_v30_aspect1p5,760,25.333333333333332,1,0,,0,,,,
hakonasi_20260825_131458_522,1,baseline_v30_aspect1p5,761,25.366666666666667,1,0,,0,,,,
hakonasi_20260825_131458_522,1,baseline_v30_aspect1p5,762,25.4,1,0,,0,,,,
hakonasi_20260825_131458_522,1,baseline_v30_aspect1p5,763,25.433333333333334,1,0,,0,,,,
hakonasi_20260825_131458_522,1,baseline_v30_aspect1p5,764,25.466666666666665,1,0,,0,,,,
hakonasi_20260825_131458_522,1,baseline_v30_aspect1p5,765,25.5,1,0,,0,,,,
hakonasi_20260825_131458_522,1,baseline_v30_aspect1p5,766,25.533333333333335,1,0,,0,,,,
hakonasi_20260825_131458_522,1,baseline_v30_aspect1p5,767,25.566666666666666,1,0,,0,,,,
hakonasi_20260825_131458_522,1,baseline_v30_aspect1p5,768,25.6,1,0,,0,,,,
hakonasi_20260825_131458_522,1,baseline_v30_aspect1p5,769,25.633333333333333,1,0,,0,,,,
hakonasi_20260825_131458_522,1,baseline_v30_aspect1p5,770,25.666666666666668,1,0,,0,,,,
hakonasi_20260825_131458_522,1,baseline_v30_aspect1p5,771,25.7,1,0,,0,,,,
hakonasi_20260825_131458_522,1,baseline_v30_aspect1p5,772,25.733333333333334,1,0,,0,,,,
hakonasi_20260825_131458_522,1,baseline_v30_aspect1p5,773,25.766666666666666,1,0,,0,,,,
hakonasi_20260825_131458_522,1,baseline_v30_aspect1p5,774,25.8,1,0,,0,,,,
hakonasi_20260825_131458_522,1,baseline_v30_aspect1p5,775,25.833333333333332,1,0,,0,,,,
hakonasi_20260825_131458_522,1,baseline_v30_aspect1p5,776,25.866666666666667,1,0,,0,,,,
hakonasi_20260825_131458_522,1,baseline_v30_aspect1p5,777,25.9,1,0,,0,,,,
hakonasi_20260825_131458_522,1,baseline_v30_aspect1p5,778,25.933333333333334,1,0,,0,,,,
hakonasi_20260825_131458_522,1,baseline_v30_aspect1p5,779,25.966666666666665,1,0,,0,,,,
hakonasi_20260825_131458_522,1,baseline_v30_aspect1p5,780,26.0,1,0,,0,,,,
hakonasi_20260825_131458_522,1,baseline_v30_aspect1p5,781,26.033333333333335,1,0,,0,,,,
hakonasi_20260825_131458_522,1,baseline_v30_aspect1p5,782,26.066666666666666,1,0,,0,,,,
hakonasi_20260825_131458_522,1,baseline_v30_aspect1p5,783,26.1,1,0,,0,,,,
hakonasi_20260825_131458_522,1,baseline_v30_aspect1p5,784,26.133333333333333,1,0,,0,,,,
hakonasi_20260825_131458_522,1,baseline_v30_aspect1p5,785,26.166666666666668,1,0,,0,,,,
hakonasi_20260825_131458_522,1,baseline_v30_aspect1p5,786,26.2,1,0,,0,,,,
hakonasi_20260825_131458_522,1,baseline_v30_aspect1p5,787,26.233333333333334,1,0,,0,,,,
hakonasi_20260825_131458_522,1,baseline_v30_aspect1p5,788,26.266666666666666,1,0,,0,,,,
hakonasi_20260825_131458_522,1,baseline_v30_aspect1p5,789,26.3,1,0,,0,,,,
hakonasi_20260825_131458_522,1,baseline_v30_aspect1p5,790,26.333333333333332,1,0,,0,,,,
hakonasi_20260825_131458_522,1,baseline_v30_aspect1p5,791,26.366666666666667,1,0,,0,,,,
hakonasi_20260825_131458_522,1,baseline_v30_aspect1p5,792,26.4,1,0,,0,,,,
hakonasi_20260825_131458_522,1,baseline_v30_aspect1p5,793,26.433333333333334,1,0,,0,,,,
hakonasi_20260825_131458_522,1,baseline_v30_aspect1p5,794,26.466666666666665,1,0,,0,,,,
hakonasi_20260825_131458_522,1,baseline_v30_aspect1p5,795,26.5,1,0,,0,,,,
hakonasi_20260825_131458_522,1,baseline_v30_aspect1p5,796,26.533333333333335,1,0,,0,,,,
hakonasi_20260825_131458_522,1,baseline_v30_aspect1p5,797,26.566666666666666,1,0,,0,,,,
hakonasi_20260825_131458_522,1,baseline_v30_aspect1p5,798,26.6,1,0,,0,,,,
hakonasi_20260825_131458_522,1,baseline_v30_aspect1p5,799,26.633333333333333,1,0,,0,,,,
hakonasi_20260825_131458_522,1,baseline_v30_aspect1p5,800,26.666666666666668,1,0,,0,,,,
hakonasi_20260825_131458_522,1,baseline_v30_aspect1p5,801,26.7,1,0,,0,,,,
hakonasi_20260825_131458_522,1,baseline_v30_aspect1p5,802,26.733333333333334,1,0,,0,,,,
hakonasi_20260825_131458_522,1,baseline_v30_aspect1p5,803,26.766666666666666,1,0,,0,,,,
hakonasi_20260825_131458_522,1,baseline_v30_aspect1p5,804,26.8,1,0,,0,,,,
hakonasi_20260825_131458_522,1,baseline_v30_aspect1p5,805,26.833333333333332,1,0,,0,,,,
hakonasi_20260825_131458_522,1,baseline_v30_aspect1p5,806,26.866666666666667,1,0,,0,,,,
hakonasi_20260825_131458_522,1,baseline_v30_aspect1p5,807,26.9,1,0,,0,,,,
hakonasi_20260825_131458_522,1,baseline_v30_aspect1p5,808,26.933333333333334,1,0,,0,,,,
hakonasi_20260825_131458_522,1,baseline_v30_aspect1p5,809,26.966666666666665,1,0,,0,,,,
hakonasi_20260825_131458_522,1,baseline_v30_aspect1p5,810,27.0,1,0,,0,,,,
hakonasi_20260825_131458_522,1,baseline_v30_aspect1p5,811,27.033333333333335,1,0,,0,,,,
hakonasi_20260825_131458_522,1,baseline_v30_aspect1p5,812,27.066666666666666,1,0,,0,,,,
hakonasi_20260825_131458_522,1,baseline_v30_aspect1p5,813,27.1,1,0,,0,,,,
hakonasi_20260825_131458_522,1,baseline_v30_aspect1p5,814,27.133333333333333,1,0,,0,,,,
hakonasi_20260825_131458_522,1,baseline_v30_aspect1p5,815,27.166666666666668,1,0,,0,,,,
hakonasi_20260825_131458_522,1,baseline_v30_aspect1p5,816,27.2,1,0,,0,,,,
hakonasi_20260825_131458_522,1,baseline_v30_aspect1p5,817,27.233333333333334,1,0,,0,,,,
hakonasi_20260825_131458_522,1,baseline_v30_aspect1p5,818,27.266666666666666,1,0,,0,,,,
hakonasi_20260825_131458_522,1,baseline_v30_aspect1p5,819,27.3,1,0,,0,,,,
hakonasi_20260825_131458_522,1,baseline_v30_aspect1p5,820,27.333333333333332,1,0,,0,,,,
hakonasi_20260825_131458_522,1,baseline_v30_aspect1p5,821,27.366666666666667,1,0,,0,,,,
hakonasi_20260825_131458_522,1,baseline_v30_aspect1p5,822,27.4,1,0,,0,,,,
hakonasi_20260825_131458_522,1,baseline_v30_aspect1p5,823,27.433333333333334,1,0,,0,,,,
hakonasi_20260825_131458_522,1,baseline_v30_aspect1p5,824,27.466666666666665,1,0,,0,,,,
hakonasi_20260825_131458_522,1,baseline_v30_aspect1p5,825,27.5,1,0,,0,,,,
hakonasi_20260825_131458_522,1,baseline_v30_aspect1p5,826,27.533333333333335,1,0,,0,,,,
hakonasi_20260825_131458_522,1,baseline_v30_aspect1p5,827,27.566666666666666,1,0,,0,,,,
hakonasi_20260825_131458_522,1,baseline_v30_aspect1p5,828,27.6,1,0,,0,,,,
hakonasi_20260825_131458_522,1,baseline_v30_aspect1p5,829,27.633333333333333,1,0,,0,,,,
hakonasi_20260825_131458_522,1,baseline_v30_aspect1p5,830,27.666666666666668,1,0,,0,,,,
hakonasi_20260825_131458_522,1,baseline_v30_aspect1p5,831,27.7,1,0,,0,,,,
hakonasi_20260825_131458_522,1,baseline_v30_aspect1p5,832,27.733333333333334,1,0,,0,,,,
hakonasi_20260825_131458_522,1,baseline_v30_aspect1p5,833,27.766666666666666,1,0,,0,,,,
hakonasi_20260825_131458_522,1,baseline_v30_aspect1p5,834,27.8,1,0,,0,,,,
hakonasi_20260825_131458_522,1,baseline_v30_aspect1p5,835,27.833333333333332,1,0,,0,,,,
hakonasi_20260825_131458_522,1,baseline_v30_aspect1p5,836,27.866666666666667,1,0,,0,,,,
hakonasi_20260825_131458_522,1,baseline_v30_aspect1p5,837,27.9,1,0,,0,,,,
hakonasi_20260825_131458_522,1,baseline_v30_aspect1p5,838,27.933333333333334,1,0,,0,,,,
hakonasi_20260825_131458_522,1,baseline_v30_aspect1p5,839,27.966666666666665,1,0,,0,,,,
hakonasi_20260825_131458_522,1,baseline_v30_aspect1p5,840,28.0,1,0,,0,,,,
hakonasi_20260825_131458_522,1,baseline_v30_aspect1p5,841,28.033333333333335,1,0,,0,,,,
hakonasi_20260825_131458_522,1,baseline_v30_aspect1p5,842,28.066666666666666,1,0,,0,,,,
hakonasi_20260825_131458_522,1,baseline_v30_aspect1p5,843,28.1,1,0,,0,,,,
hakonasi_20260825_131458_522,1,baseline_v30_aspect1p5,844,28.133333333333333,1,0,,0,,,,
hakonasi_20260825_131458_522,1,baseline_v30_aspect1p5,845,28.166666666666668,1,0,,0,,,,
hakonasi_20260825_131458_522,1,baseline_v30_aspect1p5,846,28.2,1,0,,0,,,,
hakonasi_20260825_131458_522,1,baseline_v30_aspect1p5,847,28.233333333333334,1,0,,0,,,,
hakonasi_20260825_131458_522,1,baseline_v30_aspect1p5,848,28.266666666666666,1,0,,0,,,,
hakonasi_20260825_131458_522,1,baseline_v30_aspect1p5,849,28.3,1,0,,0,,,,
hakonasi_20260825_131458_522,1,baseline_v30_aspect1p5,850,28.333333333333332,1,0,,0,,,,
hakonasi_20260825_131458_522,1,baseline_v30_aspect1p5,851,28.366666666666667,1,0,,0,,,,
hakonasi_20260825_131458_522,1,baseline_v30_aspect1p5,852,28.4,1,0,,0,,,,
hakonasi_20260825_131458_522,1,baseline_v30_aspect1p5,853,28.433333333333334,1,0,,0,,,,
hakonasi_20260825_131458_522,1,v20_aspect1p5,1,0.03333333333333333,1,0,,0,,,,
hakonasi_20260825_131458_522,1,v20_aspect1p5,2,0.06666666666666667,1,0,,0,,,,
hakonasi_20260825_131458_522,1,v20_aspect1p5,3,0.1,1,0,,0,,,,
hakonasi_20260825_131458_522,1,v20_aspect1p5,4,0.13333333333333333,1,0,,0,,,,
hakonasi_20260825_131458_522,1,v20_aspect1p5,5,0.16666666666666666,1,0,,0,,,,
hakonasi_20260825_131458_522,1,v20_aspect1p5,6,0.2,1,0,,0,,,,
hakonasi_20260825_131458_522,1,v20_aspect1p5,7,0.23333333333333334,1,0,,0,,,,
hakonasi_20260825_131458_522,1,v20_aspect1p5,8,0.26666666666666666,1,0,,0,,,,
hakonasi_20260825_131458_522,1,v20_aspect1p5,9,0.3,1,0,,0,,,,
hakonasi_20260825_131458_522,1,v20_aspect1p5,10,0.3333333333333333,1,0,,0,,,,
hakonasi_20260825_131458_522,1,v20_aspect1p5,11,0.36666666666666664,1,0,,0,,,,
hakonasi_20260825_131458_522,1,v20_aspect1p5,12,0.4,1,0,,0,,,,
hakonasi_20260825_131458_522,1,v20_aspect1p5,13,0.43333333333333335,1,0,,0,,,,
hakonasi_20260825_131458_522,1,v20_aspect1p5,14,0.4666666666666667,1,0,,0,,,,
hakonasi_20260825_131458_522,1,v20_aspect1p5,15,0.5,1,0,,0,,,,
hakonasi_20260825_131458_522,1,v20_aspect1p5,16,0.5333333333333333,1,0,,0,,,,
hakonasi_20260825_131458_522,1,v20_aspect1p5,17,0.5666666666666667,1,0,,0,,,,
hakonasi_20260825_131458_522,1,v20_aspect1p5,18,0.6,1,0,,0,,,,
hakonasi_20260825_131458_522,1,v20_aspect1p5,19,0.6333333333333333,1,0,,0,,,,
hakonasi_20260825_131458_522,1,v20_aspect1p5,20,0.6666666666666666,1,0,,0,,,,
hakonasi_20260825_131458_522,1,v20_aspect1p5,21,0.7,1,0,,0,,,,
hakonasi_20260825_131458_522,1,v20_aspect1p5,22,0.7333333333333333,1,0,,0,,,,
hakonasi_20260825_131458_522,1,v20_aspect1p5,23,0.7666666666666667,1,0,,0,,,,
hakonasi_20260825_131458_522,1,v20_aspect1p5,24,0.8,1,0,,0,,,,
hakonasi_20260825_131458_522,1,v20_aspect1p5,25,0.8333333333333334,1,0,,0,,,,
hakonasi_20260825_131458_522,1,v20_aspect1p5,26,0.8666666666666667,1,0,,0,,,,
hakonasi_20260825_131458_522,1,v20_aspect1p5,27,0.9,1,0,,0,,,,
hakonasi_20260825_131458_522,1,v20_aspect1p5,28,0.9333333333333333,1,0,,0,,,,
hakonasi_20260825_131458_522,1,v20_aspect1p5,29,0.9666666666666667,1,0,,0,,,,
hakonasi_20260825_131458_522,1,v20_aspect1p5,30,1.0,1,0,,0,,,,
hakonasi_20260825_131458_522,1,v20_aspect1p5,31,1.0333333333333334,1,0,,0,,,,
hakonasi_20260825_131458_522,1,v20_aspect1p5,32,1.0666666666666667,1,0,,0,,,,
hakonasi_20260825_131458_522,1,v20_aspect1p5,33,1.1,1,0,,0,,,,
hakonasi_20260825_131458_522,1,v20_aspect1p5,34,1.1333333333333333,1,0,,0,,,,
hakonasi_20260825_131458_522,1,v20_aspect1p5,35,1.1666666666666667,1,0,,0,,,,
hakonasi_20260825_131458_522,1,v20_aspect1p5,36,1.2,1,0,,0,,,,
hakonasi_20260825_131458_522,1,v20_aspect1p5,37,1.2333333333333334,1,0,,0,,,,
hakonasi_20260825_131458_522,1,v20_aspect1p5,38,1.2666666666666666,1,0,,0,,,,
hakonasi_20260825_131458_522,1,v20_aspect1p5,39,1.3,1,0,,0,,,,
hakonasi_20260825_131458_522,1,v20_aspect1p5,40,1.3333333333333333,1,0,,0,,,,
hakonasi_20260825_131458_522,1,v20_aspect1p5,41,1.3666666666666667,1,0,,0,,,,
hakonasi_20260825_131458_522,1,v20_aspect1p5,42,1.4,1,0,,0,,,,
hakonasi_20260825_131458_522,1,v20_aspect1p5,43,1.4333333333333333,1,0,,0,,,,
hakonasi_20260825_131458_522,1,v20_aspect1p5,44,1.4666666666666666,1,0,,0,,,,
hakonasi_20260825_131458_522,1,v20_aspect1p5,45,1.5,1,0,,0,,,,
hakonasi_20260825_131458_522,1,v20_aspect1p5,46,1.5333333333333334,1,0,,0,,,,
hakonasi_20260825_131458_522,1,v20_aspect1p5,47,1.5666666666666667,1,0,,0,,,,
hakonasi_20260825_131458_522,1,v20_aspect1p5,48,1.6,1,0,,0,,,,
hakonasi_20260825_131458_522,1,v20_aspect1p5,49,1.6333333333333333,1,0,,0,,,,
hakonasi_20260825_131458_522,1,v20_aspect1p5,50,1.6666666666666667,1,0,,0,,,,
hakonasi_20260825_131458_522,1,v20_aspect1p5,51,1.7,1,0,,0,,,,
hakonasi_20260825_131458_522,1,v20_aspect1p5,52,1.7333333333333334,1,0,,0,,,,
hakonasi_20260825_131458_522,1,v20_aspect1p5,53,1.7666666666666666,1,0,,0,,,,
hakonasi_20260825_131458_522,1,v20_aspect1p5,54,1.8,1,0,,0,,,,
hakonasi_20260825_131458_522,1,v20_aspect1p5,55,1.8333333333333333,1,0,,0,,,,
hakonasi_20260825_131458_522,1,v20_aspect1p5,56,1.8666666666666667,1,0,,0,,,,
hakonasi_20260825_131458_522,1,v20_aspect1p5,57,1.9,1,0,,0,,,,
hakonasi_20260825_131458_522,1,v20_aspect1p5,58,1.9333333333333333,1,0,,0,,,,
hakonasi_20260825_131458_522,1,v20_aspect1p5,59,1.9666666666666666,1,0,,0,,,,
hakonasi_20260825_131458_522,1,v20_aspect1p5,60,2.0,1,0,,0,,,,
hakonasi_20260825_131458_522,1,v20_aspect1p5,61,2.033333333333333,1,0,,0,,,,
hakonasi_20260825_131458_522,1,v20_aspect1p5,62,2.066666666666667,1,0,,0,,,,
hakonasi_20260825_131458_522,1,v20_aspect1p5,63,2.1,1,0,,0,,,,
hakonasi_20260825_131458_522,1,v20_aspect1p5,64,2.1333333333333333,1,0,,0,,,,
hakonasi_20260825_131458_522,1,v20_aspect1p5,65,2.1666666666666665,1,0,,0,,,,
hakonasi_20260825_131458_522,1,v20_aspect1p5,66,2.2,1,0,,0,,,,
hakonasi_20260825_131458_522,1,v20_aspect1p5,67,2.2333333333333334,1,0,,0,,,,
hakonasi_20260825_131458_522,1,v20_aspect1p5,68,2.2666666666666666,1,0,,0,,,,
hakonasi_20260825_131458_522,1,v20_aspect1p5,69,2.3,1,0,,0,,,,
hakonasi_20260825_131458_522,1,v20_aspect1p5,70,2.3333333333333335,1,0,,0,,,,
hakonasi_20260825_131458_522,1,v20_aspect1p5,71,2.3666666666666667,1,0,,0,,,,
hakonasi_20260825_131458_522,1,v20_aspect1p5,72,2.4,1,0,,0,,,,
hakonasi_20260825_131458_522,1,v20_aspect1p5,73,2.433333333333333,1,0,,0,,,,
hakonasi_20260825_131458_522,1,v20_aspect1p5,74,2.466666666666667,1,0,,0,,,,
hakonasi_20260825_131458_522,1,v20_aspect1p5,75,2.5,1,0,,0,,,,
hakonasi_20260825_131458_522,1,v20_aspect1p5,76,2.533333333333333,1,0,,0,,,,
hakonasi_20260825_131458_522,1,v20_aspect1p5,77,2.566666666666667,1,0,,0,,,,
hakonasi_20260825_131458_522,1,v20_aspect1p5,78,2.6,1,0,,0,,,,
hakonasi_20260825_131458_522,1,v20_aspect1p5,79,2.6333333333333333,1,0,,0,,,,
hakonasi_20260825_131458_522,1,v20_aspect1p5,80,2.6666666666666665,1,0,,0,,,,
hakonasi_20260825_131458_522,1,v20_aspect1p5,81,2.7,1,0,,0,,,,
hakonasi_20260825_131458_522,1,v20_aspect1p5,82,2.7333333333333334,1,0,,0,,,,
hakonasi_20260825_131458_522,1,v20_aspect1p5,83,2.7666666666666666,1,0,,0,,,,
hakonasi_20260825_131458_522,1,v20_aspect1p5,84,2.8,1,0,,0,,,,
hakonasi_20260825_131458_522,1,v20_aspect1p5,85,2.8333333333333335,1,0,,0,,,,
hakonasi_20260825_131458_522,1,v20_aspect1p5,86,2.8666666666666667,1,0,,0,,,,
hakonasi_20260825_131458_522,1,v20_aspect1p5,87,2.9,1,0,,0,,,,
hakonasi_20260825_131458_522,1,v20_aspect1p5,88,2.933333333333333,1,0,,0,,,,
hakonasi_20260825_131458_522,1,v20_aspect1p5,89,2.966666666666667,1,0,,0,,,,
hakonasi_20260825_131458_522,1,v20_aspect1p5,90,3.0,1,0,,0,,,,
hakonasi_20260825_131458_522,1,v20_aspect1p5,91,3.033333333333333,1,0,,0,,,,
hakonasi_20260825_131458_522,1,v20_aspect1p5,92,3.066666666666667,1,0,,0,,,,
hakonasi_20260825_131458_522,1,v20_aspect1p5,93,3.1,1,0,,0,,,,
hakonasi_20260825_131458_522,1,v20_aspect1p5,94,3.1333333333333333,1,0,,0,,,,
hakonasi_20260825_131458_522,1,v20_aspect1p5,95,3.1666666666666665,1,0,,0,,,,
hakonasi_20260825_131458_522,1,v20_aspect1p5,96,3.2,1,0,,0,,,,
hakonasi_20260825_131458_522,1,v20_aspect1p5,97,3.2333333333333334,1,0,,0,,,,
hakonasi_20260825_131458_522,1,v20_aspect1p5,98,3.2666666666666666,1,0,,0,,,,
hakonasi_20260825_131458_522,1,v20_aspect1p5,99,3.3,1,0,,0,,,,
hakonasi_20260825_131458_522,1,v20_aspect1p5,100,3.3333333333333335,1,0,,0,,,,
hakonasi_20260825_131458_522,1,v20_aspect1p5,101,3.3666666666666667,1,0,,0,,,,
hakonasi_20260825_131458_522,1,v20_aspect1p5,102,3.4,1,0,,0,,,,
hakonasi_20260825_131458_522,1,v20_aspect1p5,103,3.433333333333333,1,0,,0,,,,
hakonasi_20260825_131458_522,1,v20_aspect1p5,104,3.466666666666667,1,0,,0,,,,
hakonasi_20260825_131458_522,1,v20_aspect1p5,105,3.5,1,0,,0,,,,
hakonasi_20260825_131458_522,1,v20_aspect1p5,106,3.533333333333333,1,0,,0,,,,
hakonasi_20260825_131458_522,1,v20_aspect1p5,107,3.566666666666667,1,0,,0,,,,
hakonasi_20260825_131458_522,1,v20_aspect1p5,108,3.6,1,0,,0,,,,
hakonasi_20260825_131458_522,1,v20_aspect1p5,109,3.6333333333333333,1,0,,0,,,,
hakonasi_20260825_131458_522,1,v20_aspect1p5,110,3.6666666666666665,1,0,,0,,,,
hakonasi_20260825_131458_522,1,v20_aspect1p5,111,3.7,1,0,,0,,,,
hakonasi_20260825_131458_522,1,v20_aspect1p5,112,3.7333333333333334,1,0,,0,,,,
hakonasi_20260825_131458_522,1,v20_aspect1p5,113,3.7666666666666666,1,0,,0,,,,
hakonasi_20260825_131458_522,1,v20_aspect1p5,114,3.8,1,0,,0,,,,
hakonasi_20260825_131458_522,1,v20_aspect1p5,115,3.8333333333333335,1,0,,0,,,,
hakonasi_20260825_131458_522,1,v20_aspect1p5,116,3.8666666666666667,1,0,,0,,,,
hakonasi_20260825_131458_522,1,v20_aspect1p5,117,3.9,1,0,,0,,,,
hakonasi_20260825_131458_522,1,v20_aspect1p5,118,3.933333333333333,1,0,,0,,,,
hakonasi_20260825_131458_522,1,v20_aspect1p5,119,3.966666666666667,1,0,,0,,,,
hakonasi_20260825_131458_522,1,v20_aspect1p5,120,4.0,1,0,,0,,,,
hakonasi_20260825_131458_522,1,v20_aspect1p5,121,4.033333333333333,1,0,,0,,,,
hakonasi_20260825_131458_522,1,v20_aspect1p5,122,4.066666666666666,1,0,,0,,,,
hakonasi_20260825_131458_522,1,v20_aspect1p5,123,4.1,1,0,,0,,,,
hakonasi_20260825_131458_522,1,v20_aspect1p5,124,4.133333333333334,1,0,,0,,,,
hakonasi_20260825_131458_522,1,v20_aspect1p5,125,4.166666666666667,1,0,,0,,,,
hakonasi_20260825_131458_522,1,v20_aspect1p5,126,4.2,1,0,,0,,,,
hakonasi_20260825_131458_522,1,v20_aspect1p5,127,4.233333333333333,1,0,,0,,,,
hakonasi_20260825_131458_522,1,v20_aspect1p5,128,4.266666666666667,1,0,,0,,,,
hakonasi_20260825_131458_522,1,v20_aspect1p5,129,4.3,1,0,,0,,,,
hakonasi_20260825_131458_522,1,v20_aspect1p5,130,4.333333333333333,1,0,,0,,,,
hakonasi_20260825_131458_522,1,v20_aspect1p5,131,4.366666666666666,1,0,,0,,,,
hakonasi_20260825_131458_522,1,v20_aspect1p5,132,4.4,1,0,,0,,,,
hakonasi_20260825_131458_522,1,v20_aspect1p5,133,4.433333333333334,1,0,,0,,,,
hakonasi_20260825_131458_522,1,v20_aspect1p5,134,4.466666666666667,1,0,,0,,,,
hakonasi_20260825_131458_522,1,v20_aspect1p5,135,4.5,1,0,,0,,,,
hakonasi_20260825_131458_522,1,v20_aspect1p5,136,4.533333333333333,1,0,,0,,,,
hakonasi_20260825_131458_522,1,v20_aspect1p5,137,4.566666666666666,1,0,,0,,,,
hakonasi_20260825_131458_522,1,v20_aspect1p5,138,4.6,1,0,,0,,,,
hakonasi_20260825_131458_522,1,v20_aspect1p5,139,4.633333333333334,1,0,,0,,,,
hakonasi_20260825_131458_522,1,v20_aspect1p5,140,4.666666666666667,1,0,,0,,,,
hakonasi_20260825_131458_522,1,v20_aspect1p5,141,4.7,1,0,,0,,,,
hakonasi_20260825_131458_522,1,v20_aspect1p5,142,4.733333333333333,1,0,,0,,,,
hakonasi_20260825_131458_522,1,v20_aspect1p5,143,4.766666666666667,1,0,,0,,,,
hakonasi_20260825_131458_522,1,v20_aspect1p5,144,4.8,1,0,,0,,,,
hakonasi_20260825_131458_522,1,v20_aspect1p5,145,4.833333333333333,1,0,,0,,,,
hakonasi_20260825_131458_522,1,v20_aspect1p5,146,4.866666666666666,1,0,,0,,,,
hakonasi_20260825_131458_522,1,v20_aspect1p5,147,4.9,1,0,,0,,,,
hakonasi_20260825_131458_522,1,v20_aspect1p5,148,4.933333333333334,1,0,,0,,,,
hakonasi_20260825_131458_522,1,v20_aspect1p5,149,4.966666666666667,1,0,,0,,,,
hakonasi_20260825_131458_522,1,v20_aspect1p5,150,5.0,1,0,,0,,,,
hakonasi_20260825_131458_522,1,v20_aspect1p5,151,5.033333333333333,1,0,,0,,,,
hakonasi_20260825_131458_522,1,v20_aspect1p5,152,5.066666666666666,1,0,,0,,,,
hakonasi_20260825_131458_522,1,v20_aspect1p5,153,5.1,1,0,,0,,,,
hakonasi_20260825_131458_522,1,v20_aspect1p5,154,5.133333333333334,1,0,,0,,,,
hakonasi_20260825_131458_522,1,v20_aspect1p5,155,5.166666666666667,1,0,,0,,,,
hakonasi_20260825_131458_522,1,v20_aspect1p5,156,5.2,1,0,,0,,,,
hakonasi_20260825_131458_522,1,v20_aspect1p5,157,5.233333333333333,1,0,,0,,,,
hakonasi_20260825_131458_522,1,v20_aspect1p5,158,5.266666666666667,1,0,,0,,,,
hakonasi_20260825_131458_522,1,v20_aspect1p5,159,5.3,1,0,,0,,,,
hakonasi_20260825_131458_522,1,v20_aspect1p5,160,5.333333333333333,1,0,,0,,,,
hakonasi_20260825_131458_522,1,v20_aspect1p5,161,5.366666666666666,1,0,,0,,,,
hakonasi_20260825_131458_522,1,v20_aspect1p5,162,5.4,1,0,,0,,,,
hakonasi_20260825_131458_522,1,v20_aspect1p5,163,5.433333333333334,1,0,,0,,,,
hakonasi_20260825_131458_522,1,v20_aspect1p5,164,5.466666666666667,1,0,,0,,,,
hakonasi_20260825_131458_522,1,v20_aspect1p5,165,5.5,1,0,,0,,,,
hakonasi_20260825_131458_522,1,v20_aspect1p5,166,5.533333333333333,1,0,,0,,,,
hakonasi_20260825_131458_522,1,v20_aspect1p5,167,5.566666666666666,1,0,,0,,,,
hakonasi_20260825_131458_522,1,v20_aspect1p5,168,5.6,1,0,,0,,,,
hakonasi_20260825_131458_522,1,v20_aspect1p5,169,5.633333333333334,1,0,,0,,,,
hakonasi_20260825_131458_522,1,v20_aspect1p5,170,5.666666666666667,1,0,,0,,,,
hakonasi_20260825_131458_522,1,v20_aspect1p5,171,5.7,1,0,,0,,,,
hakonasi_20260825_131458_522,1,v20_aspect1p5,172,5.733333333333333,1,0,,0,,,,
hakonasi_20260825_131458_522,1,v20_aspect1p5,173,5.766666666666667,1,0,,0,,,,
hakonasi_20260825_131458_522,1,v20_aspect1p5,174,5.8,1,0,,0,,,,
hakonasi_20260825_131458_522,1,v20_aspect1p5,175,5.833333333333333,1,0,,0,,,,
hakonasi_20260825_131458_522,1,v20_aspect1p5,176,5.866666666666666,1,0,,0,,,,
hakonasi_20260825_131458_522,1,v20_aspect1p5,177,5.9,1,0,,0,,,,
hakonasi_20260825_131458_522,1,v20_aspect1p5,178,5.933333333333334,1,0,,0,,,,
hakonasi_20260825_131458_522,1,v20_aspect1p5,179,5.966666666666667,1,0,,0,,,,
hakonasi_20260825_131458_522,1,v20_aspect1p5,180,6.0,1,0,,0,,,,
hakonasi_20260825_131458_522,1,v20_aspect1p5,181,6.033333333333333,1,0,,0,,,,
hakonasi_20260825_131458_522,1,v20_aspect1p5,182,6.066666666666666,1,0,,0,,,,
hakonasi_20260825_131458_522,1,v20_aspect1p5,183,6.1,1,0,,0,,,,
hakonasi_20260825_131458_522,1,v20_aspect1p5,184,6.133333333333334,1,0,,0,,,,
hakonasi_20260825_131458_522,1,v20_aspect1p5,185,6.166666666666667,1,0,,0,,,,
hakonasi_20260825_131458_522,1,v20_aspect1p5,186,6.2,1,0,,0,,,,
hakonasi_20260825_131458_522,1,v20_aspect1p5,187,6.233333333333333,1,0,,0,,,,
hakonasi_20260825_131458_522,1,v20_aspect1p5,188,6.266666666666667,1,0,,0,,,,
hakonasi_20260825_131458_522,1,v20_aspect1p5,189,6.3,1,0,,0,,,,
hakonasi_20260825_131458_522,1,v20_aspect1p5,190,6.333333333333333,1,0,,0,,,,
hakonasi_20260825_131458_522,1,v20_aspect1p5,191,6.366666666666666,1,0,,0,,,,
hakonasi_20260825_131458_522,1,v20_aspect1p5,192,6.4,1,0,,0,,,,
hakonasi_20260825_131458_522,1,v20_aspect1p5,193,6.433333333333334,1,0,,0,,,,
hakonasi_20260825_131458_522,1,v20_aspect1p5,194,6.466666666666667,1,0,,0,,,,
hakonasi_20260825_131458_522,1,v20_aspect1p5,195,6.5,1,0,,0,,,,
hakonasi_20260825_131458_522,1,v20_aspect1p5,196,6.533333333333333,1,0,,0,,,,
hakonasi_20260825_131458_522,1,v20_aspect1p5,197,6.566666666666666,1,0,,0,,,,
hakonasi_20260825_131458_522,1,v20_aspect1p5,198,6.6,1,0,,0,,,,
hakonasi_20260825_131458_522,1,v20_aspect1p5,199,6.633333333333334,1,0,,0,,,,
hakonasi_20260825_131458_522,1,v20_aspect1p5,200,6.666666666666667,1,0,,0,,,,
hakonasi_20260825_131458_522,1,v20_aspect1p5,201,6.7,1,0,,0,,,,
hakonasi_20260825_131458_522,1,v20_aspect1p5,202,6.733333333333333,1,0,,0,,,,
hakonasi_20260825_131458_522,1,v20_aspect1p5,203,6.766666666666667,1,0,,0,,,,
hakonasi_20260825_131458_522,1,v20_aspect1p5,204,6.8,1,0,,0,,,,
hakonasi_20260825_131458_522,1,v20_aspect1p5,205,6.833333333333333,1,0,,0,,,,
hakonasi_20260825_131458_522,1,v20_aspect1p5,206,6.866666666666666,1,0,,0,,,,
hakonasi_20260825_131458_522,1,v20_aspect1p5,207,6.9,1,0,,0,,,,
hakonasi_20260825_131458_522,1,v20_aspect1p5,208,6.933333333333334,1,0,,0,,,,
hakonasi_20260825_131458_522,1,v20_aspect1p5,209,6.966666666666667,1,0,,0,,,,
hakonasi_20260825_131458_522,1,v20_aspect1p5,210,7.0,1,0,,0,,,,
hakonasi_20260825_131458_522,1,v20_aspect1p5,211,7.033333333333333,1,0,,0,,,,
hakonasi_20260825_131458_522,1,v20_aspect1p5,212,7.066666666666666,1,0,,0,,,,
hakonasi_20260825_131458_522,1,v20_aspect1p5,213,7.1,1,0,,0,,,,
hakonasi_20260825_131458_522,1,v20_aspect1p5,214,7.133333333333334,1,0,,0,,,,
hakonasi_20260825_131458_522,1,v20_aspect1p5,215,7.166666666666667,1,0,,0,,,,
hakonasi_20260825_131458_522,1,v20_aspect1p5,216,7.2,1,0,,0,,,,
hakonasi_20260825_131458_522,1,v20_aspect1p5,217,7.233333333333333,1,0,,0,,,,
hakonasi_20260825_131458_522,1,v20_aspect1p5,218,7.266666666666667,1,0,,0,,,,
hakonasi_20260825_131458_522,1,v20_aspect1p5,219,7.3,1,0,,0,,,,
hakonasi_20260825_131458_522,1,v20_aspect1p5,220,7.333333333333333,1,0,,0,,,,
hakonasi_20260825_131458_522,1,v20_aspect1p5,221,7.366666666666666,1,0,,0,,,,
hakonasi_20260825_131458_522,1,v20_aspect1p5,222,7.4,1,0,,0,,,,
hakonasi_20260825_131458_522,1,v20_aspect1p5,223,7.433333333333334,1,0,,0,,,,
hakonasi_20260825_131458_522,1,v20_aspect1p5,224,7.466666666666667,1,0,,0,,,,
hakonasi_20260825_131458_522,1,v20_aspect1p5,225,7.5,1,0,,0,,,,
hakonasi_20260825_131458_522,1,v20_aspect1p5,226,7.533333333333333,1,0,,0,,,,
hakonasi_20260825_131458_522,1,v20_aspect1p5,227,7.566666666666666,1,0,,0,,,,
hakonasi_20260825_131458_522,1,v20_aspect1p5,228,7.6,1,0,,0,,,,
hakonasi_20260825_131458_522,1,v20_aspect1p5,229,7.633333333333334,1,0,,0,,,,
hakonasi_20260825_131458_522,1,v20_aspect1p5,230,7.666666666666667,1,0,,0,,,,
hakonasi_20260825_131458_522,1,v20_aspect1p5,231,7.7,1,0,,0,,,,
hakonasi_20260825_131458_522,1,v20_aspect1p5,232,7.733333333333333,1,0,,0,,,,
hakonasi_20260825_131458_522,1,v20_aspect1p5,233,7.766666666666667,1,0,,0,,,,
hakonasi_20260825_131458_522,1,v20_aspect1p5,234,7.8,1,0,,0,,,,
hakonasi_20260825_131458_522,1,v20_aspect1p5,235,7.833333333333333,1,0,,0,,,,
hakonasi_20260825_131458_522,1,v20_aspect1p5,236,7.866666666666666,1,0,,0,,,,
hakonasi_20260825_131458_522,1,v20_aspect1p5,237,7.9,1,0,,0,,,,
hakonasi_20260825_131458_522,1,v20_aspect1p5,238,7.933333333333334,1,0,,0,,,,
hakonasi_20260825_131458_522,1,v20_aspect1p5,239,7.966666666666667,1,0,,0,,,,
hakonasi_20260825_131458_522,1,v20_aspect1p5,240,8.0,1,0,,0,,,,
hakonasi_20260825_131458_522,1,v20_aspect1p5,241,8.033333333333333,1,0,,0,,,,
hakonasi_20260825_131458_522,1,v20_aspect1p5,242,8.066666666666666,1,0,,0,,,,
hakonasi_20260825_131458_522,1,v20_aspect1p5,243,8.1,1,0,,0,,,,
hakonasi_20260825_131458_522,1,v20_aspect1p5,244,8.133333333333333,1,0,,0,,,,
hakonasi_20260825_131458_522,1,v20_aspect1p5,245,8.166666666666666,1,0,,0,,,,
hakonasi_20260825_131458_522,1,v20_aspect1p5,246,8.2,1,0,,0,,,,
hakonasi_20260825_131458_522,1,v20_aspect1p5,247,8.233333333333333,1,0,,0,,,,
hakonasi_20260825_131458_522,1,v20_aspect1p5,248,8.266666666666667,1,0,,0,,,,
hakonasi_20260825_131458_522,1,v20_aspect1p5,249,8.3,1,0,,0,,,,
hakonasi_20260825_131458_522,1,v20_aspect1p5,250,8.333333333333334,1,0,,0,,,,
hakonasi_20260825_131458_522,1,v20_aspect1p5,251,8.366666666666667,1,0,,0,,,,
hakonasi_20260825_131458_522,1,v20_aspect1p5,252,8.4,1,0,,0,,,,
hakonasi_20260825_131458_522,1,v20_aspect1p5,253,8.433333333333334,1,0,,0,,,,
hakonasi_20260825_131458_522,1,v20_aspect1p5,254,8.466666666666667,1,0,,0,,,,
hakonasi_20260825_131458_522,1,v20_aspect1p5,255,8.5,1,0,,0,,,,
hakonasi_20260825_131458_522,1,v20_aspect1p5,256,8.533333333333333,1,0,,0,,,,
hakonasi_20260825_131458_522,1,v20_aspect1p5,257,8.566666666666666,1,0,,0,,,,
hakonasi_20260825_131458_522,1,v20_aspect1p5,258,8.6,1,0,,0,,,,
hakonasi_20260825_131458_522,1,v20_aspect1p5,259,8.633333333333333,1,0,,0,,,,
hakonasi_20260825_131458_522,1,v20_aspect1p5,260,8.666666666666666,1,0,,0,,,,
hakonasi_20260825_131458_522,1,v20_aspect1p5,261,8.7,1,0,,0,,,,
hakonasi_20260825_131458_522,1,v20_aspect1p5,262,8.733333333333333,1,0,,0,,,,
hakonasi_20260825_131458_522,1,v20_aspect1p5,263,8.766666666666667,1,0,,0,,,,
hakonasi_20260825_131458_522,1,v20_aspect1p5,264,8.8,1,0,,0,,,,
hakonasi_20260825_131458_522,1,v20_aspect1p5,265,8.833333333333334,1,0,,0,,,,
hakonasi_20260825_131458_522,1,v20_aspect1p5,266,8.866666666666667,1,0,,0,,,,
hakonasi_20260825_131458_522,1,v20_aspect1p5,267,8.9,1,0,,0,,,,
hakonasi_20260825_131458_522,1,v20_aspect1p5,268,8.933333333333334,1,0,,0,,,,
hakonasi_20260825_131458_522,1,v20_aspect1p5,269,8.966666666666667,1,0,,0,,,,
hakonasi_20260825_131458_522,1,v20_aspect1p5,270,9.0,1,0,,0,,,,
hakonasi_20260825_131458_522,1,v20_aspect1p5,271,9.033333333333333,1,0,,0,,,,
hakonasi_20260825_131458_522,1,v20_aspect1p5,272,9.066666666666666,1,0,,0,,,,
hakonasi_20260825_131458_522,1,v20_aspect1p5,273,9.1,1,0,,0,,,,
hakonasi_20260825_131458_522,1,v20_aspect1p5,274,9.133333333333333,1,0,,0,,,,
hakonasi_20260825_131458_522,1,v20_aspect1p5,275,9.166666666666666,1,0,,0,,,,
hakonasi_20260825_131458_522,1,v20_aspect1p5,276,9.2,1,0,,0,,,,
hakonasi_20260825_131458_522,1,v20_aspect1p5,277,9.233333333333333,1,0,,0,,,,
hakonasi_20260825_131458_522,1,v20_aspect1p5,278,9.266666666666667,1,0,,0,,,,
hakonasi_20260825_131458_522,1,v20_aspect1p5,279,9.3,1,0,,0,,,,
hakonasi_20260825_131458_522,1,v20_aspect1p5,280,9.333333333333334,1,0,,0,,,,
hakonasi_20260825_131458_522,1,v20_aspect1p5,281,9.366666666666667,1,0,,0,,,,
hakonasi_20260825_131458_522,1,v20_aspect1p5,282,9.4,1,0,,0,,,,
hakonasi_20260825_131458_522,1,v20_aspect1p5,283,9.433333333333334,1,0,,0,,,,
hakonasi_20260825_131458_522,1,v20_aspect1p5,284,9.466666666666667,1,0,,0,,,,
hakonasi_20260825_131458_522,1,v20_aspect1p5,285,9.5,1,0,,0,,,,
hakonasi_20260825_131458_522,1,v20_aspect1p5,286,9.533333333333333,1,0,,0,,,,
hakonasi_20260825_131458_522,1,v20_aspect1p5,287,9.566666666666666,1,0,,0,,,,
hakonasi_20260825_131458_522,1,v20_aspect1p5,288,9.6,1,0,,0,,,,
hakonasi_20260825_131458_522,1,v20_aspect1p5,289,9.633333333333333,1,0,,0,,,,
hakonasi_20260825_131458_522,1,v20_aspect1p5,290,9.666666666666666,1,0,,0,,,,
hakonasi_20260825_131458_522,1,v20_aspect1p5,291,9.7,1,0,,0,,,,
hakonasi_20260825_131458_522,1,v20_aspect1p5,292,9.733333333333333,1,0,,0,,,,
hakonasi_20260825_131458_522,1,v20_aspect1p5,293,9.766666666666667,1,0,,0,,,,
hakonasi_20260825_131458_522,1,v20_aspect1p5,294,9.8,1,0,,0,,,,
hakonasi_20260825_131458_522,1,v20_aspect1p5,295,9.833333333333334,1,0,,0,,,,
hakonasi_20260825_131458_522,1,v20_aspect1p5,296,9.866666666666667,1,0,,0,,,,
hakonasi_20260825_131458_522,1,v20_aspect1p5,297,9.9,1,0,,0,,,,
hakonasi_20260825_131458_522,1,v20_aspect1p5,298,9.933333333333334,1,0,,0,,,,
hakonasi_20260825_131458_522,1,v20_aspect1p5,299,9.966666666666667,1,0,,0,,,,
hakonasi_20260825_131458_522,1,v20_aspect1p5,300,10.0,1,0,,0,,,,
hakonasi_20260825_131458_522,1,v20_aspect1p5,301,10.033333333333333,1,0,,0,,,,
hakonasi_20260825_131458_522,1,v20_aspect1p5,302,10.066666666666666,1,0,,0,,,,
hakonasi_20260825_131458_522,1,v20_aspect1p5,303,10.1,1,0,,0,,,,
hakonasi_20260825_131458_522,1,v20_aspect1p5,304,10.133333333333333,1,0,,0,,,,
hakonasi_20260825_131458_522,1,v20_aspect1p5,305,10.166666666666666,1,0,,0,,,,
hakonasi_20260825_131458_522,1,v20_aspect1p5,306,10.2,1,0,,0,,,,
hakonasi_20260825_131458_522,1,v20_aspect1p5,307,10.233333333333333,1,0,,0,,,,
hakonasi_20260825_131458_522,1,v20_aspect1p5,308,10.266666666666667,1,0,,0,,,,
hakonasi_20260825_131458_522,1,v20_aspect1p5,309,10.3,1,0,,0,,,,
hakonasi_20260825_131458_522,1,v20_aspect1p5,310,10.333333333333334,1,0,,0,,,,
hakonasi_20260825_131458_522,1,v20_aspect1p5,311,10.366666666666667,1,0,,0,,,,
hakonasi_20260825_131458_522,1,v20_aspect1p5,312,10.4,1,0,,0,,,,
hakonasi_20260825_131458_522,1,v20_aspect1p5,313,10.433333333333334,1,0,,0,,,,
hakonasi_20260825_131458_522,1,v20_aspect1p5,314,10.466666666666667,1,0,,0,,,,
hakonasi_20260825_131458_522,1,v20_aspect1p5,315,10.5,1,0,,0,,,,
hakonasi_20260825_131458_522,1,v20_aspect1p5,316,10.533333333333333,1,0,,0,,,,
hakonasi_20260825_131458_522,1,v20_aspect1p5,317,10.566666666666666,1,0,,0,,,,
hakonasi_20260825_131458_522,1,v20_aspect1p5,318,10.6,1,0,,0,,,,
hakonasi_20260825_131458_522,1,v20_aspect1p5,319,10.633333333333333,1,0,,0,,,,
hakonasi_20260825_131458_522,1,v20_aspect1p5,320,10.666666666666666,1,0,,0,,,,
hakonasi_20260825_131458_522,1,v20_aspect1p5,321,10.7,1,0,,0,,,,
hakonasi_20260825_131458_522,1,v20_aspect1p5,322,10.733333333333333,1,0,,0,,,,
hakonasi_20260825_131458_522,1,v20_aspect1p5,323,10.766666666666667,1,0,,0,,,,
hakonasi_20260825_131458_522,1,v20_aspect1p5,324,10.8,1,0,,0,,,,
hakonasi_20260825_131458_522,1,v20_aspect1p5,325,10.833333333333334,1,0,,0,,,,
hakonasi_20260825_131458_522,1,v20_aspect1p5,326,10.866666666666667,1,0,,0,,,,
hakonasi_20260825_131458_522,1,v20_aspect1p5,327,10.9,1,0,,0,,,,
hakonasi_20260825_131458_522,1,v20_aspect1p5,328,10.933333333333334,1,0,,0,,,,
hakonasi_20260825_131458_522,1,v20_aspect1p5,329,10.966666666666667,1,0,,0,,,,
hakonasi_20260825_131458_522,1,v20_aspect1p5,330,11.0,1,0,,0,,,,
hakonasi_20260825_131458_522,1,v20_aspect1p5,331,11.033333333333333,1,0,,0,,,,
hakonasi_20260825_131458_522,1,v20_aspect1p5,332,11.066666666666666,1,0,,0,,,,
hakonasi_20260825_131458_522,1,v20_aspect1p5,333,11.1,1,0,,0,,,,
hakonasi_20260825_131458_522,1,v20_aspect1p5,334,11.133333333333333,1,0,,0,,,,
hakonasi_20260825_131458_522,1,v20_aspect1p5,335,11.166666666666666,1,0,,0,,,,
hakonasi_20260825_131458_522,1,v20_aspect1p5,336,11.2,1,0,,0,,,,
hakonasi_20260825_131458_522,1,v20_aspect1p5,337,11.233333333333333,1,0,,0,,,,
hakonasi_20260825_131458_522,1,v20_aspect1p5,338,11.266666666666667,1,0,,0,,,,
hakonasi_20260825_131458_522,1,v20_aspect1p5,339,11.3,1,0,,0,,,,
hakonasi_20260825_131458_522,1,v20_aspect1p5,340,11.333333333333334,1,0,,0,,,,
hakonasi_20260825_131458_522,1,v20_aspect1p5,341,11.366666666666667,1,0,,0,,,,
hakonasi_20260825_131458_522,1,v20_aspect1p5,342,11.4,1,0,,0,,,,
hakonasi_20260825_131458_522,1,v20_aspect1p5,343,11.433333333333334,1,0,,0,,,,
hakonasi_20260825_131458_522,1,v20_aspect1p5,344,11.466666666666667,1,0,,0,,,,
hakonasi_20260825_131458_522,1,v20_aspect1p5,345,11.5,1,0,,0,,,,
hakonasi_20260825_131458_522,1,v20_aspect1p5,346,11.533333333333333,1,0,,0,,,,
hakonasi_20260825_131458_522,1,v20_aspect1p5,347,11.566666666666666,1,0,,0,,,,
hakonasi_20260825_131458_522,1,v20_aspect1p5,348,11.6,1,0,,0,,,,
hakonasi_20260825_131458_522,1,v20_aspect1p5,349,11.633333333333333,1,0,,0,,,,
hakonasi_20260825_131458_522,1,v20_aspect1p5,350,11.666666666666666,1,0,,0,,,,
hakonasi_20260825_131458_522,1,v20_aspect1p5,351,11.7,1,0,,0,,,,
hakonasi_20260825_131458_522,1,v20_aspect1p5,352,11.733333333333333,1,0,,0,,,,
hakonasi_20260825_131458_522,1,v20_aspect1p5,353,11.766666666666667,1,0,,0,,,,
hakonasi_20260825_131458_522,1,v20_aspect1p5,354,11.8,1,0,,0,,,,
hakonasi_20260825_131458_522,1,v20_aspect1p5,355,11.833333333333334,1,0,,0,,,,
hakonasi_20260825_131458_522,1,v20_aspect1p5,356,11.866666666666667,1,0,,0,,,,
hakonasi_20260825_131458_522,1,v20_aspect1p5,357,11.9,1,0,,0,,,,
hakonasi_20260825_131458_522,1,v20_aspect1p5,358,11.933333333333334,1,0,,0,,,,
hakonasi_20260825_131458_522,1,v20_aspect1p5,359,11.966666666666667,1,0,,0,,,,
hakonasi_20260825_131458_522,1,v20_aspect1p5,360,12.0,1,0,,0,,,,
hakonasi_20260825_131458_522,1,v20_aspect1p5,361,12.033333333333333,1,0,,0,,,,
hakonasi_20260825_131458_522,1,v20_aspect1p5,362,12.066666666666666,1,0,,0,,,,
hakonasi_20260825_131458_522,1,v20_aspect1p5,363,12.1,1,0,,0,,,,
hakonasi_20260825_131458_522,1,v20_aspect1p5,364,12.133333333333333,1,0,,0,,,,
hakonasi_20260825_131458_522,1,v20_aspect1p5,365,12.166666666666666,1,0,,0,,,,
hakonasi_20260825_131458_522,1,v20_aspect1p5,366,12.2,1,0,,0,,,,
hakonasi_20260825_131458_522,1,v20_aspect1p5,367,12.233333333333333,1,0,,0,,,,
hakonasi_20260825_131458_522,1,v20_aspect1p5,368,12.266666666666667,1,0,,0,,,,
hakonasi_20260825_131458_522,1,v20_aspect1p5,369,12.3,1,0,,0,,,,
hakonasi_20260825_131458_522,1,v20_aspect1p5,370,12.333333333333334,1,0,,0,,,,
hakonasi_20260825_131458_522,1,v20_aspect1p5,371,12.366666666666667,1,0,,0,,,,
hakonasi_20260825_131458_522,1,v20_aspect1p5,372,12.4,1,0,,0,,,,
hakonasi_20260825_131458_522,1,v20_aspect1p5,373,12.433333333333334,1,0,,0,,,,
hakonasi_20260825_131458_522,1,v20_aspect1p5,374,12.466666666666667,1,0,,0,,,,
hakonasi_20260825_131458_522,1,v20_aspect1p5,375,12.5,1,0,,0,,,,
hakonasi_20260825_131458_522,1,v20_aspect1p5,376,12.533333333333333,1,0,,0,,,,
hakonasi_20260825_131458_522,1,v20_aspect1p5,377,12.566666666666666,1,0,,0,,,,
hakonasi_20260825_131458_522,1,v20_aspect1p5,378,12.6,1,0,,0,,,,
hakonasi_20260825_131458_522,1,v20_aspect1p5,379,12.633333333333333,1,0,,0,,,,
hakonasi_20260825_131458_522,1,v20_aspect1p5,380,12.666666666666666,1,0,,0,,,,
hakonasi_20260825_131458_522,1,v20_aspect1p5,381,12.7,1,0,,0,,,,
hakonasi_20260825_131458_522,1,v20_aspect1p5,382,12.733333333333333,1,0,,0,,,,
hakonasi_20260825_131458_522,1,v20_aspect1p5,383,12.766666666666667,1,0,,0,,,,
hakonasi_20260825_131458_522,1,v20_aspect1p5,384,12.8,1,0,,0,,,,
hakonasi_20260825_131458_522,1,v20_aspect1p5,385,12.833333333333334,1,0,,0,,,,
hakonasi_20260825_131458_522,1,v20_aspect1p5,386,12.866666666666667,1,0,,0,,,,
hakonasi_20260825_131458_522,1,v20_aspect1p5,387,12.9,1,0,,0,,,,
hakonasi_20260825_131458_522,1,v20_aspect1p5,388,12.933333333333334,1,0,,0,,,,
hakonasi_20260825_131458_522,1,v20_aspect1p5,389,12.966666666666667,1,0,,0,,,,
hakonasi_20260825_131458_522,1,v20_aspect1p5,390,13.0,1,0,,0,,,,
hakonasi_20260825_131458_522,1,v20_aspect1p5,391,13.033333333333333,1,0,,0,,,,
hakonasi_20260825_131458_522,1,v20_aspect1p5,392,13.066666666666666,1,0,,0,,,,
hakonasi_20260825_131458_522,1,v20_aspect1p5,393,13.1,1,0,,0,,,,
hakonasi_20260825_131458_522,1,v20_aspect1p5,394,13.133333333333333,1,0,,0,,,,
hakonasi_20260825_131458_522,1,v20_aspect1p5,395,13.166666666666666,1,0,,0,,,,
hakonasi_20260825_131458_522,1,v20_aspect1p5,396,13.2,1,0,,0,,,,
hakonasi_20260825_131458_522,1,v20_aspect1p5,397,13.233333333333333,1,0,,0,,,,
hakonasi_20260825_131458_522,1,v20_aspect1p5,398,13.266666666666667,1,0,,0,,,,
hakonasi_20260825_131458_522,1,v20_aspect1p5,399,13.3,1,0,,0,,,,
hakonasi_20260825_131458_522,1,v20_aspect1p5,400,13.333333333333334,1,0,,0,,,,
hakonasi_20260825_131458_522,1,v20_aspect1p5,401,13.366666666666667,1,0,,0,,,,
hakonasi_20260825_131458_522,1,v20_aspect1p5,402,13.4,1,0,,0,,,,
hakonasi_20260825_131458_522,1,v20_aspect1p5,403,13.433333333333334,1,0,,0,,,,
hakonasi_20260825_131458_522,1,v20_aspect1p5,404,13.466666666666667,1,0,,0,,,,
hakonasi_20260825_131458_522,1,v20_aspect1p5,405,13.5,1,0,,0,,,,
hakonasi_20260825_131458_522,1,v20_aspect1p5,406,13.533333333333333,1,0,,0,,,,
hakonasi_20260825_131458_522,1,v20_aspect1p5,407,13.566666666666666,1,0,,0,,,,
hakonasi_20260825_131458_522,1,v20_aspect1p5,408,13.6,1,0,,0,,,,
hakonasi_20260825_131458_522,1,v20_aspect1p5,409,13.633333333333333,1,0,,0,,,,
hakonasi_20260825_131458_522,1,v20_aspect1p5,410,13.666666666666666,1,0,,0,,,,
hakonasi_20260825_131458_522,1,v20_aspect1p5,411,13.7,1,0,,0,,,,
hakonasi_20260825_131458_522,1,v20_aspect1p5,412,13.733333333333333,1,0,,0,,,,
hakonasi_20260825_131458_522,1,v20_aspect1p5,413,13.766666666666667,1,0,,0,,,,
hakonasi_20260825_131458_522,1,v20_aspect1p5,414,13.8,1,0,,0,,,,
hakonasi_20260825_131458_522,1,v20_aspect1p5,415,13.833333333333334,1,0,,0,,,,
hakonasi_20260825_131458_522,1,v20_aspect1p5,416,13.866666666666667,1,0,,0,,,,
hakonasi_20260825_131458_522,1,v20_aspect1p5,417,13.9,1,0,,0,,,,
hakonasi_20260825_131458_522,1,v20_aspect1p5,418,13.933333333333334,1,0,,0,,,,
hakonasi_20260825_131458_522,1,v20_aspect1p5,419,13.966666666666667,1,0,,0,,,,
hakonasi_20260825_131458_522,1,v20_aspect1p5,420,14.0,1,0,,0,,,,
hakonasi_20260825_131458_522,1,v20_aspect1p5,421,14.033333333333333,1,0,,0,,,,
hakonasi_20260825_131458_522,1,v20_aspect1p5,422,14.066666666666666,1,0,,0,,,,
hakonasi_20260825_131458_522,1,v20_aspect1p5,423,14.1,1,0,,0,,,,
hakonasi_20260825_131458_522,1,v20_aspect1p5,424,14.133333333333333,1,0,,0,,,,
hakonasi_20260825_131458_522,1,v20_aspect1p5,425,14.166666666666666,1,0,,0,,,,
hakonasi_20260825_131458_522,1,v20_aspect1p5,426,14.2,1,0,,0,,,,
hakonasi_20260825_131458_522,1,v20_aspect1p5,427,14.233333333333333,1,0,,0,,,,
hakonasi_20260825_131458_522,1,v20_aspect1p5,428,14.266666666666667,1,0,,0,,,,
hakonasi_20260825_131458_522,1,v20_aspect1p5,429,14.3,1,0,,0,,,,
hakonasi_20260825_131458_522,1,v20_aspect1p5,430,14.333333333333334,1,0,,0,,,,
hakonasi_20260825_131458_522,1,v20_aspect1p5,431,14.366666666666667,1,0,,0,,,,
hakonasi_20260825_131458_522,1,v20_aspect1p5,432,14.4,1,0,,0,,,,
hakonasi_20260825_131458_522,1,v20_aspect1p5,433,14.433333333333334,1,0,,0,,,,
hakonasi_20260825_131458_522,1,v20_aspect1p5,434,14.466666666666667,1,0,,0,,,,
hakonasi_20260825_131458_522,1,v20_aspect1p5,435,14.5,1,0,,0,,,,
hakonasi_20260825_131458_522,1,v20_aspect1p5,436,14.533333333333333,1,0,,0,,,,
hakonasi_20260825_131458_522,1,v20_aspect1p5,437,14.566666666666666,1,0,,0,,,,
hakonasi_20260825_131458_522,1,v20_aspect1p5,438,14.6,1,0,,0,,,,
hakonasi_20260825_131458_522,1,v20_aspect1p5,439,14.633333333333333,1,0,,0,,,,
hakonasi_20260825_131458_522,1,v20_aspect1p5,440,14.666666666666666,1,0,,0,,,,
hakonasi_20260825_131458_522,1,v20_aspect1p5,441,14.7,1,0,,0,,,,
hakonasi_20260825_131458_522,1,v20_aspect1p5,442,14.733333333333333,1,0,,0,,,,
hakonasi_20260825_131458_522,1,v20_aspect1p5,443,14.766666666666667,1,0,,0,,,,
hakonasi_20260825_131458_522,1,v20_aspect1p5,444,14.8,1,0,,0,,,,
hakonasi_20260825_131458_522,1,v20_aspect1p5,445,14.833333333333334,1,0,,0,,,,
hakonasi_20260825_131458_522,1,v20_aspect1p5,446,14.866666666666667,1,0,,0,,,,
hakonasi_20260825_131458_522,1,v20_aspect1p5,447,14.9,1,0,,0,,,,
hakonasi_20260825_131458_522,1,v20_aspect1p5,448,14.933333333333334,1,0,,0,,,,
hakonasi_20260825_131458_522,1,v20_aspect1p5,449,14.966666666666667,1,0,,0,,,,
hakonasi_20260825_131458_522,1,v20_aspect1p5,450,15.0,1,0,,0,,,,
hakonasi_20260825_131458_522,1,v20_aspect1p5,451,15.033333333333333,1,0,,0,,,,
hakonasi_20260825_131458_522,1,v20_aspect1p5,452,15.066666666666666,1,0,,0,,,,
hakonasi_20260825_131458_522,1,v20_aspect1p5,453,15.1,1,0,,0,,,,
hakonasi_20260825_131458_522,1,v20_aspect1p5,454,15.133333333333333,1,0,,0,,,,
hakonasi_20260825_131458_522,1,v20_aspect1p5,455,15.166666666666666,1,0,,0,,,,
hakonasi_20260825_131458_522,1,v20_aspect1p5,456,15.2,1,0,,0,,,,
hakonasi_20260825_131458_522,1,v20_aspect1p5,457,15.233333333333333,1,0,,0,,,,
hakonasi_20260825_131458_522,1,v20_aspect1p5,458,15.266666666666667,1,0,,0,,,,
hakonasi_20260825_131458_522,1,v20_aspect1p5,459,15.3,1,0,,0,,,,
hakonasi_20260825_131458_522,1,v20_aspect1p5,460,15.333333333333334,1,0,,0,,,,
hakonasi_20260825_131458_522,1,v20_aspect1p5,461,15.366666666666667,1,0,,0,,,,
hakonasi_20260825_131458_522,1,v20_aspect1p5,462,15.4,1,0,,0,,,,
hakonasi_20260825_131458_522,1,v20_aspect1p5,463,15.433333333333334,1,0,,0,,,,
hakonasi_20260825_131458_522,1,v20_aspect1p5,464,15.466666666666667,1,0,,0,,,,
hakonasi_20260825_131458_522,1,v20_aspect1p5,465,15.5,1,0,,0,,,,
hakonasi_20260825_131458_522,1,v20_aspect1p5,466,15.533333333333333,1,0,,0,,,,
hakonasi_20260825_131458_522,1,v20_aspect1p5,467,15.566666666666666,1,0,,0,,,,
hakonasi_20260825_131458_522,1,v20_aspect1p5,468,15.6,1,0,,0,,,,
hakonasi_20260825_131458_522,1,v20_aspect1p5,469,15.633333333333333,1,0,,0,,,,
hakonasi_20260825_131458_522,1,v20_aspect1p5,470,15.666666666666666,1,0,,0,,,,
hakonasi_20260825_131458_522,1,v20_aspect1p5,471,15.7,1,0,,0,,,,
hakonasi_20260825_131458_522,1,v20_aspect1p5,472,15.733333333333333,1,0,,0,,,,
hakonasi_20260825_131458_522,1,v20_aspect1p5,473,15.766666666666667,1,0,,0,,,,
hakonasi_20260825_131458_522,1,v20_aspect1p5,474,15.8,1,0,,0,,,,
hakonasi_20260825_131458_522,1,v20_aspect1p5,475,15.833333333333334,1,0,,0,,,,
hakonasi_20260825_131458_522,1,v20_aspect1p5,476,15.866666666666667,1,0,,0,,,,
hakonasi_20260825_131458_522,1,v20_aspect1p5,477,15.9,1,0,,0,,,,
hakonasi_20260825_131458_522,1,v20_aspect1p5,478,15.933333333333334,1,0,,0,,,,
hakonasi_20260825_131458_522,1,v20_aspect1p5,479,15.966666666666667,1,0,,0,,,,
hakonasi_20260825_131458_522,1,v20_aspect1p5,480,16.0,1,0,,0,,,,
hakonasi_20260825_131458_522,1,v20_aspect1p5,481,16.033333333333335,1,0,,0,,,,
hakonasi_20260825_131458_522,1,v20_aspect1p5,482,16.066666666666666,1,0,,0,,,,
hakonasi_20260825_131458_522,1,v20_aspect1p5,483,16.1,1,0,,0,,,,
hakonasi_20260825_131458_522,1,v20_aspect1p5,484,16.133333333333333,1,0,,0,,,,
hakonasi_20260825_131458_522,1,v20_aspect1p5,485,16.166666666666668,1,0,,0,,,,
hakonasi_20260825_131458_522,1,v20_aspect1p5,486,16.2,1,0,,0,,,,
hakonasi_20260825_131458_522,1,v20_aspect1p5,487,16.233333333333334,1,0,,0,,,,
hakonasi_20260825_131458_522,1,v20_aspect1p5,488,16.266666666666666,1,0,,0,,,,
hakonasi_20260825_131458_522,1,v20_aspect1p5,489,16.3,1,0,,0,,,,
hakonasi_20260825_131458_522,1,v20_aspect1p5,490,16.333333333333332,1,0,,0,,,,
hakonasi_20260825_131458_522,1,v20_aspect1p5,491,16.366666666666667,1,0,,0,,,,
hakonasi_20260825_131458_522,1,v20_aspect1p5,492,16.4,1,0,,0,,,,
hakonasi_20260825_131458_522,1,v20_aspect1p5,493,16.433333333333334,1,0,,0,,,,
hakonasi_20260825_131458_522,1,v20_aspect1p5,494,16.466666666666665,1,0,,0,,,,
hakonasi_20260825_131458_522,1,v20_aspect1p5,495,16.5,1,0,,0,,,,
hakonasi_20260825_131458_522,1,v20_aspect1p5,496,16.533333333333335,1,0,,0,,,,
hakonasi_20260825_131458_522,1,v20_aspect1p5,497,16.566666666666666,1,0,,0,,,,
hakonasi_20260825_131458_522,1,v20_aspect1p5,498,16.6,1,0,,0,,,,
hakonasi_20260825_131458_522,1,v20_aspect1p5,499,16.633333333333333,1,0,,0,,,,
hakonasi_20260825_131458_522,1,v20_aspect1p5,500,16.666666666666668,1,0,,0,,,,
hakonasi_20260825_131458_522,1,v20_aspect1p5,501,16.7,1,0,,0,,,,
hakonasi_20260825_131458_522,1,v20_aspect1p5,502,16.733333333333334,1,0,,0,,,,
hakonasi_20260825_131458_522,1,v20_aspect1p5,503,16.766666666666666,1,0,,0,,,,
hakonasi_20260825_131458_522,1,v20_aspect1p5,504,16.8,1,0,,0,,,,
hakonasi_20260825_131458_522,1,v20_aspect1p5,505,16.833333333333332,1,0,,0,,,,
hakonasi_20260825_131458_522,1,v20_aspect1p5,506,16.866666666666667,1,0,,0,,,,
hakonasi_20260825_131458_522,1,v20_aspect1p5,507,16.9,1,0,,0,,,,
hakonasi_20260825_131458_522,1,v20_aspect1p5,508,16.933333333333334,1,0,,0,,,,
hakonasi_20260825_131458_522,1,v20_aspect1p5,509,16.966666666666665,1,0,,0,,,,
hakonasi_20260825_131458_522,1,v20_aspect1p5,510,17.0,1,0,,0,,,,
hakonasi_20260825_131458_522,1,v20_aspect1p5,511,17.033333333333335,1,0,,0,,,,
hakonasi_20260825_131458_522,1,v20_aspect1p5,512,17.066666666666666,1,0,,0,,,,
hakonasi_20260825_131458_522,1,v20_aspect1p5,513,17.1,1,0,,0,,,,
hakonasi_20260825_131458_522,1,v20_aspect1p5,514,17.133333333333333,1,0,,0,,,,
hakonasi_20260825_131458_522,1,v20_aspect1p5,515,17.166666666666668,1,0,,0,,,,
hakonasi_20260825_131458_522,1,v20_aspect1p5,516,17.2,1,0,,0,,,,
hakonasi_20260825_131458_522,1,v20_aspect1p5,517,17.233333333333334,1,0,,0,,,,
hakonasi_20260825_131458_522,1,v20_aspect1p5,518,17.266666666666666,1,0,,0,,,,
hakonasi_20260825_131458_522,1,v20_aspect1p5,519,17.3,1,0,,0,,,,
hakonasi_20260825_131458_522,1,v20_aspect1p5,520,17.333333333333332,1,0,,0,,,,
hakonasi_20260825_131458_522,1,v20_aspect1p5,521,17.366666666666667,1,0,,0,,,,
hakonasi_20260825_131458_522,1,v20_aspect1p5,522,17.4,1,0,,0,,,,
hakonasi_20260825_131458_522,1,v20_aspect1p5,523,17.433333333333334,1,0,,0,,,,
hakonasi_20260825_131458_522,1,v20_aspect1p5,524,17.466666666666665,1,0,,0,,,,
hakonasi_20260825_131458_522,1,v20_aspect1p5,525,17.5,1,0,,0,,,,
hakonasi_20260825_131458_522,1,v20_aspect1p5,526,17.533333333333335,1,0,,0,,,,
hakonasi_20260825_131458_522,1,v20_aspect1p5,527,17.566666666666666,1,0,,0,,,,
hakonasi_20260825_131458_522,1,v20_aspect1p5,528,17.6,1,0,,0,,,,
hakonasi_20260825_131458_522,1,v20_aspect1p5,529,17.633333333333333,1,0,,0,,,,
hakonasi_20260825_131458_522,1,v20_aspect1p5,530,17.666666666666668,1,0,,0,,,,
hakonasi_20260825_131458_522,1,v20_aspect1p5,531,17.7,1,0,,0,,,,
hakonasi_20260825_131458_522,1,v20_aspect1p5,532,17.733333333333334,1,0,,0,,,,
hakonasi_20260825_131458_522,1,v20_aspect1p5,533,17.766666666666666,1,0,,0,,,,
hakonasi_20260825_131458_522,1,v20_aspect1p5,534,17.8,1,0,,0,,,,
hakonasi_20260825_131458_522,1,v20_aspect1p5,535,17.833333333333332,1,0,,0,,,,
hakonasi_20260825_131458_522,1,v20_aspect1p5,536,17.866666666666667,1,0,,0,,,,
hakonasi_20260825_131458_522,1,v20_aspect1p5,537,17.9,1,0,,0,,,,
hakonasi_20260825_131458_522,1,v20_aspect1p5,538,17.933333333333334,1,0,,0,,,,
hakonasi_20260825_131458_522,1,v20_aspect1p5,539,17.966666666666665,1,0,,0,,,,
hakonasi_20260825_131458_522,1,v20_aspect1p5,540,18.0,1,0,,0,,,,
hakonasi_20260825_131458_522,1,v20_aspect1p5,541,18.033333333333335,1,0,,0,,,,
hakonasi_20260825_131458_522,1,v20_aspect1p5,542,18.066666666666666,1,0,,0,,,,
hakonasi_20260825_131458_522,1,v20_aspect1p5,543,18.1,1,0,,0,,,,
hakonasi_20260825_131458_522,1,v20_aspect1p5,544,18.133333333333333,1,0,,0,,,,
hakonasi_20260825_131458_522,1,v20_aspect1p5,545,18.166666666666668,1,0,,0,,,,
hakonasi_20260825_131458_522,1,v20_aspect1p5,546,18.2,1,0,,0,,,,
hakonasi_20260825_131458_522,1,v20_aspect1p5,547,18.233333333333334,1,0,,0,,,,
hakonasi_20260825_131458_522,1,v20_aspect1p5,548,18.266666666666666,1,0,,0,,,,
hakonasi_20260825_131458_522,1,v20_aspect1p5,549,18.3,1,0,,0,,,,
hakonasi_20260825_131458_522,1,v20_aspect1p5,550,18.333333333333332,1,0,,0,,,,
hakonasi_20260825_131458_522,1,v20_aspect1p5,551,18.366666666666667,1,0,,0,,,,
hakonasi_20260825_131458_522,1,v20_aspect1p5,552,18.4,1,0,,0,,,,
hakonasi_20260825_131458_522,1,v20_aspect1p5,553,18.433333333333334,1,0,,0,,,,
hakonasi_20260825_131458_522,1,v20_aspect1p5,554,18.466666666666665,1,0,,0,,,,
hakonasi_20260825_131458_522,1,v20_aspect1p5,555,18.5,1,0,,0,,,,
hakonasi_20260825_131458_522,1,v20_aspect1p5,556,18.533333333333335,1,0,,0,,,,
hakonasi_20260825_131458_522,1,v20_aspect1p5,557,18.566666666666666,1,0,,0,,,,
hakonasi_20260825_131458_522,1,v20_aspect1p5,558,18.6,1,0,,0,,,,
hakonasi_20260825_131458_522,1,v20_aspect1p5,559,18.633333333333333,1,0,,0,,,,
hakonasi_20260825_131458_522,1,v20_aspect1p5,560,18.666666666666668,1,0,,0,,,,
hakonasi_20260825_131458_522,1,v20_aspect1p5,561,18.7,1,0,,0,,,,
hakonasi_20260825_131458_522,1,v20_aspect1p5,562,18.733333333333334,1,0,,0,,,,
hakonasi_20260825_131458_522,1,v20_aspect1p5,563,18.766666666666666,1,0,,0,,,,
hakonasi_20260825_131458_522,1,v20_aspect1p5,564,18.8,1,0,,0,,,,
hakonasi_20260825_131458_522,1,v20_aspect1p5,565,18.833333333333332,1,0,,0,,,,
hakonasi_20260825_131458_522,1,v20_aspect1p5,566,18.866666666666667,1,0,,0,,,,
hakonasi_20260825_131458_522,1,v20_aspect1p5,567,18.9,1,0,,0,,,,
hakonasi_20260825_131458_522,1,v20_aspect1p5,568,18.933333333333334,1,0,,0,,,,
hakonasi_20260825_131458_522,1,v20_aspect1p5,569,18.966666666666665,1,0,,0,,,,
hakonasi_20260825_131458_522,1,v20_aspect1p5,570,19.0,1,0,,0,,,,
hakonasi_20260825_131458_522,1,v20_aspect1p5,571,19.033333333333335,1,0,,0,,,,
hakonasi_20260825_131458_522,1,v20_aspect1p5,572,19.066666666666666,1,0,,0,,,,
hakonasi_20260825_131458_522,1,v20_aspect1p5,573,19.1,1,0,,0,,,,
hakonasi_20260825_131458_522,1,v20_aspect1p5,574,19.133333333333333,1,0,,0,,,,
hakonasi_20260825_131458_522,1,v20_aspect1p5,575,19.166666666666668,1,0,,0,,,,
hakonasi_20260825_131458_522,1,v20_aspect1p5,576,19.2,1,0,,0,,,,
hakonasi_20260825_131458_522,1,v20_aspect1p5,577,19.233333333333334,1,0,,0,,,,
hakonasi_20260825_131458_522,1,v20_aspect1p5,578,19.266666666666666,1,0,,0,,,,
hakonasi_20260825_131458_522,1,v20_aspect1p5,579,19.3,1,0,,0,,,,
hakonasi_20260825_131458_522,1,v20_aspect1p5,580,19.333333333333332,1,0,,0,,,,
hakonasi_20260825_131458_522,1,v20_aspect1p5,581,19.366666666666667,1,0,,0,,,,
hakonasi_20260825_131458_522,1,v20_aspect1p5,582,19.4,1,0,,0,,,,
hakonasi_20260825_131458_522,1,v20_aspect1p5,583,19.433333333333334,1,0,,0,,,,
hakonasi_20260825_131458_522,1,v20_aspect1p5,584,19.466666666666665,1,0,,0,,,,
hakonasi_20260825_131458_522,1,v20_aspect1p5,585,19.5,1,0,,0,,,,
hakonasi_20260825_131458_522,1,v20_aspect1p5,586,19.533333333333335,1,0,,0,,,,
hakonasi_20260825_131458_522,1,v20_aspect1p5,587,19.566666666666666,1,0,,0,,,,
hakonasi_20260825_131458_522,1,v20_aspect1p5,588,19.6,1,0,,0,,,,
hakonasi_20260825_131458_522,1,v20_aspect1p5,589,19.633333333333333,1,0,,0,,,,
hakonasi_20260825_131458_522,1,v20_aspect1p5,590,19.666666666666668,1,0,,0,,,,
hakonasi_20260825_131458_522,1,v20_aspect1p5,591,19.7,1,0,,0,,,,
hakonasi_20260825_131458_522,1,v20_aspect1p5,592,19.733333333333334,1,0,,0,,,,
hakonasi_20260825_131458_522,1,v20_aspect1p5,593,19.766666666666666,1,0,,0,,,,
hakonasi_20260825_131458_522,1,v20_aspect1p5,594,19.8,1,0,,0,,,,
hakonasi_20260825_131458_522,1,v20_aspect1p5,595,19.833333333333332,1,0,,0,,,,
hakonasi_20260825_131458_522,1,v20_aspect1p5,596,19.866666666666667,1,0,,0,,,,
hakonasi_20260825_131458_522,1,v20_aspect1p5,597,19.9,1,0,,0,,,,
hakonasi_20260825_131458_522,1,v20_aspect1p5,598,19.933333333333334,1,0,,0,,,,
hakonasi_20260825_131458_522,1,v20_aspect1p5,599,19.966666666666665,1,0,,0,,,,
hakonasi_20260825_131458_522,1,v20_aspect1p5,600,20.0,1,0,,0,,,,
hakonasi_20260825_131458_522,1,v20_aspect1p5,601,20.033333333333335,1,0,,0,,,,
hakonasi_20260825_131458_522,1,v20_aspect1p5,602,20.066666666666666,1,0,,0,,,,
hakonasi_20260825_131458_522,1,v20_aspect1p5,603,20.1,1,0,,0,,,,
hakonasi_20260825_131458_522,1,v20_aspect1p5,604,20.133333333333333,1,0,,0,,,,
hakonasi_20260825_131458_522,1,v20_aspect1p5,605,20.166666666666668,1,0,,0,,,,
hakonasi_20260825_131458_522,1,v20_aspect1p5,606,20.2,1,0,,0,,,,
hakonasi_20260825_131458_522,1,v20_aspect1p5,607,20.233333333333334,1,0,,0,,,,
hakonasi_20260825_131458_522,1,v20_aspect1p5,608,20.266666666666666,1,0,,0,,,,
hakonasi_20260825_131458_522,1,v20_aspect1p5,609,20.3,1,0,,0,,,,
hakonasi_20260825_131458_522,1,v20_aspect1p5,610,20.333333333333332,1,0,,0,,,,
hakonasi_20260825_131458_522,1,v20_aspect1p5,611,20.366666666666667,1,0,,0,,,,
hakonasi_20260825_131458_522,1,v20_aspect1p5,612,20.4,1,0,,0,,,,
hakonasi_20260825_131458_522,1,v20_aspect1p5,613,20.433333333333334,1,0,,0,,,,
hakonasi_20260825_131458_522,1,v20_aspect1p5,614,20.466666666666665,1,0,,0,,,,
hakonasi_20260825_131458_522,1,v20_aspect1p5,615,20.5,1,0,,0,,,,
hakonasi_20260825_131458_522,1,v20_aspect1p5,616,20.533333333333335,1,0,,0,,,,
hakonasi_20260825_131458_522,1,v20_aspect1p5,617,20.566666666666666,1,0,,0,,,,
hakonasi_20260825_131458_522,1,v20_aspect1p5,618,20.6,1,0,,0,,,,
hakonasi_20260825_131458_522,1,v20_aspect1p5,619,20.633333333333333,1,0,,0,,,,
hakonasi_20260825_131458_522,1,v20_aspect1p5,620,20.666666666666668,1,0,,0,,,,
hakonasi_20260825_131458_522,1,v20_aspect1p5,621,20.7,1,0,,0,,,,
hakonasi_20260825_131458_522,1,v20_aspect1p5,622,20.733333333333334,1,0,,0,,,,
hakonasi_20260825_131458_522,1,v20_aspect1p5,623,20.766666666666666,1,0,,0,,,,
hakonasi_20260825_131458_522,1,v20_aspect1p5,624,20.8,1,0,,0,,,,
hakonasi_20260825_131458_522,1,v20_aspect1p5,625,20.833333333333332,1,0,,0,,,,
hakonasi_20260825_131458_522,1,v20_aspect1p5,626,20.866666666666667,1,0,,0,,,,
hakonasi_20260825_131458_522,1,v20_aspect1p5,627,20.9,1,0,,0,,,,
hakonasi_20260825_131458_522,1,v20_aspect1p5,628,20.933333333333334,1,0,,0,,,,
hakonasi_20260825_131458_522,1,v20_aspect1p5,629,20.966666666666665,1,0,,0,,,,
hakonasi_20260825_131458_522,1,v20_aspect1p5,630,21.0,1,0,,0,,,,
hakonasi_20260825_131458_522,1,v20_aspect1p5,631,21.033333333333335,1,0,,0,,,,
hakonasi_20260825_131458_522,1,v20_aspect1p5,632,21.066666666666666,1,0,,0,,,,
hakonasi_20260825_131458_522,1,v20_aspect1p5,633,21.1,1,0,,0,,,,
hakonasi_20260825_131458_522,1,v20_aspect1p5,634,21.133333333333333,1,0,,0,,,,
hakonasi_20260825_131458_522,1,v20_aspect1p5,635,21.166666666666668,1,0,,0,,,,
hakonasi_20260825_131458_522,1,v20_aspect1p5,636,21.2,1,0,,0,,,,
hakonasi_20260825_131458_522,1,v20_aspect1p5,637,21.233333333333334,1,0,,0,,,,
hakonasi_20260825_131458_522,1,v20_aspect1p5,638,21.266666666666666,1,0,,0,,,,
hakonasi_20260825_131458_522,1,v20_aspect1p5,639,21.3,1,0,,0,,,,
hakonasi_20260825_131458_522,1,v20_aspect1p5,640,21.333333333333332,1,0,,0,,,,
hakonasi_20260825_131458_522,1,v20_aspect1p5,641,21.366666666666667,1,0,,0,,,,
hakonasi_20260825_131458_522,1,v20_aspect1p5,642,21.4,1,0,,0,,,,
hakonasi_20260825_131458_522,1,v20_aspect1p5,643,21.433333333333334,1,0,,0,,,,
hakonasi_20260825_131458_522,1,v20_aspect1p5,644,21.466666666666665,1,0,,0,,,,
hakonasi_20260825_131458_522,1,v20_aspect1p5,645,21.5,1,0,,0,,,,
hakonasi_20260825_131458_522,1,v20_aspect1p5,646,21.533333333333335,1,0,,0,,,,
hakonasi_20260825_131458_522,1,v20_aspect1p5,647,21.566666666666666,1,0,,0,,,,
hakonasi_20260825_131458_522,1,v20_aspect1p5,648,21.6,1,0,,0,,,,
hakonasi_20260825_131458_522,1,v20_aspect1p5,649,21.633333333333333,1,0,,0,,,,
hakonasi_20260825_131458_522,1,v20_aspect1p5,650,21.666666666666668,1,0,,0,,,,
hakonasi_20260825_131458_522,1,v20_aspect1p5,651,21.7,1,0,,0,,,,
hakonasi_20260825_131458_522,1,v20_aspect1p5,652,21.733333333333334,1,0,,0,,,,
hakonasi_20260825_131458_522,1,v20_aspect1p5,653,21.766666666666666,1,0,,0,,,,
hakonasi_20260825_131458_522,1,v20_aspect1p5,654,21.8,1,0,,0,,,,
hakonasi_20260825_131458_522,1,v20_aspect1p5,655,21.833333333333332,1,0,,0,,,,
hakonasi_20260825_131458_522,1,v20_aspect1p5,656,21.866666666666667,1,0,,0,,,,
hakonasi_20260825_131458_522,1,v20_aspect1p5,657,21.9,1,0,,0,,,,
hakonasi_20260825_131458_522,1,v20_aspect1p5,658,21.933333333333334,1,0,,0,,,,
hakonasi_20260825_131458_522,1,v20_aspect1p5,659,21.966666666666665,1,0,,0,,,,
hakonasi_20260825_131458_522,1,v20_aspect1p5,660,22.0,1,0,,0,,,,
hakonasi_20260825_131458_522,1,v20_aspect1p5,661,22.033333333333335,1,0,,0,,,,
hakonasi_20260825_131458_522,1,v20_aspect1p5,662,22.066666666666666,1,0,,0,,,,
hakonasi_20260825_131458_522,1,v20_aspect1p5,663,22.1,1,0,,0,,,,
hakonasi_20260825_131458_522,1,v20_aspect1p5,664,22.133333333333333,1,0,,0,,,,
hakonasi_20260825_131458_522,1,v20_aspect1p5,665,22.166666666666668,1,0,,0,,,,
hakonasi_20260825_131458_522,1,v20_aspect1p5,666,22.2,1,0,,0,,,,
hakonasi_20260825_131458_522,1,v20_aspect1p5,667,22.233333333333334,1,0,,0,,,,
hakonasi_20260825_131458_522,1,v20_aspect1p5,668,22.266666666666666,1,0,,0,,,,
hakonasi_20260825_131458_522,1,v20_aspect1p5,669,22.3,1,0,,0,,,,
hakonasi_20260825_131458_522,1,v20_aspect1p5,670,22.333333333333332,1,0,,0,,,,
hakonasi_20260825_131458_522,1,v20_aspect1p5,671,22.366666666666667,1,0,,0,,,,
hakonasi_20260825_131458_522,1,v20_aspect1p5,672,22.4,1,0,,0,,,,
hakonasi_20260825_131458_522,1,v20_aspect1p5,673,22.433333333333334,1,0,,0,,,,
hakonasi_20260825_131458_522,1,v20_aspect1p5,674,22.466666666666665,1,0,,0,,,,
hakonasi_20260825_131458_522,1,v20_aspect1p5,675,22.5,1,0,,0,,,,
hakonasi_20260825_131458_522,1,v20_aspect1p5,676,22.533333333333335,1,0,,0,,,,
hakonasi_20260825_131458_522,1,v20_aspect1p5,677,22.566666666666666,1,0,,0,,,,
hakonasi_20260825_131458_522,1,v20_aspect1p5,678,22.6,1,0,,0,,,,
hakonasi_20260825_131458_522,1,v20_aspect1p5,679,22.633333333333333,1,0,,0,,,,
hakonasi_20260825_131458_522,1,v20_aspect1p5,680,22.666666666666668,1,0,,0,,,,
hakonasi_20260825_131458_522,1,v20_aspect1p5,681,22.7,1,0,,0,,,,
hakonasi_20260825_131458_522,1,v20_aspect1p5,682,22.733333333333334,1,0,,0,,,,
hakonasi_20260825_131458_522,1,v20_aspect1p5,683,22.766666666666666,1,0,,0,,,,
hakonasi_20260825_131458_522,1,v20_aspect1p5,684,22.8,1,0,,0,,,,
hakonasi_20260825_131458_522,1,v20_aspect1p5,685,22.833333333333332,1,0,,0,,,,
hakonasi_20260825_131458_522,1,v20_aspect1p5,686,22.866666666666667,1,0,,0,,,,
hakonasi_20260825_131458_522,1,v20_aspect1p5,687,22.9,1,0,,0,,,,
hakonasi_20260825_131458_522,1,v20_aspect1p5,688,22.933333333333334,1,0,,0,,,,
hakonasi_20260825_131458_522,1,v20_aspect1p5,689,22.966666666666665,1,0,,0,,,,
hakonasi_20260825_131458_522,1,v20_aspect1p5,690,23.0,1,0,,0,,,,
hakonasi_20260825_131458_522,1,v20_aspect1p5,691,23.033333333333335,1,0,,0,,,,
hakonasi_20260825_131458_522,1,v20_aspect1p5,692,23.066666666666666,1,0,,0,,,,
hakonasi_20260825_131458_522,1,v20_aspect1p5,693,23.1,1,0,,0,,,,
hakonasi_20260825_131458_522,1,v20_aspect1p5,694,23.133333333333333,1,0,,0,,,,
hakonasi_20260825_131458_522,1,v20_aspect1p5,695,23.166666666666668,1,0,,0,,,,
hakonasi_20260825_131458_522,1,v20_aspect1p5,696,23.2,1,0,,0,,,,
hakonasi_20260825_131458_522,1,v20_aspect1p5,697,23.233333333333334,1,0,,0,,,,
hakonasi_20260825_131458_522,1,v20_aspect1p5,698,23.266666666666666,1,0,,0,,,,
hakonasi_20260825_131458_522,1,v20_aspect1p5,699,23.3,1,0,,0,,,,
hakonasi_20260825_131458_522,1,v20_aspect1p5,700,23.333333333333332,1,0,,0,,,,
hakonasi_20260825_131458_522,1,v20_aspect1p5,701,23.366666666666667,1,0,,0,,,,
hakonasi_20260825_131458_522,1,v20_aspect1p5,702,23.4,1,0,,0,,,,
hakonasi_20260825_131458_522,1,v20_aspect1p5,703,23.433333333333334,1,0,,0,,,,
hakonasi_20260825_131458_522,1,v20_aspect1p5,704,23.466666666666665,1,0,,0,,,,
hakonasi_20260825_131458_522,1,v20_aspect1p5,705,23.5,1,0,,0,,,,
hakonasi_20260825_131458_522,1,v20_aspect1p5,706,23.533333333333335,1,0,,0,,,,
hakonasi_20260825_131458_522,1,v20_aspect1p5,707,23.566666666666666,1,0,,0,,,,
hakonasi_20260825_131458_522,1,v20_aspect1p5,708,23.6,1,0,,0,,,,
hakonasi_20260825_131458_522,1,v20_aspect1p5,709,23.633333333333333,1,0,,0,,,,
hakonasi_20260825_131458_522,1,v20_aspect1p5,710,23.666666666666668,1,0,,0,,,,
hakonasi_20260825_131458_522,1,v20_aspect1p5,711,23.7,1,0,,0,,,,
hakonasi_20260825_131458_522,1,v20_aspect1p5,712,23.733333333333334,1,0,,0,,,,
hakonasi_20260825_131458_522,1,v20_aspect1p5,713,23.766666666666666,1,0,,0,,,,
hakonasi_20260825_131458_522,1,v20_aspect1p5,714,23.8,1,0,,0,,,,
hakonasi_20260825_131458_522,1,v20_aspect1p5,715,23.833333333333332,1,0,,0,,,,
hakonasi_20260825_131458_522,1,v20_aspect1p5,716,23.866666666666667,1,0,,0,,,,
hakonasi_20260825_131458_522,1,v20_aspect1p5,717,23.9,1,0,,0,,,,
hakonasi_20260825_131458_522,1,v20_aspect1p5,718,23.933333333333334,1,0,,0,,,,
hakonasi_20260825_131458_522,1,v20_aspect1p5,719,23.966666666666665,1,0,,0,,,,
hakonasi_20260825_131458_522,1,v20_aspect1p5,720,24.0,1,0,,0,,,,
hakonasi_20260825_131458_522,1,v20_aspect1p5,721,24.033333333333335,1,0,,0,,,,
hakonasi_20260825_131458_522,1,v20_aspect1p5,722,24.066666666666666,1,0,,0,,,,
hakonasi_20260825_131458_522,1,v20_aspect1p5,723,24.1,1,0,,0,,,,
hakonasi_20260825_131458_522,1,v20_aspect1p5,724,24.133333333333333,1,0,,0,,,,
hakonasi_20260825_131458_522,1,v20_aspect1p5,725,24.166666666666668,1,0,,0,,,,
hakonasi_20260825_131458_522,1,v20_aspect1p5,726,24.2,1,0,,0,,,,
hakonasi_20260825_131458_522,1,v20_aspect1p5,727,24.233333333333334,1,0,,0,,,,
hakonasi_20260825_131458_522,1,v20_aspect1p5,728,24.266666666666666,1,0,,0,,,,
hakonasi_20260825_131458_522,1,v20_aspect1p5,729,24.3,1,0,,0,,,,
hakonasi_20260825_131458_522,1,v20_aspect1p5,730,24.333333333333332,1,0,,0,,,,
hakonasi_20260825_131458_522,1,v20_aspect1p5,731,24.366666666666667,1,0,,0,,,,
hakonasi_20260825_131458_522,1,v20_aspect1p5,732,24.4,1,0,,0,,,,
hakonasi_20260825_131458_522,1,v20_aspect1p5,733,24.433333333333334,1,0,,0,,,,
hakonasi_20260825_131458_522,1,v20_aspect1p5,734,24.466666666666665,1,0,,0,,,,
hakonasi_20260825_131458_522,1,v20_aspect1p5,735,24.5,1,0,,0,,,,
hakonasi_20260825_131458_522,1,v20_aspect1p5,736,24.533333333333335,1,0,,0,,,,
hakonasi_20260825_131458_522,1,v20_aspect1p5,737,24.566666666666666,1,0,,0,,,,
hakonasi_20260825_131458_522,1,v20_aspect1p5,738,24.6,1,0,,0,,,,
hakonasi_20260825_131458_522,1,v20_aspect1p5,739,24.633333333333333,1,0,,0,,,,
hakonasi_20260825_131458_522,1,v20_aspect1p5,740,24.666666666666668,1,0,,0,,,,
hakonasi_20260825_131458_522,1,v20_aspect1p5,741,24.7,1,0,,0,,,,
hakonasi_20260825_131458_522,1,v20_aspect1p5,742,24.733333333333334,1,0,,0,,,,
hakonasi_20260825_131458_522,1,v20_aspect1p5,743,24.766666666666666,1,0,,0,,,,
hakonasi_20260825_131458_522,1,v20_aspect1p5,744,24.8,1,0,,0,,,,
hakonasi_20260825_131458_522,1,v20_aspect1p5,745,24.833333333333332,1,0,,0,,,,
hakonasi_20260825_131458_522,1,v20_aspect1p5,746,24.866666666666667,1,0,,0,,,,
hakonasi_20260825_131458_522,1,v20_aspect1p5,747,24.9,1,0,,0,,,,
hakonasi_20260825_131458_522,1,v20_aspect1p5,748,24.933333333333334,1,0,,0,,,,
hakonasi_20260825_131458_522,1,v20_aspect1p5,749,24.966666666666665,1,0,,0,,,,
hakonasi_20260825_131458_522,1,v20_aspect1p5,750,25.0,1,0,,0,,,,
hakonasi_20260825_131458_522,1,v20_aspect1p5,751,25.033333333333335,1,0,,0,,,,
hakonasi_20260825_131458_522,1,v20_aspect1p5,752,25.066666666666666,1,0,,0,,,,
hakonasi_20260825_131458_522,1,v20_aspect1p5,753,25.1,1,0,,0,,,,
hakonasi_20260825_131458_522,1,v20_aspect1p5,754,25.133333333333333,1,0,,0,,,,
hakonasi_20260825_131458_522,1,v20_aspect1p5,755,25.166666666666668,1,0,,0,,,,
hakonasi_20260825_131458_522,1,v20_aspect1p5,756,25.2,1,0,,0,,,,
hakonasi_20260825_131458_522,1,v20_aspect1p5,757,25.233333333333334,1,0,,0,,,,
hakonasi_20260825_131458_522,1,v20_aspect1p5,758,25.266666666666666,1,0,,0,,,,
hakonasi_20260825_131458_522,1,v20_aspect1p5,759,25.3,1,0,,0,,,,
hakonasi_20260825_131458_522,1,v20_aspect1p5,760,25.333333333333332,1,0,,0,,,,
hakonasi_20260825_131458_522,1,v20_aspect1p5,761,25.366666666666667,1,0,,0,,,,
hakonasi_20260825_131458_522,1,v20_aspect1p5,762,25.4,1,0,,0,,,,
hakonasi_20260825_131458_522,1,v20_aspect1p5,763,25.433333333333334,1,0,,0,,,,
hakonasi_20260825_131458_522,1,v20_aspect1p5,764,25.466666666666665,1,0,,0,,,,
hakonasi_20260825_131458_522,1,v20_aspect1p5,765,25.5,1,0,,0,,,,
hakonasi_20260825_131458_522,1,v20_aspect1p5,766,25.533333333333335,1,0,,0,,,,
hakonasi_20260825_131458_522,1,v20_aspect1p5,767,25.566666666666666,1,0,,0,,,,
hakonasi_20260825_131458_522,1,v20_aspect1p5,768,25.6,1,0,,0,,,,
hakonasi_20260825_131458_522,1,v20_aspect1p5,769,25.633333333333333,1,0,,0,,,,
hakonasi_20260825_131458_522,1,v20_aspect1p5,770,25.666666666666668,1,0,,0,,,,
hakonasi_20260825_131458_522,1,v20_aspect1p5,771,25.7,1,0,,0,,,,
hakonasi_20260825_131458_522,1,v20_aspect1p5,772,25.733333333333334,1,0,,0,,,,
hakonasi_20260825_131458_522,1,v20_aspect1p5,773,25.766666666666666,1,0,,0,,,,
hakonasi_20260825_131458_522,1,v20_aspect1p5,774,25.8,1,0,,0,,,,
hakonasi_20260825_131458_522,1,v20_aspect1p5,775,25.833333333333332,1,0,,0,,,,
hakonasi_20260825_131458_522,1,v20_aspect1p5,776,25.866666666666667,1,0,,0,,,,
hakonasi_20260825_131458_522,1,v20_aspect1p5,777,25.9,1,0,,0,,,,
hakonasi_20260825_131458_522,1,v20_aspect1p5,778,25.933333333333334,1,0,,0,,,,
hakonasi_20260825_131458_522,1,v20_aspect1p5,779,25.966666666666665,1,0,,0,,,,
hakonasi_20260825_131458_522,1,v20_aspect1p5,780,26.0,1,0,,0,,,,
hakonasi_20260825_131458_522,1,v20_aspect1p5,781,26.033333333333335,1,0,,0,,,,
hakonasi_20260825_131458_522,1,v20_aspect1p5,782,26.066666666666666,1,0,,0,,,,
hakonasi_20260825_131458_522,1,v20_aspect1p5,783,26.1,1,0,,0,,,,
hakonasi_20260825_131458_522,1,v20_aspect1p5,784,26.133333333333333,1,0,,0,,,,
hakonasi_20260825_131458_522,1,v20_aspect1p5,785,26.166666666666668,1,0,,0,,,,
hakonasi_20260825_131458_522,1,v20_aspect1p5,786,26.2,1,0,,0,,,,
hakonasi_20260825_131458_522,1,v20_aspect1p5,787,26.233333333333334,1,0,,0,,,,
hakonasi_20260825_131458_522,1,v20_aspect1p5,788,26.266666666666666,1,0,,0,,,,
hakonasi_20260825_131458_522,1,v20_aspect1p5,789,26.3,1,0,,0,,,,
hakonasi_20260825_131458_522,1,v20_aspect1p5,790,26.333333333333332,1,0,,0,,,,
hakonasi_20260825_131458_522,1,v20_aspect1p5,791,26.366666666666667,1,0,,0,,,,
hakonasi_20260825_131458_522,1,v20_aspect1p5,792,26.4,1,0,,0,,,,
hakonasi_20260825_131458_522,1,v20_aspect1p5,793,26.433333333333334,1,0,,0,,,,
hakonasi_20260825_131458_522,1,v20_aspect1p5,794,26.466666666666665,1,0,,0,,,,
hakonasi_20260825_131458_522,1,v20_aspect1p5,795,26.5,1,0,,0,,,,
hakonasi_20260825_131458_522,1,v20_aspect1p5,796,26.533333333333335,1,0,,0,,,,
hakonasi_20260825_131458_522,1,v20_aspect1p5,797,26.566666666666666,1,0,,0,,,,
hakonasi_20260825_131458_522,1,v20_aspect1p5,798,26.6,1,0,,0,,,,
hakonasi_20260825_131458_522,1,v20_aspect1p5,799,26.633333333333333,1,0,,0,,,,
hakonasi_20260825_131458_522,1,v20_aspect1p5,800,26.666666666666668,1,0,,0,,,,
hakonasi_20260825_131458_522,1,v20_aspect1p5,801,26.7,1,0,,0,,,,
hakonasi_20260825_131458_522,1,v20_aspect1p5,802,26.733333333333334,1,0,,0,,,,
hakonasi_20260825_131458_522,1,v20_aspect1p5,803,26.766666666666666,1,0,,0,,,,
hakonasi_20260825_131458_522,1,v20_aspect1p5,804,26.8,1,0,,0,,,,
hakonasi_20260825_131458_522,1,v20_aspect1p5,805,26.833333333333332,1,0,,0,,,,
hakonasi_20260825_131458_522,1,v20_aspect1p5,806,26.866666666666667,1,0,,0,,,,
hakonasi_20260825_131458_522,1,v20_aspect1p5,807,26.9,1,0,,0,,,,
hakonasi_20260825_131458_522,1,v20_aspect1p5,808,26.933333333333334,1,0,,0,,,,
hakonasi_20260825_131458_522,1,v20_aspect1p5,809,26.966666666666665,1,0,,0,,,,
hakonasi_20260825_131458_522,1,v20_aspect1p5,810,27.0,1,0,,0,,,,
hakonasi_20260825_131458_522,1,v20_aspect1p5,811,27.033333333333335,1,0,,0,,,,
hakonasi_20260825_131458_522,1,v20_aspect1p5,812,27.066666666666666,1,0,,0,,,,
hakonasi_20260825_131458_522,1,v20_aspect1p5,813,27.1,1,0,,0,,,,
hakonasi_20260825_131458_522,1,v20_aspect1p5,814,27.133333333333333,1,0,,0,,,,
hakonasi_20260825_131458_522,1,v20_aspect1p5,815,27.166666666666668,1,0,,0,,,,
hakonasi_20260825_131458_522,1,v20_aspect1p5,816,27.2,1,0,,0,,,,
hakonasi_20260825_131458_522,1,v20_aspect1p5,817,27.233333333333334,1,0,,0,,,,
hakonasi_20260825_131458_522,1,v20_aspect1p5,818,27.266666666666666,1,0,,0,,,,
hakonasi_20260825_131458_522,1,v20_aspect1p5,819,27.3,1,0,,0,,,,
hakonasi_20260825_131458_522,1,v20_aspect1p5,820,27.333333333333332,1,0,,0,,,,
hakonasi_20260825_131458_522,1,v20_aspect1p5,821,27.366666666666667,1,0,,0,,,,
hakonasi_20260825_131458_522,1,v20_aspect1p5,822,27.4,1,0,,0,,,,
hakonasi_20260825_131458_522,1,v20_aspect1p5,823,27.433333333333334,1,0,,0,,,,
hakonasi_20260825_131458_522,1,v20_aspect1p5,824,27.466666666666665,1,0,,0,,,,
hakonasi_20260825_131458_522,1,v20_aspect1p5,825,27.5,1,0,,0,,,,
hakonasi_20260825_131458_522,1,v20_aspect1p5,826,27.533333333333335,1,0,,0,,,,
hakonasi_20260825_131458_522,1,v20_aspect1p5,827,27.566666666666666,1,0,,0,,,,
hakonasi_20260825_131458_522,1,v20_aspect1p5,828,27.6,1,0,,0,,,,
hakonasi_20260825_131458_522,1,v20_aspect1p5,829,27.633333333333333,1,0,,0,,,,
hakonasi_20260825_131458_522,1,v20_aspect1p5,830,27.666666666666668,1,0,,0,,,,
hakonasi_20260825_131458_522,1,v20_aspect1p5,831,27.7,1,0,,0,,,,
hakonasi_20260825_131458_522,1,v20_aspect1p5,832,27.733333333333334,1,0,,0,,,,
hakonasi_20260825_131458_522,1,v20_aspect1p5,833,27.766666666666666,1,0,,0,,,,
hakonasi_20260825_131458_522,1,v20_aspect1p5,834,27.8,1,0,,0,,,,
hakonasi_20260825_131458_522,1,v20_aspect1p5,835,27.833333333333332,1,0,,0,,,,
hakonasi_20260825_131458_522,1,v20_aspect1p5,836,27.866666666666667,1,0,,0,,,,
hakonasi_20260825_131458_522,1,v20_aspect1p5,837,27.9,1,0,,0,,,,
hakonasi_20260825_131458_522,1,v20_aspect1p5,838,27.933333333333334,1,0,,0,,,,
hakonasi_20260825_131458_522,1,v20_aspect1p5,839,27.966666666666665,1,0,,0,,,,
hakonasi_20260825_131458_522,1,v20_aspect1p5,840,28.0,1,0,,0,,,,
hakonasi_20260825_131458_522,1,v20_aspect1p5,841,28.033333333333335,1,0,,0,,,,
hakonasi_20260825_131458_522,1,v20_aspect1p5,842,28.066666666666666,1,0,,0,,,,
hakonasi_20260825_131458_522,1,v20_aspect1p5,843,28.1,1,0,,0,,,,
hakonasi_20260825_131458_522,1,v20_aspect1p5,844,28.133333333333333,1,0,,0,,,,
hakonasi_20260825_131458_522,1,v20_aspect1p5,845,28.166666666666668,1,0,,0,,,,
hakonasi_20260825_131458_522,1,v20_aspect1p5,846,28.2,1,0,,0,,,,
hakonasi_20260825_131458_522,1,v20_aspect1p5,847,28.233333333333334,1,0,,0,,,,
hakonasi_20260825_131458_522,1,v20_aspect1p5,848,28.266666666666666,1,0,,0,,,,
hakonasi_20260825_131458_522,1,v20_aspect1p5,849,28.3,1,0,,0,,,,
hakonasi_20260825_131458_522,1,v20_aspect1p5,850,28.333333333333332,1,0,,0,,,,
hakonasi_20260825_131458_522,1,v20_aspect1p5,851,28.366666666666667,1,0,,0,,,,
hakonasi_20260825_131458_522,1,v20_aspect1p5,852,28.4,1,0,,0,,,,
hakonasi_20260825_131458_522,1,v20_aspect1p5,853,28.433333333333334,1,0,,0,,,,
hakonasi_20260825_131458_522,1,v25_aspect1p5,1,0.03333333333333333,1,0,,0,,,,
hakonasi_20260825_131458_522,1,v25_aspect1p5,2,0.06666666666666667,1,0,,0,,,,
hakonasi_20260825_131458_522,1,v25_aspect1p5,3,0.1,1,0,,0,,,,
hakonasi_20260825_131458_522,1,v25_aspect1p5,4,0.13333333333333333,1,0,,0,,,,
hakonasi_20260825_131458_522,1,v25_aspect1p5,5,0.16666666666666666,1,0,,0,,,,
hakonasi_20260825_131458_522,1,v25_aspect1p5,6,0.2,1,0,,0,,,,
hakonasi_20260825_131458_522,1,v25_aspect1p5,7,0.23333333333333334,1,0,,0,,,,
hakonasi_20260825_131458_522,1,v25_aspect1p5,8,0.26666666666666666,1,0,,0,,,,
hakonasi_20260825_131458_522,1,v25_aspect1p5,9,0.3,1,0,,0,,,,
hakonasi_20260825_131458_522,1,v25_aspect1p5,10,0.3333333333333333,1,0,,0,,,,
hakonasi_20260825_131458_522,1,v25_aspect1p5,11,0.36666666666666664,1,0,,0,,,,
hakonasi_20260825_131458_522,1,v25_aspect1p5,12,0.4,1,0,,0,,,,
hakonasi_20260825_131458_522,1,v25_aspect1p5,13,0.43333333333333335,1,0,,0,,,,
hakonasi_20260825_131458_522,1,v25_aspect1p5,14,0.4666666666666667,1,0,,0,,,,
hakonasi_20260825_131458_522,1,v25_aspect1p5,15,0.5,1,0,,0,,,,
hakonasi_20260825_131458_522,1,v25_aspect1p5,16,0.5333333333333333,1,0,,0,,,,
hakonasi_20260825_131458_522,1,v25_aspect1p5,17,0.5666666666666667,1,0,,0,,,,
hakonasi_20260825_131458_522,1,v25_aspect1p5,18,0.6,1,0,,0,,,,
hakonasi_20260825_131458_522,1,v25_aspect1p5,19,0.6333333333333333,1,0,,0,,,,
hakonasi_20260825_131458_522,1,v25_aspect1p5,20,0.6666666666666666,1,0,,0,,,,
hakonasi_20260825_131458_522,1,v25_aspect1p5,21,0.7,1,0,,0,,,,
hakonasi_20260825_131458_522,1,v25_aspect1p5,22,0.7333333333333333,1,0,,0,,,,
hakonasi_20260825_131458_522,1,v25_aspect1p5,23,0.7666666666666667,1,0,,0,,,,
hakonasi_20260825_131458_522,1,v25_aspect1p5,24,0.8,1,0,,0,,,,
hakonasi_20260825_131458_522,1,v25_aspect1p5,25,0.8333333333333334,1,0,,0,,,,
hakonasi_20260825_131458_522,1,v25_aspect1p5,26,0.8666666666666667,1,0,,0,,,,
hakonasi_20260825_131458_522,1,v25_aspect1p5,27,0.9,1,0,,0,,,,
hakonasi_20260825_131458_522,1,v25_aspect1p5,28,0.9333333333333333,1,0,,0,,,,
hakonasi_20260825_131458_522,1,v25_aspect1p5,29,0.9666666666666667,1,0,,0,,,,
hakonasi_20260825_131458_522,1,v25_aspect1p5,30,1.0,1,0,,0,,,,
hakonasi_20260825_131458_522,1,v25_aspect1p5,31,1.0333333333333334,1,0,,0,,,,
hakonasi_20260825_131458_522,1,v25_aspect1p5,32,1.0666666666666667,1,0,,0,,,,
hakonasi_20260825_131458_522,1,v25_aspect1p5,33,1.1,1,0,,0,,,,
hakonasi_20260825_131458_522,1,v25_aspect1p5,34,1.1333333333333333,1,0,,0,,,,
hakonasi_20260825_131458_522,1,v25_aspect1p5,35,1.1666666666666667,1,0,,0,,,,
hakonasi_20260825_131458_522,1,v25_aspect1p5,36,1.2,1,0,,0,,,,
hakonasi_20260825_131458_522,1,v25_aspect1p5,37,1.2333333333333334,1,0,,0,,,,
hakonasi_20260825_131458_522,1,v25_aspect1p5,38,1.2666666666666666,1,0,,0,,,,
hakonasi_20260825_131458_522,1,v25_aspect1p5,39,1.3,1,0,,0,,,,
hakonasi_20260825_131458_522,1,v25_aspect1p5,40,1.3333333333333333,1,0,,0,,,,
hakonasi_20260825_131458_522,1,v25_aspect1p5,41,1.3666666666666667,1,0,,0,,,,
hakonasi_20260825_131458_522,1,v25_aspect1p5,42,1.4,1,0,,0,,,,
hakonasi_20260825_131458_522,1,v25_aspect1p5,43,1.4333333333333333,1,0,,0,,,,
hakonasi_20260825_131458_522,1,v25_aspect1p5,44,1.4666666666666666,1,0,,0,,,,
hakonasi_20260825_131458_522,1,v25_aspect1p5,45,1.5,1,0,,0,,,,
hakonasi_20260825_131458_522,1,v25_aspect1p5,46,1.5333333333333334,1,0,,0,,,,
hakonasi_20260825_131458_522,1,v25_aspect1p5,47,1.5666666666666667,1,0,,0,,,,
hakonasi_20260825_131458_522,1,v25_aspect1p5,48,1.6,1,0,,0,,,,
hakonasi_20260825_131458_522,1,v25_aspect1p5,49,1.6333333333333333,1,0,,0,,,,
hakonasi_20260825_131458_522,1,v25_aspect1p5,50,1.6666666666666667,1,0,,0,,,,
hakonasi_20260825_131458_522,1,v25_aspect1p5,51,1.7,1,0,,0,,,,
hakonasi_20260825_131458_522,1,v25_aspect1p5,52,1.7333333333333334,1,0,,0,,,,
hakonasi_20260825_131458_522,1,v25_aspect1p5,53,1.7666666666666666,1,0,,0,,,,
hakonasi_20260825_131458_522,1,v25_aspect1p5,54,1.8,1,0,,0,,,,
hakonasi_20260825_131458_522,1,v25_aspect1p5,55,1.8333333333333333,1,0,,0,,,,
hakonasi_20260825_131458_522,1,v25_aspect1p5,56,1.8666666666666667,1,0,,0,,,,
hakonasi_20260825_131458_522,1,v25_aspect1p5,57,1.9,1,0,,0,,,,
hakonasi_20260825_131458_522,1,v25_aspect1p5,58,1.9333333333333333,1,0,,0,,,,
hakonasi_20260825_131458_522,1,v25_aspect1p5,59,1.9666666666666666,1,0,,0,,,,
hakonasi_20260825_131458_522,1,v25_aspect1p5,60,2.0,1,0,,0,,,,
hakonasi_20260825_131458_522,1,v25_aspect1p5,61,2.033333333333333,1,0,,0,,,,
hakonasi_20260825_131458_522,1,v25_aspect1p5,62,2.066666666666667,1,0,,0,,,,
hakonasi_20260825_131458_522,1,v25_aspect1p5,63,2.1,1,0,,0,,,,
hakonasi_20260825_131458_522,1,v25_aspect1p5,64,2.1333333333333333,1,0,,0,,,,
hakonasi_20260825_131458_522,1,v25_aspect1p5,65,2.1666666666666665,1,0,,0,,,,
hakonasi_20260825_131458_522,1,v25_aspect1p5,66,2.2,1,0,,0,,,,
hakonasi_20260825_131458_522,1,v25_aspect1p5,67,2.2333333333333334,1,0,,0,,,,
hakonasi_20260825_131458_522,1,v25_aspect1p5,68,2.2666666666666666,1,0,,0,,,,
hakonasi_20260825_131458_522,1,v25_aspect1p5,69,2.3,1,0,,0,,,,
hakonasi_20260825_131458_522,1,v25_aspect1p5,70,2.3333333333333335,1,0,,0,,,,
hakonasi_20260825_131458_522,1,v25_aspect1p5,71,2.3666666666666667,1,0,,0,,,,
hakonasi_20260825_131458_522,1,v25_aspect1p5,72,2.4,1,0,,0,,,,
hakonasi_20260825_131458_522,1,v25_aspect1p5,73,2.433333333333333,1,0,,0,,,,
hakonasi_20260825_131458_522,1,v25_aspect1p5,74,2.466666666666667,1,0,,0,,,,
hakonasi_20260825_131458_522,1,v25_aspect1p5,75,2.5,1,0,,0,,,,
hakonasi_20260825_131458_522,1,v25_aspect1p5,76,2.533333333333333,1,0,,0,,,,
hakonasi_20260825_131458_522,1,v25_aspect1p5,77,2.566666666666667,1,0,,0,,,,
hakonasi_20260825_131458_522,1,v25_aspect1p5,78,2.6,1,0,,0,,,,
hakonasi_20260825_131458_522,1,v25_aspect1p5,79,2.6333333333333333,1,0,,0,,,,
hakonasi_20260825_131458_522,1,v25_aspect1p5,80,2.6666666666666665,1,0,,0,,,,
hakonasi_20260825_131458_522,1,v25_aspect1p5,81,2.7,1,0,,0,,,,
hakonasi_20260825_131458_522,1,v25_aspect1p5,82,2.7333333333333334,1,0,,0,,,,
hakonasi_20260825_131458_522,1,v25_aspect1p5,83,2.7666666666666666,1,0,,0,,,,
hakonasi_20260825_131458_522,1,v25_aspect1p5,84,2.8,1,0,,0,,,,
hakonasi_20260825_131458_522,1,v25_aspect1p5,85,2.8333333333333335,1,0,,0,,,,
hakonasi_20260825_131458_522,1,v25_aspect1p5,86,2.8666666666666667,1,0,,0,,,,
hakonasi_20260825_131458_522,1,v25_aspect1p5,87,2.9,1,0,,0,,,,
hakonasi_20260825_131458_522,1,v25_aspect1p5,88,2.933333333333333,1,0,,0,,,,
hakonasi_20260825_131458_522,1,v25_aspect1p5,89,2.966666666666667,1,0,,0,,,,
hakonasi_20260825_131458_522,1,v25_aspect1p5,90,3.0,1,0,,0,,,,
hakonasi_20260825_131458_522,1,v25_aspect1p5,91,3.033333333333333,1,0,,0,,,,
hakonasi_20260825_131458_522,1,v25_aspect1p5,92,3.066666666666667,1,0,,0,,,,
hakonasi_20260825_131458_522,1,v25_aspect1p5,93,3.1,1,0,,0,,,,
hakonasi_20260825_131458_522,1,v25_aspect1p5,94,3.1333333333333333,1,0,,0,,,,
hakonasi_20260825_131458_522,1,v25_aspect1p5,95,3.1666666666666665,1,0,,0,,,,
hakonasi_20260825_131458_522,1,v25_aspect1p5,96,3.2,1,0,,0,,,,
hakonasi_20260825_131458_522,1,v25_aspect1p5,97,3.2333333333333334,1,0,,0,,,,
hakonasi_20260825_131458_522,1,v25_aspect1p5,98,3.2666666666666666,1,0,,0,,,,
hakonasi_20260825_131458_522,1,v25_aspect1p5,99,3.3,1,0,,0,,,,
hakonasi_20260825_131458_522,1,v25_aspect1p5,100,3.3333333333333335,1,0,,0,,,,
hakonasi_20260825_131458_522,1,v25_aspect1p5,101,3.3666666666666667,1,0,,0,,,,
hakonasi_20260825_131458_522,1,v25_aspect1p5,102,3.4,1,0,,0,,,,
hakonasi_20260825_131458_522,1,v25_aspect1p5,103,3.433333333333333,1,0,,0,,,,
hakonasi_20260825_131458_522,1,v25_aspect1p5,104,3.466666666666667,1,0,,0,,,,
hakonasi_20260825_131458_522,1,v25_aspect1p5,105,3.5,1,0,,0,,,,
hakonasi_20260825_131458_522,1,v25_aspect1p5,106,3.533333333333333,1,0,,0,,,,
hakonasi_20260825_131458_522,1,v25_aspect1p5,107,3.566666666666667,1,0,,0,,,,
hakonasi_20260825_131458_522,1,v25_aspect1p5,108,3.6,1,0,,0,,,,
hakonasi_20260825_131458_522,1,v25_aspect1p5,109,3.6333333333333333,1,0,,0,,,,
hakonasi_20260825_131458_522,1,v25_aspect1p5,110,3.6666666666666665,1,0,,0,,,,
hakonasi_20260825_131458_522,1,v25_aspect1p5,111,3.7,1,0,,0,,,,
hakonasi_20260825_131458_522,1,v25_aspect1p5,112,3.7333333333333334,1,0,,0,,,,
hakonasi_20260825_131458_522,1,v25_aspect1p5,113,3.7666666666666666,1,0,,0,,,,
hakonasi_20260825_131458_522,1,v25_aspect1p5,114,3.8,1,0,,0,,,,
hakonasi_20260825_131458_522,1,v25_aspect1p5,115,3.8333333333333335,1,0,,0,,,,
hakonasi_20260825_131458_522,1,v25_aspect1p5,116,3.8666666666666667,1,0,,0,,,,
hakonasi_20260825_131458_522,1,v25_aspect1p5,117,3.9,1,0,,0,,,,
hakonasi_20260825_131458_522,1,v25_aspect1p5,118,3.933333333333333,1,0,,0,,,,
hakonasi_20260825_131458_522,1,v25_aspect1p5,119,3.966666666666667,1,0,,0,,,,
hakonasi_20260825_131458_522,1,v25_aspect1p5,120,4.0,1,0,,0,,,,
hakonasi_20260825_131458_522,1,v25_aspect1p5,121,4.033333333333333,1,0,,0,,,,
hakonasi_20260825_131458_522,1,v25_aspect1p5,122,4.066666666666666,1,0,,0,,,,
hakonasi_20260825_131458_522,1,v25_aspect1p5,123,4.1,1,0,,0,,,,
hakonasi_20260825_131458_522,1,v25_aspect1p5,124,4.133333333333334,1,0,,0,,,,
hakonasi_20260825_131458_522,1,v25_aspect1p5,125,4.166666666666667,1,0,,0,,,,
hakonasi_20260825_131458_522,1,v25_aspect1p5,126,4.2,1,0,,0,,,,
hakonasi_20260825_131458_522,1,v25_aspect1p5,127,4.233333333333333,1,0,,0,,,,
hakonasi_20260825_131458_522,1,v25_aspect1p5,128,4.266666666666667,1,0,,0,,,,
hakonasi_20260825_131458_522,1,v25_aspect1p5,129,4.3,1,0,,0,,,,
hakonasi_20260825_131458_522,1,v25_aspect1p5,130,4.333333333333333,1,0,,0,,,,
hakonasi_20260825_131458_522,1,v25_aspect1p5,131,4.366666666666666,1,0,,0,,,,
hakonasi_20260825_131458_522,1,v25_aspect1p5,132,4.4,1,0,,0,,,,
hakonasi_20260825_131458_522,1,v25_aspect1p5,133,4.433333333333334,1,0,,0,,,,
hakonasi_20260825_131458_522,1,v25_aspect1p5,134,4.466666666666667,1,0,,0,,,,
hakonasi_20260825_131458_522,1,v25_aspect1p5,135,4.5,1,0,,0,,,,
hakonasi_20260825_131458_522,1,v25_aspect1p5,136,4.533333333333333,1,0,,0,,,,
hakonasi_20260825_131458_522,1,v25_aspect1p5,137,4.566666666666666,1,0,,0,,,,
hakonasi_20260825_131458_522,1,v25_aspect1p5,138,4.6,1,0,,0,,,,
hakonasi_20260825_131458_522,1,v25_aspect1p5,139,4.633333333333334,1,0,,0,,,,
hakonasi_20260825_131458_522,1,v25_aspect1p5,140,4.666666666666667,1,0,,0,,,,
hakonasi_20260825_131458_522,1,v25_aspect1p5,141,4.7,1,0,,0,,,,
hakonasi_20260825_131458_522,1,v25_aspect1p5,142,4.733333333333333,1,0,,0,,,,
hakonasi_20260825_131458_522,1,v25_aspect1p5,143,4.766666666666667,1,0,,0,,,,
hakonasi_20260825_131458_522,1,v25_aspect1p5,144,4.8,1,0,,0,,,,
hakonasi_20260825_131458_522,1,v25_aspect1p5,145,4.833333333333333,1,0,,0,,,,
hakonasi_20260825_131458_522,1,v25_aspect1p5,146,4.866666666666666,1,0,,0,,,,
hakonasi_20260825_131458_522,1,v25_aspect1p5,147,4.9,1,0,,0,,,,
hakonasi_20260825_131458_522,1,v25_aspect1p5,148,4.933333333333334,1,0,,0,,,,
hakonasi_20260825_131458_522,1,v25_aspect1p5,149,4.966666666666667,1,0,,0,,,,
hakonasi_20260825_131458_522,1,v25_aspect1p5,150,5.0,1,0,,0,,,,
hakonasi_20260825_131458_522,1,v25_aspect1p5,151,5.033333333333333,1,0,,0,,,,
hakonasi_20260825_131458_522,1,v25_aspect1p5,152,5.066666666666666,1,0,,0,,,,
hakonasi_20260825_131458_522,1,v25_aspect1p5,153,5.1,1,0,,0,,,,
hakonasi_20260825_131458_522,1,v25_aspect1p5,154,5.133333333333334,1,0,,0,,,,
hakonasi_20260825_131458_522,1,v25_aspect1p5,155,5.166666666666667,1,0,,0,,,,
hakonasi_20260825_131458_522,1,v25_aspect1p5,156,5.2,1,0,,0,,,,
hakonasi_20260825_131458_522,1,v25_aspect1p5,157,5.233333333333333,1,0,,0,,,,
hakonasi_20260825_131458_522,1,v25_aspect1p5,158,5.266666666666667,1,0,,0,,,,
hakonasi_20260825_131458_522,1,v25_aspect1p5,159,5.3,1,0,,0,,,,
hakonasi_20260825_131458_522,1,v25_aspect1p5,160,5.333333333333333,1,0,,0,,,,
hakonasi_20260825_131458_522,1,v25_aspect1p5,161,5.366666666666666,1,0,,0,,,,
hakonasi_20260825_131458_522,1,v25_aspect1p5,162,5.4,1,0,,0,,,,
hakonasi_20260825_131458_522,1,v25_aspect1p5,163,5.433333333333334,1,0,,0,,,,
hakonasi_20260825_131458_522,1,v25_aspect1p5,164,5.466666666666667,1,0,,0,,,,
hakonasi_20260825_131458_522,1,v25_aspect1p5,165,5.5,1,0,,0,,,,
hakonasi_20260825_131458_522,1,v25_aspect1p5,166,5.533333333333333,1,0,,0,,,,
hakonasi_20260825_131458_522,1,v25_aspect1p5,167,5.566666666666666,1,0,,0,,,,
hakonasi_20260825_131458_522,1,v25_aspect1p5,168,5.6,1,0,,0,,,,
hakonasi_20260825_131458_522,1,v25_aspect1p5,169,5.633333333333334,1,0,,0,,,,
hakonasi_20260825_131458_522,1,v25_aspect1p5,170,5.666666666666667,1,0,,0,,,,
hakonasi_20260825_131458_522,1,v25_aspect1p5,171,5.7,1,0,,0,,,,
hakonasi_20260825_131458_522,1,v25_aspect1p5,172,5.733333333333333,1,0,,0,,,,
hakonasi_20260825_131458_522,1,v25_aspect1p5,173,5.766666666666667,1,0,,0,,,,
hakonasi_20260825_131458_522,1,v25_aspect1p5,174,5.8,1,0,,0,,,,
hakonasi_20260825_131458_522,1,v25_aspect1p5,175,5.833333333333333,1,0,,0,,,,
hakonasi_20260825_131458_522,1,v25_aspect1p5,176,5.866666666666666,1,0,,0,,,,
hakonasi_20260825_131458_522,1,v25_aspect1p5,177,5.9,1,0,,0,,,,
hakonasi_20260825_131458_522,1,v25_aspect1p5,178,5.933333333333334,1,0,,0,,,,
hakonasi_20260825_131458_522,1,v25_aspect1p5,179,5.966666666666667,1,0,,0,,,,
hakonasi_20260825_131458_522,1,v25_aspect1p5,180,6.0,1,0,,0,,,,
hakonasi_20260825_131458_522,1,v25_aspect1p5,181,6.033333333333333,1,0,,0,,,,
hakonasi_20260825_131458_522,1,v25_aspect1p5,182,6.066666666666666,1,0,,0,,,,
hakonasi_20260825_131458_522,1,v25_aspect1p5,183,6.1,1,0,,0,,,,
hakonasi_20260825_131458_522,1,v25_aspect1p5,184,6.133333333333334,1,0,,0,,,,
hakonasi_20260825_131458_522,1,v25_aspect1p5,185,6.166666666666667,1,0,,0,,,,
hakonasi_20260825_131458_522,1,v25_aspect1p5,186,6.2,1,0,,0,,,,
hakonasi_20260825_131458_522,1,v25_aspect1p5,187,6.233333333333333,1,0,,0,,,,
hakonasi_20260825_131458_522,1,v25_aspect1p5,188,6.266666666666667,1,0,,0,,,,
hakonasi_20260825_131458_522,1,v25_aspect1p5,189,6.3,1,0,,0,,,,
hakonasi_20260825_131458_522,1,v25_aspect1p5,190,6.333333333333333,1,0,,0,,,,
hakonasi_20260825_131458_522,1,v25_aspect1p5,191,6.366666666666666,1,0,,0,,,,
hakonasi_20260825_131458_522,1,v25_aspect1p5,192,6.4,1,0,,0,,,,
hakonasi_20260825_131458_522,1,v25_aspect1p5,193,6.433333333333334,1,0,,0,,,,
hakonasi_20260825_131458_522,1,v25_aspect1p5,194,6.466666666666667,1,0,,0,,,,
hakonasi_20260825_131458_522,1,v25_aspect1p5,195,6.5,1,0,,0,,,,
hakonasi_20260825_131458_522,1,v25_aspect1p5,196,6.533333333333333,1,0,,0,,,,
hakonasi_20260825_131458_522,1,v25_aspect1p5,197,6.566666666666666,1,0,,0,,,,
hakonasi_20260825_131458_522,1,v25_aspect1p5,198,6.6,1,0,,0,,,,
hakonasi_20260825_131458_522,1,v25_aspect1p5,199,6.633333333333334,1,0,,0,,,,
hakonasi_20260825_131458_522,1,v25_aspect1p5,200,6.666666666666667,1,0,,0,,,,
hakonasi_20260825_131458_522,1,v25_aspect1p5,201,6.7,1,0,,0,,,,
hakonasi_20260825_131458_522,1,v25_aspect1p5,202,6.733333333333333,1,0,,0,,,,
hakonasi_20260825_131458_522,1,v25_aspect1p5,203,6.766666666666667,1,0,,0,,,,
hakonasi_20260825_131458_522,1,v25_aspect1p5,204,6.8,1,0,,0,,,,
hakonasi_20260825_131458_522,1,v25_aspect1p5,205,6.833333333333333,1,0,,0,,,,
hakonasi_20260825_131458_522,1,v25_aspect1p5,206,6.866666666666666,1,0,,0,,,,
hakonasi_20260825_131458_522,1,v25_aspect1p5,207,6.9,1,0,,0,,,,
hakonasi_20260825_131458_522,1,v25_aspect1p5,208,6.933333333333334,1,0,,0,,,,
hakonasi_20260825_131458_522,1,v25_aspect1p5,209,6.966666666666667,1,0,,0,,,,
hakonasi_20260825_131458_522,1,v25_aspect1p5,210,7.0,1,0,,0,,,,
hakonasi_20260825_131458_522,1,v25_aspect1p5,211,7.033333333333333,1,0,,0,,,,
hakonasi_20260825_131458_522,1,v25_aspect1p5,212,7.066666666666666,1,0,,0,,,,
hakonasi_20260825_131458_522,1,v25_aspect1p5,213,7.1,1,0,,0,,,,
hakonasi_20260825_131458_522,1,v25_aspect1p5,214,7.133333333333334,1,0,,0,,,,
hakonasi_20260825_131458_522,1,v25_aspect1p5,215,7.166666666666667,1,0,,0,,,,
hakonasi_20260825_131458_522,1,v25_aspect1p5,216,7.2,1,0,,0,,,,
hakonasi_20260825_131458_522,1,v25_aspect1p5,217,7.233333333333333,1,0,,0,,,,
hakonasi_20260825_131458_522,1,v25_aspect1p5,218,7.266666666666667,1,0,,0,,,,
hakonasi_20260825_131458_522,1,v25_aspect1p5,219,7.3,1,0,,0,,,,
hakonasi_20260825_131458_522,1,v25_aspect1p5,220,7.333333333333333,1,0,,0,,,,
hakonasi_20260825_131458_522,1,v25_aspect1p5,221,7.366666666666666,1,0,,0,,,,
hakonasi_20260825_131458_522,1,v25_aspect1p5,222,7.4,1,0,,0,,,,
hakonasi_20260825_131458_522,1,v25_aspect1p5,223,7.433333333333334,1,0,,0,,,,
hakonasi_20260825_131458_522,1,v25_aspect1p5,224,7.466666666666667,1,0,,0,,,,
hakonasi_20260825_131458_522,1,v25_aspect1p5,225,7.5,1,0,,0,,,,
hakonasi_20260825_131458_522,1,v25_aspect1p5,226,7.533333333333333,1,0,,0,,,,
hakonasi_20260825_131458_522,1,v25_aspect1p5,227,7.566666666666666,1,0,,0,,,,
hakonasi_20260825_131458_522,1,v25_aspect1p5,228,7.6,1,0,,0,,,,
hakonasi_20260825_131458_522,1,v25_aspect1p5,229,7.633333333333334,1,0,,0,,,,
hakonasi_20260825_131458_522,1,v25_aspect1p5,230,7.666666666666667,1,0,,0,,,,
hakonasi_20260825_131458_522,1,v25_aspect1p5,231,7.7,1,0,,0,,,,
hakonasi_20260825_131458_522,1,v25_aspect1p5,232,7.733333333333333,1,0,,0,,,,
hakonasi_20260825_131458_522,1,v25_aspect1p5,233,7.766666666666667,1,0,,0,,,,
hakonasi_20260825_131458_522,1,v25_aspect1p5,234,7.8,1,0,,0,,,,
hakonasi_20260825_131458_522,1,v25_aspect1p5,235,7.833333333333333,1,0,,0,,,,
hakonasi_20260825_131458_522,1,v25_aspect1p5,236,7.866666666666666,1,0,,0,,,,
hakonasi_20260825_131458_522,1,v25_aspect1p5,237,7.9,1,0,,0,,,,
hakonasi_20260825_131458_522,1,v25_aspect1p5,238,7.933333333333334,1,0,,0,,,,
hakonasi_20260825_131458_522,1,v25_aspect1p5,239,7.966666666666667,1,0,,0,,,,
hakonasi_20260825_131458_522,1,v25_aspect1p5,240,8.0,1,0,,0,,,,
hakonasi_20260825_131458_522,1,v25_aspect1p5,241,8.033333333333333,1,0,,0,,,,
hakonasi_20260825_131458_522,1,v25_aspect1p5,242,8.066666666666666,1,0,,0,,,,
hakonasi_20260825_131458_522,1,v25_aspect1p5,243,8.1,1,0,,0,,,,
hakonasi_20260825_131458_522,1,v25_aspect1p5,244,8.133333333333333,1,0,,0,,,,
hakonasi_20260825_131458_522,1,v25_aspect1p5,245,8.166666666666666,1,0,,0,,,,
hakonasi_20260825_131458_522,1,v25_aspect1p5,246,8.2,1,0,,0,,,,
hakonasi_20260825_131458_522,1,v25_aspect1p5,247,8.233333333333333,1,0,,0,,,,
hakonasi_20260825_131458_522,1,v25_aspect1p5,248,8.266666666666667,1,0,,0,,,,
hakonasi_20260825_131458_522,1,v25_aspect1p5,249,8.3,1,0,,0,,,,
hakonasi_20260825_131458_522,1,v25_aspect1p5,250,8.333333333333334,1,0,,0,,,,
hakonasi_20260825_131458_522,1,v25_aspect1p5,251,8.366666666666667,1,0,,0,,,,
hakonasi_20260825_131458_522,1,v25_aspect1p5,252,8.4,1,0,,0,,,,
hakonasi_20260825_131458_522,1,v25_aspect1p5,253,8.433333333333334,1,0,,0,,,,
hakonasi_20260825_131458_522,1,v25_aspect1p5,254,8.466666666666667,1,0,,0,,,,
hakonasi_20260825_131458_522,1,v25_aspect1p5,255,8.5,1,0,,0,,,,
hakonasi_20260825_131458_522,1,v25_aspect1p5,256,8.533333333333333,1,0,,0,,,,
hakonasi_20260825_131458_522,1,v25_aspect1p5,257,8.566666666666666,1,0,,0,,,,
hakonasi_20260825_131458_522,1,v25_aspect1p5,258,8.6,1,0,,0,,,,
hakonasi_20260825_131458_522,1,v25_aspect1p5,259,8.633333333333333,1,0,,0,,,,
hakonasi_20260825_131458_522,1,v25_aspect1p5,260,8.666666666666666,1,0,,0,,,,
hakonasi_20260825_131458_522,1,v25_aspect1p5,261,8.7,1,0,,0,,,,
hakonasi_20260825_131458_522,1,v25_aspect1p5,262,8.733333333333333,1,0,,0,,,,
hakonasi_20260825_131458_522,1,v25_aspect1p5,263,8.766666666666667,1,0,,0,,,,
hakonasi_20260825_131458_522,1,v25_aspect1p5,264,8.8,1,0,,0,,,,
hakonasi_20260825_131458_522,1,v25_aspect1p5,265,8.833333333333334,1,0,,0,,,,
hakonasi_20260825_131458_522,1,v25_aspect1p5,266,8.866666666666667,1,0,,0,,,,
hakonasi_20260825_131458_522,1,v25_aspect1p5,267,8.9,1,0,,0,,,,
hakonasi_20260825_131458_522,1,v25_aspect1p5,268,8.933333333333334,1,0,,0,,,,
hakonasi_20260825_131458_522,1,v25_aspect1p5,269,8.966666666666667,1,0,,0,,,,
hakonasi_20260825_131458_522,1,v25_aspect1p5,270,9.0,1,0,,0,,,,
hakonasi_20260825_131458_522,1,v25_aspect1p5,271,9.033333333333333,1,0,,0,,,,
hakonasi_20260825_131458_522,1,v25_aspect1p5,272,9.066666666666666,1,0,,0,,,,
hakonasi_20260825_131458_522,1,v25_aspect1p5,273,9.1,1,0,,0,,,,
hakonasi_20260825_131458_522,1,v25_aspect1p5,274,9.133333333333333,1,0,,0,,,,
hakonasi_20260825_131458_522,1,v25_aspect1p5,275,9.166666666666666,1,0,,0,,,,
hakonasi_20260825_131458_522,1,v25_aspect1p5,276,9.2,1,0,,0,,,,
hakonasi_20260825_131458_522,1,v25_aspect1p5,277,9.233333333333333,1,0,,0,,,,
hakonasi_20260825_131458_522,1,v25_aspect1p5,278,9.266666666666667,1,0,,0,,,,
hakonasi_20260825_131458_522,1,v25_aspect1p5,279,9.3,1,0,,0,,,,
hakonasi_20260825_131458_522,1,v25_aspect1p5,280,9.333333333333334,1,0,,0,,,,
hakonasi_20260825_131458_522,1,v25_aspect1p5,281,9.366666666666667,1,0,,0,,,,
hakonasi_20260825_131458_522,1,v25_aspect1p5,282,9.4,1,0,,0,,,,
hakonasi_20260825_131458_522,1,v25_aspect1p5,283,9.433333333333334,1,0,,0,,,,
hakonasi_20260825_131458_522,1,v25_aspect1p5,284,9.466666666666667,1,0,,0,,,,
hakonasi_20260825_131458_522,1,v25_aspect1p5,285,9.5,1,0,,0,,,,
hakonasi_20260825_131458_522,1,v25_aspect1p5,286,9.533333333333333,1,0,,0,,,,
hakonasi_20260825_131458_522,1,v25_aspect1p5,287,9.566666666666666,1,0,,0,,,,
hakonasi_20260825_131458_522,1,v25_aspect1p5,288,9.6,1,0,,0,,,,
hakonasi_20260825_131458_522,1,v25_aspect1p5,289,9.633333333333333,1,0,,0,,,,
hakonasi_20260825_131458_522,1,v25_aspect1p5,290,9.666666666666666,1,0,,0,,,,
hakonasi_20260825_131458_522,1,v25_aspect1p5,291,9.7,1,0,,0,,,,
hakonasi_20260825_131458_522,1,v25_aspect1p5,292,9.733333333333333,1,0,,0,,,,
hakonasi_20260825_131458_522,1,v25_aspect1p5,293,9.766666666666667,1,0,,0,,,,
hakonasi_20260825_131458_522,1,v25_aspect1p5,294,9.8,1,0,,0,,,,
hakonasi_20260825_131458_522,1,v25_aspect1p5,295,9.833333333333334,1,0,,0,,,,
hakonasi_20260825_131458_522,1,v25_aspect1p5,296,9.866666666666667,1,0,,0,,,,
hakonasi_20260825_131458_522,1,v25_aspect1p5,297,9.9,1,0,,0,,,,
hakonasi_20260825_131458_522,1,v25_aspect1p5,298,9.933333333333334,1,0,,0,,,,
hakonasi_20260825_131458_522,1,v25_aspect1p5,299,9.966666666666667,1,0,,0,,,,
hakonasi_20260825_131458_522,1,v25_aspect1p5,300,10.0,1,0,,0,,,,
hakonasi_20260825_131458_522,1,v25_aspect1p5,301,10.033333333333333,1,0,,0,,,,
hakonasi_20260825_131458_522,1,v25_aspect1p5,302,10.066666666666666,1,0,,0,,,,
hakonasi_20260825_131458_522,1,v25_aspect1p5,303,10.1,1,0,,0,,,,
hakonasi_20260825_131458_522,1,v25_aspect1p5,304,10.133333333333333,1,0,,0,,,,
hakonasi_20260825_131458_522,1,v25_aspect1p5,305,10.166666666666666,1,0,,0,,,,
hakonasi_20260825_131458_522,1,v25_aspect1p5,306,10.2,1,0,,0,,,,
hakonasi_20260825_131458_522,1,v25_aspect1p5,307,10.233333333333333,1,0,,0,,,,
hakonasi_20260825_131458_522,1,v25_aspect1p5,308,10.266666666666667,1,0,,0,,,,
hakonasi_20260825_131458_522,1,v25_aspect1p5,309,10.3,1,0,,0,,,,
hakonasi_20260825_131458_522,1,v25_aspect1p5,310,10.333333333333334,1,0,,0,,,,
hakonasi_20260825_131458_522,1,v25_aspect1p5,311,10.366666666666667,1,0,,0,,,,
hakonasi_20260825_131458_522,1,v25_aspect1p5,312,10.4,1,0,,0,,,,
hakonasi_20260825_131458_522,1,v25_aspect1p5,313,10.433333333333334,1,0,,0,,,,
hakonasi_20260825_131458_522,1,v25_aspect1p5,314,10.466666666666667,1,0,,0,,,,
hakonasi_20260825_131458_522,1,v25_aspect1p5,315,10.5,1,0,,0,,,,
hakonasi_20260825_131458_522,1,v25_aspect1p5,316,10.533333333333333,1,0,,0,,,,
hakonasi_20260825_131458_522,1,v25_aspect1p5,317,10.566666666666666,1,0,,0,,,,
hakonasi_20260825_131458_522,1,v25_aspect1p5,318,10.6,1,0,,0,,,,
hakonasi_20260825_131458_522,1,v25_aspect1p5,319,10.633333333333333,1,0,,0,,,,
hakonasi_20260825_131458_522,1,v25_aspect1p5,320,10.666666666666666,1,0,,0,,,,
hakonasi_20260825_131458_522,1,v25_aspect1p5,321,10.7,1,0,,0,,,,
hakonasi_20260825_131458_522,1,v25_aspect1p5,322,10.733333333333333,1,0,,0,,,,
hakonasi_20260825_131458_522,1,v25_aspect1p5,323,10.766666666666667,1,0,,0,,,,
hakonasi_20260825_131458_522,1,v25_aspect1p5,324,10.8,1,0,,0,,,,
hakonasi_20260825_131458_522,1,v25_aspect1p5,325,10.833333333333334,1,0,,0,,,,
hakonasi_20260825_131458_522,1,v25_aspect1p5,326,10.866666666666667,1,0,,0,,,,
hakonasi_20260825_131458_522,1,v25_aspect1p5,327,10.9,1,0,,0,,,,
hakonasi_20260825_131458_522,1,v25_aspect1p5,328,10.933333333333334,1,0,,0,,,,
hakonasi_20260825_131458_522,1,v25_aspect1p5,329,10.966666666666667,1,0,,0,,,,
hakonasi_20260825_131458_522,1,v25_aspect1p5,330,11.0,1,0,,0,,,,
hakonasi_20260825_131458_522,1,v25_aspect1p5,331,11.033333333333333,1,0,,0,,,,
hakonasi_20260825_131458_522,1,v25_aspect1p5,332,11.066666666666666,1,0,,0,,,,
hakonasi_20260825_131458_522,1,v25_aspect1p5,333,11.1,1,0,,0,,,,
hakonasi_20260825_131458_522,1,v25_aspect1p5,334,11.133333333333333,1,0,,0,,,,
hakonasi_20260825_131458_522,1,v25_aspect1p5,335,11.166666666666666,1,0,,0,,,,
hakonasi_20260825_131458_522,1,v25_aspect1p5,336,11.2,1,0,,0,,,,
hakonasi_20260825_131458_522,1,v25_aspect1p5,337,11.233333333333333,1,0,,0,,,,
hakonasi_20260825_131458_522,1,v25_aspect1p5,338,11.266666666666667,1,0,,0,,,,
hakonasi_20260825_131458_522,1,v25_aspect1p5,339,11.3,1,0,,0,,,,
hakonasi_20260825_131458_522,1,v25_aspect1p5,340,11.333333333333334,1,0,,0,,,,
hakonasi_20260825_131458_522,1,v25_aspect1p5,341,11.366666666666667,1,0,,0,,,,
hakonasi_20260825_131458_522,1,v25_aspect1p5,342,11.4,1,0,,0,,,,
hakonasi_20260825_131458_522,1,v25_aspect1p5,343,11.433333333333334,1,0,,0,,,,
hakonasi_20260825_131458_522,1,v25_aspect1p5,344,11.466666666666667,1,0,,0,,,,
hakonasi_20260825_131458_522,1,v25_aspect1p5,345,11.5,1,0,,0,,,,
hakonasi_20260825_131458_522,1,v25_aspect1p5,346,11.533333333333333,1,0,,0,,,,
hakonasi_20260825_131458_522,1,v25_aspect1p5,347,11.566666666666666,1,0,,0,,,,
hakonasi_20260825_131458_522,1,v25_aspect1p5,348,11.6,1,0,,0,,,,
hakonasi_20260825_131458_522,1,v25_aspect1p5,349,11.633333333333333,1,0,,0,,,,
hakonasi_20260825_131458_522,1,v25_aspect1p5,350,11.666666666666666,1,0,,0,,,,
hakonasi_20260825_131458_522,1,v25_aspect1p5,351,11.7,1,0,,0,,,,
hakonasi_20260825_131458_522,1,v25_aspect1p5,352,11.733333333333333,1,0,,0,,,,
hakonasi_20260825_131458_522,1,v25_aspect1p5,353,11.766666666666667,1,0,,0,,,,
hakonasi_20260825_131458_522,1,v25_aspect1p5,354,11.8,1,0,,0,,,,
hakonasi_20260825_131458_522,1,v25_aspect1p5,355,11.833333333333334,1,0,,0,,,,
hakonasi_20260825_131458_522,1,v25_aspect1p5,356,11.866666666666667,1,0,,0,,,,
hakonasi_20260825_131458_522,1,v25_aspect1p5,357,11.9,1,0,,0,,,,
hakonasi_20260825_131458_522,1,v25_aspect1p5,358,11.933333333333334,1,0,,0,,,,
hakonasi_20260825_131458_522,1,v25_aspect1p5,359,11.966666666666667,1,0,,0,,,,
hakonasi_20260825_131458_522,1,v25_aspect1p5,360,12.0,1,0,,0,,,,
hakonasi_20260825_131458_522,1,v25_aspect1p5,361,12.033333333333333,1,0,,0,,,,
hakonasi_20260825_131458_522,1,v25_aspect1p5,362,12.066666666666666,1,0,,0,,,,
hakonasi_20260825_131458_522,1,v25_aspect1p5,363,12.1,1,0,,0,,,,
hakonasi_20260825_131458_522,1,v25_aspect1p5,364,12.133333333333333,1,0,,0,,,,
hakonasi_20260825_131458_522,1,v25_aspect1p5,365,12.166666666666666,1,0,,0,,,,
hakonasi_20260825_131458_522,1,v25_aspect1p5,366,12.2,1,0,,0,,,,
hakonasi_20260825_131458_522,1,v25_aspect1p5,367,12.233333333333333,1,0,,0,,,,
hakonasi_20260825_131458_522,1,v25_aspect1p5,368,12.266666666666667,1,0,,0,,,,
hakonasi_20260825_131458_522,1,v25_aspect1p5,369,12.3,1,0,,0,,,,
hakonasi_20260825_131458_522,1,v25_aspect1p5,370,12.333333333333334,1,0,,0,,,,
hakonasi_20260825_131458_522,1,v25_aspect1p5,371,12.366666666666667,1,0,,0,,,,
hakonasi_20260825_131458_522,1,v25_aspect1p5,372,12.4,1,0,,0,,,,
hakonasi_20260825_131458_522,1,v25_aspect1p5,373,12.433333333333334,1,0,,0,,,,
hakonasi_20260825_131458_522,1,v25_aspect1p5,374,12.466666666666667,1,0,,0,,,,
hakonasi_20260825_131458_522,1,v25_aspect1p5,375,12.5,1,0,,0,,,,
hakonasi_20260825_131458_522,1,v25_aspect1p5,376,12.533333333333333,1,0,,0,,,,
hakonasi_20260825_131458_522,1,v25_aspect1p5,377,12.566666666666666,1,0,,0,,,,
hakonasi_20260825_131458_522,1,v25_aspect1p5,378,12.6,1,0,,0,,,,
hakonasi_20260825_131458_522,1,v25_aspect1p5,379,12.633333333333333,1,0,,0,,,,
hakonasi_20260825_131458_522,1,v25_aspect1p5,380,12.666666666666666,1,0,,0,,,,
hakonasi_20260825_131458_522,1,v25_aspect1p5,381,12.7,1,0,,0,,,,
hakonasi_20260825_131458_522,1,v25_aspect1p5,382,12.733333333333333,1,0,,0,,,,
hakonasi_20260825_131458_522,1,v25_aspect1p5,383,12.766666666666667,1,0,,0,,,,
hakonasi_20260825_131458_522,1,v25_aspect1p5,384,12.8,1,0,,0,,,,
hakonasi_20260825_131458_522,1,v25_aspect1p5,385,12.833333333333334,1,0,,0,,,,
hakonasi_20260825_131458_522,1,v25_aspect1p5,386,12.866666666666667,1,0,,0,,,,
hakonasi_20260825_131458_522,1,v25_aspect1p5,387,12.9,1,0,,0,,,,
hakonasi_20260825_131458_522,1,v25_aspect1p5,388,12.933333333333334,1,0,,0,,,,
hakonasi_20260825_131458_522,1,v25_aspect1p5,389,12.966666666666667,1,0,,0,,,,
hakonasi_20260825_131458_522,1,v25_aspect1p5,390,13.0,1,0,,0,,,,
hakonasi_20260825_131458_522,1,v25_aspect1p5,391,13.033333333333333,1,0,,0,,,,
hakonasi_20260825_131458_522,1,v25_aspect1p5,392,13.066666666666666,1,0,,0,,,,
hakonasi_20260825_131458_522,1,v25_aspect1p5,393,13.1,1,0,,0,,,,
hakonasi_20260825_131458_522,1,v25_aspect1p5,394,13.133333333333333,1,0,,0,,,,
hakonasi_20260825_131458_522,1,v25_aspect1p5,395,13.166666666666666,1,0,,0,,,,
hakonasi_20260825_131458_522,1,v25_aspect1p5,396,13.2,1,0,,0,,,,
hakonasi_20260825_131458_522,1,v25_aspect1p5,397,13.233333333333333,1,0,,0,,,,
hakonasi_20260825_131458_522,1,v25_aspect1p5,398,13.266666666666667,1,0,,0,,,,
hakonasi_20260825_131458_522,1,v25_aspect1p5,399,13.3,1,0,,0,,,,
hakonasi_20260825_131458_522,1,v25_aspect1p5,400,13.333333333333334,1,0,,0,,,,
hakonasi_20260825_131458_522,1,v25_aspect1p5,401,13.366666666666667,1,0,,0,,,,
hakonasi_20260825_131458_522,1,v25_aspect1p5,402,13.4,1,0,,0,,,,
hakonasi_20260825_131458_522,1,v25_aspect1p5,403,13.433333333333334,1,0,,0,,,,
hakonasi_20260825_131458_522,1,v25_aspect1p5,404,13.466666666666667,1,0,,0,,,,
hakonasi_20260825_131458_522,1,v25_aspect1p5,405,13.5,1,0,,0,,,,
hakonasi_20260825_131458_522,1,v25_aspect1p5,406,13.533333333333333,1,0,,0,,,,
hakonasi_20260825_131458_522,1,v25_aspect1p5,407,13.566666666666666,1,0,,0,,,,
hakonasi_20260825_131458_522,1,v25_aspect1p5,408,13.6,1,0,,0,,,,
hakonasi_20260825_131458_522,1,v25_aspect1p5,409,13.633333333333333,1,0,,0,,,,
hakonasi_20260825_131458_522,1,v25_aspect1p5,410,13.666666666666666,1,0,,0,,,,
hakonasi_20260825_131458_522,1,v25_aspect1p5,411,13.7,1,0,,0,,,,
hakonasi_20260825_131458_522,1,v25_aspect1p5,412,13.733333333333333,1,0,,0,,,,
hakonasi_20260825_131458_522,1,v25_aspect1p5,413,13.766666666666667,1,0,,0,,,,
hakonasi_20260825_131458_522,1,v25_aspect1p5,414,13.8,1,0,,0,,,,
hakonasi_20260825_131458_522,1,v25_aspect1p5,415,13.833333333333334,1,0,,0,,,,
hakonasi_20260825_131458_522,1,v25_aspect1p5,416,13.866666666666667,1,0,,0,,,,
hakonasi_20260825_131458_522,1,v25_aspect1p5,417,13.9,1,0,,0,,,,
hakonasi_20260825_131458_522,1,v25_aspect1p5,418,13.933333333333334,1,0,,0,,,,
hakonasi_20260825_131458_522,1,v25_aspect1p5,419,13.966666666666667,1,0,,0,,,,
hakonasi_20260825_131458_522,1,v25_aspect1p5,420,14.0,1,0,,0,,,,
hakonasi_20260825_131458_522,1,v25_aspect1p5,421,14.033333333333333,1,0,,0,,,,
hakonasi_20260825_131458_522,1,v25_aspect1p5,422,14.066666666666666,1,0,,0,,,,
hakonasi_20260825_131458_522,1,v25_aspect1p5,423,14.1,1,0,,0,,,,
hakonasi_20260825_131458_522,1,v25_aspect1p5,424,14.133333333333333,1,0,,0,,,,
hakonasi_20260825_131458_522,1,v25_aspect1p5,425,14.166666666666666,1,0,,0,,,,
hakonasi_20260825_131458_522,1,v25_aspect1p5,426,14.2,1,0,,0,,,,
hakonasi_20260825_131458_522,1,v25_aspect1p5,427,14.233333333333333,1,0,,0,,,,
hakonasi_20260825_131458_522,1,v25_aspect1p5,428,14.266666666666667,1,0,,0,,,,
hakonasi_20260825_131458_522,1,v25_aspect1p5,429,14.3,1,0,,0,,,,
hakonasi_20260825_131458_522,1,v25_aspect1p5,430,14.333333333333334,1,0,,0,,,,
hakonasi_20260825_131458_522,1,v25_aspect1p5,431,14.366666666666667,1,0,,0,,,,
hakonasi_20260825_131458_522,1,v25_aspect1p5,432,14.4,1,0,,0,,,,
hakonasi_20260825_131458_522,1,v25_aspect1p5,433,14.433333333333334,1,0,,0,,,,
hakonasi_20260825_131458_522,1,v25_aspect1p5,434,14.466666666666667,1,0,,0,,,,
hakonasi_20260825_131458_522,1,v25_aspect1p5,435,14.5,1,0,,0,,,,
hakonasi_20260825_131458_522,1,v25_aspect1p5,436,14.533333333333333,1,0,,0,,,,
hakonasi_20260825_131458_522,1,v25_aspect1p5,437,14.566666666666666,1,0,,0,,,,
hakonasi_20260825_131458_522,1,v25_aspect1p5,438,14.6,1,0,,0,,,,
hakonasi_20260825_131458_522,1,v25_aspect1p5,439,14.633333333333333,1,0,,0,,,,
hakonasi_20260825_131458_522,1,v25_aspect1p5,440,14.666666666666666,1,0,,0,,,,
hakonasi_20260825_131458_522,1,v25_aspect1p5,441,14.7,1,0,,0,,,,
hakonasi_20260825_131458_522,1,v25_aspect1p5,442,14.733333333333333,1,0,,0,,,,
hakonasi_20260825_131458_522,1,v25_aspect1p5,443,14.766666666666667,1,0,,0,,,,
hakonasi_20260825_131458_522,1,v25_aspect1p5,444,14.8,1,0,,0,,,,
hakonasi_20260825_131458_522,1,v25_aspect1p5,445,14.833333333333334,1,0,,0,,,,
hakonasi_20260825_131458_522,1,v25_aspect1p5,446,14.866666666666667,1,0,,0,,,,
hakonasi_20260825_131458_522,1,v25_aspect1p5,447,14.9,1,0,,0,,,,
hakonasi_20260825_131458_522,1,v25_aspect1p5,448,14.933333333333334,1,0,,0,,,,
hakonasi_20260825_131458_522,1,v25_aspect1p5,449,14.966666666666667,1,0,,0,,,,
hakonasi_20260825_131458_522,1,v25_aspect1p5,450,15.0,1,0,,0,,,,
hakonasi_20260825_131458_522,1,v25_aspect1p5,451,15.033333333333333,1,0,,0,,,,
hakonasi_20260825_131458_522,1,v25_aspect1p5,452,15.066666666666666,1,0,,0,,,,
hakonasi_20260825_131458_522,1,v25_aspect1p5,453,15.1,1,0,,0,,,,
hakonasi_20260825_131458_522,1,v25_aspect1p5,454,15.133333333333333,1,0,,0,,,,
hakonasi_20260825_131458_522,1,v25_aspect1p5,455,15.166666666666666,1,0,,0,,,,
hakonasi_20260825_131458_522,1,v25_aspect1p5,456,15.2,1,0,,0,,,,
hakonasi_20260825_131458_522,1,v25_aspect1p5,457,15.233333333333333,1,0,,0,,,,
hakonasi_20260825_131458_522,1,v25_aspect1p5,458,15.266666666666667,1,0,,0,,,,
hakonasi_20260825_131458_522,1,v25_aspect1p5,459,15.3,1,0,,0,,,,
hakonasi_20260825_131458_522,1,v25_aspect1p5,460,15.333333333333334,1,0,,0,,,,
hakonasi_20260825_131458_522,1,v25_aspect1p5,461,15.366666666666667,1,0,,0,,,,
hakonasi_20260825_131458_522,1,v25_aspect1p5,462,15.4,1,0,,0,,,,
hakonasi_20260825_131458_522,1,v25_aspect1p5,463,15.433333333333334,1,0,,0,,,,
hakonasi_20260825_131458_522,1,v25_aspect1p5,464,15.466666666666667,1,0,,0,,,,
hakonasi_20260825_131458_522,1,v25_aspect1p5,465,15.5,1,0,,0,,,,
hakonasi_20260825_131458_522,1,v25_aspect1p5,466,15.533333333333333,1,0,,0,,,,
hakonasi_20260825_131458_522,1,v25_aspect1p5,467,15.566666666666666,1,0,,0,,,,
hakonasi_20260825_131458_522,1,v25_aspect1p5,468,15.6,1,0,,0,,,,
hakonasi_20260825_131458_522,1,v25_aspect1p5,469,15.633333333333333,1,0,,0,,,,
hakonasi_20260825_131458_522,1,v25_aspect1p5,470,15.666666666666666,1,0,,0,,,,
hakonasi_20260825_131458_522,1,v25_aspect1p5,471,15.7,1,0,,0,,,,
hakonasi_20260825_131458_522,1,v25_aspect1p5,472,15.733333333333333,1,0,,0,,,,
hakonasi_20260825_131458_522,1,v25_aspect1p5,473,15.766666666666667,1,0,,0,,,,
hakonasi_20260825_131458_522,1,v25_aspect1p5,474,15.8,1,0,,0,,,,
hakonasi_20260825_131458_522,1,v25_aspect1p5,475,15.833333333333334,1,0,,0,,,,
hakonasi_20260825_131458_522,1,v25_aspect1p5,476,15.866666666666667,1,0,,0,,,,
hakonasi_20260825_131458_522,1,v25_aspect1p5,477,15.9,1,0,,0,,,,
hakonasi_20260825_131458_522,1,v25_aspect1p5,478,15.933333333333334,1,0,,0,,,,
hakonasi_20260825_131458_522,1,v25_aspect1p5,479,15.966666666666667,1,0,,0,,,,
hakonasi_20260825_131458_522,1,v25_aspect1p5,480,16.0,1,0,,0,,,,
hakonasi_20260825_131458_522,1,v25_aspect1p5,481,16.033333333333335,1,0,,0,,,,
hakonasi_20260825_131458_522,1,v25_aspect1p5,482,16.066666666666666,1,0,,0,,,,
hakonasi_20260825_131458_522,1,v25_aspect1p5,483,16.1,1,0,,0,,,,
hakonasi_20260825_131458_522,1,v25_aspect1p5,484,16.133333333333333,1,0,,0,,,,
hakonasi_20260825_131458_522,1,v25_aspect1p5,485,16.166666666666668,1,0,,0,,,,
hakonasi_20260825_131458_522,1,v25_aspect1p5,486,16.2,1,0,,0,,,,
hakonasi_20260825_131458_522,1,v25_aspect1p5,487,16.233333333333334,1,0,,0,,,,
hakonasi_20260825_131458_522,1,v25_aspect1p5,488,16.266666666666666,1,0,,0,,,,
hakonasi_20260825_131458_522,1,v25_aspect1p5,489,16.3,1,0,,0,,,,
hakonasi_20260825_131458_522,1,v25_aspect1p5,490,16.333333333333332,1,0,,0,,,,
hakonasi_20260825_131458_522,1,v25_aspect1p5,491,16.366666666666667,1,0,,0,,,,
hakonasi_20260825_131458_522,1,v25_aspect1p5,492,16.4,1,0,,0,,,,
hakonasi_20260825_131458_522,1,v25_aspect1p5,493,16.433333333333334,1,0,,0,,,,
hakonasi_20260825_131458_522,1,v25_aspect1p5,494,16.466666666666665,1,0,,0,,,,
hakonasi_20260825_131458_522,1,v25_aspect1p5,495,16.5,1,0,,0,,,,
hakonasi_20260825_131458_522,1,v25_aspect1p5,496,16.533333333333335,1,0,,0,,,,
hakonasi_20260825_131458_522,1,v25_aspect1p5,497,16.566666666666666,1,0,,0,,,,
hakonasi_20260825_131458_522,1,v25_aspect1p5,498,16.6,1,0,,0,,,,
hakonasi_20260825_131458_522,1,v25_aspect1p5,499,16.633333333333333,1,0,,0,,,,
hakonasi_20260825_131458_522,1,v25_aspect1p5,500,16.666666666666668,1,0,,0,,,,
hakonasi_20260825_131458_522,1,v25_aspect1p5,501,16.7,1,0,,0,,,,
hakonasi_20260825_131458_522,1,v25_aspect1p5,502,16.733333333333334,1,0,,0,,,,
hakonasi_20260825_131458_522,1,v25_aspect1p5,503,16.766666666666666,1,0,,0,,,,
hakonasi_20260825_131458_522,1,v25_aspect1p5,504,16.8,1,0,,0,,,,
hakonasi_20260825_131458_522,1,v25_aspect1p5,505,16.833333333333332,1,0,,0,,,,
hakonasi_20260825_131458_522,1,v25_aspect1p5,506,16.866666666666667,1,0,,0,,,,
hakonasi_20260825_131458_522,1,v25_aspect1p5,507,16.9,1,0,,0,,,,
hakonasi_20260825_131458_522,1,v25_aspect1p5,508,16.933333333333334,1,0,,0,,,,
hakonasi_20260825_131458_522,1,v25_aspect1p5,509,16.966666666666665,1,0,,0,,,,
hakonasi_20260825_131458_522,1,v25_aspect1p5,510,17.0,1,0,,0,,,,
hakonasi_20260825_131458_522,1,v25_aspect1p5,511,17.033333333333335,1,0,,0,,,,
hakonasi_20260825_131458_522,1,v25_aspect1p5,512,17.066666666666666,1,0,,0,,,,
hakonasi_20260825_131458_522,1,v25_aspect1p5,513,17.1,1,0,,0,,,,
hakonasi_20260825_131458_522,1,v25_aspect1p5,514,17.133333333333333,1,0,,0,,,,
hakonasi_20260825_131458_522,1,v25_aspect1p5,515,17.166666666666668,1,0,,0,,,,
hakonasi_20260825_131458_522,1,v25_aspect1p5,516,17.2,1,0,,0,,,,
hakonasi_20260825_131458_522,1,v25_aspect1p5,517,17.233333333333334,1,0,,0,,,,
hakonasi_20260825_131458_522,1,v25_aspect1p5,518,17.266666666666666,1,0,,0,,,,
hakonasi_20260825_131458_522,1,v25_aspect1p5,519,17.3,1,0,,0,,,,
hakonasi_20260825_131458_522,1,v25_aspect1p5,520,17.333333333333332,1,0,,0,,,,
hakonasi_20260825_131458_522,1,v25_aspect1p5,521,17.366666666666667,1,0,,0,,,,
hakonasi_20260825_131458_522,1,v25_aspect1p5,522,17.4,1,0,,0,,,,
hakonasi_20260825_131458_522,1,v25_aspect1p5,523,17.433333333333334,1,0,,0,,,,
hakonasi_20260825_131458_522,1,v25_aspect1p5,524,17.466666666666665,1,0,,0,,,,
hakonasi_20260825_131458_522,1,v25_aspect1p5,525,17.5,1,0,,0,,,,
hakonasi_20260825_131458_522,1,v25_aspect1p5,526,17.533333333333335,1,0,,0,,,,
hakonasi_20260825_131458_522,1,v25_aspect1p5,527,17.566666666666666,1,0,,0,,,,
hakonasi_20260825_131458_522,1,v25_aspect1p5,528,17.6,1,0,,0,,,,
hakonasi_20260825_131458_522,1,v25_aspect1p5,529,17.633333333333333,1,0,,0,,,,
hakonasi_20260825_131458_522,1,v25_aspect1p5,530,17.666666666666668,1,0,,0,,,,
hakonasi_20260825_131458_522,1,v25_aspect1p5,531,17.7,1,0,,0,,,,
hakonasi_20260825_131458_522,1,v25_aspect1p5,532,17.733333333333334,1,0,,0,,,,
hakonasi_20260825_131458_522,1,v25_aspect1p5,533,17.766666666666666,1,0,,0,,,,
hakonasi_20260825_131458_522,1,v25_aspect1p5,534,17.8,1,0,,0,,,,
hakonasi_20260825_131458_522,1,v25_aspect1p5,535,17.833333333333332,1,0,,0,,,,
hakonasi_20260825_131458_522,1,v25_aspect1p5,536,17.866666666666667,1,0,,0,,,,
hakonasi_20260825_131458_522,1,v25_aspect1p5,537,17.9,1,0,,0,,,,
hakonasi_20260825_131458_522,1,v25_aspect1p5,538,17.933333333333334,1,0,,0,,,,
hakonasi_20260825_131458_522,1,v25_aspect1p5,539,17.966666666666665,1,0,,0,,,,
hakonasi_20260825_131458_522,1,v25_aspect1p5,540,18.0,1,0,,0,,,,
hakonasi_20260825_131458_522,1,v25_aspect1p5,541,18.033333333333335,1,0,,0,,,,
hakonasi_20260825_131458_522,1,v25_aspect1p5,542,18.066666666666666,1,0,,0,,,,
hakonasi_20260825_131458_522,1,v25_aspect1p5,543,18.1,1,0,,0,,,,
hakonasi_20260825_131458_522,1,v25_aspect1p5,544,18.133333333333333,1,0,,0,,,,
hakonasi_20260825_131458_522,1,v25_aspect1p5,545,18.166666666666668,1,0,,0,,,,
hakonasi_20260825_131458_522,1,v25_aspect1p5,546,18.2,1,0,,0,,,,
hakonasi_20260825_131458_522,1,v25_aspect1p5,547,18.233333333333334,1,0,,0,,,,
hakonasi_20260825_131458_522,1,v25_aspect1p5,548,18.266666666666666,1,0,,0,,,,
hakonasi_20260825_131458_522,1,v25_aspect1p5,549,18.3,1,0,,0,,,,
hakonasi_20260825_131458_522,1,v25_aspect1p5,550,18.333333333333332,1,0,,0,,,,
hakonasi_20260825_131458_522,1,v25_aspect1p5,551,18.366666666666667,1,0,,0,,,,
hakonasi_20260825_131458_522,1,v25_aspect1p5,552,18.4,1,0,,0,,,,
hakonasi_20260825_131458_522,1,v25_aspect1p5,553,18.433333333333334,1,0,,0,,,,
hakonasi_20260825_131458_522,1,v25_aspect1p5,554,18.466666666666665,1,0,,0,,,,
hakonasi_20260825_131458_522,1,v25_aspect1p5,555,18.5,1,0,,0,,,,
hakonasi_20260825_131458_522,1,v25_aspect1p5,556,18.533333333333335,1,0,,0,,,,
hakonasi_20260825_131458_522,1,v25_aspect1p5,557,18.566666666666666,1,0,,0,,,,
hakonasi_20260825_131458_522,1,v25_aspect1p5,558,18.6,1,0,,0,,,,
hakonasi_20260825_131458_522,1,v25_aspect1p5,559,18.633333333333333,1,0,,0,,,,
hakonasi_20260825_131458_522,1,v25_aspect1p5,560,18.666666666666668,1,0,,0,,,,
hakonasi_20260825_131458_522,1,v25_aspect1p5,561,18.7,1,0,,0,,,,
hakonasi_20260825_131458_522,1,v25_aspect1p5,562,18.733333333333334,1,0,,0,,,,
hakonasi_20260825_131458_522,1,v25_aspect1p5,563,18.766666666666666,1,0,,0,,,,
hakonasi_20260825_131458_522,1,v25_aspect1p5,564,18.8,1,0,,0,,,,
hakonasi_20260825_131458_522,1,v25_aspect1p5,565,18.833333333333332,1,0,,0,,,,
hakonasi_20260825_131458_522,1,v25_aspect1p5,566,18.866666666666667,1,0,,0,,,,
hakonasi_20260825_131458_522,1,v25_aspect1p5,567,18.9,1,0,,0,,,,
hakonasi_20260825_131458_522,1,v25_aspect1p5,568,18.933333333333334,1,0,,0,,,,
hakonasi_20260825_131458_522,1,v25_aspect1p5,569,18.966666666666665,1,0,,0,,,,
hakonasi_20260825_131458_522,1,v25_aspect1p5,570,19.0,1,0,,0,,,,
hakonasi_20260825_131458_522,1,v25_aspect1p5,571,19.033333333333335,1,0,,0,,,,
hakonasi_20260825_131458_522,1,v25_aspect1p5,572,19.066666666666666,1,0,,0,,,,
hakonasi_20260825_131458_522,1,v25_aspect1p5,573,19.1,1,0,,0,,,,
hakonasi_20260825_131458_522,1,v25_aspect1p5,574,19.133333333333333,1,0,,0,,,,
hakonasi_20260825_131458_522,1,v25_aspect1p5,575,19.166666666666668,1,0,,0,,,,
hakonasi_20260825_131458_522,1,v25_aspect1p5,576,19.2,1,0,,0,,,,
hakonasi_20260825_131458_522,1,v25_aspect1p5,577,19.233333333333334,1,0,,0,,,,
hakonasi_20260825_131458_522,1,v25_aspect1p5,578,19.266666666666666,1,0,,0,,,,
hakonasi_20260825_131458_522,1,v25_aspect1p5,579,19.3,1,0,,0,,,,
hakonasi_20260825_131458_522,1,v25_aspect1p5,580,19.333333333333332,1,0,,0,,,,
hakonasi_20260825_131458_522,1,v25_aspect1p5,581,19.366666666666667,1,0,,0,,,,
hakonasi_20260825_131458_522,1,v25_aspect1p5,582,19.4,1,0,,0,,,,
hakonasi_20260825_131458_522,1,v25_aspect1p5,583,19.433333333333334,1,0,,0,,,,
hakonasi_20260825_131458_522,1,v25_aspect1p5,584,19.466666666666665,1,0,,0,,,,
hakonasi_20260825_131458_522,1,v25_aspect1p5,585,19.5,1,0,,0,,,,
hakonasi_20260825_131458_522,1,v25_aspect1p5,586,19.533333333333335,1,0,,0,,,,
hakonasi_20260825_131458_522,1,v25_aspect1p5,587,19.566666666666666,1,0,,0,,,,
hakonasi_20260825_131458_522,1,v25_aspect1p5,588,19.6,1,0,,0,,,,
hakonasi_20260825_131458_522,1,v25_aspect1p5,589,19.633333333333333,1,0,,0,,,,
hakonasi_20260825_131458_522,1,v25_aspect1p5,590,19.666666666666668,1,0,,0,,,,
hakonasi_20260825_131458_522,1,v25_aspect1p5,591,19.7,1,0,,0,,,,
hakonasi_20260825_131458_522,1,v25_aspect1p5,592,19.733333333333334,1,0,,0,,,,
hakonasi_20260825_131458_522,1,v25_aspect1p5,593,19.766666666666666,1,0,,0,,,,
hakonasi_20260825_131458_522,1,v25_aspect1p5,594,19.8,1,0,,0,,,,
hakonasi_20260825_131458_522,1,v25_aspect1p5,595,19.833333333333332,1,0,,0,,,,
hakonasi_20260825_131458_522,1,v25_aspect1p5,596,19.866666666666667,1,0,,0,,,,
hakonasi_20260825_131458_522,1,v25_aspect1p5,597,19.9,1,0,,0,,,,
hakonasi_20260825_131458_522,1,v25_aspect1p5,598,19.933333333333334,1,0,,0,,,,
hakonasi_20260825_131458_522,1,v25_aspect1p5,599,19.966666666666665,1,0,,0,,,,
hakonasi_20260825_131458_522,1,v25_aspect1p5,600,20.0,1,0,,0,,,,
hakonasi_20260825_131458_522,1,v25_aspect1p5,601,20.033333333333335,1,0,,0,,,,
hakonasi_20260825_131458_522,1,v25_aspect1p5,602,20.066666666666666,1,0,,0,,,,
hakonasi_20260825_131458_522,1,v25_aspect1p5,603,20.1,1,0,,0,,,,
hakonasi_20260825_131458_522,1,v25_aspect1p5,604,20.133333333333333,1,0,,0,,,,
hakonasi_20260825_131458_522,1,v25_aspect1p5,605,20.166666666666668,1,0,,0,,,,
hakonasi_20260825_131458_522,1,v25_aspect1p5,606,20.2,1,0,,0,,,,
hakonasi_20260825_131458_522,1,v25_aspect1p5,607,20.233333333333334,1,0,,0,,,,
hakonasi_20260825_131458_522,1,v25_aspect1p5,608,20.266666666666666,1,0,,0,,,,
hakonasi_20260825_131458_522,1,v25_aspect1p5,609,20.3,1,0,,0,,,,
hakonasi_20260825_131458_522,1,v25_aspect1p5,610,20.333333333333332,1,0,,0,,,,
hakonasi_20260825_131458_522,1,v25_aspect1p5,611,20.366666666666667,1,0,,0,,,,
hakonasi_20260825_131458_522,1,v25_aspect1p5,612,20.4,1,0,,0,,,,
hakonasi_20260825_131458_522,1,v25_aspect1p5,613,20.433333333333334,1,0,,0,,,,
hakonasi_20260825_131458_522,1,v25_aspect1p5,614,20.466666666666665,1,0,,0,,,,
hakonasi_20260825_131458_522,1,v25_aspect1p5,615,20.5,1,0,,0,,,,
hakonasi_20260825_131458_522,1,v25_aspect1p5,616,20.533333333333335,1,0,,0,,,,
hakonasi_20260825_131458_522,1,v25_aspect1p5,617,20.566666666666666,1,0,,0,,,,
hakonasi_20260825_131458_522,1,v25_aspect1p5,618,20.6,1,0,,0,,,,
hakonasi_20260825_131458_522,1,v25_aspect1p5,619,20.633333333333333,1,0,,0,,,,
hakonasi_20260825_131458_522,1,v25_aspect1p5,620,20.666666666666668,1,0,,0,,,,
hakonasi_20260825_131458_522,1,v25_aspect1p5,621,20.7,1,0,,0,,,,
hakonasi_20260825_131458_522,1,v25_aspect1p5,622,20.733333333333334,1,0,,0,,,,
hakonasi_20260825_131458_522,1,v25_aspect1p5,623,20.766666666666666,1,0,,0,,,,
hakonasi_20260825_131458_522,1,v25_aspect1p5,624,20.8,1,0,,0,,,,
hakonasi_20260825_131458_522,1,v25_aspect1p5,625,20.833333333333332,1,0,,0,,,,
hakonasi_20260825_131458_522,1,v25_aspect1p5,626,20.866666666666667,1,0,,0,,,,
hakonasi_20260825_131458_522,1,v25_aspect1p5,627,20.9,1,0,,0,,,,
hakonasi_20260825_131458_522,1,v25_aspect1p5,628,20.933333333333334,1,0,,0,,,,
hakonasi_20260825_131458_522,1,v25_aspect1p5,629,20.966666666666665,1,0,,0,,,,
hakonasi_20260825_131458_522,1,v25_aspect1p5,630,21.0,1,0,,0,,,,
hakonasi_20260825_131458_522,1,v25_aspect1p5,631,21.033333333333335,1,0,,0,,,,
hakonasi_20260825_131458_522,1,v25_aspect1p5,632,21.066666666666666,1,0,,0,,,,
hakonasi_20260825_131458_522,1,v25_aspect1p5,633,21.1,1,0,,0,,,,
hakonasi_20260825_131458_522,1,v25_aspect1p5,634,21.133333333333333,1,0,,0,,,,
hakonasi_20260825_131458_522,1,v25_aspect1p5,635,21.166666666666668,1,0,,0,,,,
hakonasi_20260825_131458_522,1,v25_aspect1p5,636,21.2,1,0,,0,,,,
hakonasi_20260825_131458_522,1,v25_aspect1p5,637,21.233333333333334,1,0,,0,,,,
hakonasi_20260825_131458_522,1,v25_aspect1p5,638,21.266666666666666,1,0,,0,,,,
hakonasi_20260825_131458_522,1,v25_aspect1p5,639,21.3,1,0,,0,,,,
hakonasi_20260825_131458_522,1,v25_aspect1p5,640,21.333333333333332,1,0,,0,,,,
hakonasi_20260825_131458_522,1,v25_aspect1p5,641,21.366666666666667,1,0,,0,,,,
hakonasi_20260825_131458_522,1,v25_aspect1p5,642,21.4,1,0,,0,,,,
hakonasi_20260825_131458_522,1,v25_aspect1p5,643,21.433333333333334,1,0,,0,,,,
hakonasi_20260825_131458_522,1,v25_aspect1p5,644,21.466666666666665,1,0,,0,,,,
hakonasi_20260825_131458_522,1,v25_aspect1p5,645,21.5,1,0,,0,,,,
hakonasi_20260825_131458_522,1,v25_aspect1p5,646,21.533333333333335,1,0,,0,,,,
hakonasi_20260825_131458_522,1,v25_aspect1p5,647,21.566666666666666,1,0,,0,,,,
hakonasi_20260825_131458_522,1,v25_aspect1p5,648,21.6,1,0,,0,,,,
hakonasi_20260825_131458_522,1,v25_aspect1p5,649,21.633333333333333,1,0,,0,,,,
hakonasi_20260825_131458_522,1,v25_aspect1p5,650,21.666666666666668,1,0,,0,,,,
hakonasi_20260825_131458_522,1,v25_aspect1p5,651,21.7,1,0,,0,,,,
hakonasi_20260825_131458_522,1,v25_aspect1p5,652,21.733333333333334,1,0,,0,,,,
hakonasi_20260825_131458_522,1,v25_aspect1p5,653,21.766666666666666,1,0,,0,,,,
hakonasi_20260825_131458_522,1,v25_aspect1p5,654,21.8,1,0,,0,,,,
hakonasi_20260825_131458_522,1,v25_aspect1p5,655,21.833333333333332,1,0,,0,,,,
hakonasi_20260825_131458_522,1,v25_aspect1p5,656,21.866666666666667,1,0,,0,,,,
hakonasi_20260825_131458_522,1,v25_aspect1p5,657,21.9,1,0,,0,,,,
hakonasi_20260825_131458_522,1,v25_aspect1p5,658,21.933333333333334,1,0,,0,,,,
hakonasi_20260825_131458_522,1,v25_aspect1p5,659,21.966666666666665,1,0,,0,,,,
hakonasi_20260825_131458_522,1,v25_aspect1p5,660,22.0,1,0,,0,,,,
hakonasi_20260825_131458_522,1,v25_aspect1p5,661,22.033333333333335,1,0,,0,,,,
hakonasi_20260825_131458_522,1,v25_aspect1p5,662,22.066666666666666,1,0,,0,,,,
hakonasi_20260825_131458_522,1,v25_aspect1p5,663,22.1,1,0,,0,,,,
hakonasi_20260825_131458_522,1,v25_aspect1p5,664,22.133333333333333,1,0,,0,,,,
hakonasi_20260825_131458_522,1,v25_aspect1p5,665,22.166666666666668,1,0,,0,,,,
hakonasi_20260825_131458_522,1,v25_aspect1p5,666,22.2,1,0,,0,,,,
hakonasi_20260825_131458_522,1,v25_aspect1p5,667,22.233333333333334,1,0,,0,,,,
hakonasi_20260825_131458_522,1,v25_aspect1p5,668,22.266666666666666,1,0,,0,,,,
hakonasi_20260825_131458_522,1,v25_aspect1p5,669,22.3,1,0,,0,,,,
hakonasi_20260825_131458_522,1,v25_aspect1p5,670,22.333333333333332,1,0,,0,,,,
hakonasi_20260825_131458_522,1,v25_aspect1p5,671,22.366666666666667,1,0,,0,,,,
hakonasi_20260825_131458_522,1,v25_aspect1p5,672,22.4,1,0,,0,,,,
hakonasi_20260825_131458_522,1,v25_aspect1p5,673,22.433333333333334,1,0,,0,,,,
hakonasi_20260825_131458_522,1,v25_aspect1p5,674,22.466666666666665,1,0,,0,,,,
hakonasi_20260825_131458_522,1,v25_aspect1p5,675,22.5,1,0,,0,,,,
hakonasi_20260825_131458_522,1,v25_aspect1p5,676,22.533333333333335,1,0,,0,,,,
hakonasi_20260825_131458_522,1,v25_aspect1p5,677,22.566666666666666,1,0,,0,,,,
hakonasi_20260825_131458_522,1,v25_aspect1p5,678,22.6,1,0,,0,,,,
hakonasi_20260825_131458_522,1,v25_aspect1p5,679,22.633333333333333,1,0,,0,,,,
hakonasi_20260825_131458_522,1,v25_aspect1p5,680,22.666666666666668,1,0,,0,,,,
hakonasi_20260825_131458_522,1,v25_aspect1p5,681,22.7,1,0,,0,,,,
hakonasi_20260825_131458_522,1,v25_aspect1p5,682,22.733333333333334,1,0,,0,,,,
hakonasi_20260825_131458_522,1,v25_aspect1p5,683,22.766666666666666,1,0,,0,,,,
hakonasi_20260825_131458_522,1,v25_aspect1p5,684,22.8,1,0,,0,,,,
hakonasi_20260825_131458_522,1,v25_aspect1p5,685,22.833333333333332,1,0,,0,,,,
hakonasi_20260825_131458_522,1,v25_aspect1p5,686,22.866666666666667,1,0,,0,,,,
hakonasi_20260825_131458_522,1,v25_aspect1p5,687,22.9,1,0,,0,,,,
hakonasi_20260825_131458_522,1,v25_aspect1p5,688,22.933333333333334,1,0,,0,,,,
hakonasi_20260825_131458_522,1,v25_aspect1p5,689,22.966666666666665,1,0,,0,,,,
hakonasi_20260825_131458_522,1,v25_aspect1p5,690,23.0,1,0,,0,,,,
hakonasi_20260825_131458_522,1,v25_aspect1p5,691,23.033333333333335,1,0,,0,,,,
hakonasi_20260825_131458_522,1,v25_aspect1p5,692,23.066666666666666,1,0,,0,,,,
hakonasi_20260825_131458_522,1,v25_aspect1p5,693,23.1,1,0,,0,,,,
hakonasi_20260825_131458_522,1,v25_aspect1p5,694,23.133333333333333,1,0,,0,,,,
hakonasi_20260825_131458_522,1,v25_aspect1p5,695,23.166666666666668,1,0,,0,,,,
hakonasi_20260825_131458_522,1,v25_aspect1p5,696,23.2,1,0,,0,,,,
hakonasi_20260825_131458_522,1,v25_aspect1p5,697,23.233333333333334,1,0,,0,,,,
hakonasi_20260825_131458_522,1,v25_aspect1p5,698,23.266666666666666,1,0,,0,,,,
hakonasi_20260825_131458_522,1,v25_aspect1p5,699,23.3,1,0,,0,,,,
hakonasi_20260825_131458_522,1,v25_aspect1p5,700,23.333333333333332,1,0,,0,,,,
hakonasi_20260825_131458_522,1,v25_aspect1p5,701,23.366666666666667,1,0,,0,,,,
hakonasi_20260825_131458_522,1,v25_aspect1p5,702,23.4,1,0,,0,,,,
hakonasi_20260825_131458_522,1,v25_aspect1p5,703,23.433333333333334,1,0,,0,,,,
hakonasi_20260825_131458_522,1,v25_aspect1p5,704,23.466666666666665,1,0,,0,,,,
hakonasi_20260825_131458_522,1,v25_aspect1p5,705,23.5,1,0,,0,,,,
hakonasi_20260825_131458_522,1,v25_aspect1p5,706,23.533333333333335,1,0,,0,,,,
hakonasi_20260825_131458_522,1,v25_aspect1p5,707,23.566666666666666,1,0,,0,,,,
hakonasi_20260825_131458_522,1,v25_aspect1p5,708,23.6,1,0,,0,,,,
hakonasi_20260825_131458_522,1,v25_aspect1p5,709,23.633333333333333,1,0,,0,,,,
hakonasi_20260825_131458_522,1,v25_aspect1p5,710,23.666666666666668,1,0,,0,,,,
hakonasi_20260825_131458_522,1,v25_aspect1p5,711,23.7,1,0,,0,,,,
hakonasi_20260825_131458_522,1,v25_aspect1p5,712,23.733333333333334,1,0,,0,,,,
hakonasi_20260825_131458_522,1,v25_aspect1p5,713,23.766666666666666,1,0,,0,,,,
hakonasi_20260825_131458_522,1,v25_aspect1p5,714,23.8,1,0,,0,,,,
hakonasi_20260825_131458_522,1,v25_aspect1p5,715,23.833333333333332,1,0,,0,,,,
hakonasi_20260825_131458_522,1,v25_aspect1p5,716,23.866666666666667,1,0,,0,,,,
hakonasi_20260825_131458_522,1,v25_aspect1p5,717,23.9,1,0,,0,,,,
hakonasi_20260825_131458_522,1,v25_aspect1p5,718,23.933333333333334,1,0,,0,,,,
hakonasi_20260825_131458_522,1,v25_aspect1p5,719,23.966666666666665,1,0,,0,,,,
hakonasi_20260825_131458_522,1,v25_aspect1p5,720,24.0,1,0,,0,,,,
hakonasi_20260825_131458_522,1,v25_aspect1p5,721,24.033333333333335,1,0,,0,,,,
hakonasi_20260825_131458_522,1,v25_aspect1p5,722,24.066666666666666,1,0,,0,,,,
hakonasi_20260825_131458_522,1,v25_aspect1p5,723,24.1,1,0,,0,,,,
hakonasi_20260825_131458_522,1,v25_aspect1p5,724,24.133333333333333,1,0,,0,,,,
hakonasi_20260825_131458_522,1,v25_aspect1p5,725,24.166666666666668,1,0,,0,,,,
hakonasi_20260825_131458_522,1,v25_aspect1p5,726,24.2,1,0,,0,,,,
hakonasi_20260825_131458_522,1,v25_aspect1p5,727,24.233333333333334,1,0,,0,,,,
hakonasi_20260825_131458_522,1,v25_aspect1p5,728,24.266666666666666,1,0,,0,,,,
hakonasi_20260825_131458_522,1,v25_aspect1p5,729,24.3,1,0,,0,,,,
hakonasi_20260825_131458_522,1,v25_aspect1p5,730,24.333333333333332,1,0,,0,,,,
hakonasi_20260825_131458_522,1,v25_aspect1p5,731,24.366666666666667,1,0,,0,,,,
hakonasi_20260825_131458_522,1,v25_aspect1p5,732,24.4,1,0,,0,,,,
hakonasi_20260825_131458_522,1,v25_aspect1p5,733,24.433333333333334,1,0,,0,,,,
hakonasi_20260825_131458_522,1,v25_aspect1p5,734,24.466666666666665,1,0,,0,,,,
hakonasi_20260825_131458_522,1,v25_aspect1p5,735,24.5,1,0,,0,,,,
hakonasi_20260825_131458_522,1,v25_aspect1p5,736,24.533333333333335,1,0,,0,,,,
hakonasi_20260825_131458_522,1,v25_aspect1p5,737,24.566666666666666,1,0,,0,,,,
hakonasi_20260825_131458_522,1,v25_aspect1p5,738,24.6,1,0,,0,,,,
hakonasi_20260825_131458_522,1,v25_aspect1p5,739,24.633333333333333,1,0,,0,,,,
hakonasi_20260825_131458_522,1,v25_aspect1p5,740,24.666666666666668,1,0,,0,,,,
hakonasi_20260825_131458_522,1,v25_aspect1p5,741,24.7,1,0,,0,,,,
hakonasi_20260825_131458_522,1,v25_aspect1p5,742,24.733333333333334,1,0,,0,,,,
hakonasi_20260825_131458_522,1,v25_aspect1p5,743,24.766666666666666,1,0,,0,,,,
hakonasi_20260825_131458_522,1,v25_aspect1p5,744,24.8,1,0,,0,,,,
hakonasi_20260825_131458_522,1,v25_aspect1p5,745,24.833333333333332,1,0,,0,,,,
hakonasi_20260825_131458_522,1,v25_aspect1p5,746,24.866666666666667,1,0,,0,,,,
hakonasi_20260825_131458_522,1,v25_aspect1p5,747,24.9,1,0,,0,,,,
hakonasi_20260825_131458_522,1,v25_aspect1p5,748,24.933333333333334,1,0,,0,,,,
hakonasi_20260825_131458_522,1,v25_aspect1p5,749,24.966666666666665,1,0,,0,,,,
hakonasi_20260825_131458_522,1,v25_aspect1p5,750,25.0,1,0,,0,,,,
hakonasi_20260825_131458_522,1,v25_aspect1p5,751,25.033333333333335,1,0,,0,,,,
hakonasi_20260825_131458_522,1,v25_aspect1p5,752,25.066666666666666,1,0,,0,,,,
hakonasi_20260825_131458_522,1,v25_aspect1p5,753,25.1,1,0,,0,,,,
hakonasi_20260825_131458_522,1,v25_aspect1p5,754,25.133333333333333,1,0,,0,,,,
hakonasi_20260825_131458_522,1,v25_aspect1p5,755,25.166666666666668,1,0,,0,,,,
hakonasi_20260825_131458_522,1,v25_aspect1p5,756,25.2,1,0,,0,,,,
hakonasi_20260825_131458_522,1,v25_aspect1p5,757,25.233333333333334,1,0,,0,,,,
hakonasi_20260825_131458_522,1,v25_aspect1p5,758,25.266666666666666,1,0,,0,,,,
hakonasi_20260825_131458_522,1,v25_aspect1p5,759,25.3,1,0,,0,,,,
hakonasi_20260825_131458_522,1,v25_aspect1p5,760,25.333333333333332,1,0,,0,,,,
hakonasi_20260825_131458_522,1,v25_aspect1p5,761,25.366666666666667,1,0,,0,,,,
hakonasi_20260825_131458_522,1,v25_aspect1p5,762,25.4,1,0,,0,,,,
hakonasi_20260825_131458_522,1,v25_aspect1p5,763,25.433333333333334,1,0,,0,,,,
hakonasi_20260825_131458_522,1,v25_aspect1p5,764,25.466666666666665,1,0,,0,,,,
hakonasi_20260825_131458_522,1,v25_aspect1p5,765,25.5,1,0,,0,,,,
hakonasi_20260825_131458_522,1,v25_aspect1p5,766,25.533333333333335,1,0,,0,,,,
hakonasi_20260825_131458_522,1,v25_aspect1p5,767,25.566666666666666,1,0,,0,,,,
hakonasi_20260825_131458_522,1,v25_aspect1p5,768,25.6,1,0,,0,,,,
hakonasi_20260825_131458_522,1,v25_aspect1p5,769,25.633333333333333,1,0,,0,,,,
hakonasi_20260825_131458_522,1,v25_aspect1p5,770,25.666666666666668,1,0,,0,,,,
hakonasi_20260825_131458_522,1,v25_aspect1p5,771,25.7,1,0,,0,,,,
hakonasi_20260825_131458_522,1,v25_aspect1p5,772,25.733333333333334,1,0,,0,,,,
hakonasi_20260825_131458_522,1,v25_aspect1p5,773,25.766666666666666,1,0,,0,,,,
hakonasi_20260825_131458_522,1,v25_aspect1p5,774,25.8,1,0,,0,,,,
hakonasi_20260825_131458_522,1,v25_aspect1p5,775,25.833333333333332,1,0,,0,,,,
hakonasi_20260825_131458_522,1,v25_aspect1p5,776,25.866666666666667,1,0,,0,,,,
hakonasi_20260825_131458_522,1,v25_aspect1p5,777,25.9,1,0,,0,,,,
hakonasi_20260825_131458_522,1,v25_aspect1p5,778,25.933333333333334,1,0,,0,,,,
hakonasi_20260825_131458_522,1,v25_aspect1p5,779,25.966666666666665,1,0,,0,,,,
hakonasi_20260825_131458_522,1,v25_aspect1p5,780,26.0,1,0,,0,,,,
hakonasi_20260825_131458_522,1,v25_aspect1p5,781,26.033333333333335,1,0,,0,,,,
hakonasi_20260825_131458_522,1,v25_aspect1p5,782,26.066666666666666,1,0,,0,,,,
hakonasi_20260825_131458_522,1,v25_aspect1p5,783,26.1,1,0,,0,,,,
hakonasi_20260825_131458_522,1,v25_aspect1p5,784,26.133333333333333,1,0,,0,,,,
hakonasi_20260825_131458_522,1,v25_aspect1p5,785,26.166666666666668,1,0,,0,,,,
hakonasi_20260825_131458_522,1,v25_aspect1p5,786,26.2,1,0,,0,,,,
hakonasi_20260825_131458_522,1,v25_aspect1p5,787,26.233333333333334,1,0,,0,,,,
hakonasi_20260825_131458_522,1,v25_aspect1p5,788,26.266666666666666,1,0,,0,,,,
hakonasi_20260825_131458_522,1,v25_aspect1p5,789,26.3,1,0,,0,,,,
hakonasi_20260825_131458_522,1,v25_aspect1p5,790,26.333333333333332,1,0,,0,,,,
hakonasi_20260825_131458_522,1,v25_aspect1p5,791,26.366666666666667,1,0,,0,,,,
hakonasi_20260825_131458_522,1,v25_aspect1p5,792,26.4,1,0,,0,,,,
hakonasi_20260825_131458_522,1,v25_aspect1p5,793,26.433333333333334,1,0,,0,,,,
hakonasi_20260825_131458_522,1,v25_aspect1p5,794,26.466666666666665,1,0,,0,,,,
hakonasi_20260825_131458_522,1,v25_aspect1p5,795,26.5,1,0,,0,,,,
hakonasi_20260825_131458_522,1,v25_aspect1p5,796,26.533333333333335,1,0,,0,,,,
hakonasi_20260825_131458_522,1,v25_aspect1p5,797,26.566666666666666,1,0,,0,,,,
hakonasi_20260825_131458_522,1,v25_aspect1p5,798,26.6,1,0,,0,,,,
hakonasi_20260825_131458_522,1,v25_aspect1p5,799,26.633333333333333,1,0,,0,,,,
hakonasi_20260825_131458_522,1,v25_aspect1p5,800,26.666666666666668,1,0,,0,,,,
hakonasi_20260825_131458_522,1,v25_aspect1p5,801,26.7,1,0,,0,,,,
hakonasi_20260825_131458_522,1,v25_aspect1p5,802,26.733333333333334,1,0,,0,,,,
hakonasi_20260825_131458_522,1,v25_aspect1p5,803,26.766666666666666,1,0,,0,,,,
hakonasi_20260825_131458_522,1,v25_aspect1p5,804,26.8,1,0,,0,,,,
hakonasi_20260825_131458_522,1,v25_aspect1p5,805,26.833333333333332,1,0,,0,,,,
hakonasi_20260825_131458_522,1,v25_aspect1p5,806,26.866666666666667,1,0,,0,,,,
hakonasi_20260825_131458_522,1,v25_aspect1p5,807,26.9,1,0,,0,,,,
hakonasi_20260825_131458_522,1,v25_aspect1p5,808,26.933333333333334,1,0,,0,,,,
hakonasi_20260825_131458_522,1,v25_aspect1p5,809,26.966666666666665,1,0,,0,,,,
hakonasi_20260825_131458_522,1,v25_aspect1p5,810,27.0,1,0,,0,,,,
hakonasi_20260825_131458_522,1,v25_aspect1p5,811,27.033333333333335,1,0,,0,,,,
hakonasi_20260825_131458_522,1,v25_aspect1p5,812,27.066666666666666,1,0,,0,,,,
hakonasi_20260825_131458_522,1,v25_aspect1p5,813,27.1,1,0,,0,,,,
hakonasi_20260825_131458_522,1,v25_aspect1p5,814,27.133333333333333,1,0,,0,,,,
hakonasi_20260825_131458_522,1,v25_aspect1p5,815,27.166666666666668,1,0,,0,,,,
hakonasi_20260825_131458_522,1,v25_aspect1p5,816,27.2,1,0,,0,,,,
hakonasi_20260825_131458_522,1,v25_aspect1p5,817,27.233333333333334,1,0,,0,,,,
hakonasi_20260825_131458_522,1,v25_aspect1p5,818,27.266666666666666,1,0,,0,,,,
hakonasi_20260825_131458_522,1,v25_aspect1p5,819,27.3,1,0,,0,,,,
hakonasi_20260825_131458_522,1,v25_aspect1p5,820,27.333333333333332,1,0,,0,,,,
hakonasi_20260825_131458_522,1,v25_aspect1p5,821,27.366666666666667,1,0,,0,,,,
hakonasi_20260825_131458_522,1,v25_aspect1p5,822,27.4,1,0,,0,,,,
hakonasi_20260825_131458_522,1,v25_aspect1p5,823,27.433333333333334,1,0,,0,,,,
hakonasi_20260825_131458_522,1,v25_aspect1p5,824,27.466666666666665,1,0,,0,,,,
hakonasi_20260825_131458_522,1,v25_aspect1p5,825,27.5,1,0,,0,,,,
hakonasi_20260825_131458_522,1,v25_aspect1p5,826,27.533333333333335,1,0,,0,,,,
hakonasi_20260825_131458_522,1,v25_aspect1p5,827,27.566666666666666,1,0,,0,,,,
hakonasi_20260825_131458_522,1,v25_aspect1p5,828,27.6,1,0,,0,,,,
hakonasi_20260825_131458_522,1,v25_aspect1p5,829,27.633333333333333,1,0,,0,,,,
hakonasi_20260825_131458_522,1,v25_aspect1p5,830,27.666666666666668,1,0,,0,,,,
hakonasi_20260825_131458_522,1,v25_aspect1p5,831,27.7,1,0,,0,,,,
hakonasi_20260825_131458_522,1,v25_aspect1p5,832,27.733333333333334,1,0,,0,,,,
hakonasi_20260825_131458_522,1,v25_aspect1p5,833,27.766666666666666,1,0,,0,,,,
hakonasi_20260825_131458_522,1,v25_aspect1p5,834,27.8,1,0,,0,,,,
hakonasi_20260825_131458_522,1,v25_aspect1p5,835,27.833333333333332,1,0,,0,,,,
hakonasi_20260825_131458_522,1,v25_aspect1p5,836,27.866666666666667,1,0,,0,,,,
hakonasi_20260825_131458_522,1,v25_aspect1p5,837,27.9,1,0,,0,,,,
hakonasi_20260825_131458_522,1,v25_aspect1p5,838,27.933333333333334,1,0,,0,,,,
hakonasi_20260825_131458_522,1,v25_aspect1p5,839,27.966666666666665,1,0,,0,,,,
hakonasi_20260825_131458_522,1,v25_aspect1p5,840,28.0,1,0,,0,,,,
hakonasi_20260825_131458_522,1,v25_aspect1p5,841,28.033333333333335,1,0,,0,,,,
hakonasi_20260825_131458_522,1,v25_aspect1p5,842,28.066666666666666,1,0,,0,,,,
hakonasi_20260825_131458_522,1,v25_aspect1p5,843,28.1,1,0,,0,,,,
hakonasi_20260825_131458_522,1,v25_aspect1p5,844,28.133333333333333,1,0,,0,,,,
hakonasi_20260825_131458_522,1,v25_aspect1p5,845,28.166666666666668,1,0,,0,,,,
hakonasi_20260825_131458_522,1,v25_aspect1p5,846,28.2,1,0,,0,,,,
hakonasi_20260825_131458_522,1,v25_aspect1p5,847,28.233333333333334,1,0,,0,,,,
hakonasi_20260825_131458_522,1,v25_aspect1p5,848,28.266666666666666,1,0,,0,,,,
hakonasi_20260825_131458_522,1,v25_aspect1p5,849,28.3,1,0,,0,,,,
hakonasi_20260825_131458_522,1,v25_aspect1p5,850,28.333333333333332,1,0,,0,,,,
hakonasi_20260825_131458_522,1,v25_aspect1p5,851,28.366666666666667,1,0,,0,,,,
hakonasi_20260825_131458_522,1,v25_aspect1p5,852,28.4,1,0,,0,,,,
hakonasi_20260825_131458_522,1,v25_aspect1p5,853,28.433333333333334,1,0,,0,,,,
hakonasi_20260825_131458_522,1,v35_aspect1p5,1,0.03333333333333333,1,1,0.39457032997343694,0,495.0,847.5,1.3333333333333333,0.4904513888888889
hakonasi_20260825_131458_522,1,v35_aspect1p5,2,0.06666666666666667,1,0,,0,,,,
hakonasi_20260825_131458_522,1,v35_aspect1p5,3,0.1,1,0,,0,,,,
hakonasi_20260825_131458_522,1,v35_aspect1p5,4,0.13333333333333333,1,0,,0,,,,
hakonasi_20260825_131458_522,1,v35_aspect1p5,5,0.16666666666666666,1,0,,0,,,,
hakonasi_20260825_131458_522,1,v35_aspect1p5,6,0.2,1,0,,0,,,,
hakonasi_20260825_131458_522,1,v35_aspect1p5,7,0.23333333333333334,1,1,0.39280813157581507,0,495.0,904.5,1.5,0.4652777777777778
hakonasi_20260825_131458_522,1,v35_aspect1p5,8,0.26666666666666666,1,0,,0,,,,
hakonasi_20260825_131458_522,1,v35_aspect1p5,9,0.3,1,0,,0,,,,
hakonasi_20260825_131458_522,1,v35_aspect1p5,10,0.3333333333333333,1,0,,0,,,,
hakonasi_20260825_131458_522,1,v35_aspect1p5,11,0.36666666666666664,1,0,,0,,,,
hakonasi_20260825_131458_522,1,v35_aspect1p5,12,0.4,1,0,,0,,,,
hakonasi_20260825_131458_522,1,v35_aspect1p5,13,0.43333333333333335,1,0,,0,,,,
hakonasi_20260825_131458_522,1,v35_aspect1p5,14,0.4666666666666667,1,0,,0,,,,
hakonasi_20260825_131458_522,1,v35_aspect1p5,15,0.5,1,0,,0,,,,
hakonasi_20260825_131458_522,1,v35_aspect1p5,16,0.5333333333333333,1,0,,0,,,,
hakonasi_20260825_131458_522,1,v35_aspect1p5,17,0.5666666666666667,1,0,,0,,,,
hakonasi_20260825_131458_522,1,v35_aspect1p5,18,0.6,1,0,,0,,,,
hakonasi_20260825_131458_522,1,v35_aspect1p5,19,0.6333333333333333,1,0,,0,,,,
hakonasi_20260825_131458_522,1,v35_aspect1p5,20,0.6666666666666666,1,0,,0,,,,
hakonasi_20260825_131458_522,1,v35_aspect1p5,21,0.7,1,0,,0,,,,
hakonasi_20260825_131458_522,1,v35_aspect1p5,22,0.7333333333333333,1,0,,0,,,,
hakonasi_20260825_131458_522,1,v35_aspect1p5,23,0.7666666666666667,1,0,,0,,,,
hakonasi_20260825_131458_522,1,v35_aspect1p5,24,0.8,1,0,,0,,,,
hakonasi_20260825_131458_522,1,v35_aspect1p5,25,0.8333333333333334,1,0,,0,,,,
hakonasi_20260825_131458_522,1,v35_aspect1p5,26,0.8666666666666667,1,0,,0,,,,
hakonasi_20260825_131458_522,1,v35_aspect1p5,27,0.9,1,0,,0,,,,
hakonasi_20260825_131458_522,1,v35_aspect1p5,28,0.9333333333333333,1,0,,0,,,,
hakonasi_20260825_131458_522,1,v35_aspect1p5,29,0.9666666666666667,1,0,,0,,,,
hakonasi_20260825_131458_522,1,v35_aspect1p5,30,1.0,1,1,0.39280813157581507,0,495.0,1013.5,1.5,0.5213477366255144
hakonasi_20260825_131458_522,1,v35_aspect1p5,31,1.0333333333333334,1,0,,0,,,,
hakonasi_20260825_131458_522,1,v35_aspect1p5,32,1.0666666666666667,1,0,,0,,,,
hakonasi_20260825_131458_522,1,v35_aspect1p5,33,1.1,1,0,,0,,,,
hakonasi_20260825_131458_522,1,v35_aspect1p5,34,1.1333333333333333,1,0,,0,,,,
hakonasi_20260825_131458_522,1,v35_aspect1p5,35,1.1666666666666667,1,0,,0,,,,
hakonasi_20260825_131458_522,1,v35_aspect1p5,36,1.2,1,0,,0,,,,
hakonasi_20260825_131458_522,1,v35_aspect1p5,37,1.2333333333333334,1,0,,0,,,,
hakonasi_20260825_131458_522,1,v35_aspect1p5,38,1.2666666666666666,1,1,0.39368923077462603,0,495.0,972.0,1.5,0.5
hakonasi_20260825_131458_522,1,v35_aspect1p5,39,1.3,1,0,,0,,,,
hakonasi_20260825_131458_522,1,v35_aspect1p5,40,1.3333333333333333,1,0,,0,,,,
hakonasi_20260825_131458_522,1,v35_aspect1p5,41,1.3666666666666667,1,0,,0,,,,
hakonasi_20260825_131458_522,1,v35_aspect1p5,42,1.4,1,0,,0,,,,
hakonasi_20260825_131458_522,1,v35_aspect1p5,43,1.4333333333333333,1,0,,0,,,,
hakonasi_20260825_131458_522,1,v35_aspect1p5,44,1.4666666666666666,1,0,,0,,,,
hakonasi_20260825_131458_522,1,v35_aspect1p5,45,1.5,1,0,,0,,,,
hakonasi_20260825_131458_522,1,v35_aspect1p5,46,1.5333333333333334,1,0,,0,,,,
hakonasi_20260825_131458_522,1,v35_aspect1p5,47,1.5666666666666667,1,0,,0,,,,
hakonasi_20260825_131458_522,1,v35_aspect1p5,48,1.6,1,0,,0,,,,
hakonasi_20260825_131458_522,1,v35_aspect1p5,49,1.6333333333333333,1,0,,0,,,,
hakonasi_20260825_131458_522,1,v35_aspect1p5,50,1.6666666666666667,1,0,,0,,,,
hakonasi_20260825_131458_522,1,v35_aspect1p5,51,1.7,1,0,,0,,,,
hakonasi_20260825_131458_522,1,v35_aspect1p5,52,1.7333333333333334,1,0,,0,,,,
hakonasi_20260825_131458_522,1,v35_aspect1p5,53,1.7666666666666666,1,0,,0,,,,
hakonasi_20260825_131458_522,1,v35_aspect1p5,54,1.8,1,0,,0,,,,
hakonasi_20260825_131458_522,1,v35_aspect1p5,55,1.8333333333333333,1,0,,0,,,,
hakonasi_20260825_131458_522,1,v35_aspect1p5,56,1.8666666666666667,1,0,,0,,,,
hakonasi_20260825_131458_522,1,v35_aspect1p5,57,1.9,1,0,,0,,,,
hakonasi_20260825_131458_522,1,v35_aspect1p5,58,1.9333333333333333,1,0,,0,,,,
hakonasi_20260825_131458_522,1,v35_aspect1p5,59,1.9666666666666666,1,0,,0,,,,
hakonasi_20260825_131458_522,1,v35_aspect1p5,60,2.0,1,0,,0,,,,
hakonasi_20260825_131458_522,1,v35_aspect1p5,61,2.033333333333333,1,0,,0,,,,
hakonasi_20260825_131458_522,1,v35_aspect1p5,62,2.066666666666667,1,0,,0,,,,
hakonasi_20260825_131458_522,1,v35_aspect1p5,63,2.1,1,0,,0,,,,
hakonasi_20260825_131458_522,1,v35_aspect1p5,64,2.1333333333333333,1,0,,0,,,,
hakonasi_20260825_131458_522,1,v35_aspect1p5,65,2.1666666666666665,1,0,,0,,,,
hakonasi_20260825_131458_522,1,v35_aspect1p5,66,2.2,1,0,,0,,,,
hakonasi_20260825_131458_522,1,v35_aspect1p5,67,2.2333333333333334,1,0,,0,,,,
hakonasi_20260825_131458_522,1,v35_aspect1p5,68,2.2666666666666666,1,0,,0,,,,
hakonasi_20260825_131458_522,1,v35_aspect1p5,69,2.3,1,0,,0,,,,
hakonasi_20260825_131458_522,1,v35_aspect1p5,70,2.3333333333333335,1,0,,0,,,,
hakonasi_20260825_131458_522,1,v35_aspect1p5,71,2.3666666666666667,1,0,,0,,,,
hakonasi_20260825_131458_522,1,v35_aspect1p5,72,2.4,1,0,,0,,,,
hakonasi_20260825_131458_522,1,v35_aspect1p5,73,2.433333333333333,1,0,,0,,,,
hakonasi_20260825_131458_522,1,v35_aspect1p5,74,2.466666666666667,1,0,,0,,,,
hakonasi_20260825_131458_522,1,v35_aspect1p5,75,2.5,1,0,,0,,,,
hakonasi_20260825_131458_522,1,v35_aspect1p5,76,2.533333333333333,1,0,,0,,,,
hakonasi_20260825_131458_522,1,v35_aspect1p5,77,2.566666666666667,1,0,,0,,,,
hakonasi_20260825_131458_522,1,v35_aspect1p5,78,2.6,1,0,,0,,,,
hakonasi_20260825_131458_522,1,v35_aspect1p5,79,2.6333333333333333,1,0,,0,,,,
hakonasi_20260825_131458_522,1,v35_aspect1p5,80,2.6666666666666665,1,0,,0,,,,
hakonasi_20260825_131458_522,1,v35_aspect1p5,81,2.7,1,0,,0,,,,
hakonasi_20260825_131458_522,1,v35_aspect1p5,82,2.7333333333333334,1,0,,0,,,,
hakonasi_20260825_131458_522,1,v35_aspect1p5,83,2.7666666666666666,1,0,,0,,,,
hakonasi_20260825_131458_522,1,v35_aspect1p5,84,2.8,1,0,,0,,,,
hakonasi_20260825_131458_522,1,v35_aspect1p5,85,2.8333333333333335,1,0,,0,,,,
hakonasi_20260825_131458_522,1,v35_aspect1p5,86,2.8666666666666667,1,0,,0,,,,
hakonasi_20260825_131458_522,1,v35_aspect1p5,87,2.9,1,0,,0,,,,
hakonasi_20260825_131458_522,1,v35_aspect1p5,88,2.933333333333333,1,0,,0,,,,
hakonasi_20260825_131458_522,1,v35_aspect1p5,89,2.966666666666667,1,0,,0,,,,
hakonasi_20260825_131458_522,1,v35_aspect1p5,90,3.0,1,0,,0,,,,
hakonasi_20260825_131458_522,1,v35_aspect1p5,91,3.033333333333333,1,0,,0,,,,
hakonasi_20260825_131458_522,1,v35_aspect1p5,92,3.066666666666667,1,0,,0,,,,
hakonasi_20260825_131458_522,1,v35_aspect1p5,93,3.1,1,0,,0,,,,
hakonasi_20260825_131458_522,1,v35_aspect1p5,94,3.1333333333333333,1,0,,0,,,,
hakonasi_20260825_131458_522,1,v35_aspect1p5,95,3.1666666666666665,1,1,0.39102842901080215,0,495.0,842.0,1.5,0.4331275720164609
hakonasi_20260825_131458_522,1,v35_aspect1p5,96,3.2,1,1,0.39368923077462603,0,495.0,1013.5,1.5,0.5213477366255144
hakonasi_20260825_131458_522,1,v35_aspect1p5,97,3.2333333333333334,1,0,,0,,,,
hakonasi_20260825_131458_522,1,v35_aspect1p5,98,3.2666666666666666,1,0,,0,,,,
hakonasi_20260825_131458_522,1,v35_aspect1p5,99,3.3,1,0,,0,,,,
hakonasi_20260825_131458_522,1,v35_aspect1p5,100,3.3333333333333335,1,0,,0,,,,
hakonasi_20260825_131458_522,1,v35_aspect1p5,101,3.3666666666666667,1,0,,0,,,,
hakonasi_20260825_131458_522,1,v35_aspect1p5,102,3.4,1,0,,0,,,,
hakonasi_20260825_131458_522,1,v35_aspect1p5,103,3.433333333333333,1,0,,0,,,,
hakonasi_20260825_131458_522,1,v35_aspect1p5,104,3.466666666666667,1,0,,0,,,,
hakonasi_20260825_131458_522,1,v35_aspect1p5,105,3.5,1,0,,0,,,,
hakonasi_20260825_131458_522,1,v35_aspect1p5,106,3.533333333333333,1,0,,0,,,,
hakonasi_20260825_131458_522,1,v35_aspect1p5,107,3.566666666666667,1,0,,0,,,,
hakonasi_20260825_131458_522,1,v35_aspect1p5,108,3.6,1,0,,0,,,,
hakonasi_20260825_131458_522,1,v35_aspect1p5,109,3.6333333333333333,1,0,,0,,,,
hakonasi_20260825_131458_522,1,v35_aspect1p5,110,3.6666666666666665,1,0,,0,,,,
hakonasi_20260825_131458_522,1,v35_aspect1p5,111,3.7,1,0,,0,,,,
hakonasi_20260825_131458_522,1,v35_aspect1p5,112,3.7333333333333334,1,0,,0,,,,
hakonasi_20260825_131458_522,1,v35_aspect1p5,113,3.7666666666666666,1,0,,0,,,,
hakonasi_20260825_131458_522,1,v35_aspect1p5,114,3.8,1,0,,0,,,,
hakonasi_20260825_131458_522,1,v35_aspect1p5,115,3.8333333333333335,1,0,,0,,,,
hakonasi_20260825_131458_522,1,v35_aspect1p5,116,3.8666666666666667,1,0,,0,,,,
hakonasi_20260825_131458_522,1,v35_aspect1p5,117,3.9,1,0,,0,,,,
hakonasi_20260825_131458_522,1,v35_aspect1p5,118,3.933333333333333,1,1,0.3919182802933086,0,495.0,970.0,1.4444444444444444,0.5181623931623932
hakonasi_20260825_131458_522,1,v35_aspect1p5,119,3.966666666666667,1,0,,0,,,,
hakonasi_20260825_131458_522,1,v35_aspect1p5,120,4.0,1,0,,0,,,,
hakonasi_20260825_131458_522,1,v35_aspect1p5,121,4.033333333333333,1,0,,0,,,,
hakonasi_20260825_131458_522,1,v35_aspect1p5,122,4.066666666666666,1,0,,0,,,,
hakonasi_20260825_131458_522,1,v35_aspect1p5,123,4.1,1,0,,0,,,,
hakonasi_20260825_131458_522,1,v35_aspect1p5,124,4.133333333333334,1,0,,0,,,,
hakonasi_20260825_131458_522,1,v35_aspect1p5,125,4.166666666666667,1,0,,0,,,,
hakonasi_20260825_131458_522,1,v35_aspect1p5,126,4.2,1,0,,0,,,,
hakonasi_20260825_131458_522,1,v35_aspect1p5,127,4.233333333333333,1,0,,0,,,,
hakonasi_20260825_131458_522,1,v35_aspect1p5,128,4.266666666666667,1,0,,0,,,,
hakonasi_20260825_131458_522,1,v35_aspect1p5,129,4.3,1,0,,0,,,,
hakonasi_20260825_131458_522,1,v35_aspect1p5,130,4.333333333333333,1,0,,0,,,,
hakonasi_20260825_131458_522,1,v35_aspect1p5,131,4.366666666666666,1,0,,0,,,,
hakonasi_20260825_131458_522,1,v35_aspect1p5,132,4.4,1,0,,0,,,,
hakonasi_20260825_131458_522,1,v35_aspect1p5,133,4.433333333333334,1,0,,0,,,,
hakonasi_20260825_131458_522,1,v35_aspect1p5,134,4.466666666666667,1,0,,0,,,,
hakonasi_20260825_131458_522,1,v35_aspect1p5,135,4.5,1,0,,0,,,,
hakonasi_20260825_131458_522,1,v35_aspect1p5,136,4.533333333333333,1,0,,0,,,,
hakonasi_20260825_131458_522,1,v35_aspect1p5,137,4.566666666666666,1,0,,0,,,,
hakonasi_20260825_131458_522,1,v35_aspect1p5,138,4.6,1,0,,0,,,,
hakonasi_20260825_131458_522,1,v35_aspect1p5,139,4.633333333333334,1,0,,0,,,,
hakonasi_20260825_131458_522,1,v35_aspect1p5,140,4.666666666666667,1,0,,0,,,,
hakonasi_20260825_131458_522,1,v35_aspect1p5,141,4.7,1,0,,0,,,,
hakonasi_20260825_131458_522,1,v35_aspect1p5,142,4.733333333333333,1,0,,0,,,,
hakonasi_20260825_131458_522,1,v35_aspect1p5,143,4.766666666666667,1,0,,0,,,,
hakonasi_20260825_131458_522,1,v35_aspect1p5,144,4.8,1,0,,0,,,,
hakonasi_20260825_131458_522,1,v35_aspect1p5,145,4.833333333333333,1,0,,0,,,,
hakonasi_20260825_131458_522,1,v35_aspect1p5,146,4.866666666666666,1,0,,0,,,,
hakonasi_20260825_131458_522,1,v35_aspect1p5,147,4.9,1,0,,0,,,,
hakonasi_20260825_131458_522,1,v35_aspect1p5,148,4.933333333333334,1,0,,0,,,,
hakonasi_20260825_131458_522,1,v35_aspect1p5,149,4.966666666666667,1,0,,0,,,,
hakonasi_20260825_131458_522,1,v35_aspect1p5,150,5.0,1,0,,0,,,,
hakonasi_20260825_131458_522,1,v35_aspect1p5,151,5.033333333333333,1,0,,0,,,,
hakonasi_20260825_131458_522,1,v35_aspect1p5,152,5.066666666666666,1,0,,0,,,,
hakonasi_20260825_131458_522,1,v35_aspect1p5,153,5.1,1,0,,0,,,,
hakonasi_20260825_131458_522,1,v35_aspect1p5,154,5.133333333333334,1,0,,0,,,,
hakonasi_20260825_131458_522,1,v35_aspect1p5,155,5.166666666666667,1,0,,0,,,,
hakonasi_20260825_131458_522,1,v35_aspect1p5,156,5.2,1,0,,0,,,,
hakonasi_20260825_131458_522,1,v35_aspect1p5,157,5.233333333333333,1,0,,0,,,,
hakonasi_20260825_131458_522,1,v35_aspect1p5,158,5.266666666666667,1,0,,0,,,,
hakonasi_20260825_131458_522,1,v35_aspect1p5,159,5.3,1,0,,0,,,,
hakonasi_20260825_131458_522,1,v35_aspect1p5,160,5.333333333333333,1,0,,0,,,,
hakonasi_20260825_131458_522,1,v35_aspect1p5,161,5.366666666666666,1,1,0.38741635250136436,0,495.0,950.0,1.5,0.4886831275720165
hakonasi_20260825_131458_522,1,v35_aspect1p5,162,5.4,1,0,,0,,,,
hakonasi_20260825_131458_522,1,v35_aspect1p5,163,5.433333333333334,1,0,,0,,,,
hakonasi_20260825_131458_522,1,v35_aspect1p5,164,5.466666666666667,1,0,,0,,,,
hakonasi_20260825_131458_522,1,v35_aspect1p5,165,5.5,1,0,,0,,,,
hakonasi_20260825_131458_522,1,v35_aspect1p5,166,5.533333333333333,1,0,,0,,,,
hakonasi_20260825_131458_522,1,v35_aspect1p5,167,5.566666666666666,1,0,,0,,,,
hakonasi_20260825_131458_522,1,v35_aspect1p5,168,5.6,1,0,,0,,,,
hakonasi_20260825_131458_522,1,v35_aspect1p5,169,5.633333333333334,1,0,,0,,,,
hakonasi_20260825_131458_522,1,v35_aspect1p5,170,5.666666666666667,1,0,,0,,,,
hakonasi_20260825_131458_522,1,v35_aspect1p5,171,5.7,1,0,,0,,,,
hakonasi_20260825_131458_522,1,v35_aspect1p5,172,5.733333333333333,1,0,,0,,,,
hakonasi_20260825_131458_522,1,v35_aspect1p5,173,5.766666666666667,1,0,,0,,,,
hakonasi_20260825_131458_522,1,v35_aspect1p5,174,5.8,1,0,,0,,,,
hakonasi_20260825_131458_522,1,v35_aspect1p5,175,5.833333333333333,1,0,,0,,,,
hakonasi_20260825_131458_522,1,v35_aspect1p5,176,5.866666666666666,1,0,,0,,,,
hakonasi_20260825_131458_522,1,v35_aspect1p5,177,5.9,1,0,,0,,,,
hakonasi_20260825_131458_522,1,v35_aspect1p5,178,5.933333333333334,1,0,,0,,,,
hakonasi_20260825_131458_522,1,v35_aspect1p5,179,5.966666666666667,1,0,,0,,,,
hakonasi_20260825_131458_522,1,v35_aspect1p5,180,6.0,1,0,,0,,,,
hakonasi_20260825_131458_522,1,v35_aspect1p5,181,6.033333333333333,1,0,,0,,,,
hakonasi_20260825_131458_522,1,v35_aspect1p5,182,6.066666666666666,1,0,,0,,,,
hakonasi_20260825_131458_522,1,v35_aspect1p5,183,6.1,1,0,,0,,,,
hakonasi_20260825_131458_522,1,v35_aspect1p5,184,6.133333333333334,1,0,,0,,,,
hakonasi_20260825_131458_522,1,v35_aspect1p5,185,6.166666666666667,1,0,,0,,,,
hakonasi_20260825_131458_522,1,v35_aspect1p5,186,6.2,1,0,,0,,,,
hakonasi_20260825_131458_522,1,v35_aspect1p5,187,6.233333333333333,1,0,,0,,,,
hakonasi_20260825_131458_522,1,v35_aspect1p5,188,6.266666666666667,1,0,,0,,,,
hakonasi_20260825_131458_522,1,v35_aspect1p5,189,6.3,1,0,,0,,,,
hakonasi_20260825_131458_522,1,v35_aspect1p5,190,6.333333333333333,1,0,,0,,,,
hakonasi_20260825_131458_522,1,v35_aspect1p5,191,6.366666666666666,1,0,,0,,,,
hakonasi_20260825_131458_522,1,v35_aspect1p5,192,6.4,1,0,,0,,,,
hakonasi_20260825_131458_522,1,v35_aspect1p5,193,6.433333333333334,1,0,,0,,,,
hakonasi_20260825_131458_522,1,v35_aspect1p5,194,6.466666666666667,1,0,,0,,,,
hakonasi_20260825_131458_522,1,v35_aspect1p5,195,6.5,1,0,,0,,,,
hakonasi_20260825_131458_522,1,v35_aspect1p5,196,6.533333333333333,1,0,,0,,,,
hakonasi_20260825_131458_522,1,v35_aspect1p5,197,6.566666666666666,1,0,,0,,,,
hakonasi_20260825_131458_522,1,v35_aspect1p5,198,6.6,1,0,,0,,,,
hakonasi_20260825_131458_522,1,v35_aspect1p5,199,6.633333333333334,1,0,,0,,,,
hakonasi_20260825_131458_522,1,v35_aspect1p5,200,6.666666666666667,1,0,,0,,,,
hakonasi_20260825_131458_522,1,v35_aspect1p5,201,6.7,1,0,,0,,,,
hakonasi_20260825_131458_522,1,v35_aspect1p5,202,6.733333333333333,1,0,,0,,,,
hakonasi_20260825_131458_522,1,v35_aspect1p5,203,6.766666666666667,1,1,0.38832376761167864,0,495.0,969.0,1.4444444444444444,0.5176282051282052
hakonasi_20260825_131458_522,1,v35_aspect1p5,204,6.8,1,0,,0,,,,
hakonasi_20260825_131458_522,1,v35_aspect1p5,205,6.833333333333333,1,0,,0,,,,
hakonasi_20260825_131458_522,1,v35_aspect1p5,206,6.866666666666666,1,0,,0,,,,
hakonasi_20260825_131458_522,1,v35_aspect1p5,207,6.9,1,0,,0,,,,
hakonasi_20260825_131458_522,1,v35_aspect1p5,208,6.933333333333334,1,0,,0,,,,
hakonasi_20260825_131458_522,1,v35_aspect1p5,209,6.966666666666667,1,0,,0,,,,
hakonasi_20260825_131458_522,1,v35_aspect1p5,210,7.0,1,0,,0,,,,
hakonasi_20260825_131458_522,1,v35_aspect1p5,211,7.033333333333333,1,0,,0,,,,
hakonasi_20260825_131458_522,1,v35_aspect1p5,212,7.066666666666666,1,0,,0,,,,
hakonasi_20260825_131458_522,1,v35_aspect1p5,213,7.1,1,0,,0,,,,
hakonasi_20260825_131458_522,1,v35_aspect1p5,214,7.133333333333334,1,0,,0,,,,
hakonasi_20260825_131458_522,1,v35_aspect1p5,215,7.166666666666667,1,0,,0,,,,
hakonasi_20260825_131458_522,1,v35_aspect1p5,216,7.2,1,0,,0,,,,
hakonasi_20260825_131458_522,1,v35_aspect1p5,217,7.233333333333333,1,0,,0,,,,
hakonasi_20260825_131458_522,1,v35_aspect1p5,218,7.266666666666667,1,0,,0,,,,
hakonasi_20260825_131458_522,1,v35_aspect1p5,219,7.3,1,0,,0,,,,
hakonasi_20260825_131458_522,1,v35_aspect1p5,220,7.333333333333333,1,0,,0,,,,
hakonasi_20260825_131458_522,1,v35_aspect1p5,221,7.366666666666666,1,1,0.38923118272199286,0,495.0,793.5,1.5,0.408179012345679
hakonasi_20260825_131458_522,1,v35_aspect1p5,222,7.4,1,0,,0,,,,
hakonasi_20260825_131458_522,1,v35_aspect1p5,223,7.433333333333334,1,0,,0,,,,
hakonasi_20260825_131458_522,1,v35_aspect1p5,224,7.466666666666667,1,0,,0,,,,
hakonasi_20260825_131458_522,1,v35_aspect1p5,225,7.5,1,0,,0,,,,
hakonasi_20260825_131458_522,1,v35_aspect1p5,226,7.533333333333333,1,0,,0,,,,
hakonasi_20260825_131458_522,1,v35_aspect1p5,227,7.566666666666666,1,0,,0,,,,
hakonasi_20260825_131458_522,1,v35_aspect1p5,228,7.6,1,0,,0,,,,
hakonasi_20260825_131458_522,1,v35_aspect1p5,229,7.633333333333334,1,0,,0,,,,
hakonasi_20260825_131458_522,1,v35_aspect1p5,230,7.666666666666667,1,0,,0,,,,
hakonasi_20260825_131458_522,1,v35_aspect1p5,231,7.7,1,0,,0,,,,
hakonasi_20260825_131458_522,1,v35_aspect1p5,232,7.733333333333333,1,0,,0,,,,
hakonasi_20260825_131458_522,1,v35_aspect1p5,233,7.766666666666667,1,0,,0,,,,
hakonasi_20260825_131458_522,1,v35_aspect1p5,234,7.8,1,0,,0,,,,
hakonasi_20260825_131458_522,1,v35_aspect1p5,235,7.833333333333333,1,0,,0,,,,
hakonasi_20260825_131458_522,1,v35_aspect1p5,236,7.866666666666666,1,0,,0,,,,
hakonasi_20260825_131458_522,1,v35_aspect1p5,237,7.9,1,0,,0,,,,
hakonasi_20260825_131458_522,1,v35_aspect1p5,238,7.933333333333334,1,0,,0,,,,
hakonasi_20260825_131458_522,1,v35_aspect1p5,239,7.966666666666667,1,0,,0,,,,
hakonasi_20260825_131458_522,1,v35_aspect1p5,240,8.0,1,0,,0,,,,
hakonasi_20260825_131458_522,1,v35_aspect1p5,241,8.033333333333333,1,0,,0,,,,
hakonasi_20260825_131458_522,1,v35_aspect1p5,242,8.066666666666666,1,0,,0,,,,
hakonasi_20260825_131458_522,1,v35_aspect1p5,243,8.1,1,0,,0,,,,
hakonasi_20260825_131458_522,1,v35_aspect1p5,244,8.133333333333333,1,0,,0,,,,
hakonasi_20260825_131458_522,1,v35_aspect1p5,245,8.166666666666666,1,0,,0,,,,
hakonasi_20260825_131458_522,1,v35_aspect1p5,246,8.2,1,0,,0,,,,
hakonasi_20260825_131458_522,1,v35_aspect1p5,247,8.233333333333333,1,0,,0,,,,
hakonasi_20260825_131458_522,1,v35_aspect1p5,248,8.266666666666667,1,0,,0,,,,
hakonasi_20260825_131458_522,1,v35_aspect1p5,249,8.3,1,0,,0,,,,
hakonasi_20260825_131458_522,1,v35_aspect1p5,250,8.333333333333334,1,0,,0,,,,
hakonasi_20260825_131458_522,1,v35_aspect1p5,251,8.366666666666667,1,0,,0,,,,
hakonasi_20260825_131458_522,1,v35_aspect1p5,252,8.4,1,0,,0,,,,
hakonasi_20260825_131458_522,1,v35_aspect1p5,253,8.433333333333334,1,0,,0,,,,
hakonasi_20260825_131458_522,1,v35_aspect1p5,254,8.466666666666667,1,0,,0,,,,
hakonasi_20260825_131458_522,1,v35_aspect1p5,255,8.5,1,0,,0,,,,
hakonasi_20260825_131458_522,1,v35_aspect1p5,256,8.533333333333333,1,0,,0,,,,
hakonasi_20260825_131458_522,1,v35_aspect1p5,257,8.566666666666666,1,0,,0,,,,
hakonasi_20260825_131458_522,1,v35_aspect1p5,258,8.6,1,0,,0,,,,
hakonasi_20260825_131458_522,1,v35_aspect1p5,259,8.633333333333333,1,0,,0,,,,
hakonasi_20260825_131458_522,1,v35_aspect1p5,260,8.666666666666666,1,0,,0,,,,
hakonasi_20260825_131458_522,1,v35_aspect1p5,261,8.7,1,0,,0,,,,
hakonasi_20260825_131458_522,1,v35_aspect1p5,262,8.733333333333333,1,0,,0,,,,
hakonasi_20260825_131458_522,1,v35_aspect1p5,263,8.766666666666667,1,0,,0,,,,
hakonasi_20260825_131458_522,1,v35_aspect1p5,264,8.8,1,0,,0,,,,
hakonasi_20260825_131458_522,1,v35_aspect1p5,265,8.833333333333334,1,0,,0,,,,
hakonasi_20260825_131458_522,1,v35_aspect1p5,266,8.866666666666667,1,0,,0,,,,
hakonasi_20260825_131458_522,1,v35_aspect1p5,267,8.9,1,0,,0,,,,
hakonasi_20260825_131458_522,1,v35_aspect1p5,268,8.933333333333334,1,0,,0,,,,
hakonasi_20260825_131458_522,1,v35_aspect1p5,269,8.966666666666667,1,0,,0,,,,
hakonasi_20260825_131458_522,1,v35_aspect1p5,270,9.0,1,0,,0,,,,
hakonasi_20260825_131458_522,1,v35_aspect1p5,271,9.033333333333333,1,0,,0,,,,
hakonasi_20260825_131458_522,1,v35_aspect1p5,272,9.066666666666666,1,0,,0,,,,
hakonasi_20260825_131458_522,1,v35_aspect1p5,273,9.1,1,0,,0,,,,
hakonasi_20260825_131458_522,1,v35_aspect1p5,274,9.133333333333333,1,0,,0,,,,
hakonasi_20260825_131458_522,1,v35_aspect1p5,275,9.166666666666666,1,0,,0,,,,
hakonasi_20260825_131458_522,1,v35_aspect1p5,276,9.2,1,0,,0,,,,
hakonasi_20260825_131458_522,1,v35_aspect1p5,277,9.233333333333333,1,0,,0,,,,
hakonasi_20260825_131458_522,1,v35_aspect1p5,278,9.266666666666667,1,0,,0,,,,
hakonasi_20260825_131458_522,1,v35_aspect1p5,279,9.3,1,0,,0,,,,
hakonasi_20260825_131458_522,1,v35_aspect1p5,280,9.333333333333334,1,0,,0,,,,
hakonasi_20260825_131458_522,1,v35_aspect1p5,281,9.366666666666667,1,0,,0,,,,
hakonasi_20260825_131458_522,1,v35_aspect1p5,282,9.4,1,0,,0,,,,
hakonasi_20260825_131458_522,1,v35_aspect1p5,283,9.433333333333334,1,0,,0,,,,
hakonasi_20260825_131458_522,1,v35_aspect1p5,284,9.466666666666667,1,0,,0,,,,
hakonasi_20260825_131458_522,1,v35_aspect1p5,285,9.5,1,0,,0,,,,
hakonasi_20260825_131458_522,1,v35_aspect1p5,286,9.533333333333333,1,0,,0,,,,
hakonasi_20260825_131458_522,1,v35_aspect1p5,287,9.566666666666666,1,0,,0,,,,
hakonasi_20260825_131458_522,1,v35_aspect1p5,288,9.6,1,0,,0,,,,
hakonasi_20260825_131458_522,1,v35_aspect1p5,289,9.633333333333333,1,0,,0,,,,
hakonasi_20260825_131458_522,1,v35_aspect1p5,290,9.666666666666666,1,0,,0,,,,
hakonasi_20260825_131458_522,1,v35_aspect1p5,291,9.7,1,0,,0,,,,
hakonasi_20260825_131458_522,1,v35_aspect1p5,292,9.733333333333333,1,0,,0,,,,
hakonasi_20260825_131458_522,1,v35_aspect1p5,293,9.766666666666667,1,0,,0,,,,
hakonasi_20260825_131458_522,1,v35_aspect1p5,294,9.8,1,0,,0,,,,
hakonasi_20260825_131458_522,1,v35_aspect1p5,295,9.833333333333334,1,0,,0,,,,
hakonasi_20260825_131458_522,1,v35_aspect1p5,296,9.866666666666667,1,0,,0,,,,
hakonasi_20260825_131458_522,1,v35_aspect1p5,297,9.9,1,0,,0,,,,
hakonasi_20260825_131458_522,1,v35_aspect1p5,298,9.933333333333334,1,0,,0,,,,
hakonasi_20260825_131458_522,1,v35_aspect1p5,299,9.966666666666667,1,0,,0,,,,
hakonasi_20260825_131458_522,1,v35_aspect1p5,300,10.0,1,0,,0,,,,
hakonasi_20260825_131458_522,1,v35_aspect1p5,301,10.033333333333333,1,0,,0,,,,
hakonasi_20260825_131458_522,1,v35_aspect1p5,302,10.066666666666666,1,0,,0,,,,
hakonasi_20260825_131458_522,1,v35_aspect1p5,303,10.1,1,0,,0,,,,
hakonasi_20260825_131458_522,1,v35_aspect1p5,304,10.133333333333333,1,0,,0,,,,
hakonasi_20260825_131458_522,1,v35_aspect1p5,305,10.166666666666666,1,0,,0,,,,
hakonasi_20260825_131458_522,1,v35_aspect1p5,306,10.2,1,0,,0,,,,
hakonasi_20260825_131458_522,1,v35_aspect1p5,307,10.233333333333333,1,0,,0,,,,
hakonasi_20260825_131458_522,1,v35_aspect1p5,308,10.266666666666667,1,0,,0,,,,
hakonasi_20260825_131458_522,1,v35_aspect1p5,309,10.3,1,0,,0,,,,
hakonasi_20260825_131458_522,1,v35_aspect1p5,310,10.333333333333334,1,0,,0,,,,
hakonasi_20260825_131458_522,1,v35_aspect1p5,311,10.366666666666667,1,0,,0,,,,
hakonasi_20260825_131458_522,1,v35_aspect1p5,312,10.4,1,0,,0,,,,
hakonasi_20260825_131458_522,1,v35_aspect1p5,313,10.433333333333334,1,0,,0,,,,
hakonasi_20260825_131458_522,1,v35_aspect1p5,314,10.466666666666667,1,0,,0,,,,
hakonasi_20260825_131458_522,1,v35_aspect1p5,315,10.5,1,0,,0,,,,
hakonasi_20260825_131458_522,1,v35_aspect1p5,316,10.533333333333333,1,0,,0,,,,
hakonasi_20260825_131458_522,1,v35_aspect1p5,317,10.566666666666666,1,0,,0,,,,
hakonasi_20260825_131458_522,1,v35_aspect1p5,318,10.6,1,0,,0,,,,
hakonasi_20260825_131458_522,1,v35_aspect1p5,319,10.633333333333333,1,0,,0,,,,
hakonasi_20260825_131458_522,1,v35_aspect1p5,320,10.666666666666666,1,1,0.45010468129423714,0,485.0,438.0,1.2307692307692308,0.5264423076923077
hakonasi_20260825_131458_522,1,v35_aspect1p5,321,10.7,1,0,,0,,,,
hakonasi_20260825_131458_522,1,v35_aspect1p5,322,10.733333333333333,1,0,,0,,,,
hakonasi_20260825_131458_522,1,v35_aspect1p5,323,10.766666666666667,1,0,,0,,,,
hakonasi_20260825_131458_522,1,v35_aspect1p5,324,10.8,1,0,,0,,,,
hakonasi_20260825_131458_522,1,v35_aspect1p5,325,10.833333333333334,1,0,,0,,,,
hakonasi_20260825_131458_522,1,v35_aspect1p5,326,10.866666666666667,1,0,,0,,,,
hakonasi_20260825_131458_522,1,v35_aspect1p5,327,10.9,1,0,,0,,,,
hakonasi_20260825_131458_522,1,v35_aspect1p5,328,10.933333333333334,1,0,,0,,,,
hakonasi_20260825_131458_522,1,v35_aspect1p5,329,10.966666666666667,1,0,,0,,,,
hakonasi_20260825_131458_522,1,v35_aspect1p5,330,11.0,1,0,,0,,,,
hakonasi_20260825_131458_522,1,v35_aspect1p5,331,11.033333333333333,1,0,,0,,,,
hakonasi_20260825_131458_522,1,v35_aspect1p5,332,11.066666666666666,1,0,,0,,,,
hakonasi_20260825_131458_522,1,v35_aspect1p5,333,11.1,1,0,,0,,,,
hakonasi_20260825_131458_522,1,v35_aspect1p5,334,11.133333333333333,1,0,,0,,,,
hakonasi_20260825_131458_522,1,v35_aspect1p5,335,11.166666666666666,1,0,,0,,,,
hakonasi_20260825_131458_522,1,v35_aspect1p5,336,11.2,1,0,,0,,,,
hakonasi_20260825_131458_522,1,v35_aspect1p5,337,11.233333333333333,1,0,,0,,,,
hakonasi_20260825_131458_522,1,v35_aspect1p5,338,11.266666666666667,1,0,,0,,,,
hakonasi_20260825_131458_522,1,v35_aspect1p5,339,11.3,1,0,,0,,,,
hakonasi_20260825_131458_522,1,v35_aspect1p5,340,11.333333333333334,1,0,,0,,,,
hakonasi_20260825_131458_522,1,v35_aspect1p5,341,11.366666666666667,1,0,,0,,,,
hakonasi_20260825_131458_522,1,v35_aspect1p5,342,11.4,1,0,,0,,,,
hakonasi_20260825_131458_522,1,v35_aspect1p5,343,11.433333333333334,1,0,,0,,,,
hakonasi_20260825_131458_522,1,v35_aspect1p5,344,11.466666666666667,1,0,,0,,,,
hakonasi_20260825_131458_522,1,v35_aspect1p5,345,11.5,1,0,,0,,,,
hakonasi_20260825_131458_522,1,v35_aspect1p5,346,11.533333333333333,1,1,0.3901298058663975,0,495.0,980.0,1.5,0.5041152263374485
hakonasi_20260825_131458_522,1,v35_aspect1p5,347,11.566666666666666,1,0,,0,,,,
hakonasi_20260825_131458_522,1,v35_aspect1p5,348,11.6,1,0,,0,,,,
hakonasi_20260825_131458_522,1,v35_aspect1p5,349,11.633333333333333,1,0,,0,,,,
hakonasi_20260825_131458_522,1,v35_aspect1p5,350,11.666666666666666,1,0,,0,,,,
hakonasi_20260825_131458_522,1,v35_aspect1p5,351,11.7,1,0,,0,,,,
hakonasi_20260825_131458_522,1,v35_aspect1p5,352,11.733333333333333,1,0,,0,,,,
hakonasi_20260825_131458_522,1,v35_aspect1p5,353,11.766666666666667,1,0,,0,,,,
hakonasi_20260825_131458_522,1,v35_aspect1p5,354,11.8,1,0,,0,,,,
hakonasi_20260825_131458_522,1,v35_aspect1p5,355,11.833333333333334,1,0,,0,,,,
hakonasi_20260825_131458_522,1,v35_aspect1p5,356,11.866666666666667,1,0,,0,,,,
hakonasi_20260825_131458_522,1,v35_aspect1p5,357,11.9,1,0,,0,,,,
hakonasi_20260825_131458_522,1,v35_aspect1p5,358,11.933333333333334,1,0,,0,,,,
hakonasi_20260825_131458_522,1,v35_aspect1p5,359,11.966666666666667,1,0,,0,,,,
hakonasi_20260825_131458_522,1,v35_aspect1p5,360,12.0,1,0,,0,,,,
hakonasi_20260825_131458_522,1,v35_aspect1p5,361,12.033333333333333,1,0,,0,,,,
hakonasi_20260825_131458_522,1,v35_aspect1p5,362,12.066666666666666,1,0,,0,,,,
hakonasi_20260825_131458_522,1,v35_aspect1p5,363,12.1,1,0,,0,,,,
hakonasi_20260825_131458_522,1,v35_aspect1p5,364,12.133333333333333,1,0,,0,,,,
hakonasi_20260825_131458_522,1,v35_aspect1p5,365,12.166666666666666,1,0,,0,,,,
hakonasi_20260825_131458_522,1,v35_aspect1p5,366,12.2,1,0,,0,,,,
hakonasi_20260825_131458_522,1,v35_aspect1p5,367,12.233333333333333,1,0,,0,,,,
hakonasi_20260825_131458_522,1,v35_aspect1p5,368,12.266666666666667,1,0,,0,,,,
hakonasi_20260825_131458_522,1,v35_aspect1p5,369,12.3,1,0,,0,,,,
hakonasi_20260825_131458_522,1,v35_aspect1p5,370,12.333333333333334,1,0,,0,,,,
hakonasi_20260825_131458_522,1,v35_aspect1p5,371,12.366666666666667,1,0,,0,,,,
hakonasi_20260825_131458_522,1,v35_aspect1p5,372,12.4,1,0,,0,,,,
hakonasi_20260825_131458_522,1,v35_aspect1p5,373,12.433333333333334,1,0,,0,,,,
hakonasi_20260825_131458_522,1,v35_aspect1p5,374,12.466666666666667,1,0,,0,,,,
hakonasi_20260825_131458_522,1,v35_aspect1p5,375,12.5,1,0,,0,,,,
hakonasi_20260825_131458_522,1,v35_aspect1p5,376,12.533333333333333,1,1,0.3919182802933086,0,495.0,996.0,1.5,0.5123456790123457
hakonasi_20260825_131458_522,1,v35_aspect1p5,377,12.566666666666666,1,0,,0,,,,
hakonasi_20260825_131458_522,1,v35_aspect1p5,378,12.6,1,0,,0,,,,
hakonasi_20260825_131458_522,1,v35_aspect1p5,379,12.633333333333333,1,0,,0,,,,
hakonasi_20260825_131458_522,1,v35_aspect1p5,380,12.666666666666666,1,0,,0,,,,
hakonasi_20260825_131458_522,1,v35_aspect1p5,381,12.7,1,0,,0,,,,
hakonasi_20260825_131458_522,1,v35_aspect1p5,382,12.733333333333333,1,0,,0,,,,
hakonasi_20260825_131458_522,1,v35_aspect1p5,383,12.766666666666667,1,0,,0,,,,
hakonasi_20260825_131458_522,1,v35_aspect1p5,384,12.8,1,0,,0,,,,
hakonasi_20260825_131458_522,1,v35_aspect1p5,385,12.833333333333334,1,0,,0,,,,
hakonasi_20260825_131458_522,1,v35_aspect1p5,386,12.866666666666667,1,0,,0,,,,
hakonasi_20260825_131458_522,1,v35_aspect1p5,387,12.9,1,0,,0,,,,
hakonasi_20260825_131458_522,1,v35_aspect1p5,388,12.933333333333334,1,1,0.38832376761167864,0,495.0,1055.5,1.5,0.5429526748971193
hakonasi_20260825_131458_522,1,v35_aspect1p5,389,12.966666666666667,1,0,,0,,,,
hakonasi_20260825_131458_522,1,v35_aspect1p5,390,13.0,1,0,,0,,,,
hakonasi_20260825_131458_522,1,v35_aspect1p5,391,13.033333333333333,1,0,,0,,,,
hakonasi_20260825_131458_522,1,v35_aspect1p5,392,13.066666666666666,1,0,,0,,,,
hakonasi_20260825_131458_522,1,v35_aspect1p5,393,13.1,1,0,,0,,,,
hakonasi_20260825_131458_522,1,v35_aspect1p5,394,13.133333333333333,1,0,,0,,,,
hakonasi_20260825_131458_522,1,v35_aspect1p5,395,13.166666666666666,1,0,,0,,,,
hakonasi_20260825_131458_522,1,v35_aspect1p5,396,13.2,1,0,,0,,,,
hakonasi_20260825_131458_522,1,v35_aspect1p5,397,13.233333333333333,1,0,,0,,,,
hakonasi_20260825_131458_522,1,v35_aspect1p5,398,13.266666666666667,1,0,,0,,,,
hakonasi_20260825_131458_522,1,v35_aspect1p5,399,13.3,1,0,,0,,,,
hakonasi_20260825_131458_522,1,v35_aspect1p5,400,13.333333333333334,1,0,,0,,,,
hakonasi_20260825_131458_522,1,v35_aspect1p5,401,13.366666666666667,1,0,,0,,,,
hakonasi_20260825_131458_522,1,v35_aspect1p5,402,13.4,1,0,,0,,,,
hakonasi_20260825_131458_522,1,v35_aspect1p5,403,13.433333333333334,1,1,0.38650012499266,0,495.0,993.5,1.3333333333333333,0.5749421296296297
hakonasi_20260825_131458_522,1,v35_aspect1p5,404,13.466666666666667,1,0,,0,,,,
hakonasi_20260825_131458_522,1,v35_aspect1p5,405,13.5,1,0,,0,,,,
hakonasi_20260825_131458_522,1,v35_aspect1p5,406,13.533333333333333,1,0,,0,,,,
hakonasi_20260825_131458_522,1,v35_aspect1p5,407,13.566666666666666,1,0,,0,,,,
hakonasi_20260825_131458_522,1,v35_aspect1p5,408,13.6,1,0,,0,,,,
hakonasi_20260825_131458_522,1,v35_aspect1p5,409,13.633333333333333,1,0,,0,,,,
hakonasi_20260825_131458_522,1,v35_aspect1p5,410,13.666666666666666,1,0,,0,,,,
hakonasi_20260825_131458_522,1,v35_aspect1p5,411,13.7,1,0,,0,,,,
hakonasi_20260825_131458_522,1,v35_aspect1p5,412,13.733333333333333,1,0,,0,,,,
hakonasi_20260825_131458_522,1,v35_aspect1p5,413,13.766666666666667,1,0,,0,,,,
hakonasi_20260825_131458_522,1,v35_aspect1p5,414,13.8,1,0,,0,,,,
hakonasi_20260825_131458_522,1,v35_aspect1p5,415,13.833333333333334,1,0,,0,,,,
hakonasi_20260825_131458_522,1,v35_aspect1p5,416,13.866666666666667,1,0,,0,,,,
hakonasi_20260825_131458_522,1,v35_aspect1p5,417,13.9,1,0,,0,,,,
hakonasi_20260825_131458_522,1,v35_aspect1p5,418,13.933333333333334,1,0,,0,,,,
hakonasi_20260825_131458_522,1,v35_aspect1p5,419,13.966666666666667,1,0,,0,,,,
hakonasi_20260825_131458_522,1,v35_aspect1p5,420,14.0,1,1,0.38923118272199286,0,495.0,992.0,1.5,0.5102880658436214
hakonasi_20260825_131458_522,1,v35_aspect1p5,421,14.033333333333333,1,0,,0,,,,
hakonasi_20260825_131458_522,1,v35_aspect1p5,422,14.066666666666666,1,0,,0,,,,
hakonasi_20260825_131458_522,1,v35_aspect1p5,423,14.1,1,0,,0,,,,
hakonasi_20260825_131458_522,1,v35_aspect1p5,424,14.133333333333333,1,0,,0,,,,
hakonasi_20260825_131458_522,1,v35_aspect1p5,425,14.166666666666666,1,0,,0,,,,
hakonasi_20260825_131458_522,1,v35_aspect1p5,426,14.2,1,0,,0,,,,
hakonasi_20260825_131458_522,1,v35_aspect1p5,427,14.233333333333333,1,0,,0,,,,
hakonasi_20260825_131458_522,1,v35_aspect1p5,428,14.266666666666667,1,0,,0,,,,
hakonasi_20260825_131458_522,1,v35_aspect1p5,429,14.3,1,0,,0,,,,
hakonasi_20260825_131458_522,1,v35_aspect1p5,430,14.333333333333334,1,0,,0,,,,
hakonasi_20260825_131458_522,1,v35_aspect1p5,431,14.366666666666667,1,0,,0,,,,
hakonasi_20260825_131458_522,1,v35_aspect1p5,432,14.4,1,0,,0,,,,
hakonasi_20260825_131458_522,1,v35_aspect1p5,433,14.433333333333334,1,0,,0,,,,
hakonasi_20260825_131458_522,1,v35_aspect1p5,434,14.466666666666667,1,0,,0,,,,
hakonasi_20260825_131458_522,1,v35_aspect1p5,435,14.5,1,0,,0,,,,
hakonasi_20260825_131458_522,1,v35_aspect1p5,436,14.533333333333333,1,0,,0,,,,
hakonasi_20260825_131458_522,1,v35_aspect1p5,437,14.566666666666666,1,0,,0,,,,
hakonasi_20260825_131458_522,1,v35_aspect1p5,438,14.6,1,1,0.38923118272199286,0,495.0,978.5,1.5,0.503343621399177
hakonasi_20260825_131458_522,1,v35_aspect1p5,439,14.633333333333333,1,0,,0,,,,
hakonasi_20260825_131458_522,1,v35_aspect1p5,440,14.666666666666666,1,0,,0,,,,
hakonasi_20260825_131458_522,1,v35_aspect1p5,441,14.7,1,0,,0,,,,
hakonasi_20260825_131458_522,1,v35_aspect1p5,442,14.733333333333333,1,0,,0,,,,
hakonasi_20260825_131458_522,1,v35_aspect1p5,443,14.766666666666667,1,0,,0,,,,
hakonasi_20260825_131458_522,1,v35_aspect1p5,444,14.8,1,0,,0,,,,
hakonasi_20260825_131458_522,1,v35_aspect1p5,445,14.833333333333334,1,0,,0,,,,
hakonasi_20260825_131458_522,1,v35_aspect1p5,446,14.866666666666667,1,1,0.42722247497842464,0,491.0,824.0,1.3529411764705883,0.5268542199488491
hakonasi_20260825_131458_522,1,v35_aspect1p5,447,14.9,1,0,,0,,,,
hakonasi_20260825_131458_522,1,v35_aspect1p5,448,14.933333333333334,1,0,,0,,,,
hakonasi_20260825_131458_522,1,v35_aspect1p5,449,14.966666666666667,1,0,,0,,,,
hakonasi_20260825_131458_522,1,v35_aspect1p5,450,15.0,1,0,,0,,,,
hakonasi_20260825_131458_522,1,v35_aspect1p5,451,15.033333333333333,1,0,,0,,,,
hakonasi_20260825_131458_522,1,v35_aspect1p5,452,15.066666666666666,1,0,,0,,,,
hakonasi_20260825_131458_522,1,v35_aspect1p5,453,15.1,1,0,,0,,,,
hakonasi_20260825_131458_522,1,v35_aspect1p5,454,15.133333333333333,1,1,0.38923118272199286,0,495.0,1055.5,1.5,0.5429526748971193
hakonasi_20260825_131458_522,1,v35_aspect1p5,455,15.166666666666666,1,0,,0,,,,
hakonasi_20260825_131458_522,1,v35_aspect1p5,456,15.2,1,0,,0,,,,
hakonasi_20260825_131458_522,1,v35_aspect1p5,457,15.233333333333333,1,1,0.3919182802933086,0,495.0,953.5,1.5,0.4904835390946502
hakonasi_20260825_131458_522,1,v35_aspect1p5,458,15.266666666666667,1,1,0.39786104515333554,0,494.0,994.5,1.5,0.5115740740740741
hakonasi_20260825_131458_522,1,v35_aspect1p5,459,15.3,1,0,,0,,,,
hakonasi_20260825_131458_522,1,v35_aspect1p5,460,15.333333333333334,1,0,,0,,,,
hakonasi_20260825_131458_522,1,v35_aspect1p5,461,15.366666666666667,1,0,,0,,,,
hakonasi_20260825_131458_522,1,v35_aspect1p5,462,15.4,1,0,,0,,,,
hakonasi_20260825_131458_522,1,v35_aspect1p5,463,15.433333333333334,1,0,,0,,,,
hakonasi_20260825_131458_522,1,v35_aspect1p5,464,15.466666666666667,1,0,,0,,,,
hakonasi_20260825_131458_522,1,v35_aspect1p5,465,15.5,1,0,,0,,,,
hakonasi_20260825_131458_522,1,v35_aspect1p5,466,15.533333333333333,1,0,,0,,,,
hakonasi_20260825_131458_522,1,v35_aspect1p5,467,15.566666666666666,1,0,,0,,,,
hakonasi_20260825_131458_522,1,v35_aspect1p5,468,15.6,1,0,,0,,,,
hakonasi_20260825_131458_522,1,v35_aspect1p5,469,15.633333333333333,1,0,,0,,,,
hakonasi_20260825_131458_522,1,v35_aspect1p5,470,15.666666666666666,1,0,,0,,,,
hakonasi_20260825_131458_522,1,v35_aspect1p5,471,15.7,1,0,,0,,,,
hakonasi_20260825_131458_522,1,v35_aspect1p5,472,15.733333333333333,1,0,,0,,,,
hakonasi_20260825_131458_522,1,v35_aspect1p5,473,15.766666666666667,1,0,,0,,,,
hakonasi_20260825_131458_522,1,v35_aspect1p5,474,15.8,1,0,,0,,,,
hakonasi_20260825_131458_522,1,v35_aspect1p5,475,15.833333333333334,1,0,,0,,,,
hakonasi_20260825_131458_522,1,v35_aspect1p5,476,15.866666666666667,1,0,,0,,,,
hakonasi_20260825_131458_522,1,v35_aspect1p5,477,15.9,1,0,,0,,,,
hakonasi_20260825_131458_522,1,v35_aspect1p5,478,15.933333333333334,1,0,,0,,,,
hakonasi_20260825_131458_522,1,v35_aspect1p5,479,15.966666666666667,1,0,,0,,,,
hakonasi_20260825_131458_522,1,v35_aspect1p5,480,16.0,1,0,,0,,,,
hakonasi_20260825_131458_522,1,v35_aspect1p5,481,16.033333333333335,1,0,,0,,,,
hakonasi_20260825_131458_522,1,v35_aspect1p5,482,16.066666666666666,1,1,0.38832376761167864,0,495.0,924.5,1.4166666666666667,0.5035403050108932
hakonasi_20260825_131458_522,1,v35_aspect1p5,483,16.1,1,0,,0,,,,
hakonasi_20260825_131458_522,1,v35_aspect1p5,484,16.133333333333333,1,0,,0,,,,
hakonasi_20260825_131458_522,1,v35_aspect1p5,485,16.166666666666668,1,0,,0,,,,
hakonasi_20260825_131458_522,1,v35_aspect1p5,486,16.2,1,0,,0,,,,
hakonasi_20260825_131458_522,1,v35_aspect1p5,487,16.233333333333334,1,0,,0,,,,
hakonasi_20260825_131458_522,1,v35_aspect1p5,488,16.266666666666666,1,0,,0,,,,
hakonasi_20260825_131458_522,1,v35_aspect1p5,489,16.3,1,0,,0,,,,
hakonasi_20260825_131458_522,1,v35_aspect1p5,490,16.333333333333332,1,1,0.3919182802933086,0,495.0,1026.0,1.5,0.5277777777777778
hakonasi_20260825_131458_522,1,v35_aspect1p5,491,16.366666666666667,1,0,,0,,,,
hakonasi_20260825_131458_522,1,v35_aspect1p5,492,16.4,1,0,,0,,,,
hakonasi_20260825_131458_522,1,v35_aspect1p5,493,16.433333333333334,1,1,0.38558389748395566,0,495.0,970.0,1.1944444444444444,0.6266149870801033
hakonasi_20260825_131458_522,1,v35_aspect1p5,494,16.466666666666665,1,1,0.39457032997343694,0,495.0,970.0,1.2,0.6598639455782312
hakonasi_20260825_131458_522,1,v35_aspect1p5,495,16.5,1,0,,0,,,,
hakonasi_20260825_131458_522,1,v35_aspect1p5,496,16.533333333333335,1,0,,0,,,,
hakonasi_20260825_131458_522,1,v35_aspect1p5,497,16.566666666666666,1,0,,0,,,,
hakonasi_20260825_131458_522,1,v35_aspect1p5,498,16.6,1,0,,0,,,,
hakonasi_20260825_131458_522,1,v35_aspect1p5,499,16.633333333333333,1,0,,0,,,,
hakonasi_20260825_131458_522,1,v35_aspect1p5,500,16.666666666666668,1,0,,0,,,,
hakonasi_20260825_131458_522,1,v35_aspect1p5,501,16.7,1,0,,0,,,,
hakonasi_20260825_131458_522,1,v35_aspect1p5,502,16.733333333333334,1,0,,0,,,,
hakonasi_20260825_131458_522,1,v35_aspect1p5,503,16.766666666666666,1,0,,0,,,,
hakonasi_20260825_131458_522,1,v35_aspect1p5,504,16.8,1,0,,0,,,,
hakonasi_20260825_131458_522,1,v35_aspect1p5,505,16.833333333333332,1,1,0.39457032997343694,0,495.0,973.5,1.1944444444444444,0.6288759689922481
hakonasi_20260825_131458_522,1,v35_aspect1p5,506,16.866666666666667,1,0,,0,,,,
hakonasi_20260825_131458_522,1,v35_aspect1p5,507,16.9,1,0,,0,,,,
hakonasi_20260825_131458_522,1,v35_aspect1p5,508,16.933333333333334,1,0,,0,,,,
hakonasi_20260825_131458_522,1,v35_aspect1p5,509,16.966666666666665,1,0,,0,,,,
hakonasi_20260825_131458_522,1,v35_aspect1p5,510,17.0,1,0,,0,,,,
hakonasi_20260825_131458_522,1,v35_aspect1p5,511,17.033333333333335,1,1,0.38923118272199286,0,495.0,892.0,1.1944444444444444,0.5762273901808785
hakonasi_20260825_131458_522,1,v35_aspect1p5,512,17.066666666666666,1,1,0.39102842901080215,0,495.0,954.5,1.1944444444444444,0.6166020671834626
hakonasi_20260825_131458_522,1,v35_aspect1p5,513,17.1,1,0,,0,,,,
hakonasi_20260825_131458_522,1,v35_aspect1p5,514,17.133333333333333,1,1,0.3901298058663975,0,495.0,980.0,1.25,0.6049382716049383
hakonasi_20260825_131458_522,1,v35_aspect1p5,515,17.166666666666668,1,0,,0,,,,
hakonasi_20260825_131458_522,1,v35_aspect1p5,516,17.2,1,1,0.38650012499266,0,495.0,1047.5,1.3055555555555556,0.6190898345153665
hakonasi_20260825_131458_522,1,v35_aspect1p5,517,17.233333333333334,1,0,,0,,,,
hakonasi_20260825_131458_522,1,v35_aspect1p5,518,17.266666666666666,1,0,,0,,,,
hakonasi_20260825_131458_522,1,v35_aspect1p5,519,17.3,1,1,0.3846588368132051,0,495.0,1026.0,1.2777777777777777,0.6195652173913043
hakonasi_20260825_131458_522,1,v35_aspect1p5,520,17.333333333333332,1,1,0.39457032997343694,0,495.0,991.0,1.1944444444444444,0.6401808785529716
hakonasi_20260825_131458_522,1,v35_aspect1p5,521,17.366666666666667,1,1,0.38650012499266,0,495.0,930.5,1.1944444444444444,0.6010981912144703
hakonasi_20260825_131458_522,1,v35_aspect1p5,522,17.4,1,1,0.3919182802933086,0,495.0,1000.0,1.2777777777777777,0.6038647342995169
hakonasi_20260825_131458_522,1,v35_aspect1p5,523,17.433333333333334,1,1,0.3901298058663975,0,495.0,980.0,1.1666666666666667,0.6481481481481481
hakonasi_20260825_131458_522,1,v35_aspect1p5,524,17.466666666666665,1,1,0.38741635250136436,0,495.0,1181.0,1.3611111111111112,0.6695011337868481
hakonasi_20260825_131458_522,1,v35_aspect1p5,525,17.5,1,1,0.38832376761167864,0,495.0,1233.0,1.3333333333333333,0.7135416666666666
hakonasi_20260825_131458_522,1,v35_aspect1p5,526,17.533333333333335,1,1,0.3846588368132051,0,495.0,954.5,1.1666666666666667,0.6312830687830688
hakonasi_20260825_131458_522,1,v35_aspect1p5,527,17.566666666666666,1,0,,0,,,,
hakonasi_20260825_131458_522,1,v35_aspect1p5,528,17.6,1,0,,0,,,,
hakonasi_20260825_131458_522,1,v35_aspect1p5,529,17.633333333333333,1,1,0.3901298058663975,0,495.0,1168.5,1.3055555555555556,0.6906028368794326
hakonasi_20260825_131458_522,1,v35_aspect1p5,530,17.666666666666668,1,1,0.3901298058663975,0,495.0,1151.5,1.3888888888888888,0.6397222222222222
hakonasi_20260825_131458_522,1,v35_aspect1p5,531,17.7,1,1,0.38741635250136436,0,495.0,1176.5,1.3888888888888888,0.6536111111111111
hakonasi_20260825_131458_522,1,v35_aspect1p5,532,17.733333333333334,1,0,,0,,,,
hakonasi_20260825_131458_522,1,v35_aspect1p5,533,17.766666666666666,1,1,0.3846588368132051,0,495.0,1188.0,1.3888888888888888,0.66
hakonasi_20260825_131458_522,1,v35_aspect1p5,534,17.8,1,0,,0,,,,
hakonasi_20260825_131458_522,1,v35_aspect1p5,535,17.833333333333332,1,1,0.39102842901080215,0,495.0,1264.0,1.4166666666666667,0.6884531590413944
hakonasi_20260825_131458_522,1,v35_aspect1p5,536,17.866666666666667,1,1,0.38923118272199286,0,495.0,1227.0,1.4444444444444444,0.655448717948718
hakonasi_20260825_131458_522,1,v35_aspect1p5,537,17.9,1,0,,0,,,,
hakonasi_20260825_131458_522,1,v35_aspect1p5,538,17.933333333333334,1,0,,0,,,,
hakonasi_20260825_131458_522,1,v35_aspect1p5,539,17.966666666666665,1,0,,0,,,,
hakonasi_20260825_131458_522,1,v35_aspect1p5,540,18.0,1,0,,0,,,,
hakonasi_20260825_131458_522,1,v35_aspect1p5,541,18.033333333333335,1,0,,0,,,,
hakonasi_20260825_131458_522,1,v35_aspect1p5,542,18.066666666666666,1,0,,0,,,,
hakonasi_20260825_131458_522,1,v35_aspect1p5,543,18.1,1,0,,0,,,,
hakonasi_20260825_131458_522,1,v35_aspect1p5,544,18.133333333333333,1,0,,0,,,,
hakonasi_20260825_131458_522,1,v35_aspect1p5,545,18.166666666666668,1,0,,0,,,,
hakonasi_20260825_131458_522,1,v35_aspect1p5,546,18.2,1,0,,0,,,,
hakonasi_20260825_131458_522,1,v35_aspect1p5,547,18.233333333333334,1,0,,0,,,,
hakonasi_20260825_131458_522,1,v35_aspect1p5,548,18.266666666666666,1,0,,0,,,,
hakonasi_20260825_131458_522,1,v35_aspect1p5,549,18.3,1,0,,0,,,,
hakonasi_20260825_131458_522,1,v35_aspect1p5,550,18.333333333333332,1,0,,0,,,,
hakonasi_20260825_131458_522,1,v35_aspect1p5,551,18.366666666666667,1,0,,0,,,,
hakonasi_20260825_131458_522,1,v35_aspect1p5,552,18.4,1,0,,0,,,,
hakonasi_20260825_131458_522,1,v35_aspect1p5,553,18.433333333333334,1,0,,0,,,,
hakonasi_20260825_131458_522,1,v35_aspect1p5,554,18.466666666666665,1,0,,0,,,,
hakonasi_20260825_131458_522,1,v35_aspect1p5,555,18.5,1,0,,0,,,,
hakonasi_20260825_131458_522,1,v35_aspect1p5,556,18.533333333333335,1,0,,0,,,,
hakonasi_20260825_131458_522,1,v35_aspect1p5,557,18.566666666666666,1,0,,0,,,,
hakonasi_20260825_131458_522,1,v35_aspect1p5,558,18.6,1,0,,0,,,,
hakonasi_20260825_131458_522,1,v35_aspect1p5,559,18.633333333333333,1,0,,0,,,,
hakonasi_20260825_131458_522,1,v35_aspect1p5,560,18.666666666666668,1,0,,0,,,,
hakonasi_20260825_131458_522,1,v35_aspect1p5,561,18.7,1,0,,0,,,,
hakonasi_20260825_131458_522,1,v35_aspect1p5,562,18.733333333333334,1,0,,0,,,,
hakonasi_20260825_131458_522,1,v35_aspect1p5,563,18.766666666666666,1,0,,0,,,,
hakonasi_20260825_131458_522,1,v35_aspect1p5,564,18.8,1,0,,0,,,,
hakonasi_20260825_131458_522,1,v35_aspect1p5,565,18.833333333333332,1,0,,0,,,,
hakonasi_20260825_131458_522,1,v35_aspect1p5,566,18.866666666666667,1,0,,0,,,,
hakonasi_20260825_131458_522,1,v35_aspect1p5,567,18.9,1,0,,0,,,,
hakonasi_20260825_131458_522,1,v35_aspect1p5,568,18.933333333333334,1,0,,0,,,,
hakonasi_20260825_131458_522,1,v35_aspect1p5,569,18.966666666666665,1,0,,0,,,,
hakonasi_20260825_131458_522,1,v35_aspect1p5,570,19.0,1,0,,0,,,,
hakonasi_20260825_131458_522,1,v35_aspect1p5,571,19.033333333333335,1,0,,0,,,,
hakonasi_20260825_131458_522,1,v35_aspect1p5,572,19.066666666666666,1,0,,0,,,,
hakonasi_20260825_131458_522,1,v35_aspect1p5,573,19.1,1,0,,0,,,,
hakonasi_20260825_131458_522,1,v35_aspect1p5,574,19.133333333333333,1,0,,0,,,,
hakonasi_20260825_131458_522,1,v35_aspect1p5,575,19.166666666666668,1,0,,0,,,,
hakonasi_20260825_131458_522,1,v35_aspect1p5,576,19.2,1,0,,0,,,,
hakonasi_20260825_131458_522,1,v35_aspect1p5,577,19.233333333333334,1,0,,0,,,,
hakonasi_20260825_131458_522,1,v35_aspect1p5,578,19.266666666666666,1,0,,0,,,,
hakonasi_20260825_131458_522,1,v35_aspect1p5,579,19.3,1,0,,0,,,,
hakonasi_20260825_131458_522,1,v35_aspect1p5,580,19.333333333333332,1,0,,0,,,,
hakonasi_20260825_131458_522,1,v35_aspect1p5,581,19.366666666666667,1,0,,0,,,,
hakonasi_20260825_131458_522,1,v35_aspect1p5,582,19.4,1,0,,0,,,,
hakonasi_20260825_131458_522,1,v35_aspect1p5,583,19.433333333333334,1,0,,0,,,,
hakonasi_20260825_131458_522,1,v35_aspect1p5,584,19.466666666666665,1,0,,0,,,,
hakonasi_20260825_131458_522,1,v35_aspect1p5,585,19.5,1,0,,0,,,,
hakonasi_20260825_131458_522,1,v35_aspect1p5,586,19.533333333333335,1,0,,0,,,,
hakonasi_20260825_131458_522,1,v35_aspect1p5,587,19.566666666666666,1,0,,0,,,,
hakonasi_20260825_131458_522,1,v35_aspect1p5,588,19.6,1,0,,0,,,,
hakonasi_20260825_131458_522,1,v35_aspect1p5,589,19.633333333333333,1,0,,0,,,,
hakonasi_20260825_131458_522,1,v35_aspect1p5,590,19.666666666666668,1,0,,0,,,,
hakonasi_20260825_131458_522,1,v35_aspect1p5,591,19.7,1,0,,0,,,,
hakonasi_20260825_131458_522,1,v35_aspect1p5,592,19.733333333333334,1,0,,0,,,,
hakonasi_20260825_131458_522,1,v35_aspect1p5,593,19.766666666666666,1,0,,0,,,,
hakonasi_20260825_131458_522,1,v35_aspect1p5,594,19.8,1,0,,0,,,,
hakonasi_20260825_131458_522,1,v35_aspect1p5,595,19.833333333333332,1,0,,0,,,,
hakonasi_20260825_131458_522,1,v35_aspect1p5,596,19.866666666666667,1,0,,0,,,,
hakonasi_20260825_131458_522,1,v35_aspect1p5,597,19.9,1,0,,0,,,,
hakonasi_20260825_131458_522,1,v35_aspect1p5,598,19.933333333333334,1,0,,0,,,,
hakonasi_20260825_131458_522,1,v35_aspect1p5,599,19.966666666666665,1,0,,0,,,,
hakonasi_20260825_131458_522,1,v35_aspect1p5,600,20.0,1,0,,0,,,,
hakonasi_20260825_131458_522,1,v35_aspect1p5,601,20.033333333333335,1,0,,0,,,,
hakonasi_20260825_131458_522,1,v35_aspect1p5,602,20.066666666666666,1,0,,0,,,,
hakonasi_20260825_131458_522,1,v35_aspect1p5,603,20.1,1,0,,0,,,,
hakonasi_20260825_131458_522,1,v35_aspect1p5,604,20.133333333333333,1,0,,0,,,,
hakonasi_20260825_131458_522,1,v35_aspect1p5,605,20.166666666666668,1,0,,0,,,,
hakonasi_20260825_131458_522,1,v35_aspect1p5,606,20.2,1,0,,0,,,,
hakonasi_20260825_131458_522,1,v35_aspect1p5,607,20.233333333333334,1,0,,0,,,,
hakonasi_20260825_131458_522,1,v35_aspect1p5,608,20.266666666666666,1,0,,0,,,,
hakonasi_20260825_131458_522,1,v35_aspect1p5,609,20.3,1,0,,0,,,,
hakonasi_20260825_131458_522,1,v35_aspect1p5,610,20.333333333333332,1,0,,0,,,,
hakonasi_20260825_131458_522,1,v35_aspect1p5,611,20.366666666666667,1,0,,0,,,,
hakonasi_20260825_131458_522,1,v35_aspect1p5,612,20.4,1,0,,0,,,,
hakonasi_20260825_131458_522,1,v35_aspect1p5,613,20.433333333333334,1,0,,0,,,,
hakonasi_20260825_131458_522,1,v35_aspect1p5,614,20.466666666666665,1,0,,0,,,,
hakonasi_20260825_131458_522,1,v35_aspect1p5,615,20.5,1,0,,0,,,,
hakonasi_20260825_131458_522,1,v35_aspect1p5,616,20.533333333333335,1,0,,0,,,,
hakonasi_20260825_131458_522,1,v35_aspect1p5,617,20.566666666666666,1,0,,0,,,,
hakonasi_20260825_131458_522,1,v35_aspect1p5,618,20.6,1,0,,0,,,,
hakonasi_20260825_131458_522,1,v35_aspect1p5,619,20.633333333333333,1,0,,0,,,,
hakonasi_20260825_131458_522,1,v35_aspect1p5,620,20.666666666666668,1,0,,0,,,,
hakonasi_20260825_131458_522,1,v35_aspect1p5,621,20.7,1,0,,0,,,,
hakonasi_20260825_131458_522,1,v35_aspect1p5,622,20.733333333333334,1,0,,0,,,,
hakonasi_20260825_131458_522,1,v35_aspect1p5,623,20.766666666666666,1,0,,0,,,,
hakonasi_20260825_131458_522,1,v35_aspect1p5,624,20.8,1,0,,0,,,,
hakonasi_20260825_131458_522,1,v35_aspect1p5,625,20.833333333333332,1,0,,0,,,,
hakonasi_20260825_131458_522,1,v35_aspect1p5,626,20.866666666666667,1,0,,0,,,,
hakonasi_20260825_131458_522,1,v35_aspect1p5,627,20.9,1,0,,0,,,,
hakonasi_20260825_131458_522,1,v35_aspect1p5,628,20.933333333333334,1,0,,0,,,,
hakonasi_20260825_131458_522,1,v35_aspect1p5,629,20.966666666666665,1,0,,0,,,,
hakonasi_20260825_131458_522,1,v35_aspect1p5,630,21.0,1,0,,0,,,,
hakonasi_20260825_131458_522,1,v35_aspect1p5,631,21.033333333333335,1,0,,0,,,,
hakonasi_20260825_131458_522,1,v35_aspect1p5,632,21.066666666666666,1,0,,0,,,,
hakonasi_20260825_131458_522,1,v35_aspect1p5,633,21.1,1,0,,0,,,,
hakonasi_20260825_131458_522,1,v35_aspect1p5,634,21.133333333333333,1,0,,0,,,,
hakonasi_20260825_131458_522,1,v35_aspect1p5,635,21.166666666666668,1,0,,0,,,,
hakonasi_20260825_131458_522,1,v35_aspect1p5,636,21.2,1,0,,0,,,,
hakonasi_20260825_131458_522,1,v35_aspect1p5,637,21.233333333333334,1,0,,0,,,,
hakonasi_20260825_131458_522,1,v35_aspect1p5,638,21.266666666666666,1,0,,0,,,,
hakonasi_20260825_131458_522,1,v35_aspect1p5,639,21.3,1,0,,0,,,,
hakonasi_20260825_131458_522,1,v35_aspect1p5,640,21.333333333333332,1,0,,0,,,,
hakonasi_20260825_131458_522,1,v35_aspect1p5,641,21.366666666666667,1,0,,0,,,,
hakonasi_20260825_131458_522,1,v35_aspect1p5,642,21.4,1,0,,0,,,,
hakonasi_20260825_131458_522,1,v35_aspect1p5,643,21.433333333333334,1,0,,0,,,,
hakonasi_20260825_131458_522,1,v35_aspect1p5,644,21.466666666666665,1,0,,0,,,,
hakonasi_20260825_131458_522,1,v35_aspect1p5,645,21.5,1,0,,0,,,,
hakonasi_20260825_131458_522,1,v35_aspect1p5,646,21.533333333333335,1,0,,0,,,,
hakonasi_20260825_131458_522,1,v35_aspect1p5,647,21.566666666666666,1,0,,0,,,,
hakonasi_20260825_131458_522,1,v35_aspect1p5,648,21.6,1,0,,0,,,,
hakonasi_20260825_131458_522,1,v35_aspect1p5,649,21.633333333333333,1,0,,0,,,,
hakonasi_20260825_131458_522,1,v35_aspect1p5,650,21.666666666666668,1,0,,0,,,,
hakonasi_20260825_131458_522,1,v35_aspect1p5,651,21.7,1,0,,0,,,,
hakonasi_20260825_131458_522,1,v35_aspect1p5,652,21.733333333333334,1,0,,0,,,,
hakonasi_20260825_131458_522,1,v35_aspect1p5,653,21.766666666666666,1,0,,0,,,,
hakonasi_20260825_131458_522,1,v35_aspect1p5,654,21.8,1,0,,0,,,,
hakonasi_20260825_131458_522,1,v35_aspect1p5,655,21.833333333333332,1,0,,0,,,,
hakonasi_20260825_131458_522,1,v35_aspect1p5,656,21.866666666666667,1,0,,0,,,,
hakonasi_20260825_131458_522,1,v35_aspect1p5,657,21.9,1,0,,0,,,,
hakonasi_20260825_131458_522,1,v35_aspect1p5,658,21.933333333333334,1,0,,0,,,,
hakonasi_20260825_131458_522,1,v35_aspect1p5,659,21.966666666666665,1,0,,0,,,,
hakonasi_20260825_131458_522,1,v35_aspect1p5,660,22.0,1,0,,0,,,,
hakonasi_20260825_131458_522,1,v35_aspect1p5,661,22.033333333333335,1,0,,0,,,,
hakonasi_20260825_131458_522,1,v35_aspect1p5,662,22.066666666666666,1,0,,0,,,,
hakonasi_20260825_131458_522,1,v35_aspect1p5,663,22.1,1,0,,0,,,,
hakonasi_20260825_131458_522,1,v35_aspect1p5,664,22.133333333333333,1,0,,0,,,,
hakonasi_20260825_131458_522,1,v35_aspect1p5,665,22.166666666666668,1,0,,0,,,,
hakonasi_20260825_131458_522,1,v35_aspect1p5,666,22.2,1,0,,0,,,,
hakonasi_20260825_131458_522,1,v35_aspect1p5,667,22.233333333333334,1,0,,0,,,,
hakonasi_20260825_131458_522,1,v35_aspect1p5,668,22.266666666666666,1,0,,0,,,,
hakonasi_20260825_131458_522,1,v35_aspect1p5,669,22.3,1,0,,0,,,,
hakonasi_20260825_131458_522,1,v35_aspect1p5,670,22.333333333333332,1,0,,0,,,,
hakonasi_20260825_131458_522,1,v35_aspect1p5,671,22.366666666666667,1,0,,0,,,,
hakonasi_20260825_131458_522,1,v35_aspect1p5,672,22.4,1,0,,0,,,,
hakonasi_20260825_131458_522,1,v35_aspect1p5,673,22.433333333333334,1,0,,0,,,,
hakonasi_20260825_131458_522,1,v35_aspect1p5,674,22.466666666666665,1,0,,0,,,,
hakonasi_20260825_131458_522,1,v35_aspect1p5,675,22.5,1,0,,0,,,,
hakonasi_20260825_131458_522,1,v35_aspect1p5,676,22.533333333333335,1,0,,0,,,,
hakonasi_20260825_131458_522,1,v35_aspect1p5,677,22.566666666666666,1,0,,0,,,,
hakonasi_20260825_131458_522,1,v35_aspect1p5,678,22.6,1,0,,0,,,,
hakonasi_20260825_131458_522,1,v35_aspect1p5,679,22.633333333333333,1,0,,0,,,,
hakonasi_20260825_131458_522,1,v35_aspect1p5,680,22.666666666666668,1,0,,0,,,,
hakonasi_20260825_131458_522,1,v35_aspect1p5,681,22.7,1,0,,0,,,,
hakonasi_20260825_131458_522,1,v35_aspect1p5,682,22.733333333333334,1,0,,0,,,,
hakonasi_20260825_131458_522,1,v35_aspect1p5,683,22.766666666666666,1,0,,0,,,,
hakonasi_20260825_131458_522,1,v35_aspect1p5,684,22.8,1,0,,0,,,,
hakonasi_20260825_131458_522,1,v35_aspect1p5,685,22.833333333333332,1,0,,0,,,,
hakonasi_20260825_131458_522,1,v35_aspect1p5,686,22.866666666666667,1,0,,0,,,,
hakonasi_20260825_131458_522,1,v35_aspect1p5,687,22.9,1,0,,0,,,,
hakonasi_20260825_131458_522,1,v35_aspect1p5,688,22.933333333333334,1,0,,0,,,,
hakonasi_20260825_131458_522,1,v35_aspect1p5,689,22.966666666666665,1,0,,0,,,,
hakonasi_20260825_131458_522,1,v35_aspect1p5,690,23.0,1,0,,0,,,,
hakonasi_20260825_131458_522,1,v35_aspect1p5,691,23.033333333333335,1,0,,0,,,,
hakonasi_20260825_131458_522,1,v35_aspect1p5,692,23.066666666666666,1,0,,0,,,,
hakonasi_20260825_131458_522,1,v35_aspect1p5,693,23.1,1,0,,0,,,,
hakonasi_20260825_131458_522,1,v35_aspect1p5,694,23.133333333333333,1,0,,0,,,,
hakonasi_20260825_131458_522,1,v35_aspect1p5,695,23.166666666666668,1,0,,0,,,,
hakonasi_20260825_131458_522,1,v35_aspect1p5,696,23.2,1,0,,0,,,,
hakonasi_20260825_131458_522,1,v35_aspect1p5,697,23.233333333333334,1,0,,0,,,,
hakonasi_20260825_131458_522,1,v35_aspect1p5,698,23.266666666666666,1,0,,0,,,,
hakonasi_20260825_131458_522,1,v35_aspect1p5,699,23.3,1,0,,0,,,,
hakonasi_20260825_131458_522,1,v35_aspect1p5,700,23.333333333333332,1,0,,0,,,,
hakonasi_20260825_131458_522,1,v35_aspect1p5,701,23.366666666666667,1,0,,0,,,,
hakonasi_20260825_131458_522,1,v35_aspect1p5,702,23.4,1,0,,0,,,,
hakonasi_20260825_131458_522,1,v35_aspect1p5,703,23.433333333333334,1,0,,0,,,,
hakonasi_20260825_131458_522,1,v35_aspect1p5,704,23.466666666666665,1,0,,0,,,,
hakonasi_20260825_131458_522,1,v35_aspect1p5,705,23.5,1,0,,0,,,,
hakonasi_20260825_131458_522,1,v35_aspect1p5,706,23.533333333333335,1,0,,0,,,,
hakonasi_20260825_131458_522,1,v35_aspect1p5,707,23.566666666666666,1,0,,0,,,,
hakonasi_20260825_131458_522,1,v35_aspect1p5,708,23.6,1,0,,0,,,,
hakonasi_20260825_131458_522,1,v35_aspect1p5,709,23.633333333333333,1,0,,0,,,,
hakonasi_20260825_131458_522,1,v35_aspect1p5,710,23.666666666666668,1,0,,0,,,,
hakonasi_20260825_131458_522,1,v35_aspect1p5,711,23.7,1,0,,0,,,,
hakonasi_20260825_131458_522,1,v35_aspect1p5,712,23.733333333333334,1,0,,0,,,,
hakonasi_20260825_131458_522,1,v35_aspect1p5,713,23.766666666666666,1,0,,0,,,,
hakonasi_20260825_131458_522,1,v35_aspect1p5,714,23.8,1,0,,0,,,,
hakonasi_20260825_131458_522,1,v35_aspect1p5,715,23.833333333333332,1,0,,0,,,,
hakonasi_20260825_131458_522,1,v35_aspect1p5,716,23.866666666666667,1,0,,0,,,,
hakonasi_20260825_131458_522,1,v35_aspect1p5,717,23.9,1,0,,0,,,,
hakonasi_20260825_131458_522,1,v35_aspect1p5,718,23.933333333333334,1,0,,0,,,,
hakonasi_20260825_131458_522,1,v35_aspect1p5,719,23.966666666666665,1,0,,0,,,,
hakonasi_20260825_131458_522,1,v35_aspect1p5,720,24.0,1,0,,0,,,,
hakonasi_20260825_131458_522,1,v35_aspect1p5,721,24.033333333333335,1,0,,0,,,,
hakonasi_20260825_131458_522,1,v35_aspect1p5,722,24.066666666666666,1,0,,0,,,,
hakonasi_20260825_131458_522,1,v35_aspect1p5,723,24.1,1,0,,0,,,,
hakonasi_20260825_131458_522,1,v35_aspect1p5,724,24.133333333333333,1,0,,0,,,,
hakonasi_20260825_131458_522,1,v35_aspect1p5,725,24.166666666666668,1,0,,0,,,,
hakonasi_20260825_131458_522,1,v35_aspect1p5,726,24.2,1,0,,0,,,,
hakonasi_20260825_131458_522,1,v35_aspect1p5,727,24.233333333333334,1,0,,0,,,,
hakonasi_20260825_131458_522,1,v35_aspect1p5,728,24.266666666666666,1,0,,0,,,,
hakonasi_20260825_131458_522,1,v35_aspect1p5,729,24.3,1,0,,0,,,,
hakonasi_20260825_131458_522,1,v35_aspect1p5,730,24.333333333333332,1,0,,0,,,,
hakonasi_20260825_131458_522,1,v35_aspect1p5,731,24.366666666666667,1,0,,0,,,,
hakonasi_20260825_131458_522,1,v35_aspect1p5,732,24.4,1,0,,0,,,,
hakonasi_20260825_131458_522,1,v35_aspect1p5,733,24.433333333333334,1,0,,0,,,,
hakonasi_20260825_131458_522,1,v35_aspect1p5,734,24.466666666666665,1,0,,0,,,,
hakonasi_20260825_131458_522,1,v35_aspect1p5,735,24.5,1,0,,0,,,,
hakonasi_20260825_131458_522,1,v35_aspect1p5,736,24.533333333333335,1,0,,0,,,,
hakonasi_20260825_131458_522,1,v35_aspect1p5,737,24.566666666666666,1,0,,0,,,,
hakonasi_20260825_131458_522,1,v35_aspect1p5,738,24.6,1,0,,0,,,,
hakonasi_20260825_131458_522,1,v35_aspect1p5,739,24.633333333333333,1,0,,0,,,,
hakonasi_20260825_131458_522,1,v35_aspect1p5,740,24.666666666666668,1,0,,0,,,,
hakonasi_20260825_131458_522,1,v35_aspect1p5,741,24.7,1,0,,0,,,,
hakonasi_20260825_131458_522,1,v35_aspect1p5,742,24.733333333333334,1,0,,0,,,,
hakonasi_20260825_131458_522,1,v35_aspect1p5,743,24.766666666666666,1,0,,0,,,,
hakonasi_20260825_131458_522,1,v35_aspect1p5,744,24.8,1,0,,0,,,,
hakonasi_20260825_131458_522,1,v35_aspect1p5,745,24.833333333333332,1,0,,0,,,,
hakonasi_20260825_131458_522,1,v35_aspect1p5,746,24.866666666666667,1,0,,0,,,,
hakonasi_20260825_131458_522,1,v35_aspect1p5,747,24.9,1,0,,0,,,,
hakonasi_20260825_131458_522,1,v35_aspect1p5,748,24.933333333333334,1,0,,0,,,,
hakonasi_20260825_131458_522,1,v35_aspect1p5,749,24.966666666666665,1,0,,0,,,,
hakonasi_20260825_131458_522,1,v35_aspect1p5,750,25.0,1,0,,0,,,,
hakonasi_20260825_131458_522,1,v35_aspect1p5,751,25.033333333333335,1,0,,0,,,,
hakonasi_20260825_131458_522,1,v35_aspect1p5,752,25.066666666666666,1,0,,0,,,,
hakonasi_20260825_131458_522,1,v35_aspect1p5,753,25.1,1,0,,0,,,,
hakonasi_20260825_131458_522,1,v35_aspect1p5,754,25.133333333333333,1,0,,0,,,,
hakonasi_20260825_131458_522,1,v35_aspect1p5,755,25.166666666666668,1,0,,0,,,,
hakonasi_20260825_131458_522,1,v35_aspect1p5,756,25.2,1,0,,0,,,,
hakonasi_20260825_131458_522,1,v35_aspect1p5,757,25.233333333333334,1,0,,0,,,,
hakonasi_20260825_131458_522,1,v35_aspect1p5,758,25.266666666666666,1,0,,0,,,,
hakonasi_20260825_131458_522,1,v35_aspect1p5,759,25.3,1,0,,0,,,,
hakonasi_20260825_131458_522,1,v35_aspect1p5,760,25.333333333333332,1,0,,0,,,,
hakonasi_20260825_131458_522,1,v35_aspect1p5,761,25.366666666666667,1,0,,0,,,,
hakonasi_20260825_131458_522,1,v35_aspect1p5,762,25.4,1,0,,0,,,,
hakonasi_20260825_131458_522,1,v35_aspect1p5,763,25.433333333333334,1,0,,0,,,,
hakonasi_20260825_131458_522,1,v35_aspect1p5,764,25.466666666666665,1,0,,0,,,,
hakonasi_20260825_131458_522,1,v35_aspect1p5,765,25.5,1,0,,0,,,,
hakonasi_20260825_131458_522,1,v35_aspect1p5,766,25.533333333333335,1,0,,0,,,,
hakonasi_20260825_131458_522,1,v35_aspect1p5,767,25.566666666666666,1,0,,0,,,,
hakonasi_20260825_131458_522,1,v35_aspect1p5,768,25.6,1,0,,0,,,,
hakonasi_20260825_131458_522,1,v35_aspect1p5,769,25.633333333333333,1,0,,0,,,,
hakonasi_20260825_131458_522,1,v35_aspect1p5,770,25.666666666666668,1,0,,0,,,,
hakonasi_20260825_131458_522,1,v35_aspect1p5,771,25.7,1,0,,0,,,,
hakonasi_20260825_131458_522,1,v35_aspect1p5,772,25.733333333333334,1,0,,0,,,,
hakonasi_20260825_131458_522,1,v35_aspect1p5,773,25.766666666666666,1,0,,0,,,,
hakonasi_20260825_131458_522,1,v35_aspect1p5,774,25.8,1,0,,0,,,,
hakonasi_20260825_131458_522,1,v35_aspect1p5,775,25.833333333333332,1,0,,0,,,,
hakonasi_20260825_131458_522,1,v35_aspect1p5,776,25.866666666666667,1,0,,0,,,,
hakonasi_20260825_131458_522,1,v35_aspect1p5,777,25.9,1,0,,0,,,,
hakonasi_20260825_131458_522,1,v35_aspect1p5,778,25.933333333333334,1,0,,0,,,,
hakonasi_20260825_131458_522,1,v35_aspect1p5,779,25.966666666666665,1,0,,0,,,,
hakonasi_20260825_131458_522,1,v35_aspect1p5,780,26.0,1,0,,0,,,,
hakonasi_20260825_131458_522,1,v35_aspect1p5,781,26.033333333333335,1,0,,0,,,,
hakonasi_20260825_131458_522,1,v35_aspect1p5,782,26.066666666666666,1,0,,0,,,,
hakonasi_20260825_131458_522,1,v35_aspect1p5,783,26.1,1,0,,0,,,,
hakonasi_20260825_131458_522,1,v35_aspect1p5,784,26.133333333333333,1,0,,0,,,,
hakonasi_20260825_131458_522,1,v35_aspect1p5,785,26.166666666666668,1,0,,0,,,,
hakonasi_20260825_131458_522,1,v35_aspect1p5,786,26.2,1,0,,0,,,,
hakonasi_20260825_131458_522,1,v35_aspect1p5,787,26.233333333333334,1,0,,0,,,,
hakonasi_20260825_131458_522,1,v35_aspect1p5,788,26.266666666666666,1,0,,0,,,,
hakonasi_20260825_131458_522,1,v35_aspect1p5,789,26.3,1,0,,0,,,,
hakonasi_20260825_131458_522,1,v35_aspect1p5,790,26.333333333333332,1,0,,0,,,,
hakonasi_20260825_131458_522,1,v35_aspect1p5,791,26.366666666666667,1,0,,0,,,,
hakonasi_20260825_131458_522,1,v35_aspect1p5,792,26.4,1,0,,0,,,,
hakonasi_20260825_131458_522,1,v35_aspect1p5,793,26.433333333333334,1,0,,0,,,,
hakonasi_20260825_131458_522,1,v35_aspect1p5,794,26.466666666666665,1,0,,0,,,,
hakonasi_20260825_131458_522,1,v35_aspect1p5,795,26.5,1,0,,0,,,,
hakonasi_20260825_131458_522,1,v35_aspect1p5,796,26.533333333333335,1,0,,0,,,,
hakonasi_20260825_131458_522,1,v35_aspect1p5,797,26.566666666666666,1,0,,0,,,,
hakonasi_20260825_131458_522,1,v35_aspect1p5,798,26.6,1,0,,0,,,,
hakonasi_20260825_131458_522,1,v35_aspect1p5,799,26.633333333333333,1,0,,0,,,,
hakonasi_20260825_131458_522,1,v35_aspect1p5,800,26.666666666666668,1,0,,0,,,,
hakonasi_20260825_131458_522,1,v35_aspect1p5,801,26.7,1,0,,0,,,,
hakonasi_20260825_131458_522,1,v35_aspect1p5,802,26.733333333333334,1,0,,0,,,,
hakonasi_20260825_131458_522,1,v35_aspect1p5,803,26.766666666666666,1,0,,0,,,,
hakonasi_20260825_131458_522,1,v35_aspect1p5,804,26.8,1,0,,0,,,,
hakonasi_20260825_131458_522,1,v35_aspect1p5,805,26.833333333333332,1,0,,0,,,,
hakonasi_20260825_131458_522,1,v35_aspect1p5,806,26.866666666666667,1,0,,0,,,,
hakonasi_20260825_131458_522,1,v35_aspect1p5,807,26.9,1,0,,0,,,,
hakonasi_20260825_131458_522,1,v35_aspect1p5,808,26.933333333333334,1,0,,0,,,,
hakonasi_20260825_131458_522,1,v35_aspect1p5,809,26.966666666666665,1,0,,0,,,,
hakonasi_20260825_131458_522,1,v35_aspect1p5,810,27.0,1,0,,0,,,,
hakonasi_20260825_131458_522,1,v35_aspect1p5,811,27.033333333333335,1,0,,0,,,,
hakonasi_20260825_131458_522,1,v35_aspect1p5,812,27.066666666666666,1,0,,0,,,,
hakonasi_20260825_131458_522,1,v35_aspect1p5,813,27.1,1,0,,0,,,,
hakonasi_20260825_131458_522,1,v35_aspect1p5,814,27.133333333333333,1,0,,0,,,,
hakonasi_20260825_131458_522,1,v35_aspect1p5,815,27.166666666666668,1,0,,0,,,,
hakonasi_20260825_131458_522,1,v35_aspect1p5,816,27.2,1,0,,0,,,,
hakonasi_20260825_131458_522,1,v35_aspect1p5,817,27.233333333333334,1,0,,0,,,,
hakonasi_20260825_131458_522,1,v35_aspect1p5,818,27.266666666666666,1,0,,0,,,,
hakonasi_20260825_131458_522,1,v35_aspect1p5,819,27.3,1,0,,0,,,,
hakonasi_20260825_131458_522,1,v35_aspect1p5,820,27.333333333333332,1,0,,0,,,,
hakonasi_20260825_131458_522,1,v35_aspect1p5,821,27.366666666666667,1,0,,0,,,,
hakonasi_20260825_131458_522,1,v35_aspect1p5,822,27.4,1,0,,0,,,,
hakonasi_20260825_131458_522,1,v35_aspect1p5,823,27.433333333333334,1,0,,0,,,,
hakonasi_20260825_131458_522,1,v35_aspect1p5,824,27.466666666666665,1,0,,0,,,,
hakonasi_20260825_131458_522,1,v35_aspect1p5,825,27.5,1,0,,0,,,,
hakonasi_20260825_131458_522,1,v35_aspect1p5,826,27.533333333333335,1,0,,0,,,,
hakonasi_20260825_131458_522,1,v35_aspect1p5,827,27.566666666666666,1,0,,0,,,,
hakonasi_20260825_131458_522,1,v35_aspect1p5,828,27.6,1,0,,0,,,,
hakonasi_20260825_131458_522,1,v35_aspect1p5,829,27.633333333333333,1,0,,0,,,,
hakonasi_20260825_131458_522,1,v35_aspect1p5,830,27.666666666666668,1,0,,0,,,,
hakonasi_20260825_131458_522,1,v35_aspect1p5,831,27.7,1,0,,0,,,,
hakonasi_20260825_131458_522,1,v35_aspect1p5,832,27.733333333333334,1,0,,0,,,,
hakonasi_20260825_131458_522,1,v35_aspect1p5,833,27.766666666666666,1,0,,0,,,,
hakonasi_20260825_131458_522,1,v35_aspect1p5,834,27.8,1,0,,0,,,,
hakonasi_20260825_131458_522,1,v35_aspect1p5,835,27.833333333333332,1,0,,0,,,,
hakonasi_20260825_131458_522,1,v35_aspect1p5,836,27.866666666666667,1,0,,0,,,,
hakonasi_20260825_131458_522,1,v35_aspect1p5,837,27.9,1,0,,0,,,,
hakonasi_20260825_131458_522,1,v35_aspect1p5,838,27.933333333333334,1,0,,0,,,,
hakonasi_20260825_131458_522,1,v35_aspect1p5,839,27.966666666666665,1,0,,0,,,,
hakonasi_20260825_131458_522,1,v35_aspect1p5,840,28.0,1,0,,0,,,,
hakonasi_20260825_131458_522,1,v35_aspect1p5,841,28.033333333333335,1,0,,0,,,,
hakonasi_20260825_131458_522,1,v35_aspect1p5,842,28.066666666666666,1,0,,0,,,,
hakonasi_20260825_131458_522,1,v35_aspect1p5,843,28.1,1,0,,0,,,,
hakonasi_20260825_131458_522,1,v35_aspect1p5,844,28.133333333333333,1,0,,0,,,,
hakonasi_20260825_131458_522,1,v35_aspect1p5,845,28.166666666666668,1,0,,0,,,,
hakonasi_20260825_131458_522,1,v35_aspect1p5,846,28.2,1,0,,0,,,,
hakonasi_20260825_131458_522,1,v35_aspect1p5,847,28.233333333333334,1,0,,0,,,,
hakonasi_20260825_131458_522,1,v35_aspect1p5,848,28.266666666666666,1,0,,0,,,,
hakonasi_20260825_131458_522,1,v35_aspect1p5,849,28.3,1,0,,0,,,,
hakonasi_20260825_131458_522,1,v35_aspect1p5,850,28.333333333333332,1,0,,0,,,,
hakonasi_20260825_131458_522,1,v35_aspect1p5,851,28.366666666666667,1,0,,0,,,,
hakonasi_20260825_131458_522,1,v35_aspect1p5,852,28.4,1,0,,0,,,,
hakonasi_20260825_131458_522,1,v35_aspect1p5,853,28.433333333333334,1,0,,0,,,,
hakonasi_20260825_131458_522,1,v30_aspect_unrestricted_diagnostic,1,0.03333333333333333,1,1,0.4181757913097761,0,495.0,1356.5,1.7777777777777777,0.5887586805555556
hakonasi_20260825_131458_522,1,v30_aspect_unrestricted_diagnostic,2,0.06666666666666667,1,1,0.4508808901275336,0,489.0,1379.5,2.1333333333333333,0.7184895833333333
hakonasi_20260825_131458_522,1,v30_aspect_unrestricted_diagnostic,3,0.1,1,1,0.4154849165890986,0,495.0,1341.5,2.138888888888889,0.48394660894660896
hakonasi_20260825_131458_522,1,v30_aspect_unrestricted_diagnostic,4,0.13333333333333333,1,1,0.47321821272472986,0,485.0,826.5,2.0,0.6113165680473372
hakonasi_20260825_131458_522,1,v30_aspect_unrestricted_diagnostic,5,0.16666666666666666,1,1,0.40825307708222613,0,493.0,1395.0,2.264705882352941,0.5328495034377387
hakonasi_20260825_131458_522,1,v30_aspect_unrestricted_diagnostic,6,0.2,1,1,0.4937595445838078,0,485.0,1335.0,2.9615384615384617,0.6668331668331668
hakonasi_20260825_131458_522,1,v30_aspect_unrestricted_diagnostic,7,0.23333333333333334,1,1,0.4120238724423812,0,495.0,1332.0,1.8888888888888888,0.5441176470588235
hakonasi_20260825_131458_522,1,v30_aspect_unrestricted_diagnostic,8,0.26666666666666666,1,1,0.48753062265462777,0,485.0,1249.5,2.923076923076923,0.632338056680162
hakonasi_20260825_131458_522,1,v30_aspect_unrestricted_diagnostic,9,0.3,1,1,0.41358741516997266,0,495.0,1438.5,2.111111111111111,0.5257675438596491
hakonasi_20260825_131458_522,1,v30_aspect_unrestricted_diagnostic,10,0.3333333333333333,1,1,0.43926147049160036,0,491.0,962.5,1.96875,0.4774305555555556
hakonasi_20260825_131458_522,1,v30_aspect_unrestricted_diagnostic,11,0.36666666666666664,1,1,0.4831822579723848,0,485.0,1141.5,2.4615384615384617,0.6859975961538461
hakonasi_20260825_131458_522,1,v30_aspect_unrestricted_diagnostic,12,0.4,1,1,0.4154849165890986,0,495.0,1144.0,2.138888888888889,0.4126984126984127
hakonasi_20260825_131458_522,1,v30_aspect_unrestricted_diagnostic,13,0.43333333333333335,1,1,0.4555247918101929,0,485.0,1039.0,2.4615384615384617,0.6243990384615384
hakonasi_20260825_131458_522,1,v30_aspect_unrestricted_diagnostic,14,0.4666666666666667,1,1,0.4950952355372679,0,485.0,1265.5,2.4615384615384617,0.7605168269230769
hakonasi_20260825_131458_522,1,v30_aspect_unrestricted_diagnostic,15,0.5,1,1,0.4508808901275336,0,489.0,844.0,2.0689655172413794,0.4850574712643678
hakonasi_20260825_131458_522,1,v30_aspect_unrestricted_diagnostic,16,0.5333333333333333,1,1,0.46687970855306266,0,489.0,1373.0,2.566666666666667,0.5943722943722943
hakonasi_20260825_131458_522,1,v30_aspect_unrestricted_diagnostic,17,0.5666666666666667,1,1,0.3919182802933086,0,495.0,1165.0,1.8055555555555556,0.49786324786324787
hakonasi_20260825_131458_522,1,v30_aspect_unrestricted_diagnostic,18,0.6,1,1,0.39102842901080215,0,495.0,1412.0,2.0,0.5447530864197531
hakonasi_20260825_131458_522,1,v30_aspect_unrestricted_diagnostic,19,0.6333333333333333,1,1,0.40641879034388245,0,495.0,1504.0,2.0555555555555554,0.5645645645645646
hakonasi_20260825_131458_522,1,v30_aspect_unrestricted_diagnostic,20,0.6666666666666666,1,1,0.3919182802933086,0,495.0,1380.5,2.1944444444444446,0.48540787623066106
hakonasi_20260825_131458_522,1,v30_aspect_unrestricted_diagnostic,21,0.7,1,1,0.4164793731307734,0,493.5,1413.0,2.1666666666666665,0.5032051282051282
hakonasi_20260825_131458_522,1,v30_aspect_unrestricted_diagnostic,22,0.7333333333333333,1,1,0.4453491722828271,0,489.0,1104.0,2.0,0.5390625
hakonasi_20260825_131458_522,1,v30_aspect_unrestricted_diagnostic,23,0.7666666666666667,1,1,0.3919182802933086,0,495.0,1342.5,1.8888888888888888,0.5484068627450981
hakonasi_20260825_131458_522,1,v30_aspect_unrestricted_diagnostic,24,0.8,1,1,0.47161841689003386,0,485.0,955.5,2.5384615384615383,0.5568181818181818
hakonasi_20260825_131458_522,1,v30_aspect_unrestricted_diagnostic,25,0.8333333333333334,1,1,0.453947606568621,0,489.0,1318.0,2.6,0.5632478632478632
hakonasi_20260825_131458_522,1,v30_aspect_unrestricted_diagnostic,26,0.8666666666666667,1,1,0.470809607940489,0,485.0,1147.0,2.6153846153846154,0.6487556561085973
hakonasi_20260825_131458_522,1,v30_aspect_unrestricted_diagnostic,27,0.9,1,1,0.4508808901275336,0,489.0,1005.0,1.9666666666666666,0.5677966101694916
hakonasi_20260825_131458_522,1,v30_aspect_unrestricted_diagnostic,28,0.9333333333333333,1,1,0.41436491690887084,0,494.0,1309.5,2.138888888888889,0.4724025974025974
hakonasi_20260825_131458_522,1,v30_aspect_unrestricted_diagnostic,29,0.9666666666666667,1,1,0.41436491690887084,0,495.0,1274.0,2.0555555555555554,0.47822822822822825
hakonasi_20260825_131458_522,1,v30_aspect_unrestricted_diagnostic,30,1.0,1,1,0.4096486388563682,0,495.0,1483.0,2.138888888888889,0.534992784992785
hakonasi_20260825_131458_522,1,v30_aspect_unrestricted_diagnostic,31,1.0333333333333334,1,1,0.4930829798160842,0,485.0,1064.0,2.4615384615384617,0.6394230769230769
hakonasi_20260825_131458_522,1,v30_aspect_unrestricted_diagnostic,32,1.0666666666666667,1,1,0.4831822579723848,0,485.0,1148.0,2.6153846153846154,0.6493212669683258
hakonasi_20260825_131458_522,1,v30_aspect_unrestricted_diagnostic,33,1.1,1,1,0.4088454708903343,0,495.0,1446.5,2.111111111111111,0.5286915204678363
hakonasi_20260825_131458_522,1,v30_aspect_unrestricted_diagnostic,34,1.1333333333333333,1,1,0.4524229546996306,0,489.0,1277.0,2.6,0.5457264957264957
hakonasi_20260825_131458_522,1,v30_aspect_unrestricted_diagnostic,35,1.1666666666666667,1,1,0.4531852806341258,0,489.0,1263.0,2.1333333333333333,0.6578125
hakonasi_20260825_131458_522,1,v30_aspect_unrestricted_diagnostic,36,1.2,1,1,0.4930829798160842,0,485.0,1123.0,2.4615384615384617,0.6748798076923077
hakonasi_20260825_131458_522,1,v30_aspect_unrestricted_diagnostic,37,1.2333333333333334,1,1,0.40641879034388245,0,495.0,1569.0,2.0555555555555554,0.588963963963964
hakonasi_20260825_131458_522,1,v30_aspect_unrestricted_diagnostic,38,1.2666666666666666,1,1,0.4047780671983337,0,495.0,1451.0,2.138888888888889,0.5234487734487735
hakonasi_20260825_131458_522,1,v30_aspect_unrestricted_diagnostic,39,1.3,1,1,0.48244433958116284,0,485.0,1225.0,3.1153846153846154,0.5816714150047484
hakonasi_20260825_131458_522,1,v30_aspect_unrestricted_diagnostic,40,1.3333333333333333,1,1,0.4786753593805817,0,485.0,1208.0,3.375,0.6213991769547325
hakonasi_20260825_131458_522,1,v30_aspect_unrestricted_diagnostic,41,1.3666666666666667,1,1,0.4930829798160842,0,485.0,1328.0,3.0384615384615383,0.6465433300876339
hakonasi_20260825_131458_522,1,v30_aspect_unrestricted_diagnostic,42,1.4,1,1,0.49240641504836064,0,485.0,1146.5,3.076923076923077,0.5512019230769231
hakonasi_20260825_131458_522,1,v30_aspect_unrestricted_diagnostic,43,1.4333333333333333,1,1,0.4039490830807784,0,495.0,1517.5,2.1666666666666665,0.5404202279202279
hakonasi_20260825_131458_522,1,v30_aspect_unrestricted_diagnostic,44,1.4666666666666666,1,1,0.45694478561243274,0,489.0,1161.0,2.1333333333333333,0.6046875
hakonasi_20260825_131458_522,1,v30_aspect_unrestricted_diagnostic,45,1.5,1,1,0.4516519224135821,0,489.0,1088.0,2.1333333333333333,0.5666666666666667
hakonasi_20260825_131458_522,1,v30_aspect_unrestricted_diagnostic,46,1.5333333333333334,1,1,0.4501011369519867,0,489.0,1189.0,2.1333333333333333,0.6192708333333333
hakonasi_20260825_131458_522,1,v30_aspect_unrestricted_diagnostic,47,1.5666666666666667,1,1,0.4128099134310745,0,495.0,1334.5,1.8571428571428572,0.5865934065934066
hakonasi_20260825_131458_522,1,v30_aspect_unrestricted_diagnostic,48,1.6,1,1,0.41044323515502806,0,495.0,1315.5,1.9428571428571428,0.5527310924369748
hakonasi_20260825_131458_522,1,v30_aspect_unrestricted_diagnostic,49,1.6333333333333333,1,1,0.448532894882295,0,489.0,1299.0,2.40625,0.5271915584415584
hakonasi_20260825_131458_522,1,v30_aspect_unrestricted_diagnostic,50,1.6666666666666667,1,1,0.41436491690887084,0,494.0,1257.0,2.0,0.4849537037037037
hakonasi_20260825_131458_522,1,v30_aspect_unrestricted_diagnostic,51,1.7,1,1,0.45548581633430996,0,488.0,1279.5,2.566666666666667,0.5538961038961039
hakonasi_20260825_131458_522,1,v30_aspect_unrestricted_diagnostic,52,1.7333333333333334,1,1,0.45470124040028714,0,489.0,1158.0,2.6,0.4948717948717949
hakonasi_20260825_131458_522,1,v30_aspect_unrestricted_diagnostic,53,1.7666666666666666,1,1,0.4154849165890986,0,495.0,1291.0,1.9444444444444444,0.5123015873015873
hakonasi_20260825_131458_522,1,v30_aspect_unrestricted_diagnostic,54,1.8,1,1,0.4506970555418276,0,489.0,1185.0,2.3666666666666667,0.5563380281690141
hakonasi_20260825_131458_522,1,v30_aspect_unrestricted_diagnostic,55,1.8333333333333333,1,1,0.47000079899094405,0,485.0,1128.5,2.923076923076923,0.5711032388663968
hakonasi_20260825_131458_522,1,v30_aspect_unrestricted_diagnostic,56,1.8666666666666667,1,1,0.4154849165890986,0,495.0,1166.0,1.7777777777777777,0.5060763888888888
hakonasi_20260825_131458_522,1,v30_aspect_unrestricted_diagnostic,57,1.9,1,1,0.4506970555418276,0,489.0,1010.0,2.2666666666666666,0.4950980392156863
hakonasi_20260825_131458_522,1,v30_aspect_unrestricted_diagnostic,58,1.9333333333333333,1,1,0.4633514944283797,0,485.0,1128.5,3.0,0.5564595660749507
hakonasi_20260825_131458_522,1,v30_aspect_unrestricted_diagnostic,59,1.9666666666666666,1,1,0.4047780671983337,0,495.0,1487.0,2.138888888888889,0.5364357864357865
hakonasi_20260825_131458_522,1,v30_aspect_unrestricted_diagnostic,60,2.0,1,1,0.4055984287711081,0,495.0,1533.0,2.0555555555555554,0.5754504504504504
hakonasi_20260825_131458_522,1,v30_aspect_unrestricted_diagnostic,61,2.033333333333333,1,1,0.4950952355372679,0,485.0,1245.0,2.4615384615384617,0.7481971153846154
hakonasi_20260825_131458_522,1,v30_aspect_unrestricted_diagnostic,62,2.066666666666667,1,1,0.41436491690887084,0,494.0,1413.5,2.138888888888889,0.5099206349206349
hakonasi_20260825_131458_522,1,v30_aspect_unrestricted_diagnostic,63,2.1,1,1,0.48169760755546276,0,485.0,1142.0,2.6153846153846154,0.6459276018099548
hakonasi_20260825_131458_522,1,v30_aspect_unrestricted_diagnostic,64,2.1333333333333333,1,1,0.47161841689003386,0,485.0,1190.0,2.6153846153846154,0.6730769230769231
hakonasi_20260825_131458_522,1,v30_aspect_unrestricted_diagnostic,65,2.1666666666666665,1,1,0.41436491690887084,0,494.0,1404.5,2.111111111111111,0.5133406432748538
hakonasi_20260825_131458_522,1,v30_aspect_unrestricted_diagnostic,66,2.2,1,1,0.4055984287711081,0,495.0,1435.0,2.111111111111111,0.5244883040935673
hakonasi_20260825_131458_522,1,v30_aspect_unrestricted_diagnostic,67,2.2333333333333334,1,1,0.47000079899094405,0,485.0,1112.0,2.9615384615384617,0.5554445554445554
hakonasi_20260825_131458_522,1,v30_aspect_unrestricted_diagnostic,68,2.2666666666666666,1,1,0.41338968014023114,0,494.0,1284.0,1.8888888888888888,0.5245098039215687
hakonasi_20260825_131458_522,1,v30_aspect_unrestricted_diagnostic,69,2.3,1,1,0.45470124040028714,0,489.0,1095.0,2.2666666666666666,0.5367647058823529
hakonasi_20260825_131458_522,1,v30_aspect_unrestricted_diagnostic,70,2.3333333333333335,1,1,0.3919182802933086,0,495.0,1438.0,1.7777777777777777,0.6241319444444444
hakonasi_20260825_131458_522,1,v30_aspect_unrestricted_diagnostic,71,2.3666666666666667,1,1,0.46587634198961037,0,485.0,1105.5,2.4615384615384617,0.6643629807692307
hakonasi_20260825_131458_522,1,v30_aspect_unrestricted_diagnostic,72,2.4,1,1,0.4088454708903343,0,495.0,1505.0,2.2777777777777777,0.5098238482384824
hakonasi_20260825_131458_522,1,v30_aspect_unrestricted_diagnostic,73,2.433333333333333,1,1,0.41044323515502806,0,495.0,1350.0,1.7777777777777777,0.5859375
hakonasi_20260825_131458_522,1,v30_aspect_unrestricted_diagnostic,74,2.466666666666667,1,1,0.4154849165890986,0,495.0,1220.0,1.9444444444444444,0.48412698412698413
hakonasi_20260825_131458_522,1,v30_aspect_unrestricted_diagnostic,75,2.5,1,1,0.4112378314536879,0,495.0,1334.5,2.138888888888889,0.4814213564213564
hakonasi_20260825_131458_522,1,v30_aspect_unrestricted_diagnostic,76,2.533333333333333,1,1,0.4030418659430467,0,493.0,1300.0,1.7777777777777777,0.5642361111111112
hakonasi_20260825_131458_522,1,v30_aspect_unrestricted_diagnostic,77,2.566666666666667,1,1,0.4120238724423812,0,495.0,949.0,1.6388888888888888,0.4467984934086629
hakonasi_20260825_131458_522,1,v30_aspect_unrestricted_diagnostic,78,2.6,1,1,0.4501011369519867,0,489.0,1125.0,2.206896551724138,0.6061422413793104
hakonasi_20260825_131458_522,1,v30_aspect_unrestricted_diagnostic,79,2.6333333333333333,1,1,0.40641879034388245,0,495.0,1439.0,2.0555555555555554,0.5401651651651652
hakonasi_20260825_131458_522,1,v30_aspect_unrestricted_diagnostic,80,2.6666666666666665,1,1,0.40825307708222613,0,493.0,1119.5,2.0588235294117645,0.4703781512605042
hakonasi_20260825_131458_522,1,v30_aspect_unrestricted_diagnostic,81,2.7,1,1,0.39102842901080215,0,495.0,1409.5,2.138888888888889,0.5084776334776335
hakonasi_20260825_131458_522,1,v30_aspect_unrestricted_diagnostic,82,2.7333333333333334,1,1,0.4506970555418276,0,489.0,1192.5,2.433333333333333,0.5445205479452054
hakonasi_20260825_131458_522,1,v30_aspect_unrestricted_diagnostic,83,2.7666666666666666,1,1,0.4154849165890986,0,495.0,1185.0,1.7777777777777777,0.5143229166666666
hakonasi_20260825_131458_522,1,v30_aspect_unrestricted_diagnostic,84,2.8,1,1,0.4760342456047349,0,485.0,1212.0,2.9615384615384617,0.6053946053946054
hakonasi_20260825_131458_522,1,v30_aspect_unrestricted_diagnostic,85,2.8333333333333335,1,1,0.39102842901080215,0,495.0,1331.5,2.0555555555555554,0.4998123123123123
hakonasi_20260825_131458_522,1,v30_aspect_unrestricted_diagnostic,86,2.8666666666666667,1,1,0.453947606568621,0,489.0,1121.5,2.1333333333333333,0.5841145833333333
hakonasi_20260825_131458_522,1,v30_aspect_unrestricted_diagnostic,87,2.9,1,1,0.4786753593805817,0,485.0,1192.5,2.9615384615384617,0.5956543456543456
hakonasi_20260825_131458_522,1,v30_aspect_unrestricted_diagnostic,88,2.933333333333333,1,1,0.47161841689003386,0,485.0,987.5,3.0,0.5266666666666666
hakonasi_20260825_131458_522,1,v30_aspect_unrestricted_diagnostic,89,2.966666666666667,1,1,0.41590287341718407,0,495.0,1317.0,2.138888888888889,0.4751082251082251
hakonasi_20260825_131458_522,1,v30_aspect_unrestricted_diagnostic,90,3.0,1,1,0.4185938293526759,0,493.0,1364.0,2.1666666666666665,0.48575498575498577
hakonasi_20260825_131458_522,1,v30_aspect_unrestricted_diagnostic,91,3.033333333333333,1,1,0.4944273900605378,0,485.0,1212.0,2.4615384615384617,0.7283653846153846
hakonasi_20260825_131458_522,1,v30_aspect_unrestricted_diagnostic,92,3.066666666666667,1,1,0.41044323515502806,0,495.0,1544.5,2.0555555555555554,0.5797672672672672
hakonasi_20260825_131458_522,1,v30_aspect_unrestricted_diagnostic,93,3.1,1,1,0.4523109057836539,0,489.0,1246.0,2.6,0.5324786324786325
hakonasi_20260825_131458_522,1,v30_aspect_unrestricted_diagnostic,94,3.1333333333333333,1,1,0.470809607940489,0,485.0,1134.5,2.6923076923076925,0.6233516483516484
hakonasi_20260825_131458_522,1,v30_aspect_unrestricted_diagnostic,95,3.1666666666666665,1,1,0.3901298058663975,0,495.0,1149.0,2.1666666666666665,0.4091880341880342
hakonasi_20260825_131458_522,1,v30_aspect_unrestricted_diagnostic,96,3.2,1,1,0.4055984287711081,0,495.0,1402.0,1.9444444444444444,0.5563492063492064
hakonasi_20260825_131458_522,1,v30_aspect_unrestricted_diagnostic,97,3.2333333333333334,1,1,0.45470124040028714,0,489.0,1337.5,2.466666666666667,0.6024774774774775
hakonasi_20260825_131458_522,1,v30_aspect_unrestricted_diagnostic,98,3.2666666666666666,1,1,0.45314482326303296,0,489.0,1139.5,2.1333333333333333,0.5934895833333333
hakonasi_20260825_131458_522,1,v30_aspect_unrestricted_diagnostic,99,3.3,1,1,0.470809607940489,0,485.0,1092.0,2.4615384615384617,0.65625
hakonasi_20260825_131458_522,1,v30_aspect_unrestricted_diagnostic,100,3.3333333333333335,1,1,0.470809607940489,0,485.0,1173.5,2.8461538461538463,0.6099272349272349
hakonasi_20260825_131458_522,1,v30_aspect_unrestricted_diagnostic,101,3.3666666666666667,1,1,0.4461499265182134,0,489.0,1051.5,2.3870967741935485,0.4583696599825632
hakonasi_20260825_131458_522,1,v30_aspect_unrestricted_diagnostic,102,3.4,1,1,0.4164793731307734,0,493.5,1290.5,2.0,0.49787808641975306
hakonasi_20260825_131458_522,1,v30_aspect_unrestricted_diagnostic,103,3.433333333333333,1,1,0.4154849165890986,0,495.0,1217.0,1.8888888888888888,0.497140522875817
hakonasi_20260825_131458_522,1,v30_aspect_unrestricted_diagnostic,104,3.466666666666667,1,1,0.413877298524551,0,495.0,1068.5,1.9722222222222223,0.4180359937402191
hakonasi_20260825_131458_522,1,v30_aspect_unrestricted_diagnostic,105,3.5,1,1,0.47321821272472986,0,485.0,1095.0,2.6153846153846154,0.619343891402715
hakonasi_20260825_131458_522,1,v30_aspect_unrestricted_diagnostic,106,3.533333333333333,1,1,0.4112378314536879,0,495.0,1401.0,2.0555555555555554,0.5259009009009009
hakonasi_20260825_131458_522,1,v30_aspect_unrestricted_diagnostic,107,3.566666666666667,1,1,0.470809607940489,0,485.0,1091.5,2.5,0.6458579881656805
hakonasi_20260825_131458_522,1,v30_aspect_unrestricted_diagnostic,108,3.6,1,1,0.3919182802933086,0,495.0,1336.5,2.1714285714285713,0.5024436090225564
hakonasi_20260825_131458_522,1,v30_aspect_unrestricted_diagnostic,109,3.6333333333333333,1,1,0.470809607940489,0,485.0,1143.5,2.5384615384615383,0.6663752913752914
hakonasi_20260825_131458_522,1,v30_aspect_unrestricted_diagnostic,110,3.6666666666666665,1,1,0.4930829798160842,0,485.0,1311.0,2.8461538461538463,0.6813929313929314
hakonasi_20260825_131458_522,1,v30_aspect_unrestricted_diagnostic,111,3.7,1,1,0.4055984287711081,0,495.0,1451.0,2.0555555555555554,0.5446696696696697
hakonasi_20260825_131458_522,1,v30_aspect_unrestricted_diagnostic,112,3.7333333333333334,1,1,0.4112378314536879,0,495.0,1334.5,1.7777777777777777,0.5792100694444444
hakonasi_20260825_131458_522,1,v30_aspect_unrestricted_diagnostic,113,3.7666666666666666,1,1,0.413877298524551,0,494.0,1223.5,1.8888888888888888,0.49979575163398693
hakonasi_20260825_131458_522,1,v30_aspect_unrestricted_diagnostic,114,3.8,1,1,0.44574954940052025,0,488.0,1119.5,2.1875,0.4997767857142857
hakonasi_20260825_131458_522,1,v30_aspect_unrestricted_diagnostic,115,3.8333333333333335,1,1,0.44574954940052025,0,488.0,1119.5,2.1875,0.4997767857142857
hakonasi_20260825_131458_522,1,v30_aspect_unrestricted_diagnostic,116,3.8666666666666667,1,1,0.413877298524551,0,494.0,1328.0,2.138888888888889,0.4790764790764791
hakonasi_20260825_131458_522,1,v30_aspect_unrestricted_diagnostic,117,3.9,1,1,0.4531852806341258,0,489.0,1179.0,2.2666666666666666,0.5779411764705882
hakonasi_20260825_131458_522,1,v30_aspect_unrestricted_diagnostic,118,3.933333333333333,1,1,0.39102842901080215,0,495.0,1307.5,1.7777777777777777,0.5674913194444444
hakonasi_20260825_131458_522,1,v30_aspect_unrestricted_diagnostic,119,3.966666666666667,1,1,0.413877298524551,0,495.0,1406.0,2.1142857142857143,0.5428571428571428
hakonasi_20260825_131458_522,1,v30_aspect_unrestricted_diagnostic,120,4.0,1,1,0.48681906969149313,0,485.0,1127.5,2.6153846153846154,0.6377262443438914
hakonasi_20260825_131458_522,1,v30_aspect_unrestricted_diagnostic,121,4.033333333333333,1,1,0.4937595445838078,0,485.0,1317.0,2.8461538461538463,0.6845114345114345
hakonasi_20260825_131458_522,1,v30_aspect_unrestricted_diagnostic,122,4.066666666666666,1,1,0.4120238724423812,0,495.0,1092.0,1.9428571428571428,0.4588235294117647
hakonasi_20260825_131458_522,1,v30_aspect_unrestricted_diagnostic,123,4.1,1,1,0.4930829798160842,0,485.0,1300.0,3.1153846153846154,0.6172839506172839
hakonasi_20260825_131458_522,1,v30_aspect_unrestricted_diagnostic,124,4.133333333333334,1,1,0.4166633436586157,0,494.5,1220.0,2.0555555555555554,0.45795795795795796
hakonasi_20260825_131458_522,1,v30_aspect_unrestricted_diagnostic,125,4.166666666666667,1,1,0.4166633436586157,0,494.5,1280.0,1.8888888888888888,0.5228758169934641
hakonasi_20260825_131458_522,1,v30_aspect_unrestricted_diagnostic,126,4.2,1,1,0.470809607940489,0,485.0,995.0,3.076923076923077,0.47836538461538464
hakonasi_20260825_131458_522,1,v30_aspect_unrestricted_diagnostic,127,4.233333333333333,1,1,0.40641879034388245,0,495.0,1485.5,2.138888888888889,0.5358946608946609
hakonasi_20260825_131458_522,1,v30_aspect_unrestricted_diagnostic,128,4.266666666666667,1,1,0.47161841689003386,0,485.0,1042.0,2.4615384615384617,0.6262019230769231
hakonasi_20260825_131458_522,1,v30_aspect_unrestricted_diagnostic,129,4.3,1,1,0.4537362697780036,0,485.0,1078.0,2.769230769230769,0.5758547008547008
hakonasi_20260825_131458_522,1,v30_aspect_unrestricted_diagnostic,130,4.333333333333333,1,1,0.40641879034388245,0,495.0,1457.5,2.1666666666666665,0.5190527065527065
hakonasi_20260825_131458_522,1,v30_aspect_unrestricted_diagnostic,131,4.366666666666666,1,1,0.49172112015909086,0,485.0,1060.5,2.8461538461538463,0.5511954261954262
hakonasi_20260825_131458_522,1,v30_aspect_unrestricted_diagnostic,132,4.4,1,1,0.39102842901080215,0,495.0,1440.5,2.138888888888889,0.5196608946608947
hakonasi_20260825_131458_522,1,v30_aspect_unrestricted_diagnostic,133,4.433333333333334,1,1,0.41906807139417,0,493.0,1311.0,2.138888888888889,0.47294372294372294
hakonasi_20260825_131458_522,1,v30_aspect_unrestricted_diagnostic,134,4.466666666666667,1,1,0.4493213837764398,0,489.0,1426.0,2.533333333333333,0.625438596491228
hakonasi_20260825_131458_522,1,v30_aspect_unrestricted_diagnostic,135,4.5,1,1,0.4531852806341258,0,489.0,1195.5,2.1333333333333333,0.62265625
hakonasi_20260825_131458_522,1,v30_aspect_unrestricted_diagnostic,136,4.533333333333333,1,1,0.4524229546996306,0,489.0,1325.5,2.7586206896551726,0.5713362068965517
hakonasi_20260825_131458_522,1,v30_aspect_unrestricted_diagnostic,137,4.566666666666666,1,1,0.40641879034388245,0,495.0,1457.5,2.138888888888889,0.5257936507936508
hakonasi_20260825_131458_522,1,v30_aspect_unrestricted_diagnostic,138,4.6,1,1,0.41044323515502806,0,495.0,1414.0,1.7777777777777777,0.6137152777777778
hakonasi_20260825_131458_522,1,v30_aspect_unrestricted_diagnostic,139,4.633333333333334,1,1,0.4524229546996306,0,489.0,962.5,2.0,0.5347222222222222
hakonasi_20260825_131458_522,1,v30_aspect_unrestricted_diagnostic,140,4.666666666666667,1,1,0.4047780671983337,0,495.0,1478.5,2.138888888888889,0.5333694083694084
hakonasi_20260825_131458_522,1,v30_aspect_unrestricted_diagnostic,141,4.7,1,1,0.470809607940489,0,485.0,1194.0,3.0,0.5887573964497042
hakonasi_20260825_131458_522,1,v30_aspect_unrestricted_diagnostic,142,4.733333333333333,1,1,0.4683653288600386,0,485.0,982.0,2.9615384615384617,0.4905094905094905
hakonasi_20260825_131458_522,1,v30_aspect_unrestricted_diagnostic,143,4.766666666666667,1,1,0.47000079899094405,0,485.0,1078.5,3.0,0.5318047337278107
hakonasi_20260825_131458_522,1,v30_aspect_unrestricted_diagnostic,144,4.8,1,1,0.4493213837764398,0,489.0,1195.5,2.566666666666667,0.5175324675324675
hakonasi_20260825_131458_522,1,v30_aspect_unrestricted_diagnostic,145,4.833333333333333,1,1,0.453947606568621,0,489.0,1366.0,2.466666666666667,0.6153153153153154
hakonasi_20260825_131458_522,1,v30_aspect_unrestricted_diagnostic,146,4.866666666666666,1,1,0.4950952355372679,0,485.0,1095.5,2.5,0.6482248520710059
hakonasi_20260825_131458_522,1,v30_aspect_unrestricted_diagnostic,147,4.9,1,1,0.4786753593805817,0,485.0,1175.0,2.6153846153846154,0.6645927601809954
hakonasi_20260825_131458_522,1,v30_aspect_unrestricted_diagnostic,148,4.933333333333334,1,1,0.4506970555418276,0,489.0,1193.5,2.5517241379310347,0.5561509785647717
hakonasi_20260825_131458_522,1,v30_aspect_unrestricted_diagnostic,149,4.966666666666667,1,1,0.4166633436586157,0,494.5,1372.0,2.361111111111111,0.44836601307189544
hakonasi_20260825_131458_522,1,v30_aspect_unrestricted_diagnostic,150,5.0,1,1,0.41436491690887084,0,494.0,1406.0,2.138888888888889,0.5072150072150072
hakonasi_20260825_131458_522,1,v30_aspect_unrestricted_diagnostic,151,5.033333333333333,1,1,0.4508808901275336,0,489.0,1194.0,2.2333333333333334,0.5940298507462687
hakonasi_20260825_131458_522,1,v30_aspect_unrestricted_diagnostic,152,5.066666666666666,1,1,0.4096486388563682,0,495.0,1514.5,2.0555555555555554,0.568506006006006
hakonasi_20260825_131458_522,1,v30_aspect_unrestricted_diagnostic,153,5.1,1,1,0.41044323515502806,0,495.0,1368.0,2.0285714285714285,0.5505030181086519
hakonasi_20260825_131458_522,1,v30_aspect_unrestricted_diagnostic,154,5.133333333333334,1,1,0.4112378314536879,0,495.0,1500.5,1.9444444444444444,0.5954365079365079
hakonasi_20260825_131458_522,1,v30_aspect_unrestricted_diagnostic,155,5.166666666666667,1,1,0.46419610133715844,0,485.0,1207.0,3.0,0.5951676528599605
hakonasi_20260825_131458_522,1,v30_aspect_unrestricted_diagnostic,156,5.2,1,1,0.3919182802933086,0,495.0,1335.0,1.8055555555555556,0.5705128205128205
hakonasi_20260825_131458_522,1,v30_aspect_unrestricted_diagnostic,157,5.233333333333333,1,1,0.4055984287711081,0,495.0,1428.5,2.138888888888889,0.5153318903318903
hakonasi_20260825_131458_522,1,v30_aspect_unrestricted_diagnostic,158,5.266666666666667,1,1,0.4154849165890986,0,495.0,1338.0,2.111111111111111,0.48903508771929827
hakonasi_20260825_131458_522,1,v30_aspect_unrestricted_diagnostic,159,5.3,1,1,0.3919182802933086,0,495.0,1310.5,1.7777777777777777,0.5687934027777778
hakonasi_20260825_131458_522,1,v30_aspect_unrestricted_diagnostic,160,5.333333333333333,1,1,0.4099827748499256,0,494.0,1524.5,2.111111111111111,0.5572002923976608
hakonasi_20260825_131458_522,1,v30_aspect_unrestricted_diagnostic,161,5.366666666666666,1,1,0.4096486388563682,0,495.0,1483.5,2.111111111111111,0.5422149122807017
hakonasi_20260825_131458_522,1,v30_aspect_unrestricted_diagnostic,162,5.4,1,1,0.470809607940489,0,485.0,1103.5,2.8076923076923075,0.5814014752370916
hakonasi_20260825_131458_522,1,v30_aspect_unrestricted_diagnostic,163,5.433333333333334,1,1,0.39102842901080215,0,495.0,1570.0,2.1944444444444446,0.5520393811533052
hakonasi_20260825_131458_522,1,v30_aspect_unrestricted_diagnostic,164,5.466666666666667,1,1,0.4154849165890986,0,495.0,1340.5,2.138888888888889,0.48358585858585856
hakonasi_20260825_131458_522,1,v30_aspect_unrestricted_diagnostic,165,5.5,1,1,0.4120238724423812,0,495.0,1392.5,1.6666666666666667,0.6446759259259259
hakonasi_20260825_131458_522,1,v30_aspect_unrestricted_diagnostic,166,5.533333333333333,1,1,0.39102842901080215,0,495.0,1544.0,2.138888888888889,0.556998556998557
hakonasi_20260825_131458_522,1,v30_aspect_unrestricted_diagnostic,167,5.566666666666666,1,1,0.4091179259660759,0,493.0,1425.0,2.264705882352941,0.5443086325439267
hakonasi_20260825_131458_522,1,v30_aspect_unrestricted_diagnostic,168,5.6,1,1,0.4531852806341258,0,489.0,1323.0,2.533333333333333,0.5802631578947368
hakonasi_20260825_131458_522,1,v30_aspect_unrestricted_diagnostic,169,5.633333333333334,1,1,0.41044323515502806,0,495.0,1496.5,2.111111111111111,0.5469663742690059
hakonasi_20260825_131458_522,1,v30_aspect_unrestricted_diagnostic,170,5.666666666666667,1,1,0.413877298524551,0,495.0,1283.0,2.138888888888889,0.46284271284271283
hakonasi_20260825_131458_522,1,v30_aspect_unrestricted_diagnostic,171,5.7,1,1,0.4154849165890986,0,495.0,1236.5,1.9444444444444444,0.49067460317460315
hakonasi_20260825_131458_522,1,v30_aspect_unrestricted_diagnostic,172,5.733333333333333,1,1,0.4950952355372679,0,485.0,1246.0,2.4615384615384617,0.7487980769230769
hakonasi_20260825_131458_522,1,v30_aspect_unrestricted_diagnostic,173,5.766666666666667,1,1,0.470809607940489,0,485.0,1174.5,2.8461538461538463,0.6104469854469855
hakonasi_20260825_131458_522,1,v30_aspect_unrestricted_diagnostic,174,5.8,1,1,0.44906556732687997,0,489.0,1155.5,2.1333333333333333,0.6018229166666667
hakonasi_20260825_131458_522,1,v30_aspect_unrestricted_diagnostic,175,5.833333333333333,1,1,0.47161841689003386,0,485.0,1078.5,2.6923076923076925,0.5925824175824176
hakonasi_20260825_131458_522,1,v30_aspect_unrestricted_diagnostic,176,5.866666666666666,1,1,0.41436491690887084,0,495.0,1508.5,2.138888888888889,0.5441919191919192
hakonasi_20260825_131458_522,1,v30_aspect_unrestricted_diagnostic,177,5.9,1,1,0.4937595445838078,0,485.0,1229.0,2.6153846153846154,0.6951357466063348
hakonasi_20260825_131458_522,1,v30_aspect_unrestricted_diagnostic,178,5.933333333333334,1,1,0.41338968014023114,0,495.0,1148.5,1.9428571428571428,0.48256302521008404
hakonasi_20260825_131458_522,1,v30_aspect_unrestricted_diagnostic,179,5.966666666666667,1,1,0.47161841689003386,0,485.0,999.5,2.9615384615384617,0.49925074925074925
hakonasi_20260825_131458_522,1,v30_aspect_unrestricted_diagnostic,180,6.0,1,1,0.46419610133715844,0,485.0,1041.0,3.12,0.5338461538461539
hakonasi_20260825_131458_522,1,v30_aspect_unrestricted_diagnostic,181,6.033333333333333,1,1,0.4055984287711081,0,495.0,1454.5,1.8611111111111112,0.6030265339966833
hakonasi_20260825_131458_522,1,v30_aspect_unrestricted_diagnostic,182,6.066666666666666,1,1,0.39102842901080215,0,495.0,1200.5,2.264705882352941,0.4585561497326203
hakonasi_20260825_131458_522,1,v30_aspect_unrestricted_diagnostic,183,6.1,1,1,0.4185938293526759,0,493.0,1363.5,2.138888888888889,0.49188311688311687
hakonasi_20260825_131458_522,1,v30_aspect_unrestricted_diagnostic,184,6.133333333333334,1,1,0.4164793731307734,0,493.5,1303.0,2.0555555555555554,0.4891141141141141
hakonasi_20260825_131458_522,1,v30_aspect_unrestricted_diagnostic,185,6.166666666666667,1,1,0.4748002160698636,0,485.0,1119.0,2.6153846153846154,0.6329185520361991
hakonasi_20260825_131458_522,1,v30_aspect_unrestricted_diagnostic,186,6.2,1,1,0.470809607940489,0,485.0,1216.5,2.9615384615384617,0.6076423576423576
hakonasi_20260825_131458_522,1,v30_aspect_unrestricted_diagnostic,187,6.233333333333333,1,1,0.4607816992880311,0,485.0,1160.0,3.04,0.6105263157894737
hakonasi_20260825_131458_522,1,v30_aspect_unrestricted_diagnostic,188,6.266666666666667,1,1,0.49172112015909086,0,485.0,1235.0,2.8461538461538463,0.6418918918918919
hakonasi_20260825_131458_522,1,v30_aspect_unrestricted_diagnostic,189,6.3,1,1,0.4091179259660759,0,493.0,1368.5,2.235294117647059,0.5296052631578947
hakonasi_20260825_131458_522,1,v30_aspect_unrestricted_diagnostic,190,6.333333333333333,1,1,0.4508808901275336,0,489.0,1293.5,2.6,0.5527777777777778
hakonasi_20260825_131458_522,1,v30_aspect_unrestricted_diagnostic,191,6.366666666666666,1,1,0.41742381390004724,0,494.0,1328.0,2.1666666666666665,0.47293447293447294
hakonasi_20260825_131458_522,1,v30_aspect_unrestricted_diagnostic,192,6.4,1,1,0.41590287341718407,0,495.0,1349.0,2.111111111111111,0.4930555555555556
hakonasi_20260825_131458_522,1,v30_aspect_unrestricted_diagnostic,193,6.433333333333334,1,1,0.4650407082459372,0,485.0,1086.0,2.4615384615384617,0.6526442307692307
hakonasi_20260825_131458_522,1,v30_aspect_unrestricted_diagnostic,194,6.466666666666667,1,1,0.4164793731307734,0,493.5,1345.5,2.0555555555555554,0.5050675675675675
hakonasi_20260825_131458_522,1,v30_aspect_unrestricted_diagnostic,195,6.5,1,1,0.39102842901080215,0,495.0,1103.0,1.8888888888888888,0.4505718954248366
hakonasi_20260825_131458_522,1,v30_aspect_unrestricted_diagnostic,196,6.533333333333333,1,1,0.470809607940489,0,485.0,1220.5,3.0,0.6018244575936884
hakonasi_20260825_131458_522,1,v30_aspect_unrestricted_diagnostic,197,6.566666666666666,1,1,0.4055984287711081,0,495.0,1499.0,2.111111111111111,0.5478801169590644
hakonasi_20260825_131458_522,1,v30_aspect_unrestricted_diagnostic,198,6.6,1,1,0.4937595445838078,0,485.0,1038.0,2.6153846153846154,0.5871040723981901
hakonasi_20260825_131458_522,1,v30_aspect_unrestricted_diagnostic,199,6.633333333333334,1,1,0.4477444059881501,0,489.0,1182.5,2.125,0.5434283088235294
hakonasi_20260825_131458_522,1,v30_aspect_unrestricted_diagnostic,200,6.666666666666667,1,1,0.4185938293526759,0,493.0,1278.5,2.138888888888889,0.4612193362193362
hakonasi_20260825_131458_522,1,v30_aspect_unrestricted_diagnostic,201,6.7,1,1,0.4786753593805817,0,485.0,944.5,2.8076923076923075,0.4976290832455216
hakonasi_20260825_131458_522,1,v30_aspect_unrestricted_diagnostic,202,6.733333333333333,1,1,0.41590287341718407,0,495.0,1255.0,2.0555555555555554,0.4710960960960961
hakonasi_20260825_131458_522,1,v30_aspect_unrestricted_diagnostic,203,6.766666666666667,1,1,0.4055984287711081,0,495.0,1645.5,2.138888888888889,0.5936147186147186
hakonasi_20260825_131458_522,1,v30_aspect_unrestricted_diagnostic,204,6.8,1,1,0.470809607940489,0,485.0,1168.5,3.2083333333333335,0.6323051948051948
hakonasi_20260825_131458_522,1,v30_aspect_unrestricted_diagnostic,205,6.833333333333333,1,1,0.4957543722832374,0,485.0,1268.5,2.9615384615384617,0.6336163836163836
hakonasi_20260825_131458_522,1,v30_aspect_unrestricted_diagnostic,206,6.866666666666666,1,1,0.4128099134310745,0,495.0,1157.5,1.5555555555555556,0.574156746031746
hakonasi_20260825_131458_522,1,v30_aspect_unrestricted_diagnostic,207,6.9,1,1,0.49240641504836064,0,485.0,1279.0,2.8461538461538463,0.6647609147609148
hakonasi_20260825_131458_522,1,v30_aspect_unrestricted_diagnostic,208,6.933333333333334,1,1,0.470809607940489,0,485.0,1099.5,2.6153846153846154,0.6218891402714932
hakonasi_20260825_131458_522,1,v30_aspect_unrestricted_diagnostic,209,6.966666666666667,1,1,0.4950952355372679,0,485.0,1050.5,2.5,0.6215976331360947
hakonasi_20260825_131458_522,1,v30_aspect_unrestricted_diagnostic,210,7.0,1,1,0.4450285957770637,0,489.0,918.5,2.225806451612903,0.42940626460963066
hakonasi_20260825_131458_522,1,v30_aspect_unrestricted_diagnostic,211,7.033333333333333,1,1,0.47161841689003386,0,485.0,1055.0,2.4615384615384617,0.6340144230769231
hakonasi_20260825_131458_522,1,v30_aspect_unrestricted_diagnostic,212,7.066666666666666,1,1,0.41436491690887084,0,494.0,1352.5,2.1944444444444446,0.47556258790436007
hakonasi_20260825_131458_522,1,v30_aspect_unrestricted_diagnostic,213,7.1,1,1,0.4506970555418276,0,489.0,963.5,2.466666666666667,0.434009009009009
hakonasi_20260825_131458_522,1,v30_aspect_unrestricted_diagnostic,214,7.133333333333334,1,1,0.4154849165890986,0,495.0,1314.5,1.8888888888888888,0.536968954248366
hakonasi_20260825_131458_522,1,v30_aspect_unrestricted_diagnostic,215,7.166666666666667,1,1,0.4130997967856528,0,494.5,1104.5,2.0,0.45081632653061227
hakonasi_20260825_131458_522,1,v30_aspect_unrestricted_diagnostic,216,7.2,1,1,0.41906807139417,0,493.0,1353.0,2.111111111111111,0.49451754385964913
hakonasi_20260825_131458_522,1,v30_aspect_unrestricted_diagnostic,217,7.233333333333333,1,1,0.44574954940052025,0,489.0,1190.0,2.4516129032258065,0.5050933786078099
hakonasi_20260825_131458_522,1,v30_aspect_unrestricted_diagnostic,218,7.266666666666667,1,1,0.46587634198961037,0,485.0,810.5,2.3461538461538463,0.5110340479192939
hakonasi_20260825_131458_522,1,v30_aspect_unrestricted_diagnostic,219,7.3,1,1,0.41338968014023114,0,494.0,1148.5,1.8888888888888888,0.46915849673202614
hakonasi_20260825_131458_522,1,v30_aspect_unrestricted_diagnostic,220,7.333333333333333,1,1,0.4650407082459372,0,485.0,971.5,2.730769230769231,0.526273022751896
hakonasi_20260825_131458_522,1,v30_aspect_unrestricted_diagnostic,221,7.366666666666666,1,1,0.4088454708903343,0,495.0,1230.0,2.1666666666666665,0.43803418803418803
hakonasi_20260825_131458_522,1,v30_aspect_unrestricted_diagnostic,222,7.4,1,1,0.4930829798160842,0,485.0,1251.5,2.8461538461538463,0.6504677754677755
hakonasi_20260825_131458_522,1,v30_aspect_unrestricted_diagnostic,223,7.433333333333334,1,1,0.41044323515502806,0,495.0,1409.5,2.0277777777777777,0.5363394216133942
hakonasi_20260825_131458_522,1,v30_aspect_unrestricted_diagnostic,224,7.466666666666667,1,1,0.470809607940489,0,485.0,1249.0,2.923076923076923,0.632085020242915
hakonasi_20260825_131458_522,1,v30_aspect_unrestricted_diagnostic,225,7.5,1,1,0.470809607940489,0,485.0,1147.0,2.6923076923076925,0.6302197802197802
hakonasi_20260825_131458_522,1,v30_aspect_unrestricted_diagnostic,226,7.533333333333333,1,1,0.4150669597610131,0,495.0,1028.0,1.6666666666666667,0.4759259259259259
hakonasi_20260825_131458_522,1,v30_aspect_unrestricted_diagnostic,227,7.566666666666666,1,1,0.41338968014023114,0,495.0,1158.0,1.7777777777777777,0.5026041666666666
hakonasi_20260825_131458_522,1,v30_aspect_unrestricted_diagnostic,228,7.6,1,1,0.4501011369519867,0,489.0,921.5,1.9,0.5388888888888889
hakonasi_20260825_131458_522,1,v30_aspect_unrestricted_diagnostic,229,7.633333333333334,1,1,0.47161841689003386,0,485.0,967.0,2.8461538461538463,0.5025987525987526
hakonasi_20260825_131458_522,1,v30_aspect_unrestricted_diagnostic,230,7.666666666666667,1,1,0.4944273900605378,0,485.0,1211.5,3.0,0.5973865877712031
hakonasi_20260825_131458_522,1,v30_aspect_unrestricted_diagnostic,231,7.7,1,1,0.4150669597610131,0,495.0,1109.5,1.6666666666666667,0.5136574074074074
hakonasi_20260825_131458_522,1,v30_aspect_unrestricted_diagnostic,232,7.733333333333333,1,1,0.4786753593805817,0,485.0,1196.0,2.8461538461538463,0.6216216216216216
hakonasi_20260825_131458_522,1,v30_aspect_unrestricted_diagnostic,233,7.766666666666667,1,1,0.41471593833494197,0,495.0,1053.0,1.8055555555555556,0.45
hakonasi_20260825_131458_522,1,v30_aspect_unrestricted_diagnostic,234,7.8,1,1,0.47161841689003386,0,485.0,1095.0,2.6923076923076925,0.6016483516483516
hakonasi_20260825_131458_522,1,v30_aspect_unrestricted_diagnostic,235,7.833333333333333,1,1,0.47161841689003386,0,485.0,973.0,2.6923076923076925,0.5346153846153846
hakonasi_20260825_131458_522,1,v30_aspect_unrestricted_diagnostic,236,7.866666666666666,1,1,0.4555247918101929,0,485.0,808.5,2.230769230769231,0.5361405835543767
hakonasi_20260825_131458_522,1,v30_aspect_unrestricted_diagnostic,237,7.9,1,1,0.3919182802933086,0,495.0,1439.0,2.1666666666666665,0.5124643874643875
hakonasi_20260825_131458_522,1,v30_aspect_unrestricted_diagnostic,238,7.933333333333334,1,1,0.470809607940489,0,485.0,1038.0,2.923076923076923,0.5253036437246964
hakonasi_20260825_131458_522,1,v30_aspect_unrestricted_diagnostic,239,7.966666666666667,1,1,0.41338968014023114,0,495.0,1222.5,1.7777777777777777,0.5305989583333334
hakonasi_20260825_131458_522,1,v30_aspect_unrestricted_diagnostic,240,8.0,1,1,0.3919182802933086,0,495.0,1302.5,2.138888888888889,0.4698773448773449
hakonasi_20260825_131458_522,1,v30_aspect_unrestricted_diagnostic,241,8.033333333333333,1,1,0.47161841689003386,0,485.0,986.0,3.0,0.48619329388560156
hakonasi_20260825_131458_522,1,v30_aspect_unrestricted_diagnostic,242,8.066666666666666,1,1,0.4477444059881501,0,489.0,1438.0,2.25,0.6241319444444444
hakonasi_20260825_131458_522,1,v30_aspect_unrestricted_diagnostic,243,8.1,1,1,0.4150669597610131,0,495.0,1299.5,1.9444444444444444,0.5156746031746032
hakonasi_20260825_131458_522,1,v30_aspect_unrestricted_diagnostic,244,8.133333333333333,1,1,0.4537362697780036,0,485.0,1122.5,2.8461538461538463,0.5834199584199584
hakonasi_20260825_131458_522,1,v30_aspect_unrestricted_diagnostic,245,8.166666666666666,1,1,0.413877298524551,0,494.0,1469.5,2.111111111111111,0.5370979532163743
hakonasi_20260825_131458_522,1,v30_aspect_unrestricted_diagnostic,246,8.2,1,1,0.413877298524551,0,494.0,1495.5,2.2,0.5549165120593692
hakonasi_20260825_131458_522,1,v30_aspect_unrestricted_diagnostic,247,8.233333333333333,1,1,0.413877298524551,0,494.0,1259.0,1.8888888888888888,0.514297385620915
hakonasi_20260825_131458_522,1,v30_aspect_unrestricted_diagnostic,248,8.266666666666667,1,1,0.39102842901080215,0,495.0,1319.5,1.8888888888888888,0.5390114379084967
hakonasi_20260825_131458_522,1,v30_aspect_unrestricted_diagnostic,249,8.3,1,1,0.4786753593805817,0,485.0,1210.0,2.8461538461538463,0.6288981288981289
hakonasi_20260825_131458_522,1,v30_aspect_unrestricted_diagnostic,250,8.333333333333334,1,1,0.4794397581097347,0,485.0,1141.5,2.4615384615384617,0.6859975961538461
hakonasi_20260825_131458_522,1,v30_aspect_unrestricted_diagnostic,251,8.366666666666667,1,1,0.41436491690887084,0,494.0,1271.5,2.0555555555555554,0.4772897897897898
hakonasi_20260825_131458_522,1,v30_aspect_unrestricted_diagnostic,252,8.4,1,1,0.49240641504836064,0,485.0,1160.0,3.0,0.571992110453649
hakonasi_20260825_131458_522,1,v30_aspect_unrestricted_diagnostic,253,8.433333333333334,1,1,0.47161841689003386,0,485.0,1161.0,2.9615384615384617,0.5799200799200799
hakonasi_20260825_131458_522,1,v30_aspect_unrestricted_diagnostic,254,8.466666666666667,1,1,0.48824217561776245,0,485.0,1306.0,2.8461538461538463,0.6787941787941788
hakonasi_20260825_131458_522,1,v30_aspect_unrestricted_diagnostic,255,8.5,1,1,0.4930829798160842,0,485.0,1123.0,2.6153846153846154,0.6351809954751131
hakonasi_20260825_131458_522,1,v30_aspect_unrestricted_diagnostic,256,8.533333333333333,1,1,0.4937595445838078,0,485.0,1021.5,2.56,0.6384375
hakonasi_20260825_131458_522,1,v30_aspect_unrestricted_diagnostic,257,8.566666666666666,1,1,0.47161841689003386,0,485.0,974.0,2.8461538461538463,0.5062370062370062
hakonasi_20260825_131458_522,1,v30_aspect_unrestricted_diagnostic,258,8.6,1,1,0.4501011369519867,0,489.0,1187.0,2.1333333333333333,0.6182291666666667
hakonasi_20260825_131458_522,1,v30_aspect_unrestricted_diagnostic,259,8.633333333333333,1,1,0.4166633436586157,0,494.5,1203.0,2.0555555555555554,0.45157657657657657
hakonasi_20260825_131458_522,1,v30_aspect_unrestricted_diagnostic,260,8.666666666666666,1,1,0.4166633436586157,0,494.5,1112.0,2.0833333333333335,0.41185185185185186
hakonasi_20260825_131458_522,1,v30_aspect_unrestricted_diagnostic,261,8.7,1,1,0.4889449643306016,0,485.0,1075.0,2.9615384615384617,0.5369630369630369
hakonasi_20260825_131458_522,1,v30_aspect_unrestricted_diagnostic,262,8.733333333333333,1,1,0.47161841689003386,0,485.0,926.5,2.730769230769231,0.5018959913326111
hakonasi_20260825_131458_522,1,v30_aspect_unrestricted_diagnostic,263,8.766666666666667,1,1,0.49172112015909086,0,485.0,1154.5,2.923076923076923,0.5842611336032388
hakonasi_20260825_131458_522,1,v30_aspect_unrestricted_diagnostic,264,8.8,1,1,0.4150669597610131,0,495.0,1274.5,2.0,0.5202040816326531
hakonasi_20260825_131458_522,1,v30_aspect_unrestricted_diagnostic,265,8.833333333333334,1,1,0.47241831480738183,0,485.0,1167.5,2.56,0.7296875
hakonasi_20260825_131458_522,1,v30_aspect_unrestricted_diagnostic,266,8.866666666666667,1,1,0.48169760755546276,0,485.0,1264.0,2.9615384615384617,0.6313686313686314
hakonasi_20260825_131458_522,1,v30_aspect_unrestricted_diagnostic,267,8.9,1,1,0.4950952355372679,0,485.0,1221.5,2.576923076923077,0.7012055109070034
hakonasi_20260825_131458_522,1,v30_aspect_unrestricted_diagnostic,268,8.933333333333334,1,1,0.41338968014023114,0,494.0,1106.5,2.0,0.4268904320987654
hakonasi_20260825_131458_522,1,v30_aspect_unrestricted_diagnostic,269,8.966666666666667,1,1,0.47161841689003386,0,485.0,1028.5,2.769230769230769,0.5494123931623932
hakonasi_20260825_131458_522,1,v30_aspect_unrestricted_diagnostic,270,9.0,1,1,0.4650407082459372,0,485.0,1187.0,2.8461538461538463,0.6169438669438669
hakonasi_20260825_131458_522,1,v30_aspect_unrestricted_diagnostic,271,9.033333333333333,1,1,0.48244433958116284,0,485.0,1190.0,2.923076923076923,0.6022267206477733
hakonasi_20260825_131458_522,1,v30_aspect_unrestricted_diagnostic,272,9.066666666666666,1,1,0.48464929388695877,0,485.0,799.0,2.4,0.5326666666666666
hakonasi_20260825_131458_522,1,v30_aspect_unrestricted_diagnostic,273,9.1,1,1,0.41436491690887084,0,494.0,1296.5,2.1714285714285713,0.487406015037594
hakonasi_20260825_131458_522,1,v30_aspect_unrestricted_diagnostic,274,9.133333333333333,1,1,0.48464929388695877,0,485.0,1039.5,2.8461538461538463,0.5402806652806653
hakonasi_20260825_131458_522,1,v30_aspect_unrestricted_diagnostic,275,9.166666666666666,1,1,0.4937595445838078,0,485.0,1074.0,3.08,0.5579220779220779
hakonasi_20260825_131458_522,1,v30_aspect_unrestricted_diagnostic,276,9.2,1,1,0.3919182802933086,0,495.0,1285.5,1.9444444444444444,0.5101190476190476
hakonasi_20260825_131458_522,1,v30_aspect_unrestricted_diagnostic,277,9.233333333333333,1,1,0.47241831480738183,0,485.0,836.0,2.423076923076923,0.5103785103785103
hakonasi_20260825_131458_522,1,v30_aspect_unrestricted_diagnostic,278,9.266666666666667,1,1,0.4185938293526759,0,493.0,1373.5,2.1666666666666665,0.48913817663817666
hakonasi_20260825_131458_522,1,v30_aspect_unrestricted_diagnostic,279,9.3,1,1,0.48824217561776245,0,485.0,1246.5,3.25,0.6658653846153846
hakonasi_20260825_131458_522,1,v30_aspect_unrestricted_diagnostic,280,9.333333333333334,1,1,0.4508808901275336,0,489.0,1320.5,2.1333333333333333,0.6877604166666667
hakonasi_20260825_131458_522,1,v30_aspect_unrestricted_diagnostic,281,9.366666666666667,1,1,0.4055984287711081,0,495.0,1442.0,2.138888888888889,0.5202020202020202
hakonasi_20260825_131458_522,1,v30_aspect_unrestricted_diagnostic,282,9.4,1,1,0.41590287341718407,0,495.0,1413.5,1.7777777777777777,0.6134982638888888
hakonasi_20260825_131458_522,1,v30_aspect_unrestricted_diagnostic,283,9.433333333333334,1,1,0.4501011369519867,0,489.0,1000.5,2.3333333333333335,0.4764285714285714
hakonasi_20260825_131458_522,1,v30_aspect_unrestricted_diagnostic,284,9.466666666666667,1,1,0.4516519224135821,0,489.0,935.5,2.2666666666666666,0.458578431372549
hakonasi_20260825_131458_522,1,v30_aspect_unrestricted_diagnostic,285,9.5,1,1,0.4740092143972967,0,485.0,772.5,1.7307692307692308,0.6602564102564102
hakonasi_20260825_131458_522,1,v30_aspect_unrestricted_diagnostic,286,9.533333333333333,1,1,0.41513389516302746,0,495.0,949.0,1.6388888888888888,0.4467984934086629
hakonasi_20260825_131458_522,1,v30_aspect_unrestricted_diagnostic,287,9.566666666666666,1,1,0.48537841141031085,0,485.0,1055.5,2.1923076923076925,0.7122132253711201
hakonasi_20260825_131458_522,1,v30_aspect_unrestricted_diagnostic,288,9.6,1,1,0.4944273900605378,0,485.0,1396.5,2.923076923076923,0.7067307692307693
hakonasi_20260825_131458_522,1,v30_aspect_unrestricted_diagnostic,289,9.633333333333333,1,1,0.4957543722832374,0,485.0,1269.0,3.0,0.6257396449704142
hakonasi_20260825_131458_522,1,v30_aspect_unrestricted_diagnostic,290,9.666666666666666,1,1,0.4150669597610131,0,495.0,1177.0,1.9444444444444444,0.46706349206349207
hakonasi_20260825_131458_522,1,v30_aspect_unrestricted_diagnostic,291,9.7,1,1,0.4650407082459372,0,485.0,1201.0,2.9615384615384617,0.5999000999000998
hakonasi_20260825_131458_522,1,v30_aspect_unrestricted_diagnostic,292,9.733333333333333,1,1,0.41436491690887084,0,494.0,1322.5,2.0555555555555554,0.4964339339339339
hakonasi_20260825_131458_522,1,v30_aspect_unrestricted_diagnostic,293,9.766666666666667,1,1,0.4937595445838078,0,485.0,1345.5,2.9615384615384617,0.672077922077922
hakonasi_20260825_131458_522,1,v30_aspect_unrestricted_diagnostic,294,9.8,1,1,0.4150669597610131,0,494.0,1173.5,2.0555555555555554,0.440503003003003
hakonasi_20260825_131458_522,1,v30_aspect_unrestricted_diagnostic,295,9.833333333333334,1,1,0.46787614863177196,0,485.0,1129.0,2.8461538461538463,0.5867983367983368
hakonasi_20260825_131458_522,1,v30_aspect_unrestricted_diagnostic,296,9.866666666666667,1,1,0.4516519224135821,0,489.0,1152.0,2.2666666666666666,0.5647058823529412
hakonasi_20260825_131458_522,1,v30_aspect_unrestricted_diagnostic,297,9.9,1,1,0.39102842901080215,0,495.0,1428.0,2.0555555555555554,0.536036036036036
hakonasi_20260825_131458_522,1,v30_aspect_unrestricted_diagnostic,298,9.933333333333334,1,1,0.4555247918101929,0,485.0,1132.5,2.8461538461538463,0.5886174636174636
hakonasi_20260825_131458_522,1,v30_aspect_unrestricted_diagnostic,299,9.966666666666667,1,1,0.4055984287711081,0,495.0,1684.5,2.1666666666666665,0.5998931623931624
hakonasi_20260825_131458_522,1,v30_aspect_unrestricted_diagnostic,300,10.0,1,1,0.4763821455945427,0,488.0,1144.0,2.6,0.4888888888888889
hakonasi_20260825_131458_522,1,v30_aspect_unrestricted_diagnostic,301,10.033333333333333,1,1,0.3919182802933086,0,495.0,1548.0,2.1666666666666665,0.5512820512820513
hakonasi_20260825_131458_522,1,v30_aspect_unrestricted_diagnostic,302,10.066666666666666,1,1,0.413877298524551,0,494.0,1266.0,2.111111111111111,0.46271929824561403
hakonasi_20260825_131458_522,1,v30_aspect_unrestricted_diagnostic,303,10.1,1,1,0.4944273900605378,0,485.0,1277.5,2.6923076923076925,0.7019230769230769
hakonasi_20260825_131458_522,1,v30_aspect_unrestricted_diagnostic,304,10.133333333333333,1,1,0.49240641504836064,0,485.0,1243.0,2.8461538461538463,0.646049896049896
hakonasi_20260825_131458_522,1,v30_aspect_unrestricted_diagnostic,305,10.166666666666666,1,1,0.4112378314536879,0,495.0,1449.5,2.2,0.5378478664192949
hakonasi_20260825_131458_522,1,v30_aspect_unrestricted_diagnostic,306,10.2,1,1,0.4055984287711081,0,495.0,1510.0,1.8888888888888888,0.6168300653594772
hakonasi_20260825_131458_522,1,v30_aspect_unrestricted_diagnostic,307,10.233333333333333,1,1,0.4937595445838078,0,485.0,1347.5,2.9615384615384617,0.6730769230769231
hakonasi_20260825_131458_522,1,v30_aspect_unrestricted_diagnostic,308,10.266666666666667,1,1,0.40641879034388245,0,495.0,1510.5,2.138888888888889,0.5449134199134199
hakonasi_20260825_131458_522,1,v30_aspect_unrestricted_diagnostic,309,10.3,1,1,0.47161841689003386,0,485.0,1155.5,2.6923076923076925,0.6348901098901099
hakonasi_20260825_131458_522,1,v30_aspect_unrestricted_diagnostic,310,10.333333333333334,1,1,0.470809607940489,0,485.0,1011.0,2.4615384615384617,0.6075721153846154
hakonasi_20260825_131458_522,1,v30_aspect_unrestricted_diagnostic,311,10.366666666666667,1,1,0.47161841689003386,0,485.0,1228.0,2.8461538461538463,0.6382536382536382
hakonasi_20260825_131458_522,1,v30_aspect_unrestricted_diagnostic,312,10.4,1,1,0.4154849165890986,0,495.0,1081.5,1.7777777777777777,0.4694010416666667
hakonasi_20260825_131458_522,1,v30_aspect_unrestricted_diagnostic,313,10.433333333333334,1,1,0.4130997967856528,0,494.5,1398.5,2.111111111111111,0.5111476608187134
hakonasi_20260825_131458_522,1,v30_aspect_unrestricted_diagnostic,314,10.466666666666667,1,1,0.4957543722832374,0,485.0,1034.0,2.68,0.6173134328358209
hakonasi_20260825_131458_522,1,v30_aspect_unrestricted_diagnostic,315,10.5,1,1,0.4650407082459372,0,485.0,1209.0,3.0,0.5961538461538461
hakonasi_20260825_131458_522,1,v30_aspect_unrestricted_diagnostic,316,10.533333333333333,1,1,0.4944273900605378,0,485.0,1182.0,2.4615384615384617,0.7103365384615384
hakonasi_20260825_131458_522,1,v30_aspect_unrestricted_diagnostic,317,10.566666666666666,1,1,0.48244433958116284,0,485.0,1226.0,2.9615384615384617,0.6123876123876124
hakonasi_20260825_131458_522,1,v30_aspect_unrestricted_diagnostic,318,10.6,1,1,0.470809607940489,0,485.0,1244.0,2.9615384615384617,0.6213786213786214
hakonasi_20260825_131458_522,1,v30_aspect_unrestricted_diagnostic,319,10.633333333333333,1,1,0.4164793731307734,0,493.5,1282.5,2.0555555555555554,0.4814189189189189
hakonasi_20260825_131458_522,1,v30_aspect_unrestricted_diagnostic,320,10.666666666666666,1,1,0.4964135090292069,0,485.0,670.5,1.8461538461538463,0.5372596153846154
hakonasi_20260825_131458_522,1,v30_aspect_unrestricted_diagnostic,321,10.7,1,1,0.41358741516997266,0,495.0,945.5,1.6,0.48239795918367345
hakonasi_20260825_131458_522,1,v30_aspect_unrestricted_diagnostic,322,10.733333333333333,1,1,0.4164793731307734,0,493.5,1323.5,2.111111111111111,0.48373538011695905
hakonasi_20260825_131458_522,1,v30_aspect_unrestricted_diagnostic,323,10.766666666666667,1,1,0.4930829798160842,0,485.0,1341.5,3.0,0.6614891518737672
hakonasi_20260825_131458_522,1,v30_aspect_unrestricted_diagnostic,324,10.8,1,1,0.4944273900605378,0,485.0,1002.0,2.576923076923077,0.5752009184845006
hakonasi_20260825_131458_522,1,v30_aspect_unrestricted_diagnostic,325,10.833333333333334,1,1,0.4771377082815258,0,485.0,974.5,2.1538461538461537,0.6692994505494505
hakonasi_20260825_131458_522,1,v30_aspect_unrestricted_diagnostic,326,10.866666666666667,1,1,0.470809607940489,0,485.0,1074.5,2.6153846153846154,0.6077488687782805
hakonasi_20260825_131458_522,1,v30_aspect_unrestricted_diagnostic,327,10.9,1,1,0.4508808901275336,0,489.0,1390.0,2.466666666666667,0.6261261261261262
hakonasi_20260825_131458_522,1,v30_aspect_unrestricted_diagnostic,328,10.933333333333334,1,1,0.4560513950120038,0,487.0,881.5,2.566666666666667,0.3816017316017316
hakonasi_20260825_131458_522,1,v30_aspect_unrestricted_diagnostic,329,10.966666666666667,1,1,0.4150669597610131,0,495.0,1371.5,1.8888888888888888,0.5602532679738562
hakonasi_20260825_131458_522,1,v30_aspect_unrestricted_diagnostic,330,11.0,1,1,0.48169760755546276,0,485.0,1160.0,3.12,0.5948717948717949
hakonasi_20260825_131458_522,1,v30_aspect_unrestricted_diagnostic,331,11.033333333333333,1,1,0.4055984287711081,0,495.0,1457.0,2.138888888888889,0.5256132756132756
hakonasi_20260825_131458_522,1,v30_aspect_unrestricted_diagnostic,332,11.066666666666666,1,1,0.4950952355372679,0,485.0,1241.0,2.923076923076923,0.6280364372469636
hakonasi_20260825_131458_522,1,v30_aspect_unrestricted_diagnostic,333,11.1,1,1,0.46164430170186527,0,485.0,958.5,2.423076923076923,0.5851648351648352
hakonasi_20260825_131458_522,1,v30_aspect_unrestricted_diagnostic,334,11.133333333333333,1,1,0.4667703851022177,0,487.0,1284.0,2.2333333333333334,0.6388059701492538
hakonasi_20260825_131458_522,1,v30_aspect_unrestricted_diagnostic,335,11.166666666666666,1,1,0.4516519224135821,0,489.0,1069.5,2.6,0.45705128205128204
hakonasi_20260825_131458_522,1,v30_aspect_unrestricted_diagnostic,336,11.2,1,1,0.4130997967856528,0,494.5,1295.5,1.7777777777777777,0.5622829861111112
hakonasi_20260825_131458_522,1,v30_aspect_unrestricted_diagnostic,337,11.233333333333333,1,1,0.48681906969149313,0,485.0,1004.5,2.8461538461538463,0.5220893970893971
hakonasi_20260825_131458_522,1,v30_aspect_unrestricted_diagnostic,338,11.266666666666667,1,1,0.4650407082459372,0,485.0,1075.5,2.4615384615384617,0.6463341346153846
hakonasi_20260825_131458_522,1,v30_aspect_unrestricted_diagnostic,339,11.3,1,1,0.4937595445838078,0,485.0,1318.5,2.923076923076923,0.667257085020243
hakonasi_20260825_131458_522,1,v30_aspect_unrestricted_diagnostic,340,11.333333333333334,1,1,0.4166633436586157,0,495.0,1430.0,2.1666666666666665,0.5092592592592593
hakonasi_20260825_131458_522,1,v30_aspect_unrestricted_diagnostic,341,11.366666666666667,1,1,0.48095087552976273,0,485.0,1100.0,2.923076923076923,0.5566801619433198
hakonasi_20260825_131458_522,1,v30_aspect_unrestricted_diagnostic,342,11.4,1,1,0.4154849165890986,0,495.0,1308.0,1.7777777777777777,0.5677083333333334
hakonasi_20260825_131458_522,1,v30_aspect_unrestricted_diagnostic,343,11.433333333333334,1,1,0.39631506311368586,0,495.0,1245.0,1.8888888888888888,0.508578431372549
hakonasi_20260825_131458_522,1,v30_aspect_unrestricted_diagnostic,344,11.466666666666667,1,1,0.4047780671983337,0,495.0,1518.0,2.1666666666666665,0.5405982905982906
hakonasi_20260825_131458_522,1,v30_aspect_unrestricted_diagnostic,345,11.5,1,1,0.40650583345566665,0,493.0,1196.0,1.8823529411764706,0.5496323529411765
hakonasi_20260825_131458_522,1,v30_aspect_unrestricted_diagnostic,346,11.533333333333333,1,1,0.40641879034388245,0,495.0,1451.5,1.7777777777777777,0.6299913194444444
hakonasi_20260825_131458_522,1,v30_aspect_unrestricted_diagnostic,347,11.566666666666666,1,1,0.47321821272472986,0,485.0,843.5,2.1538461538461537,0.5793269230769231
hakonasi_20260825_131458_522,1,v30_aspect_unrestricted_diagnostic,348,11.6,1,1,0.49771438564238824,0,485.0,1000.0,3.08,0.5194805194805194
hakonasi_20260825_131458_522,1,v30_aspect_unrestricted_diagnostic,349,11.633333333333333,1,1,0.4937595445838078,0,485.0,1332.5,2.8461538461538463,0.6925675675675675
hakonasi_20260825_131458_522,1,v30_aspect_unrestricted_diagnostic,350,11.666666666666666,1,1,0.47161841689003386,0,485.0,1104.5,2.4615384615384617,0.6637620192307693
hakonasi_20260825_131458_522,1,v30_aspect_unrestricted_diagnostic,351,11.7,1,1,0.4150669597610131,0,495.0,1124.5,1.8333333333333333,0.4732744107744108
hakonasi_20260825_131458_522,1,v30_aspect_unrestricted_diagnostic,352,11.733333333333333,1,1,0.413877298524551,0,494.0,1143.5,2.138888888888889,0.4125180375180375
hakonasi_20260825_131458_522,1,v30_aspect_unrestricted_diagnostic,353,11.766666666666667,1,1,0.4154849165890986,0,495.0,1387.5,2.111111111111111,0.5071271929824561
hakonasi_20260825_131458_522,1,v30_aspect_unrestricted_diagnostic,354,11.8,1,1,0.470809607940489,0,485.0,1232.0,3.0384615384615383,0.5998052580331061
hakonasi_20260825_131458_522,1,v30_aspect_unrestricted_diagnostic,355,11.833333333333334,1,1,0.41044323515502806,0,495.0,1281.5,2.0555555555555554,0.48104354354354356
hakonasi_20260825_131458_522,1,v30_aspect_unrestricted_diagnostic,356,11.866666666666667,1,1,0.4154849165890986,0,495.0,1203.5,1.9444444444444444,0.4775793650793651
hakonasi_20260825_131458_522,1,v30_aspect_unrestricted_diagnostic,357,11.9,1,1,0.470809607940489,0,485.0,1128.0,2.4615384615384617,0.6778846153846154
hakonasi_20260825_131458_522,1,v30_aspect_unrestricted_diagnostic,358,11.933333333333334,1,1,0.48464929388695877,0,485.0,1068.0,2.8461538461538463,0.5550935550935551
hakonasi_20260825_131458_522,1,v30_aspect_unrestricted_diagnostic,359,11.966666666666667,1,1,0.44694716625318176,0,489.0,1397.5,2.4375,0.5598958333333334
hakonasi_20260825_131458_522,1,v30_aspect_unrestricted_diagnostic,360,12.0,1,1,0.47161841689003386,0,485.0,1132.0,2.4615384615384617,0.6802884615384616
hakonasi_20260825_131458_522,1,v30_aspect_unrestricted_diagnostic,361,12.033333333333333,1,1,0.470809607940489,0,485.0,1132.5,2.4615384615384617,0.6805889423076923
hakonasi_20260825_131458_522,1,v30_aspect_unrestricted_diagnostic,362,12.066666666666666,1,1,0.41471593833494197,0,495.0,1281.0,1.9428571428571428,0.538235294117647
hakonasi_20260825_131458_522,1,v30_aspect_unrestricted_diagnostic,363,12.1,1,1,0.4740092143972967,0,485.0,834.0,2.0,0.6168639053254438
hakonasi_20260825_131458_522,1,v30_aspect_unrestricted_diagnostic,364,12.133333333333333,1,1,0.45470124040028714,0,489.0,1296.5,2.466666666666667,0.584009009009009
hakonasi_20260825_131458_522,1,v30_aspect_unrestricted_diagnostic,365,12.166666666666666,1,1,0.4937595445838078,0,485.0,1273.5,3.0833333333333335,0.7170608108108109
hakonasi_20260825_131458_522,1,v30_aspect_unrestricted_diagnostic,366,12.2,1,1,0.41599175474645356,0,493.5,1297.5,1.8888888888888888,0.5300245098039216
hakonasi_20260825_131458_522,1,v30_aspect_unrestricted_diagnostic,367,12.233333333333333,1,1,0.4555247918101929,0,485.0,1115.0,2.6153846153846154,0.630656108597285
hakonasi_20260825_131458_522,1,v30_aspect_unrestricted_diagnostic,368,12.266666666666667,1,1,0.47161841689003386,0,485.0,1086.0,2.6923076923076925,0.5967032967032967
hakonasi_20260825_131458_522,1,v30_aspect_unrestricted_diagnostic,369,12.3,1,1,0.4786753593805817,0,485.0,1210.5,3.0,0.5968934911242604
hakonasi_20260825_131458_522,1,v30_aspect_unrestricted_diagnostic,370,12.333333333333334,1,1,0.4130997967856528,0,494.5,1324.5,1.7777777777777777,0.5748697916666666
hakonasi_20260825_131458_522,1,v30_aspect_unrestricted_diagnostic,371,12.366666666666667,1,1,0.470809607940489,0,485.0,1146.5,2.8461538461538463,0.5958939708939709
hakonasi_20260825_131458_522,1,v30_aspect_unrestricted_diagnostic,372,12.4,1,1,0.4650407082459372,0,485.0,1154.0,2.8461538461538463,0.5997920997920998
hakonasi_20260825_131458_522,1,v30_aspect_unrestricted_diagnostic,373,12.433333333333334,1,1,0.4499173023662807,0,487.0,1197.5,2.466666666666667,0.5394144144144144
hakonasi_20260825_131458_522,1,v30_aspect_unrestricted_diagnostic,374,12.466666666666667,1,1,0.41044323515502806,0,495.0,1507.5,2.138888888888889,0.5438311688311688
hakonasi_20260825_131458_522,1,v30_aspect_unrestricted_diagnostic,375,12.5,1,1,0.41044323515502806,0,495.0,1435.5,2.2857142857142856,0.5126785714285714
hakonasi_20260825_131458_522,1,v30_aspect_unrestricted_diagnostic,376,12.533333333333333,1,1,0.4047780671983337,0,495.0,1404.5,2.2222222222222223,0.4876736111111111
hakonasi_20260825_131458_522,1,v30_aspect_unrestricted_diagnostic,377,12.566666666666666,1,1,0.470809607940489,0,485.0,899.0,2.6923076923076925,0.493956043956044
hakonasi_20260825_131458_522,1,v30_aspect_unrestricted_diagnostic,378,12.6,1,1,0.4937595445838078,0,485.0,1171.5,2.56,0.7321875
hakonasi_20260825_131458_522,1,v30_aspect_unrestricted_diagnostic,379,12.633333333333333,1,1,0.4944273900605378,0,485.0,1075.5,2.423076923076923,0.6565934065934066
hakonasi_20260825_131458_522,1,v30_aspect_unrestricted_diagnostic,380,12.666666666666666,1,1,0.4164793731307734,0,493.5,1240.0,2.138888888888889,0.44733044733044736
hakonasi_20260825_131458_522,1,v30_aspect_unrestricted_diagnostic,381,12.7,1,1,0.4185938293526759,0,493.0,1274.0,2.0555555555555554,0.47822822822822825
hakonasi_20260825_131458_522,1,v30_aspect_unrestricted_diagnostic,382,12.733333333333333,1,1,0.4930829798160842,0,485.0,1286.0,3.076923076923077,0.6182692307692308
hakonasi_20260825_131458_522,1,v30_aspect_unrestricted_diagnostic,383,12.766666666666667,1,1,0.40641879034388245,0,495.0,1394.5,1.9444444444444444,0.5533730158730159
hakonasi_20260825_131458_522,1,v30_aspect_unrestricted_diagnostic,384,12.8,1,1,0.47161841689003386,0,485.0,1145.5,2.9615384615384617,0.5721778221778222
hakonasi_20260825_131458_522,1,v30_aspect_unrestricted_diagnostic,385,12.833333333333334,1,1,0.39102842901080215,0,495.0,1280.0,1.9428571428571428,0.5378151260504201
hakonasi_20260825_131458_522,1,v30_aspect_unrestricted_diagnostic,386,12.866666666666667,1,1,0.4786753593805817,0,485.0,1216.5,2.9615384615384617,0.6076423576423576
hakonasi_20260825_131458_522,1,v30_aspect_unrestricted_diagnostic,387,12.9,1,1,0.413877298524551,0,494.0,1471.5,2.111111111111111,0.537828947368421
hakonasi_20260825_131458_522,1,v30_aspect_unrestricted_diagnostic,388,12.933333333333334,1,1,0.40641879034388245,0,495.0,1546.5,2.0555555555555554,0.5805180180180181
hakonasi_20260825_131458_522,1,v30_aspect_unrestricted_diagnostic,389,12.966666666666667,1,1,0.4055984287711081,0,495.0,1500.5,1.9444444444444444,0.5954365079365079
hakonasi_20260825_131458_522,1,v30_aspect_unrestricted_diagnostic,390,13.0,1,1,0.4185938293526759,0,493.0,1339.5,2.111111111111111,0.4895833333333333
hakonasi_20260825_131458_522,1,v30_aspect_unrestricted_diagnostic,391,13.033333333333333,1,1,0.41436491690887084,0,494.0,1282.5,2.138888888888889,0.46266233766233766
hakonasi_20260825_131458_522,1,v30_aspect_unrestricted_diagnostic,392,13.066666666666666,1,1,0.4185938293526759,0,493.0,1335.0,2.1666666666666665,0.4754273504273504
hakonasi_20260825_131458_522,1,v30_aspect_unrestricted_diagnostic,393,13.1,1,1,0.413877298524551,0,494.0,1244.5,2.138888888888889,0.44895382395382394
hakonasi_20260825_131458_522,1,v30_aspect_unrestricted_diagnostic,394,13.133333333333333,1,1,0.453947606568621,0,489.0,1364.0,2.5517241379310347,0.6356011183597391
hakonasi_20260825_131458_522,1,v30_aspect_unrestricted_diagnostic,395,13.166666666666666,1,1,0.4055984287711081,0,495.0,1627.5,2.111111111111111,0.5948464912280702
hakonasi_20260825_131458_522,1,v30_aspect_unrestricted_diagnostic,396,13.2,1,1,0.4937595445838078,0,485.0,1311.0,2.8461538461538463,0.6813929313929314
hakonasi_20260825_131458_522,1,v30_aspect_unrestricted_diagnostic,397,13.233333333333333,1,1,0.48244433958116284,0,485.0,1114.0,2.4615384615384617,0.6694711538461539
hakonasi_20260825_131458_522,1,v30_aspect_unrestricted_diagnostic,398,13.266666666666667,1,1,0.4128099134310745,0,495.0,1193.0,1.6111111111111112,0.571360153256705
hakonasi_20260825_131458_522,1,v30_aspect_unrestricted_diagnostic,399,13.3,1,1,0.4710466861905982,0,485.0,1129.5,2.923076923076923,0.5716093117408907
hakonasi_20260825_131458_522,1,v30_aspect_unrestricted_diagnostic,400,13.333333333333334,1,1,0.4524229546996306,0,489.0,1226.5,2.6,0.5241452991452992
hakonasi_20260825_131458_522,1,v30_aspect_unrestricted_diagnostic,401,13.366666666666667,1,1,0.4937595445838078,0,485.0,1326.0,2.8461538461538463,0.6891891891891891
hakonasi_20260825_131458_522,1,v30_aspect_unrestricted_diagnostic,402,13.4,1,1,0.470809607940489,0,485.0,1187.0,3.076923076923077,0.5706730769230769
hakonasi_20260825_131458_522,1,v30_aspect_unrestricted_diagnostic,403,13.433333333333334,1,1,0.3919182802933086,0,495.0,1274.0,1.5833333333333333,0.6208576998050682
hakonasi_20260825_131458_522,1,v30_aspect_unrestricted_diagnostic,404,13.466666666666667,1,1,0.40641879034388245,0,495.0,1440.5,2.1714285714285713,0.5415413533834587
hakonasi_20260825_131458_522,1,v30_aspect_unrestricted_diagnostic,405,13.5,1,1,0.470809607940489,0,485.0,1009.0,2.8461538461538463,0.5244282744282744
hakonasi_20260825_131458_522,1,v30_aspect_unrestricted_diagnostic,406,13.533333333333333,1,1,0.4154849165890986,0,495.0,1314.5,2.1142857142857143,0.5075289575289575
hakonasi_20260825_131458_522,1,v30_aspect_unrestricted_diagnostic,407,13.566666666666666,1,1,0.4794397581097347,0,485.0,1203.0,2.8461538461538463,0.6252598752598753
hakonasi_20260825_131458_522,1,v30_aspect_unrestricted_diagnostic,408,13.6,1,1,0.470809607940489,0,485.0,1154.0,2.6923076923076925,0.634065934065934
hakonasi_20260825_131458_522,1,v30_aspect_unrestricted_diagnostic,409,13.633333333333333,1,1,0.4590474715047607,0,485.0,1134.5,2.6923076923076925,0.6233516483516484
hakonasi_20260825_131458_522,1,v30_aspect_unrestricted_diagnostic,410,13.666666666666666,1,1,0.49172112015909086,0,485.0,1303.5,2.8461538461538463,0.6774948024948025
hakonasi_20260825_131458_522,1,v30_aspect_unrestricted_diagnostic,411,13.7,1,1,0.470809607940489,0,485.0,1022.0,2.923076923076923,0.5172064777327935
hakonasi_20260825_131458_522,1,v30_aspect_unrestricted_diagnostic,412,13.733333333333333,1,1,0.41742381390004724,0,494.0,1326.5,2.138888888888889,0.47853535353535354
hakonasi_20260825_131458_522,1,v30_aspect_unrestricted_diagnostic,413,13.766666666666667,1,1,0.4944273900605378,0,485.0,1368.5,2.8461538461538463,0.7112785862785863
hakonasi_20260825_131458_522,1,v30_aspect_unrestricted_diagnostic,414,13.8,1,1,0.41436491690887084,0,494.0,1435.0,2.2222222222222223,0.4982638888888889
hakonasi_20260825_131458_522,1,v30_aspect_unrestricted_diagnostic,415,13.833333333333334,1,1,0.46587634198961037,0,485.0,1012.0,2.8076923076923075,0.5331928345626976
hakonasi_20260825_131458_522,1,v30_aspect_unrestricted_diagnostic,416,13.866666666666667,1,1,0.470809607940489,0,485.0,1049.5,2.9615384615384617,0.5242257742257742
hakonasi_20260825_131458_522,1,v30_aspect_unrestricted_diagnostic,417,13.9,1,1,0.4164793731307734,0,493.5,1351.0,2.1666666666666665,0.4811253561253561
hakonasi_20260825_131458_522,1,v30_aspect_unrestricted_diagnostic,418,13.933333333333334,1,1,0.470809607940489,0,485.0,1161.5,2.923076923076923,0.5878036437246964
hakonasi_20260825_131458_522,1,v30_aspect_unrestricted_diagnostic,419,13.966666666666667,1,1,0.470809607940489,0,485.0,1209.0,3.0,0.5961538461538461
hakonasi_20260825_131458_522,1,v30_aspect_unrestricted_diagnostic,420,14.0,1,1,0.4088454708903343,0,495.0,1607.5,2.2222222222222223,0.5581597222222222
hakonasi_20260825_131458_522,1,v30_aspect_unrestricted_diagnostic,421,14.033333333333333,1,1,0.40641879034388245,0,495.0,1584.5,2.1666666666666665,0.5642806267806267
hakonasi_20260825_131458_522,1,v30_aspect_unrestricted_diagnostic,422,14.066666666666666,1,1,0.4950952355372679,0,485.0,1268.5,2.576923076923077,0.7281859931113662
hakonasi_20260825_131458_522,1,v30_aspect_unrestricted_diagnostic,423,14.1,1,1,0.4957543722832374,0,485.0,1079.5,2.5384615384615383,0.629079254079254
hakonasi_20260825_131458_522,1,v30_aspect_unrestricted_diagnostic,424,14.133333333333333,1,1,0.4937595445838078,0,485.0,1371.0,2.9615384615384617,0.6848151848151848
hakonasi_20260825_131458_522,1,v30_aspect_unrestricted_diagnostic,425,14.166666666666666,1,1,0.3919182802933086,0,495.0,1174.0,2.142857142857143,0.4472380952380952
hakonasi_20260825_131458_522,1,v30_aspect_unrestricted_diagnostic,426,14.2,1,1,0.4786753593805817,0,485.0,1234.5,2.923076923076923,0.624746963562753
hakonasi_20260825_131458_522,1,v30_aspect_unrestricted_diagnostic,427,14.233333333333333,1,1,0.470809607940489,0,485.0,961.0,2.8461538461538463,0.4994802494802495
hakonasi_20260825_131458_522,1,v30_aspect_unrestricted_diagnostic,428,14.266666666666667,1,1,0.49240641504836064,0,485.0,1009.5,2.923076923076923,0.5108805668016194
hakonasi_20260825_131458_522,1,v30_aspect_unrestricted_diagnostic,429,14.3,1,1,0.4937595445838078,0,485.0,1314.5,2.9615384615384617,0.6565934065934066
hakonasi_20260825_131458_522,1,v30_aspect_unrestricted_diagnostic,430,14.333333333333334,1,1,0.41436491690887084,0,494.0,1390.5,2.0555555555555554,0.5219594594594594
hakonasi_20260825_131458_522,1,v30_aspect_unrestricted_diagnostic,431,14.366666666666667,1,1,0.40641879034388245,0,495.0,1549.0,2.111111111111111,0.5661549707602339
hakonasi_20260825_131458_522,1,v30_aspect_unrestricted_diagnostic,432,14.4,1,1,0.49172112015909086,0,485.0,1160.5,3.0,0.5722386587771203
hakonasi_20260825_131458_522,1,v30_aspect_unrestricted_diagnostic,433,14.433333333333334,1,1,0.4130997967856528,0,494.5,1188.0,2.0,0.4583333333333333
hakonasi_20260825_131458_522,1,v30_aspect_unrestricted_diagnostic,434,14.466666666666667,1,1,0.41436491690887084,0,494.0,1414.5,2.138888888888889,0.5102813852813853
hakonasi_20260825_131458_522,1,v30_aspect_unrestricted_diagnostic,435,14.5,1,1,0.4154849165890986,0,495.0,1358.0,2.111111111111111,0.4963450292397661
hakonasi_20260825_131458_522,1,v30_aspect_unrestricted_diagnostic,436,14.533333333333333,1,1,0.4166633436586157,0,494.5,1271.0,2.138888888888889,0.45851370851370854
hakonasi_20260825_131458_522,1,v30_aspect_unrestricted_diagnostic,437,14.566666666666666,1,1,0.470809607940489,0,485.0,1191.5,2.8461538461538463,0.6192827442827443
hakonasi_20260825_131458_522,1,v30_aspect_unrestricted_diagnostic,438,14.6,1,1,0.3919182802933086,0,495.0,1293.5,1.7777777777777777,0.5614149305555556
hakonasi_20260825_131458_522,1,v30_aspect_unrestricted_diagnostic,439,14.633333333333333,1,1,0.4128099134310745,0,495.0,1119.0,1.5555555555555556,0.5550595238095238
hakonasi_20260825_131458_522,1,v30_aspect_unrestricted_diagnostic,440,14.666666666666666,1,1,0.470809607940489,0,485.0,1180.5,2.9615384615384617,0.5896603396603397
hakonasi_20260825_131458_522,1,v30_aspect_unrestricted_diagnostic,441,14.7,1,1,0.4930829798160842,0,485.0,1135.5,2.923076923076923,0.5746457489878543
hakonasi_20260825_131458_522,1,v30_aspect_unrestricted_diagnostic,442,14.733333333333333,1,1,0.470809607940489,0,485.0,1179.0,3.0,0.5813609467455622
hakonasi_20260825_131458_522,1,v30_aspect_unrestricted_diagnostic,443,14.766666666666667,1,1,0.4944273900605378,0,485.0,1272.5,2.6923076923076925,0.6991758241758241
hakonasi_20260825_131458_522,1,v30_aspect_unrestricted_diagnostic,444,14.8,1,1,0.4650407082459372,0,485.0,1050.5,2.4615384615384617,0.6313100961538461
hakonasi_20260825_131458_522,1,v30_aspect_unrestricted_diagnostic,445,14.833333333333334,1,1,0.4794397581097347,0,485.0,1205.0,2.4615384615384617,0.7241586538461539
hakonasi_20260825_131458_522,1,v30_aspect_unrestricted_diagnostic,446,14.866666666666667,1,1,0.41742381390004724,0,494.0,1318.0,2.138888888888889,0.4754689754689755
hakonasi_20260825_131458_522,1,v30_aspect_unrestricted_diagnostic,447,14.9,1,1,0.47241831480738183,0,485.0,869.0,2.6153846153846154,0.4915158371040724
hakonasi_20260825_131458_522,1,v30_aspect_unrestricted_diagnostic,448,14.933333333333334,1,1,0.4740092143972967,0,485.0,1126.5,2.769230769230769,0.6017628205128205
hakonasi_20260825_131458_522,1,v30_aspect_unrestricted_diagnostic,449,14.966666666666667,1,1,0.4944273900605378,0,485.0,1230.0,2.4615384615384617,0.7391826923076923
hakonasi_20260825_131458_522,1,v30_aspect_unrestricted_diagnostic,450,15.0,1,1,0.49172112015909086,0,485.0,1246.0,3.0384615384615383,0.6066212268743915
hakonasi_20260825_131458_522,1,v30_aspect_unrestricted_diagnostic,451,15.033333333333333,1,1,0.4937595445838078,0,485.0,1336.0,2.9615384615384617,0.6673326673326674
hakonasi_20260825_131458_522,1,v30_aspect_unrestricted_diagnostic,452,15.066666666666666,1,1,0.41590287341718407,0,495.0,1371.5,2.1666666666666665,0.48842592592592593
hakonasi_20260825_131458_522,1,v30_aspect_unrestricted_diagnostic,453,15.1,1,1,0.4055984287711081,0,495.0,1594.5,2.25,0.5468106995884774
hakonasi_20260825_131458_522,1,v30_aspect_unrestricted_diagnostic,454,15.133333333333333,1,1,0.4055984287711081,0,495.0,1711.0,2.1666666666666665,0.6093304843304843
hakonasi_20260825_131458_522,1,v30_aspect_unrestricted_diagnostic,455,15.166666666666666,1,1,0.41590287341718407,0,495.0,1343.0,2.1666666666666665,0.47827635327635326
hakonasi_20260825_131458_522,1,v30_aspect_unrestricted_diagnostic,456,15.2,1,1,0.45470124040028714,0,489.0,1404.5,2.7,0.5779835390946502
hakonasi_20260825_131458_522,1,v30_aspect_unrestricted_diagnostic,457,15.233333333333333,1,1,0.4096486388563682,0,495.0,1455.5,2.0555555555555554,0.5463588588588588
hakonasi_20260825_131458_522,1,v30_aspect_unrestricted_diagnostic,458,15.266666666666667,1,1,0.41044323515502806,0,495.0,1392.0,1.8888888888888888,0.5686274509803921
hakonasi_20260825_131458_522,1,v30_aspect_unrestricted_diagnostic,459,15.3,1,1,0.3919182802933086,0,495.0,1410.5,2.0,0.5441743827160493
hakonasi_20260825_131458_522,1,v30_aspect_unrestricted_diagnostic,460,15.333333333333334,1,1,0.470809607940489,0,485.0,1218.5,2.923076923076923,0.6166497975708503
hakonasi_20260825_131458_522,1,v30_aspect_unrestricted_diagnostic,461,15.366666666666667,1,1,0.49240641504836064,0,485.0,1177.5,2.9615384615384617,0.5881618381618382
hakonasi_20260825_131458_522,1,v30_aspect_unrestricted_diagnostic,462,15.4,1,1,0.4164793731307734,0,493.5,1410.0,2.25,0.4835390946502058
hakonasi_20260825_131458_522,1,v30_aspect_unrestricted_diagnostic,463,15.433333333333334,1,1,0.4218848399304446,0,495.0,1346.0,1.9444444444444444,0.5341269841269841
hakonasi_20260825_131458_522,1,v30_aspect_unrestricted_diagnostic,464,15.466666666666667,1,1,0.41044323515502806,0,495.0,1610.0,2.1666666666666665,0.5733618233618234
hakonasi_20260825_131458_522,1,v30_aspect_unrestricted_diagnostic,465,15.5,1,1,0.49240641504836064,0,485.0,1233.5,2.8461538461538463,0.6411122661122661
hakonasi_20260825_131458_522,1,v30_aspect_unrestricted_diagnostic,466,15.533333333333333,1,1,0.4521988568676772,0,489.0,1296.5,2.533333333333333,0.568640350877193
hakonasi_20260825_131458_522,1,v30_aspect_unrestricted_diagnostic,467,15.566666666666666,1,1,0.470809607940489,0,485.0,1190.5,2.923076923076923,0.6024797570850202
hakonasi_20260825_131458_522,1,v30_aspect_unrestricted_diagnostic,468,15.6,1,1,0.4096486388563682,0,495.0,1437.0,2.138888888888889,0.5183982683982684
hakonasi_20260825_131458_522,1,v30_aspect_unrestricted_diagnostic,469,15.633333333333333,1,1,0.4055984287711081,0,495.0,1411.5,1.7777777777777777,0.6126302083333334
hakonasi_20260825_131458_522,1,v30_aspect_unrestricted_diagnostic,470,15.666666666666666,1,1,0.4150669597610131,0,495.0,1356.0,1.7777777777777777,0.5885416666666666
hakonasi_20260825_131458_522,1,v30_aspect_unrestricted_diagnostic,471,15.7,1,1,0.41044323515502806,0,495.0,1373.5,1.7777777777777777,0.5961371527777778
hakonasi_20260825_131458_522,1,v30_aspect_unrestricted_diagnostic,472,15.733333333333333,1,1,0.470809607940489,0,485.0,1172.0,2.923076923076923,0.5931174089068826
hakonasi_20260825_131458_522,1,v30_aspect_unrestricted_diagnostic,473,15.766666666666667,1,1,0.4930829798160842,0,485.0,1260.0,3.0,0.621301775147929
hakonasi_20260825_131458_522,1,v30_aspect_unrestricted_diagnostic,474,15.8,1,1,0.4096486388563682,0,495.0,1501.0,2.111111111111111,0.5486111111111112
hakonasi_20260825_131458_522,1,v30_aspect_unrestricted_diagnostic,475,15.833333333333334,1,1,0.4164793731307734,0,493.5,1245.0,2.111111111111111,0.4550438596491228
hakonasi_20260825_131458_522,1,v30_aspect_unrestricted_diagnostic,476,15.866666666666667,1,1,0.40641879034388245,0,495.0,1463.5,2.0555555555555554,0.5493618618618619
hakonasi_20260825_131458_522,1,v30_aspect_unrestricted_diagnostic,477,15.9,1,1,0.47161841689003386,0,485.0,1094.5,2.3076923076923075,0.701602564102564
hakonasi_20260825_131458_522,1,v30_aspect_unrestricted_diagnostic,478,15.933333333333334,1,1,0.4786753593805817,0,485.0,1086.5,3.04,0.5718421052631579
hakonasi_20260825_131458_522,1,v30_aspect_unrestricted_diagnostic,479,15.966666666666667,1,1,0.4218848399304446,0,495.0,1601.5,2.138888888888889,0.5777417027417028
hakonasi_20260825_131458_522,1,v30_aspect_unrestricted_diagnostic,480,16.0,1,1,0.4516519224135821,0,489.0,1195.0,2.6333333333333333,0.5042194092827004
hakonasi_20260825_131458_522,1,v30_aspect_unrestricted_diagnostic,481,16.033333333333335,1,1,0.40641879034388245,0,495.0,1471.0,2.0555555555555554,0.5521771771771772
hakonasi_20260825_131458_522,1,v30_aspect_unrestricted_diagnostic,482,16.066666666666666,1,1,0.4055984287711081,0,495.0,1275.5,1.5555555555555556,0.6326884920634921
hakonasi_20260825_131458_522,1,v30_aspect_unrestricted_diagnostic,483,16.1,1,1,0.4957543722832374,0,485.0,1171.0,2.769230769230769,0.625534188034188
hakonasi_20260825_131458_522,1,v30_aspect_unrestricted_diagnostic,484,16.133333333333333,1,1,0.47161841689003386,0,485.0,1078.5,2.6153846153846154,0.6100113122171946
hakonasi_20260825_131458_522,1,v30_aspect_unrestricted_diagnostic,485,16.166666666666668,1,1,0.40641879034388245,0,495.0,1470.0,2.0833333333333335,0.5444444444444444
hakonasi_20260825_131458_522,1,v30_aspect_unrestricted_diagnostic,486,16.2,1,1,0.470809607940489,0,485.0,1153.5,2.6923076923076925,0.6337912087912088
hakonasi_20260825_131458_522,1,v30_aspect_unrestricted_diagnostic,487,16.233333333333334,1,1,0.4508808901275336,0,489.0,1244.5,2.4,0.5761574074074074
hakonasi_20260825_131458_522,1,v30_aspect_unrestricted_diagnostic,488,16.266666666666666,1,1,0.41436491690887084,0,495.0,1444.0,2.2222222222222223,0.5013888888888889
hakonasi_20260825_131458_522,1,v30_aspect_unrestricted_diagnostic,489,16.3,1,1,0.3919182802933086,0,495.0,1435.0,2.111111111111111,0.5244883040935673
hakonasi_20260825_131458_522,1,v30_aspect_unrestricted_diagnostic,490,16.333333333333332,1,1,0.4112378314536879,0,495.0,1384.0,1.8333333333333333,0.5824915824915825
hakonasi_20260825_131458_522,1,v30_aspect_unrestricted_diagnostic,491,16.366666666666667,1,1,0.4524229546996306,0,489.0,1225.5,2.6,0.5237179487179487
hakonasi_20260825_131458_522,1,v30_aspect_unrestricted_diagnostic,492,16.4,1,1,0.40641879034388245,0,495.0,1517.0,2.0,0.5852623456790124
hakonasi_20260825_131458_522,1,v30_aspect_unrestricted_diagnostic,493,16.433333333333334,1,1,0.3919182802933086,0,495.0,1395.0,2.0555555555555554,0.5236486486486487
hakonasi_20260825_131458_522,1,v30_aspect_unrestricted_diagnostic,494,16.466666666666665,1,1,0.41044323515502806,0,495.0,1484.5,2.142857142857143,0.5655238095238095
hakonasi_20260825_131458_522,1,v30_aspect_unrestricted_diagnostic,495,16.5,1,1,0.413877298524551,0,494.0,1336.5,2.0833333333333335,0.495
hakonasi_20260825_131458_522,1,v30_aspect_unrestricted_diagnostic,496,16.533333333333335,1,1,0.47161841689003386,0,485.0,1152.0,2.769230769230769,0.6153846153846154
hakonasi_20260825_131458_522,1,v30_aspect_unrestricted_diagnostic,497,16.566666666666666,1,1,0.41044323515502806,0,495.0,1445.0,2.0555555555555554,0.5424174174174174
hakonasi_20260825_131458_522,1,v30_aspect_unrestricted_diagnostic,498,16.6,1,1,0.4950952355372679,0,485.0,1248.0,2.4615384615384617,0.75
hakonasi_20260825_131458_522,1,v30_aspect_unrestricted_diagnostic,499,16.633333333333333,1,1,0.47161841689003386,0,485.0,1156.0,2.4615384615384617,0.6947115384615384
hakonasi_20260825_131458_522,1,v30_aspect_unrestricted_diagnostic,500,16.666666666666668,1,1,0.413877298524551,0,494.0,1301.5,2.0555555555555554,0.48855105105105107
hakonasi_20260825_131458_522,1,v30_aspect_unrestricted_diagnostic,501,16.7,1,1,0.4164793731307734,0,493.5,1223.0,2.0555555555555554,0.4590840840840841
hakonasi_20260825_131458_522,1,v30_aspect_unrestricted_diagnostic,502,16.733333333333334,1,1,0.470809607940489,0,485.0,1080.0,2.6153846153846154,0.6108597285067874
hakonasi_20260825_131458_522,1,v30_aspect_unrestricted_diagnostic,503,16.766666666666666,1,1,0.41436491690887084,0,494.0,1290.5,2.1666666666666665,0.4595797720797721
hakonasi_20260825_131458_522,1,v30_aspect_unrestricted_diagnostic,504,16.8,1,1,0.48392017636360674,0,485.0,1221.0,2.923076923076923,0.617914979757085
hakonasi_20260825_131458_522,1,v30_aspect_unrestricted_diagnostic,505,16.833333333333332,1,1,0.39102842901080215,0,495.0,1388.5,2.138888888888889,0.5009018759018758
hakonasi_20260825_131458_522,1,v30_aspect_unrestricted_diagnostic,506,16.866666666666667,1,1,0.476364455911623,0,485.0,1195.0,2.8461538461538463,0.6211018711018711
hakonasi_20260825_131458_522,1,v30_aspect_unrestricted_diagnostic,507,16.9,1,1,0.4755823359907433,0,485.0,1138.5,2.4615384615384617,0.6841947115384616
hakonasi_20260825_131458_522,1,v30_aspect_unrestricted_diagnostic,508,16.933333333333334,1,1,0.41338968014023114,0,494.0,1248.5,1.8611111111111112,0.517620232172471
hakonasi_20260825_131458_522,1,v30_aspect_unrestricted_diagnostic,509,16.966666666666665,1,1,0.4508808901275336,0,489.0,1241.5,2.3333333333333335,0.5911904761904762
hakonasi_20260825_131458_522,1,v30_aspect_unrestricted_diagnostic,510,17.0,1,1,0.47161841689003386,0,485.0,1265.0,2.8461538461538463,0.6574844074844075
hakonasi_20260825_131458_522,1,v30_aspect_unrestricted_diagnostic,511,17.033333333333335,1,1,0.4096486388563682,0,495.0,1416.5,2.0555555555555554,0.5317192192192193
hakonasi_20260825_131458_522,1,v30_aspect_unrestricted_diagnostic,512,17.066666666666666,1,1,0.4055984287711081,0,495.0,1470.0,2.0555555555555554,0.5518018018018018
hakonasi_20260825_131458_522,1,v30_aspect_unrestricted_diagnostic,513,17.1,1,1,0.47161841689003386,0,485.0,1186.0,2.6153846153846154,0.670814479638009
hakonasi_20260825_131458_522,1,v30_aspect_unrestricted_diagnostic,514,17.133333333333333,1,1,0.40641879034388245,0,495.0,1448.5,2.2222222222222223,0.5029513888888889
hakonasi_20260825_131458_522,1,v30_aspect_unrestricted_diagnostic,515,17.166666666666668,1,1,0.4748002160698636,0,485.0,1257.0,3.0384615384615383,0.6119766309639727
hakonasi_20260825_131458_522,1,v30_aspect_unrestricted_diagnostic,516,17.2,1,1,0.4055984287711081,0,495.0,1507.5,2.1666666666666665,0.5368589743589743
hakonasi_20260825_131458_522,1,v30_aspect_unrestricted_diagnostic,517,17.233333333333334,1,1,0.4055984287711081,0,495.0,1462.0,2.0,0.5640432098765432
hakonasi_20260825_131458_522,1,v30_aspect_unrestricted_diagnostic,518,17.266666666666666,1,1,0.4055984287711081,0,495.0,1526.5,2.2777777777777777,0.5171070460704607
hakonasi_20260825_131458_522,1,v30_aspect_unrestricted_diagnostic,519,17.3,1,1,0.4166633436586157,0,495.0,1612.0,2.0833333333333335,0.597037037037037
hakonasi_20260825_131458_522,1,v30_aspect_unrestricted_diagnostic,520,17.333333333333332,1,1,0.41044323515502806,0,495.0,1489.5,2.0,0.5746527777777778
hakonasi_20260825_131458_522,1,v30_aspect_unrestricted_diagnostic,521,17.366666666666667,1,1,0.4112378314536879,0,495.0,1437.0,1.7777777777777777,0.6236979166666666
hakonasi_20260825_131458_522,1,v30_aspect_unrestricted_diagnostic,522,17.4,1,1,0.4080423029243003,0,495.0,1426.5,1.6388888888888888,0.6716101694915254
hakonasi_20260825_131458_522,1,v30_aspect_unrestricted_diagnostic,523,17.433333333333334,1,1,0.41044323515502806,0,495.0,1516.5,2.0555555555555554,0.5692567567567568
hakonasi_20260825_131458_522,1,v30_aspect_unrestricted_diagnostic,524,17.466666666666665,1,1,0.40641879034388245,0,495.0,1683.0,2.111111111111111,0.6151315789473685
hakonasi_20260825_131458_522,1,v30_aspect_unrestricted_diagnostic,525,17.5,1,1,0.41044323515502806,0,495.0,1769.5,2.2777777777777777,0.5994241192411924
hakonasi_20260825_131458_522,1,v30_aspect_unrestricted_diagnostic,526,17.533333333333335,1,1,0.4055984287711081,0,495.0,1444.0,2.0555555555555554,0.5420420420420421
hakonasi_20260825_131458_522,1,v30_aspect_unrestricted_diagnostic,527,17.566666666666666,1,1,0.4508808901275336,0,489.0,1374.0,2.7666666666666666,0.5518072289156627
hakonasi_20260825_131458_522,1,v30_aspect_unrestricted_diagnostic,528,17.6,1,1,0.3901298058663975,0,495.0,1877.0,2.6666666666666665,0.5431134259259259
hakonasi_20260825_131458_522,1,v30_aspect_unrestricted_diagnostic,529,17.633333333333333,1,1,0.41044323515502806,0,495.0,1772.5,2.3055555555555554,0.5932061579651942
hakonasi_20260825_131458_522,1,v30_aspect_unrestricted_diagnostic,530,17.666666666666668,1,1,0.4096486388563682,0,495.0,1680.5,2.2777777777777777,0.5692750677506775
hakonasi_20260825_131458_522,1,v30_aspect_unrestricted_diagnostic,531,17.7,1,1,0.4088454708903343,0,495.0,1668.5,2.1944444444444446,0.5866736990154712
hakonasi_20260825_131458_522,1,v30_aspect_unrestricted_diagnostic,532,17.733333333333334,1,1,0.4022824747325716,0,495.0,1844.5,2.5833333333333335,0.5509259259259259
hakonasi_20260825_131458_522,1,v30_aspect_unrestricted_diagnostic,533,17.766666666666666,1,1,0.40641879034388245,0,495.0,1660.0,2.2222222222222223,0.5763888888888888
hakonasi_20260825_131458_522,1,v30_aspect_unrestricted_diagnostic,534,17.8,1,1,0.40825307708222613,0,493.0,1730.5,2.9411764705882355,0.5089705882352941
hakonasi_20260825_131458_522,1,v30_aspect_unrestricted_diagnostic,535,17.833333333333332,1,1,0.40641879034388245,0,495.0,1751.5,2.388888888888889,0.5657299741602068
hakonasi_20260825_131458_522,1,v30_aspect_unrestricted_diagnostic,536,17.866666666666667,1,1,0.4166633436586157,0,495.0,1791.5,2.3333333333333335,0.5924272486772487
hakonasi_20260825_131458_522,1,v30_aspect_unrestricted_diagnostic,537,17.9,1,1,0.4047780671983337,0,495.0,1871.0,2.5833333333333335,0.5588410991636799
hakonasi_20260825_131458_522,1,v30_aspect_unrestricted_diagnostic,538,17.933333333333334,1,1,0.4072305466340914,0,495.0,1729.0,2.0833333333333335,0.6403703703703704
hakonasi_20260825_131458_522,1,v30_aspect_unrestricted_diagnostic,539,17.966666666666665,1,1,0.40641879034388245,0,495.0,1811.5,2.0833333333333335,0.6709259259259259
hakonasi_20260825_131458_522,1,v30_aspect_unrestricted_diagnostic,540,18.0,1,1,0.4055984287711081,0,495.0,1890.5,2.4444444444444446,0.5967487373737373
hakonasi_20260825_131458_522,1,v30_aspect_unrestricted_diagnostic,541,18.033333333333335,1,1,0.4096486388563682,0,495.0,1788.5,2.4444444444444446,0.5645517676767676
hakonasi_20260825_131458_522,1,v30_aspect_unrestricted_diagnostic,542,18.066666666666666,1,1,0.4055984287711081,0,495.0,1754.5,2.3333333333333335,0.580191798941799
hakonasi_20260825_131458_522,1,v30_aspect_unrestricted_diagnostic,543,18.1,1,1,0.4055984287711081,0,495.0,1853.0,2.6666666666666665,0.5361689814814815
hakonasi_20260825_131458_522,1,v30_aspect_unrestricted_diagnostic,544,18.133333333333333,1,1,0.3919182802933086,0,495.0,1594.5,1.8888888888888888,0.6513480392156863
hakonasi_20260825_131458_522,1,v30_aspect_unrestricted_diagnostic,545,18.166666666666668,1,1,0.40312009896322315,0,495.0,1889.0,2.6666666666666665,0.5465856481481481
hakonasi_20260825_131458_522,1,v30_aspect_unrestricted_diagnostic,546,18.2,1,1,0.4088454708903343,0,495.0,1852.0,2.5833333333333335,0.5531660692951016
hakonasi_20260825_131458_522,1,v30_aspect_unrestricted_diagnostic,547,18.233333333333334,1,1,0.4039490830807784,0,495.0,1858.0,2.5555555555555554,0.5609903381642513
hakonasi_20260825_131458_522,1,v30_aspect_unrestricted_diagnostic,548,18.266666666666666,1,1,0.40641879034388245,0,495.0,1830.5,2.5277777777777777,0.5587606837606838
hakonasi_20260825_131458_522,1,v30_aspect_unrestricted_diagnostic,549,18.3,1,1,0.4218848399304446,0,495.0,1777.0,2.5,0.5484567901234568
hakonasi_20260825_131458_522,1,v30_aspect_unrestricted_diagnostic,550,18.333333333333332,1,1,0.40641879034388245,0,495.0,1850.0,2.5833333333333335,0.5525686977299881
hakonasi_20260825_131458_522,1,v30_aspect_unrestricted_diagnostic,551,18.366666666666667,1,1,0.4096486388563682,0,495.0,2020.0,2.5555555555555554,0.6099033816425121
hakonasi_20260825_131458_522,1,v30_aspect_unrestricted_diagnostic,552,18.4,1,1,0.4022824747325716,0,495.0,1800.5,2.0555555555555554,0.6758633633633634
hakonasi_20260825_131458_522,1,v30_aspect_unrestricted_diagnostic,553,18.433333333333334,1,1,0.4096486388563682,0,495.0,1866.5,2.6666666666666665,0.5400752314814815
hakonasi_20260825_131458_522,1,v30_aspect_unrestricted_diagnostic,554,18.466666666666665,1,1,0.4461499265182134,0,489.0,1755.0,2.7058823529411766,0.5610613810741688
hakonasi_20260825_131458_522,1,v30_aspect_unrestricted_diagnostic,555,18.5,1,1,0.4096486388563682,0,495.0,1912.0,2.5555555555555554,0.5772946859903382
hakonasi_20260825_131458_522,1,v30_aspect_unrestricted_diagnostic,556,18.533333333333335,1,1,0.40312009896322315,0,495.0,1991.5,2.7222222222222223,0.564484126984127
hakonasi_20260825_131458_522,1,v30_aspect_unrestricted_diagnostic,557,18.566666666666666,1,1,0.4055984287711081,0,495.0,1940.5,2.5277777777777777,0.5923382173382173
hakonasi_20260825_131458_522,1,v30_aspect_unrestricted_diagnostic,558,18.6,1,1,0.4055984287711081,0,495.0,1916.0,2.5555555555555554,0.5785024154589372
hakonasi_20260825_131458_522,1,v30_aspect_unrestricted_diagnostic,559,18.633333333333333,1,1,0.418927768719505,0,495.0,1984.5,2.675675675675676,0.5417690417690417
hakonasi_20260825_131458_522,1,v30_aspect_unrestricted_diagnostic,560,18.666666666666668,1,1,0.40641879034388245,0,495.0,1886.5,2.638888888888889,0.5516081871345029
hakonasi_20260825_131458_522,1,v30_aspect_unrestricted_diagnostic,561,18.7,1,1,0.4181757913097761,0,495.0,1767.0,2.111111111111111,0.6458333333333334
hakonasi_20260825_131458_522,1,v30_aspect_unrestricted_diagnostic,562,18.733333333333334,1,1,0.40641879034388245,0,495.0,1893.0,2.5405405405405403,0.5442783208740656
hakonasi_20260825_131458_522,1,v30_aspect_unrestricted_diagnostic,563,18.766666666666666,1,1,0.4166633436586157,0,495.0,1973.5,2.675675675675676,0.5387660387660388
hakonasi_20260825_131458_522,1,v30_aspect_unrestricted_diagnostic,564,18.8,1,1,0.4055984287711081,0,495.0,1890.5,2.6666666666666665,0.5470196759259259
hakonasi_20260825_131458_522,1,v30_aspect_unrestricted_diagnostic,565,18.833333333333332,1,1,0.40641879034388245,0,495.0,1972.0,2.611111111111111,0.58274231678487
hakonasi_20260825_131458_522,1,v30_aspect_unrestricted_diagnostic,566,18.866666666666667,1,1,0.39102842901080215,0,495.0,1806.5,2.5555555555555554,0.5454408212560387
hakonasi_20260825_131458_522,1,v30_aspect_unrestricted_diagnostic,567,18.9,1,1,0.4088454708903343,0,495.0,1953.5,2.7222222222222223,0.5537131519274376
hakonasi_20260825_131458_522,1,v30_aspect_unrestricted_diagnostic,568,18.933333333333334,1,1,0.36844107802058274,0,499.0,1988.5,2.3333333333333335,0.48311467444120504
hakonasi_20260825_131458_522,1,v30_aspect_unrestricted_diagnostic,569,18.966666666666665,1,1,0.4080423029243003,0,495.0,2201.5,2.6486486486486487,0.6071428571428571
hakonasi_20260825_131458_522,1,v30_aspect_unrestricted_diagnostic,570,19.0,1,1,0.3919182802933086,0,495.0,1888.0,2.27027027027027,0.6074646074646075
hakonasi_20260825_131458_522,1,v30_aspect_unrestricted_diagnostic,571,19.033333333333335,1,1,0.4047780671983337,0,495.0,2112.5,2.675675675675676,0.5767130767130767
hakonasi_20260825_131458_522,1,v30_aspect_unrestricted_diagnostic,572,19.066666666666666,1,1,0.4055984287711081,0,495.0,1953.5,2.5945945945945947,0.5499718468468469
hakonasi_20260825_131458_522,1,v30_aspect_unrestricted_diagnostic,573,19.1,1,1,0.41358741516997266,0,495.0,1886.5,2.4473684210526314,0.5338143746462931
hakonasi_20260825_131458_522,1,v30_aspect_unrestricted_diagnostic,574,19.133333333333333,1,1,0.4055984287711081,0,495.0,1966.5,2.5128205128205128,0.5145211930926217
hakonasi_20260825_131458_522,1,v30_aspect_unrestricted_diagnostic,575,19.166666666666668,1,1,0.4088454708903343,0,495.0,1996.0,2.5945945945945947,0.5619369369369369
hakonasi_20260825_131458_522,1,v30_aspect_unrestricted_diagnostic,576,19.2,1,1,0.4088454708903343,0,495.0,2038.0,2.675675675675676,0.5563745563745564
hakonasi_20260825_131458_522,1,v30_aspect_unrestricted_diagnostic,577,19.233333333333334,1,1,0.39102842901080215,0,495.0,1735.0,2.0833333333333335,0.6425925925925926
hakonasi_20260825_131458_522,1,v30_aspect_unrestricted_diagnostic,578,19.266666666666666,1,1,0.40641879034388245,0,495.0,2183.5,2.5945945945945947,0.6147240990990991
hakonasi_20260825_131458_522,1,v30_aspect_unrestricted_diagnostic,579,19.3,1,1,0.4039490830807784,0,495.0,2038.5,3.0555555555555554,0.5147727272727273
hakonasi_20260825_131458_522,1,v30_aspect_unrestricted_diagnostic,580,19.333333333333332,1,1,0.38923118272199286,0,495.0,2025.5,2.9722222222222223,0.5258307372793354
hakonasi_20260825_131458_522,1,v30_aspect_unrestricted_diagnostic,581,19.366666666666667,1,1,0.41358741516997266,0,495.0,2050.5,2.675675675675676,0.5597870597870598
hakonasi_20260825_131458_522,1,v30_aspect_unrestricted_diagnostic,582,19.4,1,1,0.41513389516302746,0,495.0,2041.0,2.5945945945945947,0.5746058558558559
hakonasi_20260825_131458_522,1,v30_aspect_unrestricted_diagnostic,583,19.433333333333334,1,1,0.4080423029243003,0,495.0,1985.5,2.5945945945945947,0.5589808558558559
hakonasi_20260825_131458_522,1,v30_aspect_unrestricted_diagnostic,584,19.466666666666665,1,1,0.4088454708903343,0,495.0,1930.0,2.6666666666666665,0.5584490740740741
hakonasi_20260825_131458_522,1,v30_aspect_unrestricted_diagnostic,585,19.5,1,1,0.4088454708903343,0,495.0,2173.5,2.7567567567567566,0.5759141494435612
hakonasi_20260825_131458_522,1,v30_aspect_unrestricted_diagnostic,586,19.533333333333335,1,1,0.4055984287711081,0,495.0,2110.0,2.6216216216216215,0.58790749512399
hakonasi_20260825_131458_522,1,v30_aspect_unrestricted_diagnostic,587,19.566666666666666,1,1,0.4055984287711081,0,495.0,1867.5,2.1944444444444446,0.6566455696202531
hakonasi_20260825_131458_522,1,v30_aspect_unrestricted_diagnostic,588,19.6,1,1,0.4055984287711081,0,495.0,1957.5,2.388888888888889,0.6322674418604651
hakonasi_20260825_131458_522,1,v30_aspect_unrestricted_diagnostic,589,19.633333333333333,1,1,0.4055984287711081,0,495.0,1889.0,2.3333333333333335,0.6246693121693122
hakonasi_20260825_131458_522,1,v30_aspect_unrestricted_diagnostic,590,19.666666666666668,1,1,0.4039490830807784,0,495.0,2080.5,2.4615384615384617,0.5556891025641025
hakonasi_20260825_131458_522,1,v30_aspect_unrestricted_diagnostic,591,19.7,1,1,0.4047780671983337,0,495.0,2064.5,2.810810810810811,0.536512474012474
hakonasi_20260825_131458_522,1,v30_aspect_unrestricted_diagnostic,592,19.733333333333334,1,1,0.41358741516997266,0,495.0,2175.5,2.7777777777777777,0.6043055555555555
hakonasi_20260825_131458_522,1,v30_aspect_unrestricted_diagnostic,593,19.766666666666666,1,1,0.38923118272199286,0,495.0,1993.0,2.864864864864865,0.5081591024987251
hakonasi_20260825_131458_522,1,v30_aspect_unrestricted_diagnostic,594,19.8,1,1,0.41513389516302746,0,495.0,2157.5,2.675675675675676,0.588998088998089
hakonasi_20260825_131458_522,1,v30_aspect_unrestricted_diagnostic,595,19.833333333333332,1,1,0.41044323515502806,0,495.0,1994.0,2.324324324324324,0.6266499057196732
hakonasi_20260825_131458_522,1,v30_aspect_unrestricted_diagnostic,596,19.866666666666667,1,1,0.4088454708903343,0,495.0,2062.0,2.8333333333333335,0.5615468409586056
hakonasi_20260825_131458_522,1,v30_aspect_unrestricted_diagnostic,597,19.9,1,1,0.41742381390004724,0,495.0,1972.0,2.1621621621621623,0.6662162162162162
hakonasi_20260825_131458_522,1,v30_aspect_unrestricted_diagnostic,598,19.933333333333334,1,1,0.4055984287711081,0,495.0,2287.0,2.9166666666666665,0.605026455026455
hakonasi_20260825_131458_522,1,v30_aspect_unrestricted_diagnostic,599,19.966666666666665,1,1,0.4047780671983337,0,495.0,1961.5,2.5405405405405403,0.5639735480161012
hakonasi_20260825_131458_522,1,v30_aspect_unrestricted_diagnostic,600,20.0,1,1,0.4055984287711081,0,495.0,2061.5,2.6486486486486487,0.5685328185328186
hakonasi_20260825_131458_522,1,v30_aspect_unrestricted_diagnostic,601,20.033333333333335,1,1,0.4055984287711081,0,495.0,2047.0,2.6486486486486487,0.5645339216767788
hakonasi_20260825_131458_522,1,v30_aspect_unrestricted_diagnostic,602,20.066666666666666,1,1,0.41513389516302746,0,495.0,1931.5,2.675675675675676,0.5273000273000273
hakonasi_20260825_131458_522,1,v30_aspect_unrestricted_diagnostic,603,20.1,1,1,0.4039490830807784,0,495.0,1964.0,2.5135135135135136,0.5707643126997965
hakonasi_20260825_131458_522,1,v30_aspect_unrestricted_diagnostic,604,20.133333333333333,1,1,0.41436491690887084,0,495.0,2094.0,2.861111111111111,0.5647249190938511
hakonasi_20260825_131458_522,1,v30_aspect_unrestricted_diagnostic,605,20.166666666666668,1,1,0.4128099134310745,0,495.0,2061.0,2.6153846153846154,0.5180995475113123
hakonasi_20260825_131458_522,1,v30_aspect_unrestricted_diagnostic,606,20.2,1,1,0.40641879034388245,0,495.0,2045.0,2.4864864864864864,0.6007638072855465
hakonasi_20260825_131458_522,1,v30_aspect_unrestricted_diagnostic,607,20.233333333333334,1,1,0.4088454708903343,0,495.0,1935.5,2.388888888888889,0.6251614987080103
hakonasi_20260825_131458_522,1,v30_aspect_unrestricted_diagnostic,608,20.266666666666666,1,1,0.4088454708903343,0,495.0,2037.5,2.7222222222222223,0.5775226757369615
hakonasi_20260825_131458_522,1,v30_aspect_unrestricted_diagnostic,609,20.3,1,1,0.41044323515502806,0,495.0,1982.5,2.324324324324324,0.6230358265241986
hakonasi_20260825_131458_522,1,v30_aspect_unrestricted_diagnostic,610,20.333333333333332,1,1,0.4166633436586157,0,495.0,2135.0,2.6486486486486487,0.5888030888030888
hakonasi_20260825_131458_522,1,v30_aspect_unrestricted_diagnostic,611,20.366666666666667,1,1,0.4080423029243003,0,495.0,2038.0,2.675675675675676,0.5563745563745564
hakonasi_20260825_131458_522,1,v30_aspect_unrestricted_diagnostic,612,20.4,1,1,0.40641879034388245,0,495.0,1973.0,2.4864864864864864,0.5796122209165687
hakonasi_20260825_131458_522,1,v30_aspect_unrestricted_diagnostic,613,20.433333333333334,1,1,0.40312009896322315,0,495.0,1969.0,2.75,0.5524691358024691
hakonasi_20260825_131458_522,1,v30_aspect_unrestricted_diagnostic,614,20.466666666666665,1,1,0.40641879034388245,0,495.0,1883.5,2.4166666666666665,0.6013729246487867
hakonasi_20260825_131458_522,1,v30_aspect_unrestricted_diagnostic,615,20.5,1,1,0.4080423029243003,0,495.0,1939.5,2.5405405405405403,0.5576480736055204
hakonasi_20260825_131458_522,1,v30_aspect_unrestricted_diagnostic,616,20.533333333333335,1,1,0.4088454708903343,0,495.0,2012.5,2.358974358974359,0.5608974358974359
hakonasi_20260825_131458_522,1,v30_aspect_unrestricted_diagnostic,617,20.566666666666666,1,1,0.4047780671983337,0,495.0,2000.5,2.6944444444444446,0.5728808705612829
hakonasi_20260825_131458_522,1,v30_aspect_unrestricted_diagnostic,618,20.6,1,1,0.4055984287711081,0,495.0,2071.5,2.6944444444444446,0.593213058419244
hakonasi_20260825_131458_522,1,v30_aspect_unrestricted_diagnostic,619,20.633333333333333,1,1,0.41044323515502806,0,495.0,1952.0,2.324324324324324,0.6134506599622879
hakonasi_20260825_131458_522,1,v30_aspect_unrestricted_diagnostic,620,20.666666666666668,1,1,0.4047780671983337,0,495.0,2080.0,2.888888888888889,0.5555555555555556
hakonasi_20260825_131458_522,1,v30_aspect_unrestricted_diagnostic,621,20.7,1,1,0.3901298058663975,0,495.0,2008.5,2.7567567567567566,0.5321939586645469
hakonasi_20260825_131458_522,1,v30_aspect_unrestricted_diagnostic,622,20.733333333333334,1,1,0.4055984287711081,0,495.0,2028.0,2.72972972972973,0.5426812951565427
hakonasi_20260825_131458_522,1,v30_aspect_unrestricted_diagnostic,623,20.766666666666666,1,1,0.41358741516997266,0,495.0,2147.0,2.7567567567567566,0.5688924218335983
hakonasi_20260825_131458_522,1,v30_aspect_unrestricted_diagnostic,624,20.8,1,1,0.4055984287711081,0,495.0,2045.0,2.5,0.6311728395061729
hakonasi_20260825_131458_522,1,v30_aspect_unrestricted_diagnostic,625,20.833333333333332,1,1,0.4047780671983337,0,495.0,2105.5,2.6842105263157894,0.5432146542827657
hakonasi_20260825_131458_522,1,v30_aspect_unrestricted_diagnostic,626,20.866666666666667,1,1,0.41513389516302746,0,495.0,2077.0,2.675675675675676,0.567021567021567
hakonasi_20260825_131458_522,1,v30_aspect_unrestricted_diagnostic,627,20.9,1,1,0.37237843540313753,0,499.0,2189.0,2.558139534883721,0.4627906976744186
hakonasi_20260825_131458_522,1,v30_aspect_unrestricted_diagnostic,628,20.933333333333334,1,1,0.4120238724423812,0,495.0,2011.0,2.6486486486486487,0.5546056260341975
hakonasi_20260825_131458_522,1,v30_aspect_unrestricted_diagnostic,629,20.966666666666665,1,1,0.39102842901080215,0,495.0,1903.0,2.4594594594594597,0.5651915651915652
hakonasi_20260825_131458_522,1,v30_aspect_unrestricted_diagnostic,630,21.0,1,1,0.40641879034388245,0,495.0,1983.0,2.5405405405405403,0.5701552616446234
hakonasi_20260825_131458_522,1,v30_aspect_unrestricted_diagnostic,631,21.033333333333335,1,1,0.4055984287711081,0,495.0,1953.5,2.4054054054054053,0.5932280595201943
hakonasi_20260825_131458_522,1,v30_aspect_unrestricted_diagnostic,632,21.066666666666666,1,1,0.4088454708903343,0,495.0,2061.0,2.7027027027027026,0.557027027027027
hakonasi_20260825_131458_522,1,v30_aspect_unrestricted_diagnostic,633,21.1,1,1,0.4055984287711081,0,495.0,2050.0,2.7567567567567566,0.543190249072602
hakonasi_20260825_131458_522,1,v30_aspect_unrestricted_diagnostic,634,21.133333333333333,1,1,0.4055984287711081,0,495.0,1863.0,2.1621621621621623,0.6293918918918919
hakonasi_20260825_131458_522,1,v30_aspect_unrestricted_diagnostic,635,21.166666666666668,1,1,0.4055984287711081,0,495.0,2076.0,2.5555555555555554,0.6268115942028986
hakonasi_20260825_131458_522,1,v30_aspect_unrestricted_diagnostic,636,21.2,1,1,0.4055984287711081,0,495.0,2004.0,2.4722222222222223,0.6254681647940075
hakonasi_20260825_131458_522,1,v30_aspect_unrestricted_diagnostic,637,21.233333333333334,1,1,0.40641879034388245,0,495.0,1974.5,2.6666666666666665,0.5713252314814815
hakonasi_20260825_131458_522,1,v30_aspect_unrestricted_diagnostic,638,21.266666666666666,1,1,0.41513389516302746,0,495.0,2115.5,2.6666666666666665,0.6121238425925926
hakonasi_20260825_131458_522,1,v30_aspect_unrestricted_diagnostic,639,21.3,1,1,0.41513389516302746,0,495.0,2138.0,2.7567567567567566,0.566507684154743
hakonasi_20260825_131458_522,1,v30_aspect_unrestricted_diagnostic,640,21.333333333333332,1,1,0.40641879034388245,0,495.0,2038.5,2.5405405405405403,0.586112708453134
hakonasi_20260825_131458_522,1,v30_aspect_unrestricted_diagnostic,641,21.366666666666667,1,1,0.4166633436586157,0,495.0,1855.0,2.27027027027027,0.5968468468468469
hakonasi_20260825_131458_522,1,v30_aspect_unrestricted_diagnostic,642,21.4,1,1,0.41436491690887084,0,495.0,2080.0,2.7567567567567566,0.5511393746687865
hakonasi_20260825_131458_522,1,v30_aspect_unrestricted_diagnostic,643,21.433333333333334,1,1,0.42126446957194374,0,491.0,1839.0,2.6666666666666665,0.5321180555555556
hakonasi_20260825_131458_522,1,v30_aspect_unrestricted_diagnostic,644,21.466666666666665,1,1,0.40641879034388245,0,495.0,1902.5,2.1052631578947367,0.6258223684210527
hakonasi_20260825_131458_522,1,v30_aspect_unrestricted_diagnostic,645,21.5,1,1,0.4039490830807784,0,495.0,2019.5,2.75,0.566638608305275
hakonasi_20260825_131458_522,1,v30_aspect_unrestricted_diagnostic,646,21.533333333333335,1,1,0.4055984287711081,0,495.0,1952.5,2.675675675675676,0.5330330330330331
hakonasi_20260825_131458_522,1,v30_aspect_unrestricted_diagnostic,647,21.566666666666666,1,1,0.4088454708903343,0,495.0,2046.0,2.75,0.5740740740740741
hakonasi_20260825_131458_522,1,v30_aspect_unrestricted_diagnostic,648,21.6,1,1,0.39102842901080215,0,495.0,1841.5,2.5555555555555554,0.5560084541062802
hakonasi_20260825_131458_522,1,v30_aspect_unrestricted_diagnostic,649,21.633333333333333,1,1,0.40641879034388245,0,495.0,1911.5,2.2432432432432434,0.622435688700749
hakonasi_20260825_131458_522,1,v30_aspect_unrestricted_diagnostic,650,21.666666666666668,1,1,0.4055984287711081,0,495.0,2008.0,2.7222222222222223,0.5691609977324263
hakonasi_20260825_131458_522,1,v30_aspect_unrestricted_diagnostic,651,21.7,1,1,0.4047780671983337,0,495.0,2013.5,2.72972972972973,0.5388011774150389
hakonasi_20260825_131458_522,1,v30_aspect_unrestricted_diagnostic,652,21.733333333333334,1,1,0.4082320969927731,0,495.0,1800.5,2.135135135135135,0.6159767362299008
hakonasi_20260825_131458_522,1,v30_aspect_unrestricted_diagnostic,653,21.766666666666666,1,1,0.4047780671983337,0,495.0,1886.5,2.7027027027027026,0.5098648648648648
hakonasi_20260825_131458_522,1,v30_aspect_unrestricted_diagnostic,654,21.8,1,1,0.4120238724423812,0,495.0,2048.5,2.5384615384615383,0.5305620305620306
hakonasi_20260825_131458_522,1,v30_aspect_unrestricted_diagnostic,655,21.833333333333332,1,1,0.4055984287711081,0,495.0,1986.5,2.7222222222222223,0.5630668934240363
hakonasi_20260825_131458_522,1,v30_aspect_unrestricted_diagnostic,656,21.866666666666667,1,1,0.41513389516302746,0,495.0,2039.0,2.5945945945945947,0.5740427927927928
hakonasi_20260825_131458_522,1,v30_aspect_unrestricted_diagnostic,657,21.9,1,1,0.4047780671983337,0,495.0,2063.5,2.7222222222222223,0.5848922902494331
hakonasi_20260825_131458_522,1,v30_aspect_unrestricted_diagnostic,658,21.933333333333334,1,1,0.4055984287711081,0,495.0,2011.0,2.675675675675676,0.549003549003549
hakonasi_20260825_131458_522,1,v30_aspect_unrestricted_diagnostic,659,21.966666666666665,1,1,0.40641879034388245,0,495.0,1912.5,2.5405405405405403,0.5498849913743531
hakonasi_20260825_131458_522,1,v30_aspect_unrestricted_diagnostic,660,22.0,1,1,0.41436491690887084,0,495.0,2063.5,2.810810810810811,0.5362525987525988
hakonasi_20260825_131458_522,1,v30_aspect_unrestricted_diagnostic,661,22.033333333333335,1,1,0.4088454708903343,0,495.0,2030.0,2.75,0.5695847362514029
hakonasi_20260825_131458_522,1,v30_aspect_unrestricted_diagnostic,662,22.066666666666666,1,1,0.41436491690887084,0,495.0,2083.0,2.8333333333333335,0.5672657952069716
hakonasi_20260825_131458_522,1,v30_aspect_unrestricted_diagnostic,663,22.1,1,1,0.4088454708903343,0,495.0,2077.0,2.7567567567567566,0.550344462109168
hakonasi_20260825_131458_522,1,v30_aspect_unrestricted_diagnostic,664,22.133333333333333,1,1,0.3901298058663975,0,495.0,2059.5,2.6944444444444446,0.5897766323024055
hakonasi_20260825_131458_522,1,v30_aspect_unrestricted_diagnostic,665,22.166666666666668,1,1,0.4096486388563682,0,495.0,1933.5,2.4864864864864864,0.5680082256169212
hakonasi_20260825_131458_522,1,v30_aspect_unrestricted_diagnostic,666,22.2,1,1,0.4055984287711081,0,495.0,2060.0,2.75,0.5780022446689114
hakonasi_20260825_131458_522,1,v30_aspect_unrestricted_diagnostic,667,22.233333333333334,1,1,0.4047780671983337,0,495.0,1934.5,2.5135135135135136,0.562191223481546
hakonasi_20260825_131458_522,1,v30_aspect_unrestricted_diagnostic,668,22.266666666666666,1,1,0.37302403921527055,0,499.0,2069.0,2.4186046511627906,0.46265652951699465
hakonasi_20260825_131458_522,1,v30_aspect_unrestricted_diagnostic,669,22.3,1,1,0.41358741516997266,0,495.0,1984.5,2.3783783783783785,0.609490171990172
hakonasi_20260825_131458_522,1,v30_aspect_unrestricted_diagnostic,670,22.333333333333332,1,1,0.4055984287711081,0,495.0,1904.5,2.6944444444444446,0.545389461626575
hakonasi_20260825_131458_522,1,v30_aspect_unrestricted_diagnostic,671,22.366666666666667,1,1,0.4055984287711081,0,495.0,1964.5,2.5945945945945947,0.5530686936936937
hakonasi_20260825_131458_522,1,v30_aspect_unrestricted_diagnostic,672,22.4,1,1,0.4055984287711081,0,495.0,1979.5,2.5277777777777777,0.6042429792429792
hakonasi_20260825_131458_522,1,v30_aspect_unrestricted_diagnostic,673,22.433333333333334,1,1,0.38832376761167864,0,495.0,2032.0,2.4146341463414633,0.5006159152500615
hakonasi_20260825_131458_522,1,v30_aspect_unrestricted_diagnostic,674,22.466666666666665,1,1,0.4047780671983337,0,495.0,2070.0,2.7027027027027026,0.5594594594594594
hakonasi_20260825_131458_522,1,v30_aspect_unrestricted_diagnostic,675,22.5,1,1,0.4088454708903343,0,495.0,1949.0,2.6216216216216215,0.5430482028420173
hakonasi_20260825_131458_522,1,v30_aspect_unrestricted_diagnostic,676,22.533333333333335,1,1,0.3901298058663975,0,495.0,1973.5,2.5945945945945947,0.5556024774774775
hakonasi_20260825_131458_522,1,v30_aspect_unrestricted_diagnostic,677,22.566666666666666,1,1,0.41044323515502806,0,495.0,1976.5,2.4054054054054053,0.6002125721226845
hakonasi_20260825_131458_522,1,v30_aspect_unrestricted_diagnostic,678,22.6,1,1,0.4166633436586157,0,495.0,1994.5,2.388888888888889,0.6442183462532299
hakonasi_20260825_131458_522,1,v30_aspect_unrestricted_diagnostic,679,22.633333333333333,1,1,0.40641879034388245,0,495.0,1781.5,2.5555555555555554,0.5378925120772947
hakonasi_20260825_131458_522,1,v30_aspect_unrestricted_diagnostic,680,22.666666666666668,1,1,0.4096486388563682,0,495.0,2033.0,2.675675675675676,0.555009555009555
hakonasi_20260825_131458_522,1,v30_aspect_unrestricted_diagnostic,681,22.7,1,1,0.4022824747325716,0,495.0,2010.0,3.138888888888889,0.4941002949852507
hakonasi_20260825_131458_522,1,v30_aspect_unrestricted_diagnostic,682,22.733333333333334,1,1,0.4055984287711081,0,495.0,1922.0,2.4054054054054053,0.5836623139993926
hakonasi_20260825_131458_522,1,v30_aspect_unrestricted_diagnostic,683,22.766666666666666,1,1,0.41044323515502806,0,495.0,1856.5,2.111111111111111,0.6785453216374269
hakonasi_20260825_131458_522,1,v30_aspect_unrestricted_diagnostic,684,22.8,1,1,0.4128099134310745,0,495.0,1953.5,2.611111111111111,0.577275413711584
hakonasi_20260825_131458_522,1,v30_aspect_unrestricted_diagnostic,685,22.833333333333332,1,1,0.40641879034388245,0,495.0,1864.0,2.388888888888889,0.6020671834625323
hakonasi_20260825_131458_522,1,v30_aspect_unrestricted_diagnostic,686,22.866666666666667,1,1,0.41513389516302746,0,495.0,1998.5,2.5555555555555554,0.6034118357487923
hakonasi_20260825_131458_522,1,v30_aspect_unrestricted_diagnostic,687,22.9,1,1,0.40641879034388245,0,495.0,1865.0,2.189189189189189,0.6222889556222889
hakonasi_20260825_131458_522,1,v30_aspect_unrestricted_diagnostic,688,22.933333333333334,1,1,0.4055984287711081,0,495.0,1880.5,2.361111111111111,0.6145424836601308
hakonasi_20260825_131458_522,1,v30_aspect_unrestricted_diagnostic,689,22.966666666666665,1,1,0.4039490830807784,0,495.0,1859.5,2.2222222222222223,0.6456597222222222
hakonasi_20260825_131458_522,1,v30_aspect_unrestricted_diagnostic,690,23.0,1,1,0.3888867870113263,0,497.5,2005.5,2.357142857142857,0.4823232323232323
hakonasi_20260825_131458_522,1,v30_aspect_unrestricted_diagnostic,691,23.033333333333335,1,1,0.4047780671983337,0,495.0,2010.5,2.6486486486486487,0.5544677330391616
hakonasi_20260825_131458_522,1,v30_aspect_unrestricted_diagnostic,692,23.066666666666666,1,1,0.40641879034388245,0,495.0,1920.5,2.2222222222222223,0.6668402777777778
hakonasi_20260825_131458_522,1,v30_aspect_unrestricted_diagnostic,693,23.1,1,1,0.4080423029243003,0,495.0,1896.0,2.6666666666666665,0.5486111111111112
hakonasi_20260825_131458_522,1,v30_aspect_unrestricted_diagnostic,694,23.133333333333333,1,1,0.4055984287711081,0,495.0,1900.5,2.5405405405405403,0.5464347326049454
hakonasi_20260825_131458_522,1,v30_aspect_unrestricted_diagnostic,695,23.166666666666668,1,1,0.4128099134310745,0,495.0,2022.5,2.2439024390243905,0.53618769883351
hakonasi_20260825_131458_522,1,v30_aspect_unrestricted_diagnostic,696,23.2,1,1,0.40641879034388245,0,495.0,1823.0,2.111111111111111,0.6663011695906432
hakonasi_20260825_131458_522,1,v30_aspect_unrestricted_diagnostic,697,23.233333333333334,1,1,0.4461499265182134,0,489.0,1748.0,2.875,0.59375
hakonasi_20260825_131458_522,1,v30_aspect_unrestricted_diagnostic,698,23.266666666666666,1,1,0.41513389516302746,0,495.0,2164.5,2.6944444444444446,0.6198453608247423
hakonasi_20260825_131458_522,1,v30_aspect_unrestricted_diagnostic,699,23.3,1,1,0.4166633436586157,0,495.0,1972.0,2.2162162162162162,0.6499670402109426
hakonasi_20260825_131458_522,1,v30_aspect_unrestricted_diagnostic,700,23.333333333333332,1,1,0.40641879034388245,0,495.0,1875.0,2.5833333333333335,0.5600358422939068
hakonasi_20260825_131458_522,1,v30_aspect_unrestricted_diagnostic,701,23.366666666666667,1,1,0.39102842901080215,0,495.0,1774.0,2.4722222222222223,0.5536828963795256
hakonasi_20260825_131458_522,1,v30_aspect_unrestricted_diagnostic,702,23.4,1,1,0.40641879034388245,0,495.0,1856.0,2.5833333333333335,0.5543608124253285
hakonasi_20260825_131458_522,1,v30_aspect_unrestricted_diagnostic,703,23.433333333333334,1,1,0.4088454708903343,0,495.0,1947.0,2.388888888888889,0.6288759689922481
hakonasi_20260825_131458_522,1,v30_aspect_unrestricted_diagnostic,704,23.466666666666665,1,1,0.40641879034388245,0,495.0,1869.5,2.5555555555555554,0.5644625603864735
hakonasi_20260825_131458_522,1,v30_aspect_unrestricted_diagnostic,705,23.5,1,1,0.3764541609992148,0,499.0,2202.0,2.2790697674418605,0.5225439012814428
hakonasi_20260825_131458_522,1,v30_aspect_unrestricted_diagnostic,706,23.533333333333335,1,1,0.4088454708903343,0,495.0,2010.5,2.7222222222222223,0.5698696145124716
hakonasi_20260825_131458_522,1,v30_aspect_unrestricted_diagnostic,707,23.566666666666666,1,1,0.4088454708903343,0,495.0,2004.0,2.6486486486486487,0.5526751241036956
hakonasi_20260825_131458_522,1,v30_aspect_unrestricted_diagnostic,708,23.6,1,1,0.44694716625318176,0,489.0,1791.0,3.4,0.5852941176470589
hakonasi_20260825_131458_522,1,v30_aspect_unrestricted_diagnostic,709,23.633333333333333,1,1,0.40641879034388245,0,495.0,2083.5,2.75,0.5845959595959596
hakonasi_20260825_131458_522,1,v30_aspect_unrestricted_diagnostic,710,23.666666666666668,1,1,0.418927768719505,0,495.0,1849.0,2.027027027027027,0.6663063063063063
hakonasi_20260825_131458_522,1,v30_aspect_unrestricted_diagnostic,711,23.7,1,1,0.4096486388563682,0,495.0,2085.0,2.8333333333333335,0.5678104575163399
hakonasi_20260825_131458_522,1,v30_aspect_unrestricted_diagnostic,712,23.733333333333334,1,1,0.4047780671983337,0,495.0,1987.5,2.5945945945945947,0.559543918918919
hakonasi_20260825_131458_522,1,v30_aspect_unrestricted_diagnostic,713,23.766666666666666,1,1,0.38923118272199286,0,495.0,1825.5,2.6666666666666665,0.5282118055555556
hakonasi_20260825_131458_522,1,v30_aspect_unrestricted_diagnostic,714,23.8,1,1,0.4088454708903343,0,495.0,1864.5,2.6944444444444446,0.5339347079037801
hakonasi_20260825_131458_522,1,v30_aspect_unrestricted_diagnostic,715,23.833333333333332,1,1,0.4047780671983337,0,495.0,2058.5,2.6486486486486487,0.5677054605626034
hakonasi_20260825_131458_522,1,v30_aspect_unrestricted_diagnostic,716,23.866666666666667,1,1,0.4055984287711081,0,495.0,1943.0,2.6216216216216215,0.5413764279743661
hakonasi_20260825_131458_522,1,v30_aspect_unrestricted_diagnostic,717,23.9,1,1,0.41044323515502806,0,495.0,1971.5,2.27027027027027,0.6343307593307593
hakonasi_20260825_131458_522,1,v30_aspect_unrestricted_diagnostic,718,23.933333333333334,1,1,0.3830551763531023,0,497.0,2013.0,2.3333333333333335,0.489067055393586
hakonasi_20260825_131458_522,1,v30_aspect_unrestricted_diagnostic,719,23.966666666666665,1,1,0.40641879034388245,0,495.0,2077.5,2.6666666666666665,0.6011284722222222
hakonasi_20260825_131458_522,1,v30_aspect_unrestricted_diagnostic,720,24.0,1,1,0.4088454708903343,0,495.0,1954.5,2.6216216216216215,0.5445806631373642
hakonasi_20260825_131458_522,1,v30_aspect_unrestricted_diagnostic,721,24.033333333333335,1,1,0.41044323515502806,0,495.0,1775.0,2.3333333333333335,0.5869708994708994
hakonasi_20260825_131458_522,1,v30_aspect_unrestricted_diagnostic,722,24.066666666666666,1,1,0.4055984287711081,0,495.0,1898.5,2.5135135135135136,0.5517291485033421
hakonasi_20260825_131458_522,1,v30_aspect_unrestricted_diagnostic,723,24.1,1,1,0.4047780671983337,0,495.0,1964.5,2.611111111111111,0.5805260047281324
hakonasi_20260825_131458_522,1,v30_aspect_unrestricted_diagnostic,724,24.133333333333333,1,1,0.40641879034388245,0,495.0,1938.5,2.4594594594594597,0.5757350757350758
hakonasi_20260825_131458_522,1,v30_aspect_unrestricted_diagnostic,725,24.166666666666668,1,1,0.39053585105012517,0,497.0,2108.0,2.5128205128205128,0.5515436944008373
hakonasi_20260825_131458_522,1,v30_aspect_unrestricted_diagnostic,726,24.2,1,1,0.4039490830807784,0,495.0,2100.0,2.7567567567567566,0.5564387917329093
hakonasi_20260825_131458_522,1,v30_aspect_unrestricted_diagnostic,727,24.233333333333334,1,1,0.4055984287711081,0,495.0,1952.5,2.7567567567567566,0.5173555908850026
hakonasi_20260825_131458_522,1,v30_aspect_unrestricted_diagnostic,728,24.266666666666666,1,1,0.40641879034388245,0,495.0,2030.0,2.5135135135135136,0.5899447834931706
hakonasi_20260825_131458_522,1,v30_aspect_unrestricted_diagnostic,729,24.3,1,1,0.4055984287711081,0,495.0,1914.0,2.6666666666666665,0.5538194444444444
hakonasi_20260825_131458_522,1,v30_aspect_unrestricted_diagnostic,730,24.333333333333332,1,1,0.4055984287711081,0,495.0,1684.0,2.5555555555555554,0.5084541062801933
hakonasi_20260825_131458_522,1,v30_aspect_unrestricted_diagnostic,731,24.366666666666667,1,1,0.4072305466340914,0,495.0,1975.0,2.2222222222222223,0.6857638888888888
hakonasi_20260825_131458_522,1,v30_aspect_unrestricted_diagnostic,732,24.4,1,1,0.4055984287711081,0,495.0,1965.5,2.8055555555555554,0.5405665566556656
hakonasi_20260825_131458_522,1,v30_aspect_unrestricted_diagnostic,733,24.433333333333334,1,1,0.4055984287711081,0,495.0,1888.0,2.27027027027027,0.6074646074646075
hakonasi_20260825_131458_522,1,v30_aspect_unrestricted_diagnostic,734,24.466666666666665,1,1,0.4039490830807784,0,495.0,2105.5,3.0555555555555554,0.5316919191919192
hakonasi_20260825_131458_522,1,v30_aspect_unrestricted_diagnostic,735,24.5,1,1,0.4166633436586157,0,495.0,2016.5,2.27027027027027,0.6488095238095238
hakonasi_20260825_131458_522,1,v30_aspect_unrestricted_diagnostic,736,24.533333333333335,1,1,0.41358741516997266,0,495.0,2035.5,2.4615384615384617,0.5436698717948718
hakonasi_20260825_131458_522,1,v30_aspect_unrestricted_diagnostic,737,24.566666666666666,1,1,0.4179782004211755,0,495.0,1865.0,2.5,0.5756172839506173
hakonasi_20260825_131458_522,1,v30_aspect_unrestricted_diagnostic,738,24.6,1,1,0.40641879034388245,0,495.0,2039.0,2.6666666666666665,0.5899884259259259
hakonasi_20260825_131458_522,1,v30_aspect_unrestricted_diagnostic,739,24.633333333333333,1,1,0.40641879034388245,0,495.0,1903.0,2.2222222222222223,0.6607638888888889
hakonasi_20260825_131458_522,1,v30_aspect_unrestricted_diagnostic,740,24.666666666666668,1,1,0.41358741516997266,0,495.0,1969.5,2.4722222222222223,0.6147003745318352
hakonasi_20260825_131458_522,1,v30_aspect_unrestricted_diagnostic,741,24.7,1,1,0.4088454708903343,0,495.0,2029.5,2.6486486486486487,0.559707666850524
hakonasi_20260825_131458_522,1,v30_aspect_unrestricted_diagnostic,742,24.733333333333334,1,1,0.4080423029243003,0,495.0,1965.5,2.5945945945945947,0.5533502252252253
hakonasi_20260825_131458_522,1,v30_aspect_unrestricted_diagnostic,743,24.766666666666666,1,1,0.4055984287711081,0,495.0,1892.0,2.5833333333333335,0.5651135005973715
hakonasi_20260825_131458_522,1,v30_aspect_unrestricted_diagnostic,744,24.8,1,1,0.4072305466340914,0,495.0,1860.5,1.9473684210526316,0.661628733997155
hakonasi_20260825_131458_522,1,v30_aspect_unrestricted_diagnostic,745,24.833333333333332,1,1,0.37314823155655574,0,499.0,2163.0,2.2325581395348837,0.5239825581395349
hakonasi_20260825_131458_522,1,v30_aspect_unrestricted_diagnostic,746,24.866666666666667,1,1,0.4047780671983337,0,495.0,2103.5,2.5945945945945947,0.5922015765765766
hakonasi_20260825_131458_522,1,v30_aspect_unrestricted_diagnostic,747,24.9,1,1,0.40641879034388245,0,495.0,1954.5,2.5555555555555554,0.5901268115942029
hakonasi_20260825_131458_522,1,v30_aspect_unrestricted_diagnostic,748,24.933333333333334,1,1,0.4055984287711081,0,495.0,2148.0,2.3783783783783785,0.6597051597051597
hakonasi_20260825_131458_522,1,v30_aspect_unrestricted_diagnostic,749,24.966666666666665,1,1,0.4047780671983337,0,495.0,2010.5,2.810810810810811,0.5224792099792099
hakonasi_20260825_131458_522,1,v30_aspect_unrestricted_diagnostic,750,25.0,1,1,0.4088454708903343,0,495.0,1909.0,2.638888888888889,0.558187134502924
hakonasi_20260825_131458_522,1,v30_aspect_unrestricted_diagnostic,751,25.033333333333335,1,1,0.4055984287711081,0,495.0,2027.5,2.4054054054054053,0.6156999696325539
hakonasi_20260825_131458_522,1,v30_aspect_unrestricted_diagnostic,752,25.066666666666666,1,1,0.4055984287711081,0,495.0,1887.0,2.5675675675675675,0.5368421052631579
hakonasi_20260825_131458_522,1,v30_aspect_unrestricted_diagnostic,753,25.1,1,1,0.41436491690887084,0,495.0,2171.5,2.763157894736842,0.5442355889724311
hakonasi_20260825_131458_522,1,v30_aspect_unrestricted_diagnostic,754,25.133333333333333,1,1,0.4088454708903343,0,495.0,1966.5,2.6486486486486487,0.5423331494760066
hakonasi_20260825_131458_522,1,v30_aspect_unrestricted_diagnostic,755,25.166666666666668,1,1,0.4047780671983337,0,495.0,1987.5,2.5135135135135136,0.5775937227550131
hakonasi_20260825_131458_522,1,v30_aspect_unrestricted_diagnostic,756,25.2,1,1,0.4166633436586157,0,495.0,1898.5,2.611111111111111,0.5610224586288416
hakonasi_20260825_131458_522,1,v30_aspect_unrestricted_diagnostic,757,25.233333333333334,1,1,0.4096486388563682,0,495.0,2056.5,2.72972972972973,0.5503077334760503
hakonasi_20260825_131458_522,1,v30_aspect_unrestricted_diagnostic,758,25.266666666666666,1,1,0.37237843540313753,0,499.0,2101.0,2.0,0.5681449432125473
hakonasi_20260825_131458_522,1,v30_aspect_unrestricted_diagnostic,759,25.3,1,1,0.4088454708903343,0,495.0,1973.0,2.75,0.5535914702581369
hakonasi_20260825_131458_522,1,v30_aspect_unrestricted_diagnostic,760,25.333333333333332,1,1,0.41358741516997266,0,495.0,2016.0,2.4615384615384617,0.5384615384615384
hakonasi_20260825_131458_522,1,v30_aspect_unrestricted_diagnostic,761,25.366666666666667,1,1,0.4055984287711081,0,495.0,2027.5,2.6486486486486487,0.5591560948703805
hakonasi_20260825_131458_522,1,v30_aspect_unrestricted_diagnostic,762,25.4,1,1,0.4055984287711081,0,495.0,1903.0,2.5675675675675675,0.541394025604552
hakonasi_20260825_131458_522,1,v30_aspect_unrestricted_diagnostic,763,25.433333333333334,1,1,0.41590287341718407,0,495.0,1979.0,2.5833333333333335,0.5910991636798089
hakonasi_20260825_131458_522,1,v30_aspect_unrestricted_diagnostic,764,25.466666666666665,1,1,0.40312009896322315,0,495.0,2066.0,2.8333333333333335,0.5626361655773421
hakonasi_20260825_131458_522,1,v30_aspect_unrestricted_diagnostic,765,25.5,1,1,0.40641879034388245,0,495.0,2028.5,2.324324324324324,0.6374921433060968
hakonasi_20260825_131458_522,1,v30_aspect_unrestricted_diagnostic,766,25.533333333333335,1,1,0.4112378314536879,0,495.0,1696.0,2.0833333333333335,0.6281481481481481
hakonasi_20260825_131458_522,1,v30_aspect_unrestricted_diagnostic,767,25.566666666666666,1,1,0.4088454708903343,0,495.0,1943.0,2.4210526315789473,0.5557780320366132
hakonasi_20260825_131458_522,1,v30_aspect_unrestricted_diagnostic,768,25.6,1,1,0.4039490830807784,0,495.0,2006.5,2.7222222222222223,0.5687358276643991
hakonasi_20260825_131458_522,1,v30_aspect_unrestricted_diagnostic,769,25.633333333333333,1,1,0.40312009896322315,0,495.0,1967.0,2.75,0.5519079685746352
hakonasi_20260825_131458_522,1,v30_aspect_unrestricted_diagnostic,770,25.666666666666668,1,1,0.40641879034388245,0,495.0,1902.0,2.4594594594594597,0.5648945648945649
hakonasi_20260825_131458_522,1,v30_aspect_unrestricted_diagnostic,771,25.7,1,1,0.4055984287711081,0,495.0,2130.5,2.8333333333333335,0.5802015250544662
hakonasi_20260825_131458_522,1,v30_aspect_unrestricted_diagnostic,772,25.733333333333334,1,1,0.4047780671983337,0,495.0,1947.5,2.5135135135135136,0.565969195001453
hakonasi_20260825_131458_522,1,v30_aspect_unrestricted_diagnostic,773,25.766666666666666,1,1,0.41590287341718407,0,495.0,1688.5,2.135135135135135,0.5776599384194321
hakonasi_20260825_131458_522,1,v30_aspect_unrestricted_diagnostic,774,25.8,1,1,0.39102842901080215,0,495.0,1760.0,2.5555555555555554,0.5314009661835749
hakonasi_20260825_131458_522,1,v30_aspect_unrestricted_diagnostic,775,25.833333333333332,1,1,0.4055984287711081,0,495.0,1912.5,2.388888888888889,0.6177325581395349
hakonasi_20260825_131458_522,1,v30_aspect_unrestricted_diagnostic,776,25.866666666666667,1,1,0.41044323515502806,0,495.0,1948.5,2.189189189189189,0.6501501501501501
hakonasi_20260825_131458_522,1,v30_aspect_unrestricted_diagnostic,777,25.9,1,1,0.3740100537253893,0,499.0,1957.5,1.880952380952381,0.5899638336347197
hakonasi_20260825_131458_522,1,v30_aspect_unrestricted_diagnostic,778,25.933333333333334,1,1,0.40286877836330803,0,496.0,2062.5,2.238095238095238,0.5224164133738601
hakonasi_20260825_131458_522,1,v30_aspect_unrestricted_diagnostic,779,25.966666666666665,1,1,0.4080423029243003,0,495.0,2019.0,2.6666666666666665,0.5842013888888888
hakonasi_20260825_131458_522,1,v30_aspect_unrestricted_diagnostic,780,26.0,1,1,0.41358741516997266,0,495.0,2168.5,3.0555555555555554,0.5476010101010101
hakonasi_20260825_131458_522,1,v30_aspect_unrestricted_diagnostic,781,26.033333333333335,1,1,0.4055984287711081,0,495.0,2037.0,2.7027027027027026,0.5505405405405406
hakonasi_20260825_131458_522,1,v30_aspect_unrestricted_diagnostic,782,26.066666666666666,1,1,0.37237843540313753,0,499.0,1988.0,2.357142857142857,0.4781144781144781
hakonasi_20260825_131458_522,1,v30_aspect_unrestricted_diagnostic,783,26.1,1,1,0.4047780671983337,0,495.0,1963.5,2.75,0.5509259259259259
hakonasi_20260825_131458_522,1,v30_aspect_unrestricted_diagnostic,784,26.133333333333333,1,1,0.4120238724423812,0,495.0,1810.0,2.0833333333333335,0.6703703703703704
hakonasi_20260825_131458_522,1,v30_aspect_unrestricted_diagnostic,785,26.166666666666668,1,1,0.4233380141718207,0,495.0,1968.0,2.4864864864864864,0.5781433607520564
hakonasi_20260825_131458_522,1,v30_aspect_unrestricted_diagnostic,786,26.2,1,1,0.41358741516997266,0,495.0,2047.0,2.7027027027027026,0.5532432432432433
hakonasi_20260825_131458_522,1,v30_aspect_unrestricted_diagnostic,787,26.233333333333334,1,1,0.4055984287711081,0,495.0,1824.0,2.0277777777777777,0.6940639269406392
hakonasi_20260825_131458_522,1,v30_aspect_unrestricted_diagnostic,788,26.266666666666666,1,1,0.40641879034388245,0,495.0,1841.0,2.4722222222222223,0.5745942571785269
hakonasi_20260825_131458_522,1,v30_aspect_unrestricted_diagnostic,789,26.3,1,1,0.4088454708903343,0,495.0,1868.5,2.5833333333333335,0.5580943847072879
hakonasi_20260825_131458_522,1,v30_aspect_unrestricted_diagnostic,790,26.333333333333332,1,1,0.4088454708903343,0,495.0,1844.5,2.675675675675676,0.5035490035490036
hakonasi_20260825_131458_522,1,v30_aspect_unrestricted_diagnostic,791,26.366666666666667,1,1,0.40641879034388245,0,495.0,1909.5,2.0555555555555554,0.7167792792792793
hakonasi_20260825_131458_522,1,v30_aspect_unrestricted_diagnostic,792,26.4,1,1,0.4055984287711081,0,495.0,1855.5,2.5555555555555554,0.5602355072463768
hakonasi_20260825_131458_522,1,v30_aspect_unrestricted_diagnostic,793,26.433333333333334,1,1,0.3919182802933086,0,495.0,1846.5,2.27027027027027,0.5941119691119691
hakonasi_20260825_131458_522,1,v30_aspect_unrestricted_diagnostic,794,26.466666666666665,1,1,0.4072305466340914,0,495.0,1716.5,2.0,0.6622299382716049
hakonasi_20260825_131458_522,1,v30_aspect_unrestricted_diagnostic,795,26.5,1,1,0.4055984287711081,0,495.0,1927.0,2.5833333333333335,0.5755675029868578
hakonasi_20260825_131458_522,1,v30_aspect_unrestricted_diagnostic,796,26.533333333333335,1,1,0.4055984287711081,0,495.0,2008.0,2.324324324324324,0.6310496543054682
hakonasi_20260825_131458_522,1,v30_aspect_unrestricted_diagnostic,797,26.566666666666666,1,1,0.4072305466340914,0,495.0,1991.5,2.3684210526315788,0.5823099415204679
hakonasi_20260825_131458_522,1,v30_aspect_unrestricted_diagnostic,798,26.6,1,1,0.4039490830807784,0,495.0,1844.0,2.6666666666666665,0.5335648148148148
hakonasi_20260825_131458_522,1,v30_aspect_unrestricted_diagnostic,799,26.633333333333333,1,1,0.40641879034388245,0,495.0,1936.5,2.5833333333333335,0.578405017921147
hakonasi_20260825_131458_522,1,v30_aspect_unrestricted_diagnostic,800,26.666666666666668,1,1,0.4055984287711081,0,495.0,1829.0,2.0555555555555554,0.6865615615615616
hakonasi_20260825_131458_522,1,v30_aspect_unrestricted_diagnostic,801,26.7,1,1,0.4096486388563682,0,495.0,2013.0,2.72972972972973,0.5386673802515387
hakonasi_20260825_131458_522,1,v30_aspect_unrestricted_diagnostic,802,26.733333333333334,1,1,0.41513389516302746,0,495.0,2109.5,2.6486486486486487,0.5817705460562603
hakonasi_20260825_131458_522,1,v30_aspect_unrestricted_diagnostic,803,26.766666666666666,1,1,0.4088454708903343,0,495.0,1906.5,2.638888888888889,0.5574561403508772
hakonasi_20260825_131458_522,1,v30_aspect_unrestricted_diagnostic,804,26.8,1,1,0.40641879034388245,0,495.0,1845.5,2.25,0.6328875171467764
hakonasi_20260825_131458_522,1,v30_aspect_unrestricted_diagnostic,805,26.833333333333332,1,1,0.4055984287711081,0,495.0,1930.5,2.75,0.5416666666666666
hakonasi_20260825_131458_522,1,v30_aspect_unrestricted_diagnostic,806,26.866666666666667,1,1,0.4088454708903343,0,495.0,1816.0,2.638888888888889,0.5309941520467836
hakonasi_20260825_131458_522,1,v30_aspect_unrestricted_diagnostic,807,26.9,1,1,0.4055984287711081,0,495.0,1909.5,2.6666666666666665,0.5525173611111112
hakonasi_20260825_131458_522,1,v30_aspect_unrestricted_diagnostic,808,26.933333333333334,1,1,0.4096486388563682,0,495.0,1889.5,2.5555555555555554,0.5705012077294686
hakonasi_20260825_131458_522,1,v30_aspect_unrestricted_diagnostic,809,26.966666666666665,1,1,0.4088454708903343,0,495.0,1883.0,2.5833333333333335,0.5624253285543608
hakonasi_20260825_131458_522,1,v30_aspect_unrestricted_diagnostic,810,27.0,1,1,0.4055984287711081,0,495.0,1914.0,2.75,0.5370370370370371
hakonasi_20260825_131458_522,1,v30_aspect_unrestricted_diagnostic,811,27.033333333333335,1,1,0.40641879034388245,0,495.0,1913.5,2.611111111111111,0.5654550827423168
hakonasi_20260825_131458_522,1,v30_aspect_unrestricted_diagnostic,812,27.066666666666666,1,1,0.4055984287711081,0,495.0,1939.5,2.6666666666666665,0.5611979166666666
hakonasi_20260825_131458_522,1,v30_aspect_unrestricted_diagnostic,813,27.1,1,1,0.4072305466340914,0,495.0,1854.0,2.0833333333333335,0.6866666666666666
hakonasi_20260825_131458_522,1,v30_aspect_unrestricted_diagnostic,814,27.133333333333333,1,1,0.39300371406533063,0,496.0,1976.0,2.142857142857143,0.5227513227513227
hakonasi_20260825_131458_522,1,v30_aspect_unrestricted_diagnostic,815,27.166666666666668,1,1,0.4088454708903343,0,495.0,1906.5,2.611111111111111,0.563386524822695
hakonasi_20260825_131458_522,1,v30_aspect_unrestricted_diagnostic,816,27.2,1,1,0.4096486388563682,0,495.0,1958.5,2.5405405405405403,0.5631109833237493
hakonasi_20260825_131458_522,1,v30_aspect_unrestricted_diagnostic,817,27.233333333333334,1,1,0.4055984287711081,0,495.0,2074.5,2.6486486486486487,0.5721180364037507
hakonasi_20260825_131458_522,1,v30_aspect_unrestricted_diagnostic,818,27.266666666666666,1,1,0.40641879034388245,0,495.0,1700.5,2.5,0.5248456790123457
hakonasi_20260825_131458_522,1,v30_aspect_unrestricted_diagnostic,819,27.3,1,1,0.4096486388563682,0,495.0,1951.5,2.5277777777777777,0.5956959706959707
hakonasi_20260825_131458_522,1,v30_aspect_unrestricted_diagnostic,820,27.333333333333332,1,1,0.4055984287711081,0,495.0,1922.0,2.6666666666666665,0.5561342592592593
hakonasi_20260825_131458_522,1,v30_aspect_unrestricted_diagnostic,821,27.366666666666667,1,1,0.3919182802933086,0,495.0,1678.0,2.5555555555555554,0.5066425120772947
hakonasi_20260825_131458_522,1,v30_aspect_unrestricted_diagnostic,822,27.4,1,1,0.4112378314536879,0,495.0,1887.5,2.1666666666666665,0.6721866096866097
hakonasi_20260825_131458_522,1,v30_aspect_unrestricted_diagnostic,823,27.433333333333334,1,1,0.39102842901080215,0,495.0,1776.5,2.6666666666666665,0.5140335648148148
hakonasi_20260825_131458_522,1,v30_aspect_unrestricted_diagnostic,824,27.466666666666665,1,1,0.3901298058663975,0,495.0,1916.0,2.75,0.5375982042648709
hakonasi_20260825_131458_522,1,v30_aspect_unrestricted_diagnostic,825,27.5,1,1,0.3901298058663975,0,495.0,1866.0,2.6666666666666665,0.5399305555555556
hakonasi_20260825_131458_522,1,v30_aspect_unrestricted_diagnostic,826,27.533333333333335,1,1,0.41513389516302746,0,495.0,1959.0,2.7222222222222223,0.5552721088435374
hakonasi_20260825_131458_522,1,v30_aspect_unrestricted_diagnostic,827,27.566666666666666,1,1,0.4072305466340914,0,495.0,1840.5,2.0833333333333335,0.6816666666666666
hakonasi_20260825_131458_522,1,v30_aspect_unrestricted_diagnostic,828,27.6,1,1,0.3919182802933086,0,495.0,1661.0,2.0833333333333335,0.6151851851851852
hakonasi_20260825_131458_522,1,v30_aspect_unrestricted_diagnostic,829,27.633333333333333,1,1,0.4055984287711081,0,495.0,1871.0,2.2222222222222223,0.6496527777777777
hakonasi_20260825_131458_522,1,v30_aspect_unrestricted_diagnostic,830,27.666666666666668,1,1,0.4047780671983337,0,495.0,1975.5,2.5555555555555554,0.5964673913043478
hakonasi_20260825_131458_522,1,v30_aspect_unrestricted_diagnostic,831,27.7,1,1,0.39368923077462603,0,495.0,1758.0,2.5555555555555554,0.5307971014492754
hakonasi_20260825_131458_522,1,v30_aspect_unrestricted_diagnostic,832,27.733333333333334,1,1,0.3919182802933086,0,495.0,1741.0,2.0833333333333335,0.6448148148148148
hakonasi_20260825_131458_522,1,v30_aspect_unrestricted_diagnostic,833,27.766666666666666,1,1,0.3901298058663975,0,495.0,1854.0,2.5555555555555554,0.5597826086956522
hakonasi_20260825_131458_522,1,v30_aspect_unrestricted_diagnostic,834,27.8,1,1,0.39102842901080215,0,495.0,1783.0,2.5,0.5503086419753086
hakonasi_20260825_131458_522,1,v30_aspect_unrestricted_diagnostic,835,27.833333333333332,1,1,0.4120238724423812,0,495.0,1786.5,2.25,0.6126543209876543
hakonasi_20260825_131458_522,1,v30_aspect_unrestricted_diagnostic,836,27.866666666666667,1,1,0.4088454708903343,0,495.0,1869.5,2.5833333333333335,0.5583930704898447
hakonasi_20260825_131458_522,1,v30_aspect_unrestricted_diagnostic,837,27.9,1,1,0.4055984287711081,0,495.0,1860.5,1.9736842105263157,0.6528070175438596
hakonasi_20260825_131458_522,1,v30_aspect_unrestricted_diagnostic,838,27.933333333333334,1,1,0.39102842901080215,0,495.0,1777.0,2.5555555555555554,0.5365338164251208
hakonasi_20260825_131458_522,1,v30_aspect_unrestricted_diagnostic,839,27.966666666666665,1,1,0.4039490830807784,0,495.0,1843.0,2.5,0.5688271604938272
hakonasi_20260825_131458_522,1,v30_aspect_unrestricted_diagnostic,840,28.0,1,1,0.4072305466340914,0,495.0,1811.5,2.0833333333333335,0.6709259259259259
hakonasi_20260825_131458_522,1,v30_aspect_unrestricted_diagnostic,841,28.033333333333335,1,1,0.41513389516302746,0,495.0,1924.5,2.0,0.7424768518518519
hakonasi_20260825_131458_522,1,v30_aspect_unrestricted_diagnostic,842,28.066666666666666,1,1,0.4047780671983337,0,495.0,1962.5,2.5,0.6057098765432098
hakonasi_20260825_131458_522,1,v30_aspect_unrestricted_diagnostic,843,28.1,1,1,0.4166633436586157,0,495.0,1948.5,2.27027027027027,0.6269305019305019
hakonasi_20260825_131458_522,1,v30_aspect_unrestricted_diagnostic,844,28.133333333333333,1,1,0.4080423029243003,0,495.0,2036.0,2.5945945945945947,0.5731981981981982
hakonasi_20260825_131458_522,1,v30_aspect_unrestricted_diagnostic,845,28.166666666666668,1,1,0.4211498037950357,0,495.0,1885.5,2.135135135135135,0.6450564488539172
hakonasi_20260825_131458_522,1,v30_aspect_unrestricted_diagnostic,846,28.2,1,1,0.41044323515502806,0,495.0,1901.5,2.27027027027027,0.6118082368082368
hakonasi_20260825_131458_522,1,v30_aspect_unrestricted_diagnostic,847,28.233333333333334,1,1,0.41590287341718407,0,495.0,1962.5,2.388888888888889,0.6338824289405685
hakonasi_20260825_131458_522,1,v30_aspect_unrestricted_diagnostic,848,28.266666666666666,1,1,0.41513389516302746,0,495.0,1957.0,2.2972972972972974,0.6222575516693164
hakonasi_20260825_131458_522,1,v30_aspect_unrestricted_diagnostic,849,28.3,1,1,0.4080423029243003,0,495.0,1925.0,2.5,0.5941358024691358
hakonasi_20260825_131458_522,1,v30_aspect_unrestricted_diagnostic,850,28.333333333333332,1,1,0.4080423029243003,0,495.0,1972.5,2.75,0.5534511784511784
hakonasi_20260825_131458_522,1,v30_aspect_unrestricted_diagnostic,851,28.366666666666667,1,1,0.418927768719505,0,495.0,1907.0,2.5405405405405403,0.5483036227717079
hakonasi_20260825_131458_522,1,v30_aspect_unrestricted_diagnostic,852,28.4,1,1,0.4120238724423812,0,495.0,1881.5,1.894736842105263,0.6876827485380117
hakonasi_20260825_131458_522,1,v30_aspect_unrestricted_diagnostic,853,28.433333333333334,1,1,0.40641879034388245,0,495.0,1821.0,2.3055555555555554,0.6094377510040161
hakonasi_20260825_131458_522,1,v30_contact_fraction0p02,1,0.03333333333333333,1,0,,0,,,,
hakonasi_20260825_131458_522,1,v30_contact_fraction0p02,2,0.06666666666666667,1,0,,0,,,,
hakonasi_20260825_131458_522,1,v30_contact_fraction0p02,3,0.1,1,0,,0,,,,
hakonasi_20260825_131458_522,1,v30_contact_fraction0p02,4,0.13333333333333333,1,0,,0,,,,
hakonasi_20260825_131458_522,1,v30_contact_fraction0p02,5,0.16666666666666666,1,0,,0,,,,
hakonasi_20260825_131458_522,1,v30_contact_fraction0p02,6,0.2,1,0,,0,,,,
hakonasi_20260825_131458_522,1,v30_contact_fraction0p02,7,0.23333333333333334,1,0,,0,,,,
hakonasi_20260825_131458_522,1,v30_contact_fraction0p02,8,0.26666666666666666,1,0,,0,,,,
hakonasi_20260825_131458_522,1,v30_contact_fraction0p02,9,0.3,1,0,,0,,,,
hakonasi_20260825_131458_522,1,v30_contact_fraction0p02,10,0.3333333333333333,1,0,,0,,,,
hakonasi_20260825_131458_522,1,v30_contact_fraction0p02,11,0.36666666666666664,1,0,,0,,,,
hakonasi_20260825_131458_522,1,v30_contact_fraction0p02,12,0.4,1,0,,0,,,,
hakonasi_20260825_131458_522,1,v30_contact_fraction0p02,13,0.43333333333333335,1,0,,0,,,,
hakonasi_20260825_131458_522,1,v30_contact_fraction0p02,14,0.4666666666666667,1,0,,0,,,,
hakonasi_20260825_131458_522,1,v30_contact_fraction0p02,15,0.5,1,0,,0,,,,
hakonasi_20260825_131458_522,1,v30_contact_fraction0p02,16,0.5333333333333333,1,0,,0,,,,
hakonasi_20260825_131458_522,1,v30_contact_fraction0p02,17,0.5666666666666667,1,0,,0,,,,
hakonasi_20260825_131458_522,1,v30_contact_fraction0p02,18,0.6,1,0,,0,,,,
hakonasi_20260825_131458_522,1,v30_contact_fraction0p02,19,0.6333333333333333,1,0,,0,,,,
hakonasi_20260825_131458_522,1,v30_contact_fraction0p02,20,0.6666666666666666,1,0,,0,,,,
hakonasi_20260825_131458_522,1,v30_contact_fraction0p02,21,0.7,1,0,,0,,,,
hakonasi_20260825_131458_522,1,v30_contact_fraction0p02,22,0.7333333333333333,1,0,,0,,,,
hakonasi_20260825_131458_522,1,v30_contact_fraction0p02,23,0.7666666666666667,1,0,,0,,,,
hakonasi_20260825_131458_522,1,v30_contact_fraction0p02,24,0.8,1,0,,0,,,,
hakonasi_20260825_131458_522,1,v30_contact_fraction0p02,25,0.8333333333333334,1,0,,0,,,,
hakonasi_20260825_131458_522,1,v30_contact_fraction0p02,26,0.8666666666666667,1,0,,0,,,,
hakonasi_20260825_131458_522,1,v30_contact_fraction0p02,27,0.9,1,0,,0,,,,
hakonasi_20260825_131458_522,1,v30_contact_fraction0p02,28,0.9333333333333333,1,0,,0,,,,
hakonasi_20260825_131458_522,1,v30_contact_fraction0p02,29,0.9666666666666667,1,0,,0,,,,
hakonasi_20260825_131458_522,1,v30_contact_fraction0p02,30,1.0,1,0,,0,,,,
hakonasi_20260825_131458_522,1,v30_contact_fraction0p02,31,1.0333333333333334,1,0,,0,,,,
hakonasi_20260825_131458_522,1,v30_contact_fraction0p02,32,1.0666666666666667,1,0,,0,,,,
hakonasi_20260825_131458_522,1,v30_contact_fraction0p02,33,1.1,1,0,,0,,,,
hakonasi_20260825_131458_522,1,v30_contact_fraction0p02,34,1.1333333333333333,1,0,,0,,,,
hakonasi_20260825_131458_522,1,v30_contact_fraction0p02,35,1.1666666666666667,1,0,,0,,,,
hakonasi_20260825_131458_522,1,v30_contact_fraction0p02,36,1.2,1,0,,0,,,,
hakonasi_20260825_131458_522,1,v30_contact_fraction0p02,37,1.2333333333333334,1,0,,0,,,,
hakonasi_20260825_131458_522,1,v30_contact_fraction0p02,38,1.2666666666666666,1,0,,0,,,,
hakonasi_20260825_131458_522,1,v30_contact_fraction0p02,39,1.3,1,0,,0,,,,
hakonasi_20260825_131458_522,1,v30_contact_fraction0p02,40,1.3333333333333333,1,0,,0,,,,
hakonasi_20260825_131458_522,1,v30_contact_fraction0p02,41,1.3666666666666667,1,0,,0,,,,
hakonasi_20260825_131458_522,1,v30_contact_fraction0p02,42,1.4,1,0,,0,,,,
hakonasi_20260825_131458_522,1,v30_contact_fraction0p02,43,1.4333333333333333,1,0,,0,,,,
hakonasi_20260825_131458_522,1,v30_contact_fraction0p02,44,1.4666666666666666,1,0,,0,,,,
hakonasi_20260825_131458_522,1,v30_contact_fraction0p02,45,1.5,1,0,,0,,,,
hakonasi_20260825_131458_522,1,v30_contact_fraction0p02,46,1.5333333333333334,1,0,,0,,,,
hakonasi_20260825_131458_522,1,v30_contact_fraction0p02,47,1.5666666666666667,1,0,,0,,,,
hakonasi_20260825_131458_522,1,v30_contact_fraction0p02,48,1.6,1,0,,0,,,,
hakonasi_20260825_131458_522,1,v30_contact_fraction0p02,49,1.6333333333333333,1,0,,0,,,,
hakonasi_20260825_131458_522,1,v30_contact_fraction0p02,50,1.6666666666666667,1,0,,0,,,,
hakonasi_20260825_131458_522,1,v30_contact_fraction0p02,51,1.7,1,0,,0,,,,
hakonasi_20260825_131458_522,1,v30_contact_fraction0p02,52,1.7333333333333334,1,0,,0,,,,
hakonasi_20260825_131458_522,1,v30_contact_fraction0p02,53,1.7666666666666666,1,0,,0,,,,
hakonasi_20260825_131458_522,1,v30_contact_fraction0p02,54,1.8,1,0,,0,,,,
hakonasi_20260825_131458_522,1,v30_contact_fraction0p02,55,1.8333333333333333,1,0,,0,,,,
hakonasi_20260825_131458_522,1,v30_contact_fraction0p02,56,1.8666666666666667,1,0,,0,,,,
hakonasi_20260825_131458_522,1,v30_contact_fraction0p02,57,1.9,1,0,,0,,,,
hakonasi_20260825_131458_522,1,v30_contact_fraction0p02,58,1.9333333333333333,1,0,,0,,,,
hakonasi_20260825_131458_522,1,v30_contact_fraction0p02,59,1.9666666666666666,1,0,,0,,,,
hakonasi_20260825_131458_522,1,v30_contact_fraction0p02,60,2.0,1,0,,0,,,,
hakonasi_20260825_131458_522,1,v30_contact_fraction0p02,61,2.033333333333333,1,0,,0,,,,
hakonasi_20260825_131458_522,1,v30_contact_fraction0p02,62,2.066666666666667,1,0,,0,,,,
hakonasi_20260825_131458_522,1,v30_contact_fraction0p02,63,2.1,1,0,,0,,,,
hakonasi_20260825_131458_522,1,v30_contact_fraction0p02,64,2.1333333333333333,1,0,,0,,,,
hakonasi_20260825_131458_522,1,v30_contact_fraction0p02,65,2.1666666666666665,1,0,,0,,,,
hakonasi_20260825_131458_522,1,v30_contact_fraction0p02,66,2.2,1,0,,0,,,,
hakonasi_20260825_131458_522,1,v30_contact_fraction0p02,67,2.2333333333333334,1,0,,0,,,,
hakonasi_20260825_131458_522,1,v30_contact_fraction0p02,68,2.2666666666666666,1,0,,0,,,,
hakonasi_20260825_131458_522,1,v30_contact_fraction0p02,69,2.3,1,0,,0,,,,
hakonasi_20260825_131458_522,1,v30_contact_fraction0p02,70,2.3333333333333335,1,0,,0,,,,
hakonasi_20260825_131458_522,1,v30_contact_fraction0p02,71,2.3666666666666667,1,0,,0,,,,
hakonasi_20260825_131458_522,1,v30_contact_fraction0p02,72,2.4,1,0,,0,,,,
hakonasi_20260825_131458_522,1,v30_contact_fraction0p02,73,2.433333333333333,1,0,,0,,,,
hakonasi_20260825_131458_522,1,v30_contact_fraction0p02,74,2.466666666666667,1,0,,0,,,,
hakonasi_20260825_131458_522,1,v30_contact_fraction0p02,75,2.5,1,0,,0,,,,
hakonasi_20260825_131458_522,1,v30_contact_fraction0p02,76,2.533333333333333,1,0,,0,,,,
hakonasi_20260825_131458_522,1,v30_contact_fraction0p02,77,2.566666666666667,1,0,,0,,,,
hakonasi_20260825_131458_522,1,v30_contact_fraction0p02,78,2.6,1,0,,0,,,,
hakonasi_20260825_131458_522,1,v30_contact_fraction0p02,79,2.6333333333333333,1,0,,0,,,,
hakonasi_20260825_131458_522,1,v30_contact_fraction0p02,80,2.6666666666666665,1,0,,0,,,,
hakonasi_20260825_131458_522,1,v30_contact_fraction0p02,81,2.7,1,0,,0,,,,
hakonasi_20260825_131458_522,1,v30_contact_fraction0p02,82,2.7333333333333334,1,0,,0,,,,
hakonasi_20260825_131458_522,1,v30_contact_fraction0p02,83,2.7666666666666666,1,0,,0,,,,
hakonasi_20260825_131458_522,1,v30_contact_fraction0p02,84,2.8,1,0,,0,,,,
hakonasi_20260825_131458_522,1,v30_contact_fraction0p02,85,2.8333333333333335,1,0,,0,,,,
hakonasi_20260825_131458_522,1,v30_contact_fraction0p02,86,2.8666666666666667,1,0,,0,,,,
hakonasi_20260825_131458_522,1,v30_contact_fraction0p02,87,2.9,1,0,,0,,,,
hakonasi_20260825_131458_522,1,v30_contact_fraction0p02,88,2.933333333333333,1,0,,0,,,,
hakonasi_20260825_131458_522,1,v30_contact_fraction0p02,89,2.966666666666667,1,0,,0,,,,
hakonasi_20260825_131458_522,1,v30_contact_fraction0p02,90,3.0,1,0,,0,,,,
hakonasi_20260825_131458_522,1,v30_contact_fraction0p02,91,3.033333333333333,1,0,,0,,,,
hakonasi_20260825_131458_522,1,v30_contact_fraction0p02,92,3.066666666666667,1,0,,0,,,,
hakonasi_20260825_131458_522,1,v30_contact_fraction0p02,93,3.1,1,0,,0,,,,
hakonasi_20260825_131458_522,1,v30_contact_fraction0p02,94,3.1333333333333333,1,0,,0,,,,
hakonasi_20260825_131458_522,1,v30_contact_fraction0p02,95,3.1666666666666665,1,0,,0,,,,
hakonasi_20260825_131458_522,1,v30_contact_fraction0p02,96,3.2,1,0,,0,,,,
hakonasi_20260825_131458_522,1,v30_contact_fraction0p02,97,3.2333333333333334,1,0,,0,,,,
hakonasi_20260825_131458_522,1,v30_contact_fraction0p02,98,3.2666666666666666,1,0,,0,,,,
hakonasi_20260825_131458_522,1,v30_contact_fraction0p02,99,3.3,1,0,,0,,,,
hakonasi_20260825_131458_522,1,v30_contact_fraction0p02,100,3.3333333333333335,1,0,,0,,,,
hakonasi_20260825_131458_522,1,v30_contact_fraction0p02,101,3.3666666666666667,1,0,,0,,,,
hakonasi_20260825_131458_522,1,v30_contact_fraction0p02,102,3.4,1,0,,0,,,,
hakonasi_20260825_131458_522,1,v30_contact_fraction0p02,103,3.433333333333333,1,0,,0,,,,
hakonasi_20260825_131458_522,1,v30_contact_fraction0p02,104,3.466666666666667,1,0,,0,,,,
hakonasi_20260825_131458_522,1,v30_contact_fraction0p02,105,3.5,1,0,,0,,,,
hakonasi_20260825_131458_522,1,v30_contact_fraction0p02,106,3.533333333333333,1,0,,0,,,,
hakonasi_20260825_131458_522,1,v30_contact_fraction0p02,107,3.566666666666667,1,0,,0,,,,
hakonasi_20260825_131458_522,1,v30_contact_fraction0p02,108,3.6,1,0,,0,,,,
hakonasi_20260825_131458_522,1,v30_contact_fraction0p02,109,3.6333333333333333,1,0,,0,,,,
hakonasi_20260825_131458_522,1,v30_contact_fraction0p02,110,3.6666666666666665,1,0,,0,,,,
hakonasi_20260825_131458_522,1,v30_contact_fraction0p02,111,3.7,1,0,,0,,,,
hakonasi_20260825_131458_522,1,v30_contact_fraction0p02,112,3.7333333333333334,1,0,,0,,,,
hakonasi_20260825_131458_522,1,v30_contact_fraction0p02,113,3.7666666666666666,1,0,,0,,,,
hakonasi_20260825_131458_522,1,v30_contact_fraction0p02,114,3.8,1,0,,0,,,,
hakonasi_20260825_131458_522,1,v30_contact_fraction0p02,115,3.8333333333333335,1,0,,0,,,,
hakonasi_20260825_131458_522,1,v30_contact_fraction0p02,116,3.8666666666666667,1,0,,0,,,,
hakonasi_20260825_131458_522,1,v30_contact_fraction0p02,117,3.9,1,0,,0,,,,
hakonasi_20260825_131458_522,1,v30_contact_fraction0p02,118,3.933333333333333,1,0,,0,,,,
hakonasi_20260825_131458_522,1,v30_contact_fraction0p02,119,3.966666666666667,1,0,,0,,,,
hakonasi_20260825_131458_522,1,v30_contact_fraction0p02,120,4.0,1,0,,0,,,,
hakonasi_20260825_131458_522,1,v30_contact_fraction0p02,121,4.033333333333333,1,0,,0,,,,
hakonasi_20260825_131458_522,1,v30_contact_fraction0p02,122,4.066666666666666,1,0,,0,,,,
hakonasi_20260825_131458_522,1,v30_contact_fraction0p02,123,4.1,1,0,,0,,,,
hakonasi_20260825_131458_522,1,v30_contact_fraction0p02,124,4.133333333333334,1,0,,0,,,,
hakonasi_20260825_131458_522,1,v30_contact_fraction0p02,125,4.166666666666667,1,0,,0,,,,
hakonasi_20260825_131458_522,1,v30_contact_fraction0p02,126,4.2,1,0,,0,,,,
hakonasi_20260825_131458_522,1,v30_contact_fraction0p02,127,4.233333333333333,1,0,,0,,,,
hakonasi_20260825_131458_522,1,v30_contact_fraction0p02,128,4.266666666666667,1,0,,0,,,,
hakonasi_20260825_131458_522,1,v30_contact_fraction0p02,129,4.3,1,0,,0,,,,
hakonasi_20260825_131458_522,1,v30_contact_fraction0p02,130,4.333333333333333,1,0,,0,,,,
hakonasi_20260825_131458_522,1,v30_contact_fraction0p02,131,4.366666666666666,1,0,,0,,,,
hakonasi_20260825_131458_522,1,v30_contact_fraction0p02,132,4.4,1,0,,0,,,,
hakonasi_20260825_131458_522,1,v30_contact_fraction0p02,133,4.433333333333334,1,0,,0,,,,
hakonasi_20260825_131458_522,1,v30_contact_fraction0p02,134,4.466666666666667,1,0,,0,,,,
hakonasi_20260825_131458_522,1,v30_contact_fraction0p02,135,4.5,1,0,,0,,,,
hakonasi_20260825_131458_522,1,v30_contact_fraction0p02,136,4.533333333333333,1,0,,0,,,,
hakonasi_20260825_131458_522,1,v30_contact_fraction0p02,137,4.566666666666666,1,0,,0,,,,
hakonasi_20260825_131458_522,1,v30_contact_fraction0p02,138,4.6,1,0,,0,,,,
hakonasi_20260825_131458_522,1,v30_contact_fraction0p02,139,4.633333333333334,1,0,,0,,,,
hakonasi_20260825_131458_522,1,v30_contact_fraction0p02,140,4.666666666666667,1,0,,0,,,,
hakonasi_20260825_131458_522,1,v30_contact_fraction0p02,141,4.7,1,0,,0,,,,
hakonasi_20260825_131458_522,1,v30_contact_fraction0p02,142,4.733333333333333,1,0,,0,,,,
hakonasi_20260825_131458_522,1,v30_contact_fraction0p02,143,4.766666666666667,1,0,,0,,,,
hakonasi_20260825_131458_522,1,v30_contact_fraction0p02,144,4.8,1,0,,0,,,,
hakonasi_20260825_131458_522,1,v30_contact_fraction0p02,145,4.833333333333333,1,0,,0,,,,
hakonasi_20260825_131458_522,1,v30_contact_fraction0p02,146,4.866666666666666,1,0,,0,,,,
hakonasi_20260825_131458_522,1,v30_contact_fraction0p02,147,4.9,1,0,,0,,,,
hakonasi_20260825_131458_522,1,v30_contact_fraction0p02,148,4.933333333333334,1,0,,0,,,,
hakonasi_20260825_131458_522,1,v30_contact_fraction0p02,149,4.966666666666667,1,0,,0,,,,
hakonasi_20260825_131458_522,1,v30_contact_fraction0p02,150,5.0,1,0,,0,,,,
hakonasi_20260825_131458_522,1,v30_contact_fraction0p02,151,5.033333333333333,1,0,,0,,,,
hakonasi_20260825_131458_522,1,v30_contact_fraction0p02,152,5.066666666666666,1,0,,0,,,,
hakonasi_20260825_131458_522,1,v30_contact_fraction0p02,153,5.1,1,0,,0,,,,
hakonasi_20260825_131458_522,1,v30_contact_fraction0p02,154,5.133333333333334,1,0,,0,,,,
hakonasi_20260825_131458_522,1,v30_contact_fraction0p02,155,5.166666666666667,1,0,,0,,,,
hakonasi_20260825_131458_522,1,v30_contact_fraction0p02,156,5.2,1,0,,0,,,,
hakonasi_20260825_131458_522,1,v30_contact_fraction0p02,157,5.233333333333333,1,0,,0,,,,
hakonasi_20260825_131458_522,1,v30_contact_fraction0p02,158,5.266666666666667,1,0,,0,,,,
hakonasi_20260825_131458_522,1,v30_contact_fraction0p02,159,5.3,1,0,,0,,,,
hakonasi_20260825_131458_522,1,v30_contact_fraction0p02,160,5.333333333333333,1,0,,0,,,,
hakonasi_20260825_131458_522,1,v30_contact_fraction0p02,161,5.366666666666666,1,0,,0,,,,
hakonasi_20260825_131458_522,1,v30_contact_fraction0p02,162,5.4,1,0,,0,,,,
hakonasi_20260825_131458_522,1,v30_contact_fraction0p02,163,5.433333333333334,1,0,,0,,,,
hakonasi_20260825_131458_522,1,v30_contact_fraction0p02,164,5.466666666666667,1,0,,0,,,,
hakonasi_20260825_131458_522,1,v30_contact_fraction0p02,165,5.5,1,0,,0,,,,
hakonasi_20260825_131458_522,1,v30_contact_fraction0p02,166,5.533333333333333,1,0,,0,,,,
hakonasi_20260825_131458_522,1,v30_contact_fraction0p02,167,5.566666666666666,1,0,,0,,,,
hakonasi_20260825_131458_522,1,v30_contact_fraction0p02,168,5.6,1,0,,0,,,,
hakonasi_20260825_131458_522,1,v30_contact_fraction0p02,169,5.633333333333334,1,0,,0,,,,
hakonasi_20260825_131458_522,1,v30_contact_fraction0p02,170,5.666666666666667,1,0,,0,,,,
hakonasi_20260825_131458_522,1,v30_contact_fraction0p02,171,5.7,1,0,,0,,,,
hakonasi_20260825_131458_522,1,v30_contact_fraction0p02,172,5.733333333333333,1,0,,0,,,,
hakonasi_20260825_131458_522,1,v30_contact_fraction0p02,173,5.766666666666667,1,0,,0,,,,
hakonasi_20260825_131458_522,1,v30_contact_fraction0p02,174,5.8,1,0,,0,,,,
hakonasi_20260825_131458_522,1,v30_contact_fraction0p02,175,5.833333333333333,1,0,,0,,,,
hakonasi_20260825_131458_522,1,v30_contact_fraction0p02,176,5.866666666666666,1,0,,0,,,,
hakonasi_20260825_131458_522,1,v30_contact_fraction0p02,177,5.9,1,0,,0,,,,
hakonasi_20260825_131458_522,1,v30_contact_fraction0p02,178,5.933333333333334,1,0,,0,,,,
hakonasi_20260825_131458_522,1,v30_contact_fraction0p02,179,5.966666666666667,1,0,,0,,,,
hakonasi_20260825_131458_522,1,v30_contact_fraction0p02,180,6.0,1,0,,0,,,,
hakonasi_20260825_131458_522,1,v30_contact_fraction0p02,181,6.033333333333333,1,0,,0,,,,
hakonasi_20260825_131458_522,1,v30_contact_fraction0p02,182,6.066666666666666,1,0,,0,,,,
hakonasi_20260825_131458_522,1,v30_contact_fraction0p02,183,6.1,1,0,,0,,,,
hakonasi_20260825_131458_522,1,v30_contact_fraction0p02,184,6.133333333333334,1,0,,0,,,,
hakonasi_20260825_131458_522,1,v30_contact_fraction0p02,185,6.166666666666667,1,0,,0,,,,
hakonasi_20260825_131458_522,1,v30_contact_fraction0p02,186,6.2,1,0,,0,,,,
hakonasi_20260825_131458_522,1,v30_contact_fraction0p02,187,6.233333333333333,1,0,,0,,,,
hakonasi_20260825_131458_522,1,v30_contact_fraction0p02,188,6.266666666666667,1,0,,0,,,,
hakonasi_20260825_131458_522,1,v30_contact_fraction0p02,189,6.3,1,0,,0,,,,
hakonasi_20260825_131458_522,1,v30_contact_fraction0p02,190,6.333333333333333,1,0,,0,,,,
hakonasi_20260825_131458_522,1,v30_contact_fraction0p02,191,6.366666666666666,1,0,,0,,,,
hakonasi_20260825_131458_522,1,v30_contact_fraction0p02,192,6.4,1,0,,0,,,,
hakonasi_20260825_131458_522,1,v30_contact_fraction0p02,193,6.433333333333334,1,0,,0,,,,
hakonasi_20260825_131458_522,1,v30_contact_fraction0p02,194,6.466666666666667,1,0,,0,,,,
hakonasi_20260825_131458_522,1,v30_contact_fraction0p02,195,6.5,1,0,,0,,,,
hakonasi_20260825_131458_522,1,v30_contact_fraction0p02,196,6.533333333333333,1,0,,0,,,,
hakonasi_20260825_131458_522,1,v30_contact_fraction0p02,197,6.566666666666666,1,0,,0,,,,
hakonasi_20260825_131458_522,1,v30_contact_fraction0p02,198,6.6,1,0,,0,,,,
hakonasi_20260825_131458_522,1,v30_contact_fraction0p02,199,6.633333333333334,1,0,,0,,,,
hakonasi_20260825_131458_522,1,v30_contact_fraction0p02,200,6.666666666666667,1,0,,0,,,,
hakonasi_20260825_131458_522,1,v30_contact_fraction0p02,201,6.7,1,0,,0,,,,
hakonasi_20260825_131458_522,1,v30_contact_fraction0p02,202,6.733333333333333,1,0,,0,,,,
hakonasi_20260825_131458_522,1,v30_contact_fraction0p02,203,6.766666666666667,1,0,,0,,,,
hakonasi_20260825_131458_522,1,v30_contact_fraction0p02,204,6.8,1,0,,0,,,,
hakonasi_20260825_131458_522,1,v30_contact_fraction0p02,205,6.833333333333333,1,0,,0,,,,
hakonasi_20260825_131458_522,1,v30_contact_fraction0p02,206,6.866666666666666,1,0,,0,,,,
hakonasi_20260825_131458_522,1,v30_contact_fraction0p02,207,6.9,1,0,,0,,,,
hakonasi_20260825_131458_522,1,v30_contact_fraction0p02,208,6.933333333333334,1,0,,0,,,,
hakonasi_20260825_131458_522,1,v30_contact_fraction0p02,209,6.966666666666667,1,0,,0,,,,
hakonasi_20260825_131458_522,1,v30_contact_fraction0p02,210,7.0,1,0,,0,,,,
hakonasi_20260825_131458_522,1,v30_contact_fraction0p02,211,7.033333333333333,1,0,,0,,,,
hakonasi_20260825_131458_522,1,v30_contact_fraction0p02,212,7.066666666666666,1,0,,0,,,,
hakonasi_20260825_131458_522,1,v30_contact_fraction0p02,213,7.1,1,0,,0,,,,
hakonasi_20260825_131458_522,1,v30_contact_fraction0p02,214,7.133333333333334,1,0,,0,,,,
hakonasi_20260825_131458_522,1,v30_contact_fraction0p02,215,7.166666666666667,1,0,,0,,,,
hakonasi_20260825_131458_522,1,v30_contact_fraction0p02,216,7.2,1,0,,0,,,,
hakonasi_20260825_131458_522,1,v30_contact_fraction0p02,217,7.233333333333333,1,0,,0,,,,
hakonasi_20260825_131458_522,1,v30_contact_fraction0p02,218,7.266666666666667,1,0,,0,,,,
hakonasi_20260825_131458_522,1,v30_contact_fraction0p02,219,7.3,1,0,,0,,,,
hakonasi_20260825_131458_522,1,v30_contact_fraction0p02,220,7.333333333333333,1,0,,0,,,,
hakonasi_20260825_131458_522,1,v30_contact_fraction0p02,221,7.366666666666666,1,0,,0,,,,
hakonasi_20260825_131458_522,1,v30_contact_fraction0p02,222,7.4,1,0,,0,,,,
hakonasi_20260825_131458_522,1,v30_contact_fraction0p02,223,7.433333333333334,1,0,,0,,,,
hakonasi_20260825_131458_522,1,v30_contact_fraction0p02,224,7.466666666666667,1,0,,0,,,,
hakonasi_20260825_131458_522,1,v30_contact_fraction0p02,225,7.5,1,0,,0,,,,
hakonasi_20260825_131458_522,1,v30_contact_fraction0p02,226,7.533333333333333,1,0,,0,,,,
hakonasi_20260825_131458_522,1,v30_contact_fraction0p02,227,7.566666666666666,1,0,,0,,,,
hakonasi_20260825_131458_522,1,v30_contact_fraction0p02,228,7.6,1,0,,0,,,,
hakonasi_20260825_131458_522,1,v30_contact_fraction0p02,229,7.633333333333334,1,0,,0,,,,
hakonasi_20260825_131458_522,1,v30_contact_fraction0p02,230,7.666666666666667,1,0,,0,,,,
hakonasi_20260825_131458_522,1,v30_contact_fraction0p02,231,7.7,1,0,,0,,,,
hakonasi_20260825_131458_522,1,v30_contact_fraction0p02,232,7.733333333333333,1,0,,0,,,,
hakonasi_20260825_131458_522,1,v30_contact_fraction0p02,233,7.766666666666667,1,0,,0,,,,
hakonasi_20260825_131458_522,1,v30_contact_fraction0p02,234,7.8,1,0,,0,,,,
hakonasi_20260825_131458_522,1,v30_contact_fraction0p02,235,7.833333333333333,1,0,,0,,,,
hakonasi_20260825_131458_522,1,v30_contact_fraction0p02,236,7.866666666666666,1,0,,0,,,,
hakonasi_20260825_131458_522,1,v30_contact_fraction0p02,237,7.9,1,0,,0,,,,
hakonasi_20260825_131458_522,1,v30_contact_fraction0p02,238,7.933333333333334,1,0,,0,,,,
hakonasi_20260825_131458_522,1,v30_contact_fraction0p02,239,7.966666666666667,1,0,,0,,,,
hakonasi_20260825_131458_522,1,v30_contact_fraction0p02,240,8.0,1,0,,0,,,,
hakonasi_20260825_131458_522,1,v30_contact_fraction0p02,241,8.033333333333333,1,0,,0,,,,
hakonasi_20260825_131458_522,1,v30_contact_fraction0p02,242,8.066666666666666,1,0,,0,,,,
hakonasi_20260825_131458_522,1,v30_contact_fraction0p02,243,8.1,1,0,,0,,,,
hakonasi_20260825_131458_522,1,v30_contact_fraction0p02,244,8.133333333333333,1,0,,0,,,,
hakonasi_20260825_131458_522,1,v30_contact_fraction0p02,245,8.166666666666666,1,0,,0,,,,
hakonasi_20260825_131458_522,1,v30_contact_fraction0p02,246,8.2,1,0,,0,,,,
hakonasi_20260825_131458_522,1,v30_contact_fraction0p02,247,8.233333333333333,1,0,,0,,,,
hakonasi_20260825_131458_522,1,v30_contact_fraction0p02,248,8.266666666666667,1,0,,0,,,,
hakonasi_20260825_131458_522,1,v30_contact_fraction0p02,249,8.3,1,0,,0,,,,
hakonasi_20260825_131458_522,1,v30_contact_fraction0p02,250,8.333333333333334,1,0,,0,,,,
hakonasi_20260825_131458_522,1,v30_contact_fraction0p02,251,8.366666666666667,1,0,,0,,,,
hakonasi_20260825_131458_522,1,v30_contact_fraction0p02,252,8.4,1,0,,0,,,,
hakonasi_20260825_131458_522,1,v30_contact_fraction0p02,253,8.433333333333334,1,0,,0,,,,
hakonasi_20260825_131458_522,1,v30_contact_fraction0p02,254,8.466666666666667,1,0,,0,,,,
hakonasi_20260825_131458_522,1,v30_contact_fraction0p02,255,8.5,1,0,,0,,,,
hakonasi_20260825_131458_522,1,v30_contact_fraction0p02,256,8.533333333333333,1,0,,0,,,,
hakonasi_20260825_131458_522,1,v30_contact_fraction0p02,257,8.566666666666666,1,0,,0,,,,
hakonasi_20260825_131458_522,1,v30_contact_fraction0p02,258,8.6,1,0,,0,,,,
hakonasi_20260825_131458_522,1,v30_contact_fraction0p02,259,8.633333333333333,1,0,,0,,,,
hakonasi_20260825_131458_522,1,v30_contact_fraction0p02,260,8.666666666666666,1,0,,0,,,,
hakonasi_20260825_131458_522,1,v30_contact_fraction0p02,261,8.7,1,0,,0,,,,
hakonasi_20260825_131458_522,1,v30_contact_fraction0p02,262,8.733333333333333,1,0,,0,,,,
hakonasi_20260825_131458_522,1,v30_contact_fraction0p02,263,8.766666666666667,1,0,,0,,,,
hakonasi_20260825_131458_522,1,v30_contact_fraction0p02,264,8.8,1,0,,0,,,,
hakonasi_20260825_131458_522,1,v30_contact_fraction0p02,265,8.833333333333334,1,0,,0,,,,
hakonasi_20260825_131458_522,1,v30_contact_fraction0p02,266,8.866666666666667,1,0,,0,,,,
hakonasi_20260825_131458_522,1,v30_contact_fraction0p02,267,8.9,1,0,,0,,,,
hakonasi_20260825_131458_522,1,v30_contact_fraction0p02,268,8.933333333333334,1,0,,0,,,,
hakonasi_20260825_131458_522,1,v30_contact_fraction0p02,269,8.966666666666667,1,0,,0,,,,
hakonasi_20260825_131458_522,1,v30_contact_fraction0p02,270,9.0,1,0,,0,,,,
hakonasi_20260825_131458_522,1,v30_contact_fraction0p02,271,9.033333333333333,1,0,,0,,,,
hakonasi_20260825_131458_522,1,v30_contact_fraction0p02,272,9.066666666666666,1,0,,0,,,,
hakonasi_20260825_131458_522,1,v30_contact_fraction0p02,273,9.1,1,0,,0,,,,
hakonasi_20260825_131458_522,1,v30_contact_fraction0p02,274,9.133333333333333,1,0,,0,,,,
hakonasi_20260825_131458_522,1,v30_contact_fraction0p02,275,9.166666666666666,1,0,,0,,,,
hakonasi_20260825_131458_522,1,v30_contact_fraction0p02,276,9.2,1,0,,0,,,,
hakonasi_20260825_131458_522,1,v30_contact_fraction0p02,277,9.233333333333333,1,0,,0,,,,
hakonasi_20260825_131458_522,1,v30_contact_fraction0p02,278,9.266666666666667,1,0,,0,,,,
hakonasi_20260825_131458_522,1,v30_contact_fraction0p02,279,9.3,1,0,,0,,,,
hakonasi_20260825_131458_522,1,v30_contact_fraction0p02,280,9.333333333333334,1,0,,0,,,,
hakonasi_20260825_131458_522,1,v30_contact_fraction0p02,281,9.366666666666667,1,0,,0,,,,
hakonasi_20260825_131458_522,1,v30_contact_fraction0p02,282,9.4,1,0,,0,,,,
hakonasi_20260825_131458_522,1,v30_contact_fraction0p02,283,9.433333333333334,1,0,,0,,,,
hakonasi_20260825_131458_522,1,v30_contact_fraction0p02,284,9.466666666666667,1,0,,0,,,,
hakonasi_20260825_131458_522,1,v30_contact_fraction0p02,285,9.5,1,0,,0,,,,
hakonasi_20260825_131458_522,1,v30_contact_fraction0p02,286,9.533333333333333,1,0,,0,,,,
hakonasi_20260825_131458_522,1,v30_contact_fraction0p02,287,9.566666666666666,1,0,,0,,,,
hakonasi_20260825_131458_522,1,v30_contact_fraction0p02,288,9.6,1,0,,0,,,,
hakonasi_20260825_131458_522,1,v30_contact_fraction0p02,289,9.633333333333333,1,0,,0,,,,
hakonasi_20260825_131458_522,1,v30_contact_fraction0p02,290,9.666666666666666,1,0,,0,,,,
hakonasi_20260825_131458_522,1,v30_contact_fraction0p02,291,9.7,1,0,,0,,,,
hakonasi_20260825_131458_522,1,v30_contact_fraction0p02,292,9.733333333333333,1,0,,0,,,,
hakonasi_20260825_131458_522,1,v30_contact_fraction0p02,293,9.766666666666667,1,0,,0,,,,
hakonasi_20260825_131458_522,1,v30_contact_fraction0p02,294,9.8,1,0,,0,,,,
hakonasi_20260825_131458_522,1,v30_contact_fraction0p02,295,9.833333333333334,1,0,,0,,,,
hakonasi_20260825_131458_522,1,v30_contact_fraction0p02,296,9.866666666666667,1,0,,0,,,,
hakonasi_20260825_131458_522,1,v30_contact_fraction0p02,297,9.9,1,0,,0,,,,
hakonasi_20260825_131458_522,1,v30_contact_fraction0p02,298,9.933333333333334,1,0,,0,,,,
hakonasi_20260825_131458_522,1,v30_contact_fraction0p02,299,9.966666666666667,1,0,,0,,,,
hakonasi_20260825_131458_522,1,v30_contact_fraction0p02,300,10.0,1,0,,0,,,,
hakonasi_20260825_131458_522,1,v30_contact_fraction0p02,301,10.033333333333333,1,0,,0,,,,
hakonasi_20260825_131458_522,1,v30_contact_fraction0p02,302,10.066666666666666,1,0,,0,,,,
hakonasi_20260825_131458_522,1,v30_contact_fraction0p02,303,10.1,1,0,,0,,,,
hakonasi_20260825_131458_522,1,v30_contact_fraction0p02,304,10.133333333333333,1,0,,0,,,,
hakonasi_20260825_131458_522,1,v30_contact_fraction0p02,305,10.166666666666666,1,0,,0,,,,
hakonasi_20260825_131458_522,1,v30_contact_fraction0p02,306,10.2,1,0,,0,,,,
hakonasi_20260825_131458_522,1,v30_contact_fraction0p02,307,10.233333333333333,1,0,,0,,,,
hakonasi_20260825_131458_522,1,v30_contact_fraction0p02,308,10.266666666666667,1,0,,0,,,,
hakonasi_20260825_131458_522,1,v30_contact_fraction0p02,309,10.3,1,0,,0,,,,
hakonasi_20260825_131458_522,1,v30_contact_fraction0p02,310,10.333333333333334,1,0,,0,,,,
hakonasi_20260825_131458_522,1,v30_contact_fraction0p02,311,10.366666666666667,1,0,,0,,,,
hakonasi_20260825_131458_522,1,v30_contact_fraction0p02,312,10.4,1,0,,0,,,,
hakonasi_20260825_131458_522,1,v30_contact_fraction0p02,313,10.433333333333334,1,0,,0,,,,
hakonasi_20260825_131458_522,1,v30_contact_fraction0p02,314,10.466666666666667,1,0,,0,,,,
hakonasi_20260825_131458_522,1,v30_contact_fraction0p02,315,10.5,1,0,,0,,,,
hakonasi_20260825_131458_522,1,v30_contact_fraction0p02,316,10.533333333333333,1,0,,0,,,,
hakonasi_20260825_131458_522,1,v30_contact_fraction0p02,317,10.566666666666666,1,0,,0,,,,
hakonasi_20260825_131458_522,1,v30_contact_fraction0p02,318,10.6,1,0,,0,,,,
hakonasi_20260825_131458_522,1,v30_contact_fraction0p02,319,10.633333333333333,1,0,,0,,,,
hakonasi_20260825_131458_522,1,v30_contact_fraction0p02,320,10.666666666666666,1,0,,0,,,,
hakonasi_20260825_131458_522,1,v30_contact_fraction0p02,321,10.7,1,0,,0,,,,
hakonasi_20260825_131458_522,1,v30_contact_fraction0p02,322,10.733333333333333,1,0,,0,,,,
hakonasi_20260825_131458_522,1,v30_contact_fraction0p02,323,10.766666666666667,1,0,,0,,,,
hakonasi_20260825_131458_522,1,v30_contact_fraction0p02,324,10.8,1,0,,0,,,,
hakonasi_20260825_131458_522,1,v30_contact_fraction0p02,325,10.833333333333334,1,0,,0,,,,
hakonasi_20260825_131458_522,1,v30_contact_fraction0p02,326,10.866666666666667,1,0,,0,,,,
hakonasi_20260825_131458_522,1,v30_contact_fraction0p02,327,10.9,1,0,,0,,,,
hakonasi_20260825_131458_522,1,v30_contact_fraction0p02,328,10.933333333333334,1,0,,0,,,,
hakonasi_20260825_131458_522,1,v30_contact_fraction0p02,329,10.966666666666667,1,0,,0,,,,
hakonasi_20260825_131458_522,1,v30_contact_fraction0p02,330,11.0,1,0,,0,,,,
hakonasi_20260825_131458_522,1,v30_contact_fraction0p02,331,11.033333333333333,1,0,,0,,,,
hakonasi_20260825_131458_522,1,v30_contact_fraction0p02,332,11.066666666666666,1,0,,0,,,,
hakonasi_20260825_131458_522,1,v30_contact_fraction0p02,333,11.1,1,0,,0,,,,
hakonasi_20260825_131458_522,1,v30_contact_fraction0p02,334,11.133333333333333,1,0,,0,,,,
hakonasi_20260825_131458_522,1,v30_contact_fraction0p02,335,11.166666666666666,1,0,,0,,,,
hakonasi_20260825_131458_522,1,v30_contact_fraction0p02,336,11.2,1,0,,0,,,,
hakonasi_20260825_131458_522,1,v30_contact_fraction0p02,337,11.233333333333333,1,0,,0,,,,
hakonasi_20260825_131458_522,1,v30_contact_fraction0p02,338,11.266666666666667,1,0,,0,,,,
hakonasi_20260825_131458_522,1,v30_contact_fraction0p02,339,11.3,1,0,,0,,,,
hakonasi_20260825_131458_522,1,v30_contact_fraction0p02,340,11.333333333333334,1,0,,0,,,,
hakonasi_20260825_131458_522,1,v30_contact_fraction0p02,341,11.366666666666667,1,0,,0,,,,
hakonasi_20260825_131458_522,1,v30_contact_fraction0p02,342,11.4,1,0,,0,,,,
hakonasi_20260825_131458_522,1,v30_contact_fraction0p02,343,11.433333333333334,1,0,,0,,,,
hakonasi_20260825_131458_522,1,v30_contact_fraction0p02,344,11.466666666666667,1,0,,0,,,,
hakonasi_20260825_131458_522,1,v30_contact_fraction0p02,345,11.5,1,0,,0,,,,
hakonasi_20260825_131458_522,1,v30_contact_fraction0p02,346,11.533333333333333,1,0,,0,,,,
hakonasi_20260825_131458_522,1,v30_contact_fraction0p02,347,11.566666666666666,1,0,,0,,,,
hakonasi_20260825_131458_522,1,v30_contact_fraction0p02,348,11.6,1,0,,0,,,,
hakonasi_20260825_131458_522,1,v30_contact_fraction0p02,349,11.633333333333333,1,0,,0,,,,
hakonasi_20260825_131458_522,1,v30_contact_fraction0p02,350,11.666666666666666,1,0,,0,,,,
hakonasi_20260825_131458_522,1,v30_contact_fraction0p02,351,11.7,1,0,,0,,,,
hakonasi_20260825_131458_522,1,v30_contact_fraction0p02,352,11.733333333333333,1,0,,0,,,,
hakonasi_20260825_131458_522,1,v30_contact_fraction0p02,353,11.766666666666667,1,0,,0,,,,
hakonasi_20260825_131458_522,1,v30_contact_fraction0p02,354,11.8,1,0,,0,,,,
hakonasi_20260825_131458_522,1,v30_contact_fraction0p02,355,11.833333333333334,1,0,,0,,,,
hakonasi_20260825_131458_522,1,v30_contact_fraction0p02,356,11.866666666666667,1,0,,0,,,,
hakonasi_20260825_131458_522,1,v30_contact_fraction0p02,357,11.9,1,0,,0,,,,
hakonasi_20260825_131458_522,1,v30_contact_fraction0p02,358,11.933333333333334,1,0,,0,,,,
hakonasi_20260825_131458_522,1,v30_contact_fraction0p02,359,11.966666666666667,1,0,,0,,,,
hakonasi_20260825_131458_522,1,v30_contact_fraction0p02,360,12.0,1,0,,0,,,,
hakonasi_20260825_131458_522,1,v30_contact_fraction0p02,361,12.033333333333333,1,0,,0,,,,
hakonasi_20260825_131458_522,1,v30_contact_fraction0p02,362,12.066666666666666,1,0,,0,,,,
hakonasi_20260825_131458_522,1,v30_contact_fraction0p02,363,12.1,1,0,,0,,,,
hakonasi_20260825_131458_522,1,v30_contact_fraction0p02,364,12.133333333333333,1,0,,0,,,,
hakonasi_20260825_131458_522,1,v30_contact_fraction0p02,365,12.166666666666666,1,0,,0,,,,
hakonasi_20260825_131458_522,1,v30_contact_fraction0p02,366,12.2,1,0,,0,,,,
hakonasi_20260825_131458_522,1,v30_contact_fraction0p02,367,12.233333333333333,1,0,,0,,,,
hakonasi_20260825_131458_522,1,v30_contact_fraction0p02,368,12.266666666666667,1,0,,0,,,,
hakonasi_20260825_131458_522,1,v30_contact_fraction0p02,369,12.3,1,0,,0,,,,
hakonasi_20260825_131458_522,1,v30_contact_fraction0p02,370,12.333333333333334,1,0,,0,,,,
hakonasi_20260825_131458_522,1,v30_contact_fraction0p02,371,12.366666666666667,1,0,,0,,,,
hakonasi_20260825_131458_522,1,v30_contact_fraction0p02,372,12.4,1,0,,0,,,,
hakonasi_20260825_131458_522,1,v30_contact_fraction0p02,373,12.433333333333334,1,0,,0,,,,
hakonasi_20260825_131458_522,1,v30_contact_fraction0p02,374,12.466666666666667,1,0,,0,,,,
hakonasi_20260825_131458_522,1,v30_contact_fraction0p02,375,12.5,1,0,,0,,,,
hakonasi_20260825_131458_522,1,v30_contact_fraction0p02,376,12.533333333333333,1,0,,0,,,,
hakonasi_20260825_131458_522,1,v30_contact_fraction0p02,377,12.566666666666666,1,0,,0,,,,
hakonasi_20260825_131458_522,1,v30_contact_fraction0p02,378,12.6,1,0,,0,,,,
hakonasi_20260825_131458_522,1,v30_contact_fraction0p02,379,12.633333333333333,1,0,,0,,,,
hakonasi_20260825_131458_522,1,v30_contact_fraction0p02,380,12.666666666666666,1,0,,0,,,,
hakonasi_20260825_131458_522,1,v30_contact_fraction0p02,381,12.7,1,0,,0,,,,
hakonasi_20260825_131458_522,1,v30_contact_fraction0p02,382,12.733333333333333,1,0,,0,,,,
hakonasi_20260825_131458_522,1,v30_contact_fraction0p02,383,12.766666666666667,1,0,,0,,,,
hakonasi_20260825_131458_522,1,v30_contact_fraction0p02,384,12.8,1,0,,0,,,,
hakonasi_20260825_131458_522,1,v30_contact_fraction0p02,385,12.833333333333334,1,0,,0,,,,
hakonasi_20260825_131458_522,1,v30_contact_fraction0p02,386,12.866666666666667,1,0,,0,,,,
hakonasi_20260825_131458_522,1,v30_contact_fraction0p02,387,12.9,1,0,,0,,,,
hakonasi_20260825_131458_522,1,v30_contact_fraction0p02,388,12.933333333333334,1,0,,0,,,,
hakonasi_20260825_131458_522,1,v30_contact_fraction0p02,389,12.966666666666667,1,0,,0,,,,
hakonasi_20260825_131458_522,1,v30_contact_fraction0p02,390,13.0,1,0,,0,,,,
hakonasi_20260825_131458_522,1,v30_contact_fraction0p02,391,13.033333333333333,1,0,,0,,,,
hakonasi_20260825_131458_522,1,v30_contact_fraction0p02,392,13.066666666666666,1,0,,0,,,,
hakonasi_20260825_131458_522,1,v30_contact_fraction0p02,393,13.1,1,0,,0,,,,
hakonasi_20260825_131458_522,1,v30_contact_fraction0p02,394,13.133333333333333,1,0,,0,,,,
hakonasi_20260825_131458_522,1,v30_contact_fraction0p02,395,13.166666666666666,1,0,,0,,,,
hakonasi_20260825_131458_522,1,v30_contact_fraction0p02,396,13.2,1,0,,0,,,,
hakonasi_20260825_131458_522,1,v30_contact_fraction0p02,397,13.233333333333333,1,0,,0,,,,
hakonasi_20260825_131458_522,1,v30_contact_fraction0p02,398,13.266666666666667,1,0,,0,,,,
hakonasi_20260825_131458_522,1,v30_contact_fraction0p02,399,13.3,1,0,,0,,,,
hakonasi_20260825_131458_522,1,v30_contact_fraction0p02,400,13.333333333333334,1,0,,0,,,,
hakonasi_20260825_131458_522,1,v30_contact_fraction0p02,401,13.366666666666667,1,0,,0,,,,
hakonasi_20260825_131458_522,1,v30_contact_fraction0p02,402,13.4,1,0,,0,,,,
hakonasi_20260825_131458_522,1,v30_contact_fraction0p02,403,13.433333333333334,1,0,,0,,,,
hakonasi_20260825_131458_522,1,v30_contact_fraction0p02,404,13.466666666666667,1,0,,0,,,,
hakonasi_20260825_131458_522,1,v30_contact_fraction0p02,405,13.5,1,0,,0,,,,
hakonasi_20260825_131458_522,1,v30_contact_fraction0p02,406,13.533333333333333,1,0,,0,,,,
hakonasi_20260825_131458_522,1,v30_contact_fraction0p02,407,13.566666666666666,1,0,,0,,,,
hakonasi_20260825_131458_522,1,v30_contact_fraction0p02,408,13.6,1,0,,0,,,,
hakonasi_20260825_131458_522,1,v30_contact_fraction0p02,409,13.633333333333333,1,0,,0,,,,
hakonasi_20260825_131458_522,1,v30_contact_fraction0p02,410,13.666666666666666,1,0,,0,,,,
hakonasi_20260825_131458_522,1,v30_contact_fraction0p02,411,13.7,1,0,,0,,,,
hakonasi_20260825_131458_522,1,v30_contact_fraction0p02,412,13.733333333333333,1,0,,0,,,,
hakonasi_20260825_131458_522,1,v30_contact_fraction0p02,413,13.766666666666667,1,0,,0,,,,
hakonasi_20260825_131458_522,1,v30_contact_fraction0p02,414,13.8,1,0,,0,,,,
hakonasi_20260825_131458_522,1,v30_contact_fraction0p02,415,13.833333333333334,1,0,,0,,,,
hakonasi_20260825_131458_522,1,v30_contact_fraction0p02,416,13.866666666666667,1,0,,0,,,,
hakonasi_20260825_131458_522,1,v30_contact_fraction0p02,417,13.9,1,0,,0,,,,
hakonasi_20260825_131458_522,1,v30_contact_fraction0p02,418,13.933333333333334,1,0,,0,,,,
hakonasi_20260825_131458_522,1,v30_contact_fraction0p02,419,13.966666666666667,1,0,,0,,,,
hakonasi_20260825_131458_522,1,v30_contact_fraction0p02,420,14.0,1,0,,0,,,,
hakonasi_20260825_131458_522,1,v30_contact_fraction0p02,421,14.033333333333333,1,0,,0,,,,
hakonasi_20260825_131458_522,1,v30_contact_fraction0p02,422,14.066666666666666,1,0,,0,,,,
hakonasi_20260825_131458_522,1,v30_contact_fraction0p02,423,14.1,1,0,,0,,,,
hakonasi_20260825_131458_522,1,v30_contact_fraction0p02,424,14.133333333333333,1,0,,0,,,,
hakonasi_20260825_131458_522,1,v30_contact_fraction0p02,425,14.166666666666666,1,0,,0,,,,
hakonasi_20260825_131458_522,1,v30_contact_fraction0p02,426,14.2,1,0,,0,,,,
hakonasi_20260825_131458_522,1,v30_contact_fraction0p02,427,14.233333333333333,1,0,,0,,,,
hakonasi_20260825_131458_522,1,v30_contact_fraction0p02,428,14.266666666666667,1,0,,0,,,,
hakonasi_20260825_131458_522,1,v30_contact_fraction0p02,429,14.3,1,0,,0,,,,
hakonasi_20260825_131458_522,1,v30_contact_fraction0p02,430,14.333333333333334,1,0,,0,,,,
hakonasi_20260825_131458_522,1,v30_contact_fraction0p02,431,14.366666666666667,1,0,,0,,,,
hakonasi_20260825_131458_522,1,v30_contact_fraction0p02,432,14.4,1,0,,0,,,,
hakonasi_20260825_131458_522,1,v30_contact_fraction0p02,433,14.433333333333334,1,0,,0,,,,
hakonasi_20260825_131458_522,1,v30_contact_fraction0p02,434,14.466666666666667,1,0,,0,,,,
hakonasi_20260825_131458_522,1,v30_contact_fraction0p02,435,14.5,1,0,,0,,,,
hakonasi_20260825_131458_522,1,v30_contact_fraction0p02,436,14.533333333333333,1,0,,0,,,,
hakonasi_20260825_131458_522,1,v30_contact_fraction0p02,437,14.566666666666666,1,0,,0,,,,
hakonasi_20260825_131458_522,1,v30_contact_fraction0p02,438,14.6,1,0,,0,,,,
hakonasi_20260825_131458_522,1,v30_contact_fraction0p02,439,14.633333333333333,1,0,,0,,,,
hakonasi_20260825_131458_522,1,v30_contact_fraction0p02,440,14.666666666666666,1,0,,0,,,,
hakonasi_20260825_131458_522,1,v30_contact_fraction0p02,441,14.7,1,0,,0,,,,
hakonasi_20260825_131458_522,1,v30_contact_fraction0p02,442,14.733333333333333,1,0,,0,,,,
hakonasi_20260825_131458_522,1,v30_contact_fraction0p02,443,14.766666666666667,1,0,,0,,,,
hakonasi_20260825_131458_522,1,v30_contact_fraction0p02,444,14.8,1,0,,0,,,,
hakonasi_20260825_131458_522,1,v30_contact_fraction0p02,445,14.833333333333334,1,0,,0,,,,
hakonasi_20260825_131458_522,1,v30_contact_fraction0p02,446,14.866666666666667,1,0,,0,,,,
hakonasi_20260825_131458_522,1,v30_contact_fraction0p02,447,14.9,1,0,,0,,,,
hakonasi_20260825_131458_522,1,v30_contact_fraction0p02,448,14.933333333333334,1,0,,0,,,,
hakonasi_20260825_131458_522,1,v30_contact_fraction0p02,449,14.966666666666667,1,0,,0,,,,
hakonasi_20260825_131458_522,1,v30_contact_fraction0p02,450,15.0,1,0,,0,,,,
hakonasi_20260825_131458_522,1,v30_contact_fraction0p02,451,15.033333333333333,1,0,,0,,,,
hakonasi_20260825_131458_522,1,v30_contact_fraction0p02,452,15.066666666666666,1,0,,0,,,,
hakonasi_20260825_131458_522,1,v30_contact_fraction0p02,453,15.1,1,0,,0,,,,
hakonasi_20260825_131458_522,1,v30_contact_fraction0p02,454,15.133333333333333,1,0,,0,,,,
hakonasi_20260825_131458_522,1,v30_contact_fraction0p02,455,15.166666666666666,1,0,,0,,,,
hakonasi_20260825_131458_522,1,v30_contact_fraction0p02,456,15.2,1,0,,0,,,,
hakonasi_20260825_131458_522,1,v30_contact_fraction0p02,457,15.233333333333333,1,0,,0,,,,
hakonasi_20260825_131458_522,1,v30_contact_fraction0p02,458,15.266666666666667,1,0,,0,,,,
hakonasi_20260825_131458_522,1,v30_contact_fraction0p02,459,15.3,1,0,,0,,,,
hakonasi_20260825_131458_522,1,v30_contact_fraction0p02,460,15.333333333333334,1,0,,0,,,,
hakonasi_20260825_131458_522,1,v30_contact_fraction0p02,461,15.366666666666667,1,0,,0,,,,
hakonasi_20260825_131458_522,1,v30_contact_fraction0p02,462,15.4,1,0,,0,,,,
hakonasi_20260825_131458_522,1,v30_contact_fraction0p02,463,15.433333333333334,1,0,,0,,,,
hakonasi_20260825_131458_522,1,v30_contact_fraction0p02,464,15.466666666666667,1,0,,0,,,,
hakonasi_20260825_131458_522,1,v30_contact_fraction0p02,465,15.5,1,0,,0,,,,
hakonasi_20260825_131458_522,1,v30_contact_fraction0p02,466,15.533333333333333,1,0,,0,,,,
hakonasi_20260825_131458_522,1,v30_contact_fraction0p02,467,15.566666666666666,1,0,,0,,,,
hakonasi_20260825_131458_522,1,v30_contact_fraction0p02,468,15.6,1,0,,0,,,,
hakonasi_20260825_131458_522,1,v30_contact_fraction0p02,469,15.633333333333333,1,0,,0,,,,
hakonasi_20260825_131458_522,1,v30_contact_fraction0p02,470,15.666666666666666,1,0,,0,,,,
hakonasi_20260825_131458_522,1,v30_contact_fraction0p02,471,15.7,1,0,,0,,,,
hakonasi_20260825_131458_522,1,v30_contact_fraction0p02,472,15.733333333333333,1,0,,0,,,,
hakonasi_20260825_131458_522,1,v30_contact_fraction0p02,473,15.766666666666667,1,0,,0,,,,
hakonasi_20260825_131458_522,1,v30_contact_fraction0p02,474,15.8,1,0,,0,,,,
hakonasi_20260825_131458_522,1,v30_contact_fraction0p02,475,15.833333333333334,1,0,,0,,,,
hakonasi_20260825_131458_522,1,v30_contact_fraction0p02,476,15.866666666666667,1,0,,0,,,,
hakonasi_20260825_131458_522,1,v30_contact_fraction0p02,477,15.9,1,0,,0,,,,
hakonasi_20260825_131458_522,1,v30_contact_fraction0p02,478,15.933333333333334,1,0,,0,,,,
hakonasi_20260825_131458_522,1,v30_contact_fraction0p02,479,15.966666666666667,1,0,,0,,,,
hakonasi_20260825_131458_522,1,v30_contact_fraction0p02,480,16.0,1,0,,0,,,,
hakonasi_20260825_131458_522,1,v30_contact_fraction0p02,481,16.033333333333335,1,0,,0,,,,
hakonasi_20260825_131458_522,1,v30_contact_fraction0p02,482,16.066666666666666,1,0,,0,,,,
hakonasi_20260825_131458_522,1,v30_contact_fraction0p02,483,16.1,1,0,,0,,,,
hakonasi_20260825_131458_522,1,v30_contact_fraction0p02,484,16.133333333333333,1,0,,0,,,,
hakonasi_20260825_131458_522,1,v30_contact_fraction0p02,485,16.166666666666668,1,0,,0,,,,
hakonasi_20260825_131458_522,1,v30_contact_fraction0p02,486,16.2,1,0,,0,,,,
hakonasi_20260825_131458_522,1,v30_contact_fraction0p02,487,16.233333333333334,1,0,,0,,,,
hakonasi_20260825_131458_522,1,v30_contact_fraction0p02,488,16.266666666666666,1,0,,0,,,,
hakonasi_20260825_131458_522,1,v30_contact_fraction0p02,489,16.3,1,0,,0,,,,
hakonasi_20260825_131458_522,1,v30_contact_fraction0p02,490,16.333333333333332,1,0,,0,,,,
hakonasi_20260825_131458_522,1,v30_contact_fraction0p02,491,16.366666666666667,1,0,,0,,,,
hakonasi_20260825_131458_522,1,v30_contact_fraction0p02,492,16.4,1,0,,0,,,,
hakonasi_20260825_131458_522,1,v30_contact_fraction0p02,493,16.433333333333334,1,0,,0,,,,
hakonasi_20260825_131458_522,1,v30_contact_fraction0p02,494,16.466666666666665,1,0,,0,,,,
hakonasi_20260825_131458_522,1,v30_contact_fraction0p02,495,16.5,1,0,,0,,,,
hakonasi_20260825_131458_522,1,v30_contact_fraction0p02,496,16.533333333333335,1,0,,0,,,,
hakonasi_20260825_131458_522,1,v30_contact_fraction0p02,497,16.566666666666666,1,0,,0,,,,
hakonasi_20260825_131458_522,1,v30_contact_fraction0p02,498,16.6,1,0,,0,,,,
hakonasi_20260825_131458_522,1,v30_contact_fraction0p02,499,16.633333333333333,1,0,,0,,,,
hakonasi_20260825_131458_522,1,v30_contact_fraction0p02,500,16.666666666666668,1,0,,0,,,,
hakonasi_20260825_131458_522,1,v30_contact_fraction0p02,501,16.7,1,0,,0,,,,
hakonasi_20260825_131458_522,1,v30_contact_fraction0p02,502,16.733333333333334,1,0,,0,,,,
hakonasi_20260825_131458_522,1,v30_contact_fraction0p02,503,16.766666666666666,1,0,,0,,,,
hakonasi_20260825_131458_522,1,v30_contact_fraction0p02,504,16.8,1,0,,0,,,,
hakonasi_20260825_131458_522,1,v30_contact_fraction0p02,505,16.833333333333332,1,0,,0,,,,
hakonasi_20260825_131458_522,1,v30_contact_fraction0p02,506,16.866666666666667,1,0,,0,,,,
hakonasi_20260825_131458_522,1,v30_contact_fraction0p02,507,16.9,1,0,,0,,,,
hakonasi_20260825_131458_522,1,v30_contact_fraction0p02,508,16.933333333333334,1,0,,0,,,,
hakonasi_20260825_131458_522,1,v30_contact_fraction0p02,509,16.966666666666665,1,0,,0,,,,
hakonasi_20260825_131458_522,1,v30_contact_fraction0p02,510,17.0,1,0,,0,,,,
hakonasi_20260825_131458_522,1,v30_contact_fraction0p02,511,17.033333333333335,1,0,,0,,,,
hakonasi_20260825_131458_522,1,v30_contact_fraction0p02,512,17.066666666666666,1,0,,0,,,,
hakonasi_20260825_131458_522,1,v30_contact_fraction0p02,513,17.1,1,0,,0,,,,
hakonasi_20260825_131458_522,1,v30_contact_fraction0p02,514,17.133333333333333,1,0,,0,,,,
hakonasi_20260825_131458_522,1,v30_contact_fraction0p02,515,17.166666666666668,1,0,,0,,,,
hakonasi_20260825_131458_522,1,v30_contact_fraction0p02,516,17.2,1,0,,0,,,,
hakonasi_20260825_131458_522,1,v30_contact_fraction0p02,517,17.233333333333334,1,0,,0,,,,
hakonasi_20260825_131458_522,1,v30_contact_fraction0p02,518,17.266666666666666,1,0,,0,,,,
hakonasi_20260825_131458_522,1,v30_contact_fraction0p02,519,17.3,1,0,,0,,,,
hakonasi_20260825_131458_522,1,v30_contact_fraction0p02,520,17.333333333333332,1,0,,0,,,,
hakonasi_20260825_131458_522,1,v30_contact_fraction0p02,521,17.366666666666667,1,0,,0,,,,
hakonasi_20260825_131458_522,1,v30_contact_fraction0p02,522,17.4,1,0,,0,,,,
hakonasi_20260825_131458_522,1,v30_contact_fraction0p02,523,17.433333333333334,1,0,,0,,,,
hakonasi_20260825_131458_522,1,v30_contact_fraction0p02,524,17.466666666666665,1,0,,0,,,,
hakonasi_20260825_131458_522,1,v30_contact_fraction0p02,525,17.5,1,0,,0,,,,
hakonasi_20260825_131458_522,1,v30_contact_fraction0p02,526,17.533333333333335,1,0,,0,,,,
hakonasi_20260825_131458_522,1,v30_contact_fraction0p02,527,17.566666666666666,1,0,,0,,,,
hakonasi_20260825_131458_522,1,v30_contact_fraction0p02,528,17.6,1,0,,0,,,,
hakonasi_20260825_131458_522,1,v30_contact_fraction0p02,529,17.633333333333333,1,0,,0,,,,
hakonasi_20260825_131458_522,1,v30_contact_fraction0p02,530,17.666666666666668,1,0,,0,,,,
hakonasi_20260825_131458_522,1,v30_contact_fraction0p02,531,17.7,1,0,,0,,,,
hakonasi_20260825_131458_522,1,v30_contact_fraction0p02,532,17.733333333333334,1,0,,0,,,,
hakonasi_20260825_131458_522,1,v30_contact_fraction0p02,533,17.766666666666666,1,0,,0,,,,
hakonasi_20260825_131458_522,1,v30_contact_fraction0p02,534,17.8,1,0,,0,,,,
hakonasi_20260825_131458_522,1,v30_contact_fraction0p02,535,17.833333333333332,1,0,,0,,,,
hakonasi_20260825_131458_522,1,v30_contact_fraction0p02,536,17.866666666666667,1,0,,0,,,,
hakonasi_20260825_131458_522,1,v30_contact_fraction0p02,537,17.9,1,0,,0,,,,
hakonasi_20260825_131458_522,1,v30_contact_fraction0p02,538,17.933333333333334,1,0,,0,,,,
hakonasi_20260825_131458_522,1,v30_contact_fraction0p02,539,17.966666666666665,1,0,,0,,,,
hakonasi_20260825_131458_522,1,v30_contact_fraction0p02,540,18.0,1,0,,0,,,,
hakonasi_20260825_131458_522,1,v30_contact_fraction0p02,541,18.033333333333335,1,0,,0,,,,
hakonasi_20260825_131458_522,1,v30_contact_fraction0p02,542,18.066666666666666,1,0,,0,,,,
hakonasi_20260825_131458_522,1,v30_contact_fraction0p02,543,18.1,1,0,,0,,,,
hakonasi_20260825_131458_522,1,v30_contact_fraction0p02,544,18.133333333333333,1,0,,0,,,,
hakonasi_20260825_131458_522,1,v30_contact_fraction0p02,545,18.166666666666668,1,0,,0,,,,
hakonasi_20260825_131458_522,1,v30_contact_fraction0p02,546,18.2,1,0,,0,,,,
hakonasi_20260825_131458_522,1,v30_contact_fraction0p02,547,18.233333333333334,1,0,,0,,,,
hakonasi_20260825_131458_522,1,v30_contact_fraction0p02,548,18.266666666666666,1,0,,0,,,,
hakonasi_20260825_131458_522,1,v30_contact_fraction0p02,549,18.3,1,0,,0,,,,
hakonasi_20260825_131458_522,1,v30_contact_fraction0p02,550,18.333333333333332,1,0,,0,,,,
hakonasi_20260825_131458_522,1,v30_contact_fraction0p02,551,18.366666666666667,1,0,,0,,,,
hakonasi_20260825_131458_522,1,v30_contact_fraction0p02,552,18.4,1,0,,0,,,,
hakonasi_20260825_131458_522,1,v30_contact_fraction0p02,553,18.433333333333334,1,0,,0,,,,
hakonasi_20260825_131458_522,1,v30_contact_fraction0p02,554,18.466666666666665,1,0,,0,,,,
hakonasi_20260825_131458_522,1,v30_contact_fraction0p02,555,18.5,1,0,,0,,,,
hakonasi_20260825_131458_522,1,v30_contact_fraction0p02,556,18.533333333333335,1,0,,0,,,,
hakonasi_20260825_131458_522,1,v30_contact_fraction0p02,557,18.566666666666666,1,0,,0,,,,
hakonasi_20260825_131458_522,1,v30_contact_fraction0p02,558,18.6,1,0,,0,,,,
hakonasi_20260825_131458_522,1,v30_contact_fraction0p02,559,18.633333333333333,1,0,,0,,,,
hakonasi_20260825_131458_522,1,v30_contact_fraction0p02,560,18.666666666666668,1,0,,0,,,,
hakonasi_20260825_131458_522,1,v30_contact_fraction0p02,561,18.7,1,0,,0,,,,
hakonasi_20260825_131458_522,1,v30_contact_fraction0p02,562,18.733333333333334,1,0,,0,,,,
hakonasi_20260825_131458_522,1,v30_contact_fraction0p02,563,18.766666666666666,1,0,,0,,,,
hakonasi_20260825_131458_522,1,v30_contact_fraction0p02,564,18.8,1,0,,0,,,,
hakonasi_20260825_131458_522,1,v30_contact_fraction0p02,565,18.833333333333332,1,0,,0,,,,
hakonasi_20260825_131458_522,1,v30_contact_fraction0p02,566,18.866666666666667,1,0,,0,,,,
hakonasi_20260825_131458_522,1,v30_contact_fraction0p02,567,18.9,1,0,,0,,,,
hakonasi_20260825_131458_522,1,v30_contact_fraction0p02,568,18.933333333333334,1,0,,0,,,,
hakonasi_20260825_131458_522,1,v30_contact_fraction0p02,569,18.966666666666665,1,0,,0,,,,
hakonasi_20260825_131458_522,1,v30_contact_fraction0p02,570,19.0,1,0,,0,,,,
hakonasi_20260825_131458_522,1,v30_contact_fraction0p02,571,19.033333333333335,1,0,,0,,,,
hakonasi_20260825_131458_522,1,v30_contact_fraction0p02,572,19.066666666666666,1,0,,0,,,,
hakonasi_20260825_131458_522,1,v30_contact_fraction0p02,573,19.1,1,0,,0,,,,
hakonasi_20260825_131458_522,1,v30_contact_fraction0p02,574,19.133333333333333,1,0,,0,,,,
hakonasi_20260825_131458_522,1,v30_contact_fraction0p02,575,19.166666666666668,1,0,,0,,,,
hakonasi_20260825_131458_522,1,v30_contact_fraction0p02,576,19.2,1,0,,0,,,,
hakonasi_20260825_131458_522,1,v30_contact_fraction0p02,577,19.233333333333334,1,0,,0,,,,
hakonasi_20260825_131458_522,1,v30_contact_fraction0p02,578,19.266666666666666,1,0,,0,,,,
hakonasi_20260825_131458_522,1,v30_contact_fraction0p02,579,19.3,1,0,,0,,,,
hakonasi_20260825_131458_522,1,v30_contact_fraction0p02,580,19.333333333333332,1,0,,0,,,,
hakonasi_20260825_131458_522,1,v30_contact_fraction0p02,581,19.366666666666667,1,0,,0,,,,
hakonasi_20260825_131458_522,1,v30_contact_fraction0p02,582,19.4,1,0,,0,,,,
hakonasi_20260825_131458_522,1,v30_contact_fraction0p02,583,19.433333333333334,1,0,,0,,,,
hakonasi_20260825_131458_522,1,v30_contact_fraction0p02,584,19.466666666666665,1,0,,0,,,,
hakonasi_20260825_131458_522,1,v30_contact_fraction0p02,585,19.5,1,0,,0,,,,
hakonasi_20260825_131458_522,1,v30_contact_fraction0p02,586,19.533333333333335,1,0,,0,,,,
hakonasi_20260825_131458_522,1,v30_contact_fraction0p02,587,19.566666666666666,1,0,,0,,,,
hakonasi_20260825_131458_522,1,v30_contact_fraction0p02,588,19.6,1,0,,0,,,,
hakonasi_20260825_131458_522,1,v30_contact_fraction0p02,589,19.633333333333333,1,0,,0,,,,
hakonasi_20260825_131458_522,1,v30_contact_fraction0p02,590,19.666666666666668,1,0,,0,,,,
hakonasi_20260825_131458_522,1,v30_contact_fraction0p02,591,19.7,1,0,,0,,,,
hakonasi_20260825_131458_522,1,v30_contact_fraction0p02,592,19.733333333333334,1,0,,0,,,,
hakonasi_20260825_131458_522,1,v30_contact_fraction0p02,593,19.766666666666666,1,0,,0,,,,
hakonasi_20260825_131458_522,1,v30_contact_fraction0p02,594,19.8,1,0,,0,,,,
hakonasi_20260825_131458_522,1,v30_contact_fraction0p02,595,19.833333333333332,1,0,,0,,,,
hakonasi_20260825_131458_522,1,v30_contact_fraction0p02,596,19.866666666666667,1,0,,0,,,,
hakonasi_20260825_131458_522,1,v30_contact_fraction0p02,597,19.9,1,0,,0,,,,
hakonasi_20260825_131458_522,1,v30_contact_fraction0p02,598,19.933333333333334,1,0,,0,,,,
hakonasi_20260825_131458_522,1,v30_contact_fraction0p02,599,19.966666666666665,1,0,,0,,,,
hakonasi_20260825_131458_522,1,v30_contact_fraction0p02,600,20.0,1,0,,0,,,,
hakonasi_20260825_131458_522,1,v30_contact_fraction0p02,601,20.033333333333335,1,0,,0,,,,
hakonasi_20260825_131458_522,1,v30_contact_fraction0p02,602,20.066666666666666,1,0,,0,,,,
hakonasi_20260825_131458_522,1,v30_contact_fraction0p02,603,20.1,1,0,,0,,,,
hakonasi_20260825_131458_522,1,v30_contact_fraction0p02,604,20.133333333333333,1,0,,0,,,,
hakonasi_20260825_131458_522,1,v30_contact_fraction0p02,605,20.166666666666668,1,0,,0,,,,
hakonasi_20260825_131458_522,1,v30_contact_fraction0p02,606,20.2,1,0,,0,,,,
hakonasi_20260825_131458_522,1,v30_contact_fraction0p02,607,20.233333333333334,1,0,,0,,,,
hakonasi_20260825_131458_522,1,v30_contact_fraction0p02,608,20.266666666666666,1,0,,0,,,,
hakonasi_20260825_131458_522,1,v30_contact_fraction0p02,609,20.3,1,0,,0,,,,
hakonasi_20260825_131458_522,1,v30_contact_fraction0p02,610,20.333333333333332,1,0,,0,,,,
hakonasi_20260825_131458_522,1,v30_contact_fraction0p02,611,20.366666666666667,1,0,,0,,,,
hakonasi_20260825_131458_522,1,v30_contact_fraction0p02,612,20.4,1,0,,0,,,,
hakonasi_20260825_131458_522,1,v30_contact_fraction0p02,613,20.433333333333334,1,0,,0,,,,
hakonasi_20260825_131458_522,1,v30_contact_fraction0p02,614,20.466666666666665,1,0,,0,,,,
hakonasi_20260825_131458_522,1,v30_contact_fraction0p02,615,20.5,1,0,,0,,,,
hakonasi_20260825_131458_522,1,v30_contact_fraction0p02,616,20.533333333333335,1,0,,0,,,,
hakonasi_20260825_131458_522,1,v30_contact_fraction0p02,617,20.566666666666666,1,0,,0,,,,
hakonasi_20260825_131458_522,1,v30_contact_fraction0p02,618,20.6,1,0,,0,,,,
hakonasi_20260825_131458_522,1,v30_contact_fraction0p02,619,20.633333333333333,1,0,,0,,,,
hakonasi_20260825_131458_522,1,v30_contact_fraction0p02,620,20.666666666666668,1,0,,0,,,,
hakonasi_20260825_131458_522,1,v30_contact_fraction0p02,621,20.7,1,0,,0,,,,
hakonasi_20260825_131458_522,1,v30_contact_fraction0p02,622,20.733333333333334,1,0,,0,,,,
hakonasi_20260825_131458_522,1,v30_contact_fraction0p02,623,20.766666666666666,1,0,,0,,,,
hakonasi_20260825_131458_522,1,v30_contact_fraction0p02,624,20.8,1,0,,0,,,,
hakonasi_20260825_131458_522,1,v30_contact_fraction0p02,625,20.833333333333332,1,0,,0,,,,
hakonasi_20260825_131458_522,1,v30_contact_fraction0p02,626,20.866666666666667,1,0,,0,,,,
hakonasi_20260825_131458_522,1,v30_contact_fraction0p02,627,20.9,1,0,,0,,,,
hakonasi_20260825_131458_522,1,v30_contact_fraction0p02,628,20.933333333333334,1,0,,0,,,,
hakonasi_20260825_131458_522,1,v30_contact_fraction0p02,629,20.966666666666665,1,0,,0,,,,
hakonasi_20260825_131458_522,1,v30_contact_fraction0p02,630,21.0,1,0,,0,,,,
hakonasi_20260825_131458_522,1,v30_contact_fraction0p02,631,21.033333333333335,1,0,,0,,,,
hakonasi_20260825_131458_522,1,v30_contact_fraction0p02,632,21.066666666666666,1,0,,0,,,,
hakonasi_20260825_131458_522,1,v30_contact_fraction0p02,633,21.1,1,0,,0,,,,
hakonasi_20260825_131458_522,1,v30_contact_fraction0p02,634,21.133333333333333,1,0,,0,,,,
hakonasi_20260825_131458_522,1,v30_contact_fraction0p02,635,21.166666666666668,1,0,,0,,,,
hakonasi_20260825_131458_522,1,v30_contact_fraction0p02,636,21.2,1,0,,0,,,,
hakonasi_20260825_131458_522,1,v30_contact_fraction0p02,637,21.233333333333334,1,0,,0,,,,
hakonasi_20260825_131458_522,1,v30_contact_fraction0p02,638,21.266666666666666,1,0,,0,,,,
hakonasi_20260825_131458_522,1,v30_contact_fraction0p02,639,21.3,1,0,,0,,,,
hakonasi_20260825_131458_522,1,v30_contact_fraction0p02,640,21.333333333333332,1,0,,0,,,,
hakonasi_20260825_131458_522,1,v30_contact_fraction0p02,641,21.366666666666667,1,0,,0,,,,
hakonasi_20260825_131458_522,1,v30_contact_fraction0p02,642,21.4,1,0,,0,,,,
hakonasi_20260825_131458_522,1,v30_contact_fraction0p02,643,21.433333333333334,1,0,,0,,,,
hakonasi_20260825_131458_522,1,v30_contact_fraction0p02,644,21.466666666666665,1,0,,0,,,,
hakonasi_20260825_131458_522,1,v30_contact_fraction0p02,645,21.5,1,0,,0,,,,
hakonasi_20260825_131458_522,1,v30_contact_fraction0p02,646,21.533333333333335,1,0,,0,,,,
hakonasi_20260825_131458_522,1,v30_contact_fraction0p02,647,21.566666666666666,1,0,,0,,,,
hakonasi_20260825_131458_522,1,v30_contact_fraction0p02,648,21.6,1,0,,0,,,,
hakonasi_20260825_131458_522,1,v30_contact_fraction0p02,649,21.633333333333333,1,0,,0,,,,
hakonasi_20260825_131458_522,1,v30_contact_fraction0p02,650,21.666666666666668,1,0,,0,,,,
hakonasi_20260825_131458_522,1,v30_contact_fraction0p02,651,21.7,1,0,,0,,,,
hakonasi_20260825_131458_522,1,v30_contact_fraction0p02,652,21.733333333333334,1,0,,0,,,,
hakonasi_20260825_131458_522,1,v30_contact_fraction0p02,653,21.766666666666666,1,0,,0,,,,
hakonasi_20260825_131458_522,1,v30_contact_fraction0p02,654,21.8,1,0,,0,,,,
hakonasi_20260825_131458_522,1,v30_contact_fraction0p02,655,21.833333333333332,1,0,,0,,,,
hakonasi_20260825_131458_522,1,v30_contact_fraction0p02,656,21.866666666666667,1,0,,0,,,,
hakonasi_20260825_131458_522,1,v30_contact_fraction0p02,657,21.9,1,0,,0,,,,
hakonasi_20260825_131458_522,1,v30_contact_fraction0p02,658,21.933333333333334,1,0,,0,,,,
hakonasi_20260825_131458_522,1,v30_contact_fraction0p02,659,21.966666666666665,1,0,,0,,,,
hakonasi_20260825_131458_522,1,v30_contact_fraction0p02,660,22.0,1,0,,0,,,,
hakonasi_20260825_131458_522,1,v30_contact_fraction0p02,661,22.033333333333335,1,0,,0,,,,
hakonasi_20260825_131458_522,1,v30_contact_fraction0p02,662,22.066666666666666,1,0,,0,,,,
hakonasi_20260825_131458_522,1,v30_contact_fraction0p02,663,22.1,1,0,,0,,,,
hakonasi_20260825_131458_522,1,v30_contact_fraction0p02,664,22.133333333333333,1,0,,0,,,,
hakonasi_20260825_131458_522,1,v30_contact_fraction0p02,665,22.166666666666668,1,0,,0,,,,
hakonasi_20260825_131458_522,1,v30_contact_fraction0p02,666,22.2,1,0,,0,,,,
hakonasi_20260825_131458_522,1,v30_contact_fraction0p02,667,22.233333333333334,1,0,,0,,,,
hakonasi_20260825_131458_522,1,v30_contact_fraction0p02,668,22.266666666666666,1,0,,0,,,,
hakonasi_20260825_131458_522,1,v30_contact_fraction0p02,669,22.3,1,0,,0,,,,
hakonasi_20260825_131458_522,1,v30_contact_fraction0p02,670,22.333333333333332,1,0,,0,,,,
hakonasi_20260825_131458_522,1,v30_contact_fraction0p02,671,22.366666666666667,1,0,,0,,,,
hakonasi_20260825_131458_522,1,v30_contact_fraction0p02,672,22.4,1,0,,0,,,,
hakonasi_20260825_131458_522,1,v30_contact_fraction0p02,673,22.433333333333334,1,0,,0,,,,
hakonasi_20260825_131458_522,1,v30_contact_fraction0p02,674,22.466666666666665,1,0,,0,,,,
hakonasi_20260825_131458_522,1,v30_contact_fraction0p02,675,22.5,1,0,,0,,,,
hakonasi_20260825_131458_522,1,v30_contact_fraction0p02,676,22.533333333333335,1,0,,0,,,,
hakonasi_20260825_131458_522,1,v30_contact_fraction0p02,677,22.566666666666666,1,0,,0,,,,
hakonasi_20260825_131458_522,1,v30_contact_fraction0p02,678,22.6,1,0,,0,,,,
hakonasi_20260825_131458_522,1,v30_contact_fraction0p02,679,22.633333333333333,1,0,,0,,,,
hakonasi_20260825_131458_522,1,v30_contact_fraction0p02,680,22.666666666666668,1,0,,0,,,,
hakonasi_20260825_131458_522,1,v30_contact_fraction0p02,681,22.7,1,0,,0,,,,
hakonasi_20260825_131458_522,1,v30_contact_fraction0p02,682,22.733333333333334,1,0,,0,,,,
hakonasi_20260825_131458_522,1,v30_contact_fraction0p02,683,22.766666666666666,1,0,,0,,,,
hakonasi_20260825_131458_522,1,v30_contact_fraction0p02,684,22.8,1,0,,0,,,,
hakonasi_20260825_131458_522,1,v30_contact_fraction0p02,685,22.833333333333332,1,0,,0,,,,
hakonasi_20260825_131458_522,1,v30_contact_fraction0p02,686,22.866666666666667,1,0,,0,,,,
hakonasi_20260825_131458_522,1,v30_contact_fraction0p02,687,22.9,1,0,,0,,,,
hakonasi_20260825_131458_522,1,v30_contact_fraction0p02,688,22.933333333333334,1,0,,0,,,,
hakonasi_20260825_131458_522,1,v30_contact_fraction0p02,689,22.966666666666665,1,0,,0,,,,
hakonasi_20260825_131458_522,1,v30_contact_fraction0p02,690,23.0,1,0,,0,,,,
hakonasi_20260825_131458_522,1,v30_contact_fraction0p02,691,23.033333333333335,1,0,,0,,,,
hakonasi_20260825_131458_522,1,v30_contact_fraction0p02,692,23.066666666666666,1,0,,0,,,,
hakonasi_20260825_131458_522,1,v30_contact_fraction0p02,693,23.1,1,0,,0,,,,
hakonasi_20260825_131458_522,1,v30_contact_fraction0p02,694,23.133333333333333,1,0,,0,,,,
hakonasi_20260825_131458_522,1,v30_contact_fraction0p02,695,23.166666666666668,1,0,,0,,,,
hakonasi_20260825_131458_522,1,v30_contact_fraction0p02,696,23.2,1,0,,0,,,,
hakonasi_20260825_131458_522,1,v30_contact_fraction0p02,697,23.233333333333334,1,0,,0,,,,
hakonasi_20260825_131458_522,1,v30_contact_fraction0p02,698,23.266666666666666,1,0,,0,,,,
hakonasi_20260825_131458_522,1,v30_contact_fraction0p02,699,23.3,1,0,,0,,,,
hakonasi_20260825_131458_522,1,v30_contact_fraction0p02,700,23.333333333333332,1,0,,0,,,,
hakonasi_20260825_131458_522,1,v30_contact_fraction0p02,701,23.366666666666667,1,0,,0,,,,
hakonasi_20260825_131458_522,1,v30_contact_fraction0p02,702,23.4,1,0,,0,,,,
hakonasi_20260825_131458_522,1,v30_contact_fraction0p02,703,23.433333333333334,1,0,,0,,,,
hakonasi_20260825_131458_522,1,v30_contact_fraction0p02,704,23.466666666666665,1,0,,0,,,,
hakonasi_20260825_131458_522,1,v30_contact_fraction0p02,705,23.5,1,0,,0,,,,
hakonasi_20260825_131458_522,1,v30_contact_fraction0p02,706,23.533333333333335,1,0,,0,,,,
hakonasi_20260825_131458_522,1,v30_contact_fraction0p02,707,23.566666666666666,1,0,,0,,,,
hakonasi_20260825_131458_522,1,v30_contact_fraction0p02,708,23.6,1,0,,0,,,,
hakonasi_20260825_131458_522,1,v30_contact_fraction0p02,709,23.633333333333333,1,0,,0,,,,
hakonasi_20260825_131458_522,1,v30_contact_fraction0p02,710,23.666666666666668,1,0,,0,,,,
hakonasi_20260825_131458_522,1,v30_contact_fraction0p02,711,23.7,1,0,,0,,,,
hakonasi_20260825_131458_522,1,v30_contact_fraction0p02,712,23.733333333333334,1,0,,0,,,,
hakonasi_20260825_131458_522,1,v30_contact_fraction0p02,713,23.766666666666666,1,0,,0,,,,
hakonasi_20260825_131458_522,1,v30_contact_fraction0p02,714,23.8,1,0,,0,,,,
hakonasi_20260825_131458_522,1,v30_contact_fraction0p02,715,23.833333333333332,1,0,,0,,,,
hakonasi_20260825_131458_522,1,v30_contact_fraction0p02,716,23.866666666666667,1,0,,0,,,,
hakonasi_20260825_131458_522,1,v30_contact_fraction0p02,717,23.9,1,0,,0,,,,
hakonasi_20260825_131458_522,1,v30_contact_fraction0p02,718,23.933333333333334,1,0,,0,,,,
hakonasi_20260825_131458_522,1,v30_contact_fraction0p02,719,23.966666666666665,1,0,,0,,,,
hakonasi_20260825_131458_522,1,v30_contact_fraction0p02,720,24.0,1,0,,0,,,,
hakonasi_20260825_131458_522,1,v30_contact_fraction0p02,721,24.033333333333335,1,0,,0,,,,
hakonasi_20260825_131458_522,1,v30_contact_fraction0p02,722,24.066666666666666,1,0,,0,,,,
hakonasi_20260825_131458_522,1,v30_contact_fraction0p02,723,24.1,1,0,,0,,,,
hakonasi_20260825_131458_522,1,v30_contact_fraction0p02,724,24.133333333333333,1,0,,0,,,,
hakonasi_20260825_131458_522,1,v30_contact_fraction0p02,725,24.166666666666668,1,0,,0,,,,
hakonasi_20260825_131458_522,1,v30_contact_fraction0p02,726,24.2,1,0,,0,,,,
hakonasi_20260825_131458_522,1,v30_contact_fraction0p02,727,24.233333333333334,1,0,,0,,,,
hakonasi_20260825_131458_522,1,v30_contact_fraction0p02,728,24.266666666666666,1,0,,0,,,,
hakonasi_20260825_131458_522,1,v30_contact_fraction0p02,729,24.3,1,0,,0,,,,
hakonasi_20260825_131458_522,1,v30_contact_fraction0p02,730,24.333333333333332,1,0,,0,,,,
hakonasi_20260825_131458_522,1,v30_contact_fraction0p02,731,24.366666666666667,1,0,,0,,,,
hakonasi_20260825_131458_522,1,v30_contact_fraction0p02,732,24.4,1,0,,0,,,,
hakonasi_20260825_131458_522,1,v30_contact_fraction0p02,733,24.433333333333334,1,0,,0,,,,
hakonasi_20260825_131458_522,1,v30_contact_fraction0p02,734,24.466666666666665,1,0,,0,,,,
hakonasi_20260825_131458_522,1,v30_contact_fraction0p02,735,24.5,1,0,,0,,,,
hakonasi_20260825_131458_522,1,v30_contact_fraction0p02,736,24.533333333333335,1,0,,0,,,,
hakonasi_20260825_131458_522,1,v30_contact_fraction0p02,737,24.566666666666666,1,0,,0,,,,
hakonasi_20260825_131458_522,1,v30_contact_fraction0p02,738,24.6,1,0,,0,,,,
hakonasi_20260825_131458_522,1,v30_contact_fraction0p02,739,24.633333333333333,1,0,,0,,,,
hakonasi_20260825_131458_522,1,v30_contact_fraction0p02,740,24.666666666666668,1,0,,0,,,,
hakonasi_20260825_131458_522,1,v30_contact_fraction0p02,741,24.7,1,0,,0,,,,
hakonasi_20260825_131458_522,1,v30_contact_fraction0p02,742,24.733333333333334,1,0,,0,,,,
hakonasi_20260825_131458_522,1,v30_contact_fraction0p02,743,24.766666666666666,1,0,,0,,,,
hakonasi_20260825_131458_522,1,v30_contact_fraction0p02,744,24.8,1,0,,0,,,,
hakonasi_20260825_131458_522,1,v30_contact_fraction0p02,745,24.833333333333332,1,0,,0,,,,
hakonasi_20260825_131458_522,1,v30_contact_fraction0p02,746,24.866666666666667,1,0,,0,,,,
hakonasi_20260825_131458_522,1,v30_contact_fraction0p02,747,24.9,1,0,,0,,,,
hakonasi_20260825_131458_522,1,v30_contact_fraction0p02,748,24.933333333333334,1,0,,0,,,,
hakonasi_20260825_131458_522,1,v30_contact_fraction0p02,749,24.966666666666665,1,0,,0,,,,
hakonasi_20260825_131458_522,1,v30_contact_fraction0p02,750,25.0,1,0,,0,,,,
hakonasi_20260825_131458_522,1,v30_contact_fraction0p02,751,25.033333333333335,1,0,,0,,,,
hakonasi_20260825_131458_522,1,v30_contact_fraction0p02,752,25.066666666666666,1,0,,0,,,,
hakonasi_20260825_131458_522,1,v30_contact_fraction0p02,753,25.1,1,0,,0,,,,
hakonasi_20260825_131458_522,1,v30_contact_fraction0p02,754,25.133333333333333,1,0,,0,,,,
hakonasi_20260825_131458_522,1,v30_contact_fraction0p02,755,25.166666666666668,1,0,,0,,,,
hakonasi_20260825_131458_522,1,v30_contact_fraction0p02,756,25.2,1,0,,0,,,,
hakonasi_20260825_131458_522,1,v30_contact_fraction0p02,757,25.233333333333334,1,0,,0,,,,
hakonasi_20260825_131458_522,1,v30_contact_fraction0p02,758,25.266666666666666,1,0,,0,,,,
hakonasi_20260825_131458_522,1,v30_contact_fraction0p02,759,25.3,1,0,,0,,,,
hakonasi_20260825_131458_522,1,v30_contact_fraction0p02,760,25.333333333333332,1,0,,0,,,,
hakonasi_20260825_131458_522,1,v30_contact_fraction0p02,761,25.366666666666667,1,0,,0,,,,
hakonasi_20260825_131458_522,1,v30_contact_fraction0p02,762,25.4,1,0,,0,,,,
hakonasi_20260825_131458_522,1,v30_contact_fraction0p02,763,25.433333333333334,1,0,,0,,,,
hakonasi_20260825_131458_522,1,v30_contact_fraction0p02,764,25.466666666666665,1,0,,0,,,,
hakonasi_20260825_131458_522,1,v30_contact_fraction0p02,765,25.5,1,0,,0,,,,
hakonasi_20260825_131458_522,1,v30_contact_fraction0p02,766,25.533333333333335,1,0,,0,,,,
hakonasi_20260825_131458_522,1,v30_contact_fraction0p02,767,25.566666666666666,1,0,,0,,,,
hakonasi_20260825_131458_522,1,v30_contact_fraction0p02,768,25.6,1,0,,0,,,,
hakonasi_20260825_131458_522,1,v30_contact_fraction0p02,769,25.633333333333333,1,0,,0,,,,
hakonasi_20260825_131458_522,1,v30_contact_fraction0p02,770,25.666666666666668,1,0,,0,,,,
hakonasi_20260825_131458_522,1,v30_contact_fraction0p02,771,25.7,1,0,,0,,,,
hakonasi_20260825_131458_522,1,v30_contact_fraction0p02,772,25.733333333333334,1,0,,0,,,,
hakonasi_20260825_131458_522,1,v30_contact_fraction0p02,773,25.766666666666666,1,0,,0,,,,
hakonasi_20260825_131458_522,1,v30_contact_fraction0p02,774,25.8,1,0,,0,,,,
hakonasi_20260825_131458_522,1,v30_contact_fraction0p02,775,25.833333333333332,1,0,,0,,,,
hakonasi_20260825_131458_522,1,v30_contact_fraction0p02,776,25.866666666666667,1,0,,0,,,,
hakonasi_20260825_131458_522,1,v30_contact_fraction0p02,777,25.9,1,0,,0,,,,
hakonasi_20260825_131458_522,1,v30_contact_fraction0p02,778,25.933333333333334,1,0,,0,,,,
hakonasi_20260825_131458_522,1,v30_contact_fraction0p02,779,25.966666666666665,1,0,,0,,,,
hakonasi_20260825_131458_522,1,v30_contact_fraction0p02,780,26.0,1,0,,0,,,,
hakonasi_20260825_131458_522,1,v30_contact_fraction0p02,781,26.033333333333335,1,0,,0,,,,
hakonasi_20260825_131458_522,1,v30_contact_fraction0p02,782,26.066666666666666,1,0,,0,,,,
hakonasi_20260825_131458_522,1,v30_contact_fraction0p02,783,26.1,1,0,,0,,,,
hakonasi_20260825_131458_522,1,v30_contact_fraction0p02,784,26.133333333333333,1,0,,0,,,,
hakonasi_20260825_131458_522,1,v30_contact_fraction0p02,785,26.166666666666668,1,0,,0,,,,
hakonasi_20260825_131458_522,1,v30_contact_fraction0p02,786,26.2,1,0,,0,,,,
hakonasi_20260825_131458_522,1,v30_contact_fraction0p02,787,26.233333333333334,1,0,,0,,,,
hakonasi_20260825_131458_522,1,v30_contact_fraction0p02,788,26.266666666666666,1,0,,0,,,,
hakonasi_20260825_131458_522,1,v30_contact_fraction0p02,789,26.3,1,0,,0,,,,
hakonasi_20260825_131458_522,1,v30_contact_fraction0p02,790,26.333333333333332,1,0,,0,,,,
hakonasi_20260825_131458_522,1,v30_contact_fraction0p02,791,26.366666666666667,1,0,,0,,,,
hakonasi_20260825_131458_522,1,v30_contact_fraction0p02,792,26.4,1,0,,0,,,,
hakonasi_20260825_131458_522,1,v30_contact_fraction0p02,793,26.433333333333334,1,0,,0,,,,
hakonasi_20260825_131458_522,1,v30_contact_fraction0p02,794,26.466666666666665,1,0,,0,,,,
hakonasi_20260825_131458_522,1,v30_contact_fraction0p02,795,26.5,1,0,,0,,,,
hakonasi_20260825_131458_522,1,v30_contact_fraction0p02,796,26.533333333333335,1,0,,0,,,,
hakonasi_20260825_131458_522,1,v30_contact_fraction0p02,797,26.566666666666666,1,0,,0,,,,
hakonasi_20260825_131458_522,1,v30_contact_fraction0p02,798,26.6,1,0,,0,,,,
hakonasi_20260825_131458_522,1,v30_contact_fraction0p02,799,26.633333333333333,1,0,,0,,,,
hakonasi_20260825_131458_522,1,v30_contact_fraction0p02,800,26.666666666666668,1,0,,0,,,,
hakonasi_20260825_131458_522,1,v30_contact_fraction0p02,801,26.7,1,0,,0,,,,
hakonasi_20260825_131458_522,1,v30_contact_fraction0p02,802,26.733333333333334,1,0,,0,,,,
hakonasi_20260825_131458_522,1,v30_contact_fraction0p02,803,26.766666666666666,1,0,,0,,,,
hakonasi_20260825_131458_522,1,v30_contact_fraction0p02,804,26.8,1,0,,0,,,,
hakonasi_20260825_131458_522,1,v30_contact_fraction0p02,805,26.833333333333332,1,0,,0,,,,
hakonasi_20260825_131458_522,1,v30_contact_fraction0p02,806,26.866666666666667,1,0,,0,,,,
hakonasi_20260825_131458_522,1,v30_contact_fraction0p02,807,26.9,1,0,,0,,,,
hakonasi_20260825_131458_522,1,v30_contact_fraction0p02,808,26.933333333333334,1,0,,0,,,,
hakonasi_20260825_131458_522,1,v30_contact_fraction0p02,809,26.966666666666665,1,0,,0,,,,
hakonasi_20260825_131458_522,1,v30_contact_fraction0p02,810,27.0,1,0,,0,,,,
hakonasi_20260825_131458_522,1,v30_contact_fraction0p02,811,27.033333333333335,1,0,,0,,,,
hakonasi_20260825_131458_522,1,v30_contact_fraction0p02,812,27.066666666666666,1,0,,0,,,,
hakonasi_20260825_131458_522,1,v30_contact_fraction0p02,813,27.1,1,0,,0,,,,
hakonasi_20260825_131458_522,1,v30_contact_fraction0p02,814,27.133333333333333,1,0,,0,,,,
hakonasi_20260825_131458_522,1,v30_contact_fraction0p02,815,27.166666666666668,1,0,,0,,,,
hakonasi_20260825_131458_522,1,v30_contact_fraction0p02,816,27.2,1,0,,0,,,,
hakonasi_20260825_131458_522,1,v30_contact_fraction0p02,817,27.233333333333334,1,0,,0,,,,
hakonasi_20260825_131458_522,1,v30_contact_fraction0p02,818,27.266666666666666,1,0,,0,,,,
hakonasi_20260825_131458_522,1,v30_contact_fraction0p02,819,27.3,1,0,,0,,,,
hakonasi_20260825_131458_522,1,v30_contact_fraction0p02,820,27.333333333333332,1,0,,0,,,,
hakonasi_20260825_131458_522,1,v30_contact_fraction0p02,821,27.366666666666667,1,0,,0,,,,
hakonasi_20260825_131458_522,1,v30_contact_fraction0p02,822,27.4,1,0,,0,,,,
hakonasi_20260825_131458_522,1,v30_contact_fraction0p02,823,27.433333333333334,1,0,,0,,,,
hakonasi_20260825_131458_522,1,v30_contact_fraction0p02,824,27.466666666666665,1,0,,0,,,,
hakonasi_20260825_131458_522,1,v30_contact_fraction0p02,825,27.5,1,0,,0,,,,
hakonasi_20260825_131458_522,1,v30_contact_fraction0p02,826,27.533333333333335,1,0,,0,,,,
hakonasi_20260825_131458_522,1,v30_contact_fraction0p02,827,27.566666666666666,1,0,,0,,,,
hakonasi_20260825_131458_522,1,v30_contact_fraction0p02,828,27.6,1,0,,0,,,,
hakonasi_20260825_131458_522,1,v30_contact_fraction0p02,829,27.633333333333333,1,0,,0,,,,
hakonasi_20260825_131458_522,1,v30_contact_fraction0p02,830,27.666666666666668,1,0,,0,,,,
hakonasi_20260825_131458_522,1,v30_contact_fraction0p02,831,27.7,1,0,,0,,,,
hakonasi_20260825_131458_522,1,v30_contact_fraction0p02,832,27.733333333333334,1,0,,0,,,,
hakonasi_20260825_131458_522,1,v30_contact_fraction0p02,833,27.766666666666666,1,0,,0,,,,
hakonasi_20260825_131458_522,1,v30_contact_fraction0p02,834,27.8,1,0,,0,,,,
hakonasi_20260825_131458_522,1,v30_contact_fraction0p02,835,27.833333333333332,1,0,,0,,,,
hakonasi_20260825_131458_522,1,v30_contact_fraction0p02,836,27.866666666666667,1,0,,0,,,,
hakonasi_20260825_131458_522,1,v30_contact_fraction0p02,837,27.9,1,0,,0,,,,
hakonasi_20260825_131458_522,1,v30_contact_fraction0p02,838,27.933333333333334,1,0,,0,,,,
hakonasi_20260825_131458_522,1,v30_contact_fraction0p02,839,27.966666666666665,1,0,,0,,,,
hakonasi_20260825_131458_522,1,v30_contact_fraction0p02,840,28.0,1,0,,0,,,,
hakonasi_20260825_131458_522,1,v30_contact_fraction0p02,841,28.033333333333335,1,0,,0,,,,
hakonasi_20260825_131458_522,1,v30_contact_fraction0p02,842,28.066666666666666,1,0,,0,,,,
hakonasi_20260825_131458_522,1,v30_contact_fraction0p02,843,28.1,1,0,,0,,,,
hakonasi_20260825_131458_522,1,v30_contact_fraction0p02,844,28.133333333333333,1,0,,0,,,,
hakonasi_20260825_131458_522,1,v30_contact_fraction0p02,845,28.166666666666668,1,0,,0,,,,
hakonasi_20260825_131458_522,1,v30_contact_fraction0p02,846,28.2,1,0,,0,,,,
hakonasi_20260825_131458_522,1,v30_contact_fraction0p02,847,28.233333333333334,1,0,,0,,,,
hakonasi_20260825_131458_522,1,v30_contact_fraction0p02,848,28.266666666666666,1,0,,0,,,,
hakonasi_20260825_131458_522,1,v30_contact_fraction0p02,849,28.3,1,0,,0,,,,
hakonasi_20260825_131458_522,1,v30_contact_fraction0p02,850,28.333333333333332,1,0,,0,,,,
hakonasi_20260825_131458_522,1,v30_contact_fraction0p02,851,28.366666666666667,1,0,,0,,,,
hakonasi_20260825_131458_522,1,v30_contact_fraction0p02,852,28.4,1,0,,0,,,,
hakonasi_20260825_131458_522,1,v30_contact_fraction0p02,853,28.433333333333334,1,0,,0,,,,
hakonasi_20260825_131458_522,1,v30_contact_fraction0p16,1,0.03333333333333333,1,0,,0,,,,
hakonasi_20260825_131458_522,1,v30_contact_fraction0p16,2,0.06666666666666667,1,0,,0,,,,
hakonasi_20260825_131458_522,1,v30_contact_fraction0p16,3,0.1,1,0,,0,,,,
hakonasi_20260825_131458_522,1,v30_contact_fraction0p16,4,0.13333333333333333,1,0,,0,,,,
hakonasi_20260825_131458_522,1,v30_contact_fraction0p16,5,0.16666666666666666,1,0,,0,,,,
hakonasi_20260825_131458_522,1,v30_contact_fraction0p16,6,0.2,1,0,,0,,,,
hakonasi_20260825_131458_522,1,v30_contact_fraction0p16,7,0.23333333333333334,1,0,,0,,,,
hakonasi_20260825_131458_522,1,v30_contact_fraction0p16,8,0.26666666666666666,1,0,,0,,,,
hakonasi_20260825_131458_522,1,v30_contact_fraction0p16,9,0.3,1,0,,0,,,,
hakonasi_20260825_131458_522,1,v30_contact_fraction0p16,10,0.3333333333333333,1,0,,0,,,,
hakonasi_20260825_131458_522,1,v30_contact_fraction0p16,11,0.36666666666666664,1,0,,0,,,,
hakonasi_20260825_131458_522,1,v30_contact_fraction0p16,12,0.4,1,0,,0,,,,
hakonasi_20260825_131458_522,1,v30_contact_fraction0p16,13,0.43333333333333335,1,0,,0,,,,
hakonasi_20260825_131458_522,1,v30_contact_fraction0p16,14,0.4666666666666667,1,0,,0,,,,
hakonasi_20260825_131458_522,1,v30_contact_fraction0p16,15,0.5,1,0,,0,,,,
hakonasi_20260825_131458_522,1,v30_contact_fraction0p16,16,0.5333333333333333,1,0,,0,,,,
hakonasi_20260825_131458_522,1,v30_contact_fraction0p16,17,0.5666666666666667,1,0,,0,,,,
hakonasi_20260825_131458_522,1,v30_contact_fraction0p16,18,0.6,1,0,,0,,,,
hakonasi_20260825_131458_522,1,v30_contact_fraction0p16,19,0.6333333333333333,1,0,,0,,,,
hakonasi_20260825_131458_522,1,v30_contact_fraction0p16,20,0.6666666666666666,1,0,,0,,,,
hakonasi_20260825_131458_522,1,v30_contact_fraction0p16,21,0.7,1,0,,0,,,,
hakonasi_20260825_131458_522,1,v30_contact_fraction0p16,22,0.7333333333333333,1,0,,0,,,,
hakonasi_20260825_131458_522,1,v30_contact_fraction0p16,23,0.7666666666666667,1,0,,0,,,,
hakonasi_20260825_131458_522,1,v30_contact_fraction0p16,24,0.8,1,0,,0,,,,
hakonasi_20260825_131458_522,1,v30_contact_fraction0p16,25,0.8333333333333334,1,0,,0,,,,
hakonasi_20260825_131458_522,1,v30_contact_fraction0p16,26,0.8666666666666667,1,0,,0,,,,
hakonasi_20260825_131458_522,1,v30_contact_fraction0p16,27,0.9,1,0,,0,,,,
hakonasi_20260825_131458_522,1,v30_contact_fraction0p16,28,0.9333333333333333,1,0,,0,,,,
hakonasi_20260825_131458_522,1,v30_contact_fraction0p16,29,0.9666666666666667,1,0,,0,,,,
hakonasi_20260825_131458_522,1,v30_contact_fraction0p16,30,1.0,1,0,,0,,,,
hakonasi_20260825_131458_522,1,v30_contact_fraction0p16,31,1.0333333333333334,1,0,,0,,,,
hakonasi_20260825_131458_522,1,v30_contact_fraction0p16,32,1.0666666666666667,1,0,,0,,,,
hakonasi_20260825_131458_522,1,v30_contact_fraction0p16,33,1.1,1,0,,0,,,,
hakonasi_20260825_131458_522,1,v30_contact_fraction0p16,34,1.1333333333333333,1,0,,0,,,,
hakonasi_20260825_131458_522,1,v30_contact_fraction0p16,35,1.1666666666666667,1,0,,0,,,,
hakonasi_20260825_131458_522,1,v30_contact_fraction0p16,36,1.2,1,0,,0,,,,
hakonasi_20260825_131458_522,1,v30_contact_fraction0p16,37,1.2333333333333334,1,0,,0,,,,
hakonasi_20260825_131458_522,1,v30_contact_fraction0p16,38,1.2666666666666666,1,0,,0,,,,
hakonasi_20260825_131458_522,1,v30_contact_fraction0p16,39,1.3,1,0,,0,,,,
hakonasi_20260825_131458_522,1,v30_contact_fraction0p16,40,1.3333333333333333,1,0,,0,,,,
hakonasi_20260825_131458_522,1,v30_contact_fraction0p16,41,1.3666666666666667,1,0,,0,,,,
hakonasi_20260825_131458_522,1,v30_contact_fraction0p16,42,1.4,1,0,,0,,,,
hakonasi_20260825_131458_522,1,v30_contact_fraction0p16,43,1.4333333333333333,1,0,,0,,,,
hakonasi_20260825_131458_522,1,v30_contact_fraction0p16,44,1.4666666666666666,1,0,,0,,,,
hakonasi_20260825_131458_522,1,v30_contact_fraction0p16,45,1.5,1,0,,0,,,,
hakonasi_20260825_131458_522,1,v30_contact_fraction0p16,46,1.5333333333333334,1,0,,0,,,,
hakonasi_20260825_131458_522,1,v30_contact_fraction0p16,47,1.5666666666666667,1,0,,0,,,,
hakonasi_20260825_131458_522,1,v30_contact_fraction0p16,48,1.6,1,0,,0,,,,
hakonasi_20260825_131458_522,1,v30_contact_fraction0p16,49,1.6333333333333333,1,0,,0,,,,
hakonasi_20260825_131458_522,1,v30_contact_fraction0p16,50,1.6666666666666667,1,0,,0,,,,
hakonasi_20260825_131458_522,1,v30_contact_fraction0p16,51,1.7,1,0,,0,,,,
hakonasi_20260825_131458_522,1,v30_contact_fraction0p16,52,1.7333333333333334,1,0,,0,,,,
hakonasi_20260825_131458_522,1,v30_contact_fraction0p16,53,1.7666666666666666,1,0,,0,,,,
hakonasi_20260825_131458_522,1,v30_contact_fraction0p16,54,1.8,1,0,,0,,,,
hakonasi_20260825_131458_522,1,v30_contact_fraction0p16,55,1.8333333333333333,1,0,,0,,,,
hakonasi_20260825_131458_522,1,v30_contact_fraction0p16,56,1.8666666666666667,1,0,,0,,,,
hakonasi_20260825_131458_522,1,v30_contact_fraction0p16,57,1.9,1,0,,0,,,,
hakonasi_20260825_131458_522,1,v30_contact_fraction0p16,58,1.9333333333333333,1,0,,0,,,,
hakonasi_20260825_131458_522,1,v30_contact_fraction0p16,59,1.9666666666666666,1,0,,0,,,,
hakonasi_20260825_131458_522,1,v30_contact_fraction0p16,60,2.0,1,0,,0,,,,
hakonasi_20260825_131458_522,1,v30_contact_fraction0p16,61,2.033333333333333,1,0,,0,,,,
hakonasi_20260825_131458_522,1,v30_contact_fraction0p16,62,2.066666666666667,1,0,,0,,,,
hakonasi_20260825_131458_522,1,v30_contact_fraction0p16,63,2.1,1,0,,0,,,,
hakonasi_20260825_131458_522,1,v30_contact_fraction0p16,64,2.1333333333333333,1,0,,0,,,,
hakonasi_20260825_131458_522,1,v30_contact_fraction0p16,65,2.1666666666666665,1,0,,0,,,,
hakonasi_20260825_131458_522,1,v30_contact_fraction0p16,66,2.2,1,0,,0,,,,
hakonasi_20260825_131458_522,1,v30_contact_fraction0p16,67,2.2333333333333334,1,0,,0,,,,
hakonasi_20260825_131458_522,1,v30_contact_fraction0p16,68,2.2666666666666666,1,0,,0,,,,
hakonasi_20260825_131458_522,1,v30_contact_fraction0p16,69,2.3,1,0,,0,,,,
hakonasi_20260825_131458_522,1,v30_contact_fraction0p16,70,2.3333333333333335,1,0,,0,,,,
hakonasi_20260825_131458_522,1,v30_contact_fraction0p16,71,2.3666666666666667,1,0,,0,,,,
hakonasi_20260825_131458_522,1,v30_contact_fraction0p16,72,2.4,1,0,,0,,,,
hakonasi_20260825_131458_522,1,v30_contact_fraction0p16,73,2.433333333333333,1,0,,0,,,,
hakonasi_20260825_131458_522,1,v30_contact_fraction0p16,74,2.466666666666667,1,0,,0,,,,
hakonasi_20260825_131458_522,1,v30_contact_fraction0p16,75,2.5,1,0,,0,,,,
hakonasi_20260825_131458_522,1,v30_contact_fraction0p16,76,2.533333333333333,1,0,,0,,,,
hakonasi_20260825_131458_522,1,v30_contact_fraction0p16,77,2.566666666666667,1,0,,0,,,,
hakonasi_20260825_131458_522,1,v30_contact_fraction0p16,78,2.6,1,0,,0,,,,
hakonasi_20260825_131458_522,1,v30_contact_fraction0p16,79,2.6333333333333333,1,0,,0,,,,
hakonasi_20260825_131458_522,1,v30_contact_fraction0p16,80,2.6666666666666665,1,0,,0,,,,
hakonasi_20260825_131458_522,1,v30_contact_fraction0p16,81,2.7,1,0,,0,,,,
hakonasi_20260825_131458_522,1,v30_contact_fraction0p16,82,2.7333333333333334,1,0,,0,,,,
hakonasi_20260825_131458_522,1,v30_contact_fraction0p16,83,2.7666666666666666,1,0,,0,,,,
hakonasi_20260825_131458_522,1,v30_contact_fraction0p16,84,2.8,1,0,,0,,,,
hakonasi_20260825_131458_522,1,v30_contact_fraction0p16,85,2.8333333333333335,1,0,,0,,,,
hakonasi_20260825_131458_522,1,v30_contact_fraction0p16,86,2.8666666666666667,1,0,,0,,,,
hakonasi_20260825_131458_522,1,v30_contact_fraction0p16,87,2.9,1,0,,0,,,,
hakonasi_20260825_131458_522,1,v30_contact_fraction0p16,88,2.933333333333333,1,0,,0,,,,
hakonasi_20260825_131458_522,1,v30_contact_fraction0p16,89,2.966666666666667,1,0,,0,,,,
hakonasi_20260825_131458_522,1,v30_contact_fraction0p16,90,3.0,1,0,,0,,,,
hakonasi_20260825_131458_522,1,v30_contact_fraction0p16,91,3.033333333333333,1,0,,0,,,,
hakonasi_20260825_131458_522,1,v30_contact_fraction0p16,92,3.066666666666667,1,0,,0,,,,
hakonasi_20260825_131458_522,1,v30_contact_fraction0p16,93,3.1,1,0,,0,,,,
hakonasi_20260825_131458_522,1,v30_contact_fraction0p16,94,3.1333333333333333,1,0,,0,,,,
hakonasi_20260825_131458_522,1,v30_contact_fraction0p16,95,3.1666666666666665,1,0,,0,,,,
hakonasi_20260825_131458_522,1,v30_contact_fraction0p16,96,3.2,1,0,,0,,,,
hakonasi_20260825_131458_522,1,v30_contact_fraction0p16,97,3.2333333333333334,1,0,,0,,,,
hakonasi_20260825_131458_522,1,v30_contact_fraction0p16,98,3.2666666666666666,1,0,,0,,,,
hakonasi_20260825_131458_522,1,v30_contact_fraction0p16,99,3.3,1,0,,0,,,,
hakonasi_20260825_131458_522,1,v30_contact_fraction0p16,100,3.3333333333333335,1,0,,0,,,,
hakonasi_20260825_131458_522,1,v30_contact_fraction0p16,101,3.3666666666666667,1,0,,0,,,,
hakonasi_20260825_131458_522,1,v30_contact_fraction0p16,102,3.4,1,0,,0,,,,
hakonasi_20260825_131458_522,1,v30_contact_fraction0p16,103,3.433333333333333,1,0,,0,,,,
hakonasi_20260825_131458_522,1,v30_contact_fraction0p16,104,3.466666666666667,1,0,,0,,,,
hakonasi_20260825_131458_522,1,v30_contact_fraction0p16,105,3.5,1,0,,0,,,,
hakonasi_20260825_131458_522,1,v30_contact_fraction0p16,106,3.533333333333333,1,0,,0,,,,
hakonasi_20260825_131458_522,1,v30_contact_fraction0p16,107,3.566666666666667,1,0,,0,,,,
hakonasi_20260825_131458_522,1,v30_contact_fraction0p16,108,3.6,1,0,,0,,,,
hakonasi_20260825_131458_522,1,v30_contact_fraction0p16,109,3.6333333333333333,1,0,,0,,,,
hakonasi_20260825_131458_522,1,v30_contact_fraction0p16,110,3.6666666666666665,1,0,,0,,,,
hakonasi_20260825_131458_522,1,v30_contact_fraction0p16,111,3.7,1,0,,0,,,,
hakonasi_20260825_131458_522,1,v30_contact_fraction0p16,112,3.7333333333333334,1,0,,0,,,,
hakonasi_20260825_131458_522,1,v30_contact_fraction0p16,113,3.7666666666666666,1,0,,0,,,,
hakonasi_20260825_131458_522,1,v30_contact_fraction0p16,114,3.8,1,0,,0,,,,
hakonasi_20260825_131458_522,1,v30_contact_fraction0p16,115,3.8333333333333335,1,0,,0,,,,
hakonasi_20260825_131458_522,1,v30_contact_fraction0p16,116,3.8666666666666667,1,0,,0,,,,
hakonasi_20260825_131458_522,1,v30_contact_fraction0p16,117,3.9,1,0,,0,,,,
hakonasi_20260825_131458_522,1,v30_contact_fraction0p16,118,3.933333333333333,1,0,,0,,,,
hakonasi_20260825_131458_522,1,v30_contact_fraction0p16,119,3.966666666666667,1,0,,0,,,,
hakonasi_20260825_131458_522,1,v30_contact_fraction0p16,120,4.0,1,0,,0,,,,
hakonasi_20260825_131458_522,1,v30_contact_fraction0p16,121,4.033333333333333,1,0,,0,,,,
hakonasi_20260825_131458_522,1,v30_contact_fraction0p16,122,4.066666666666666,1,0,,0,,,,
hakonasi_20260825_131458_522,1,v30_contact_fraction0p16,123,4.1,1,0,,0,,,,
hakonasi_20260825_131458_522,1,v30_contact_fraction0p16,124,4.133333333333334,1,0,,0,,,,
hakonasi_20260825_131458_522,1,v30_contact_fraction0p16,125,4.166666666666667,1,0,,0,,,,
hakonasi_20260825_131458_522,1,v30_contact_fraction0p16,126,4.2,1,0,,0,,,,
hakonasi_20260825_131458_522,1,v30_contact_fraction0p16,127,4.233333333333333,1,0,,0,,,,
hakonasi_20260825_131458_522,1,v30_contact_fraction0p16,128,4.266666666666667,1,0,,0,,,,
hakonasi_20260825_131458_522,1,v30_contact_fraction0p16,129,4.3,1,0,,0,,,,
hakonasi_20260825_131458_522,1,v30_contact_fraction0p16,130,4.333333333333333,1,0,,0,,,,
hakonasi_20260825_131458_522,1,v30_contact_fraction0p16,131,4.366666666666666,1,0,,0,,,,
hakonasi_20260825_131458_522,1,v30_contact_fraction0p16,132,4.4,1,0,,0,,,,
hakonasi_20260825_131458_522,1,v30_contact_fraction0p16,133,4.433333333333334,1,0,,0,,,,
hakonasi_20260825_131458_522,1,v30_contact_fraction0p16,134,4.466666666666667,1,0,,0,,,,
hakonasi_20260825_131458_522,1,v30_contact_fraction0p16,135,4.5,1,0,,0,,,,
hakonasi_20260825_131458_522,1,v30_contact_fraction0p16,136,4.533333333333333,1,0,,0,,,,
hakonasi_20260825_131458_522,1,v30_contact_fraction0p16,137,4.566666666666666,1,0,,0,,,,
hakonasi_20260825_131458_522,1,v30_contact_fraction0p16,138,4.6,1,0,,0,,,,
hakonasi_20260825_131458_522,1,v30_contact_fraction0p16,139,4.633333333333334,1,0,,0,,,,
hakonasi_20260825_131458_522,1,v30_contact_fraction0p16,140,4.666666666666667,1,0,,0,,,,
hakonasi_20260825_131458_522,1,v30_contact_fraction0p16,141,4.7,1,0,,0,,,,
hakonasi_20260825_131458_522,1,v30_contact_fraction0p16,142,4.733333333333333,1,0,,0,,,,
hakonasi_20260825_131458_522,1,v30_contact_fraction0p16,143,4.766666666666667,1,0,,0,,,,
hakonasi_20260825_131458_522,1,v30_contact_fraction0p16,144,4.8,1,0,,0,,,,
hakonasi_20260825_131458_522,1,v30_contact_fraction0p16,145,4.833333333333333,1,0,,0,,,,
hakonasi_20260825_131458_522,1,v30_contact_fraction0p16,146,4.866666666666666,1,0,,0,,,,
hakonasi_20260825_131458_522,1,v30_contact_fraction0p16,147,4.9,1,0,,0,,,,
hakonasi_20260825_131458_522,1,v30_contact_fraction0p16,148,4.933333333333334,1,0,,0,,,,
hakonasi_20260825_131458_522,1,v30_contact_fraction0p16,149,4.966666666666667,1,0,,0,,,,
hakonasi_20260825_131458_522,1,v30_contact_fraction0p16,150,5.0,1,0,,0,,,,
hakonasi_20260825_131458_522,1,v30_contact_fraction0p16,151,5.033333333333333,1,0,,0,,,,
hakonasi_20260825_131458_522,1,v30_contact_fraction0p16,152,5.066666666666666,1,0,,0,,,,
hakonasi_20260825_131458_522,1,v30_contact_fraction0p16,153,5.1,1,0,,0,,,,
hakonasi_20260825_131458_522,1,v30_contact_fraction0p16,154,5.133333333333334,1,0,,0,,,,
hakonasi_20260825_131458_522,1,v30_contact_fraction0p16,155,5.166666666666667,1,0,,0,,,,
hakonasi_20260825_131458_522,1,v30_contact_fraction0p16,156,5.2,1,0,,0,,,,
hakonasi_20260825_131458_522,1,v30_contact_fraction0p16,157,5.233333333333333,1,0,,0,,,,
hakonasi_20260825_131458_522,1,v30_contact_fraction0p16,158,5.266666666666667,1,0,,0,,,,
hakonasi_20260825_131458_522,1,v30_contact_fraction0p16,159,5.3,1,0,,0,,,,
hakonasi_20260825_131458_522,1,v30_contact_fraction0p16,160,5.333333333333333,1,0,,0,,,,
hakonasi_20260825_131458_522,1,v30_contact_fraction0p16,161,5.366666666666666,1,0,,0,,,,
hakonasi_20260825_131458_522,1,v30_contact_fraction0p16,162,5.4,1,0,,0,,,,
hakonasi_20260825_131458_522,1,v30_contact_fraction0p16,163,5.433333333333334,1,0,,0,,,,
hakonasi_20260825_131458_522,1,v30_contact_fraction0p16,164,5.466666666666667,1,0,,0,,,,
hakonasi_20260825_131458_522,1,v30_contact_fraction0p16,165,5.5,1,0,,0,,,,
hakonasi_20260825_131458_522,1,v30_contact_fraction0p16,166,5.533333333333333,1,0,,0,,,,
hakonasi_20260825_131458_522,1,v30_contact_fraction0p16,167,5.566666666666666,1,0,,0,,,,
hakonasi_20260825_131458_522,1,v30_contact_fraction0p16,168,5.6,1,0,,0,,,,
hakonasi_20260825_131458_522,1,v30_contact_fraction0p16,169,5.633333333333334,1,0,,0,,,,
hakonasi_20260825_131458_522,1,v30_contact_fraction0p16,170,5.666666666666667,1,0,,0,,,,
hakonasi_20260825_131458_522,1,v30_contact_fraction0p16,171,5.7,1,0,,0,,,,
hakonasi_20260825_131458_522,1,v30_contact_fraction0p16,172,5.733333333333333,1,0,,0,,,,
hakonasi_20260825_131458_522,1,v30_contact_fraction0p16,173,5.766666666666667,1,0,,0,,,,
hakonasi_20260825_131458_522,1,v30_contact_fraction0p16,174,5.8,1,0,,0,,,,
hakonasi_20260825_131458_522,1,v30_contact_fraction0p16,175,5.833333333333333,1,0,,0,,,,
hakonasi_20260825_131458_522,1,v30_contact_fraction0p16,176,5.866666666666666,1,0,,0,,,,
hakonasi_20260825_131458_522,1,v30_contact_fraction0p16,177,5.9,1,0,,0,,,,
hakonasi_20260825_131458_522,1,v30_contact_fraction0p16,178,5.933333333333334,1,0,,0,,,,
hakonasi_20260825_131458_522,1,v30_contact_fraction0p16,179,5.966666666666667,1,0,,0,,,,
hakonasi_20260825_131458_522,1,v30_contact_fraction0p16,180,6.0,1,0,,0,,,,
hakonasi_20260825_131458_522,1,v30_contact_fraction0p16,181,6.033333333333333,1,0,,0,,,,
hakonasi_20260825_131458_522,1,v30_contact_fraction0p16,182,6.066666666666666,1,0,,0,,,,
hakonasi_20260825_131458_522,1,v30_contact_fraction0p16,183,6.1,1,0,,0,,,,
hakonasi_20260825_131458_522,1,v30_contact_fraction0p16,184,6.133333333333334,1,0,,0,,,,
hakonasi_20260825_131458_522,1,v30_contact_fraction0p16,185,6.166666666666667,1,0,,0,,,,
hakonasi_20260825_131458_522,1,v30_contact_fraction0p16,186,6.2,1,0,,0,,,,
hakonasi_20260825_131458_522,1,v30_contact_fraction0p16,187,6.233333333333333,1,0,,0,,,,
hakonasi_20260825_131458_522,1,v30_contact_fraction0p16,188,6.266666666666667,1,0,,0,,,,
hakonasi_20260825_131458_522,1,v30_contact_fraction0p16,189,6.3,1,0,,0,,,,
hakonasi_20260825_131458_522,1,v30_contact_fraction0p16,190,6.333333333333333,1,0,,0,,,,
hakonasi_20260825_131458_522,1,v30_contact_fraction0p16,191,6.366666666666666,1,0,,0,,,,
hakonasi_20260825_131458_522,1,v30_contact_fraction0p16,192,6.4,1,0,,0,,,,
hakonasi_20260825_131458_522,1,v30_contact_fraction0p16,193,6.433333333333334,1,0,,0,,,,
hakonasi_20260825_131458_522,1,v30_contact_fraction0p16,194,6.466666666666667,1,0,,0,,,,
hakonasi_20260825_131458_522,1,v30_contact_fraction0p16,195,6.5,1,0,,0,,,,
hakonasi_20260825_131458_522,1,v30_contact_fraction0p16,196,6.533333333333333,1,0,,0,,,,
hakonasi_20260825_131458_522,1,v30_contact_fraction0p16,197,6.566666666666666,1,0,,0,,,,
hakonasi_20260825_131458_522,1,v30_contact_fraction0p16,198,6.6,1,0,,0,,,,
hakonasi_20260825_131458_522,1,v30_contact_fraction0p16,199,6.633333333333334,1,0,,0,,,,
hakonasi_20260825_131458_522,1,v30_contact_fraction0p16,200,6.666666666666667,1,0,,0,,,,
hakonasi_20260825_131458_522,1,v30_contact_fraction0p16,201,6.7,1,0,,0,,,,
hakonasi_20260825_131458_522,1,v30_contact_fraction0p16,202,6.733333333333333,1,0,,0,,,,
hakonasi_20260825_131458_522,1,v30_contact_fraction0p16,203,6.766666666666667,1,0,,0,,,,
hakonasi_20260825_131458_522,1,v30_contact_fraction0p16,204,6.8,1,0,,0,,,,
hakonasi_20260825_131458_522,1,v30_contact_fraction0p16,205,6.833333333333333,1,0,,0,,,,
hakonasi_20260825_131458_522,1,v30_contact_fraction0p16,206,6.866666666666666,1,0,,0,,,,
hakonasi_20260825_131458_522,1,v30_contact_fraction0p16,207,6.9,1,0,,0,,,,
hakonasi_20260825_131458_522,1,v30_contact_fraction0p16,208,6.933333333333334,1,0,,0,,,,
hakonasi_20260825_131458_522,1,v30_contact_fraction0p16,209,6.966666666666667,1,0,,0,,,,
hakonasi_20260825_131458_522,1,v30_contact_fraction0p16,210,7.0,1,0,,0,,,,
hakonasi_20260825_131458_522,1,v30_contact_fraction0p16,211,7.033333333333333,1,0,,0,,,,
hakonasi_20260825_131458_522,1,v30_contact_fraction0p16,212,7.066666666666666,1,0,,0,,,,
hakonasi_20260825_131458_522,1,v30_contact_fraction0p16,213,7.1,1,0,,0,,,,
hakonasi_20260825_131458_522,1,v30_contact_fraction0p16,214,7.133333333333334,1,0,,0,,,,
hakonasi_20260825_131458_522,1,v30_contact_fraction0p16,215,7.166666666666667,1,0,,0,,,,
hakonasi_20260825_131458_522,1,v30_contact_fraction0p16,216,7.2,1,0,,0,,,,
hakonasi_20260825_131458_522,1,v30_contact_fraction0p16,217,7.233333333333333,1,0,,0,,,,
hakonasi_20260825_131458_522,1,v30_contact_fraction0p16,218,7.266666666666667,1,0,,0,,,,
hakonasi_20260825_131458_522,1,v30_contact_fraction0p16,219,7.3,1,0,,0,,,,
hakonasi_20260825_131458_522,1,v30_contact_fraction0p16,220,7.333333333333333,1,0,,0,,,,
hakonasi_20260825_131458_522,1,v30_contact_fraction0p16,221,7.366666666666666,1,0,,0,,,,
hakonasi_20260825_131458_522,1,v30_contact_fraction0p16,222,7.4,1,0,,0,,,,
hakonasi_20260825_131458_522,1,v30_contact_fraction0p16,223,7.433333333333334,1,0,,0,,,,
hakonasi_20260825_131458_522,1,v30_contact_fraction0p16,224,7.466666666666667,1,0,,0,,,,
hakonasi_20260825_131458_522,1,v30_contact_fraction0p16,225,7.5,1,0,,0,,,,
hakonasi_20260825_131458_522,1,v30_contact_fraction0p16,226,7.533333333333333,1,0,,0,,,,
hakonasi_20260825_131458_522,1,v30_contact_fraction0p16,227,7.566666666666666,1,0,,0,,,,
hakonasi_20260825_131458_522,1,v30_contact_fraction0p16,228,7.6,1,0,,0,,,,
hakonasi_20260825_131458_522,1,v30_contact_fraction0p16,229,7.633333333333334,1,0,,0,,,,
hakonasi_20260825_131458_522,1,v30_contact_fraction0p16,230,7.666666666666667,1,0,,0,,,,
hakonasi_20260825_131458_522,1,v30_contact_fraction0p16,231,7.7,1,0,,0,,,,
hakonasi_20260825_131458_522,1,v30_contact_fraction0p16,232,7.733333333333333,1,0,,0,,,,
hakonasi_20260825_131458_522,1,v30_contact_fraction0p16,233,7.766666666666667,1,0,,0,,,,
hakonasi_20260825_131458_522,1,v30_contact_fraction0p16,234,7.8,1,0,,0,,,,
hakonasi_20260825_131458_522,1,v30_contact_fraction0p16,235,7.833333333333333,1,0,,0,,,,
hakonasi_20260825_131458_522,1,v30_contact_fraction0p16,236,7.866666666666666,1,0,,0,,,,
hakonasi_20260825_131458_522,1,v30_contact_fraction0p16,237,7.9,1,0,,0,,,,
hakonasi_20260825_131458_522,1,v30_contact_fraction0p16,238,7.933333333333334,1,0,,0,,,,
hakonasi_20260825_131458_522,1,v30_contact_fraction0p16,239,7.966666666666667,1,0,,0,,,,
hakonasi_20260825_131458_522,1,v30_contact_fraction0p16,240,8.0,1,0,,0,,,,
hakonasi_20260825_131458_522,1,v30_contact_fraction0p16,241,8.033333333333333,1,0,,0,,,,
hakonasi_20260825_131458_522,1,v30_contact_fraction0p16,242,8.066666666666666,1,0,,0,,,,
hakonasi_20260825_131458_522,1,v30_contact_fraction0p16,243,8.1,1,0,,0,,,,
hakonasi_20260825_131458_522,1,v30_contact_fraction0p16,244,8.133333333333333,1,0,,0,,,,
hakonasi_20260825_131458_522,1,v30_contact_fraction0p16,245,8.166666666666666,1,0,,0,,,,
hakonasi_20260825_131458_522,1,v30_contact_fraction0p16,246,8.2,1,0,,0,,,,
hakonasi_20260825_131458_522,1,v30_contact_fraction0p16,247,8.233333333333333,1,0,,0,,,,
hakonasi_20260825_131458_522,1,v30_contact_fraction0p16,248,8.266666666666667,1,0,,0,,,,
hakonasi_20260825_131458_522,1,v30_contact_fraction0p16,249,8.3,1,0,,0,,,,
hakonasi_20260825_131458_522,1,v30_contact_fraction0p16,250,8.333333333333334,1,0,,0,,,,
hakonasi_20260825_131458_522,1,v30_contact_fraction0p16,251,8.366666666666667,1,0,,0,,,,
hakonasi_20260825_131458_522,1,v30_contact_fraction0p16,252,8.4,1,0,,0,,,,
hakonasi_20260825_131458_522,1,v30_contact_fraction0p16,253,8.433333333333334,1,0,,0,,,,
hakonasi_20260825_131458_522,1,v30_contact_fraction0p16,254,8.466666666666667,1,0,,0,,,,
hakonasi_20260825_131458_522,1,v30_contact_fraction0p16,255,8.5,1,0,,0,,,,
hakonasi_20260825_131458_522,1,v30_contact_fraction0p16,256,8.533333333333333,1,0,,0,,,,
hakonasi_20260825_131458_522,1,v30_contact_fraction0p16,257,8.566666666666666,1,0,,0,,,,
hakonasi_20260825_131458_522,1,v30_contact_fraction0p16,258,8.6,1,0,,0,,,,
hakonasi_20260825_131458_522,1,v30_contact_fraction0p16,259,8.633333333333333,1,0,,0,,,,
hakonasi_20260825_131458_522,1,v30_contact_fraction0p16,260,8.666666666666666,1,0,,0,,,,
hakonasi_20260825_131458_522,1,v30_contact_fraction0p16,261,8.7,1,0,,0,,,,
hakonasi_20260825_131458_522,1,v30_contact_fraction0p16,262,8.733333333333333,1,0,,0,,,,
hakonasi_20260825_131458_522,1,v30_contact_fraction0p16,263,8.766666666666667,1,0,,0,,,,
hakonasi_20260825_131458_522,1,v30_contact_fraction0p16,264,8.8,1,0,,0,,,,
hakonasi_20260825_131458_522,1,v30_contact_fraction0p16,265,8.833333333333334,1,0,,0,,,,
hakonasi_20260825_131458_522,1,v30_contact_fraction0p16,266,8.866666666666667,1,0,,0,,,,
hakonasi_20260825_131458_522,1,v30_contact_fraction0p16,267,8.9,1,0,,0,,,,
hakonasi_20260825_131458_522,1,v30_contact_fraction0p16,268,8.933333333333334,1,0,,0,,,,
hakonasi_20260825_131458_522,1,v30_contact_fraction0p16,269,8.966666666666667,1,0,,0,,,,
hakonasi_20260825_131458_522,1,v30_contact_fraction0p16,270,9.0,1,0,,0,,,,
hakonasi_20260825_131458_522,1,v30_contact_fraction0p16,271,9.033333333333333,1,0,,0,,,,
hakonasi_20260825_131458_522,1,v30_contact_fraction0p16,272,9.066666666666666,1,0,,0,,,,
hakonasi_20260825_131458_522,1,v30_contact_fraction0p16,273,9.1,1,0,,0,,,,
hakonasi_20260825_131458_522,1,v30_contact_fraction0p16,274,9.133333333333333,1,0,,0,,,,
hakonasi_20260825_131458_522,1,v30_contact_fraction0p16,275,9.166666666666666,1,0,,0,,,,
hakonasi_20260825_131458_522,1,v30_contact_fraction0p16,276,9.2,1,0,,0,,,,
hakonasi_20260825_131458_522,1,v30_contact_fraction0p16,277,9.233333333333333,1,0,,0,,,,
hakonasi_20260825_131458_522,1,v30_contact_fraction0p16,278,9.266666666666667,1,0,,0,,,,
hakonasi_20260825_131458_522,1,v30_contact_fraction0p16,279,9.3,1,0,,0,,,,
hakonasi_20260825_131458_522,1,v30_contact_fraction0p16,280,9.333333333333334,1,0,,0,,,,
hakonasi_20260825_131458_522,1,v30_contact_fraction0p16,281,9.366666666666667,1,0,,0,,,,
hakonasi_20260825_131458_522,1,v30_contact_fraction0p16,282,9.4,1,0,,0,,,,
hakonasi_20260825_131458_522,1,v30_contact_fraction0p16,283,9.433333333333334,1,0,,0,,,,
hakonasi_20260825_131458_522,1,v30_contact_fraction0p16,284,9.466666666666667,1,0,,0,,,,
hakonasi_20260825_131458_522,1,v30_contact_fraction0p16,285,9.5,1,0,,0,,,,
hakonasi_20260825_131458_522,1,v30_contact_fraction0p16,286,9.533333333333333,1,0,,0,,,,
hakonasi_20260825_131458_522,1,v30_contact_fraction0p16,287,9.566666666666666,1,0,,0,,,,
hakonasi_20260825_131458_522,1,v30_contact_fraction0p16,288,9.6,1,0,,0,,,,
hakonasi_20260825_131458_522,1,v30_contact_fraction0p16,289,9.633333333333333,1,0,,0,,,,
hakonasi_20260825_131458_522,1,v30_contact_fraction0p16,290,9.666666666666666,1,0,,0,,,,
hakonasi_20260825_131458_522,1,v30_contact_fraction0p16,291,9.7,1,0,,0,,,,
hakonasi_20260825_131458_522,1,v30_contact_fraction0p16,292,9.733333333333333,1,0,,0,,,,
hakonasi_20260825_131458_522,1,v30_contact_fraction0p16,293,9.766666666666667,1,0,,0,,,,
hakonasi_20260825_131458_522,1,v30_contact_fraction0p16,294,9.8,1,0,,0,,,,
hakonasi_20260825_131458_522,1,v30_contact_fraction0p16,295,9.833333333333334,1,0,,0,,,,
hakonasi_20260825_131458_522,1,v30_contact_fraction0p16,296,9.866666666666667,1,0,,0,,,,
hakonasi_20260825_131458_522,1,v30_contact_fraction0p16,297,9.9,1,0,,0,,,,
hakonasi_20260825_131458_522,1,v30_contact_fraction0p16,298,9.933333333333334,1,0,,0,,,,
hakonasi_20260825_131458_522,1,v30_contact_fraction0p16,299,9.966666666666667,1,0,,0,,,,
hakonasi_20260825_131458_522,1,v30_contact_fraction0p16,300,10.0,1,0,,0,,,,
hakonasi_20260825_131458_522,1,v30_contact_fraction0p16,301,10.033333333333333,1,0,,0,,,,
hakonasi_20260825_131458_522,1,v30_contact_fraction0p16,302,10.066666666666666,1,0,,0,,,,
hakonasi_20260825_131458_522,1,v30_contact_fraction0p16,303,10.1,1,0,,0,,,,
hakonasi_20260825_131458_522,1,v30_contact_fraction0p16,304,10.133333333333333,1,0,,0,,,,
hakonasi_20260825_131458_522,1,v30_contact_fraction0p16,305,10.166666666666666,1,0,,0,,,,
hakonasi_20260825_131458_522,1,v30_contact_fraction0p16,306,10.2,1,0,,0,,,,
hakonasi_20260825_131458_522,1,v30_contact_fraction0p16,307,10.233333333333333,1,0,,0,,,,
hakonasi_20260825_131458_522,1,v30_contact_fraction0p16,308,10.266666666666667,1,0,,0,,,,
hakonasi_20260825_131458_522,1,v30_contact_fraction0p16,309,10.3,1,0,,0,,,,
hakonasi_20260825_131458_522,1,v30_contact_fraction0p16,310,10.333333333333334,1,0,,0,,,,
hakonasi_20260825_131458_522,1,v30_contact_fraction0p16,311,10.366666666666667,1,0,,0,,,,
hakonasi_20260825_131458_522,1,v30_contact_fraction0p16,312,10.4,1,0,,0,,,,
hakonasi_20260825_131458_522,1,v30_contact_fraction0p16,313,10.433333333333334,1,0,,0,,,,
hakonasi_20260825_131458_522,1,v30_contact_fraction0p16,314,10.466666666666667,1,0,,0,,,,
hakonasi_20260825_131458_522,1,v30_contact_fraction0p16,315,10.5,1,0,,0,,,,
hakonasi_20260825_131458_522,1,v30_contact_fraction0p16,316,10.533333333333333,1,0,,0,,,,
hakonasi_20260825_131458_522,1,v30_contact_fraction0p16,317,10.566666666666666,1,0,,0,,,,
hakonasi_20260825_131458_522,1,v30_contact_fraction0p16,318,10.6,1,0,,0,,,,
hakonasi_20260825_131458_522,1,v30_contact_fraction0p16,319,10.633333333333333,1,0,,0,,,,
hakonasi_20260825_131458_522,1,v30_contact_fraction0p16,320,10.666666666666666,1,0,,0,,,,
hakonasi_20260825_131458_522,1,v30_contact_fraction0p16,321,10.7,1,0,,0,,,,
hakonasi_20260825_131458_522,1,v30_contact_fraction0p16,322,10.733333333333333,1,0,,0,,,,
hakonasi_20260825_131458_522,1,v30_contact_fraction0p16,323,10.766666666666667,1,0,,0,,,,
hakonasi_20260825_131458_522,1,v30_contact_fraction0p16,324,10.8,1,0,,0,,,,
hakonasi_20260825_131458_522,1,v30_contact_fraction0p16,325,10.833333333333334,1,0,,0,,,,
hakonasi_20260825_131458_522,1,v30_contact_fraction0p16,326,10.866666666666667,1,0,,0,,,,
hakonasi_20260825_131458_522,1,v30_contact_fraction0p16,327,10.9,1,0,,0,,,,
hakonasi_20260825_131458_522,1,v30_contact_fraction0p16,328,10.933333333333334,1,0,,0,,,,
hakonasi_20260825_131458_522,1,v30_contact_fraction0p16,329,10.966666666666667,1,0,,0,,,,
hakonasi_20260825_131458_522,1,v30_contact_fraction0p16,330,11.0,1,0,,0,,,,
hakonasi_20260825_131458_522,1,v30_contact_fraction0p16,331,11.033333333333333,1,0,,0,,,,
hakonasi_20260825_131458_522,1,v30_contact_fraction0p16,332,11.066666666666666,1,0,,0,,,,
hakonasi_20260825_131458_522,1,v30_contact_fraction0p16,333,11.1,1,0,,0,,,,
hakonasi_20260825_131458_522,1,v30_contact_fraction0p16,334,11.133333333333333,1,0,,0,,,,
hakonasi_20260825_131458_522,1,v30_contact_fraction0p16,335,11.166666666666666,1,0,,0,,,,
hakonasi_20260825_131458_522,1,v30_contact_fraction0p16,336,11.2,1,0,,0,,,,
hakonasi_20260825_131458_522,1,v30_contact_fraction0p16,337,11.233333333333333,1,0,,0,,,,
hakonasi_20260825_131458_522,1,v30_contact_fraction0p16,338,11.266666666666667,1,0,,0,,,,
hakonasi_20260825_131458_522,1,v30_contact_fraction0p16,339,11.3,1,0,,0,,,,
hakonasi_20260825_131458_522,1,v30_contact_fraction0p16,340,11.333333333333334,1,0,,0,,,,
hakonasi_20260825_131458_522,1,v30_contact_fraction0p16,341,11.366666666666667,1,0,,0,,,,
hakonasi_20260825_131458_522,1,v30_contact_fraction0p16,342,11.4,1,0,,0,,,,
hakonasi_20260825_131458_522,1,v30_contact_fraction0p16,343,11.433333333333334,1,0,,0,,,,
hakonasi_20260825_131458_522,1,v30_contact_fraction0p16,344,11.466666666666667,1,0,,0,,,,
hakonasi_20260825_131458_522,1,v30_contact_fraction0p16,345,11.5,1,0,,0,,,,
hakonasi_20260825_131458_522,1,v30_contact_fraction0p16,346,11.533333333333333,1,0,,0,,,,
hakonasi_20260825_131458_522,1,v30_contact_fraction0p16,347,11.566666666666666,1,0,,0,,,,
hakonasi_20260825_131458_522,1,v30_contact_fraction0p16,348,11.6,1,0,,0,,,,
hakonasi_20260825_131458_522,1,v30_contact_fraction0p16,349,11.633333333333333,1,0,,0,,,,
hakonasi_20260825_131458_522,1,v30_contact_fraction0p16,350,11.666666666666666,1,0,,0,,,,
hakonasi_20260825_131458_522,1,v30_contact_fraction0p16,351,11.7,1,0,,0,,,,
hakonasi_20260825_131458_522,1,v30_contact_fraction0p16,352,11.733333333333333,1,0,,0,,,,
hakonasi_20260825_131458_522,1,v30_contact_fraction0p16,353,11.766666666666667,1,0,,0,,,,
hakonasi_20260825_131458_522,1,v30_contact_fraction0p16,354,11.8,1,0,,0,,,,
hakonasi_20260825_131458_522,1,v30_contact_fraction0p16,355,11.833333333333334,1,0,,0,,,,
hakonasi_20260825_131458_522,1,v30_contact_fraction0p16,356,11.866666666666667,1,0,,0,,,,
hakonasi_20260825_131458_522,1,v30_contact_fraction0p16,357,11.9,1,0,,0,,,,
hakonasi_20260825_131458_522,1,v30_contact_fraction0p16,358,11.933333333333334,1,0,,0,,,,
hakonasi_20260825_131458_522,1,v30_contact_fraction0p16,359,11.966666666666667,1,0,,0,,,,
hakonasi_20260825_131458_522,1,v30_contact_fraction0p16,360,12.0,1,0,,0,,,,
hakonasi_20260825_131458_522,1,v30_contact_fraction0p16,361,12.033333333333333,1,0,,0,,,,
hakonasi_20260825_131458_522,1,v30_contact_fraction0p16,362,12.066666666666666,1,0,,0,,,,
hakonasi_20260825_131458_522,1,v30_contact_fraction0p16,363,12.1,1,0,,0,,,,
hakonasi_20260825_131458_522,1,v30_contact_fraction0p16,364,12.133333333333333,1,0,,0,,,,
hakonasi_20260825_131458_522,1,v30_contact_fraction0p16,365,12.166666666666666,1,0,,0,,,,
hakonasi_20260825_131458_522,1,v30_contact_fraction0p16,366,12.2,1,0,,0,,,,
hakonasi_20260825_131458_522,1,v30_contact_fraction0p16,367,12.233333333333333,1,0,,0,,,,
hakonasi_20260825_131458_522,1,v30_contact_fraction0p16,368,12.266666666666667,1,0,,0,,,,
hakonasi_20260825_131458_522,1,v30_contact_fraction0p16,369,12.3,1,0,,0,,,,
hakonasi_20260825_131458_522,1,v30_contact_fraction0p16,370,12.333333333333334,1,0,,0,,,,
hakonasi_20260825_131458_522,1,v30_contact_fraction0p16,371,12.366666666666667,1,0,,0,,,,
hakonasi_20260825_131458_522,1,v30_contact_fraction0p16,372,12.4,1,0,,0,,,,
hakonasi_20260825_131458_522,1,v30_contact_fraction0p16,373,12.433333333333334,1,0,,0,,,,
hakonasi_20260825_131458_522,1,v30_contact_fraction0p16,374,12.466666666666667,1,0,,0,,,,
hakonasi_20260825_131458_522,1,v30_contact_fraction0p16,375,12.5,1,0,,0,,,,
hakonasi_20260825_131458_522,1,v30_contact_fraction0p16,376,12.533333333333333,1,0,,0,,,,
hakonasi_20260825_131458_522,1,v30_contact_fraction0p16,377,12.566666666666666,1,0,,0,,,,
hakonasi_20260825_131458_522,1,v30_contact_fraction0p16,378,12.6,1,0,,0,,,,
hakonasi_20260825_131458_522,1,v30_contact_fraction0p16,379,12.633333333333333,1,0,,0,,,,
hakonasi_20260825_131458_522,1,v30_contact_fraction0p16,380,12.666666666666666,1,0,,0,,,,
hakonasi_20260825_131458_522,1,v30_contact_fraction0p16,381,12.7,1,0,,0,,,,
hakonasi_20260825_131458_522,1,v30_contact_fraction0p16,382,12.733333333333333,1,0,,0,,,,
hakonasi_20260825_131458_522,1,v30_contact_fraction0p16,383,12.766666666666667,1,0,,0,,,,
hakonasi_20260825_131458_522,1,v30_contact_fraction0p16,384,12.8,1,0,,0,,,,
hakonasi_20260825_131458_522,1,v30_contact_fraction0p16,385,12.833333333333334,1,0,,0,,,,
hakonasi_20260825_131458_522,1,v30_contact_fraction0p16,386,12.866666666666667,1,0,,0,,,,
hakonasi_20260825_131458_522,1,v30_contact_fraction0p16,387,12.9,1,0,,0,,,,
hakonasi_20260825_131458_522,1,v30_contact_fraction0p16,388,12.933333333333334,1,0,,0,,,,
hakonasi_20260825_131458_522,1,v30_contact_fraction0p16,389,12.966666666666667,1,0,,0,,,,
hakonasi_20260825_131458_522,1,v30_contact_fraction0p16,390,13.0,1,0,,0,,,,
hakonasi_20260825_131458_522,1,v30_contact_fraction0p16,391,13.033333333333333,1,0,,0,,,,
hakonasi_20260825_131458_522,1,v30_contact_fraction0p16,392,13.066666666666666,1,0,,0,,,,
hakonasi_20260825_131458_522,1,v30_contact_fraction0p16,393,13.1,1,0,,0,,,,
hakonasi_20260825_131458_522,1,v30_contact_fraction0p16,394,13.133333333333333,1,0,,0,,,,
hakonasi_20260825_131458_522,1,v30_contact_fraction0p16,395,13.166666666666666,1,0,,0,,,,
hakonasi_20260825_131458_522,1,v30_contact_fraction0p16,396,13.2,1,0,,0,,,,
hakonasi_20260825_131458_522,1,v30_contact_fraction0p16,397,13.233333333333333,1,0,,0,,,,
hakonasi_20260825_131458_522,1,v30_contact_fraction0p16,398,13.266666666666667,1,0,,0,,,,
hakonasi_20260825_131458_522,1,v30_contact_fraction0p16,399,13.3,1,0,,0,,,,
hakonasi_20260825_131458_522,1,v30_contact_fraction0p16,400,13.333333333333334,1,0,,0,,,,
hakonasi_20260825_131458_522,1,v30_contact_fraction0p16,401,13.366666666666667,1,0,,0,,,,
hakonasi_20260825_131458_522,1,v30_contact_fraction0p16,402,13.4,1,0,,0,,,,
hakonasi_20260825_131458_522,1,v30_contact_fraction0p16,403,13.433333333333334,1,0,,0,,,,
hakonasi_20260825_131458_522,1,v30_contact_fraction0p16,404,13.466666666666667,1,0,,0,,,,
hakonasi_20260825_131458_522,1,v30_contact_fraction0p16,405,13.5,1,0,,0,,,,
hakonasi_20260825_131458_522,1,v30_contact_fraction0p16,406,13.533333333333333,1,0,,0,,,,
hakonasi_20260825_131458_522,1,v30_contact_fraction0p16,407,13.566666666666666,1,0,,0,,,,
hakonasi_20260825_131458_522,1,v30_contact_fraction0p16,408,13.6,1,0,,0,,,,
hakonasi_20260825_131458_522,1,v30_contact_fraction0p16,409,13.633333333333333,1,0,,0,,,,
hakonasi_20260825_131458_522,1,v30_contact_fraction0p16,410,13.666666666666666,1,0,,0,,,,
hakonasi_20260825_131458_522,1,v30_contact_fraction0p16,411,13.7,1,0,,0,,,,
hakonasi_20260825_131458_522,1,v30_contact_fraction0p16,412,13.733333333333333,1,0,,0,,,,
hakonasi_20260825_131458_522,1,v30_contact_fraction0p16,413,13.766666666666667,1,0,,0,,,,
hakonasi_20260825_131458_522,1,v30_contact_fraction0p16,414,13.8,1,0,,0,,,,
hakonasi_20260825_131458_522,1,v30_contact_fraction0p16,415,13.833333333333334,1,0,,0,,,,
hakonasi_20260825_131458_522,1,v30_contact_fraction0p16,416,13.866666666666667,1,0,,0,,,,
hakonasi_20260825_131458_522,1,v30_contact_fraction0p16,417,13.9,1,0,,0,,,,
hakonasi_20260825_131458_522,1,v30_contact_fraction0p16,418,13.933333333333334,1,0,,0,,,,
hakonasi_20260825_131458_522,1,v30_contact_fraction0p16,419,13.966666666666667,1,0,,0,,,,
hakonasi_20260825_131458_522,1,v30_contact_fraction0p16,420,14.0,1,0,,0,,,,
hakonasi_20260825_131458_522,1,v30_contact_fraction0p16,421,14.033333333333333,1,0,,0,,,,
hakonasi_20260825_131458_522,1,v30_contact_fraction0p16,422,14.066666666666666,1,0,,0,,,,
hakonasi_20260825_131458_522,1,v30_contact_fraction0p16,423,14.1,1,0,,0,,,,
hakonasi_20260825_131458_522,1,v30_contact_fraction0p16,424,14.133333333333333,1,0,,0,,,,
hakonasi_20260825_131458_522,1,v30_contact_fraction0p16,425,14.166666666666666,1,0,,0,,,,
hakonasi_20260825_131458_522,1,v30_contact_fraction0p16,426,14.2,1,0,,0,,,,
hakonasi_20260825_131458_522,1,v30_contact_fraction0p16,427,14.233333333333333,1,0,,0,,,,
hakonasi_20260825_131458_522,1,v30_contact_fraction0p16,428,14.266666666666667,1,0,,0,,,,
hakonasi_20260825_131458_522,1,v30_contact_fraction0p16,429,14.3,1,0,,0,,,,
hakonasi_20260825_131458_522,1,v30_contact_fraction0p16,430,14.333333333333334,1,0,,0,,,,
hakonasi_20260825_131458_522,1,v30_contact_fraction0p16,431,14.366666666666667,1,0,,0,,,,
hakonasi_20260825_131458_522,1,v30_contact_fraction0p16,432,14.4,1,0,,0,,,,
hakonasi_20260825_131458_522,1,v30_contact_fraction0p16,433,14.433333333333334,1,0,,0,,,,
hakonasi_20260825_131458_522,1,v30_contact_fraction0p16,434,14.466666666666667,1,0,,0,,,,
hakonasi_20260825_131458_522,1,v30_contact_fraction0p16,435,14.5,1,0,,0,,,,
hakonasi_20260825_131458_522,1,v30_contact_fraction0p16,436,14.533333333333333,1,0,,0,,,,
hakonasi_20260825_131458_522,1,v30_contact_fraction0p16,437,14.566666666666666,1,0,,0,,,,
hakonasi_20260825_131458_522,1,v30_contact_fraction0p16,438,14.6,1,0,,0,,,,
hakonasi_20260825_131458_522,1,v30_contact_fraction0p16,439,14.633333333333333,1,0,,0,,,,
hakonasi_20260825_131458_522,1,v30_contact_fraction0p16,440,14.666666666666666,1,0,,0,,,,
hakonasi_20260825_131458_522,1,v30_contact_fraction0p16,441,14.7,1,0,,0,,,,
hakonasi_20260825_131458_522,1,v30_contact_fraction0p16,442,14.733333333333333,1,0,,0,,,,
hakonasi_20260825_131458_522,1,v30_contact_fraction0p16,443,14.766666666666667,1,0,,0,,,,
hakonasi_20260825_131458_522,1,v30_contact_fraction0p16,444,14.8,1,0,,0,,,,
hakonasi_20260825_131458_522,1,v30_contact_fraction0p16,445,14.833333333333334,1,0,,0,,,,
hakonasi_20260825_131458_522,1,v30_contact_fraction0p16,446,14.866666666666667,1,0,,0,,,,
hakonasi_20260825_131458_522,1,v30_contact_fraction0p16,447,14.9,1,0,,0,,,,
hakonasi_20260825_131458_522,1,v30_contact_fraction0p16,448,14.933333333333334,1,0,,0,,,,
hakonasi_20260825_131458_522,1,v30_contact_fraction0p16,449,14.966666666666667,1,0,,0,,,,
hakonasi_20260825_131458_522,1,v30_contact_fraction0p16,450,15.0,1,0,,0,,,,
hakonasi_20260825_131458_522,1,v30_contact_fraction0p16,451,15.033333333333333,1,0,,0,,,,
hakonasi_20260825_131458_522,1,v30_contact_fraction0p16,452,15.066666666666666,1,0,,0,,,,
hakonasi_20260825_131458_522,1,v30_contact_fraction0p16,453,15.1,1,0,,0,,,,
hakonasi_20260825_131458_522,1,v30_contact_fraction0p16,454,15.133333333333333,1,0,,0,,,,
hakonasi_20260825_131458_522,1,v30_contact_fraction0p16,455,15.166666666666666,1,0,,0,,,,
hakonasi_20260825_131458_522,1,v30_contact_fraction0p16,456,15.2,1,0,,0,,,,
hakonasi_20260825_131458_522,1,v30_contact_fraction0p16,457,15.233333333333333,1,0,,0,,,,
hakonasi_20260825_131458_522,1,v30_contact_fraction0p16,458,15.266666666666667,1,0,,0,,,,
hakonasi_20260825_131458_522,1,v30_contact_fraction0p16,459,15.3,1,0,,0,,,,
hakonasi_20260825_131458_522,1,v30_contact_fraction0p16,460,15.333333333333334,1,0,,0,,,,
hakonasi_20260825_131458_522,1,v30_contact_fraction0p16,461,15.366666666666667,1,0,,0,,,,
hakonasi_20260825_131458_522,1,v30_contact_fraction0p16,462,15.4,1,0,,0,,,,
hakonasi_20260825_131458_522,1,v30_contact_fraction0p16,463,15.433333333333334,1,0,,0,,,,
hakonasi_20260825_131458_522,1,v30_contact_fraction0p16,464,15.466666666666667,1,0,,0,,,,
hakonasi_20260825_131458_522,1,v30_contact_fraction0p16,465,15.5,1,0,,0,,,,
hakonasi_20260825_131458_522,1,v30_contact_fraction0p16,466,15.533333333333333,1,0,,0,,,,
hakonasi_20260825_131458_522,1,v30_contact_fraction0p16,467,15.566666666666666,1,0,,0,,,,
hakonasi_20260825_131458_522,1,v30_contact_fraction0p16,468,15.6,1,0,,0,,,,
hakonasi_20260825_131458_522,1,v30_contact_fraction0p16,469,15.633333333333333,1,0,,0,,,,
hakonasi_20260825_131458_522,1,v30_contact_fraction0p16,470,15.666666666666666,1,0,,0,,,,
hakonasi_20260825_131458_522,1,v30_contact_fraction0p16,471,15.7,1,0,,0,,,,
hakonasi_20260825_131458_522,1,v30_contact_fraction0p16,472,15.733333333333333,1,0,,0,,,,
hakonasi_20260825_131458_522,1,v30_contact_fraction0p16,473,15.766666666666667,1,0,,0,,,,
hakonasi_20260825_131458_522,1,v30_contact_fraction0p16,474,15.8,1,0,,0,,,,
hakonasi_20260825_131458_522,1,v30_contact_fraction0p16,475,15.833333333333334,1,0,,0,,,,
hakonasi_20260825_131458_522,1,v30_contact_fraction0p16,476,15.866666666666667,1,0,,0,,,,
hakonasi_20260825_131458_522,1,v30_contact_fraction0p16,477,15.9,1,0,,0,,,,
hakonasi_20260825_131458_522,1,v30_contact_fraction0p16,478,15.933333333333334,1,0,,0,,,,
hakonasi_20260825_131458_522,1,v30_contact_fraction0p16,479,15.966666666666667,1,0,,0,,,,
hakonasi_20260825_131458_522,1,v30_contact_fraction0p16,480,16.0,1,0,,0,,,,
hakonasi_20260825_131458_522,1,v30_contact_fraction0p16,481,16.033333333333335,1,0,,0,,,,
hakonasi_20260825_131458_522,1,v30_contact_fraction0p16,482,16.066666666666666,1,0,,0,,,,
hakonasi_20260825_131458_522,1,v30_contact_fraction0p16,483,16.1,1,0,,0,,,,
hakonasi_20260825_131458_522,1,v30_contact_fraction0p16,484,16.133333333333333,1,0,,0,,,,
hakonasi_20260825_131458_522,1,v30_contact_fraction0p16,485,16.166666666666668,1,0,,0,,,,
hakonasi_20260825_131458_522,1,v30_contact_fraction0p16,486,16.2,1,0,,0,,,,
hakonasi_20260825_131458_522,1,v30_contact_fraction0p16,487,16.233333333333334,1,0,,0,,,,
hakonasi_20260825_131458_522,1,v30_contact_fraction0p16,488,16.266666666666666,1,0,,0,,,,
hakonasi_20260825_131458_522,1,v30_contact_fraction0p16,489,16.3,1,0,,0,,,,
hakonasi_20260825_131458_522,1,v30_contact_fraction0p16,490,16.333333333333332,1,0,,0,,,,
hakonasi_20260825_131458_522,1,v30_contact_fraction0p16,491,16.366666666666667,1,0,,0,,,,
hakonasi_20260825_131458_522,1,v30_contact_fraction0p16,492,16.4,1,0,,0,,,,
hakonasi_20260825_131458_522,1,v30_contact_fraction0p16,493,16.433333333333334,1,0,,0,,,,
hakonasi_20260825_131458_522,1,v30_contact_fraction0p16,494,16.466666666666665,1,0,,0,,,,
hakonasi_20260825_131458_522,1,v30_contact_fraction0p16,495,16.5,1,0,,0,,,,
hakonasi_20260825_131458_522,1,v30_contact_fraction0p16,496,16.533333333333335,1,0,,0,,,,
hakonasi_20260825_131458_522,1,v30_contact_fraction0p16,497,16.566666666666666,1,0,,0,,,,
hakonasi_20260825_131458_522,1,v30_contact_fraction0p16,498,16.6,1,0,,0,,,,
hakonasi_20260825_131458_522,1,v30_contact_fraction0p16,499,16.633333333333333,1,0,,0,,,,
hakonasi_20260825_131458_522,1,v30_contact_fraction0p16,500,16.666666666666668,1,0,,0,,,,
hakonasi_20260825_131458_522,1,v30_contact_fraction0p16,501,16.7,1,0,,0,,,,
hakonasi_20260825_131458_522,1,v30_contact_fraction0p16,502,16.733333333333334,1,0,,0,,,,
hakonasi_20260825_131458_522,1,v30_contact_fraction0p16,503,16.766666666666666,1,0,,0,,,,
hakonasi_20260825_131458_522,1,v30_contact_fraction0p16,504,16.8,1,0,,0,,,,
hakonasi_20260825_131458_522,1,v30_contact_fraction0p16,505,16.833333333333332,1,0,,0,,,,
hakonasi_20260825_131458_522,1,v30_contact_fraction0p16,506,16.866666666666667,1,0,,0,,,,
hakonasi_20260825_131458_522,1,v30_contact_fraction0p16,507,16.9,1,0,,0,,,,
hakonasi_20260825_131458_522,1,v30_contact_fraction0p16,508,16.933333333333334,1,0,,0,,,,
hakonasi_20260825_131458_522,1,v30_contact_fraction0p16,509,16.966666666666665,1,0,,0,,,,
hakonasi_20260825_131458_522,1,v30_contact_fraction0p16,510,17.0,1,0,,0,,,,
hakonasi_20260825_131458_522,1,v30_contact_fraction0p16,511,17.033333333333335,1,0,,0,,,,
hakonasi_20260825_131458_522,1,v30_contact_fraction0p16,512,17.066666666666666,1,0,,0,,,,
hakonasi_20260825_131458_522,1,v30_contact_fraction0p16,513,17.1,1,0,,0,,,,
hakonasi_20260825_131458_522,1,v30_contact_fraction0p16,514,17.133333333333333,1,0,,0,,,,
hakonasi_20260825_131458_522,1,v30_contact_fraction0p16,515,17.166666666666668,1,0,,0,,,,
hakonasi_20260825_131458_522,1,v30_contact_fraction0p16,516,17.2,1,0,,0,,,,
hakonasi_20260825_131458_522,1,v30_contact_fraction0p16,517,17.233333333333334,1,0,,0,,,,
hakonasi_20260825_131458_522,1,v30_contact_fraction0p16,518,17.266666666666666,1,0,,0,,,,
hakonasi_20260825_131458_522,1,v30_contact_fraction0p16,519,17.3,1,0,,0,,,,
hakonasi_20260825_131458_522,1,v30_contact_fraction0p16,520,17.333333333333332,1,0,,0,,,,
hakonasi_20260825_131458_522,1,v30_contact_fraction0p16,521,17.366666666666667,1,0,,0,,,,
hakonasi_20260825_131458_522,1,v30_contact_fraction0p16,522,17.4,1,0,,0,,,,
hakonasi_20260825_131458_522,1,v30_contact_fraction0p16,523,17.433333333333334,1,0,,0,,,,
hakonasi_20260825_131458_522,1,v30_contact_fraction0p16,524,17.466666666666665,1,0,,0,,,,
hakonasi_20260825_131458_522,1,v30_contact_fraction0p16,525,17.5,1,0,,0,,,,
hakonasi_20260825_131458_522,1,v30_contact_fraction0p16,526,17.533333333333335,1,0,,0,,,,
hakonasi_20260825_131458_522,1,v30_contact_fraction0p16,527,17.566666666666666,1,0,,0,,,,
hakonasi_20260825_131458_522,1,v30_contact_fraction0p16,528,17.6,1,0,,0,,,,
hakonasi_20260825_131458_522,1,v30_contact_fraction0p16,529,17.633333333333333,1,0,,0,,,,
hakonasi_20260825_131458_522,1,v30_contact_fraction0p16,530,17.666666666666668,1,0,,0,,,,
hakonasi_20260825_131458_522,1,v30_contact_fraction0p16,531,17.7,1,0,,0,,,,
hakonasi_20260825_131458_522,1,v30_contact_fraction0p16,532,17.733333333333334,1,0,,0,,,,
hakonasi_20260825_131458_522,1,v30_contact_fraction0p16,533,17.766666666666666,1,0,,0,,,,
hakonasi_20260825_131458_522,1,v30_contact_fraction0p16,534,17.8,1,0,,0,,,,
hakonasi_20260825_131458_522,1,v30_contact_fraction0p16,535,17.833333333333332,1,0,,0,,,,
hakonasi_20260825_131458_522,1,v30_contact_fraction0p16,536,17.866666666666667,1,0,,0,,,,
hakonasi_20260825_131458_522,1,v30_contact_fraction0p16,537,17.9,1,0,,0,,,,
hakonasi_20260825_131458_522,1,v30_contact_fraction0p16,538,17.933333333333334,1,0,,0,,,,
hakonasi_20260825_131458_522,1,v30_contact_fraction0p16,539,17.966666666666665,1,0,,0,,,,
hakonasi_20260825_131458_522,1,v30_contact_fraction0p16,540,18.0,1,0,,0,,,,
hakonasi_20260825_131458_522,1,v30_contact_fraction0p16,541,18.033333333333335,1,0,,0,,,,
hakonasi_20260825_131458_522,1,v30_contact_fraction0p16,542,18.066666666666666,1,0,,0,,,,
hakonasi_20260825_131458_522,1,v30_contact_fraction0p16,543,18.1,1,0,,0,,,,
hakonasi_20260825_131458_522,1,v30_contact_fraction0p16,544,18.133333333333333,1,0,,0,,,,
hakonasi_20260825_131458_522,1,v30_contact_fraction0p16,545,18.166666666666668,1,0,,0,,,,
hakonasi_20260825_131458_522,1,v30_contact_fraction0p16,546,18.2,1,0,,0,,,,
hakonasi_20260825_131458_522,1,v30_contact_fraction0p16,547,18.233333333333334,1,0,,0,,,,
hakonasi_20260825_131458_522,1,v30_contact_fraction0p16,548,18.266666666666666,1,0,,0,,,,
hakonasi_20260825_131458_522,1,v30_contact_fraction0p16,549,18.3,1,0,,0,,,,
hakonasi_20260825_131458_522,1,v30_contact_fraction0p16,550,18.333333333333332,1,0,,0,,,,
hakonasi_20260825_131458_522,1,v30_contact_fraction0p16,551,18.366666666666667,1,0,,0,,,,
hakonasi_20260825_131458_522,1,v30_contact_fraction0p16,552,18.4,1,0,,0,,,,
hakonasi_20260825_131458_522,1,v30_contact_fraction0p16,553,18.433333333333334,1,0,,0,,,,
hakonasi_20260825_131458_522,1,v30_contact_fraction0p16,554,18.466666666666665,1,0,,0,,,,
hakonasi_20260825_131458_522,1,v30_contact_fraction0p16,555,18.5,1,0,,0,,,,
hakonasi_20260825_131458_522,1,v30_contact_fraction0p16,556,18.533333333333335,1,0,,0,,,,
hakonasi_20260825_131458_522,1,v30_contact_fraction0p16,557,18.566666666666666,1,0,,0,,,,
hakonasi_20260825_131458_522,1,v30_contact_fraction0p16,558,18.6,1,0,,0,,,,
hakonasi_20260825_131458_522,1,v30_contact_fraction0p16,559,18.633333333333333,1,0,,0,,,,
hakonasi_20260825_131458_522,1,v30_contact_fraction0p16,560,18.666666666666668,1,0,,0,,,,
hakonasi_20260825_131458_522,1,v30_contact_fraction0p16,561,18.7,1,0,,0,,,,
hakonasi_20260825_131458_522,1,v30_contact_fraction0p16,562,18.733333333333334,1,0,,0,,,,
hakonasi_20260825_131458_522,1,v30_contact_fraction0p16,563,18.766666666666666,1,0,,0,,,,
hakonasi_20260825_131458_522,1,v30_contact_fraction0p16,564,18.8,1,0,,0,,,,
hakonasi_20260825_131458_522,1,v30_contact_fraction0p16,565,18.833333333333332,1,0,,0,,,,
hakonasi_20260825_131458_522,1,v30_contact_fraction0p16,566,18.866666666666667,1,0,,0,,,,
hakonasi_20260825_131458_522,1,v30_contact_fraction0p16,567,18.9,1,0,,0,,,,
hakonasi_20260825_131458_522,1,v30_contact_fraction0p16,568,18.933333333333334,1,0,,0,,,,
hakonasi_20260825_131458_522,1,v30_contact_fraction0p16,569,18.966666666666665,1,0,,0,,,,
hakonasi_20260825_131458_522,1,v30_contact_fraction0p16,570,19.0,1,0,,0,,,,
hakonasi_20260825_131458_522,1,v30_contact_fraction0p16,571,19.033333333333335,1,0,,0,,,,
hakonasi_20260825_131458_522,1,v30_contact_fraction0p16,572,19.066666666666666,1,0,,0,,,,
hakonasi_20260825_131458_522,1,v30_contact_fraction0p16,573,19.1,1,0,,0,,,,
hakonasi_20260825_131458_522,1,v30_contact_fraction0p16,574,19.133333333333333,1,0,,0,,,,
hakonasi_20260825_131458_522,1,v30_contact_fraction0p16,575,19.166666666666668,1,0,,0,,,,
hakonasi_20260825_131458_522,1,v30_contact_fraction0p16,576,19.2,1,0,,0,,,,
hakonasi_20260825_131458_522,1,v30_contact_fraction0p16,577,19.233333333333334,1,0,,0,,,,
hakonasi_20260825_131458_522,1,v30_contact_fraction0p16,578,19.266666666666666,1,0,,0,,,,
hakonasi_20260825_131458_522,1,v30_contact_fraction0p16,579,19.3,1,0,,0,,,,
hakonasi_20260825_131458_522,1,v30_contact_fraction0p16,580,19.333333333333332,1,0,,0,,,,
hakonasi_20260825_131458_522,1,v30_contact_fraction0p16,581,19.366666666666667,1,0,,0,,,,
hakonasi_20260825_131458_522,1,v30_contact_fraction0p16,582,19.4,1,0,,0,,,,
hakonasi_20260825_131458_522,1,v30_contact_fraction0p16,583,19.433333333333334,1,0,,0,,,,
hakonasi_20260825_131458_522,1,v30_contact_fraction0p16,584,19.466666666666665,1,0,,0,,,,
hakonasi_20260825_131458_522,1,v30_contact_fraction0p16,585,19.5,1,0,,0,,,,
hakonasi_20260825_131458_522,1,v30_contact_fraction0p16,586,19.533333333333335,1,0,,0,,,,
hakonasi_20260825_131458_522,1,v30_contact_fraction0p16,587,19.566666666666666,1,0,,0,,,,
hakonasi_20260825_131458_522,1,v30_contact_fraction0p16,588,19.6,1,0,,0,,,,
hakonasi_20260825_131458_522,1,v30_contact_fraction0p16,589,19.633333333333333,1,0,,0,,,,
hakonasi_20260825_131458_522,1,v30_contact_fraction0p16,590,19.666666666666668,1,0,,0,,,,
hakonasi_20260825_131458_522,1,v30_contact_fraction0p16,591,19.7,1,0,,0,,,,
hakonasi_20260825_131458_522,1,v30_contact_fraction0p16,592,19.733333333333334,1,0,,0,,,,
hakonasi_20260825_131458_522,1,v30_contact_fraction0p16,593,19.766666666666666,1,0,,0,,,,
hakonasi_20260825_131458_522,1,v30_contact_fraction0p16,594,19.8,1,0,,0,,,,
hakonasi_20260825_131458_522,1,v30_contact_fraction0p16,595,19.833333333333332,1,0,,0,,,,
hakonasi_20260825_131458_522,1,v30_contact_fraction0p16,596,19.866666666666667,1,0,,0,,,,
hakonasi_20260825_131458_522,1,v30_contact_fraction0p16,597,19.9,1,0,,0,,,,
hakonasi_20260825_131458_522,1,v30_contact_fraction0p16,598,19.933333333333334,1,0,,0,,,,
hakonasi_20260825_131458_522,1,v30_contact_fraction0p16,599,19.966666666666665,1,0,,0,,,,
hakonasi_20260825_131458_522,1,v30_contact_fraction0p16,600,20.0,1,0,,0,,,,
hakonasi_20260825_131458_522,1,v30_contact_fraction0p16,601,20.033333333333335,1,0,,0,,,,
hakonasi_20260825_131458_522,1,v30_contact_fraction0p16,602,20.066666666666666,1,0,,0,,,,
hakonasi_20260825_131458_522,1,v30_contact_fraction0p16,603,20.1,1,0,,0,,,,
hakonasi_20260825_131458_522,1,v30_contact_fraction0p16,604,20.133333333333333,1,0,,0,,,,
hakonasi_20260825_131458_522,1,v30_contact_fraction0p16,605,20.166666666666668,1,0,,0,,,,
hakonasi_20260825_131458_522,1,v30_contact_fraction0p16,606,20.2,1,0,,0,,,,
hakonasi_20260825_131458_522,1,v30_contact_fraction0p16,607,20.233333333333334,1,0,,0,,,,
hakonasi_20260825_131458_522,1,v30_contact_fraction0p16,608,20.266666666666666,1,0,,0,,,,
hakonasi_20260825_131458_522,1,v30_contact_fraction0p16,609,20.3,1,0,,0,,,,
hakonasi_20260825_131458_522,1,v30_contact_fraction0p16,610,20.333333333333332,1,0,,0,,,,
hakonasi_20260825_131458_522,1,v30_contact_fraction0p16,611,20.366666666666667,1,0,,0,,,,
hakonasi_20260825_131458_522,1,v30_contact_fraction0p16,612,20.4,1,0,,0,,,,
hakonasi_20260825_131458_522,1,v30_contact_fraction0p16,613,20.433333333333334,1,0,,0,,,,
hakonasi_20260825_131458_522,1,v30_contact_fraction0p16,614,20.466666666666665,1,0,,0,,,,
hakonasi_20260825_131458_522,1,v30_contact_fraction0p16,615,20.5,1,0,,0,,,,
hakonasi_20260825_131458_522,1,v30_contact_fraction0p16,616,20.533333333333335,1,0,,0,,,,
hakonasi_20260825_131458_522,1,v30_contact_fraction0p16,617,20.566666666666666,1,0,,0,,,,
hakonasi_20260825_131458_522,1,v30_contact_fraction0p16,618,20.6,1,0,,0,,,,
hakonasi_20260825_131458_522,1,v30_contact_fraction0p16,619,20.633333333333333,1,0,,0,,,,
hakonasi_20260825_131458_522,1,v30_contact_fraction0p16,620,20.666666666666668,1,0,,0,,,,
hakonasi_20260825_131458_522,1,v30_contact_fraction0p16,621,20.7,1,0,,0,,,,
hakonasi_20260825_131458_522,1,v30_contact_fraction0p16,622,20.733333333333334,1,0,,0,,,,
hakonasi_20260825_131458_522,1,v30_contact_fraction0p16,623,20.766666666666666,1,0,,0,,,,
hakonasi_20260825_131458_522,1,v30_contact_fraction0p16,624,20.8,1,0,,0,,,,
hakonasi_20260825_131458_522,1,v30_contact_fraction0p16,625,20.833333333333332,1,0,,0,,,,
hakonasi_20260825_131458_522,1,v30_contact_fraction0p16,626,20.866666666666667,1,0,,0,,,,
hakonasi_20260825_131458_522,1,v30_contact_fraction0p16,627,20.9,1,0,,0,,,,
hakonasi_20260825_131458_522,1,v30_contact_fraction0p16,628,20.933333333333334,1,0,,0,,,,
hakonasi_20260825_131458_522,1,v30_contact_fraction0p16,629,20.966666666666665,1,0,,0,,,,
hakonasi_20260825_131458_522,1,v30_contact_fraction0p16,630,21.0,1,0,,0,,,,
hakonasi_20260825_131458_522,1,v30_contact_fraction0p16,631,21.033333333333335,1,0,,0,,,,
hakonasi_20260825_131458_522,1,v30_contact_fraction0p16,632,21.066666666666666,1,0,,0,,,,
hakonasi_20260825_131458_522,1,v30_contact_fraction0p16,633,21.1,1,0,,0,,,,
hakonasi_20260825_131458_522,1,v30_contact_fraction0p16,634,21.133333333333333,1,0,,0,,,,
hakonasi_20260825_131458_522,1,v30_contact_fraction0p16,635,21.166666666666668,1,0,,0,,,,
hakonasi_20260825_131458_522,1,v30_contact_fraction0p16,636,21.2,1,0,,0,,,,
hakonasi_20260825_131458_522,1,v30_contact_fraction0p16,637,21.233333333333334,1,0,,0,,,,
hakonasi_20260825_131458_522,1,v30_contact_fraction0p16,638,21.266666666666666,1,0,,0,,,,
hakonasi_20260825_131458_522,1,v30_contact_fraction0p16,639,21.3,1,0,,0,,,,
hakonasi_20260825_131458_522,1,v30_contact_fraction0p16,640,21.333333333333332,1,0,,0,,,,
hakonasi_20260825_131458_522,1,v30_contact_fraction0p16,641,21.366666666666667,1,0,,0,,,,
hakonasi_20260825_131458_522,1,v30_contact_fraction0p16,642,21.4,1,0,,0,,,,
hakonasi_20260825_131458_522,1,v30_contact_fraction0p16,643,21.433333333333334,1,0,,0,,,,
hakonasi_20260825_131458_522,1,v30_contact_fraction0p16,644,21.466666666666665,1,0,,0,,,,
hakonasi_20260825_131458_522,1,v30_contact_fraction0p16,645,21.5,1,0,,0,,,,
hakonasi_20260825_131458_522,1,v30_contact_fraction0p16,646,21.533333333333335,1,0,,0,,,,
hakonasi_20260825_131458_522,1,v30_contact_fraction0p16,647,21.566666666666666,1,0,,0,,,,
hakonasi_20260825_131458_522,1,v30_contact_fraction0p16,648,21.6,1,0,,0,,,,
hakonasi_20260825_131458_522,1,v30_contact_fraction0p16,649,21.633333333333333,1,0,,0,,,,
hakonasi_20260825_131458_522,1,v30_contact_fraction0p16,650,21.666666666666668,1,0,,0,,,,
hakonasi_20260825_131458_522,1,v30_contact_fraction0p16,651,21.7,1,0,,0,,,,
hakonasi_20260825_131458_522,1,v30_contact_fraction0p16,652,21.733333333333334,1,0,,0,,,,
hakonasi_20260825_131458_522,1,v30_contact_fraction0p16,653,21.766666666666666,1,0,,0,,,,
hakonasi_20260825_131458_522,1,v30_contact_fraction0p16,654,21.8,1,0,,0,,,,
hakonasi_20260825_131458_522,1,v30_contact_fraction0p16,655,21.833333333333332,1,0,,0,,,,
hakonasi_20260825_131458_522,1,v30_contact_fraction0p16,656,21.866666666666667,1,0,,0,,,,
hakonasi_20260825_131458_522,1,v30_contact_fraction0p16,657,21.9,1,0,,0,,,,
hakonasi_20260825_131458_522,1,v30_contact_fraction0p16,658,21.933333333333334,1,0,,0,,,,
hakonasi_20260825_131458_522,1,v30_contact_fraction0p16,659,21.966666666666665,1,0,,0,,,,
hakonasi_20260825_131458_522,1,v30_contact_fraction0p16,660,22.0,1,0,,0,,,,
hakonasi_20260825_131458_522,1,v30_contact_fraction0p16,661,22.033333333333335,1,0,,0,,,,
hakonasi_20260825_131458_522,1,v30_contact_fraction0p16,662,22.066666666666666,1,0,,0,,,,
hakonasi_20260825_131458_522,1,v30_contact_fraction0p16,663,22.1,1,0,,0,,,,
hakonasi_20260825_131458_522,1,v30_contact_fraction0p16,664,22.133333333333333,1,0,,0,,,,
hakonasi_20260825_131458_522,1,v30_contact_fraction0p16,665,22.166666666666668,1,0,,0,,,,
hakonasi_20260825_131458_522,1,v30_contact_fraction0p16,666,22.2,1,0,,0,,,,
hakonasi_20260825_131458_522,1,v30_contact_fraction0p16,667,22.233333333333334,1,0,,0,,,,
hakonasi_20260825_131458_522,1,v30_contact_fraction0p16,668,22.266666666666666,1,0,,0,,,,
hakonasi_20260825_131458_522,1,v30_contact_fraction0p16,669,22.3,1,0,,0,,,,
hakonasi_20260825_131458_522,1,v30_contact_fraction0p16,670,22.333333333333332,1,0,,0,,,,
hakonasi_20260825_131458_522,1,v30_contact_fraction0p16,671,22.366666666666667,1,0,,0,,,,
hakonasi_20260825_131458_522,1,v30_contact_fraction0p16,672,22.4,1,0,,0,,,,
hakonasi_20260825_131458_522,1,v30_contact_fraction0p16,673,22.433333333333334,1,0,,0,,,,
hakonasi_20260825_131458_522,1,v30_contact_fraction0p16,674,22.466666666666665,1,0,,0,,,,
hakonasi_20260825_131458_522,1,v30_contact_fraction0p16,675,22.5,1,0,,0,,,,
hakonasi_20260825_131458_522,1,v30_contact_fraction0p16,676,22.533333333333335,1,0,,0,,,,
hakonasi_20260825_131458_522,1,v30_contact_fraction0p16,677,22.566666666666666,1,0,,0,,,,
hakonasi_20260825_131458_522,1,v30_contact_fraction0p16,678,22.6,1,0,,0,,,,
hakonasi_20260825_131458_522,1,v30_contact_fraction0p16,679,22.633333333333333,1,0,,0,,,,
hakonasi_20260825_131458_522,1,v30_contact_fraction0p16,680,22.666666666666668,1,0,,0,,,,
hakonasi_20260825_131458_522,1,v30_contact_fraction0p16,681,22.7,1,0,,0,,,,
hakonasi_20260825_131458_522,1,v30_contact_fraction0p16,682,22.733333333333334,1,0,,0,,,,
hakonasi_20260825_131458_522,1,v30_contact_fraction0p16,683,22.766666666666666,1,0,,0,,,,
hakonasi_20260825_131458_522,1,v30_contact_fraction0p16,684,22.8,1,0,,0,,,,
hakonasi_20260825_131458_522,1,v30_contact_fraction0p16,685,22.833333333333332,1,0,,0,,,,
hakonasi_20260825_131458_522,1,v30_contact_fraction0p16,686,22.866666666666667,1,0,,0,,,,
hakonasi_20260825_131458_522,1,v30_contact_fraction0p16,687,22.9,1,0,,0,,,,
hakonasi_20260825_131458_522,1,v30_contact_fraction0p16,688,22.933333333333334,1,0,,0,,,,
hakonasi_20260825_131458_522,1,v30_contact_fraction0p16,689,22.966666666666665,1,0,,0,,,,
hakonasi_20260825_131458_522,1,v30_contact_fraction0p16,690,23.0,1,0,,0,,,,
hakonasi_20260825_131458_522,1,v30_contact_fraction0p16,691,23.033333333333335,1,0,,0,,,,
hakonasi_20260825_131458_522,1,v30_contact_fraction0p16,692,23.066666666666666,1,0,,0,,,,
hakonasi_20260825_131458_522,1,v30_contact_fraction0p16,693,23.1,1,0,,0,,,,
hakonasi_20260825_131458_522,1,v30_contact_fraction0p16,694,23.133333333333333,1,0,,0,,,,
hakonasi_20260825_131458_522,1,v30_contact_fraction0p16,695,23.166666666666668,1,0,,0,,,,
hakonasi_20260825_131458_522,1,v30_contact_fraction0p16,696,23.2,1,0,,0,,,,
hakonasi_20260825_131458_522,1,v30_contact_fraction0p16,697,23.233333333333334,1,0,,0,,,,
hakonasi_20260825_131458_522,1,v30_contact_fraction0p16,698,23.266666666666666,1,0,,0,,,,
hakonasi_20260825_131458_522,1,v30_contact_fraction0p16,699,23.3,1,0,,0,,,,
hakonasi_20260825_131458_522,1,v30_contact_fraction0p16,700,23.333333333333332,1,0,,0,,,,
hakonasi_20260825_131458_522,1,v30_contact_fraction0p16,701,23.366666666666667,1,0,,0,,,,
hakonasi_20260825_131458_522,1,v30_contact_fraction0p16,702,23.4,1,0,,0,,,,
hakonasi_20260825_131458_522,1,v30_contact_fraction0p16,703,23.433333333333334,1,0,,0,,,,
hakonasi_20260825_131458_522,1,v30_contact_fraction0p16,704,23.466666666666665,1,0,,0,,,,
hakonasi_20260825_131458_522,1,v30_contact_fraction0p16,705,23.5,1,0,,0,,,,
hakonasi_20260825_131458_522,1,v30_contact_fraction0p16,706,23.533333333333335,1,0,,0,,,,
hakonasi_20260825_131458_522,1,v30_contact_fraction0p16,707,23.566666666666666,1,0,,0,,,,
hakonasi_20260825_131458_522,1,v30_contact_fraction0p16,708,23.6,1,0,,0,,,,
hakonasi_20260825_131458_522,1,v30_contact_fraction0p16,709,23.633333333333333,1,0,,0,,,,
hakonasi_20260825_131458_522,1,v30_contact_fraction0p16,710,23.666666666666668,1,0,,0,,,,
hakonasi_20260825_131458_522,1,v30_contact_fraction0p16,711,23.7,1,0,,0,,,,
hakonasi_20260825_131458_522,1,v30_contact_fraction0p16,712,23.733333333333334,1,0,,0,,,,
hakonasi_20260825_131458_522,1,v30_contact_fraction0p16,713,23.766666666666666,1,0,,0,,,,
hakonasi_20260825_131458_522,1,v30_contact_fraction0p16,714,23.8,1,0,,0,,,,
hakonasi_20260825_131458_522,1,v30_contact_fraction0p16,715,23.833333333333332,1,0,,0,,,,
hakonasi_20260825_131458_522,1,v30_contact_fraction0p16,716,23.866666666666667,1,0,,0,,,,
hakonasi_20260825_131458_522,1,v30_contact_fraction0p16,717,23.9,1,0,,0,,,,
hakonasi_20260825_131458_522,1,v30_contact_fraction0p16,718,23.933333333333334,1,0,,0,,,,
hakonasi_20260825_131458_522,1,v30_contact_fraction0p16,719,23.966666666666665,1,0,,0,,,,
hakonasi_20260825_131458_522,1,v30_contact_fraction0p16,720,24.0,1,0,,0,,,,
hakonasi_20260825_131458_522,1,v30_contact_fraction0p16,721,24.033333333333335,1,0,,0,,,,
hakonasi_20260825_131458_522,1,v30_contact_fraction0p16,722,24.066666666666666,1,0,,0,,,,
hakonasi_20260825_131458_522,1,v30_contact_fraction0p16,723,24.1,1,0,,0,,,,
hakonasi_20260825_131458_522,1,v30_contact_fraction0p16,724,24.133333333333333,1,0,,0,,,,
hakonasi_20260825_131458_522,1,v30_contact_fraction0p16,725,24.166666666666668,1,0,,0,,,,
hakonasi_20260825_131458_522,1,v30_contact_fraction0p16,726,24.2,1,0,,0,,,,
hakonasi_20260825_131458_522,1,v30_contact_fraction0p16,727,24.233333333333334,1,0,,0,,,,
hakonasi_20260825_131458_522,1,v30_contact_fraction0p16,728,24.266666666666666,1,0,,0,,,,
hakonasi_20260825_131458_522,1,v30_contact_fraction0p16,729,24.3,1,0,,0,,,,
hakonasi_20260825_131458_522,1,v30_contact_fraction0p16,730,24.333333333333332,1,0,,0,,,,
hakonasi_20260825_131458_522,1,v30_contact_fraction0p16,731,24.366666666666667,1,0,,0,,,,
hakonasi_20260825_131458_522,1,v30_contact_fraction0p16,732,24.4,1,0,,0,,,,
hakonasi_20260825_131458_522,1,v30_contact_fraction0p16,733,24.433333333333334,1,0,,0,,,,
hakonasi_20260825_131458_522,1,v30_contact_fraction0p16,734,24.466666666666665,1,0,,0,,,,
hakonasi_20260825_131458_522,1,v30_contact_fraction0p16,735,24.5,1,0,,0,,,,
hakonasi_20260825_131458_522,1,v30_contact_fraction0p16,736,24.533333333333335,1,0,,0,,,,
hakonasi_20260825_131458_522,1,v30_contact_fraction0p16,737,24.566666666666666,1,0,,0,,,,
hakonasi_20260825_131458_522,1,v30_contact_fraction0p16,738,24.6,1,0,,0,,,,
hakonasi_20260825_131458_522,1,v30_contact_fraction0p16,739,24.633333333333333,1,0,,0,,,,
hakonasi_20260825_131458_522,1,v30_contact_fraction0p16,740,24.666666666666668,1,0,,0,,,,
hakonasi_20260825_131458_522,1,v30_contact_fraction0p16,741,24.7,1,0,,0,,,,
hakonasi_20260825_131458_522,1,v30_contact_fraction0p16,742,24.733333333333334,1,0,,0,,,,
hakonasi_20260825_131458_522,1,v30_contact_fraction0p16,743,24.766666666666666,1,0,,0,,,,
hakonasi_20260825_131458_522,1,v30_contact_fraction0p16,744,24.8,1,0,,0,,,,
hakonasi_20260825_131458_522,1,v30_contact_fraction0p16,745,24.833333333333332,1,0,,0,,,,
hakonasi_20260825_131458_522,1,v30_contact_fraction0p16,746,24.866666666666667,1,0,,0,,,,
hakonasi_20260825_131458_522,1,v30_contact_fraction0p16,747,24.9,1,0,,0,,,,
hakonasi_20260825_131458_522,1,v30_contact_fraction0p16,748,24.933333333333334,1,0,,0,,,,
hakonasi_20260825_131458_522,1,v30_contact_fraction0p16,749,24.966666666666665,1,0,,0,,,,
hakonasi_20260825_131458_522,1,v30_contact_fraction0p16,750,25.0,1,0,,0,,,,
hakonasi_20260825_131458_522,1,v30_contact_fraction0p16,751,25.033333333333335,1,0,,0,,,,
hakonasi_20260825_131458_522,1,v30_contact_fraction0p16,752,25.066666666666666,1,0,,0,,,,
hakonasi_20260825_131458_522,1,v30_contact_fraction0p16,753,25.1,1,0,,0,,,,
hakonasi_20260825_131458_522,1,v30_contact_fraction0p16,754,25.133333333333333,1,0,,0,,,,
hakonasi_20260825_131458_522,1,v30_contact_fraction0p16,755,25.166666666666668,1,0,,0,,,,
hakonasi_20260825_131458_522,1,v30_contact_fraction0p16,756,25.2,1,0,,0,,,,
hakonasi_20260825_131458_522,1,v30_contact_fraction0p16,757,25.233333333333334,1,0,,0,,,,
hakonasi_20260825_131458_522,1,v30_contact_fraction0p16,758,25.266666666666666,1,0,,0,,,,
hakonasi_20260825_131458_522,1,v30_contact_fraction0p16,759,25.3,1,0,,0,,,,
hakonasi_20260825_131458_522,1,v30_contact_fraction0p16,760,25.333333333333332,1,0,,0,,,,
hakonasi_20260825_131458_522,1,v30_contact_fraction0p16,761,25.366666666666667,1,0,,0,,,,
hakonasi_20260825_131458_522,1,v30_contact_fraction0p16,762,25.4,1,0,,0,,,,
hakonasi_20260825_131458_522,1,v30_contact_fraction0p16,763,25.433333333333334,1,0,,0,,,,
hakonasi_20260825_131458_522,1,v30_contact_fraction0p16,764,25.466666666666665,1,0,,0,,,,
hakonasi_20260825_131458_522,1,v30_contact_fraction0p16,765,25.5,1,0,,0,,,,
hakonasi_20260825_131458_522,1,v30_contact_fraction0p16,766,25.533333333333335,1,0,,0,,,,
hakonasi_20260825_131458_522,1,v30_contact_fraction0p16,767,25.566666666666666,1,0,,0,,,,
hakonasi_20260825_131458_522,1,v30_contact_fraction0p16,768,25.6,1,0,,0,,,,
hakonasi_20260825_131458_522,1,v30_contact_fraction0p16,769,25.633333333333333,1,0,,0,,,,
hakonasi_20260825_131458_522,1,v30_contact_fraction0p16,770,25.666666666666668,1,0,,0,,,,
hakonasi_20260825_131458_522,1,v30_contact_fraction0p16,771,25.7,1,0,,0,,,,
hakonasi_20260825_131458_522,1,v30_contact_fraction0p16,772,25.733333333333334,1,0,,0,,,,
hakonasi_20260825_131458_522,1,v30_contact_fraction0p16,773,25.766666666666666,1,0,,0,,,,
hakonasi_20260825_131458_522,1,v30_contact_fraction0p16,774,25.8,1,0,,0,,,,
hakonasi_20260825_131458_522,1,v30_contact_fraction0p16,775,25.833333333333332,1,0,,0,,,,
hakonasi_20260825_131458_522,1,v30_contact_fraction0p16,776,25.866666666666667,1,0,,0,,,,
hakonasi_20260825_131458_522,1,v30_contact_fraction0p16,777,25.9,1,0,,0,,,,
hakonasi_20260825_131458_522,1,v30_contact_fraction0p16,778,25.933333333333334,1,0,,0,,,,
hakonasi_20260825_131458_522,1,v30_contact_fraction0p16,779,25.966666666666665,1,0,,0,,,,
hakonasi_20260825_131458_522,1,v30_contact_fraction0p16,780,26.0,1,0,,0,,,,
hakonasi_20260825_131458_522,1,v30_contact_fraction0p16,781,26.033333333333335,1,0,,0,,,,
hakonasi_20260825_131458_522,1,v30_contact_fraction0p16,782,26.066666666666666,1,0,,0,,,,
hakonasi_20260825_131458_522,1,v30_contact_fraction0p16,783,26.1,1,0,,0,,,,
hakonasi_20260825_131458_522,1,v30_contact_fraction0p16,784,26.133333333333333,1,0,,0,,,,
hakonasi_20260825_131458_522,1,v30_contact_fraction0p16,785,26.166666666666668,1,0,,0,,,,
hakonasi_20260825_131458_522,1,v30_contact_fraction0p16,786,26.2,1,0,,0,,,,
hakonasi_20260825_131458_522,1,v30_contact_fraction0p16,787,26.233333333333334,1,0,,0,,,,
hakonasi_20260825_131458_522,1,v30_contact_fraction0p16,788,26.266666666666666,1,0,,0,,,,
hakonasi_20260825_131458_522,1,v30_contact_fraction0p16,789,26.3,1,0,,0,,,,
hakonasi_20260825_131458_522,1,v30_contact_fraction0p16,790,26.333333333333332,1,0,,0,,,,
hakonasi_20260825_131458_522,1,v30_contact_fraction0p16,791,26.366666666666667,1,0,,0,,,,
hakonasi_20260825_131458_522,1,v30_contact_fraction0p16,792,26.4,1,0,,0,,,,
hakonasi_20260825_131458_522,1,v30_contact_fraction0p16,793,26.433333333333334,1,0,,0,,,,
hakonasi_20260825_131458_522,1,v30_contact_fraction0p16,794,26.466666666666665,1,0,,0,,,,
hakonasi_20260825_131458_522,1,v30_contact_fraction0p16,795,26.5,1,0,,0,,,,
hakonasi_20260825_131458_522,1,v30_contact_fraction0p16,796,26.533333333333335,1,0,,0,,,,
hakonasi_20260825_131458_522,1,v30_contact_fraction0p16,797,26.566666666666666,1,0,,0,,,,
hakonasi_20260825_131458_522,1,v30_contact_fraction0p16,798,26.6,1,0,,0,,,,
hakonasi_20260825_131458_522,1,v30_contact_fraction0p16,799,26.633333333333333,1,0,,0,,,,
hakonasi_20260825_131458_522,1,v30_contact_fraction0p16,800,26.666666666666668,1,0,,0,,,,
hakonasi_20260825_131458_522,1,v30_contact_fraction0p16,801,26.7,1,0,,0,,,,
hakonasi_20260825_131458_522,1,v30_contact_fraction0p16,802,26.733333333333334,1,0,,0,,,,
hakonasi_20260825_131458_522,1,v30_contact_fraction0p16,803,26.766666666666666,1,0,,0,,,,
hakonasi_20260825_131458_522,1,v30_contact_fraction0p16,804,26.8,1,0,,0,,,,
hakonasi_20260825_131458_522,1,v30_contact_fraction0p16,805,26.833333333333332,1,0,,0,,,,
hakonasi_20260825_131458_522,1,v30_contact_fraction0p16,806,26.866666666666667,1,0,,0,,,,
hakonasi_20260825_131458_522,1,v30_contact_fraction0p16,807,26.9,1,0,,0,,,,
hakonasi_20260825_131458_522,1,v30_contact_fraction0p16,808,26.933333333333334,1,0,,0,,,,
hakonasi_20260825_131458_522,1,v30_contact_fraction0p16,809,26.966666666666665,1,0,,0,,,,
hakonasi_20260825_131458_522,1,v30_contact_fraction0p16,810,27.0,1,0,,0,,,,
hakonasi_20260825_131458_522,1,v30_contact_fraction0p16,811,27.033333333333335,1,0,,0,,,,
hakonasi_20260825_131458_522,1,v30_contact_fraction0p16,812,27.066666666666666,1,0,,0,,,,
hakonasi_20260825_131458_522,1,v30_contact_fraction0p16,813,27.1,1,0,,0,,,,
hakonasi_20260825_131458_522,1,v30_contact_fraction0p16,814,27.133333333333333,1,0,,0,,,,
hakonasi_20260825_131458_522,1,v30_contact_fraction0p16,815,27.166666666666668,1,0,,0,,,,
hakonasi_20260825_131458_522,1,v30_contact_fraction0p16,816,27.2,1,0,,0,,,,
hakonasi_20260825_131458_522,1,v30_contact_fraction0p16,817,27.233333333333334,1,0,,0,,,,
hakonasi_20260825_131458_522,1,v30_contact_fraction0p16,818,27.266666666666666,1,0,,0,,,,
hakonasi_20260825_131458_522,1,v30_contact_fraction0p16,819,27.3,1,0,,0,,,,
hakonasi_20260825_131458_522,1,v30_contact_fraction0p16,820,27.333333333333332,1,0,,0,,,,
hakonasi_20260825_131458_522,1,v30_contact_fraction0p16,821,27.366666666666667,1,0,,0,,,,
hakonasi_20260825_131458_522,1,v30_contact_fraction0p16,822,27.4,1,0,,0,,,,
hakonasi_20260825_131458_522,1,v30_contact_fraction0p16,823,27.433333333333334,1,0,,0,,,,
hakonasi_20260825_131458_522,1,v30_contact_fraction0p16,824,27.466666666666665,1,0,,0,,,,
hakonasi_20260825_131458_522,1,v30_contact_fraction0p16,825,27.5,1,0,,0,,,,
hakonasi_20260825_131458_522,1,v30_contact_fraction0p16,826,27.533333333333335,1,0,,0,,,,
hakonasi_20260825_131458_522,1,v30_contact_fraction0p16,827,27.566666666666666,1,0,,0,,,,
hakonasi_20260825_131458_522,1,v30_contact_fraction0p16,828,27.6,1,0,,0,,,,
hakonasi_20260825_131458_522,1,v30_contact_fraction0p16,829,27.633333333333333,1,0,,0,,,,
hakonasi_20260825_131458_522,1,v30_contact_fraction0p16,830,27.666666666666668,1,0,,0,,,,
hakonasi_20260825_131458_522,1,v30_contact_fraction0p16,831,27.7,1,0,,0,,,,
hakonasi_20260825_131458_522,1,v30_contact_fraction0p16,832,27.733333333333334,1,0,,0,,,,
hakonasi_20260825_131458_522,1,v30_contact_fraction0p16,833,27.766666666666666,1,0,,0,,,,
hakonasi_20260825_131458_522,1,v30_contact_fraction0p16,834,27.8,1,0,,0,,,,
hakonasi_20260825_131458_522,1,v30_contact_fraction0p16,835,27.833333333333332,1,0,,0,,,,
hakonasi_20260825_131458_522,1,v30_contact_fraction0p16,836,27.866666666666667,1,0,,0,,,,
hakonasi_20260825_131458_522,1,v30_contact_fraction0p16,837,27.9,1,0,,0,,,,
hakonasi_20260825_131458_522,1,v30_contact_fraction0p16,838,27.933333333333334,1,0,,0,,,,
hakonasi_20260825_131458_522,1,v30_contact_fraction0p16,839,27.966666666666665,1,0,,0,,,,
hakonasi_20260825_131458_522,1,v30_contact_fraction0p16,840,28.0,1,0,,0,,,,
hakonasi_20260825_131458_522,1,v30_contact_fraction0p16,841,28.033333333333335,1,0,,0,,,,
hakonasi_20260825_131458_522,1,v30_contact_fraction0p16,842,28.066666666666666,1,0,,0,,,,
hakonasi_20260825_131458_522,1,v30_contact_fraction0p16,843,28.1,1,0,,0,,,,
hakonasi_20260825_131458_522,1,v30_contact_fraction0p16,844,28.133333333333333,1,0,,0,,,,
hakonasi_20260825_131458_522,1,v30_contact_fraction0p16,845,28.166666666666668,1,0,,0,,,,
hakonasi_20260825_131458_522,1,v30_contact_fraction0p16,846,28.2,1,0,,0,,,,
hakonasi_20260825_131458_522,1,v30_contact_fraction0p16,847,28.233333333333334,1,0,,0,,,,
hakonasi_20260825_131458_522,1,v30_contact_fraction0p16,848,28.266666666666666,1,0,,0,,,,
hakonasi_20260825_131458_522,1,v30_contact_fraction0p16,849,28.3,1,0,,0,,,,
hakonasi_20260825_131458_522,1,v30_contact_fraction0p16,850,28.333333333333332,1,0,,0,,,,
hakonasi_20260825_131458_522,1,v30_contact_fraction0p16,851,28.366666666666667,1,0,,0,,,,
hakonasi_20260825_131458_522,1,v30_contact_fraction0p16,852,28.4,1,0,,0,,,,
hakonasi_20260825_131458_522,1,v30_contact_fraction0p16,853,28.433333333333334,1,0,,0,,,,
