session,session_path,frame,time_sec,occlusion_event,phase_label,detected,source_pixel_x,source_pixel_y,raw_x_m,raw_z_m,raw_distance_m,x_m,z_m,distance_m,area_px,contact_samples,bbox_width_px,bbox_height_px,bbox_aspect_ratio,bbox_fill_ratio,contour_solidity,measurement_available,measurement_accepted,rejection_reason,predicted_x_m,predicted_z_m,innovation_x_m,innovation_z_m,innovation_cov_xx,innovation_cov_xz,innovation_cov_zz,nis,track_available,track_predicted,filtered_x_m,filtered_z_m,filtered_distance_m,relative_vx_mps,relative_vz_mps,missing_age_sec
shield_z0.8m,src/recordings/recoding_20260807_3.tar.xz::shield_z0.8m,0,0.0,0,visible,1,314.5,439.5,-0.05338157456876487,0.9341469809063967,0.9356709755250381,-0.009843653974758053,0.9341469809063967,0.9341988436409621,4981.5,18,70,88,0.7954545454545454,0.808685064935065,0.9113611416026345,True,True,initialized,,,,,,,,,1,0,-0.009843653999269009,0.9341470003128052,0.9341988630465514,0.0,0.0,0.0
shield_z0.8m,src/recordings/recoding_20260807_3.tar.xz::shield_z0.8m,1,0.03333333333333333,0,visible,1,320.5,439.5,-0.017769436034850997,0.9317729765961398,0.9319423977756496,0.011797441687362816,0.9317729765961398,0.9318476589792976,4961.0,18,70,88,0.7954545454545454,0.8053571428571429,0.9071128176997623,True,True,accepted,-0.009843653999269009,0.9341470003128052,0.021641096100211143,-0.0023740530014038086,0.0020784721709787846,0.0,0.0020784721709787846,0.2280392050743103,1,0,0.002426623832434416,0.9328009486198425,0.9328041049702248,0.08720067888498306,-0.009566014632582664,0.0
shield_z0.8m,src/recordings/recoding_20260807_3.tar.xz::shield_z0.8m,2,0.06666666666666667,0,visible,1,320.0,440.5,-0.020812774533232267,0.9214479577352703,0.9216829771663746,0.009948039144098982,0.9214479577352703,0.9215016561554912,5045.5,18,74,88,0.8409090909090909,0.7748003685503686,0.897855681110419,True,True,accepted,0.005333313252776861,0.9324820637702942,0.004614726174622774,-0.011034131050109863,0.001895808964036405,0.0,0.001895808964036405,0.0754547268152237,1,0,0.007757284212857485,0.92668616771698,0.9267186352374391,0.1138790175318718,-0.0733557716012001,0.0
shield_z0.8m,src/recordings/recoding_20260807_3.tar.xz::shield_z0.8m,3,0.1,0,visible,1,323.0,439.0,-0.0031931761811987286,0.9347206025823103,0.9347260568027198,0.020655270699468264,0.9347206025823103,0.934948792768623,5008.5,18,71,88,0.8068181818181818,0.8016165172855314,0.9033276219677158,True,True,accepted,0.01155325211584568,0.9242409467697144,0.009102018550038338,0.010479629039764404,0.0018957407446578145,0.0,0.0018957407446578145,0.10163275897502899,1,0,0.01633410155773163,0.9297453761100769,0.9298888467294177,0.16433003544807434,-0.015268874354660511,0.0
shield_z0.8m,src/recordings/recoding_20260807_3.tar.xz::shield_z0.8m,4,0.13333333333333333,0,visible,1,322.5,439.0,-0.005911064587175208,0.9386415953464285,0.93866020752935,0.01900364051340985,0.9386415953464285,0.9388339485059386,4954.0,18,70,87,0.8045977011494253,0.813464696223317,0.9121708709261646,True,True,accepted,0.021811770275235176,0.9292364120483398,-0.0028081294149160385,0.009405195713043213,0.0018194911535829306,0.0,0.0018194911535829306,0.05295068025588989,1,0,0.020392663776874542,0.933989405632019,0.9342120051512766,0.151311457157135,0.02833392843604088,0.0
shield_z0.8m,src/recordings/recoding_20260807_3.tar.xz::shield_z0.8m,5,0.16666666666666666,0,visible,1,323.5,439.0,4.664886492522936e-05,0.9382355763536467,0.9382355775133323,0.02262407590573056,0.9382355763536467,0.9385083087252067,5026.5,18,72,86,0.8372093023255814,0.8117732558139535,0.9020997846374731,True,True,accepted,0.02543637901544571,0.9349338412284851,-0.002812303602695465,0.0033017396926879883,0.0017065037973225117,0.0,0.0017065037973225117,0.01102285087108612,1,0,0.02410726808011532,0.9364942908287048,0.9368045245028684,0.14076612889766693,0.040714506059885025,0.0
shield_z0.8m,src/recordings/recoding_20260807_3.tar.xz::shield_z0.8m,6,0.2,0,visible,1,324.0,440.0,0.002555722883651835,0.9257403170412803,0.9257438448702472,0.02414881193951002,0.9257403170412803,0.9260552357790436,5063.0,17,69,88,0.7840909090909091,0.8338274044795784,0.9241580724650909,True,True,accepted,0.028799472376704216,0.9378514289855957,-0.0046506598591804504,-0.012111127376556396,0.0015999670140445232,0.0,0.0015999670140445232,0.10519469529390335,1,0,0.02676486223936081,0.9325529336929321,0.9329369389138723,0.126567542552948,0.0037389080971479416,0.0
shield_z0.8m,src/recordings/recoding_20260807_3.tar.xz::shield_z0.8m,7,0.23333333333333334,0,visible,1,320.5,439.0,-0.01788551586848935,0.9363709687521571,0.9365417677817338,0.011726901279298908,0.9363709687521571,0.936444398421747,5019.0,18,72,88,0.8181818181818182,0.7921401515151515,0.9099809627413652,True,True,accepted,0.030983781442046165,0.9326775670051575,-0.01925688050687313,0.00369340181350708,0.0015127676306292415,0.0,0.0015127676306292415,0.2541491687297821,1,0,0.023183513432741165,0.9341736435890198,0.9344612735001226,0.07763571292161942,0.013123860582709312,0.0
shield_z0.8m,src/recordings/recoding_20260807_3.tar.xz::shield_z0.8m,8,0.26666666666666666,0,visible,1,323.5,439.0,-0.00015966844059602187,0.9341226137758705,0.9341226274218364,0.0224986992019057,0.9341226137758705,0.9343935193660334,5053.0,18,71,88,0.8068181818181818,0.8087387964148528,0.913000271027193,True,True,accepted,0.02577137015759945,0.9346110820770264,-0.00327267125248909,-0.0004884600639343262,0.0014447893481701612,0.0,0.0014447893481701612,0.0075782472267746925,1,0,0.024537337943911552,0.9344269037246704,0.9347490140983558,0.07052113115787506,0.012061979621648788,0.0
shield_z0.8m,src/recordings/recoding_20260807_3.tar.xz::shield_z0.8m,9,0.3,0,visible,1,323.5,439.0,4.664886492522936e-05,0.9358448011098895,0.9358448022725377,0.02262407590573056,0.9358448011098895,0.936118230019583,5014.5,18,72,88,0.8181818181818182,0.7914299242424242,0.8983339304908635,True,True,accepted,0.02688804268836975,0.9348289966583252,-0.004263967275619507,0.001015782356262207,0.001392763340845704,0.0,0.001392763340845704,0.013795043341815472,1,0,0.025379439815878868,0.9351884126663208,0.9355327269266002,0.06235836073756218,0.014006553217768669,0.0
shield_z0.8m,src/recordings/recoding_20260807_3.tar.xz::shield_z0.8m,10,0.3333333333333333,0,visible,1,324.0,440.0,0.002787680578400854,0.9276690132779986,0.9276732018114906,0.024289770019206586,0.9276690132779986,0.9279869563327716,5047.0,17,72,88,0.8181818181818182,0.7965593434343434,0.9119161622549462,True,True,accepted,0.027458051219582558,0.9356552958488464,-0.00316828116774559,-0.007986307144165039,0.0013533530291169882,0.0,0.0013533530291169882,0.05454534664750099,1,0,0.026396725326776505,0.9329800009727478,0.93335334644661,0.05686664208769798,0.0001635407388675958,0.0
shield_z0.8m,src/recordings/recoding_20260807_3.tar.xz::shield_z0.8m,11,0.36666666666666664,0,visible,1,323.5,439.0,4.664886492522936e-05,0.93687315293143,0.9368731540928021,0.02262407590573056,0.93687315293143,0.9371462818014415,4975.0,18,70,88,0.7954545454545454,0.8076298701298701,0.9095895420056678,True,True,accepted,0.028292279690504074,0.9329854249954224,-0.00566820427775383,0.0038877129554748535,0.0013238159008324146,0.0,0.0013238159008324146,0.03568687289953232,1,0,0.026477620005607605,0.9342300891876221,0.9346052235594843,0.04774356260895729,0.006420887541025877,0.0
shield_z0.8m,src/recordings/recoding_20260807_3.tar.xz::shield_z0.8m,12,0.4,0,visible,1,318.5,441.0,-0.029588521277835005,0.9167975995185809,0.9172749419200554,0.004615116645619043,0.9167975995185809,0.9168092155866917,5070.5,18,71,88,0.8068181818181818,0.8115396927016645,0.9159140173410405,True,True,accepted,0.02806907147169113,0.9344441294670105,-0.023453954607248306,-0.01764655113220215,0.0013019997859373689,0.0,0.0013019997859373689,0.6616657972335815,1,0,0.020827531814575195,0.928995668888092,0.9292291100123374,0.011927034705877304,-0.020527156069874763,0.0
shield_z0.8m,src/recordings/recoding_20260807_3.tar.xz::shield_z0.8m,13,0.43333333333333335,0,visible,1,324.0,439.0,0.003024431563615524,0.9350136196787561,0.9350185111381766,0.024433640927555796,0.9350136196787561,0.9353328133844906,5017.0,17,72,88,0.8181818181818182,0.7918244949494949,0.9024192823095603,True,True,accepted,0.0212251003831625,0.9283114075660706,0.003208540380001068,0.0067021846771240234,0.0012862063013017178,0.0,0.0012862063013017178,0.042927805334329605,1,0,0.022188521921634674,0.9303238391876221,0.9305884032513319,0.016657326370477676,-0.010646249167621136,0.0
shield_z0.8m,src/recordings/recoding_20260807_3.tar.xz::shield_z0.8m,14,0.4666666666666667,0,visible,1,321.5,440.0,-0.012040164865279573,0.9259570496719814,0.926035325140042,0.015279055276416204,0.9259570496719814,0.9260830996014235,4964.0,18,72,88,0.8181818181818182,0.7834595959595959,0.8958671719906154,True,True,accepted,0.022743765264749527,0.9299689531326294,-0.0074647096917033195,-0.004011929035186768,0.0012750697787851095,0.0,0.0012750697787851095,0.05632434040307999,1,0,0.020547974854707718,0.9287888407707214,0.9290161085852334,0.005892100743949413,-0.016432050615549088,0.0
shield_z0.8m,src/recordings/recoding_20260807_3.tar.xz::shield_z0.8m,15,0.5,0,visible,1,311.5,441.0,-0.07082604332926651,0.9176640331373243,0.9203931801830886,-0.020444461248979473,0.9176640331373243,0.9178917440034098,5025.5,18,74,88,0.8409090909090909,0.7717291154791155,0.8891542816702053,True,True,accepted,0.020744377747178078,0.9282411336898804,-0.041188839823007584,-0.010577082633972168,0.0012674727477133274,0.0,0.0012674727477133274,1.4267724752426147,1,0,0.008802681230008602,0.9251745939254761,0.925216470044717,-0.05276009067893028,-0.03149363398551941,0.0
shield_z0.8m,src/recordings/recoding_20260807_3.tar.xz::shield_z0.8m,16,0.5333333333333333,0,visible,1,322.5,440.0,-0.006198925605171745,0.9284199458239293,0.9284406402578284,0.01882871061354085,0.9284199458239293,0.9286108529126053,5025.0,18,73,88,0.8295454545454546,0.7822229140722291,0.8932539329837348,True,True,accepted,0.007044011261314154,0.9241247773170471,0.011784698814153671,0.004295170307159424,0.0012624971568584442,0.0,0.0012624971568584442,0.12461620569229126,1,0,0.010427718050777912,0.9253580570220947,0.9254168093348277,-0.03608717396855354,-0.02541685476899147,0.0
shield_z0.8m,src/recordings/recoding_20260807_3.tar.xz::shield_z0.8m,17,0.5666666666666667,0,visible,1,323.0,439.5,-0.0029907462385593124,0.9312994280351974,0.9313042302178968,0.020778285096634146,0.9312994280351974,0.9315311920651089,5045.5,18,74,88,0.8409090909090909,0.7748003685503686,0.9025939177101968,True,True,accepted,0.009224812500178814,0.9245108366012573,0.011553472839295864,0.00678861141204834,0.0012593972496688366,0.0,0.0012593972496688366,0.1425824761390686,1,0,0.012521854601800442,0.9264481067657471,0.9265327254730432,-0.019785305485129356,-0.015838172286748886,0.0
shield_z0.8m,src/recordings/recoding_20260807_3.tar.xz::shield_z0.8m,18,0.6,0,visible,1,322.5,439.0,-0.006112766883565915,0.9363709687521571,0.9363909210585214,0.018881068298677396,0.9363709687521571,0.9365613091848032,5003.0,18,72,88,0.8181818181818182,0.789614898989899,0.9068334239622984,True,True,accepted,0.011862344108521938,0.9259201884269714,0.007018723525106907,0.010450780391693115,0.0012575817527249455,0.0,0.0012575817527249455,0.1260206699371338,1,0,0.013858052901923656,0.9288917779922485,0.9289951457633313,-0.009888093918561935,-0.001101363799534738,0.0
shield_z0.8m,src/recordings/recoding_20260807_3.tar.xz::shield_z0.8m,19,0.6333333333333333,0,visible,1,318.5,440.0,-0.029784757394177498,0.9259570496719814,0.926435960879256,0.004495866166963097,0.9259570496719814,0.9259679641595769,4998.0,18,73,88,0.8295454545454546,0.7780199252801993,0.8852284803400637,True,True,accepted,0.013528449460864067,0.9288550615310669,-0.009032582864165306,-0.0028980374336242676,0.0012565999059006572,0.0,0.0012565999059006572,0.07161084562540054,1,0,0.010965168476104736,0.928032636642456,0.9280974138490303,-0.022629208862781525,-0.005189256276935339,0.0
shield_z0.8m,src/recordings/recoding_20260807_3.tar.xz::shield_z0.8m,20,0.6666666666666666,0,visible,1,319.5,441.0,-0.02373497066535423,0.9169211547649582,0.9172282992188965,0.008172253452978317,0.9169211547649582,0.9169575725092214,5054.0,18,72,88,0.8181818181818182,0.7976641414141414,0.897133220910624,True,True,accepted,0.010210861451923847,0.9278596639633179,-0.002038608305156231,-0.010938525199890137,0.0012561238836497068,0.0,0.0012561238836497068,0.09856292605400085,1,0,0.009632895700633526,0.9247584939002991,0.9248086638436779,-0.025506556034088135,-0.02062818966805935,0.0
shield_z0.8m,src/recordings/recoding_20260807_3.tar.xz::shield_z0.8m,21,0.7,0,visible,1,323.5,439.0,4.664886492522936e-05,0.9341226137758705,0.9341226149406622,0.02262407590573056,0.9341226137758705,0.9343965466428332,5000.5,18,71,88,0.8068181818181818,0.8003361075544174,0.9076964966418588,True,True,accepted,0.008782677352428436,0.9240708947181702,0.013841398060321808,0.010051727294921875,0.0012559281894937158,0.0,0.0012559281894937158,0.2329922467470169,1,0,0.012705309316515923,0.9269195199012756,0.9270065918098099,-0.005959768779575825,-0.00643316563218832,0.0
shield_z0.8m,src/recordings/recoding_20260807_3.tar.xz::shield_z0.8m,22,0.7333333333333333,0,visible,1,322.5,440.0,-0.006112766883565915,0.9285156603652653,0.9285357814659151,0.018881068298677396,0.9285156603652653,0.9287076107600519,5027.0,18,74,88,0.8409090909090909,0.7719594594594594,0.893133161588345,True,True,accepted,0.012506650760769844,0.9267050623893738,0.006374416872859001,0.001810610294342041,0.0012558687012642622,0.0,0.0012558687012642622,0.034965042024850845,1,0,0.014312935061752796,0.9272181391716003,0.9273286028797597,0.00304531492292881,-0.003875332185998559,0.0
shield_z0.8m,src/recordings/recoding_20260807_3.tar.xz::shield_z0.8m,23,0.7666666666666667,0,visible,1,323.5,439.0,4.664886492522936e-05,0.93687315293143,0.9368731540928021,0.02262407590573056,0.93687315293143,0.9371462818014415,5044.5,18,74,88,0.8409090909090909,0.7746468058968059,0.8925948863133681,True,True,accepted,0.014414445497095585,0.9270889759063721,0.00820962991565466,0.009784162044525146,0.001255860785022378,0.0,0.001255860785022378,0.1298932582139969,1,0,0.016740726307034492,0.9298614263534546,0.9300121096724322,0.01464458741247654,0.00994857493788004,0.0
shield_z0.8m,src/recordings/recoding_20260807_3.tar.xz::shield_z0.8m,24,0.8,0,visible,1,318.5,440.0,-0.029784757394177498,0.9283322300877928,0.9288099166098543,0.004495866166963097,0.9283322300877928,0.9283431166505011,5008.0,18,74,88,0.8409090909090909,0.769041769041769,0.9020172910662824,True,True,accepted,0.017228879034519196,0.9301930665969849,-0.012733012437820435,-0.0018608570098876953,0.0012558605521917343,0.0,0.0012558605521917343,0.13185572624206543,1,0,0.013620853424072266,0.9296658039093018,0.9297655804590361,-0.0033451190683990717,0.007319482043385506,0.0
shield_z0.8m,src/recordings/recoding_20260807_3.tar.xz::shield_z0.8m,25,0.8333333333333334,0,visible,1,323.5,440.0,-0.00036180600957636216,0.9250425004739963,0.9250425712294391,0.022375862476920867,0.9250425004739963,0.9253130858821621,5011.0,18,74,88,0.8409090909090909,0.769502457002457,0.8919544321822712,True,True,accepted,0.013509349897503853,0.9299097657203674,0.008866513147950172,-0.004867255687713623,0.0012558500748127699,0.0,0.0012558500748127699,0.08146293461322784,1,0,0.016021711751818657,0.9285306334495544,0.9286688497530695,0.009180044755339622,0.0004438171745277941,0.0
shield_z0.8m,src/recordings/recoding_20260807_3.tar.xz::shield_z0.8m,26,0.8666666666666667,0,visible,1,324.5,439.0,0.005471186027578464,0.9347206025823103,0.9347366146505579,0.02592050606950502,0.9347206025823103,0.9350799310897098,4988.5,18,71,88,0.8068181818181818,0.7984154929577465,0.9107256960292104,True,True,accepted,0.016327712684869766,0.9285454154014587,0.009592793881893158,0.0061751604080200195,0.001255825744010508,0.0,0.001255825744010508,0.10364041477441788,1,0,0.019045734778046608,0.9302951097488403,0.9304900489719611,0.022728493437170982,0.009165347553789616,0.0
shield_z0.8m,src/recordings/recoding_20260807_3.tar.xz::shield_z0.8m,27,0.9,0,visible,1,323.5,439.0,4.664886492522936e-05,0.9382355763536467,0.9382355775133323,0.02262407590573056,0.9382355763536467,0.9385083087252067,4988.5,18,70,86,0.813953488372093,0.8286544850498339,0.9139794796628802,True,True,accepted,0.019803350791335106,0.930600643157959,0.0028207246214151382,0.007634937763214111,0.00125579081941396,0.0,0.00125579081941396,0.05275461822748184,1,0,0.020602518692612648,0.9327637553215027,0.932991257739295,0.02671152912080288,0.019946346059441566,0.0
shield_z0.8m,src/recordings/recoding_20260807_3.tar.xz::shield_z0.8m,28,0.9333333333333333,0,visible,1,322.5,439.0,-0.005911064587175208,0.9386415953464285,0.93866020752935,0.01900364051340985,0.9386415953464285,0.9388339485059386,4974.0,18,71,86,0.8255813953488372,0.8146085817228955,0.9104054177724902,True,True,accepted,0.02149290218949318,0.9334286451339722,-0.0024892613291740417,0.005212962627410889,0.0012557506561279297,0.0,0.0012557506561279297,0.026574864983558655,1,0,0.02078770101070404,0.934905469417572,0.9351365489917508,0.023197215050458908,0.027305953204631805,0.0
shield_z0.8m,src/recordings/recoding_20260807_3.tar.xz::shield_z0.8m,29,0.9666666666666667,0,visible,1,322.5,439.0,-0.005911064587175208,0.93687315293143,0.9368918002460223,0.01900364051340985,0.93687315293143,0.9370658691022962,4985.5,18,70,88,0.7954545454545454,0.8093344155844155,0.9034976440739398,True,True,accepted,0.021560940891504288,0.935815691947937,-0.00255730003118515,0.001057446002960205,0.0012557106092572212,0.0,0.0012557106092572212,0.006098519545048475,1,0,0.020836522802710533,0.9361152648925781,0.9363471310616643,0.019587423652410507,0.028798604384064674,0.0
shield_z0.8m,src/recordings/recoding_20260807_3.tar.xz::shield_z0.8m,30,1.0,0,visible,1,323.0,439.5,-0.0029907462385593124,0.9307433276719375,0.9307481327238293,0.020778285096634146,0.9307433276719375,0.9309752301416986,5030.5,18,74,88,0.8409090909090909,0.7724969287469288,0.8869005641748943,True,True,accepted,0.02148943766951561,0.9370751976966858,-0.0007111523300409317,-0.0063318610191345215,0.0012556741712614894,0.0,0.0012556741712614894,0.03233179822564125,1,0,0.021288001909852028,0.9352816939353943,0.935523931300517,0.018583711236715317,0.019861890003085136,0.0
shield_z0.8m,src/recordings/recoding_20260807_3.tar.xz::shield_z0.8m,31,1.0333333333333334,0,visible,1,323.5,439.0,4.664886492522936e-05,0.9382355763536467,0.9382355775133323,0.02262407590573056,0.9382355763536467,0.9385083087252067,5012.0,18,72,86,0.8372093023255814,0.8094315245478036,0.9055921944168398,True,True,accepted,0.02190745808184147,0.9359437823295593,0.0007166173309087753,0.0022917985916137695,0.001255643554031849,0.0,0.001255643554031849,0.004591973032802343,1,0,0.022110430523753166,0.9365928769111633,0.9368538243603829,0.01959504559636116,0.023096218705177307,0.0
shield_z0.8m,src/recordings/recoding_20260807_3.tar.xz::shield_z0.8m,32,1.0666666666666667,0,visible,1,324.0,439.0,0.003024431563615524,0.9380265444791768,0.9380314202273973,0.024433640927555796,0.9380265444791768,0.9383447132885236,4994.5,17,72,86,0.8372093023255814,0.8066052971576227,0.9081734703154832,True,True,accepted,0.022763598710298538,0.9373627305030823,0.0016700420528650284,0.0006638169288635254,0.001255619339644909,0.0,0.001255619339644909,0.0025721914134919643,1,0,0.02323659136891365,0.9375507235527039,0.9378386313287828,0.021951770409941673,0.02403298206627369,0.0
shield_z0.8m,src/recordings/recoding_20260807_3.tar.xz::shield_z0.8m,33,1.1,0,visible,1,323.5,439.0,4.664886492522936e-05,0.9358448011098895,0.9358448022725377,0.02262407590573056,0.9358448011098895,0.936118230019583,5003.0,18,72,88,0.8181818181818182,0.789614898989899,0.9000629666276874,True,True,accepted,0.023968316614627838,0.9383518099784851,-0.001344241201877594,-0.002507030963897705,0.001255601178854704,0.0,0.001255601178854704,0.006444871891289949,1,0,0.023587610572576523,0.9376417994499207,0.937938441182687,0.020054878666996956,0.020495248958468437,0.0
shield_z0.8m,src/recordings/recoding_20260807_3.tar.xz::shield_z0.8m,34,1.1333333333333333,0,visible,1,323.5,439.0,-0.00015966844059602187,0.9341226137758705,0.9341226274218364,0.0224986992019057,0.9341226137758705,0.9343935193660334,5008.5,18,72,88,0.8181818181818182,0.7904829545454546,0.9093962778029959,True,True,accepted,0.024256106466054916,0.9383249878883362,-0.0017574075609445572,-0.004202365875244141,0.0012555884895846248,0.0,0.0012555884895846248,0.01652481034398079,1,0,0.023758400231599808,0.937134861946106,0.9374359770439323,0.017575010657310486,0.014565314166247845,0.0
shield_z0.8m,src/recordings/recoding_20260807_3.tar.xz::shield_z0.8m,35,1.1666666666666667,0,visible,1,323.0,439.0,-0.0031931761811987286,0.9347206025823103,0.9347260568027198,0.020655270699468264,0.9347206025823103,0.934948792768623,5076.0,18,71,88,0.8068181818181818,0.8124199743918054,0.9092700403045231,True,True,accepted,0.02434423379600048,0.9376204013824463,-0.0036889631301164627,-0.0028998255729675293,0.0012555799912661314,0.0,0.0012555799912661314,0.01753566972911358,1,0,0.02329952083528042,0.936799168586731,0.9370888698175558,0.012369590811431408,0.010473430156707764,0.0
shield_z0.8m,src/recordings/recoding_20260807_3.tar.xz::shield_z0.8m,36,1.2,0,visible,1,315.0,439.0,-0.050729631101804645,0.9409197001327227,0.9422862503345669,-0.008232097785725246,0.9409197001327227,0.9409557107174634,4965.5,17,72,86,0.8372093023255814,0.801921834625323,0.9043802932337675,True,True,accepted,0.02371183969080448,0.9371482729911804,-0.03194393962621689,0.0037714242935180664,0.0012555747525766492,0.0,0.0012555747525766492,0.8240361213684082,1,0,0.014665419235825539,0.9382163286209106,0.9383309404534538,-0.032705649733543396,0.015795186161994934,0.0
shield_z0.8m,src/recordings/recoding_20260807_3.tar.xz::shield_z0.8m,37,1.2333333333333334,0,visible,1,322.5,440.5,-0.006198925605171745,0.9219003253764617,0.921921166156784,0.01882871061354085,0.9219003253764617,0.9220925822674176,5020.0,18,72,88,0.8181818181818182,0.7922979797979798,0.8961085326669047,True,True,accepted,0.013575230725109577,0.9387428164482117,0.005253479816019535,-0.01684248447418213,0.0012555716093629599,0.0,0.0012555716093629599,0.24790968000888824,1,0,0.015062990598380566,0.9339731335639954,0.9340945925895918,-0.025292610749602318,-0.007970776408910751,0.0
shield_z0.8m,src/recordings/recoding_20260807_3.tar.xz::shield_z0.8m,38,1.2666666666666666,0,visible,1,323.0,440.0,-0.0031931761811987286,0.9271262111253812,0.9271317100228149,0.020655270699468264,0.9271262111253812,0.9273562700296867,4968.5,18,72,88,0.8181818181818182,0.7841698232323232,0.8882631625994458,True,True,accepted,0.014219903387129307,0.9337074160575867,0.006435367278754711,-0.0065811872482299805,0.0012555699795484543,0.0,0.0012555699795484543,0.06748009473085403,1,0,0.01604236103594303,0.931843638420105,0.9319817186037648,-0.01621183566749096,-0.017257314175367355,0.0
shield_z0.8m,src/recordings/recoding_20260807_3.tar.xz::shield_z0.8m,39,1.3,0,visible,1,322.5,439.0,-0.005911064587175208,0.9386415953464285,0.93866020752935,0.01900364051340985,0.9386415953464285,0.9388339485059386,4981.5,18,74,86,0.8604651162790697,0.7827624135763671,0.8926619478541349,True,True,accepted,0.015501966699957848,0.9312683939933777,0.00350167416036129,0.007373213768005371,0.0012555691646412015,0.0,0.0012555691646412015,0.05306438356637955,1,0,0.016493618488311768,0.9333564639091492,0.9335021843422912,-0.011270711198449135,-0.006853156723082066,0.0
shield_z0.8m,src/recordings/recoding_20260807_3.tar.xz::shield_z0.8m,40,1.3333333333333333,0,visible,1,323.5,440.0,-0.00015966844059602187,0.9259570496719814,0.9259570634382845,0.0224986992019057,0.9259570496719814,0.926230343544746,5034.5,18,71,88,0.8068181818181818,0.8057778489116517,0.902644554011654,True,True,accepted,0.01611792854964733,0.9331279993057251,0.006380770355463028,-0.007170975208282471,0.001255568815395236,0.0,0.001255568815395236,0.07338276505470276,1,0,0.017924921587109566,0.9310972094535828,0.931269733356643,-0.0022669564932584763,-0.016971951350569725,0.0
shield_z0.8m,src/recordings/recoding_20260807_3.tar.xz::shield_z0.8m,41,1.3666666666666667,0,visible,1,320.0,441.0,-0.02080921831395849,0.9181263900002798,0.9183621788715953,0.009950200218515391,0.9181263900002798,0.9181803060942522,4939.0,19,72,88,0.8181818181818182,0.7795138888888888,0.8910337362439112,True,True,accepted,0.017849355936050415,0.9305315017700195,-0.007899155840277672,-0.012405097484588623,0.001255568815395236,0.0,0.001255568815395236,0.17225906252861023,1,0,0.015612366609275341,0.9270184636116028,0.9271499220018081,-0.01341327466070652,-0.03447650000452995,0.0
shield_z0.8m,src/recordings/recoding_20260807_3.tar.xz::shield_z0.8m,42,1.4,0,visible,1,322.5,440.0,-0.006198925605171745,0.9269213977903406,0.9269421256800541,0.01882871061354085,0.9269213977903406,0.9271126134537094,4982.0,18,74,88,0.8409090909090909,0.76504914004914,0.8835683249091071,True,True,accepted,0.015165257267653942,0.9258692264556885,0.00366345327347517,0.0010522007942199707,0.001255568815395236,0.0,0.001255568815395236,0.011570863425731659,1,0,0.01620272360742092,0.9261671900749207,0.9263089075592292,-0.008243857882916927,-0.032991763204336166,0.0
shield_z0.8m,src/recordings/recoding_20260807_3.tar.xz::shield_z0.8m,43,1.4333333333333333,0,visible,1,324.0,439.0,0.002787680578400854,0.9361138780174006,0.9361180287654886,0.024289770019206586,0.9361138780174006,0.9364289538156981,4976.5,17,72,87,0.8275862068965517,0.7944604086845466,0.9047359330969912,True,True,accepted,0.015927927568554878,0.9250674843788147,0.00836184248328209,0.011046409606933594,0.001255568815395236,0.0,0.001255568815395236,0.15287379920482635,1,0,0.01829594559967518,0.9281957745552063,0.9283760754820891,0.0035553500056266785,-0.017404424026608467,0.0
shield_z0.8m,src/recordings/recoding_20260807_3.tar.xz::shield_z0.8m,44,1.4666666666666666,0,visible,1,323.5,440.5,-0.00036180600957636216,0.9211087124223571,0.9211087834799759,0.022375862476920867,0.9211087124223571,0.9213804530821992,5001.5,18,71,88,0.8068181818181818,0.8004961587708067,0.9062330132270339,True,True,accepted,0.018414456397294998,0.9276156425476074,0.003961406648159027,-0.006506919860839844,0.001255568815395236,0.0,0.001255568815395236,0.046220287680625916,1,0,0.019536301493644714,0.9257729053497314,0.9259790166929991,0.009145200252532959,-0.02658618986606598,0.0
shield_z0.8m,src/recordings/recoding_20260807_3.tar.xz::shield_z0.8m,45,1.5,0,visible,1,323.5,440.0,-0.00024582716220185276,0.9250425004739963,0.9250425331378969,0.02244634151676915,0.9250425004739963,0.9253147928843842,4956.0,18,71,88,0.8068181818181818,0.793213828425096,0.9050401753104456,True,True,accepted,0.019841141998767853,0.9248867034912109,0.0026051998138427734,0.0001558065414428711,0.001255568815395236,0.0,0.001255568815395236,0.005424904637038708,1,0,0.020578917115926743,0.9249308109283447,0.925159714230051,0.012821336276829243,-0.026366334408521652,0.0
shield_z0.8m,src/recordings/recoding_20260807_3.tar.xz::shield_z0.8m,46,1.5333333333333334,0,visible,1,323.5,439.0,4.664886492522936e-05,0.93687315293143,0.9368731540928021,0.02262407590573056,0.93687315293143,0.9371462818014415,4941.0,18,70,88,0.7954545454545454,0.8021103896103896,0.9057745187901008,True,True,accepted,0.021006295457482338,0.9240519404411316,0.0016177799552679062,0.012821197509765625,0.0012555686989799142,0.0,0.0012555686989799142,0.1330077052116394,1,0,0.02146443910896778,0.9276828169822693,0.9279311025450225,0.015104146674275398,-0.008274651132524014,0.0
shield_z0.8m,src/recordings/recoding_20260807_3.tar.xz::shield_z0.8m,47,1.5666666666666667,0,visible,1,323.0,440.0,-0.0031931761811987286,0.927283223706989,0.9272887216733254,0.020655270699468264,0.927283223706989,0.9275132436661453,4900.0,18,72,88,0.8181818181818182,0.7733585858585859,0.8864767073722297,True,True,accepted,0.02196791023015976,0.9274069666862488,-0.0013126395642757416,-0.00012373924255371094,0.0012555685825645924,0.0,0.0012555685825645924,0.0013844993663951755,1,0,0.021596180275082588,0.9273719191551208,0.9276233456742699,0.013251912780106068,-0.008449256420135498,0.0
shield_z0.8m,src/recordings/recoding_20260807_3.tar.xz::shield_z0.8m,48,1.6,0,visible,1,322.0,439.0,-0.009005924040734149,0.9355757242023784,0.9356190690578257,0.017122929265712496,0.9355757242023784,0.9357324032133565,4903.5,19,72,88,0.8181818181818182,0.7739109848484849,0.8953711311969323,True,True,accepted,0.022037910297513008,0.9270902872085571,-0.004914980381727219,0.00848543643951416,0.0012555685825645924,0.0,0.0012555685825645924,0.07658654451370239,1,0,0.020646020770072937,0.9294933080673218,0.9297225757803085,0.006316506769508123,0.0035243306774646044,0.0
shield_z0.8m,src/recordings/recoding_20260807_3.tar.xz::shield_z0.8m,49,1.6333333333333333,0,visible,1,324.5,439.0,0.005471186027578464,0.9341226137758705,0.934138636094243,0.02592050606950502,0.9341226137758705,0.9344821722228644,4933.5,18,72,88,0.8181818181818182,0.7786458333333334,0.9043167445697003,True,True,accepted,0.020856570452451706,0.9296107888221741,0.005063936114311218,0.004511833190917969,0.0012555684661492705,0.0,0.0012555684661492705,0.03663686290383339,1,0,0.02229064330458641,0.9308885335922241,0.9311553762677922,0.013462099246680737,0.009890864603221416,0.0
shield_z0.8m,src/recordings/recoding_20260807_3.tar.xz::shield_z0.8m,50,1.6666666666666667,0,visible,1,323.0,439.0,-0.0029311338337650655,0.9384446082281166,0.938449185762327,0.020814510883905325,0.9384446082281166,0.9386754106589559,4923.5,17,70,86,0.813953488372093,0.8178571428571428,0.9197646179712311,True,True,accepted,0.022739380598068237,0.9312182068824768,-0.0019248705357313156,0.007226407527923584,0.0012555683497339487,0.0,0.0012555683497339487,0.044542450457811356,1,0,0.0221942700445652,0.9332646727561951,0.9335285400230349,0.010745963081717491,0.020087864249944687,0.0
shield_z0.8m,src/recordings/recoding_20260807_3.tar.xz::shield_z0.8m,51,1.7,0,visible,1,323.0,439.0,-0.0031070174595928977,0.9361138780174006,0.9361190341907759,0.020707628384604816,0.9361138780174006,0.9363428851067817,4900.0,19,73,88,0.8295454545454546,0.7627646326276464,0.8854354897000362,True,True,accepted,0.02255246974527836,0.9339342713356018,-0.0018448419868946075,0.0021796226501464844,0.0012555683497339487,0.0,0.0012555683497339487,0.006494427099823952,1,0,0.022030023857951164,0.9345515370368958,0.9348111559717323,0.008142754435539246,0.02316347323358059,0.0
shield_z0.8m,src/recordings/recoding_20260807_3.tar.xz::shield_z0.8m,52,1.7333333333333334,0,visible,1,323.5,439.0,-4.129294798868675e-05,0.9341226137758705,0.9341226146885492,0.022570634656080304,0.9341226137758705,0.9343952542239512,4831.5,18,72,88,0.8181818181818182,0.7625473484848485,0.8957174638487208,True,True,accepted,0.0223014485090971,0.9353236556053162,0.00026918575167655945,-0.001201033592224121,0.0012555683497339487,0.0,0.0012555683497339487,0.0012065792689099908,1,0,0.022377680987119675,0.9349835515022278,0.935251304295311,0.008522595278918743,0.02146872505545616,0.0
shield_z0.8m,src/recordings/recoding_20260807_3.tar.xz::shield_z0.8m,53,1.7666666666666666,0,visible,1,323.5,439.5,-4.129294798868675e-05,0.9311784041389155,0.9311784050544799,0.022570634656080304,0.9311784041389155,0.9314519063717008,4855.0,18,70,88,0.7954545454545454,0.7881493506493507,0.9070527790751985,True,True,accepted,0.022661767899990082,0.9356991648674011,-9.113363921642303e-05,-0.004520773887634277,0.0012555683497339487,0.0,0.0012555683497339487,0.016284020617604256,1,0,0.022635959088802338,0.9344189167022705,0.9346930504368344,0.008393999189138412,0.015089577995240688,0.0
shield_z0.8m,src/recordings/recoding_20260807_3.tar.xz::shield_z0.8m,54,1.8,0,visible,1,324.0,439.0,0.003024431563615524,0.9350136196787561,0.9350185111381766,0.024433640927555796,0.9350136196787561,0.9353328133844906,4919.0,17,72,88,0.8181818181818182,0.7763573232323232,0.9062269712601326,True,True,accepted,0.022915758192539215,0.93492192029953,0.0015178825706243515,9.167194366455078e-05,0.0012555683497339487,0.0,0.0012555683497339487,0.0018416928360238671,1,0,0.02334561198949814,0.9349479079246521,0.9352393320064377,0.010535843670368195,0.015218934044241905,0.0
shield_z0.8m,src/recordings/recoding_20260807_3.tar.xz::shield_z0.8m,55,1.8333333333333333,0,visible,1,323.0,439.0,-0.0029311338337650655,0.9361138780174006,0.9361184669486701,0.020814510883905325,0.9361138780174006,0.9363452549567991,4873.5,19,76,88,0.8636363636363636,0.7286931818181818,0.8679430097951915,True,True,accepted,0.02369680628180504,0.9354552030563354,-0.0028822962194681168,0.0006586909294128418,0.0012555683497339487,0.0,0.0012555683497339487,0.006962189916521311,1,0,0.022880559787154198,0.9356417655944824,0.9359214889834158,0.006468710023909807,0.016148395836353302,0.0
shield_z0.8m,src/recordings/recoding_20260807_3.tar.xz::shield_z0.8m,56,1.8666666666666667,0,visible,1,324.5,439.0,0.006000062161943447,0.9378054801650598,0.9378246741121528,0.02624189814221937,0.9378054801650598,0.9381725618700032,4898.0,18,70,86,0.813953488372093,0.8136212624584718,0.9188631460463371,True,True,accepted,0.023096183314919472,0.936180055141449,0.003145715221762657,0.0016254186630249023,0.0012555683497339487,0.0,0.0012555683497339487,0.009985526092350483,1,0,0.023987028747797012,0.9366403818130493,0.9369474811274335,0.010907547548413277,0.018441982567310333,0.0
shield_z0.8m,src/recordings/recoding_20260807_3.tar.xz::shield_z0.8m,57,1.9,0,visible,1,324.0,439.0,0.003024431563615524,0.9380265444791768,0.9380314202273973,0.024433640927555796,0.9380265444791768,0.9383447132885236,4929.5,17,70,86,0.813953488372093,0.8188538205980066,0.9183977643223102,True,True,accepted,0.024350613355636597,0.9372551441192627,8.302740752696991e-05,0.0007714033126831055,0.0012555683497339487,0.0,0.0012555683497339487,0.000479429611004889,1,0,0.02437412552535534,0.9374735951423645,0.9377904028002609,0.01102470513433218,0.019530490040779114,0.0
shield_z0.8m,src/recordings/recoding_20260807_3.tar.xz::shield_z0.8m,58,1.9333333333333333,0,visible,1,320.0,439.5,-0.020812774533232267,0.932148536382456,0.9323808585893031,0.009948039144098982,0.932148536382456,0.9322016184081464,4921.5,18,72,88,0.8181818181818182,0.7767518939393939,0.8962848297213623,True,True,accepted,0.02474161610007286,0.9381245970726013,-0.014793576672673225,-0.005976080894470215,0.0012555683497339487,0.0,0.0012555683497339487,0.20274758338928223,1,0,0.020552176982164383,0.9364321827888489,0.9366576882412242,-0.009850128553807735,0.011097796261310577,0.0
shield_z0.8m,src/recordings/recoding_20260807_3.tar.xz::shield_z0.8m,59,1.9666666666666666,0,visible,1,324.0,439.0,0.003024431563615524,0.9380265444791768,0.9380314202273973,0.024433640927555796,0.9380265444791768,0.9383447132885236,4898.0,17,70,86,0.813953488372093,0.8136212624584718,0.9101551612004088,True,True,accepted,0.020223839208483696,0.936802089214325,0.004209801554679871,0.0012244582176208496,0.0012555683497339487,0.0,0.0012555683497339487,0.015309182927012444,1,0,0.02141602523624897,0.9371488690376282,0.9373935400222391,-0.003909786231815815,0.012825598008930683,0.0
shield_z0.8m,src/recordings/recoding_20260807_3.tar.xz::shield_z0.8m,60,2.0,0,visible,1,313.0,439.0,-0.06272172407592302,0.9412959598046738,0.9433833253856347,-0.015519557677941422,0.9412959598046738,0.9414238899747133,4850.5,17,70,86,0.813953488372093,0.8057308970099668,0.9066355140186916,True,True,accepted,0.02128569968044758,0.937576413154602,-0.03680525720119476,0.0037195682525634766,0.0012555683497339487,0.0,0.0012555683497339487,1.0899145603179932,1,0,0.010862703435122967,0.9386297464370728,0.9386926010267914,-0.055844735354185104,0.01807418465614319,0.0
shield_z0.8m,src/recordings/recoding_20260807_3.tar.xz::shield_z0.8m,61,2.033333333333333,1,partial_occlusion,1,314.5,439.0,-0.05372659886417459,0.9412079794794952,0.9427401593553686,-0.01005332135476128,0.9412079794794952,0.941261669200513,4784.0,18,68,86,0.7906976744186046,0.8180574555403557,0.9076076645797762,True,True,accepted,0.009001212194561958,0.9392322301864624,-0.019054533913731575,0.0019757747650146484,0.0012555683497339487,0.0,0.0012555683497339487,0.2922811210155487,1,0,0.003605098929256201,0.939791738986969,0.9397986536521751,-0.08273209631443024,0.020862149074673653,0.0
shield_z0.8m,src/recordings/recoding_20260807_3.tar.xz::shield_z0.8m,62,2.066666666666667,1,partial_occlusion,1,322.0,439.0,-0.00889099534058535,0.9388385824647405,0.9388806813022353,0.017192770142914374,0.9388385824647405,0.9389959932127455,4475.5,21,68,86,0.7906976744186046,0.7653043775649795,0.855327281414238,True,True,accepted,0.0008473622146993876,0.9404871463775635,0.01634540781378746,-0.001648545265197754,0.0012555683497339487,0.0,0.0012555683497339487,0.21495448052883148,1,0,0.005476269405335188,0.9400202631950378,0.9400362145916868,-0.05966751277446747,0.018535928800702095,0.0
shield_z0.8m,src/recordings/recoding_20260807_3.tar.xz::shield_z0.8m,63,2.1,1,partial_occlusion,1,311.0,439.0,-0.07473067109424189,0.941615978800184,0.9445767966311814,-0.022817259583073755,0.941615978800184,0.9418923924030335,3691.5,25,68,86,0.7906976744186046,0.6312414500683995,0.7091537796561329,True,True,accepted,0.003487352281808853,0.9406381249427795,-0.026304611936211586,0.0009778738021850586,0.0012555683497339487,0.0,0.0012555683497339487,0.5518527626991272,1,0,-0.003961933311074972,0.940915048122406,0.9409233893887169,-0.09678526967763901,0.019915781915187836,0.0
shield_z0.8m,src/recordings/recoding_20260807_3.tar.xz::shield_z0.8m,64,2.1333333333333333,1,partial_occlusion,1,309.5,439.0,-0.08374892412364858,0.941536026043057,0.9452533896415398,-0.02829755042066958,0.941536026043057,0.9419611667668484,3166.5,20,63,86,0.7325581395348837,0.5844407530454042,0.6941795462019072,True,True,accepted,-0.007188109215348959,0.9415789246559143,-0.02110944129526615,-4.291534423828125e-05,0.0012555683497339487,0.0,0.0012555683497339487,0.3549072742462158,1,0,-0.013166158460080624,0.9415667653083801,0.9416588136166316,-0.12657225131988525,0.019855225458741188,0.0
shield_z0.8m,src/recordings/recoding_20260807_3.tar.xz::shield_z0.8m,65,2.1666666666666665,1,partial_occlusion,1,313.0,439.0,-0.06272172407592302,0.941677501595313,0.943764023303414,-0.015519557677941422,0.941677501595313,0.9418053799386101,2763.5,19,58,86,0.6744186046511628,0.5540296712109062,0.6581328887830435,True,True,accepted,-0.01738523319363594,0.9422286152839661,0.0018656756728887558,-0.0005511045455932617,0.0012555683497339487,0.0,0.0012555683497339487,0.0030141426250338554,1,0,-0.016856886446475983,0.9420725703239441,0.942223371805981,-0.123939648270607,0.01907757669687271,0.0
shield_z0.8m,src/recordings/recoding_20260807_3.tar.xz::shield_z0.8m,66,2.2,1,partial_occlusion,1,305.0,439.0,-0.11181212060454628,0.9418236523837604,0.9484375269376323,-0.04535123898390047,0.9418236523837604,0.9429149097701559,2575.0,19,55,86,0.6395348837209303,0.5443974630021141,0.6374551305854685,True,True,accepted,-0.020988209173083305,0.9427084922790527,-0.02436303161084652,-0.0008848309516906738,0.0012555683497339487,0.0,0.0012555683497339487,0.4733634889125824,1,0,-0.027887651696801186,0.942457914352417,0.9428704266455014,-0.1583177000284195,0.017829013988375664,0.0
shield_z0.8m,src/recordings/recoding_20260807_3.tar.xz::shield_z0.8m,67,2.2333333333333334,1,partial_occlusion,1,325.5,439.0,0.011949167226682673,0.9382355763536467,0.9383116642848851,0.02985710231445474,0.9382355763536467,0.9387105215636371,2154.0,18,49,86,0.5697674418604651,0.5111532985287138,0.6517397881996975,True,True,accepted,-0.03316490724682808,0.9430522322654724,0.06302201002836227,-0.004816651344299316,0.0012555683497339487,0.0,0.0012555683497339487,3.18180513381958,1,0,-0.015317506156861782,0.9416881799697876,0.9418127490587906,-0.0693889707326889,0.011032361537218094,0.0
shield_z0.8m,src/recordings/recoding_20260807_3.tar.xz::shield_z0.8m,68,2.2666666666666666,1,partial_occlusion,1,325.0,437.0,0.00958956648525955,0.9619409660540922,0.9619887639460533,0.028423199508507833,0.9619409660540922,0.9623607953586745,1672.5,17,42,84,0.5,0.47406462585034015,0.6014023732470335,True,True,accepted,-0.017630472779273987,0.9420559406280518,0.04605367034673691,0.019885003566741943,0.0012555683497339487,0.0,0.0012555683497339487,2.004155397415161,1,0,-0.004588389303535223,0.9476872086524963,0.9476983163222149,-0.00440382631495595,0.039091575890779495,0.0
shield_z0.8m,src/recordings/recoding_20260807_3.tar.xz::shield_z0.8m,69,2.3,1,partial_occlusion,1,328.5,437.0,0.03133751797485661,0.9650662212491734,0.965574881316298,0.04163918478817108,0.9650662212491734,0.9659640951432833,1220.5,16,34,85,0.4,0.422318339100346,0.5104558762024257,True,True,accepted,-0.00473518343642354,0.9489902853965759,0.0463743694126606,0.01607590913772583,0.0012555683497339487,0.0,0.0012555683497339487,1.9186666011810303,1,0,0.008397719822824001,0.9535428881645203,0.9535798662237776,0.06103384867310524,0.061775874346494675,0.0
shield_z0.8m,src/recordings/recoding_20260807_3.tar.xz::shield_z0.8m,70,2.3333333333333335,1,fully_occluded,0,,,,,,,,,,,,,,,,False,False,no_detection,0.010432181879878044,0.9556021094322205,,,,,,,1,1,0.010432181879878044,0.9556021094322205,0.9556590511108469,0.06103384867310524,0.061775874346494675,0.03333333333333366
shield_z0.8m,src/recordings/recoding_20260807_3.tar.xz::shield_z0.8m,71,2.3666666666666667,1,fully_occluded,0,,,,,,,,,,,,,,,,False,False,no_detection,0.012466643936932087,0.9576613306999207,,,,,,,1,1,0.012466643936932087,0.9576613306999207,0.9577424714029305,0.06103384867310524,0.061775874346494675,0.06666666666666687
shield_z0.8m,src/recordings/recoding_20260807_3.tar.xz::shield_z0.8m,72,2.4,1,fully_occluded,0,,,,,,,,,,,,,,,,False,False,no_detection,0.01450110599398613,0.9597205519676208,,,,,,,1,1,0.01450110599398613,0.9597205519676208,0.9598300995197451,0.06103384867310524,0.061775874346494675,0.10000000000000009
shield_z0.8m,src/recordings/recoding_20260807_3.tar.xz::shield_z0.8m,73,2.433333333333333,1,fully_occluded,0,,,,,,,,,,,,,,,,False,False,no_detection,0.016535567119717598,0.961779773235321,,,,,,,1,1,0.016535567119717598,0.961779773235321,0.9619219080489623,0.06103384867310524,0.061775874346494675,0.1333333333333333
shield_z0.8m,src/recordings/recoding_20260807_3.tar.xz::shield_z0.8m,74,2.466666666666667,1,fully_occluded,0,,,,,,,,,,,,,,,,False,False,no_detection,0.018570028245449066,0.9638389945030212,,,,,,,1,1,0.018570028245449066,0.9638389945030212,0.9640178697895759,0.06103384867310524,0.061775874346494675,0.16666666666666696
shield_z0.8m,src/recordings/recoding_20260807_3.tar.xz::shield_z0.8m,75,2.5,1,fully_occluded,0,,,,,,,,,,,,,,,,False,False,no_detection,0.020604489371180534,0.9658982157707214,,,,,,,1,1,0.020604489371180534,0.9658982157707214,0.966117957710812,0.06103384867310524,0.061775874346494675,0.20000000000000018
shield_z0.8m,src/recordings/recoding_20260807_3.tar.xz::shield_z0.8m,76,2.533333333333333,1,fully_occluded,0,,,,,,,,,,,,,,,,False,False,no_detection,0.022638950496912003,0.9679574370384216,,,,,,,1,1,0.022638950496912003,0.9679574370384216,0.9682221449634333,0.06103384867310524,0.061775874346494675,0.2333333333333334
shield_z0.8m,src/recordings/recoding_20260807_3.tar.xz::shield_z0.8m,77,2.566666666666667,1,fully_occluded,0,,,,,,,,,,,,,,,,False,False,track_expired,0.02467341162264347,0.9700166583061218,,,,,,,0,,,,,,,
shield_z0.8m,src/recordings/recoding_20260807_3.tar.xz::shield_z0.8m,78,2.6,1,fully_occluded,0,,,,,,,,,,,,,,,,False,False,no_detection,,,,,,,,,0,,,,,,,
shield_z0.8m,src/recordings/recoding_20260807_3.tar.xz::shield_z0.8m,79,2.6333333333333333,1,fully_occluded,0,,,,,,,,,,,,,,,,False,False,no_detection,,,,,,,,,0,,,,,,,
shield_z0.8m,src/recordings/recoding_20260807_3.tar.xz::shield_z0.8m,80,2.6666666666666665,1,fully_occluded,0,,,,,,,,,,,,,,,,False,False,no_detection,,,,,,,,,0,,,,,,,
shield_z0.8m,src/recordings/recoding_20260807_3.tar.xz::shield_z0.8m,81,2.7,1,fully_occluded,0,,,,,,,,,,,,,,,,False,False,no_detection,,,,,,,,,0,,,,,,,
shield_z0.8m,src/recordings/recoding_20260807_3.tar.xz::shield_z0.8m,82,2.7333333333333334,1,fully_occluded,0,,,,,,,,,,,,,,,,False,False,no_detection,,,,,,,,,0,,,,,,,
shield_z0.8m,src/recordings/recoding_20260807_3.tar.xz::shield_z0.8m,83,2.7666666666666666,1,fully_occluded,0,,,,,,,,,,,,,,,,False,False,no_detection,,,,,,,,,0,,,,,,,
shield_z0.8m,src/recordings/recoding_20260807_3.tar.xz::shield_z0.8m,84,2.8,1,fully_occluded,0,,,,,,,,,,,,,,,,False,False,no_detection,,,,,,,,,0,,,,,,,
shield_z0.8m,src/recordings/recoding_20260807_3.tar.xz::shield_z0.8m,85,2.8333333333333335,1,fully_occluded,0,,,,,,,,,,,,,,,,False,False,no_detection,,,,,,,,,0,,,,,,,
shield_z0.8m,src/recordings/recoding_20260807_3.tar.xz::shield_z0.8m,86,2.8666666666666667,1,fully_occluded,0,,,,,,,,,,,,,,,,False,False,no_detection,,,,,,,,,0,,,,,,,
shield_z0.8m,src/recordings/recoding_20260807_3.tar.xz::shield_z0.8m,87,2.9,1,fully_occluded,0,,,,,,,,,,,,,,,,False,False,no_detection,,,,,,,,,0,,,,,,,
shield_z0.8m,src/recordings/recoding_20260807_3.tar.xz::shield_z0.8m,88,2.933333333333333,1,fully_occluded,0,,,,,,,,,,,,,,,,False,False,no_detection,,,,,,,,,0,,,,,,,
shield_z0.8m,src/recordings/recoding_20260807_3.tar.xz::shield_z0.8m,89,2.966666666666667,1,fully_occluded,0,,,,,,,,,,,,,,,,False,False,no_detection,,,,,,,,,0,,,,,,,
shield_z0.8m,src/recordings/recoding_20260807_3.tar.xz::shield_z0.8m,90,3.0,1,fully_occluded,0,,,,,,,,,,,,,,,,False,False,no_detection,,,,,,,,,0,,,,,,,
shield_z0.8m,src/recordings/recoding_20260807_3.tar.xz::shield_z0.8m,91,3.033333333333333,1,fully_occluded,0,,,,,,,,,,,,,,,,False,False,no_detection,,,,,,,,,0,,,,,,,
shield_z0.8m,src/recordings/recoding_20260807_3.tar.xz::shield_z0.8m,92,3.066666666666667,1,fully_occluded,0,,,,,,,,,,,,,,,,False,False,no_detection,,,,,,,,,0,,,,,,,
shield_z0.8m,src/recordings/recoding_20260807_3.tar.xz::shield_z0.8m,93,3.1,1,fully_occluded,0,,,,,,,,,,,,,,,,False,False,no_detection,,,,,,,,,0,,,,,,,
shield_z0.8m,src/recordings/recoding_20260807_3.tar.xz::shield_z0.8m,94,3.1333333333333333,1,fully_occluded,0,,,,,,,,,,,,,,,,False,False,no_detection,,,,,,,,,0,,,,,,,
shield_z0.8m,src/recordings/recoding_20260807_3.tar.xz::shield_z0.8m,95,3.1666666666666665,1,fully_occluded,0,,,,,,,,,,,,,,,,False,False,no_detection,,,,,,,,,0,,,,,,,
shield_z0.8m,src/recordings/recoding_20260807_3.tar.xz::shield_z0.8m,96,3.2,1,fully_occluded,0,,,,,,,,,,,,,,,,False,False,no_detection,,,,,,,,,0,,,,,,,
shield_z0.8m,src/recordings/recoding_20260807_3.tar.xz::shield_z0.8m,97,3.2333333333333334,1,fully_occluded,0,,,,,,,,,,,,,,,,False,False,no_detection,,,,,,,,,0,,,,,,,
shield_z0.8m,src/recordings/recoding_20260807_3.tar.xz::shield_z0.8m,98,3.2666666666666666,1,fully_occluded,0,,,,,,,,,,,,,,,,False,False,no_detection,,,,,,,,,0,,,,,,,
shield_z0.8m,src/recordings/recoding_20260807_3.tar.xz::shield_z0.8m,99,3.3,1,fully_occluded,0,,,,,,,,,,,,,,,,False,False,no_detection,,,,,,,,,0,,,,,,,
shield_z0.8m,src/recordings/recoding_20260807_3.tar.xz::shield_z0.8m,100,3.3333333333333335,1,fully_occluded,0,,,,,,,,,,,,,,,,False,False,no_detection,,,,,,,,,0,,,,,,,
shield_z0.8m,src/recordings/recoding_20260807_3.tar.xz::shield_z0.8m,101,3.3666666666666667,1,fully_occluded,0,,,,,,,,,,,,,,,,False,False,no_detection,,,,,,,,,0,,,,,,,
shield_z0.8m,src/recordings/recoding_20260807_3.tar.xz::shield_z0.8m,102,3.4,1,fully_occluded,0,,,,,,,,,,,,,,,,False,False,no_detection,,,,,,,,,0,,,,,,,
shield_z0.8m,src/recordings/recoding_20260807_3.tar.xz::shield_z0.8m,103,3.433333333333333,1,fully_occluded,0,,,,,,,,,,,,,,,,False,False,no_detection,,,,,,,,,0,,,,,,,
shield_z0.8m,src/recordings/recoding_20260807_3.tar.xz::shield_z0.8m,104,3.466666666666667,1,fully_occluded,0,,,,,,,,,,,,,,,,False,False,no_detection,,,,,,,,,0,,,,,,,
shield_z0.8m,src/recordings/recoding_20260807_3.tar.xz::shield_z0.8m,105,3.5,1,fully_occluded,0,,,,,,,,,,,,,,,,False,False,no_detection,,,,,,,,,0,,,,,,,
shield_z0.8m,src/recordings/recoding_20260807_3.tar.xz::shield_z0.8m,106,3.533333333333333,1,fully_occluded,0,,,,,,,,,,,,,,,,False,False,no_detection,,,,,,,,,0,,,,,,,
shield_z0.8m,src/recordings/recoding_20260807_3.tar.xz::shield_z0.8m,107,3.566666666666667,1,fully_occluded,0,,,,,,,,,,,,,,,,False,False,no_detection,,,,,,,,,0,,,,,,,
shield_z0.8m,src/recordings/recoding_20260807_3.tar.xz::shield_z0.8m,108,3.6,1,fully_occluded,0,,,,,,,,,,,,,,,,False,False,no_detection,,,,,,,,,0,,,,,,,
shield_z0.8m,src/recordings/recoding_20260807_3.tar.xz::shield_z0.8m,109,3.6333333333333333,1,fully_occluded,0,,,,,,,,,,,,,,,,False,False,no_detection,,,,,,,,,0,,,,,,,
shield_z0.8m,src/recordings/recoding_20260807_3.tar.xz::shield_z0.8m,110,3.6666666666666665,1,fully_occluded,0,,,,,,,,,,,,,,,,False,False,no_detection,,,,,,,,,0,,,,,,,
shield_z0.8m,src/recordings/recoding_20260807_3.tar.xz::shield_z0.8m,111,3.7,1,fully_occluded,0,,,,,,,,,,,,,,,,False,False,no_detection,,,,,,,,,0,,,,,,,
shield_z0.8m,src/recordings/recoding_20260807_3.tar.xz::shield_z0.8m,112,3.7333333333333334,1,fully_occluded,0,,,,,,,,,,,,,,,,False,False,no_detection,,,,,,,,,0,,,,,,,
shield_z0.8m,src/recordings/recoding_20260807_3.tar.xz::shield_z0.8m,113,3.7666666666666666,1,fully_occluded,0,,,,,,,,,,,,,,,,False,False,no_detection,,,,,,,,,0,,,,,,,
shield_z0.8m,src/recordings/recoding_20260807_3.tar.xz::shield_z0.8m,114,3.8,1,fully_occluded,0,,,,,,,,,,,,,,,,False,False,no_detection,,,,,,,,,0,,,,,,,
shield_z0.8m,src/recordings/recoding_20260807_3.tar.xz::shield_z0.8m,115,3.8333333333333335,1,fully_occluded,0,,,,,,,,,,,,,,,,False,False,no_detection,,,,,,,,,0,,,,,,,
shield_z0.8m,src/recordings/recoding_20260807_3.tar.xz::shield_z0.8m,116,3.8666666666666667,1,fully_occluded,0,,,,,,,,,,,,,,,,False,False,no_detection,,,,,,,,,0,,,,,,,
shield_z0.8m,src/recordings/recoding_20260807_3.tar.xz::shield_z0.8m,117,3.9,1,fully_occluded,0,,,,,,,,,,,,,,,,False,False,no_detection,,,,,,,,,0,,,,,,,
shield_z0.8m,src/recordings/recoding_20260807_3.tar.xz::shield_z0.8m,118,3.933333333333333,1,fully_occluded,0,,,,,,,,,,,,,,,,False,False,no_detection,,,,,,,,,0,,,,,,,
shield_z0.8m,src/recordings/recoding_20260807_3.tar.xz::shield_z0.8m,119,3.966666666666667,1,fully_occluded,0,,,,,,,,,,,,,,,,False,False,no_detection,,,,,,,,,0,,,,,,,
shield_z0.8m,src/recordings/recoding_20260807_3.tar.xz::shield_z0.8m,120,4.0,1,fully_occluded,0,,,,,,,,,,,,,,,,False,False,no_detection,,,,,,,,,0,,,,,,,
shield_z0.8m,src/recordings/recoding_20260807_3.tar.xz::shield_z0.8m,121,4.033333333333333,1,fully_occluded,0,,,,,,,,,,,,,,,,False,False,no_detection,,,,,,,,,0,,,,,,,
shield_z0.8m,src/recordings/recoding_20260807_3.tar.xz::shield_z0.8m,122,4.066666666666666,1,fully_occluded,0,,,,,,,,,,,,,,,,False,False,no_detection,,,,,,,,,0,,,,,,,
shield_z0.8m,src/recordings/recoding_20260807_3.tar.xz::shield_z0.8m,123,4.1,1,fully_occluded,0,,,,,,,,,,,,,,,,False,False,no_detection,,,,,,,,,0,,,,,,,
shield_z0.8m,src/recordings/recoding_20260807_3.tar.xz::shield_z0.8m,124,4.133333333333334,1,fully_occluded,0,,,,,,,,,,,,,,,,False,False,no_detection,,,,,,,,,0,,,,,,,
shield_z0.8m,src/recordings/recoding_20260807_3.tar.xz::shield_z0.8m,125,4.166666666666667,1,fully_occluded,0,,,,,,,,,,,,,,,,False,False,no_detection,,,,,,,,,0,,,,,,,
shield_z0.8m,src/recordings/recoding_20260807_3.tar.xz::shield_z0.8m,126,4.2,1,fully_occluded,0,,,,,,,,,,,,,,,,False,False,no_detection,,,,,,,,,0,,,,,,,
shield_z0.8m,src/recordings/recoding_20260807_3.tar.xz::shield_z0.8m,127,4.233333333333333,1,fully_occluded,0,,,,,,,,,,,,,,,,False,False,no_detection,,,,,,,,,0,,,,,,,
shield_z0.8m,src/recordings/recoding_20260807_3.tar.xz::shield_z0.8m,128,4.266666666666667,1,fully_occluded,0,,,,,,,,,,,,,,,,False,False,no_detection,,,,,,,,,0,,,,,,,
shield_z0.8m,src/recordings/recoding_20260807_3.tar.xz::shield_z0.8m,129,4.3,1,fully_occluded,0,,,,,,,,,,,,,,,,False,False,no_detection,,,,,,,,,0,,,,,,,
shield_z0.8m,src/recordings/recoding_20260807_3.tar.xz::shield_z0.8m,130,4.333333333333333,1,fully_occluded,0,,,,,,,,,,,,,,,,False,False,no_detection,,,,,,,,,0,,,,,,,
shield_z0.8m,src/recordings/recoding_20260807_3.tar.xz::shield_z0.8m,131,4.366666666666666,1,fully_occluded,0,,,,,,,,,,,,,,,,False,False,no_detection,,,,,,,,,0,,,,,,,
shield_z0.8m,src/recordings/recoding_20260807_3.tar.xz::shield_z0.8m,132,4.4,1,fully_occluded,0,,,,,,,,,,,,,,,,False,False,no_detection,,,,,,,,,0,,,,,,,
shield_z0.8m,src/recordings/recoding_20260807_3.tar.xz::shield_z0.8m,133,4.433333333333334,1,reappearing,1,329.0,435.0,0.03442564700623312,0.9825030928673519,0.9831060231051939,0.043515806034079924,0.9825030928673519,0.983466294729366,799.0,15,34,84,0.40476190476190477,0.27976190476190477,0.4135610766045549,True,True,initialized,,,,,,,,,1,0,0.043515805155038834,0.9825031161308289,0.9834663179311635,0.0,0.0,0.0
shield_z0.8m,src/recordings/recoding_20260807_3.tar.xz::shield_z0.8m,134,4.466666666666667,1,reappearing,1,326.5,437.0,0.01869554230439833,0.9612015839639185,0.9613833825882375,0.033956798497832105,0.9612015839639185,0.9618012004457929,2021.5,18,48,86,0.5581395348837209,0.4897044573643411,0.60074294205052,True,True,accepted,0.043515805155038834,0.9825031161308289,-0.009559005498886108,-0.0213015079498291,0.0020784721709787846,0.0,0.0020784721709787846,0.2622738182544708,1,0,0.03809594735503197,0.9704253673553467,0.9711728449723236,-0.03851707652211189,-0.08583234250545502,0.0
shield_z0.8m,src/recordings/recoding_20260807_3.tar.xz::shield_z0.8m,135,4.5,1,reappearing,1,324.5,437.0,0.00655124236780897,0.9589691007135683,0.9589914780121624,0.026576844148083187,0.9589691007135683,0.9593373050018755,2485.5,18,52,86,0.6046511627906976,0.5557915921288015,0.6546819438956935,True,True,accepted,0.03681204468011856,0.9675642848014832,-0.010235199704766273,-0.008595168590545654,0.001895808964036405,0.0,0.001895808964036405,0.09422691911458969,1,0,0.03143581375479698,0.9630495309829712,0.9635624575049336,-0.09768810868263245,-0.13552214205265045,0.0
shield_z0.8m,src/recordings/recoding_20260807_3.tar.xz::shield_z0.8m,136,4.533333333333333,1,reappearing,1,323.5,437.0,0.0004723501708151618,0.9589691007135683,0.9589692170440477,0.022882769796732937,0.9589691007135683,0.9592420743883997,2802.0,18,64,86,0.7441860465116279,0.5090843023255814,0.613531858988395,True,True,accepted,0.02817954309284687,0.9585321545600891,-0.005296774208545685,0.00043696165084838867,0.0018957407446578145,0.0,0.0018957407446578145,0.01490011252462864,1,0,0.0253974050283432,0.9587616920471191,0.9590980191404989,-0.12704727053642273,-0.13310013711452484,0.0
shield_z0.8m,src/recordings/recoding_20260807_3.tar.xz::shield_z0.8m,137,4.566666666666666,1,reappearing,1,321.0,437.0,-0.01474392073064646,0.958665629865142,0.9587790011693211,0.013636013276180714,0.958665629865142,0.9587626039551176,3199.5,21,68,86,0.7906976744186046,0.5471101231190151,0.6316257032869411,True,True,accepted,0.021162495017051697,0.9543250203132629,-0.00752648152410984,0.0043405890464782715,0.0018194911535829306,0.0,0.0018194911535829306,0.04148887097835541,1,0,0.017358940094709396,0.9565185904502869,0.9566760928748117,-0.1619402915239334,-0.11297702044248581,0.0
shield_z0.8m,src/recordings/recoding_20260807_3.tar.xz::shield_z0.8m,138,4.6,1,reappearing,1,321.5,437.0,-0.01169887720652366,0.963441391762992,0.9635124177145329,0.01548645194439233,0.963441391762992,0.9635658491021966,3927.5,22,66,84,0.7857142857142857,0.7084235209235209,0.7822146982672774,True,True,accepted,0.011960930190980434,0.9527527093887329,0.003525521606206894,0.0106886625289917,0.0017065037973225117,0.0,0.0017065037973225117,0.07423177361488342,1,0,0.013627112843096256,0.957804262638092,0.9579011972704375,-0.14872059226036072,-0.07289760559797287,0.0
shield_z0.8m,src/recordings/recoding_20260807_3.tar.xz::shield_z0.8m,139,4.633333333333334,0,visible,1,323.5,439.0,4.664886492522936e-05,0.9382355763536467,0.9382355775133323,0.02262407590573056,0.9382355763536467,0.9385083087252067,4763.0,18,70,86,0.813953488372093,0.7911960132890365,0.8909465020576132,True,True,accepted,0.008669759146869183,0.9553743600845337,0.013954316265881062,-0.017138779163360596,0.0015999670140445232,0.0,0.0015999670140445232,0.3052942156791687,1,0,0.014774611219763756,0.9478763341903687,0.9479914736192866,-0.10611768811941147,-0.12522275745868683,0.0
shield_z0.8m,src/recordings/recoding_20260807_3.tar.xz::shield_z0.8m,140,4.666666666666667,0,visible,1,323.0,439.0,-0.0029311338337650655,0.9384446082281166,0.938449185762327,0.020814510883905325,0.9384446082281166,0.9386754106589559,4802.5,17,69,86,0.8023255813953488,0.8093191776204921,0.9094782691033046,True,True,accepted,0.011237354949116707,0.943702220916748,0.009577155113220215,-0.005257606506347656,0.0015127676306292415,0.0,0.0015127676306292415,0.07890459895133972,1,0,0.015116714872419834,0.9415725469589233,0.9416938867037674,-0.08178208768367767,-0.13858236372470856,0.0
shield_z0.8m,src/recordings/recoding_20260807_3.tar.xz::shield_z0.8m,141,4.7,0,visible,1,322.5,439.0,-0.005911064587175208,0.9386415953464285,0.93866020752935,0.01900364051340985,0.9386415953464285,0.9388339485059386,4803.5,18,69,86,0.8023255813953488,0.8094876980114594,0.9094954085013727,True,True,accepted,0.01239064522087574,0.9369531273841858,0.0066129956394433975,0.0016884803771972656,0.0014447893481701612,0.0,0.0014447893481701612,0.03224184364080429,1,0,0.014884218573570251,0.9375898241996765,0.9377079600842291,-0.06740585714578629,-0.13491171598434448,0.0
shield_z0.8m,src/recordings/recoding_20260807_3.tar.xz::shield_z0.8m,142,4.733333333333333,0,visible,1,316.5,439.0,-0.041747192574586575,0.9405706497461043,0.9414966676795348,-0.0027735710179062727,0.9405706497461043,0.9405747391143354,4894.5,18,71,86,0.8255813953488372,0.801588601375696,0.9056341937274494,True,True,accepted,0.012637356296181679,0.9330927729606628,-0.01541092712432146,0.007477879524230957,0.001392763340845704,0.0,0.001392763340845704,0.21067136526107788,1,0,0.007184928748756647,0.9357384443283081,0.9357660281262015,-0.09690792113542557,-0.12059636414051056,0.0
shield_z0.8m,src/recordings/recoding_20260807_3.tar.xz::shield_z0.8m,143,4.766666666666667,0,visible,1,322.5,439.0,-0.005911064587175208,0.9386415953464285,0.93866020752935,0.01900364051340985,0.9386415953464285,0.9388339485059386,4915.5,18,70,86,0.813953488372093,0.8165282392026578,0.9154483657696247,True,True,accepted,0.003954664338380098,0.9317185878753662,0.015048976987600327,0.006923019886016846,0.0013533530291169882,0.0,0.0013533530291169882,0.20275560021400452,1,0,0.008995845913887024,0.9340376853942871,0.9340810045067952,-0.07082287967205048,-0.10859639197587967,0.0
shield_z0.8m,src/recordings/recoding_20260807_3.tar.xz::shield_z0.8m,144,4.8,0,visible,1,317.5,439.0,-0.0357638494473817,0.9403096386213436,0.9409895161007358,0.0008624392394340138,0.9403096386213436,0.9403100341300435,4885.5,18,70,86,0.813953488372093,0.8115448504983389,0.9075794166821475,True,True,accepted,0.0066350833512842655,0.9304177761077881,-0.005772644188255072,0.009891867637634277,0.0013238159008324146,0.0,0.0013238159008324146,0.09908663481473923,1,0,0.0047869873233139515,0.9335846304893494,0.9335969031298083,-0.08011405915021896,-0.09267524629831314,0.0
shield_z0.8m,src/recordings/recoding_20260807_3.tar.xz::shield_z0.8m,145,4.833333333333333,0,visible,1,323.5,439.0,-0.00036180600957636216,0.9341226137758705,0.934122683843537,0.022375862476920867,0.9341226137758705,0.9343905697239512,4932.0,18,74,88,0.8409090909090909,0.7573710073710074,0.8850605652759085,True,True,accepted,0.002116518560796976,0.9304954409599304,0.020259344950318336,0.003627181053161621,0.0013019997859373689,0.0,0.0013019997859373689,0.3253437578678131,1,0,0.008371705189347267,0.9316153526306152,0.9316529668845814,-0.04917601868510246,-0.0871361792087555,0.0
shield_z0.8m,src/recordings/recoding_20260807_3.tar.xz::shield_z0.8m,146,4.866666666666666,0,visible,1,320.0,439.5,-0.020812774533232267,0.932148536382456,0.9323808585893031,0.009948039144098982,0.932148536382456,0.9322016184081464,4908.5,18,68,88,0.7727272727272727,0.8202707219251337,0.9201424688349423,True,True,accepted,0.006732504349201918,0.9287108182907104,0.0032155350781977177,0.0034376978874206543,0.0012862063013017178,0.0,0.0012862063013017178,0.017226966097950935,1,0,0.007698026020079851,0.9297430515289307,0.9297749197902327,-0.04443541541695595,-0.08206804096698761,0.0
shield_z0.8m,src/recordings/recoding_20260807_3.tar.xz::shield_z0.8m,147,4.9,0,visible,1,315.0,439.0,-0.050729631101804645,0.9409197001327227,0.9422862503345669,-0.008232097785725246,0.9409197001327227,0.9409557107174634,4861.5,17,67,86,0.7790697674418605,0.8437174592155502,0.9309651474530831,True,True,accepted,0.006216845475137234,0.9270074367523193,-0.014448943547904491,0.01391226053237915,0.0012750697787851095,0.0,0.0012750697787851095,0.31553012132644653,1,0,0.001966597978025675,0.9310998320579529,0.9311019089046887,-0.06527294963598251,-0.06200448423624039,0.0
shield_z0.8m,src/recordings/recoding_20260807_3.tar.xz::shield_z0.8m,148,4.933333333333334,0,visible,1,322.5,439.0,-0.006112766883565915,0.9363709687521571,0.9363909210585214,0.018881068298677396,0.9363709687521571,0.9365613091848032,4884.5,18,70,88,0.7954545454545454,0.7929383116883116,0.9037838838005365,True,True,accepted,-0.00020916711946483701,0.9290330410003662,0.019090235233306885,0.00733792781829834,0.0012674727477133274,0.0,0.0012674727477133274,0.33001282811164856,1,0,0.005325579550117254,0.9311605095863342,0.9311757387360489,-0.03808878734707832,-0.05155540257692337,0.0
shield_z0.8m,src/recordings/recoding_20260807_3.tar.xz::shield_z0.8m,149,4.966666666666667,0,visible,1,323.5,439.0,4.664886492522936e-05,0.93687315293143,0.9368731540928021,0.02262407590573056,0.93687315293143,0.9371462818014415,4919.5,18,71,87,0.8160919540229885,0.7964222114294965,0.9040705687769917,True,True,accepted,0.0040559531189501286,0.9294419884681702,0.018568122759461403,0.007431149482727051,0.0012624971568584442,0.0,0.0012624971568584442,0.3168301582336426,1,0,0.009387364611029625,0.9315756559371948,0.9316229523520527,-0.011818725615739822,-0.04104185849428177,0.0
shield_z0.8m,src/recordings/recoding_20260807_3.tar.xz::shield_z0.8m,150,5.0,0,visible,1,317.5,441.0,-0.0354461596987421,0.9163906901102392,0.9170759658600313,0.0010554957231000382,0.9163906901102392,0.9163912979682544,4944.5,18,71,88,0.8068181818181818,0.7913732394366197,0.8955805107770332,True,True,accepted,0.008993406780064106,0.9302076101303101,-0.007937910966575146,-0.013816893100738525,0.0012593972496688366,0.0,0.0012593972496688366,0.20161783695220947,1,0,0.0067281462252140045,0.9262646436691284,0.9262890791017269,-0.023019062355160713,-0.06053739786148071,0.0
shield_z0.8m,src/recordings/recoding_20260807_3.tar.xz::shield_z0.8m,151,5.033333333333333,0,visible,1,324.0,439.0,0.003024431563615524,0.9366280594869134,0.936632942515105,0.024433640927555796,0.9366280594869134,0.9369467031945828,4877.5,17,69,88,0.7840909090909091,0.8032773386034255,0.9105759357789601,True,True,accepted,0.005960843991488218,0.9242467284202576,0.01847279630601406,0.012381315231323242,0.0012575817527249455,0.0,0.0012575817527249455,0.39324772357940674,1,0,0.011213412508368492,0.9277672171592712,0.9278349798620126,0.003029715968295932,-0.043078310787677765,0.0
shield_z0.8m,src/recordings/recoding_20260807_3.tar.xz::shield_z0.8m,152,5.066666666666666,0,visible,1,317.5,439.0,-0.0357638494473817,0.9403096386213436,0.9409895161007358,0.0008624392394340138,0.9403096386213436,0.9403100341300435,4892.0,18,72,86,0.8372093023255814,0.7900516795865633,0.8997608975537981,True,True,accepted,0.011314403265714645,0.9263312816619873,-0.010451964102685452,0.013978362083435059,0.0012565999059006572,0.0,0.0012565999059006572,0.24243050813674927,1,0,0.008348328061401844,0.9302980899810791,0.9303355474256935,-0.011713538318872452,-0.02336081489920616,0.0
shield_z0.8m,src/recordings/recoding_20260807_3.tar.xz::shield_z0.8m,153,5.1,0,visible,1,319.5,439.0,-0.023809924671606537,0.9397149368045971,0.9400165290921939,0.008126704747218324,0.9397149368045971,0.9397500762350149,4868.5,18,70,86,0.813953488372093,0.8087209302325581,0.9068641147434107,True,True,accepted,0.007957876659929752,0.9295194149017334,0.00016882829368114471,0.010195493698120117,0.0012561238836497068,0.0,0.0012561238836497068,0.08277574926614761,1,0,0.00800574105232954,0.932409942150116,0.9324443104605119,-0.01147524919360876,-0.00897061638534069,0.0
shield_z0.8m,src/recordings/recoding_20260807_3.tar.xz::shield_z0.8m,154,5.133333333333334,0,visible,1,322.0,440.0,-0.009118516307538932,0.9248019642374768,0.9248469172772034,0.01705450821274998,0.9248019642374768,0.9249592041316601,4883.0,19,72,88,0.8181818181818182,0.7706755050505051,0.8832413855476169,True,True,accepted,0.007623232901096344,0.9321109056472778,0.009431274607777596,-0.0073089599609375,0.0012559281894937158,0.0,0.0012559281894937158,0.1133582666516304,1,0,0.010296042077243328,0.9300395846366882,0.9300965742726074,0.0018435729434713721,-0.019292311742901802,0.0
shield_z0.8m,src/recordings/recoding_20260807_3.tar.xz::shield_z0.8m,155,5.166666666666667,0,visible,1,318.5,439.0,-0.029784757394177498,0.9400243916573401,0.940496139643211,0.004495866166963097,0.9400243916573401,0.9400351428129395,4898.5,18,72,86,0.8372093023255814,0.7911014211886305,0.9051182557280119,True,True,accepted,0.010357494466006756,0.9293965101242065,-0.005861628334969282,0.0106278657913208,0.0012558687012642622,0.0,0.0012558687012642622,0.1172974705696106,1,0,0.00869651697576046,0.9324080944061279,0.9324486494824133,-0.006437098607420921,-0.004278417676687241,0.0
shield_z0.8m,src/recordings/recoding_20260807_3.tar.xz::shield_z0.8m,156,5.2,0,visible,1,323.0,439.0,-0.0031931761811987286,0.9352946719405673,0.9353001228132805,0.020655270699468264,0.9352946719405673,0.9355227221014365,4827.5,18,72,88,0.8181818181818182,0.7619160353535354,0.8891242287503454,True,True,accepted,0.008481946773827076,0.9322654604911804,0.012173323892056942,0.0030292272567749023,0.001255860785022378,0.0,0.001255860785022378,0.12530532479286194,1,0,0.01193138025701046,0.9331238269805908,0.9332001041115142,0.01076242234557867,1.5355376490333583e-06,0.0
shield_z0.8m,src/recordings/recoding_20260807_3.tar.xz::shield_z0.8m,157,5.233333333333333,0,visible,1,323.0,441.0,-0.0032793349028045595,0.9169945968107707,0.9170004605329011,0.020602913014331717,0.9169945968107707,0.9172260193675406,4840.5,19,70,88,0.7954545454545454,0.7857954545454545,0.8837060702875399,True,True,accepted,0.012290127575397491,0.9331238865852356,0.008312785997986794,-0.01612931489944458,0.0012558605521917343,0.0,0.0012558605521917343,0.2621765732765198,1,0,0.014645637944340706,0.9285534620285034,0.9286689542328397,0.02250705659389496,-0.02278660237789154,0.0
shield_z0.8m,src/recordings/recoding_20260807_3.tar.xz::shield_z0.8m,158,5.266666666666667,0,visible,1,316.5,439.0,-0.041747192574586575,0.9405706497461043,0.9414966676795348,-0.0027735710179062727,0.9405706497461043,0.9405747391143354,4843.0,18,73,87,0.8390804597701149,0.7625570776255708,0.8945326930181012,True,True,accepted,0.015395873226225376,0.9277939200401306,-0.018169444054365158,0.012776732444763184,0.0012558500748127699,0.0,0.0012558500748127699,0.3928602635860443,1,0,0.0102474894374609,0.9314142465591431,0.9314706166772557,-0.003159770043566823,-0.004737718962132931,0.0
shield_z0.8m,src/recordings/recoding_20260807_3.tar.xz::shield_z0.8m,159,5.3,0,visible,1,320.0,439.0,-0.020812774533232267,0.9373513311134447,0.9375823641280364,0.009948039144098982,0.9373513311134447,0.9374041185225075,4780.0,18,72,88,0.8181818181818182,0.7544191919191919,0.8945447740245158,True,True,accepted,0.010142163373529911,0.9312562942504883,-0.00019412394613027573,0.0060950517654418945,0.001255825744010508,0.0,0.001255825744010508,0.02961186319589615,1,0,0.010087160393595695,0.9329832792282104,0.9330378074463173,-0.0034339423291385174,0.003870669286698103,0.0
shield_z0.8m,src/recordings/recoding_20260807_3.tar.xz::shield_z0.8m,160,5.333333333333333,0,visible,1,323.5,439.0,-4.129294798868675e-05,0.9352946719405673,0.9352946728521022,0.022570634656080304,0.9352946719405673,0.935566970830625,4771.5,18,72,88,0.8181818181818182,0.7530776515151515,0.8845939933259177,True,True,accepted,0.009972695261240005,0.9331123232841492,0.012597938999533653,0.0021823644638061523,0.00125579081941396,0.0,0.00125579081941396,0.13017356395721436,1,0,0.01354194525629282,0.9337306022644043,0.9338287968821541,0.014355117455124855,0.006952301133424044,0.0
shield_z0.8m,src/recordings/recoding_20260807_3.tar.xz::shield_z0.8m,161,5.366666666666666,0,visible,1,323.5,439.0,-4.129294798868675e-05,0.9363709687521571,0.9363709696626443,0.022570634656080304,0.9363709687521571,0.9366429547434985,4785.5,18,72,87,0.8275862068965517,0.7639687100893997,0.8959093887484789,True,True,accepted,0.014020449481904507,0.933962345123291,0.008550184778869152,0.002408623695373535,0.0012557506561279297,0.0,0.0012557506561279297,0.06283661723136902,1,0,0.016442693769931793,0.9346446990966797,0.9347893215735483,0.026426179334521294,0.010352770797908306,0.0
shield_z0.8m,src/recordings/recoding_20260807_3.tar.xz::shield_z0.8m,162,5.4,0,visible,1,323.5,439.0,4.664886492522936e-05,0.9382355763536467,0.9382355775133323,0.02262407590573056,0.9382355763536467,0.9385083087252067,4878.5,18,72,86,0.8372093023255814,0.7878714470284238,0.8977732793522267,True,True,accepted,0.01732356660068035,0.9349898099899292,0.005300508812069893,0.0032457709312438965,0.0012557106092572212,0.0,0.0012557106092572212,0.030763793736696243,1,0,0.018825065344572067,0.9359092712402344,0.9360985776501607,0.0339081808924675,0.01493438147008419,0.0
shield_z0.8m,src/recordings/recoding_20260807_3.tar.xz::shield_z0.8m,163,5.433333333333334,0,visible,1,324.0,439.0,0.003024431563615524,0.9380265444791768,0.9380314202273973,0.024433640927555796,0.9380265444791768,0.9383447132885236,4826.5,17,71,86,0.8255813953488372,0.7904520144120537,0.9153233453442063,True,True,accepted,0.019955338910222054,0.9364070892333984,0.004478301852941513,0.0016194581985473633,0.0012556741712614894,0.0,0.0012556741712614894,0.018060283735394478,1,0,0.02122383378446102,0.9368658065795898,0.937106178967216,0.04022880271077156,0.017220064997673035,0.0
shield_z0.8m,src/recordings/recoding_20260807_3.tar.xz::shield_z0.8m,164,5.466666666666667,0,visible,1,319.5,439.0,-0.023809924671606537,0.9397149368045971,0.9400165290921939,0.008126704747218324,0.9397149368045971,0.9397500762350149,4843.0,18,70,86,0.813953488372093,0.804485049833887,0.9029551598769461,True,True,accepted,0.02256479486823082,0.9374397993087769,-0.014438089914619923,0.00227510929107666,0.001255643554031849,0.0,0.001255643554031849,0.17013950645923615,1,0,0.018475407734513283,0.9380841851234436,0.9382661024835501,0.01985287480056286,0.02043084055185318,0.0
shield_z0.8m,src/recordings/recoding_20260807_3.tar.xz::shield_z0.8m,165,5.5,0,visible,1,322.5,439.0,-0.005911064587175208,0.9386415953464285,0.93866020752935,0.01900364051340985,0.9386415953464285,0.9388339485059386,4800.0,18,70,86,0.813953488372093,0.7973421926910299,0.9104704097116844,True,True,accepted,0.019137170165777206,0.9387652277946472,-0.00013352930545806885,-0.00012362003326416016,0.001255619339644909,0.0,0.001255619339644909,2.6371038984507322e-05,1,0,0.01909935101866722,0.9387302398681641,0.938924516908721,0.019664442166686058,0.020256390795111656,0.0
shield_z0.8m,src/recordings/recoding_20260807_3.tar.xz::shield_z0.8m,166,5.533333333333333,0,visible,1,316.5,439.0,-0.041747192574586575,0.9405706497461043,0.9414966676795348,-0.0027735710179062727,0.9405706497461043,0.9405747391143354,4797.0,18,75,87,0.8620689655172413,0.7351724137931035,0.8752052545155994,True,True,accepted,0.019754832610487938,0.9394054412841797,-0.022528404369950294,0.0011652112007141113,0.001255601178854704,0.0,0.001255601178854704,0.4052932858467102,1,0,0.013374519534409046,0.939735472202301,0.9398306419180309,-0.012125940062105656,0.02190064825117588,0.0
shield_z0.8m,src/recordings/recoding_20260807_3.tar.xz::shield_z0.8m,167,5.566666666666666,0,visible,1,323.5,439.0,4.664886492522936e-05,0.9382355763536467,0.9382355775133323,0.02262407590573056,0.9382355763536467,0.9385083087252067,4808.5,18,72,86,0.8372093023255814,0.7765665374677002,0.8875865251499769,True,True,accepted,0.01297032181173563,0.94046550989151,0.009653753601014614,-0.002229928970336914,0.0012555884895846248,0.0,0.0012555884895846248,0.07818449288606644,1,0,0.015704309567809105,0.9398339986801147,0.9399651963844489,0.001496416749432683,0.018754007294774055,0.0
shield_z0.8m,src/recordings/recoding_20260807_3.tar.xz::shield_z0.8m,168,5.6,0,visible,1,323.0,439.0,-0.0029311338337650655,0.9384446082281166,0.938449185762327,0.020814510883905325,0.9384446082281166,0.9386754106589559,4840.0,17,74,86,0.8604651162790697,0.7605279698302954,0.8969607116382505,True,True,accepted,0.01575418934226036,0.940459132194519,0.005060320720076561,-0.0020145177841186523,0.0012555799912661314,0.0,0.0012555799912661314,0.02362663298845291,1,0,0.017187271267175674,0.939888596534729,0.940045730903361,0.008636930957436562,0.015911363065242767,0.0
shield_z0.8m,src/recordings/recoding_20260807_3.tar.xz::shield_z0.8m,169,5.633333333333334,0,visible,1,315.5,439.0,-0.04773477848721838,0.9408073964748629,0.9420176040494327,-0.006412159568184816,0.9408073964748629,0.940829247553528,4762.5,18,71,86,0.8255813953488372,0.7799705207992139,0.8954592460280154,True,True,accepted,0.017475169152021408,0.9404189586639404,-0.023887328803539276,0.0003884434700012207,0.0012555747525766492,0.0,0.0012555747525766492,0.45457693934440613,1,0,0.010710354894399643,0.9405289888381958,0.9405899694058847,-0.025069842115044594,0.01645948551595211,0.0
shield_z0.8m,src/recordings/recoding_20260807_3.tar.xz::shield_z0.8m,170,5.666666666666667,0,visible,1,323.5,440.0,-0.00036180600957636216,0.9262354887577378,0.9262355594220478,0.022375862476920867,0.9262354887577378,0.9265057257544993,4790.0,18,70,88,0.7954545454545454,0.7775974025974026,0.8976761619190404,True,True,accepted,0.009874693118035793,0.9410776495933533,0.012501169927418232,-0.01484215259552002,0.0012555716093629599,0.0,0.0012555716093629599,0.29991817474365234,1,0,0.013414962217211723,0.9368744492530823,0.9369704877286986,-0.007429787889122963,-0.004483864177018404,0.0
shield_z0.8m,src/recordings/recoding_20260807_3.tar.xz::shield_z0.8m,171,5.7,0,visible,1,320.0,439.0,-0.020812774533232267,0.9370101662152475,0.9372412833280963,0.009948039144098982,0.9370101662152475,0.9370629728430946,4838.5,18,72,88,0.8181818181818182,0.7636521464646465,0.8894301470588235,True,True,accepted,0.013167303055524826,0.9367249608039856,-0.0032192636281251907,0.00028520822525024414,0.0012555699795484543,0.0,0.0012555699795484543,0.008318932726979256,1,0,0.012255626730620861,0.9368057250976562,0.9368858879086107,-0.011972405016422272,-0.004081414546817541,0.0
shield_z0.8m,src/recordings/recoding_20260807_3.tar.xz::shield_z0.8m,172,5.733333333333333,0,visible,1,314.5,439.0,-0.05372659886417459,0.9410198496435196,0.9425523353366773,-0.01005332135476128,0.9410198496435196,0.9410735500976395,4785.0,18,72,86,0.8372093023255814,0.7727713178294574,0.8974960142549001,True,True,accepted,0.011856546625494957,0.9366697072982788,-0.021909868344664574,0.004350125789642334,0.0012555691646412015,0.0,0.0012555691646412015,0.39740216732025146,1,0,0.005651811137795448,0.9379016160964966,0.9379186448970707,-0.04288887232542038,0.0020569392945617437,0.0
shield_z0.8m,src/recordings/recoding_20260807_3.tar.xz::shield_z0.8m,173,5.766666666666667,0,visible,1,322.5,439.0,-0.005911064587175208,0.9386415953464285,0.93866020752935,0.01900364051340985,0.9386415953464285,0.9388339485059386,4799.0,18,76,86,0.8837209302325582,0.7342411260709915,0.8795821114369502,True,True,accepted,0.0042221820913255215,0.9379701614379883,0.014781458303332329,0.0006714463233947754,0.001255568815395236,0.0,0.001255568815395236,0.17437702417373657,1,0,0.008408194407820702,0.9381603002548218,0.9381979784178908,-0.022031104192137718,0.003004401456564665,0.0
shield_z0.8m,src/recordings/recoding_20260807_3.tar.xz::shield_z0.8m,174,5.8,0,visible,1,309.0,439.0,-0.0867564044984039,0.941615978800184,0.9456042117362418,-0.030125162385900184,0.941615978800184,0.9420977533890023,4723.0,17,70,86,0.813953488372093,0.7845514950166113,0.9072224356511718,True,True,accepted,0.007673824205994606,0.9382604360580444,-0.037798985838890076,0.003355562686920166,0.001255568815395236,0.0,0.001255568815395236,1.1469088792800903,1,0,-0.0030305995605885983,0.9392107129096985,0.9392156023927843,-0.07536838948726654,0.007739359047263861,0.0
shield_z0.8m,src/recordings/recoding_20260807_3.tar.xz::shield_z0.8m,175,5.833333333333333,0,visible,1,322.5,439.5,-0.006198925605171745,0.9310482993819316,0.9310689353966468,0.01882871061354085,0.9310482993819316,0.9312386676493601,4825.5,18,72,88,0.8181818181818182,0.7616003787878788,0.8979344994417566,True,True,accepted,-0.005542879458516836,0.9394686818122864,0.024371590465307236,-0.008420407772064209,0.001255568815395236,0.0,0.001255568815395236,0.5295430421829224,1,0,0.0013589942827820778,0.9370840787887573,0.9370850642203378,-0.04097818210721016,-0.00414248974993825,0.0
shield_z0.8m,src/recordings/recoding_20260807_3.tar.xz::shield_z0.8m,176,5.866666666666666,0,visible,1,323.5,439.0,4.664886492522936e-05,0.9382355763536467,0.9382355775133323,0.02262407590573056,0.9382355763536467,0.9385083087252067,4766.0,18,75,86,0.872093023255814,0.7389147286821706,0.8778780622582427,True,True,accepted,-6.9451921262952965e-06,0.9369459748268127,0.022631021216511726,0.0012896060943603516,0.001255568815395236,0.0,0.001255568815395236,0.409237802028656,1,0,0.006402011029422283,0.9373111724853516,0.9373330356981372,-0.009044057689607143,-0.0023227555211633444,0.0
shield_z0.8m,src/recordings/recoding_20260807_3.tar.xz::shield_z0.8m,177,5.9,0,visible,1,310.5,439.0,-0.07773605742156758,0.9415953607153715,0.9447987711381508,-0.02464359901925637,0.9415953607153715,0.9419177938086384,4776.0,18,72,86,0.8372093023255814,0.7713178294573644,0.901642439116481,True,True,accepted,0.00610054237768054,0.9372337460517883,-0.030744140967726707,0.004361629486083984,0.001255568815395236,0.0,0.001255568815395236,0.7679595351219177,1,0,-0.0026059956289827824,0.9384689331054688,0.9384725513393213,-0.05242641270160675,0.003831840120255947,0.0
shield_z0.8m,src/recordings/recoding_20260807_3.tar.xz::shield_z0.8m,178,5.933333333333334,0,visible,1,323.5,439.0,4.664886492522936e-05,0.9382355763536467,0.9382355775133323,0.02262407590573056,0.9382355763536467,0.9385083087252067,4739.0,18,72,86,0.8372093023255814,0.7653423772609819,0.8874531835205992,True,True,accepted,-0.004353542812168598,0.9385966658592224,0.026977617293596268,-0.0003610849380493164,0.001255568815395236,0.0,0.001255568815395236,0.5797548890113831,1,0,0.003286339808255434,0.9384943842887878,0.9385001381837546,-0.014358933083713055,0.0033223216887563467,0.0
shield_z0.8m,src/recordings/recoding_20260807_3.tar.xz::shield_z0.8m,179,5.966666666666667,0,visible,1,323.0,439.0,-0.0029311338337650655,0.9384446082281166,0.938449185762327,0.020814510883905325,0.9384446082281166,0.9386754106589559,4724.0,17,71,86,0.8255813953488372,0.7736652472977399,0.9048941672253615,True,True,accepted,0.002807708689942956,0.9386051297187805,0.01800680160522461,-0.00016051530838012695,0.0012555686989799142,0.0,0.0012555686989799142,0.25826597213745117,1,0,0.007907114923000336,0.9385596513748169,0.9385929584517579,0.011050031520426273,0.0030958224087953568,0.0
shield_z0.8m,src/recordings/recoding_20260807_3.tar.xz::shield_z0.8m,180,6.0,0,visible,1,314.5,439.0,-0.05372659886417459,0.9412079794794952,0.9427401593553686,-0.01005332135476128,0.9412079794794952,0.941261669200513,4741.5,18,71,86,0.8255813953488372,0.7765312807075008,0.9034009717062018,True,True,accepted,0.008275449275970459,0.9386628270149231,-0.018328770995140076,0.002545177936553955,0.0012555685825645924,0.0,0.0012555685825645924,0.272722452878952,1,0,0.0030848633032292128,0.9393836259841919,0.9393886911969974,-0.014813248068094254,0.006687260698527098,0.0
shield_z0.8m,src/recordings/recoding_20260807_3.tar.xz::shield_z0.8m,181,6.033333333333333,0,visible,1,316.5,439.0,-0.041747192574586575,0.9405706497461043,0.9414966676795348,-0.0027735710179062727,0.9405706497461043,0.9405747391143354,4685.0,18,70,86,0.813953488372093,0.7782392026578073,0.8988871834228703,True,True,accepted,0.0025910884141921997,0.9396065473556519,-0.005364659242331982,0.0009641051292419434,0.0012555685825645924,0.0,0.0012555685825645924,0.023661844432353973,1,0,0.001071853213943541,0.9398795962333679,0.9398802074121526,-0.022383185103535652,0.008047685027122498,0.0
shield_z0.8m,src/recordings/recoding_20260807_3.tar.xz::shield_z0.8m,182,6.066666666666666,0,visible,1,311.0,439.0,-0.07473067109424189,0.9415747426305591,0.9445356897237919,-0.022817259583073755,0.9415747426305591,0.9418511683353612,4718.0,17,70,86,0.813953488372093,0.7837209302325582,0.9038314176245211,True,True,accepted,0.00032574700890108943,0.940147876739502,-0.02314300648868084,0.0014268755912780762,0.0012555684661492705,0.0,0.0012555684661492705,0.42820021510124207,1,0,-0.006228196434676647,0.9405519366264343,0.9405725575002521,-0.055039696395397186,0.01006111316382885,0.0
shield_z0.8m,src/recordings/recoding_20260807_3.tar.xz::shield_z0.8m,183,6.1,0,visible,1,323.5,439.0,4.664886492522936e-05,0.93687315293143,0.9368731540928021,0.02262407590573056,0.93687315293143,0.9371462818014415,4746.5,18,71,87,0.8160919540229885,0.7684150882305326,0.9008350730688935,True,True,accepted,-0.00806285347789526,0.9408873319625854,0.03068692982196808,-0.004014194011688232,0.0012555683497339487,0.0,0.0012555683497339487,0.7628428936004639,1,0,0.0006274764309637249,0.9397505521774292,0.9397507616620774,-0.01173815131187439,0.004396786447614431,0.0
shield_z0.8m,src/recordings/recoding_20260807_3.tar.xz::shield_z0.8m,184,6.133333333333334,0,visible,1,323.5,439.0,4.664886492522936e-05,0.9382355763536467,0.9382355775133323,0.02262407590573056,0.9382355763536467,0.9385083087252067,4720.0,18,69,86,0.8023255813953488,0.7954162453656892,0.8998188923839482,True,True,accepted,0.00023620469437446445,0.9398971199989319,0.022387871518731117,-0.001661539077758789,0.0012555683497339487,0.0,0.0012555683497339487,0.40139392018318176,1,0,0.006576296873390675,0.939426600933075,0.9394496187775254,0.01985279843211174,0.0020522314589470625,0.0
shield_z0.8m,src/recordings/recoding_20260807_3.tar.xz::shield_z0.8m,185,6.166666666666667,0,visible,1,323.5,439.0,4.664886492522936e-05,0.9382355763536467,0.9382355775133323,0.02262407590573056,0.9382355763536467,0.9385083087252067,4739.0,18,71,86,0.8255813953488372,0.7761218473632493,0.8960105880128568,True,True,accepted,0.007238056976348162,0.9394950270652771,0.01538601890206337,-0.001259446144104004,0.0012555683497339487,0.0,0.0012555683497339487,0.18980710208415985,1,0,0.011595272459089756,0.9391383528709412,0.9392099318983722,0.04156361147761345,0.00027505954494699836,0.0
shield_z0.8m,src/recordings/recoding_20260807_3.tar.xz::shield_z0.8m,186,6.2,0,visible,1,324.0,439.0,0.003024431563615524,0.9380265444791768,0.9380314202273973,0.024433640927555796,0.9380265444791768,0.9383447132885236,4730.5,17,69,86,0.8023255813953488,0.797185709470846,0.9171190383869717,True,True,accepted,0.012980726547539234,0.9391475319862366,0.011452914215624332,-0.0011209845542907715,0.0012555683497339487,0.0,0.0012555683497339487,0.10547084361314774,1,0,0.01622411422431469,0.9388300776481628,0.9389702532983775,0.05772452428936958,-0.0013067327672615647,0.0
shield_z0.8m,src/recordings/recoding_20260807_3.tar.xz::shield_z0.8m,187,6.233333333333333,0,visible,1,323.5,439.0,4.664886492522936e-05,0.9382355763536467,0.9382355775133323,0.02262407590573056,0.9382355763536467,0.9385083087252067,4664.0,18,70,86,0.813953488372093,0.774750830564784,0.9033507650590742,True,True,accepted,0.018148265779018402,0.938786506652832,0.004475809633731842,-0.0005509257316589355,0.0012555683497339487,0.0,0.0012555683497339487,0.0161969605833292,1,0,0.019415784627199173,0.9386304616928101,0.9388312501777663,0.06404022127389908,-0.00208412972278893,0.0
shield_z0.8m,src/recordings/recoding_20260807_3.tar.xz::shield_z0.8m,188,6.266666666666667,0,visible,1,323.5,439.0,4.664886492522936e-05,0.9382355763536467,0.9382355775133323,0.02262407590573056,0.9382355763536467,0.9385083087252067,4799.0,18,71,86,0.8255813953488372,0.7859482476252866,0.904788838612368,True,True,accepted,0.021550457924604416,0.938560962677002,0.0010736174881458282,-0.0003253817558288574,0.0012555683497339487,0.0,0.0012555683497339487,0.0010023571085184813,1,0,0.021854499354958534,0.9384688138961792,0.9387232466482106,0.06555517762899399,-0.002543267561122775,0.0
shield_z0.8m,src/recordings/recoding_20260807_3.tar.xz::shield_z0.8m,189,6.3,0,visible,1,324.0,439.0,0.002555722883651835,0.9344275854858646,0.9344310805171244,0.02414881193951002,0.9344275854858646,0.9347395774412425,4822.0,17,69,88,0.7840909090909091,0.794137022397892,0.9170787371624192,True,True,accepted,0.024039672687649727,0.9383840560913086,0.0001091398298740387,-0.003956496715545654,0.0012555683497339487,0.0,0.0012555683497339487,0.012477041222155094,1,0,0.024070579558610916,0.9372636079788208,0.9375726444610913,0.0657091811299324,-0.008126177825033665,0.0
shield_z0.8m,src/recordings/recoding_20260807_3.tar.xz::shield_z0.8m,190,6.333333333333333,0,visible,1,322.5,439.0,-0.005911064587175208,0.9386415953464285,0.93866020752935,0.01900364051340985,0.9386415953464285,0.9388339485059386,4770.0,18,71,86,0.8255813953488372,0.7811988208319686,0.9046083823250521,True,True,accepted,0.02626088634133339,0.9369927644729614,-0.007257245481014252,0.0016488432884216309,0.0012555683497339487,0.0,0.0012555683497339487,0.04411252960562706,1,0,0.024205684661865234,0.9374597072601318,0.9377721567130268,0.05546867102384567,-0.0057995375245809555,0.0
shield_z0.8m,src/recordings/recoding_20260807_3.tar.xz::shield_z0.8m,191,6.366666666666666,0,visible,1,323.5,439.0,4.664886492522936e-05,0.9382355763536467,0.9382355775133323,0.02262407590573056,0.9382355763536467,0.9385083087252067,4721.0,18,71,86,0.8255813953488372,0.7731739272846381,0.8882408278457197,True,True,accepted,0.026054641231894493,0.9372664093971252,-0.003430565819144249,0.0009691715240478516,0.0012555683497339487,0.0,0.0012555683497339487,0.01012137345969677,1,0,0.025083128362894058,0.9375408887863159,0.9378763679050158,0.05062788724899292,-0.0044319648295640945,0.0
shield_z0.8m,src/recordings/recoding_20260807_3.tar.xz::shield_z0.8m,192,6.4,0,visible,1,318.5,439.0,-0.029784757394177498,0.9400243916573401,0.940496139643211,0.004495866166963097,0.9400243916573401,0.9400351428129395,4703.0,18,69,86,0.8023255813953488,0.7925513987192451,0.9103755323267518,True,True,accepted,0.02677072398364544,0.9373931288719177,-0.022274857386946678,0.002631247043609619,0.0012555683497339487,0.0,0.0012555683497339487,0.4006892442703247,1,0,0.0204626377671957,0.9381383061408997,0.9383614447500003,0.019196411594748497,-0.0007190800970420241,0.0
shield_z0.8m,src/recordings/recoding_20260807_3.tar.xz::shield_z0.8m,193,6.433333333333334,0,visible,1,314.5,439.0,-0.05372659886417459,0.9412079794794952,0.9427401593553686,-0.01005332135476128,0.9412079794794952,0.941261669200513,4722.0,18,73,86,0.8488372093023255,0.752150366358713,0.898743814236772,True,True,accepted,0.02110251784324646,0.9381143450737,-0.031155839562416077,0.0030936598777770996,0.0012555683497339487,0.0,0.0012555683497339487,0.780727744102478,1,0,0.012279397808015347,0.9389904737472534,0.9390707605918837,-0.024766787886619568,0.0036463034339249134,0.0
shield_z0.8m,src/recordings/recoding_20260807_3.tar.xz::shield_z0.8m,194,6.466666666666667,0,visible,1,323.0,439.0,-0.0029311338337650655,0.9384446082281166,0.938449185762327,0.020814510883905325,0.9384446082281166,0.9386754106589559,4691.0,17,69,86,0.8023255813953488,0.7905291540276373,0.9068238932920936,True,True,accepted,0.011453838087618351,0.9391120076179504,0.00936067197471857,-0.0006673932075500488,0.0012555683497339487,0.0,0.0012555683497339487,0.07014162093400955,1,0,0.01410471647977829,0.9389230012893677,0.93902893745465,-0.011558185331523418,0.0027045621536672115,0.0
shield_z0.8m,src/recordings/recoding_20260807_3.tar.xz::shield_z0.8m,195,6.5,0,visible,1,323.5,439.0,4.664886492522936e-05,0.9358448011098895,0.9358448022725377,0.02262407590573056,0.9358448011098895,0.936118230019583,4712.0,18,69,88,0.7840909090909091,0.7760210803689065,0.9031145184475323,True,True,accepted,0.01371944323182106,0.9390131831169128,0.008904632180929184,-0.0031684041023254395,0.0012555683497339487,0.0,0.0012555683497339487,0.07114806771278381,1,0,0.016241174191236496,0.9381158947944641,0.9382564722958899,0.0010069110430777073,-0.001766290981322527,0.0
shield_z0.8m,src/recordings/recoding_20260807_3.tar.xz::shield_z0.8m,196,6.533333333333333,0,visible,1,325.0,439.0,0.008975692760271369,0.9375844158509429,0.9376273779636987,0.028050155356882947,0.9375844158509429,0.9380039168692735,4690.0,17,69,86,0.8023255813953488,0.7903606336366701,0.9065429593118779,True,True,accepted,0.01627473719418049,0.938057005405426,0.011775417253375053,-0.00047260522842407227,0.0012555683497339487,0.0,0.0012555683497339487,0.11061429232358932,1,0,0.01960945501923561,0.9379231929779053,0.9381281611016804,0.017622897401452065,-0.0024331719614565372,0.0
shield_z0.8m,src/recordings/recoding_20260807_3.tar.xz::shield_z0.8m,197,6.566666666666666,0,visible,1,322.5,439.0,-0.005911064587175208,0.9386415953464285,0.93866020752935,0.01900364051340985,0.9386415953464285,0.9388339485059386,4761.0,18,69,86,0.8023255813953488,0.8023255813953488,0.8975398246771609,True,True,accepted,0.020196884870529175,0.937842071056366,-0.0011932440102100372,0.0007995367050170898,0.0012555683497339487,0.0,0.0012555683497339487,0.001643152441829443,1,0,0.019858965650200844,0.9380685091018677,0.9382786932917622,0.01593914069235325,-0.0013049663975834846,0.0
shield_z0.8m,src/recordings/recoding_20260807_3.tar.xz::shield_z0.8m,198,6.6,0,visible,1,315.5,439.0,-0.04773477848721838,0.9410198496435196,0.9422297843415565,-0.006412159568184816,0.9410198496435196,0.9410416957890018,4652.5,18,71,86,0.8255813953488372,0.7619554536521455,0.8966082096743111,True,True,accepted,0.02039027027785778,0.9380249977111816,-0.02680242992937565,0.002994835376739502,0.0012555683497339487,0.0,0.0012555683497339487,0.5792909264564514,1,0,0.012800006195902824,0.9388731122016907,0.9389603617692834,-0.02188107557594776,0.00292096845805645,0.0
shield_z0.8m,src/recordings/recoding_20260807_3.tar.xz::shield_z0.8m,199,6.633333333333334,0,visible,1,323.0,439.0,-0.0029311338337650655,0.9384446082281166,0.938449185762327,0.020814510883905325,0.9384446082281166,0.9386754106589559,4644.5,19,69,86,0.8023255813953488,0.7826929558476575,0.8892399004403599,True,True,accepted,0.012070637196302414,0.9389705061912537,0.008743872866034508,-0.0005258917808532715,0.0012555683497339487,0.0,0.0012555683497339487,0.06111326068639755,1,0,0.014546842314302921,0.93882155418396,0.9389342475496903,-0.00954282283782959,0.0021788962185382843,0.0
shield_z0.8m,src/recordings/recoding_20260807_3.tar.xz::shield_z0.8m,200,6.666666666666667,0,visible,1,324.5,439.0,0.006000062161943447,0.9382355763536467,0.9382547615022302,0.02624189814221937,0.9382355763536467,0.938602489850611,4726.5,18,67,86,0.7790697674418605,0.8202880944116626,0.9122756224667052,True,True,accepted,0.01422874815762043,0.9388942122459412,0.012013150379061699,-0.0006586313247680664,0.0012555683497339487,0.0,0.0012555683497339487,0.11528610438108444,1,0,0.017630789428949356,0.938707709312439,0.938873265280514,0.007408623117953539,0.0012495185947045684,0.0
shield_z0.8m,src/recordings/recoding_20260807_3.tar.xz::shield_z0.8m,201,6.7,0,visible,1,312.5,439.0,-0.06572290956046298,0.9413717556005385,0.9436632254589202,-0.017343344309256638,0.9413717556005385,0.9415315044300268,4667.0,18,69,86,0.8023255813953488,0.786484664644422,0.8973274370313401,True,True,accepted,0.017877742648124695,0.938749372959137,-0.03522108495235443,0.002622365951538086,0.0012555683497339487,0.0,0.0012555683497339487,0.9934956431388855,1,0,0.00790337286889553,0.9394919872283936,0.9395252297671738,-0.04229094088077545,0.004949871450662613,0.0
shield_z0.8m,src/recordings/recoding_20260807_3.tar.xz::shield_z0.8m,202,6.733333333333333,0,visible,1,316.5,439.0,-0.041747192574586575,0.9405706497461043,0.9414966676795348,-0.0027735710179062727,0.9405706497461043,0.9405747391143354,4691.5,18,69,86,0.8023255813953488,0.790613414223121,0.9065700483091788,True,True,accepted,0.006493674591183662,0.9396569728851318,-0.009267245419323444,0.0009136795997619629,0.0012555683497339487,0.0,0.0012555683497339487,0.0690656527876854,1,0,0.0038692541420459747,0.9399157166481018,0.939923680694199,-0.055367711931467056,0.006239141337573528,0.0
shield_z0.8m,src/recordings/recoding_20260807_3.tar.xz::shield_z0.8m,203,6.766666666666667,0,visible,1,322.5,439.0,-0.005911064587175208,0.9386415953464285,0.93866020752935,0.01900364051340985,0.9386415953464285,0.9388339485059386,4802.5,18,71,86,0.8255813953488372,0.7865214543072387,0.8916635722242852,True,True,accepted,0.00202366360463202,0.9401236772537231,0.01697997748851776,-0.0014820694923400879,0.0012555683497339487,0.0,0.0012555683497339487,0.23138219118118286,1,0,0.006832276936620474,0.9397039413452148,0.9397287786312972,-0.03140770271420479,0.004147831350564957,0.0
shield_z0.8m,src/recordings/recoding_20260807_3.tar.xz::shield_z0.8m,204,6.8,0,visible,1,323.5,439.0,4.664886492522936e-05,0.9382355763536467,0.9382355775133323,0.02262407590573056,0.9382355763536467,0.9385083087252067,4756.5,18,71,86,0.8255813953488372,0.7789878807730102,0.8891485185531358,True,True,accepted,0.005785353481769562,0.9398422241210938,0.016838721930980682,-0.0016066431999206543,0.0012555683497339487,0.0,0.0012555683497339487,0.2278839349746704,1,0,0.010553964413702488,0.9393872618675232,0.9394465466027369,-0.007647017482668161,0.001880738651379943,0.0
shield_z0.8m,src/recordings/recoding_20260807_3.tar.xz::shield_z0.8m,205,6.833333333333333,0,visible,1,313.5,439.0,-0.05972264535123378,0.9417166486799443,0.9436085209284276,-0.013697051300869373,0.9417166486799443,0.9418162536372603,4471.5,20,65,86,0.7558139534883721,0.7999105545617173,0.8863230921704658,True,True,accepted,0.010299064218997955,0.9394499659538269,-0.02399611473083496,0.00226670503616333,0.0012555683497339487,0.0,0.0012555683497339487,0.4627000093460083,1,0,0.0035035291220992804,0.9400919079780579,0.9400984364214923,-0.04150731489062309,0.00507922749966383,0.0
shield_z0.8m,src/recordings/recoding_20260807_3.tar.xz::shield_z0.8m,206,6.866666666666666,0,visible,1,310.5,439.0,-0.07773605742156758,0.9415953607153715,0.9447987711381508,-0.02464359901925637,0.9415953607153715,0.9419177938086384,4609.5,18,69,86,0.8023255813953488,0.7767947421638018,0.8847408829174664,True,True,accepted,0.002119951881468296,0.9402612447738647,-0.02676355093717575,0.0013341307640075684,0.0012555683497339487,0.0,0.0012555683497339487,0.5719064474105835,1,0,-0.005459302105009556,0.940639078617096,0.9406549208934661,-0.07927267253398895,0.006961784791201353,0.0
shield_z0.8m,src/recordings/recoding_20260807_3.tar.xz::shield_z0.8m,207,6.9,2,partial_occlusion,1,316.0,439.0,-0.04473992587263211,0.9414475513964032,0.9425100280619682,-0.004592221350644379,0.9414475513964032,0.941458751367906,3731.0,27,70,86,0.813953488372093,0.6197674418604651,0.7163978494623656,True,True,accepted,-0.00810172501951456,0.9408711194992065,0.0035095037892460823,0.0005764365196228027,0.0012555683497339487,0.0,0.0012555683497339487,0.01007423922419548,1,0,-0.0071078576147556305,0.9410343766212463,0.941061219912291,-0.07432050257921219,0.007775179576128721,0.0
shield_z0.8m,src/recordings/recoding_20260807_3.tar.xz::shield_z0.8m,208,6.933333333333334,2,partial_occlusion,1,319.0,437.0,-0.026937475135131426,0.9646466364618363,0.9650226737252292,0.006226127540803251,0.9646466364618363,0.9646667289283324,3616.0,29,64,84,0.7619047619047619,0.6726190476190477,0.7345860843067546,True,True,accepted,-0.009585208259522915,0.9412935376167297,0.015811335295438766,0.023353099822998047,0.0012555683497339487,0.0,0.0012555683497339487,0.6334705948829651,1,0,-0.00510754669085145,0.9479069709777832,0.9479207312119907,-0.05200953409075737,0.0407281368970871,0.0
shield_z0.8m,src/recordings/recoding_20260807_3.tar.xz::shield_z0.8m,209,6.966666666666667,2,partial_occlusion,1,323.0,437.0,-0.002568217908728065,0.9628369399925174,0.9628403651475053,0.021035050805807334,0.9628369399925174,0.9630666884367652,3285.0,21,66,84,0.7857142857142857,0.5925324675324676,0.6614315916641498,True,True,accepted,-0.0068411980755627155,0.9492645859718323,0.027876248583197594,0.013572335243225098,0.0012555683497339487,0.0,0.0012555683497339487,0.7656242251396179,1,0,0.0010531643638387322,0.9531081914901733,0.9531087733521533,-0.012674080207943916,0.05987970903515816,0.0
shield_z0.8m,src/recordings/recoding_20260807_3.tar.xz::shield_z0.8m,210,7.0,2,partial_occlusion,1,314.5,437.0,-0.05443844364599583,0.9659209213682467,0.9674537562506442,-0.010485901414655871,0.9659209213682467,0.9659778364255365,3138.0,20,64,84,0.7619047619047619,0.5837053571428571,0.661397407524502,True,True,accepted,0.000630695023573935,0.9551041722297668,-0.01111659687012434,0.010816752910614014,0.0012555683497339487,0.0,0.0012555683497339487,0.1916111260652542,1,0,-0.0025174489710479975,0.9581673741340637,0.9581706812485387,-0.02836042270064354,0.07514294981956482,0.0
shield_z0.8m,src/recordings/recoding_20260807_3.tar.xz::shield_z0.8m,211,7.033333333333333,2,partial_occlusion,1,325.5,437.0,0.012625642500726765,0.9616985858238773,0.9617814600127212,0.03026818872266654,0.9616985858238773,0.9621747934882708,2933.5,20,66,86,0.7674418604651163,0.5168252290345313,0.6080422841745259,True,True,accepted,-0.0034627963323146105,0.96067214012146,0.03373098373413086,0.001026451587677002,0.0012555683497339487,0.0,0.0012555683497339487,0.9070258140563965,1,0,0.006089586764574051,0.9609628319740295,0.9609821265260401,0.019236497581005096,0.07659135013818741,0.0
shield_z0.8m,src/recordings/recoding_20260807_3.tar.xz::shield_z0.8m,212,7.066666666666666,2,partial_occlusion,1,323.5,437.0,0.0004723501708151618,0.9626190796070904,0.9626191954964776,0.022882769796732937,0.9626190796070904,0.962891018535936,2635.5,18,54,84,0.6428571428571429,0.5810185185185185,0.6626854412874026,True,True,accepted,0.0067308032885193825,0.9635158777236938,0.01615196466445923,-0.0008968114852905273,0.0012555683497339487,0.0,0.0012555683497339487,0.20842371881008148,1,0,0.011304928921163082,0.9632619023323059,0.9633282378829998,0.042028117924928665,0.07532588392496109,0.0
shield_z0.8m,src/recordings/recoding_20260807_3.tar.xz::shield_z0.8m,213,7.1,2,partial_occlusion,1,316.0,437.0,-0.04526113098528078,0.9654363254770846,0.9664966986641816,-0.004908951829822841,0.9654363254770846,0.9654488056643722,2454.5,19,54,85,0.6352941176470588,0.5347494553376906,0.6265475430759413,True,True,accepted,0.012705866247415543,0.9657727479934692,-0.01761481910943985,-0.0003364086151123047,0.0012555683497339487,0.0,0.0012555683497339487,0.24721474945545197,1,0,0.007717470172792673,0.9656774997711182,0.9657083373928517,0.017172301188111305,0.07485118508338928,0.0
shield_z0.8m,src/recordings/recoding_20260807_3.tar.xz::shield_z0.8m,214,7.133333333333334,2,partial_occlusion,1,327.5,437.0,0.024760933542579376,0.9606801112471024,0.9609991571149503,0.03764266846850695,0.9606801112471024,0.961417311387295,1660.5,16,42,86,0.4883720930232558,0.4597176079734219,0.587683595823748,True,True,accepted,0.008289880119264126,0.968172550201416,0.029352787882089615,-0.007492423057556152,0.0012555683497339487,0.0,0.0012555683497339487,0.7309220433235168,1,0,0.01660238765180111,0.9660507440567017,0.9661933964627618,0.05859126150608063,0.06427881866693497,0.0
shield_z0.8m,src/recordings/recoding_20260807_3.tar.xz::shield_z0.8m,215,7.166666666666667,2,partial_occlusion,1,327.5,437.0,0.024760933542579376,0.9616985858238773,0.9620172939222795,0.03764266846850695,0.9616985858238773,0.9624350058393946,1158.0,16,34,84,0.40476190476190477,0.4054621848739496,0.5019505851755527,True,True,accepted,0.018555430695414543,0.9681933522224426,0.019087238237261772,-0.006494760513305664,0.0012555683497339487,0.0,0.0012555683497339487,0.3237614035606384,1,0,0.02396080642938614,0.9663540720939636,0.966651081258037,0.08552476763725281,0.055114228278398514,0.0
shield_z0.8m,src/recordings/recoding_20260807_3.tar.xz::shield_z0.8m,216,7.2,2,partial_occlusion,1,336.5,407.0,0.1247534293117339,1.4780815518753134,1.4833369449046878,0.09840698242212523,1.4780815518753134,1.4813537754984674,542.5,10,36,54,0.6666666666666666,0.27906378600823045,0.4813664596273292,True,True,accepted,0.02681163139641285,0.9681912064552307,0.07159535586833954,0.5098903775215149,0.0012555683497339487,0.0,0.0012555683497339487,211.15066528320312,1,0,0.04708694666624069,1.11258864402771,1.1135846044938695,0.18655112385749817,0.7746073603630066,0.0
shield_z0.8m,src/recordings/recoding_20260807_3.tar.xz::shield_z0.8m,217,7.233333333333333,2,fully_occluded,0,,,,,,,,,,,,,,,,False,False,no_detection,0.05330531671643257,1.138408899307251,,,,,,,1,1,0.05330531671643257,1.138408899307251,1.1396562107987591,0.18655112385749817,0.7746073603630066,0.033333333333333215
shield_z0.8m,src/recordings/recoding_20260807_3.tar.xz::shield_z0.8m,218,7.266666666666667,2,fully_occluded,0,,,,,,,,,,,,,,,,False,False,no_detection,0.05952368676662445,1.164229154586792,,,,,,,1,1,0.05952368676662445,1.164229154586792,1.1657497989174896,0.18655112385749817,0.7746073603630066,0.06666666666666643
shield_z0.8m,src/recordings/recoding_20260807_3.tar.xz::shield_z0.8m,219,7.3,2,fully_occluded,0,,,,,,,,,,,,,,,,False,False,no_detection,0.06574206054210663,1.190049409866333,,,,,,,1,1,0.06574206054210663,1.190049409866333,1.1918639253067145,0.18655112385749817,0.7746073603630066,0.09999999999999964
shield_z0.8m,src/recordings/recoding_20260807_3.tar.xz::shield_z0.8m,220,7.333333333333333,2,fully_occluded,0,,,,,,,,,,,,,,,,False,False,no_detection,0.0719604343175888,1.215869665145874,,,,,,,1,1,0.0719604343175888,1.215869665145874,1.2179972687691527,0.18655112385749817,0.7746073603630066,0.13333333333333286
shield_z0.8m,src/recordings/recoding_20260807_3.tar.xz::shield_z0.8m,221,7.366666666666666,2,fully_occluded,0,,,,,,,,,,,,,,,,False,False,no_detection,0.07817880809307098,1.241689920425415,,,,,,,1,1,0.07817880809307098,1.241689920425415,1.244148618341445,0.18655112385749817,0.7746073603630066,0.16666666666666607
shield_z0.8m,src/recordings/recoding_20260807_3.tar.xz::shield_z0.8m,222,7.4,2,fully_occluded,0,,,,,,,,,,,,,,,,False,False,no_detection,0.08439718186855316,1.267510175704956,,,,,,,1,1,0.08439718186855316,1.267510175704956,1.2703168619769487,0.18655112385749817,0.7746073603630066,0.20000000000000018
shield_z0.8m,src/recordings/recoding_20260807_3.tar.xz::shield_z0.8m,223,7.433333333333334,2,fully_occluded,0,,,,,,,,,,,,,,,,False,False,no_detection,0.09061555564403534,1.293330430984497,,,,,,,1,1,0.09061555564403534,1.293330430984497,1.2965009767197333,0.18655112385749817,0.7746073603630066,0.2333333333333334
shield_z0.8m,src/recordings/recoding_20260807_3.tar.xz::shield_z0.8m,224,7.466666666666667,2,fully_occluded,0,,,,,,,,,,,,,,,,False,False,track_expired,0.09683392941951752,1.319150686264038,,,,,,,0,,,,,,,
shield_z0.8m,src/recordings/recoding_20260807_3.tar.xz::shield_z0.8m,225,7.5,2,fully_occluded,0,,,,,,,,,,,,,,,,False,False,no_detection,,,,,,,,,0,,,,,,,
shield_z0.8m,src/recordings/recoding_20260807_3.tar.xz::shield_z0.8m,226,7.533333333333333,2,fully_occluded,0,,,,,,,,,,,,,,,,False,False,no_detection,,,,,,,,,0,,,,,,,
shield_z0.8m,src/recordings/recoding_20260807_3.tar.xz::shield_z0.8m,227,7.566666666666666,2,fully_occluded,0,,,,,,,,,,,,,,,,False,False,no_detection,,,,,,,,,0,,,,,,,
shield_z0.8m,src/recordings/recoding_20260807_3.tar.xz::shield_z0.8m,228,7.6,2,fully_occluded,0,,,,,,,,,,,,,,,,False,False,no_detection,,,,,,,,,0,,,,,,,
shield_z0.8m,src/recordings/recoding_20260807_3.tar.xz::shield_z0.8m,229,7.633333333333334,2,fully_occluded,0,,,,,,,,,,,,,,,,False,False,no_detection,,,,,,,,,0,,,,,,,
shield_z0.8m,src/recordings/recoding_20260807_3.tar.xz::shield_z0.8m,230,7.666666666666667,2,fully_occluded,0,,,,,,,,,,,,,,,,False,False,no_detection,,,,,,,,,0,,,,,,,
shield_z0.8m,src/recordings/recoding_20260807_3.tar.xz::shield_z0.8m,231,7.7,2,fully_occluded,0,,,,,,,,,,,,,,,,False,False,no_detection,,,,,,,,,0,,,,,,,
shield_z0.8m,src/recordings/recoding_20260807_3.tar.xz::shield_z0.8m,232,7.733333333333333,2,fully_occluded,0,,,,,,,,,,,,,,,,False,False,no_detection,,,,,,,,,0,,,,,,,
shield_z0.8m,src/recordings/recoding_20260807_3.tar.xz::shield_z0.8m,233,7.766666666666667,2,fully_occluded,0,,,,,,,,,,,,,,,,False,False,no_detection,,,,,,,,,0,,,,,,,
shield_z0.8m,src/recordings/recoding_20260807_3.tar.xz::shield_z0.8m,234,7.8,2,fully_occluded,0,,,,,,,,,,,,,,,,False,False,no_detection,,,,,,,,,0,,,,,,,
shield_z0.8m,src/recordings/recoding_20260807_3.tar.xz::shield_z0.8m,235,7.833333333333333,2,fully_occluded,0,,,,,,,,,,,,,,,,False,False,no_detection,,,,,,,,,0,,,,,,,
shield_z0.8m,src/recordings/recoding_20260807_3.tar.xz::shield_z0.8m,236,7.866666666666666,2,fully_occluded,0,,,,,,,,,,,,,,,,False,False,no_detection,,,,,,,,,0,,,,,,,
shield_z0.8m,src/recordings/recoding_20260807_3.tar.xz::shield_z0.8m,237,7.9,2,fully_occluded,0,,,,,,,,,,,,,,,,False,False,no_detection,,,,,,,,,0,,,,,,,
shield_z0.8m,src/recordings/recoding_20260807_3.tar.xz::shield_z0.8m,238,7.933333333333334,2,fully_occluded,0,,,,,,,,,,,,,,,,False,False,no_detection,,,,,,,,,0,,,,,,,
shield_z0.8m,src/recordings/recoding_20260807_3.tar.xz::shield_z0.8m,239,7.966666666666667,2,fully_occluded,0,,,,,,,,,,,,,,,,False,False,no_detection,,,,,,,,,0,,,,,,,
shield_z0.8m,src/recordings/recoding_20260807_3.tar.xz::shield_z0.8m,240,8.0,2,fully_occluded,0,,,,,,,,,,,,,,,,False,False,no_detection,,,,,,,,,0,,,,,,,
shield_z0.8m,src/recordings/recoding_20260807_3.tar.xz::shield_z0.8m,241,8.033333333333333,2,fully_occluded,0,,,,,,,,,,,,,,,,False,False,no_detection,,,,,,,,,0,,,,,,,
shield_z0.8m,src/recordings/recoding_20260807_3.tar.xz::shield_z0.8m,242,8.066666666666666,2,fully_occluded,0,,,,,,,,,,,,,,,,False,False,no_detection,,,,,,,,,0,,,,,,,
shield_z0.8m,src/recordings/recoding_20260807_3.tar.xz::shield_z0.8m,243,8.1,2,fully_occluded,0,,,,,,,,,,,,,,,,False,False,no_detection,,,,,,,,,0,,,,,,,
shield_z0.8m,src/recordings/recoding_20260807_3.tar.xz::shield_z0.8m,244,8.133333333333333,2,fully_occluded,0,,,,,,,,,,,,,,,,False,False,no_detection,,,,,,,,,0,,,,,,,
shield_z0.8m,src/recordings/recoding_20260807_3.tar.xz::shield_z0.8m,245,8.166666666666666,2,fully_occluded,0,,,,,,,,,,,,,,,,False,False,no_detection,,,,,,,,,0,,,,,,,
shield_z0.8m,src/recordings/recoding_20260807_3.tar.xz::shield_z0.8m,246,8.2,2,fully_occluded,0,,,,,,,,,,,,,,,,False,False,no_detection,,,,,,,,,0,,,,,,,
shield_z0.8m,src/recordings/recoding_20260807_3.tar.xz::shield_z0.8m,247,8.233333333333333,2,fully_occluded,0,,,,,,,,,,,,,,,,False,False,no_detection,,,,,,,,,0,,,,,,,
shield_z0.8m,src/recordings/recoding_20260807_3.tar.xz::shield_z0.8m,248,8.266666666666667,2,fully_occluded,0,,,,,,,,,,,,,,,,False,False,no_detection,,,,,,,,,0,,,,,,,
shield_z0.8m,src/recordings/recoding_20260807_3.tar.xz::shield_z0.8m,249,8.3,2,fully_occluded,0,,,,,,,,,,,,,,,,False,False,no_detection,,,,,,,,,0,,,,,,,
shield_z0.8m,src/recordings/recoding_20260807_3.tar.xz::shield_z0.8m,250,8.333333333333334,2,fully_occluded,0,,,,,,,,,,,,,,,,False,False,no_detection,,,,,,,,,0,,,,,,,
shield_z0.8m,src/recordings/recoding_20260807_3.tar.xz::shield_z0.8m,251,8.366666666666667,2,fully_occluded,0,,,,,,,,,,,,,,,,False,False,no_detection,,,,,,,,,0,,,,,,,
shield_z0.8m,src/recordings/recoding_20260807_3.tar.xz::shield_z0.8m,252,8.4,2,fully_occluded,0,,,,,,,,,,,,,,,,False,False,no_detection,,,,,,,,,0,,,,,,,
shield_z0.8m,src/recordings/recoding_20260807_3.tar.xz::shield_z0.8m,253,8.433333333333334,2,fully_occluded,0,,,,,,,,,,,,,,,,False,False,no_detection,,,,,,,,,0,,,,,,,
shield_z0.8m,src/recordings/recoding_20260807_3.tar.xz::shield_z0.8m,254,8.466666666666667,2,fully_occluded,0,,,,,,,,,,,,,,,,False,False,no_detection,,,,,,,,,0,,,,,,,
shield_z0.8m,src/recordings/recoding_20260807_3.tar.xz::shield_z0.8m,255,8.5,2,fully_occluded,0,,,,,,,,,,,,,,,,False,False,no_detection,,,,,,,,,0,,,,,,,
shield_z0.8m,src/recordings/recoding_20260807_3.tar.xz::shield_z0.8m,256,8.533333333333333,2,fully_occluded,0,,,,,,,,,,,,,,,,False,False,no_detection,,,,,,,,,0,,,,,,,
shield_z0.8m,src/recordings/recoding_20260807_3.tar.xz::shield_z0.8m,257,8.566666666666666,2,fully_occluded,0,,,,,,,,,,,,,,,,False,False,no_detection,,,,,,,,,0,,,,,,,
shield_z0.8m,src/recordings/recoding_20260807_3.tar.xz::shield_z0.8m,258,8.6,2,fully_occluded,0,,,,,,,,,,,,,,,,False,False,no_detection,,,,,,,,,0,,,,,,,
shield_z0.8m,src/recordings/recoding_20260807_3.tar.xz::shield_z0.8m,259,8.633333333333333,2,fully_occluded,0,,,,,,,,,,,,,,,,False,False,no_detection,,,,,,,,,0,,,,,,,
shield_z0.8m,src/recordings/recoding_20260807_3.tar.xz::shield_z0.8m,260,8.666666666666666,2,fully_occluded,0,,,,,,,,,,,,,,,,False,False,no_detection,,,,,,,,,0,,,,,,,
shield_z0.8m,src/recordings/recoding_20260807_3.tar.xz::shield_z0.8m,261,8.7,2,fully_occluded,0,,,,,,,,,,,,,,,,False,False,no_detection,,,,,,,,,0,,,,,,,
shield_z0.8m,src/recordings/recoding_20260807_3.tar.xz::shield_z0.8m,262,8.733333333333333,2,fully_occluded,0,,,,,,,,,,,,,,,,False,False,no_detection,,,,,,,,,0,,,,,,,
shield_z0.8m,src/recordings/recoding_20260807_3.tar.xz::shield_z0.8m,263,8.766666666666667,2,fully_occluded,0,,,,,,,,,,,,,,,,False,False,no_detection,,,,,,,,,0,,,,,,,
shield_z0.8m,src/recordings/recoding_20260807_3.tar.xz::shield_z0.8m,264,8.8,2,fully_occluded,0,,,,,,,,,,,,,,,,False,False,no_detection,,,,,,,,,0,,,,,,,
shield_z0.8m,src/recordings/recoding_20260807_3.tar.xz::shield_z0.8m,265,8.833333333333334,2,fully_occluded,0,,,,,,,,,,,,,,,,False,False,no_detection,,,,,,,,,0,,,,,,,
shield_z0.8m,src/recordings/recoding_20260807_3.tar.xz::shield_z0.8m,266,8.866666666666667,2,fully_occluded,0,,,,,,,,,,,,,,,,False,False,no_detection,,,,,,,,,0,,,,,,,
shield_z0.8m,src/recordings/recoding_20260807_3.tar.xz::shield_z0.8m,267,8.9,2,fully_occluded,0,,,,,,,,,,,,,,,,False,False,no_detection,,,,,,,,,0,,,,,,,
shield_z0.8m,src/recordings/recoding_20260807_3.tar.xz::shield_z0.8m,268,8.933333333333334,2,fully_occluded,0,,,,,,,,,,,,,,,,False,False,no_detection,,,,,,,,,0,,,,,,,
shield_z0.8m,src/recordings/recoding_20260807_3.tar.xz::shield_z0.8m,269,8.966666666666667,2,fully_occluded,0,,,,,,,,,,,,,,,,False,False,no_detection,,,,,,,,,0,,,,,,,
shield_z0.8m,src/recordings/recoding_20260807_3.tar.xz::shield_z0.8m,270,9.0,2,fully_occluded,0,,,,,,,,,,,,,,,,False,False,no_detection,,,,,,,,,0,,,,,,,
shield_z0.8m,src/recordings/recoding_20260807_3.tar.xz::shield_z0.8m,271,9.033333333333333,2,fully_occluded,0,,,,,,,,,,,,,,,,False,False,no_detection,,,,,,,,,0,,,,,,,
shield_z0.8m,src/recordings/recoding_20260807_3.tar.xz::shield_z0.8m,272,9.066666666666666,2,fully_occluded,0,,,,,,,,,,,,,,,,False,False,no_detection,,,,,,,,,0,,,,,,,
shield_z0.8m,src/recordings/recoding_20260807_3.tar.xz::shield_z0.8m,273,9.1,2,fully_occluded,0,,,,,,,,,,,,,,,,False,False,no_detection,,,,,,,,,0,,,,,,,
shield_z0.8m,src/recordings/recoding_20260807_3.tar.xz::shield_z0.8m,274,9.133333333333333,2,fully_occluded,0,,,,,,,,,,,,,,,,False,False,no_detection,,,,,,,,,0,,,,,,,
shield_z0.8m,src/recordings/recoding_20260807_3.tar.xz::shield_z0.8m,275,9.166666666666666,2,fully_occluded,0,,,,,,,,,,,,,,,,False,False,no_detection,,,,,,,,,0,,,,,,,
shield_z0.8m,src/recordings/recoding_20260807_3.tar.xz::shield_z0.8m,276,9.2,2,fully_occluded,0,,,,,,,,,,,,,,,,False,False,no_detection,,,,,,,,,0,,,,,,,
shield_z0.8m,src/recordings/recoding_20260807_3.tar.xz::shield_z0.8m,277,9.233333333333333,2,fully_occluded,0,,,,,,,,,,,,,,,,False,False,no_detection,,,,,,,,,0,,,,,,,
shield_z0.8m,src/recordings/recoding_20260807_3.tar.xz::shield_z0.8m,278,9.266666666666667,2,fully_occluded,0,,,,,,,,,,,,,,,,False,False,no_detection,,,,,,,,,0,,,,,,,
shield_z0.8m,src/recordings/recoding_20260807_3.tar.xz::shield_z0.8m,279,9.3,2,fully_occluded,0,,,,,,,,,,,,,,,,False,False,no_detection,,,,,,,,,0,,,,,,,
shield_z0.8m,src/recordings/recoding_20260807_3.tar.xz::shield_z0.8m,280,9.333333333333334,2,fully_occluded,0,,,,,,,,,,,,,,,,False,False,no_detection,,,,,,,,,0,,,,,,,
shield_z0.8m,src/recordings/recoding_20260807_3.tar.xz::shield_z0.8m,281,9.366666666666667,2,fully_occluded,0,,,,,,,,,,,,,,,,False,False,no_detection,,,,,,,,,0,,,,,,,
shield_z0.8m,src/recordings/recoding_20260807_3.tar.xz::shield_z0.8m,282,9.4,2,reappearing,1,330.0,435.0,0.03990520001498066,0.985648543180375,0.9864560181081725,0.04684566870815211,0.985648543180375,0.9867611501018417,474.0,15,22,71,0.30985915492957744,0.3034571062740077,0.47000495785820523,True,True,initialized,,,,,,,,,1,0,0.04684566706418991,0.9856485724449158,0.98676117925534,0.0,0.0,0.0
shield_z0.8m,src/recordings/recoding_20260807_3.tar.xz::shield_z0.8m,283,9.433333333333334,2,reappearing,1,331.0,435.0,0.04595474783142866,0.985648543180375,0.9867192556760235,0.050521910809806586,0.985648543180375,0.9869425080243882,930.0,15,42,84,0.5,0.26360544217687076,0.4397163120567376,True,True,accepted,0.04684566706418991,0.9856485724449158,0.0036762431263923645,0.0,0.0020784721709787846,0.0,0.0020784721709787846,0.006502258591353893,1,0,0.04893006011843681,0.9856485724449158,0.9868623303915771,0.014813062734901905,0.0,0.0
shield_z0.8m,src/recordings/recoding_20260807_3.tar.xz::shield_z0.8m,284,9.466666666666667,2,reappearing,1,314.5,437.0,-0.05443844364599583,0.9657444645948662,0.9672775791065473,-0.010485901414655871,0.9657444645948662,0.9658013900508233,2379.5,18,53,84,0.6309523809523809,0.5344788858939802,0.6154940506983962,True,True,accepted,0.04942382872104645,0.9856485724449158,-0.05990973114967346,-0.019904136657714844,0.001895808964036405,0.0,0.001895808964036405,2.1021900177001953,1,0,0.017955128103494644,0.9751935601234436,0.9753588397771609,-0.33153295516967773,-0.11506842821836472,0.0
shield_z0.8m,src/recordings/recoding_20260807_3.tar.xz::shield_z0.8m,285,9.5,2,reappearing,1,326.0,437.0,0.01566171851619398,0.9573786589380611,0.9575067550763915,0.03211317793682525,0.9573786589380611,0.9579170907689467,2749.0,19,57,86,0.6627906976744186,0.5607915136678907,0.6620905587668593,True,True,accepted,0.006904028821736574,0.9713579416275024,0.025209151208400726,-0.01397925615310669,0.0018957407446578145,0.0,0.0018957407446578145,0.43830937147140503,1,0,0.020145174115896225,0.9640153050422668,0.964225770447925,-0.19180268049240112,-0.19255319237709045,0.0
shield_z0.8m,src/recordings/recoding_20260807_3.tar.xz::shield_z0.8m,286,9.533333333333333,2,reappearing,1,315.5,437.0,-0.04831949987347792,0.9657444645948662,0.9669525039854066,-0.006767488171764181,0.9657444645948662,0.965768176009015,2915.5,20,65,84,0.7738095238095238,0.533974358974359,0.6314706519384882,True,True,accepted,0.013751750811934471,0.9575968384742737,-0.020519237965345383,0.008147597312927246,0.0018194911535829306,0.0,0.0018194911535829306,0.26788944005966187,1,0,0.0033822269178926945,0.9617142677307129,0.9617202151435444,-0.28693056106567383,-0.15478065609931946,0.0
shield_z0.8m,src/recordings/recoding_20260807_3.tar.xz::shield_z0.8m,287,9.566666666666666,2,reappearing,1,322.5,437.0,-0.005611025795564461,0.963042521322266,0.963058867092363,0.019185970709205642,0.963042521322266,0.9632336161839461,3205.5,20,68,84,0.8095238095238095,0.561186974789916,0.6515906088017075,True,True,accepted,-0.006182125769555569,0.9565548896789551,0.0253680981695652,0.006487607955932617,0.0017065037973225117,0.0,0.0017065037973225117,0.4017743468284607,1,0,0.005806989036500454,0.9596209526062012,0.959638522466925,-0.19180747866630554,-0.13045398890972137,0.0
shield_z0.8m,src/recordings/recoding_20260807_3.tar.xz::shield_z0.8m,288,9.6,2,reappearing,1,315.0,439.0,-0.050729631101804645,0.9409197001327227,0.9422862503345669,-0.008232097785725246,0.9409197001327227,0.9409557107174634,3325.5,21,64,86,0.7441860465116279,0.6041969476744186,0.6902957965749871,True,True,accepted,-0.0005865939310751855,0.9552724957466125,-0.007645504083484411,-0.014352798461914062,0.0015999670140445232,0.0,0.0015999670140445232,0.1652887612581253,1,0,-0.003931413404643536,0.9489933252334595,0.9490014685705269,-0.2151494026184082,-0.17427347600460052,0.0
shield_z0.8m,src/recordings/recoding_20260807_3.tar.xz::shield_z0.8m,289,9.633333333333333,2,reappearing,1,320.5,437.0,-0.017791195706541987,0.9606801112471024,0.9608448380411967,0.011784218579848713,0.9606801112471024,0.9607523843078833,3459.0,24,66,86,0.7674418604651163,0.6094080338266384,0.696256038647343,True,True,accepted,-0.011103060096502304,0.9431841969490051,0.022887278348207474,0.017495930194854736,0.0015127676306292415,0.0,0.0015127676306292415,0.548620343208313,1,0,-0.0018322485266253352,0.9502711892127991,0.9502729556198949,-0.15699271857738495,-0.1298162341117859,0.0
shield_z0.8m,src/recordings/recoding_20260807_3.tar.xz::shield_z0.8m,290,9.666666666666666,2,reappearing,1,318.0,439.0,-0.032773239618222365,0.9417791130814337,0.94234918319672,0.0026797991640361944,0.9417791130814337,0.9417829257105967,3648.0,31,70,86,0.813953488372093,0.6059800664451828,0.7024164821411379,True,True,accepted,-0.007065339479595423,0.9459439516067505,0.009745138697326183,-0.0041648149490356445,0.0014447893481701612,0.0,0.0014447893481701612,0.07773687690496445,1,0,-0.003390723140910268,0.9443734884262085,0.9443795755127832,-0.13580740988254547,-0.13887028396129608,0.0
shield_z0.8m,src/recordings/recoding_20260807_3.tar.xz::shield_z0.8m,291,9.7,0,visible,1,322.5,437.0,-0.005611025795564461,0.963042521322266,0.963058867092363,0.019185970709205642,0.963042521322266,0.9632336161839461,4394.0,20,71,84,0.8452380952380952,0.7367538564721663,0.8495746326372776,True,True,accepted,-0.007917637005448341,0.9397444725036621,0.0271036084741354,0.023298025131225586,0.001392763340845704,0.0,0.001392763340845704,0.9171719551086426,1,0,0.001671692356467247,0.9479873776435852,0.9479888515836545,-0.08392134308815002,-0.09426947683095932,0.0
shield_z0.8m,src/recordings/recoding_20260807_3.tar.xz::shield_z0.8m,292,9.733333333333333,0,visible,1,320.5,439.0,-0.01783935950494546,0.9417445069623722,0.9419134562906235,0.011754949981791676,0.9417445069623722,0.9418178673410672,3939.5,28,67,86,0.7790697674418605,0.6837035751475182,0.768383070021455,True,True,accepted,-0.0011256858706474304,0.9448450803756714,0.01288063544780016,-0.003100574016571045,0.0013533530291169882,0.0,0.0013533530291169882,0.12969589233398438,1,0,0.003189133945852518,0.9438064098358154,0.9438117978826582,-0.061594780534505844,-0.09964383393526077,0.0
shield_z0.8m,src/recordings/recoding_20260807_3.tar.xz::shield_z0.8m,293,9.766666666666667,0,visible,1,322.0,437.0,-0.008653833682400858,0.9632481026520144,0.9632869749457367,0.017336890612603947,0.9632481026520144,0.963404107858597,4361.5,21,69,84,0.8214285714285714,0.7525017253278122,0.8517722878625135,True,True,accepted,0.001135974540375173,0.9404849410057068,0.016200914978981018,0.02276313304901123,0.0013238159008324146,0.0,0.0013238159008324146,0.5896815657615662,1,0,0.006322652567178011,0.9477725028991699,0.9477935920796481,-0.035519104450941086,-0.06300614774227142,0.0
shield_z0.8m,src/recordings/recoding_20260807_3.tar.xz::shield_z0.8m,294,9.8,0,visible,1,313.0,439.0,-0.06272172407592302,0.941677501595313,0.943764023303414,-0.015519557677941422,0.941677501595313,0.9418053799386101,4493.0,19,69,86,0.8023255813953488,0.7571621166161105,0.8862806982937174,True,True,accepted,0.005138682201504707,0.9456722736358643,-0.020658239722251892,-0.003994762897491455,0.0013019997859373689,0.0,0.0013019997859373689,0.34003153443336487,1,0,-0.0012396650854498148,0.9444388747215271,0.9444396883098404,-0.06706629693508148,-0.06910654902458191,0.0
shield_z0.8m,src/recordings/recoding_20260807_3.tar.xz::shield_z0.8m,295,9.833333333333334,0,visible,1,325.0,437.0,0.009127560875959333,0.9595638469544181,0.9596072575535818,0.028142443901040426,0.9595638469544181,0.9599764442582355,4560.0,18,69,86,0.8023255813953488,0.7684529828109201,0.8885424785658612,True,True,accepted,-0.0034752085339277983,0.9421353340148926,0.031617652624845505,0.01742851734161377,0.0012862063013017178,0.0,0.0012862063013017178,1.0133904218673706,1,0,0.006018553860485554,0.9473685622215271,0.9473876797152553,-0.02045297436416149,-0.04341200739145279,0.0
shield_z0.8m,src/recordings/recoding_20260807_3.tar.xz::shield_z0.8m,296,9.866666666666667,0,visible,1,314.5,439.0,-0.05372659886417459,0.9418166221901587,0.9433478135127001,-0.01005332135476128,0.9418166221901587,0.9418702772165296,4422.0,22,71,86,0.8255813953488372,0.724205699312152,0.8588909391084782,True,True,accepted,0.0053367880173027515,0.9459214806556702,-0.015390109270811081,-0.0041048526763916016,0.0012750697787851095,0.0,0.0012750697787851095,0.1989736258983612,1,0,0.0008096906822174788,0.9447140097618103,0.944714356744534,-0.04264780879020691,-0.04933181777596474,0.0
shield_z0.8m,src/recordings/recoding_20260807_3.tar.xz::shield_z0.8m,297,9.9,0,visible,1,317.0,439.0,-0.03875445927654104,0.9415747426305591,0.9423719563280842,-0.0009549206851681702,0.9415747426305591,0.9415752268583315,3714.5,27,68,86,0.7906976744186046,0.6351744186046512,0.7389833880433702,True,True,accepted,-0.0006119030294939876,0.9430696368217468,-0.0003430176293477416,-0.0014948844909667969,0.0012674727477133274,0.0,0.0012674727477133274,0.001855929964222014,1,0,-0.0007113526226021349,0.942636251449585,0.9426365198577227,-0.04313626140356064,-0.05146050825715065,0.0
shield_z0.8m,src/recordings/recoding_20260807_3.tar.xz::shield_z0.8m,298,9.933333333333334,0,visible,1,310.0,439.0,-0.08074144374889326,0.9415747426305591,0.9450302517371914,-0.026469938455438977,0.9415747426305591,0.9419467360746245,4532.5,19,68,86,0.7906976744186046,0.7750512995896033,0.8837866822657697,True,True,accepted,-0.0021492280066013336,0.940920889377594,-0.024320710450410843,0.0006538629531860352,0.0012624971568584442,0.0,0.0012624971568584442,0.468852162361145,1,0,-0.009132363833487034,0.9411086440086365,0.9411529524455425,-0.07754504680633545,-0.050535425543785095,0.0
shield_z0.8m,src/recordings/recoding_20260807_3.tar.xz::shield_z0.8m,299,9.966666666666667,0,visible,1,323.5,437.0,0.0004723501708151618,0.9606801112471024,0.9606802273703924,0.022882769796732937,0.9606801112471024,0.960952598882648,4564.5,18,72,86,0.8372093023255814,0.7371608527131783,0.8718365008117658,True,True,accepted,-0.01171719841659069,0.9394241571426392,0.034599967300891876,0.021255970001220703,0.0012593972496688366,0.0,0.0012593972496688366,1.3093359470367432,1,0,-0.0018433225341141224,0.9454900026321411,0.9454917994965852,-0.028724735602736473,-0.020543400198221207,0.0
shield_z0.8m,src/recordings/recoding_20260807_3.tar.xz::shield_z0.8m,300,10.0,0,visible,1,313.5,439.0,-0.05972264535123378,0.9418412057631544,0.9437328283159073,-0.013697051300869373,0.9418412057631544,0.9419407975492575,4406.5,22,71,86,0.8255813953488372,0.7216672125777923,0.8521562560433185,True,True,accepted,-0.002800813876092434,0.9448052048683167,-0.010896237567067146,-0.002964019775390625,0.0012575817527249455,0.0,0.0012575817527249455,0.10139571130275726,1,0,-0.005899058189243078,0.9439623951911926,0.9439808273596522,-0.04408968985080719,-0.024723010137677193,0.0
shield_z0.8m,src/recordings/recoding_20260807_3.tar.xz::shield_z0.8m,301,10.033333333333333,0,visible,1,307.0,439.0,-0.09879885605712552,0.941615978800184,0.9467850154549475,-0.03744322462303788,0.941615978800184,0.942360146972483,4481.5,23,74,86,0.8604651162790697,0.7041954745443118,0.8259307040176926,True,True,accepted,-0.007368714548647404,0.9431383013725281,-0.030074510723352432,-0.0015223026275634766,0.0012565999059006572,0.0,0.0012565999059006572,0.7216247320175171,1,0,-0.015903307124972343,0.942706286907196,0.9428404205123282,-0.08651196956634521,-0.026870328933000565,0.0
shield_z0.8m,src/recordings/recoding_20260807_3.tar.xz::shield_z0.8m,302,10.066666666666666,0,visible,1,313.0,439.0,-0.06272172407592302,0.9415747426305591,0.9436614915481397,-0.015519557677941422,0.9415747426305591,0.9417026349279918,4651.0,19,66,86,0.7674418604651163,0.819415081042988,0.9017935046049442,True,True,accepted,-0.018787039443850517,0.9418106079101562,0.0032674819231033325,-0.0002358555793762207,0.0012561238836497068,0.0,0.0012561238836497068,0.00854379590600729,1,0,-0.01786067523062229,0.9417437314987183,0.9419130849164501,-0.08190015703439713,-0.02720322273671627,0.0
shield_z0.8m,src/recordings/recoding_20260807_3.tar.xz::shield_z0.8m,303,10.1,0,visible,1,317.0,439.0,-0.03875445927654104,0.9404462066752054,0.9412443762188437,-0.0009549206851681702,0.9404462066752054,0.9404466914840511,4481.5,21,73,86,0.8488372093023255,0.7138419878942338,0.8489297215381701,True,True,accepted,-0.020590679720044136,0.9408369660377502,0.01963575929403305,-0.00039076805114746094,0.0012559281894937158,0.0,0.0012559281894937158,0.3071160912513733,1,0,-0.015025935135781765,0.9407262206077576,0.9408462153113335,-0.05417058616876602,-0.027755064889788628,0.0
shield_z0.8m,src/recordings/recoding_20260807_3.tar.xz::shield_z0.8m,304,10.133333333333333,0,visible,1,305.0,439.0,-0.11085795694678999,0.941615978800184,0.9481192636742726,-0.04477140447114975,0.941615978800184,0.9426797601466512,4633.5,19,73,86,0.8488372093023255,0.7380535202293724,0.8730921424533635,True,True,accepted,-0.016831621527671814,0.939801037311554,-0.027939781546592712,0.0018149614334106445,0.0012558687012642622,0.0,0.0012558687012642622,0.6242097616195679,1,0,-0.02474876493215561,0.940315306186676,0.940640939155111,-0.09364087134599686,-0.025191085413098335,0.0
shield_z0.8m,src/recordings/recoding_20260807_3.tar.xz::shield_z0.8m,305,10.166666666666666,0,visible,1,321.5,439.0,-0.011873070088697915,0.9390235122097668,0.9390985711181213,0.01538059689097554,0.9390235122097668,0.9391494658697777,4667.0,20,75,86,0.872093023255814,0.7235658914728682,0.8497815003641661,True,True,accepted,-0.02787012793123722,0.9394755959510803,0.04325072467327118,-0.0004521012306213379,0.001255860785022378,0.0,0.001255860785022378,1.489678978919983,1,0,-0.015614600852131844,0.939347505569458,0.9394772759249339,-0.03253252059221268,-0.025829853489995003,0.0
shield_z0.8m,src/recordings/recoding_20260807_3.tar.xz::shield_z0.8m,306,10.2,0,visible,1,313.0,439.0,-0.06272172407592302,0.941677501595313,0.943764023303414,-0.015519557677941422,0.941677501595313,0.9418053799386101,4558.0,19,69,86,0.8023255813953488,0.7681159420289855,0.8691838291380626,True,True,accepted,-0.016699017956852913,0.9384865164756775,0.0011794604361057281,0.0031909942626953125,0.0012558605521917343,0.0,0.0012558605521917343,0.009215649217367172,1,0,-0.01636480540037155,0.9393907189369202,0.9395332509712553,-0.03086613118648529,-0.02132149040699005,0.0
shield_z0.8m,src/recordings/recoding_20260807_3.tar.xz::shield_z0.8m,307,10.233333333333333,0,visible,1,307.0,439.0,-0.09879885605712552,0.9414973094555549,0.9466669940746035,-0.03744322462303788,0.9414973094555549,0.942241571351116,4467.5,21,71,86,0.8255813953488372,0.7316573861775303,0.8341112770724421,True,True,accepted,-0.017393676564097404,0.9386799931526184,-0.020049547776579857,0.0028173327445983887,0.0012558500748127699,0.0,0.0012558500748127699,0.3264097571372986,1,0,-0.023074794560670853,0.9394782781600952,0.9397616087490882,-0.05918886139988899,-0.017341623082756996,0.0
shield_z0.8m,src/recordings/recoding_20260807_3.tar.xz::shield_z0.8m,308,10.266666666666667,0,visible,1,304.5,439.0,-0.11387584308167506,0.941693701219312,0.9485540230022163,-0.04660533989966214,0.941693701219312,0.9428462677569922,4623.5,18,71,86,0.8255813953488372,0.7572060268588274,0.8717827849533327,True,True,accepted,-0.025047756731510162,0.9389002323150635,-0.021557584404945374,0.0027934908866882324,0.001255825744010508,0.0,0.001255825744010508,0.3762727677822113,1,0,-0.031155884265899658,0.9396917223930359,0.9402080739168222,-0.08963586390018463,-0.013396217487752438,0.0
shield_z0.8m,src/recordings/recoding_20260807_3.tar.xz::shield_z0.8m,309,10.3,0,visible,1,309.5,439.0,-0.08374892412364858,0.941536026043057,0.9452533896415398,-0.02829755042066958,0.941536026043057,0.9419611667668484,4538.5,22,70,86,0.813953488372093,0.7539036544850498,0.8564015473157846,True,True,accepted,-0.03414374589920044,0.9392451643943787,0.005846194922924042,0.0022908449172973633,0.00125579081941396,0.0,0.00125579081941396,0.031395331025123596,1,0,-0.032487399876117706,0.9398941993713379,0.9404554945145459,-0.0813806802034378,-0.010161404497921467,0.0
shield_z0.8m,src/recordings/recoding_20260807_3.tar.xz::shield_z0.8m,310,10.333333333333334,0,visible,1,313.0,439.0,-0.06272172407592302,0.9412959598046738,0.9433833253856347,-0.015519557677941422,0.9412959598046738,0.9414238899747133,4561.5,21,75,86,0.872093023255814,0.7072093023255814,0.8304205352266522,True,True,accepted,-0.0352000892162323,0.9395554661750793,0.019680531695485115,0.0017405152320861816,0.0012557506561279297,0.0,0.0012557506561279297,0.3108520805835724,1,0,-0.02962464839220047,0.9400485754013062,0.9405152544783028,-0.05359590798616409,-0.00770416297018528,0.0
shield_z0.8m,src/recordings/recoding_20260807_3.tar.xz::shield_z0.8m,311,10.366666666666667,0,visible,1,314.0,439.0,-0.05672356662654454,0.9411199991543165,0.9428278823937362,-0.011874544923797317,0.9411199991543165,0.9411949094769734,4628.0,19,72,86,0.8372093023255814,0.7474160206718347,0.8613437558161177,True,True,accepted,-0.03141117841005325,0.9397917985916138,0.019536633044481277,0.0013282299041748047,0.0012557106092572212,0.0,0.0012557106092572212,0.305360347032547,1,0,-0.025876950472593307,0.940168023109436,0.9405240710599948,-0.026018716394901276,-0.005829282570630312,0.0
shield_z0.8m,src/recordings/recoding_20260807_3.tar.xz::shield_z0.8m,312,10.4,0,visible,1,321.5,439.0,-0.011873070088697915,0.9390235122097668,0.9390985711181213,0.01538059689097554,0.9390235122097668,0.9391494658697777,4474.5,20,70,86,0.813953488372093,0.7432724252491695,0.8440860215053764,True,True,accepted,-0.026744240894913673,0.9399737119674683,0.04212483763694763,-0.0009502172470092773,0.0012556741712614894,0.0,0.0012556741712614894,1.4139056205749512,1,0,-0.014812230132520199,0.9397045373916626,0.9398212701125557,0.03343578055500984,-0.00717040803283453,0.0
shield_z0.8m,src/recordings/recoding_20260807_3.tar.xz::shield_z0.8m,313,10.433333333333334,0,visible,1,315.0,439.0,-0.050729631101804645,0.9414475513964032,0.9428133365104719,-0.008232097785725246,0.9414475513964032,0.9414835417914841,4395.0,23,69,86,0.8023255813953488,0.7406471183013145,0.8401032208735544,True,True,accepted,-0.013697704300284386,0.9394655227661133,0.005465606227517128,0.0019820332527160645,0.001255643554031849,0.0,0.001255643554031849,0.02691951021552086,1,0,-0.012149647809565067,0.9400268793106079,0.9401053918409025,0.04114918410778046,-0.004373239818960428,0.0
shield_z0.8m,src/recordings/recoding_20260807_3.tar.xz::shield_z0.8m,314,10.466666666666667,0,visible,1,313.5,439.0,-0.05972264535123378,0.9413249072442145,0.9432175652340653,-0.013697051300869373,0.9413249072442145,0.9414245536487073,4509.0,22,73,86,0.8488372093023255,0.7182223638101306,0.8333795397837538,True,True,accepted,-0.01077800802886486,0.9398810863494873,-0.0029190434142947197,0.0014438033103942871,0.001255619339644909,0.0,0.001255619339644909,0.008446335792541504,1,0,-0.011604745872318745,0.9402899742126465,0.9403615824413397,0.037029895931482315,-0.0023357775062322617,0.0
shield_z0.8m,src/recordings/recoding_20260807_3.tar.xz::shield_z0.8m,315,10.5,0,visible,1,313.5,439.0,-0.05972264535123378,0.9412079794794952,0.9431008721253645,-0.013697051300869373,0.9412079794794952,0.9413076382619088,4610.0,20,72,86,0.8372093023255814,0.7445090439276486,0.8585529378899339,True,True,accepted,-0.010370415635406971,0.9402121305465698,-0.0033266358077526093,0.0009958744049072266,0.001255601178854704,0.0,0.001255601178854704,0.009603584185242653,1,0,-0.011312558315694332,0.940494179725647,0.9405622127607847,0.03233559802174568,-0.0009304747800342739,0.0
shield_z0.8m,src/recordings/recoding_20260807_3.tar.xz::shield_z0.8m,316,10.533333333333333,0,visible,1,317.5,439.0,-0.0357638494473817,0.9403096386213436,0.9409895161007358,0.0008624392394340138,0.9403096386213436,0.9403100341300435,4553.0,20,69,86,0.8023255813953488,0.7672733400741489,0.8648494633868363,True,True,accepted,-0.010234705172479153,0.9404631853103638,0.011097144335508347,-0.00015354156494140625,0.0012555884895846248,0.0,0.0012555884895846248,0.09809757024049759,1,0,-0.007091942243278027,0.9404196739196777,0.9404464146031792,0.047994714230298996,-0.0011471364414319396,0.0
shield_z0.8m,src/recordings/recoding_20260807_3.tar.xz::shield_z0.8m,317,10.566666666666666,0,visible,1,309.5,439.0,-0.08374892412364858,0.941536026043057,0.9452533896415398,-0.02829755042066958,0.941536026043057,0.9419611667668484,4437.5,20,71,86,0.8255813953488372,0.7267441860465116,0.8371062063761554,True,True,accepted,-0.005492118187248707,0.9403814077377319,-0.022805433720350266,0.0011546015739440918,0.0012555799912661314,0.0,0.0012555799912661314,0.4152829349040985,1,0,-0.011950612999498844,0.9407083988189697,0.9407843051197302,0.015814436599612236,0.00048209805390797555,0.0
shield_z0.8m,src/recordings/recoding_20260807_3.tar.xz::shield_z0.8m,318,10.6,0,visible,1,313.5,439.0,-0.05972264535123378,0.9412079794794952,0.9431008721253645,-0.013697051300869373,0.9412079794794952,0.9413076382619088,4524.5,20,69,86,0.8023255813953488,0.7624705089315807,0.8658501578796287,True,True,accepted,-0.011423464864492416,0.9407244920730591,-0.002273586578667164,0.00048351287841796875,0.0012555747525766492,0.0,0.0012555747525766492,0.004303193185478449,1,0,-0.012067337520420551,0.9408614039421082,0.9409387876279448,0.012606238946318626,0.0011643702164292336,0.0
shield_z0.8m,src/recordings/recoding_20260807_3.tar.xz::shield_z0.8m,319,10.633333333333333,0,visible,1,310.5,439.0,-0.07773605742156758,0.9415953607153715,0.9447987711381508,-0.02464359901925637,0.9415953607153715,0.9419177938086384,4632.0,18,71,86,0.8255813953488372,0.7585981002292826,0.881781838949172,True,True,accepted,-0.01164712943136692,0.9409002065658569,-0.01299646869301796,0.0006951689720153809,0.0012555716093629599,0.0,0.0012555716093629599,0.13491182029247284,1,0,-0.015327665023505688,0.94109708070755,0.9412218934084278,-0.0057327174581587315,0.0021453038789331913,0.0
shield_z0.8m,src/recordings/recoding_20260807_3.tar.xz::shield_z0.8m,320,10.666666666666666,0,visible,1,316.5,439.0,-0.041747192574586575,0.9405706497461043,0.9414966676795348,-0.0027735710179062727,0.9405706497461043,0.9405747391143354,4456.0,22,71,88,0.8068181818181818,0.7131882202304738,0.8298724276003352,True,True,accepted,-0.01551875565201044,0.9411686062812805,0.012745184823870659,-0.0005979537963867188,0.0012555699795484543,0.0,0.0012555699795484543,0.12966006994247437,1,0,-0.011909394524991512,0.9409992694854736,0.9410746297983741,0.012251673266291618,0.0013015472795814276,0.0
shield_z0.8m,src/recordings/recoding_20260807_3.tar.xz::shield_z0.8m,321,10.7,0,visible,1,321.5,437.0,-0.01169887720652366,0.9589691007135683,0.9590404578803144,0.01548645194439233,0.9589691007135683,0.9590941384020736,4424.5,22,69,86,0.8023255813953488,0.74561846983485,0.8456613149847095,True,True,accepted,-0.011501005850732327,0.9410426616668701,0.026987457647919655,0.017926454544067383,0.0012555691646412015,0.0,0.0012555691646412015,0.83601975440979,1,0,-0.003858329262584448,0.9461193084716797,0.9461271756839182,0.05033300071954727,0.026597119867801666,0.0
shield_z0.8m,src/recordings/recoding_20260807_3.tar.xz::shield_z0.8m,322,10.733333333333333,0,visible,1,306.5,439.0,-0.10181259285893202,0.9417328483039432,0.947220439834,-0.039274638548552024,0.9417328483039432,0.9425514600316405,4342.5,22,70,86,0.813953488372093,0.7213455149501661,0.8165663783377209,True,True,accepted,-0.002180562587454915,0.9470058679580688,-0.037094078958034515,-0.005273044109344482,0.001255568815395236,0.0,0.001255568815395236,1.118039608001709,1,0,-0.012685363180935383,0.945512592792511,0.9455976848365529,-0.0020095796789973974,0.019156452268362045,0.0
shield_z0.8m,src/recordings/recoding_20260807_3.tar.xz::shield_z0.8m,323,10.766666666666667,0,visible,1,315.0,439.0,-0.050729631101804645,0.9409197001327227,0.9422862503345669,-0.008232097785725246,0.9409197001327227,0.9409557107174634,4548.5,21,74,86,0.8604651162790697,0.7147234443746072,0.8381241938455869,True,True,accepted,-0.012752349488437176,0.9461511373519897,0.004520251415669918,-0.00523144006729126,0.001255568815395236,0.0,0.001255568815395236,0.03807090222835541,1,0,-0.011472243815660477,0.9446696043014526,0.9447392622672295,0.004368843976408243,0.011774486862123013,0.0
shield_z0.8m,src/recordings/recoding_20260807_3.tar.xz::shield_z0.8m,324,10.8,0,visible,1,316.0,439.0,-0.04473992587263211,0.9411199991543165,0.942182845192646,-0.004592221350644379,0.9411199991543165,0.9411312030238685,3945.0,27,70,86,0.813953488372093,0.6553156146179402,0.7365571321882002,True,True,accepted,-0.011326615698635578,0.9450621008872986,0.0067343944683671,-0.00394207239151001,0.001255568815395236,0.0,0.001255568815395236,0.04849754273891449,1,0,-0.00941947940737009,0.9439457058906555,0.9439927024409213,0.01387159712612629,0.006211916916072369,0.0
shield_z0.8m,src/recordings/recoding_20260807_3.tar.xz::shield_z0.8m,325,10.833333333333334,0,visible,1,316.0,439.0,-0.04473992587263211,0.9406950928170031,0.9417584183945895,-0.004592221350644379,0.9406950928170031,0.9407063017472156,4682.0,19,73,86,0.8488372093023255,0.7457789104810449,0.8674386289949051,True,True,accepted,-0.0089570926502347,0.9441527724266052,0.004364871419966221,-0.00345766544342041,0.001255568815395236,0.0,0.001255568815395236,0.024696020409464836,1,0,-0.007720989640802145,0.9431735873222351,0.9432051895019065,0.02003076858818531,0.0013328830245882273,0.0
shield_z0.8m,src/recordings/recoding_20260807_3.tar.xz::shield_z0.8m,326,10.866666666666667,0,visible,1,322.5,439.0,-0.005911064587175208,0.9386415953464285,0.93866020752935,0.01900364051340985,0.9386415953464285,0.9388339485059386,4585.0,20,70,86,0.813953488372093,0.7616279069767442,0.8660748016622591,True,True,accepted,-0.007053297478705645,0.9432179927825928,0.026056937873363495,-0.004576385021209717,0.001255568815395236,0.0,0.001255568815395236,0.5574423670768738,1,0,0.0003258555952925235,0.9419220089912415,0.9419220653557094,0.05679911747574806,-0.0051247491501271725,0.0
shield_z0.8m,src/recordings/recoding_20260807_3.tar.xz::shield_z0.8m,327,10.9,0,visible,1,314.0,439.0,-0.05672356662654454,0.9411199991543165,0.9428278823937362,-0.011874544923797317,0.9411199991543165,0.9411949094769734,4610.5,19,69,86,0.8023255813953488,0.7769632625547691,0.882730231667624,True,True,accepted,0.002219159621745348,0.9417511820793152,-0.014093704521656036,-0.0006311535835266113,0.001255568815395236,0.0,0.001255568815395236,0.1585184782743454,1,0,-0.0017720841569826007,0.9415724277496338,0.9415740953215518,0.036911822855472565,-0.006015355233103037,0.0
shield_z0.8m,src/recordings/recoding_20260807_3.tar.xz::shield_z0.8m,328,10.933333333333334,0,visible,1,304.5,439.0,-0.11387584308167506,0.9415953607153715,0.9484563938095799,-0.04660533989966214,0.9415953607153715,0.9427480474802765,4700.5,18,69,86,0.8023255813953488,0.7921300977418267,0.897127588510354,True,True,accepted,-0.0005416899803094566,0.9413719177246094,-0.04606365039944649,0.00022345781326293945,0.0012555686989799142,0.0,0.0012555686989799142,1.6899991035461426,1,0,-0.013586609624326229,0.9414352178573608,0.9415332524044068,-0.02808748558163643,-0.0057000392116606236,0.0
shield_z0.8m,src/recordings/recoding_20260807_3.tar.xz::shield_z0.8m,329,10.966666666666667,0,visible,1,320.0,439.0,-0.020823574173080436,0.9398757127471984,0.9401063645425426,0.00994147632454665,0.9398757127471984,0.9399282889473887,4217.0,27,71,86,0.8255813953488372,0.6906321650835244,0.7881506401270909,True,True,accepted,-0.014522858895361423,0.9412451982498169,0.024464335292577744,-0.001369476318359375,0.0012555685825645924,0.0,0.0012555685825645924,0.4781731367111206,1,0,-0.007594721857458353,0.9408573508262634,0.9408880031140299,0.006433537695556879,-0.007632473483681679,0.0
shield_z0.8m,src/recordings/recoding_20260807_3.tar.xz::shield_z0.8m,330,11.0,0,visible,1,320.5,439.0,-0.01783935950494546,0.9393813014083945,0.9395506756866686,0.011754949981791676,0.9393813014083945,0.939454846325678,4508.5,22,73,86,0.8488372093023255,0.7181427206116597,0.8325177730588127,True,True,accepted,-0.007380270399153233,0.9406029582023621,0.01913521997630596,-0.0012216567993164062,0.0012555685825645924,0.0,0.0012555685825645924,0.29281482100486755,1,0,-0.0019613057374954224,0.9402570128440857,0.9402590584103293,0.03343476727604866,-0.009356322698295116,0.0
shield_z0.8m,src/recordings/recoding_20260807_3.tar.xz::shield_z0.8m,331,11.033333333333333,0,visible,1,324.0,439.0,0.003024431563615524,0.9384446082281166,0.9384494818042718,0.024433640927555796,0.9384446082281166,0.9387626353458045,4550.0,19,68,86,0.7906976744186046,0.7780437756497948,0.8733205374280231,True,True,accepted,-0.0008468134328722954,0.9399451613426208,0.025280453264713287,-0.001500546932220459,0.0012555684661492705,0.0,0.0012555684661492705,0.5108067989349365,1,0,0.006312440615147352,0.9395202398300171,0.9395414455769222,0.06910737603902817,-0.011473706923425198,0.0
shield_z0.8m,src/recordings/recoding_20260807_3.tar.xz::shield_z0.8m,332,11.066666666666666,0,visible,1,320.0,439.0,-0.02083095271277701,0.9413538546837552,0.9415843076001673,0.009936992469041363,0.9413538546837552,0.9414063009919226,3835.0,27,68,87,0.7816091954022989,0.6482420554428668,0.72943414170233,True,True,accepted,0.00861601997166872,0.9391377568244934,0.0013209721073508263,0.0022161006927490234,0.0012555683497339487,0.0,0.0012555683497339487,0.005301240365952253,1,0,0.008990109898149967,0.9397653341293335,0.9398083343465298,0.07097136974334717,-0.008346623741090298,0.0
shield_z0.8m,src/recordings/recoding_20260807_3.tar.xz::shield_z0.8m,333,11.1,0,visible,1,316.5,439.0,-0.041747192574586575,0.9414007030400793,0.9423259052855414,-0.0027735710179062727,0.9414007030400793,0.941404788802642,3793.0,30,74,86,0.8604651162790697,0.5960087994971716,0.7009147186547168,True,True,accepted,0.01135582197457552,0.939487099647522,-0.014129392802715302,0.001913607120513916,0.0012555683497339487,0.0,0.0012555683497339487,0.1619199961423874,1,0,0.007354474626481533,0.9400290250778198,0.9400577941200147,0.05103374645113945,-0.005646381992846727,0.0
shield_z0.8m,src/recordings/recoding_20260807_3.tar.xz::shield_z0.8m,334,11.133333333333333,0,visible,1,308.0,439.0,-0.0927755447958093,0.9414475513964032,0.9460078190704571,-0.03378292618056329,0.9414475513964032,0.9420534900586085,4058.5,25,69,86,0.8023255813953488,0.6839400067408157,0.7834185889392916,True,True,accepted,0.009055599570274353,0.9398407936096191,-0.04283852502703667,0.001606762409210205,0.0012555683497339487,0.0,0.0012555683497339487,1.4636566638946533,1,0,-0.0030759768560528755,0.9402958154678345,0.9403008466549091,-0.009414589032530785,-0.003379120957106352,0.0
shield_z0.8m,src/recordings/recoding_20260807_3.tar.xz::shield_z0.8m,335,11.166666666666666,0,visible,1,310.0,439.0,-0.08074144374889326,0.9415747426305591,0.9450302517371914,-0.026469938455438977,0.9415747426305591,0.9419467360746245,4133.5,21,70,86,0.813953488372093,0.6866279069767441,0.7926174496644295,True,True,accepted,-0.0033897964749485254,0.940183162689209,-0.023080142214894295,0.001391589641571045,0.0012555683497339487,0.0,0.0012555683497339487,0.42580676078796387,1,0,-0.009925934486091137,0.9405772686004639,0.9406296414547711,-0.04198238253593445,-0.001415484817698598,0.0
shield_z0.8m,src/recordings/recoding_20260807_3.tar.xz::shield_z0.8m,336,11.2,0,visible,1,322.5,439.0,-0.005911064587175208,0.9393813014083945,0.9393998989356357,0.01900364051340985,0.9393813014083945,0.939573503132401,4298.0,24,68,86,0.7906976744186046,0.7349521203830369,0.8257444764649375,True,True,accepted,-0.011325347237288952,0.9405300617218018,0.030328989028930664,-0.0011487603187561035,0.0012555683497339487,0.0,0.0012555683497339487,0.7336655259132385,1,0,-0.002736385678872466,0.9402047395706177,0.9402087215707141,0.000814070226624608,-0.003036470850929618,0.0
shield_z0.8m,src/recordings/recoding_20260807_3.tar.xz::shield_z0.8m,337,11.233333333333333,0,visible,1,309.5,439.0,-0.08374892412364858,0.9417943525389953,0.9455107005032858,-0.02829755042066958,0.9417943525389953,0.9422193767027697,3786.5,28,68,86,0.7906976744186046,0.6474863201094391,0.7398397811645174,True,True,accepted,-0.0027092499658465385,0.9401035308837891,-0.025588300079107285,0.0016908049583435059,0.0012555683497339487,0.0,0.0012555683497339487,0.5237627029418945,1,0,-0.009955680929124355,0.9405823349952698,0.9406350219335428,-0.03529291972517967,-0.0006506196805275977,0.0
shield_z1.0m,src/recordings/recoding_20260807_3.tar.xz::shield_z1.0m,0,0.0,0,visible,1,323.0,419.0,0.0015492269303744165,1.2336185725838735,1.2336195453736762,0.023537175679933214,1.2336185725838735,1.2338430942639593,3581.5,13,60,78,0.7692307692307693,0.7652777777777777,0.8905880890215094,True,True,initialized,,,,,,,,,1,0,0.023537175729870796,1.2336186170578003,1.2338431387307458,0.0,0.0,0.0
shield_z1.0m,src/recordings/recoding_20260807_3.tar.xz::shield_z1.0m,1,0.03333333333333333,0,visible,1,322.5,419.0,-0.002206218839804538,1.230412402035075,1.230414379988828,0.02125503356457124,1.230412402035075,1.230595975750593,3588.5,14,60,82,0.7317073170731707,0.729369918699187,0.8924396916190003,True,True,accepted,0.023537175729870796,1.2336186170578003,-0.0022821426391601562,-0.0032062530517578125,0.0020784721709787846,0.0,0.0020784721709787846,0.007451739627867937,1,0,0.02224322408437729,1.2318006753921509,1.2320014873831229,-0.009195670485496521,-0.012919283472001553,0.0
shield_z1.0m,src/recordings/recoding_20260807_3.tar.xz::shield_z1.0m,2,0.06666666666666667,0,visible,1,303.0,420.0,-0.1466293815661767,1.2221588300343889,1.2309233856619612,-0.06650929649415413,1.2221588300343889,1.2239671941482637,3585.5,13,55,81,0.6790123456790124,0.8048260381593715,0.9226711271230057,True,True,accepted,0.021936701610684395,1.2313700914382935,-0.0884459987282753,-0.009211301803588867,0.001895808964036405,0.0,0.001895808964036405,4.171064853668213,1,0,-0.024521205574274063,1.2265316247940063,1.226776718128707,-0.5205135941505432,-0.06617102771997452,0.0
shield_z1.0m,src/recordings/recoding_20260807_3.tar.xz::shield_z1.0m,3,0.1,0,visible,1,323.0,419.0,0.0015492269303744165,1.2336185725838735,1.2336195453736762,0.023537175679933214,1.2336185725838735,1.2338430942639593,3543.5,13,54,78,0.6923076923076923,0.841286799620133,0.9401698063146723,True,True,accepted,-0.04187165945768356,1.2243258953094482,0.06540883332490921,0.00929272174835205,0.0018957407446578145,0.0,0.0018957407446578145,2.302356243133545,1,0,-0.007515567354857922,1.229206919670105,1.2292298951447338,-0.15796296298503876,-0.014662967063486576,0.0
shield_z1.0m,src/recordings/recoding_20260807_3.tar.xz::shield_z1.0m,4,0.13333333333333333,0,visible,1,304.0,421.0,-0.1391876835834053,1.2041865880715332,1.212204005171025,-0.061987060409387666,1.2041865880715332,1.2057809645825222,3620.5,13,60,81,0.7407407407407407,0.7449588477366255,0.9053513378344586,True,True,accepted,-0.012780999764800072,1.2287181615829468,-0.04920606315135956,-0.02453160285949707,0.0018194911535829306,0.0,0.0018194911535829306,1.6614733934402466,1,0,-0.037647590041160583,1.2163209915161133,1.2169034864929298,-0.3860839307308197,-0.128392294049263,0.0
shield_z1.0m,src/recordings/recoding_20260807_3.tar.xz::shield_z1.0m,5,0.16666666666666666,0,visible,1,322.0,419.0,-0.005961664609983492,1.2300230550614915,1.2300375024476802,0.018972891449209262,1.2300230550614915,1.2301693731323131,3542.5,13,55,80,0.6875,0.8051136363636363,0.9271133211201256,True,True,accepted,-0.05051705613732338,1.2120412588119507,0.06948994845151901,0.017981767654418945,0.0017065037973225117,0.0,0.0017065037973225117,3.019153594970703,1,0,-0.017675692215561867,1.2205395698547363,1.2206675516603545,-0.12551657855510712,-0.060965828597545624,0.0
shield_z1.0m,src/recordings/recoding_20260807_3.tar.xz::shield_z1.0m,6,0.2,0,visible,1,322.5,419.0,-0.002206218839804538,1.230412402035075,1.230414379988828,0.02125503356457124,1.230412402035075,1.230595975750593,3594.0,14,62,80,0.775,0.7245967741935484,0.8876265744628303,True,True,accepted,-0.021859578788280487,1.2185074090957642,0.04311461001634598,0.01190495491027832,0.0015999670140445232,0.0,0.0015999670140445232,1.2503992319107056,1,0,-0.0029974353965371847,1.2237156629562378,1.2237193339910017,0.006113486364483833,-0.024619681760668755,0.0
shield_z1.0m,src/recordings/recoding_20260807_3.tar.xz::shield_z1.0m,7,0.23333333333333334,0,visible,1,303.0,420.5,-0.14744915027556332,1.2132252700627237,1.2221525305115375,-0.06700746070981209,1.2132252700627237,1.2150743004892934,3598.5,14,64,82,0.7804878048780488,0.6856897865853658,0.8558687120941848,True,True,accepted,-0.002793652471154928,1.2228950262069702,-0.06421380490064621,-0.009669780731201172,0.0015127676306292415,0.0,0.0015127676306292415,2.7875514030456543,1,0,-0.028804350644350052,1.2189781665802002,1.219318441267608,-0.1570541113615036,-0.049190640449523926,0.0
shield_z1.0m,src/recordings/recoding_20260807_3.tar.xz::shield_z1.0m,8,0.26666666666666666,0,visible,1,323.0,419.0,0.0015492269303744165,1.2336185725838735,1.2336195453736762,0.023537175679933214,1.2336185725838735,1.2338430942639593,3526.5,13,56,78,0.717948717948718,0.8073489010989011,0.9178813118167621,True,True,accepted,-0.034039486199617386,1.2173384428024292,0.05757666379213333,0.016280174255371094,0.0014447893481701612,0.0,0.0014447893481701612,2.47795033454895,1,0,-0.012328953482210636,1.2234772443771362,1.223539362097778,-0.03188609331846237,-0.013798573985695839,0.0
shield_z1.0m,src/recordings/recoding_20260807_3.tar.xz::shield_z1.0m,9,0.3,0,visible,1,323.0,419.0,0.0015492269303744165,1.2336185725838735,1.2336195453736762,0.023537175679933214,1.2336185725838735,1.2338430942639593,3588.5,13,59,78,0.7564102564102564,0.7797696653628857,0.9098630831643002,True,True,accepted,-0.013391823507845402,1.2230173349380493,0.03692900016903877,0.010601282119750977,0.001392763340845704,0.0,0.001392763340845704,1.0598629713058472,1,0,-0.0003262442478444427,1.226768136024475,1.2267681794048435,0.038809310644865036,0.006496096961200237,0.0
shield_z1.0m,src/recordings/recoding_20260807_3.tar.xz::shield_z1.0m,10,0.3333333333333333,0,visible,1,323.0,419.0,0.0015492269303744165,1.2308017490086587,1.2308027240247947,0.023537175679933214,1.2308017490086587,1.2310267844371874,3587.5,13,56,81,0.691358024691358,0.7908950617283951,0.9201077199281867,True,True,accepted,0.0009673995082266629,1.2269846200942993,0.022569775581359863,0.0038170814514160156,0.0013533530291169882,0.0,0.0013533530291169882,0.3871605396270752,1,0,0.008527936413884163,1.228263258934021,1.2282928636716495,0.07793048024177551,0.013112409971654415,0.0
shield_z1.0m,src/recordings/recoding_20260807_3.tar.xz::shield_z1.0m,11,0.36666666666666664,0,visible,1,322.0,419.0,-0.005961664609983492,1.234248097528674,1.2342624954595651,0.018972891449209262,1.234248097528674,1.2343939147869674,3538.0,13,56,78,0.717948717948718,0.809981684981685,0.9282434736980192,True,True,accepted,0.011125619523227215,1.2287002801895142,0.007847272790968418,0.005547761917114258,0.0013238159008324146,0.0,0.0013238159008324146,0.06976600736379623,1,0,0.013637902215123177,1.2304763793945312,1.2305519544597472,0.09056081622838974,0.02204163745045662,0.0
shield_z1.0m,src/recordings/recoding_20260807_3.tar.xz::shield_z1.0m,12,0.4,0,visible,1,305.0,421.0,-0.13175226468619453,1.2042665173102136,1.211452229336515,-0.05746864005422583,1.2042665173102136,1.2056369641414255,3531.5,13,56,78,0.717948717948718,0.8084935897435898,0.9230266596968113,True,True,accepted,0.016656596213579178,1.2312110662460327,-0.07412523776292801,-0.026944518089294434,0.0013019997859373689,0.0,0.0013019997859373689,4.7776947021484375,1,0,-0.006229986436665058,1.2228918075561523,1.2229076766947513,-0.022635813802480698,-0.019105328246951103,0.0
shield_z1.0m,src/recordings/recoding_20260807_3.tar.xz::shield_z1.0m,13,0.43333333333333335,0,visible,1,303.0,420.0,-0.1466293815661767,1.2155619176967574,1.2243736975666775,-0.06650929649415413,1.2155619176967574,1.217380081270745,3521.0,13,57,79,0.7215189873417721,0.7819231623362203,0.9105249547452806,True,True,accepted,-0.006984513718634844,1.222254991531372,-0.0595247857272625,-0.006693124771118164,0.0012862063013017178,0.0,0.0012862063013017178,2.789597511291504,1,0,-0.024857889860868454,1.2202452421188354,1.2204984086847432,-0.11039210855960846,-0.02897287905216217,0.0
shield_z1.0m,src/recordings/recoding_20260807_3.tar.xz::shield_z1.0m,14,0.4666666666666667,0,visible,1,305.0,421.0,-0.13175226468619453,1.2042516928211033,1.2114374927797282,-0.05746864005422583,1.2042516928211033,1.2056221565035106,3498.0,13,60,76,0.7894736842105263,0.7671052631578947,0.8946291560102302,True,True,accepted,-0.028537627309560776,1.2192795276641846,-0.028931014239788055,-0.015027880668640137,0.0012750697787851095,0.0,0.0012750697787851095,0.8335550427436829,1,0,-0.037047866731882095,1.2148590087890625,1.2154237761642344,-0.15211494266986847,-0.05064532533288002,0.0
shield_z1.0m,src/recordings/recoding_20260807_3.tar.xz::shield_z1.0m,15,0.5,0,visible,1,303.0,421.0,-0.1466293815661767,1.2042917100910586,1.2131853520927978,-0.06650929649415413,1.2042917100910586,1.20612686294361,3541.0,13,64,76,0.8421052631578947,0.7280016447368421,0.8792054624456859,True,True,accepted,-0.042118366807699203,1.2131708860397339,-0.02439093217253685,-0.00887918472290039,0.0012674727477133274,0.0,0.0012674727477133274,0.5315755605697632,1,0,-0.04918992146849632,1.2105965614318848,1.2115955112680057,-0.18684720993041992,-0.06328912824392319,0.0
shield_z1.0m,src/recordings/recoding_20260807_3.tar.xz::shield_z1.0m,16,0.5333333333333333,0,visible,1,323.0,419.0,0.0015492269303744165,1.2300230550614915,1.230024030694883,0.023537175679933214,1.2300230550614915,1.2302482329277262,3442.5,13,58,76,0.7631578947368421,0.7809664246823956,0.9081915314602296,True,True,accepted,-0.055418163537979126,1.2084869146347046,0.07895533740520477,0.02153611183166504,0.0012624971568584442,0.0,0.0012624971568584442,5.305160045623779,1,0,-0.032747942954301834,1.2146705389022827,1.2151119067167848,-0.07514170557260513,-0.032819975167512894,0.0
shield_z1.0m,src/recordings/recoding_20260807_3.tar.xz::shield_z1.0m,17,0.5666666666666667,0,visible,1,322.0,419.0,-0.005961664609983492,1.2300230550614915,1.2300375024476802,0.018972891449209262,1.2300230550614915,1.2301693731323131,3411.0,13,56,76,0.7368421052631579,0.8014567669172933,0.9143546441495778,True,True,accepted,-0.03525266796350479,1.2135765552520752,0.054225560277700424,0.016446471214294434,0.0012593972496688366,0.0,0.0012593972496688366,2.549551248550415,1,0,-0.019778190180659294,1.218269944190979,1.2184304796441665,0.0013701793504878879,-0.009614119306206703,0.0
shield_z1.0m,src/recordings/recoding_20260807_3.tar.xz::shield_z1.0m,18,0.6,0,visible,1,323.0,419.0,0.0015492269303744165,1.22921464048992,1.2292156167649535,0.023537175679933214,1.22921464048992,1.229439966421196,3424.5,13,62,75,0.8266666666666667,0.7364516129032258,0.8777393310265282,True,True,accepted,-0.01973251812160015,1.2179495096206665,0.04326969385147095,0.011265158653259277,0.0012575817527249455,0.0,0.0012575817527249455,1.5896941423416138,1,0,-0.007429181598126888,1.221152663230896,1.2211752616455707,0.062385451048612595,0.006271056830883026,0.0
shield_z1.0m,src/recordings/recoding_20260807_3.tar.xz::shield_z1.0m,19,0.6333333333333333,0,visible,1,322.0,419.0,-0.005961664609983492,1.234248097528674,1.2342624954595651,0.018972891449209262,1.234248097528674,1.2343939147869674,3423.5,13,58,72,0.8055555555555556,0.8198036398467433,0.9247703943814155,True,True,accepted,-0.005349666345864534,1.221361756324768,0.02432255819439888,0.012886285781860352,0.0012565999059006572,0.0,0.0012565999059006572,0.6029310822486877,1,0,0.0015526278875768185,1.2250186204910278,1.2250196044158224,0.09669418632984161,0.024448098614811897,0.0
shield_z1.0m,src/recordings/recoding_20260807_3.tar.xz::shield_z1.0m,20,0.6666666666666666,0,visible,1,322.0,419.0,-0.005961664609983492,1.234248097528674,1.2342624954595651,0.018972891449209262,1.234248097528674,1.2343939147869674,3435.5,13,62,72,0.8611111111111112,0.7696012544802867,0.8994632805341013,True,True,accepted,0.004775767680257559,1.225833535194397,0.014197124168276787,0.008414506912231445,0.0012561238836497068,0.0,0.0012561238836497068,0.21682755649089813,1,0,0.008800795301795006,1.2282191514968872,1.2282506821091848,0.1167323961853981,0.03632456436753273,0.0
shield_z1.0m,src/recordings/recoding_20260807_3.tar.xz::shield_z1.0m,21,0.7,0,visible,1,322.0,419.0,-0.005961664609983492,1.2308017490086587,1.2308161872544963,0.018972891449209262,1.2308017490086587,1.230947974519117,3406.0,13,62,74,0.8378378378378378,0.7423714036617263,0.8782877772047447,True,True,accepted,0.012691874988377094,1.2294299602508545,0.006281017325818539,0.0013717412948608398,0.0012559281894937158,0.0,0.0012559281894937158,0.03291020169854164,1,0,0.01447190623730421,1.2298187017440796,1.2299038479611464,0.12560243904590607,0.03826173394918442,0.0
shield_z1.0m,src/recordings/recoding_20260807_3.tar.xz::shield_z1.0m,22,0.7333333333333333,0,visible,1,322.5,419.0,-0.002206218839804538,1.2296188477757057,1.229620827005961,0.02125503356457124,1.2296188477757057,1.2298025399457773,3353.5,14,60,74,0.8108108108108109,0.7552927927927928,0.8835463048346727,True,True,accepted,0.018658654764294624,1.2310941219329834,0.0025963783264160156,-0.001475214958190918,0.0012558687012642622,0.0,0.0012558687012642622,0.007100614719092846,1,0,0.01939437724649906,1.2306760549545288,1.230828864670967,0.12927031517028809,0.03617770969867706,0.0
shield_z1.0m,src/recordings/recoding_20260807_3.tar.xz::shield_z1.0m,23,0.7666666666666667,0,visible,1,323.0,419.0,0.0015492269303744165,1.2308017490086587,1.2308027240247947,0.023537175679933214,1.2308017490086587,1.2310267844371874,3347.5,13,57,73,0.7808219178082192,0.8044941119923096,0.9207811855315637,True,True,accepted,0.02370338886976242,1.2318819761276245,-0.00016621313989162445,-0.0010802745819091797,0.001255860785022378,0.0,0.001255860785022378,0.0009512359974905849,1,0,0.023656290024518967,1.231575846672058,1.2318030224689827,0.12903547286987305,0.03465140610933304,0.0
shield_z1.0m,src/recordings/recoding_20260807_3.tar.xz::shield_z1.0m,24,0.8,0,visible,1,322.0,419.0,-0.005961664609983492,1.234248097528674,1.2342624954595651,0.018972891449209262,1.234248097528674,1.2343939147869674,3410.0,13,58,73,0.7945205479452054,0.805384978743505,0.9222447599729547,True,True,accepted,0.027957472950220108,1.2327308654785156,-0.008984580636024475,0.001517176628112793,0.0012558605521917343,0.0,0.0012558605521917343,0.06610965728759766,1,0,0.02541160210967064,1.2331607341766357,1.2334225333748527,0.11634170264005661,0.036794934421777725,0.0
shield_z1.0m,src/recordings/recoding_20260807_3.tar.xz::shield_z1.0m,25,0.8333333333333334,0,visible,1,315.0,420.0,-0.05823073779995086,1.2178377862344778,1.2192291385975076,-0.012790435877995866,1.2178377862344778,1.217904950655199,3422.5,13,58,74,0.7837837837837838,0.7974137931034483,0.9133973845743262,True,True,accepted,0.02928965911269188,1.2343872785568237,-0.042080096900463104,-0.01654946804046631,0.0012558500748127699,0.0,0.0012558500748127699,1.6280760765075684,1,0,0.01736609637737274,1.2296979427337646,1.2298205607595936,0.056897807866334915,0.01341654546558857,0.0
shield_z1.0m,src/recordings/recoding_20260807_3.tar.xz::shield_z1.0m,26,0.8666666666666667,0,visible,1,323.0,419.0,0.0015492269303744165,1.2308017490086587,1.2308027240247947,0.023537175679933214,1.2308017490086587,1.2310267844371874,3404.5,13,57,75,0.76,0.796374269005848,0.9123676805574166,True,True,accepted,0.019262690097093582,1.2301452159881592,0.004274485632777214,0.0006564855575561523,0.001255825744010508,0.0,0.001255825744010508,0.014892353676259518,1,0,0.020473822951316833,1.2303311824798584,1.2305015221479934,0.06293490529060364,0.014343737624585629,0.0
shield_z1.0m,src/recordings/recoding_20260807_3.tar.xz::shield_z1.0m,27,0.9,0,visible,1,323.0,419.0,0.0015492269303744165,1.2336185725838735,1.2336195453736762,0.023537175679933214,1.2336185725838735,1.2338430942639593,3403.5,13,57,72,0.7916666666666666,0.8293128654970761,0.9256187109056296,True,True,accepted,0.022571653127670288,1.2308093309402466,0.0009655226022005081,0.002809286117553711,0.00125579081941396,0.0,0.00125579081941396,0.007026904262602329,1,0,0.022845204919576645,1.2316052913665771,1.2318171524662127,0.06429827958345413,0.01831062138080597,0.0
shield_z1.0m,src/recordings/recoding_20260807_3.tar.xz::shield_z1.0m,28,0.9333333333333333,0,visible,1,303.0,420.0,-0.1466293815661767,1.2221588300343889,1.2309233856619612,-0.06650929649415413,1.2221588300343889,1.2239671941482637,3432.5,13,56,75,0.7466666666666667,0.8172619047619047,0.9284555044630781,True,True,accepted,0.024988481774926186,1.2322156429290771,-0.09149777889251709,-0.010056853294372559,0.0012557506561279297,0.0,0.0012557506561279297,6.747345447540283,1,0,-0.0009325892315246165,1.2293665409088135,1.2293668946367378,-0.06487733870744705,0.004112459719181061,0.0
shield_z1.0m,src/recordings/recoding_20260807_3.tar.xz::shield_z1.0m,29,0.9666666666666667,0,visible,1,322.0,419.0,-0.005961664609983492,1.234248097528674,1.2342624954595651,0.018972891449209262,1.234248097528674,1.2343939147869674,3360.5,13,56,73,0.7671232876712328,0.8220401174168297,0.9252477973568282,True,True,accepted,-0.0030951672233641148,1.2295036315917969,0.02206805907189846,0.004744410514831543,0.0012557106092572212,0.0,0.0012557106092572212,0.4057532548904419,1,0,0.0031561478972434998,1.2308475971221924,1.2308516436236432,-0.033726878464221954,0.010809495113790035,0.0
shield_z1.0m,src/recordings/recoding_20260807_3.tar.xz::shield_z1.0m,30,1.0,0,visible,1,322.0,419.0,-0.005961664609983492,1.234248097528674,1.2342624954595651,0.018972891449209262,1.234248097528674,1.2343939147869674,3397.0,13,55,73,0.7534246575342466,0.8460772104607721,0.9299206131946346,True,True,accepted,0.002031918615102768,1.2312079668045044,0.016940973699092865,0.0030400753021240234,0.0012556741712614894,0.0,0.0012556741712614894,0.2359199970960617,1,0,0.006830510217696428,1.2320691347122192,1.2320880685163502,-0.009816588833928108,0.015100221149623394,0.0
shield_z1.0m,src/recordings/recoding_20260807_3.tar.xz::shield_z1.0m,31,1.0333333333333334,0,visible,1,304.0,421.0,-0.1391876835834053,1.2041865880715332,1.212204005171025,-0.061987060409387666,1.2041865880715332,1.2057809645825222,3460.0,13,59,75,0.7866666666666666,0.7819209039548023,0.8967215239082545,True,True,accepted,0.006503290496766567,1.2325724363327026,-0.06849034875631332,-0.02838587760925293,0.001255643554031849,0.0,0.001255643554031849,4.377584457397461,1,0,-0.012895645573735237,1.2245324850082397,1.224600385642279,-0.10647441446781158,-0.024959690868854523,0.0
shield_z1.0m,src/recordings/recoding_20260807_3.tar.xz::shield_z1.0m,32,1.0666666666666667,0,visible,1,302.0,420.0,-0.15407734715158705,1.2221720160832583,1.2318458774547598,-0.071035341330483,1.2221720160832583,1.2242346411595102,3370.0,13,54,75,0.72,0.8320987654320988,0.9300400165585759,True,True,accepted,-0.016444792971014977,1.2237005233764648,-0.05459054559469223,-0.0015285015106201172,0.001255619339644909,0.0,0.001255619339644909,2.375293016433716,1,0,-0.03190604969859123,1.223267674446106,1.2236837006972647,-0.18351134657859802,-0.027116676792502403,0.0
shield_z1.0m,src/recordings/recoding_20260807_3.tar.xz::shield_z1.0m,33,1.1,0,visible,1,323.0,419.0,0.0015492269303744165,1.2336185725838735,1.2336195453736762,0.023537175679933214,1.2336185725838735,1.2338430942639593,3391.0,13,56,73,0.7671232876712328,0.8295009784735812,0.9237265050394988,True,True,accepted,-0.038023095577955246,1.222363829612732,0.06156027317047119,0.01125478744506836,0.001255601178854704,0.0,0.001255601178854704,3.119093656539917,1,0,-0.02058849111199379,1.2255513668060303,1.225724291448284,-0.0966421365737915,-0.011234770528972149,0.0
shield_z1.0m,src/recordings/recoding_20260807_3.tar.xz::shield_z1.0m,34,1.1333333333333333,0,visible,1,321.5,419.0,-0.009720518942683914,1.234547883948527,1.234586151813757,0.01668867798877692,1.234547883948527,1.2346606779738305,3389.0,14,60,73,0.821917808219178,0.7737442922374429,0.8990582305345537,True,True,accepted,-0.023809894919395447,1.2251769304275513,0.04049857333302498,0.009370923042297363,0.0012555884895846248,0.0,0.0012555884895846248,1.3762061595916748,1,0,-0.012340509332716465,1.2278307676315308,1.2278927811959905,-0.0394948311150074,0.001988485688343644,0.0
shield_z1.0m,src/recordings/recoding_20260807_3.tar.xz::shield_z1.0m,35,1.1666666666666667,0,visible,1,322.0,419.0,-0.005961664609983492,1.2300230550614915,1.2300375024476802,0.018972891449209262,1.2300230550614915,1.2301693731323131,3425.5,15,62,75,0.8266666666666667,0.7366666666666667,0.8760869565217392,True,True,accepted,-0.01365700364112854,1.227897047996521,0.03262989595532417,0.002125978469848633,0.0012555799912661314,0.0,0.0012555799912661314,0.8515824675559998,1,0,-0.004416223149746656,1.228499174118042,1.2285071118376236,0.006548542995005846,0.004988410044461489,0.0
shield_z1.0m,src/recordings/recoding_20260807_3.tar.xz::shield_z1.0m,36,1.2,0,visible,1,322.0,419.0,-0.005961664609983492,1.2300230550614915,1.2300375024476802,0.018972891449209262,1.2300230550614915,1.2301693731323131,3370.0,13,56,75,0.7466666666666667,0.8023809523809524,0.9153877495586038,True,True,accepted,-0.004197938367724419,1.2286654710769653,0.02317083068192005,0.0013575553894042969,0.0012555747525766492,0.0,0.0012555747525766492,0.42907071113586426,1,0,0.0023639663122594357,1.2290499210357666,1.2290521944713129,0.039244282990694046,0.006904020439833403,0.0
shield_z1.0m,src/recordings/recoding_20260807_3.tar.xz::shield_z1.0m,37,1.2333333333333334,0,visible,1,322.5,419.0,-0.002206218839804538,1.2339333350562738,1.2339353073660984,0.02125503356457124,1.2339333350562738,1.234116385036245,3361.0,14,58,72,0.8055555555555556,0.8048371647509579,0.9103466955579632,True,True,accepted,0.00367210921831429,1.2292801141738892,0.01758292317390442,0.004653215408325195,0.0012555716093629599,0.0,0.0012555716093629599,0.26347488164901733,1,0,0.008651506155729294,1.2305978536605835,1.230628264746425,0.06405505537986755,0.013470043428242207,0.0
shield_z1.0m,src/recordings/recoding_20260807_3.tar.xz::shield_z1.0m,38,1.2666666666666666,0,visible,1,323.0,419.0,0.0015492269303744165,1.2336185725838735,1.2336195453736762,0.023537175679933214,1.2336185725838735,1.2338430942639593,3367.0,13,57,73,0.7808219178082192,0.8091804854602259,0.9123425010161225,True,True,accepted,0.010786674916744232,1.2310467958450317,0.012750500813126564,0.0025718212127685547,0.0012555699795484543,0.0,0.0012555699795484543,0.13475117087364197,1,0,0.01439754106104374,1.231775164604187,1.2318593041919506,0.08204694837331772,0.01709907129406929,0.0
shield_z1.0m,src/recordings/recoding_20260807_3.tar.xz::shield_z1.0m,39,1.3,0,visible,1,323.0,419.0,0.0015492269303744165,1.2336185725838735,1.2336195453736762,0.023537175679933214,1.2336185725838735,1.2338430942639593,3356.5,13,61,73,0.8356164383561644,0.7537615090949922,0.876599634369287,True,True,accepted,0.017132438719272614,1.2323451042175293,0.006404737010598183,0.001273512840270996,0.0012555691646412015,0.0,0.0012555691646412015,0.033962681889534,1,0,0.018946219235658646,1.2327057123184204,1.2328513018226448,0.09108451008796692,0.01889609359204769,0.0
shield_z1.0m,src/recordings/recoding_20260807_3.tar.xz::shield_z1.0m,40,1.3333333333333333,0,visible,1,303.0,420.0,-0.1466293815661767,1.2221588300343889,1.2309233856619612,-0.06650929649415413,1.2221588300343889,1.2239671941482637,3388.5,13,56,75,0.7466666666666667,0.8067857142857143,0.9267058662655545,True,True,accepted,0.02198236994445324,1.2333356142044067,-0.08849167078733444,-0.011176824569702148,0.001255568815395236,0.0,0.001255568815395236,6.336328983306885,1,0,-0.0030778932850807905,1.2301703691482544,1.2301742195955119,-0.03378400206565857,0.0031247399747371674,0.0
shield_z1.0m,src/recordings/recoding_20260807_3.tar.xz::shield_z1.0m,41,1.3666666666666667,0,visible,1,323.0,419.0,0.0015492269303744165,1.2336185725838735,1.2336195453736762,0.023537175679933214,1.2336185725838735,1.2338430942639593,3373.5,13,59,73,0.8082191780821918,0.7832598096122592,0.9090541632983024,True,True,accepted,-0.004204026889055967,1.2302745580673218,0.02774120308458805,0.0033440589904785156,0.001255568815395236,0.0,0.001255568815395236,0.6218353509902954,1,0,0.0036520990543067455,1.2312215566635132,1.2312269731533771,0.00536097539588809,0.00784346554428339,0.0
shield_z1.0m,src/recordings/recoding_20260807_3.tar.xz::shield_z1.0m,42,1.4,0,visible,1,322.0,419.0,-0.005961664609983492,1.2322698272982868,1.232284248343162,0.018972891449209262,1.2322698272982868,1.2324158786220232,3409.0,13,59,74,0.7972972972972973,0.7808062299587724,0.9106451182048885,True,True,accepted,0.003830798203125596,1.231482982635498,0.01514209434390068,0.000786900520324707,0.001255568815395236,0.0,0.001255568815395236,0.18310603499412537,1,0,0.008118939585983753,1.2317057847976685,1.2317325429995105,0.026727646589279175,0.008953843265771866,0.0
shield_z1.0m,src/recordings/recoding_20260807_3.tar.xz::shield_z1.0m,43,1.4333333333333333,0,visible,1,323.0,419.0,0.0015492269303744165,1.2336185725838735,1.2336195453736762,0.023537175679933214,1.2336185725838735,1.2338430942639593,3396.0,13,60,73,0.821917808219178,0.7753424657534247,0.9054792694307425,True,True,accepted,0.009009861387312412,1.2320042848587036,0.014527314342558384,0.0016143321990966797,0.001255568815395236,0.0,0.001255568815395236,0.17016106843948364,1,0,0.013123900629580021,1.2324614524841309,1.2325313256169308,0.047226812690496445,0.011231791228055954,0.0
shield_z1.0m,src/recordings/recoding_20260807_3.tar.xz::shield_z1.0m,44,1.4666666666666666,0,visible,1,323.0,419.0,0.0015492269303744165,1.2336185725838735,1.2336195453736762,0.023537175679933214,1.2336185725838735,1.2338430942639593,3345.5,13,56,72,0.7777777777777778,0.8297371031746031,0.9342362468584194,True,True,accepted,0.014698128215968609,1.2328358888626099,0.008839047513902187,0.0007827281951904297,0.001255568815395236,0.0,0.001255568815395236,0.06271374225616455,1,0,0.017201287671923637,1.2330574989318848,1.233177473022325,0.05969939008355141,0.01233628112822771,0.0
shield_z1.0m,src/recordings/recoding_20260807_3.tar.xz::shield_z1.0m,45,1.5,0,visible,1,322.5,419.0,-0.002206218839804538,1.2339333350562738,1.2339353073660984,0.02125503356457124,1.2339333350562738,1.234116385036245,3266.5,12,55,73,0.7534246575342466,0.813574097135741,0.9241759796293677,True,True,accepted,0.01919126696884632,1.2334686517715454,0.002063766121864319,0.0004646778106689453,0.001255568815395236,0.0,0.001255568815395236,0.0035641666036099195,1,0,0.019775710999965668,1.2336002588272095,1.23375875977604,0.06261152029037476,0.01299197692424059,0.0
shield_z1.0m,src/recordings/recoding_20260807_3.tar.xz::shield_z1.0m,46,1.5333333333333334,0,visible,1,322.5,419.0,-0.002206218839804538,1.2339333350562738,1.2339353073660984,0.02125503356457124,1.2339333350562738,1.234116385036245,3273.5,12,55,72,0.7638888888888888,0.8266414141414141,0.9310295790671217,True,True,accepted,0.021862762048840523,1.2340333461761475,-0.0006077289581298828,-0.00010001659393310547,0.0012555686989799142,0.0,0.0012555686989799142,0.0003021243028342724,1,0,0.02169065736234188,1.2340049743652344,1.2341955928356547,0.06175396963953972,0.012850846163928509,0.0
shield_z1.0m,src/recordings/recoding_20260807_3.tar.xz::shield_z1.0m,47,1.5666666666666667,0,visible,1,323.5,419.0,0.005301258814949139,1.2332888542656932,1.2333002478719484,0.025817243215447358,1.2332888542656932,1.2335590492972892,3243.0,12,54,73,0.7397260273972602,0.8226788432267884,0.9231426131511529,True,True,accepted,0.02374912239611149,1.2344332933425903,0.002068120986223221,-0.0011444091796875,0.0012555685825645924,0.0,0.0012555685825645924,0.00444961478933692,1,0,0.024334801360964775,1.2341091632843018,1.234349063052894,0.06467224657535553,0.011235998012125492,0.0
shield_z1.0m,src/recordings/recoding_20260807_3.tar.xz::shield_z1.0m,48,1.6,0,visible,1,322.5,419.0,-0.002206218839804538,1.2339333350562738,1.2339353073660984,0.02125503356457124,1.2339333350562738,1.234116385036245,3302.0,14,59,72,0.8194444444444444,0.777306967984934,0.9025556922235889,True,True,accepted,0.02649054303765297,1.2344837188720703,-0.005235509946942329,-0.000550389289855957,0.0012555685825645924,0.0,0.0012555685825645924,0.02207246422767639,1,0,0.025007881224155426,1.234327793121338,1.23458110101974,0.05728454887866974,0.010459357872605324,0.0
shield_z1.0m,src/recordings/recoding_20260807_3.tar.xz::shield_z1.0m,49,1.6333333333333333,0,visible,1,322.5,419.0,-0.002206218839804538,1.2339333350562738,1.2339353073660984,0.02125503356457124,1.2339333350562738,1.234116385036245,3312.0,14,61,73,0.8356164383561644,0.7437682461262071,0.8809682138582259,True,True,accepted,0.026917366310954094,1.234676480293274,-0.005662333220243454,-0.0007431507110595703,0.0012555684661492705,0.0,0.0012555684661492705,0.02597571536898613,1,0,0.025313831865787506,1.2344660758972168,1.2347255900097003,0.049294572323560715,0.009410716593265533,0.0
shield_z1.0m,src/recordings/recoding_20260807_3.tar.xz::shield_z1.0m,50,1.6666666666666667,0,visible,1,317.5,419.0,-0.039845729542101055,1.2367059338450144,1.2373476669757015,-0.0016180733399216128,1.2367059338450144,1.236706992366746,3280.5,12,55,73,0.7534246575342466,0.8170610211706102,0.9305063111615374,True,True,accepted,0.026956984773278236,1.234779715538025,-0.02857505902647972,0.0019261837005615234,0.0012555683497339487,0.0,0.0012555683497339487,0.6532851457595825,1,0,0.018864722922444344,1.2353252172470093,1.2354692509881868,0.008973035030066967,0.012128705158829689,0.0
shield_z1.0m,src/recordings/recoding_20260807_3.tar.xz::shield_z1.0m,51,1.7,0,visible,1,323.5,419.0,0.005301258814949139,1.2332888542656932,1.2333002478719484,0.025817243215447358,1.2332888542656932,1.2335590492972892,3249.0,12,56,73,0.7671232876712328,0.7947651663405088,0.9143098353735754,True,True,accepted,0.0191638246178627,1.235729455947876,0.006653418764472008,-0.0024405717849731445,0.0012555683497339487,0.0,0.0012555683497339487,0.04000130295753479,1,0,0.021048028022050858,1.2350382804870605,1.2352176220213393,0.01836150325834751,0.008684877306222916,0.0
shield_z1.0m,src/recordings/recoding_20260807_3.tar.xz::shield_z1.0m,52,1.7333333333333334,1,partial_occlusion,1,322.5,419.0,-0.002206218839804538,1.2339333350562738,1.2339353073660984,0.02125503356457124,1.2339333350562738,1.234116385036245,3136.0,14,54,73,0.7397260273972602,0.7955352612886859,0.8947218259629102,True,True,accepted,0.021660078316926956,1.2353277206420898,-0.0004050452262163162,-0.0013943910598754883,0.0012555683497339487,0.0,0.0012555683497339487,0.0016792300157248974,1,0,0.021545372903347015,1.234932780265808,1.235120712670864,0.01778995431959629,0.006717287935316563,0.0
shield_z1.0m,src/recordings/recoding_20260807_3.tar.xz::shield_z1.0m,53,1.7666666666666666,1,partial_occlusion,1,317.0,419.0,-0.043618164344097196,1.2369456066168207,1.2377144169756622,-0.003910539498654712,1.2369456066168207,1.2369517880854635,2874.5,13,54,73,0.7397260273972602,0.7291983764586504,0.8585722819593787,True,True,accepted,0.02213837206363678,1.2351566553115845,-0.02604891173541546,0.0017889738082885742,0.0012555683497339487,0.0,0.0012555683497339487,0.5429782271385193,1,0,0.014761499129235744,1.2356632947921753,1.2357514636662166,-0.01896699145436287,0.009241662919521332,0.0
shield_z1.0m,src/recordings/recoding_20260807_3.tar.xz::shield_z1.0m,54,1.8,1,partial_occlusion,1,309.0,419.0,-0.10421966089313868,1.2396905608908704,1.2440636738039583,-0.04073738669393206,1.2396905608908704,1.2403597145330751,2387.0,17,50,72,0.6944444444444444,0.6630555555555555,0.7465207193119625,True,True,accepted,0.014129266142845154,1.2359713315963745,-0.05486665293574333,0.0037192106246948242,0.0012555683497339487,0.0,0.0012555683497339487,2.408616065979004,1,0,-0.0014085936127230525,1.2370245456695557,1.2370253476485178,-0.09638790786266327,0.014489744789898396,0.0
shield_z1.0m,src/recordings/recoding_20260807_3.tar.xz::shield_z1.0m,55,1.8333333333333333,1,partial_occlusion,1,314.0,419.0,-0.06629330751944595,1.2394538348850215,1.2412254474643412,-0.01768996872733459,1.2394538348850215,1.2395800675247888,2187.0,15,46,72,0.6388888888888888,0.6603260869565217,0.7545282042435743,True,True,accepted,-0.0046215238980948925,1.2375075817108154,-0.013068445026874542,0.0019462108612060547,0.0012555683497339487,0.0,0.0012555683497339487,0.13903823494911194,1,0,-0.008322417736053467,1.2380586862564087,1.2380866582157801,-0.1148284524679184,0.01723599247634411,0.0
shield_z1.0m,src/recordings/recoding_20260807_3.tar.xz::shield_z1.0m,56,1.8666666666666667,1,partial_occlusion,1,322.0,417.0,-0.005582397024017432,1.2717439055978574,1.2717561576740353,0.01920336809136926,1.2717439055978574,1.2718888830284447,1960.5,13,44,70,0.6285714285714286,0.636525974025974,0.7263801407928863,True,True,accepted,-0.012150033377110958,1.2386332750320435,0.03135340288281441,0.033110618591308594,0.0012555683497339487,0.0,0.0012555683497339487,1.6561018228530884,1,0,-0.0032709648367017508,1.2480099201202393,1.248014206621659,-0.07058647274971008,0.06395752727985382,0.0
shield_z1.0m,src/recordings/recoding_20260807_3.tar.xz::shield_z1.0m,57,1.9,1,partial_occlusion,1,323.0,417.0,0.0021290200441908417,1.2710801841015416,1.2710819671216949,0.023889509427831874,1.2710801841015416,1.271304661785015,1828.5,13,40,70,0.5714285714285714,0.6530357142857143,0.729940119760479,True,True,accepted,-0.005623847246170044,1.2501418590545654,0.02951335720717907,0.02093827724456787,0.0012555683497339487,0.0,0.0012555683497339487,1.0429139137268066,1,0,0.002734133042395115,1.2560714483261108,1.2560744240623432,-0.02894093655049801,0.09350299090147018,0.0
shield_z1.0m,src/recordings/recoding_20260807_3.tar.xz::shield_z1.0m,58,1.9333333333333333,1,partial_occlusion,1,324.0,417.0,0.00983323939483886,1.2703857942323593,1.2704238500533507,0.02857127679236573,1.2703857942323593,1.2707070409991945,1160.5,11,30,70,0.42857142857142855,0.5526190476190476,0.6830488522660388,True,True,accepted,0.0017694351263344288,1.259188175201416,0.02680184133350849,0.011197566986083984,0.0012555683497339487,0.0,0.0012555683497339487,0.6719858646392822,1,0,0.009359532967209816,1.2623592615127563,1.2623939583126955,0.008878448978066444,0.10930358618497849,0.0
shield_z1.0m,src/recordings/recoding_20260807_3.tar.xz::shield_z1.0m,59,1.9666666666666666,1,partial_occlusion,1,325.0,416.0,0.01803997297976605,1.289064843037333,1.2891910681431107,0.03355841639971664,1.289064843037333,1.2895015846698759,805.5,11,24,70,0.34285714285714286,0.47946428571428573,0.5749464668094219,True,True,accepted,0.009655481204390526,1.2660026550292969,0.023902935907244682,0.02306222915649414,0.0012555683497339487,0.0,0.0012555683497339487,0.8786592483520508,1,0,0.016424627974629402,1.2725337743759155,1.272639766521351,0.04260726273059845,0.14184610545635223,0.0
shield_z1.0m,src/recordings/recoding_20260807_3.tar.xz::shield_z1.0m,60,2.0,1,partial_occlusion,1,328.0,414.0,0.04224100146911683,1.3259349165439955,1.3266075927400862,0.04826510895514945,1.3259349165439955,1.326813070350524,476.5,9,20,68,0.29411764705882354,0.3503676470588235,0.5362971299943725,True,True,accepted,0.017844870686531067,1.2772619724273682,0.03042024001479149,0.04867291450500488,0.0012555683497339487,0.0,0.0012555683497339487,2.623866558074951,1,0,0.026459673419594765,1.2910457849502563,1.2913168988111692,0.08553247898817062,0.2105271965265274,0.0
shield_z1.0m,src/recordings/recoding_20260807_3.tar.xz::shield_z1.0m,61,2.033333333333333,1,fully_occluded,0,,,,,,,,,,,,,,,,False,False,no_detection,0.02931075543165207,1.2980633974075317,,,,,,,1,1,0.02931075543165207,1.2980633974075317,1.2983942791283232,0.08553247898817062,0.2105271965265274,0.033333333333333215
shield_z1.0m,src/recordings/recoding_20260807_3.tar.xz::shield_z1.0m,62,2.066666666666667,1,fully_occluded,0,,,,,,,,,,,,,,,,False,False,no_detection,0.03216183930635452,1.3050810098648071,,,,,,,1,1,0.03216183930635452,1.3050810098648071,1.3054772407887134,0.08553247898817062,0.2105271965265274,0.06666666666666687
shield_z1.0m,src/recordings/recoding_20260807_3.tar.xz::shield_z1.0m,63,2.1,1,fully_occluded,0,,,,,,,,,,,,,,,,False,False,no_detection,0.035012923181056976,1.3120986223220825,,,,,,,1,1,0.035012923181056976,1.3120986223220825,1.312565693399454,0.08553247898817062,0.2105271965265274,0.10000000000000009
shield_z1.0m,src/recordings/recoding_20260807_3.tar.xz::shield_z1.0m,64,2.1333333333333333,1,fully_occluded,0,,,,,,,,,,,,,,,,False,False,no_detection,0.03786400705575943,1.319116234779358,,,,,,,1,1,0.03786400705575943,1.319116234779358,1.3196595484778597,0.08553247898817062,0.2105271965265274,0.1333333333333333
shield_z1.0m,src/recordings/recoding_20260807_3.tar.xz::shield_z1.0m,65,2.1666666666666665,1,fully_occluded,0,,,,,,,,,,,,,,,,False,False,no_detection,0.040715090930461884,1.3261338472366333,,,,,,,1,1,0.040715090930461884,1.3261338472366333,1.326758719366905,0.08553247898817062,0.2105271965265274,0.16666666666666652
shield_z1.0m,src/recordings/recoding_20260807_3.tar.xz::shield_z1.0m,66,2.2,1,fully_occluded,0,,,,,,,,,,,,,,,,False,False,no_detection,0.04356617480516434,1.3331514596939087,,,,,,,1,1,0.04356617480516434,1.3331514596939087,1.3338631211901593,0.08553247898817062,0.2105271965265274,0.20000000000000018
shield_z1.0m,src/recordings/recoding_20260807_3.tar.xz::shield_z1.0m,67,2.2333333333333334,1,fully_occluded,0,,,,,,,,,,,,,,,,False,False,no_detection,0.04641725867986679,1.340169072151184,,,,,,,1,1,0.04641725867986679,1.340169072151184,1.340972670807992,0.08553247898817062,0.2105271965265274,0.2333333333333334
shield_z1.0m,src/recordings/recoding_20260807_3.tar.xz::shield_z1.0m,68,2.2666666666666666,1,fully_occluded,0,,,,,,,,,,,,,,,,False,False,track_expired,0.049268342554569244,1.3471866846084595,,,,,,,0,,,,,,,
shield_z1.0m,src/recordings/recoding_20260807_3.tar.xz::shield_z1.0m,69,2.3,1,fully_occluded,0,,,,,,,,,,,,,,,,False,False,no_detection,,,,,,,,,0,,,,,,,
shield_z1.0m,src/recordings/recoding_20260807_3.tar.xz::shield_z1.0m,70,2.3333333333333335,1,fully_occluded,0,,,,,,,,,,,,,,,,False,False,no_detection,,,,,,,,,0,,,,,,,
shield_z1.0m,src/recordings/recoding_20260807_3.tar.xz::shield_z1.0m,71,2.3666666666666667,1,fully_occluded,0,,,,,,,,,,,,,,,,False,False,no_detection,,,,,,,,,0,,,,,,,
shield_z1.0m,src/recordings/recoding_20260807_3.tar.xz::shield_z1.0m,72,2.4,1,fully_occluded,0,,,,,,,,,,,,,,,,False,False,no_detection,,,,,,,,,0,,,,,,,
shield_z1.0m,src/recordings/recoding_20260807_3.tar.xz::shield_z1.0m,73,2.433333333333333,1,fully_occluded,0,,,,,,,,,,,,,,,,False,False,no_detection,,,,,,,,,0,,,,,,,
shield_z1.0m,src/recordings/recoding_20260807_3.tar.xz::shield_z1.0m,74,2.466666666666667,1,fully_occluded,0,,,,,,,,,,,,,,,,False,False,no_detection,,,,,,,,,0,,,,,,,
shield_z1.0m,src/recordings/recoding_20260807_3.tar.xz::shield_z1.0m,75,2.5,1,fully_occluded,0,,,,,,,,,,,,,,,,False,False,no_detection,,,,,,,,,0,,,,,,,
shield_z1.0m,src/recordings/recoding_20260807_3.tar.xz::shield_z1.0m,76,2.533333333333333,1,fully_occluded,0,,,,,,,,,,,,,,,,False,False,no_detection,,,,,,,,,0,,,,,,,
shield_z1.0m,src/recordings/recoding_20260807_3.tar.xz::shield_z1.0m,77,2.566666666666667,1,fully_occluded,0,,,,,,,,,,,,,,,,False,False,no_detection,,,,,,,,,0,,,,,,,
shield_z1.0m,src/recordings/recoding_20260807_3.tar.xz::shield_z1.0m,78,2.6,1,fully_occluded,0,,,,,,,,,,,,,,,,False,False,no_detection,,,,,,,,,0,,,,,,,
shield_z1.0m,src/recordings/recoding_20260807_3.tar.xz::shield_z1.0m,79,2.6333333333333333,1,fully_occluded,0,,,,,,,,,,,,,,,,False,False,no_detection,,,,,,,,,0,,,,,,,
shield_z1.0m,src/recordings/recoding_20260807_3.tar.xz::shield_z1.0m,80,2.6666666666666665,1,fully_occluded,0,,,,,,,,,,,,,,,,False,False,no_detection,,,,,,,,,0,,,,,,,
shield_z1.0m,src/recordings/recoding_20260807_3.tar.xz::shield_z1.0m,81,2.7,1,fully_occluded,0,,,,,,,,,,,,,,,,False,False,no_detection,,,,,,,,,0,,,,,,,
shield_z1.0m,src/recordings/recoding_20260807_3.tar.xz::shield_z1.0m,82,2.7333333333333334,1,fully_occluded,0,,,,,,,,,,,,,,,,False,False,no_detection,,,,,,,,,0,,,,,,,
shield_z1.0m,src/recordings/recoding_20260807_3.tar.xz::shield_z1.0m,83,2.7666666666666666,1,fully_occluded,0,,,,,,,,,,,,,,,,False,False,no_detection,,,,,,,,,0,,,,,,,
shield_z1.0m,src/recordings/recoding_20260807_3.tar.xz::shield_z1.0m,84,2.8,1,fully_occluded,0,,,,,,,,,,,,,,,,False,False,no_detection,,,,,,,,,0,,,,,,,
shield_z1.0m,src/recordings/recoding_20260807_3.tar.xz::shield_z1.0m,85,2.8333333333333335,1,fully_occluded,0,,,,,,,,,,,,,,,,False,False,no_detection,,,,,,,,,0,,,,,,,
shield_z1.0m,src/recordings/recoding_20260807_3.tar.xz::shield_z1.0m,86,2.8666666666666667,1,fully_occluded,0,,,,,,,,,,,,,,,,False,False,no_detection,,,,,,,,,0,,,,,,,
shield_z1.0m,src/recordings/recoding_20260807_3.tar.xz::shield_z1.0m,87,2.9,1,fully_occluded,0,,,,,,,,,,,,,,,,False,False,no_detection,,,,,,,,,0,,,,,,,
shield_z1.0m,src/recordings/recoding_20260807_3.tar.xz::shield_z1.0m,88,2.933333333333333,1,fully_occluded,0,,,,,,,,,,,,,,,,False,False,no_detection,,,,,,,,,0,,,,,,,
shield_z1.0m,src/recordings/recoding_20260807_3.tar.xz::shield_z1.0m,89,2.966666666666667,1,fully_occluded,0,,,,,,,,,,,,,,,,False,False,no_detection,,,,,,,,,0,,,,,,,
shield_z1.0m,src/recordings/recoding_20260807_3.tar.xz::shield_z1.0m,90,3.0,1,fully_occluded,0,,,,,,,,,,,,,,,,False,False,no_detection,,,,,,,,,0,,,,,,,
shield_z1.0m,src/recordings/recoding_20260807_3.tar.xz::shield_z1.0m,91,3.033333333333333,1,fully_occluded,0,,,,,,,,,,,,,,,,False,False,no_detection,,,,,,,,,0,,,,,,,
shield_z1.0m,src/recordings/recoding_20260807_3.tar.xz::shield_z1.0m,92,3.066666666666667,1,fully_occluded,0,,,,,,,,,,,,,,,,False,False,no_detection,,,,,,,,,0,,,,,,,
shield_z1.0m,src/recordings/recoding_20260807_3.tar.xz::shield_z1.0m,93,3.1,1,fully_occluded,0,,,,,,,,,,,,,,,,False,False,no_detection,,,,,,,,,0,,,,,,,
shield_z1.0m,src/recordings/recoding_20260807_3.tar.xz::shield_z1.0m,94,3.1333333333333333,1,fully_occluded,0,,,,,,,,,,,,,,,,False,False,no_detection,,,,,,,,,0,,,,,,,
shield_z1.0m,src/recordings/recoding_20260807_3.tar.xz::shield_z1.0m,95,3.1666666666666665,1,fully_occluded,0,,,,,,,,,,,,,,,,False,False,no_detection,,,,,,,,,0,,,,,,,
shield_z1.0m,src/recordings/recoding_20260807_3.tar.xz::shield_z1.0m,96,3.2,1,fully_occluded,0,,,,,,,,,,,,,,,,False,False,no_detection,,,,,,,,,0,,,,,,,
shield_z1.0m,src/recordings/recoding_20260807_3.tar.xz::shield_z1.0m,97,3.2333333333333334,1,fully_occluded,0,,,,,,,,,,,,,,,,False,False,no_detection,,,,,,,,,0,,,,,,,
shield_z1.0m,src/recordings/recoding_20260807_3.tar.xz::shield_z1.0m,98,3.2666666666666666,1,fully_occluded,0,,,,,,,,,,,,,,,,False,False,no_detection,,,,,,,,,0,,,,,,,
shield_z1.0m,src/recordings/recoding_20260807_3.tar.xz::shield_z1.0m,99,3.3,1,fully_occluded,0,,,,,,,,,,,,,,,,False,False,no_detection,,,,,,,,,0,,,,,,,
shield_z1.0m,src/recordings/recoding_20260807_3.tar.xz::shield_z1.0m,100,3.3333333333333335,1,fully_occluded,0,,,,,,,,,,,,,,,,False,False,no_detection,,,,,,,,,0,,,,,,,
shield_z1.0m,src/recordings/recoding_20260807_3.tar.xz::shield_z1.0m,101,3.3666666666666667,1,fully_occluded,0,,,,,,,,,,,,,,,,False,False,no_detection,,,,,,,,,0,,,,,,,
shield_z1.0m,src/recordings/recoding_20260807_3.tar.xz::shield_z1.0m,102,3.4,1,fully_occluded,0,,,,,,,,,,,,,,,,False,False,no_detection,,,,,,,,,0,,,,,,,
shield_z1.0m,src/recordings/recoding_20260807_3.tar.xz::shield_z1.0m,103,3.433333333333333,1,fully_occluded,0,,,,,,,,,,,,,,,,False,False,no_detection,,,,,,,,,0,,,,,,,
shield_z1.0m,src/recordings/recoding_20260807_3.tar.xz::shield_z1.0m,104,3.466666666666667,1,fully_occluded,0,,,,,,,,,,,,,,,,False,False,no_detection,,,,,,,,,0,,,,,,,
shield_z1.0m,src/recordings/recoding_20260807_3.tar.xz::shield_z1.0m,105,3.5,1,fully_occluded,0,,,,,,,,,,,,,,,,False,False,no_detection,,,,,,,,,0,,,,,,,
shield_z1.0m,src/recordings/recoding_20260807_3.tar.xz::shield_z1.0m,106,3.533333333333333,1,fully_occluded,0,,,,,,,,,,,,,,,,False,False,no_detection,,,,,,,,,0,,,,,,,
shield_z1.0m,src/recordings/recoding_20260807_3.tar.xz::shield_z1.0m,107,3.566666666666667,1,fully_occluded,0,,,,,,,,,,,,,,,,False,False,no_detection,,,,,,,,,0,,,,,,,
shield_z1.0m,src/recordings/recoding_20260807_3.tar.xz::shield_z1.0m,108,3.6,1,fully_occluded,0,,,,,,,,,,,,,,,,False,False,no_detection,,,,,,,,,0,,,,,,,
shield_z1.0m,src/recordings/recoding_20260807_3.tar.xz::shield_z1.0m,109,3.6333333333333333,1,fully_occluded,0,,,,,,,,,,,,,,,,False,False,no_detection,,,,,,,,,0,,,,,,,
shield_z1.0m,src/recordings/recoding_20260807_3.tar.xz::shield_z1.0m,110,3.6666666666666665,1,fully_occluded,0,,,,,,,,,,,,,,,,False,False,no_detection,,,,,,,,,0,,,,,,,
shield_z1.0m,src/recordings/recoding_20260807_3.tar.xz::shield_z1.0m,111,3.7,1,fully_occluded,0,,,,,,,,,,,,,,,,False,False,no_detection,,,,,,,,,0,,,,,,,
shield_z1.0m,src/recordings/recoding_20260807_3.tar.xz::shield_z1.0m,112,3.7333333333333334,1,fully_occluded,0,,,,,,,,,,,,,,,,False,False,no_detection,,,,,,,,,0,,,,,,,
shield_z1.0m,src/recordings/recoding_20260807_3.tar.xz::shield_z1.0m,113,3.7666666666666666,1,fully_occluded,0,,,,,,,,,,,,,,,,False,False,no_detection,,,,,,,,,0,,,,,,,
shield_z1.0m,src/recordings/recoding_20260807_3.tar.xz::shield_z1.0m,114,3.8,1,fully_occluded,0,,,,,,,,,,,,,,,,False,False,no_detection,,,,,,,,,0,,,,,,,
shield_z1.0m,src/recordings/recoding_20260807_3.tar.xz::shield_z1.0m,115,3.8333333333333335,1,fully_occluded,0,,,,,,,,,,,,,,,,False,False,no_detection,,,,,,,,,0,,,,,,,
shield_z1.0m,src/recordings/recoding_20260807_3.tar.xz::shield_z1.0m,116,3.8666666666666667,1,fully_occluded,0,,,,,,,,,,,,,,,,False,False,no_detection,,,,,,,,,0,,,,,,,
shield_z1.0m,src/recordings/recoding_20260807_3.tar.xz::shield_z1.0m,117,3.9,1,fully_occluded,0,,,,,,,,,,,,,,,,False,False,no_detection,,,,,,,,,0,,,,,,,
shield_z1.0m,src/recordings/recoding_20260807_3.tar.xz::shield_z1.0m,118,3.933333333333333,1,fully_occluded,0,,,,,,,,,,,,,,,,False,False,no_detection,,,,,,,,,0,,,,,,,
shield_z1.0m,src/recordings/recoding_20260807_3.tar.xz::shield_z1.0m,119,3.966666666666667,1,fully_occluded,0,,,,,,,,,,,,,,,,False,False,no_detection,,,,,,,,,0,,,,,,,
shield_z1.0m,src/recordings/recoding_20260807_3.tar.xz::shield_z1.0m,120,4.0,1,reappearing,1,327.0,415.5,0.033261097274931185,1.2965417634443175,1.2969683284287372,0.04280812227298251,1.2965417634443175,1.2972482721853358,792.0,10,26,70,0.37142857142857144,0.4351648351648352,0.6045801526717557,True,True,initialized,,,,,,,,,1,0,0.04280812293291092,1.2965418100357056,1.2972483187731263,0.0,0.0,0.0
shield_z1.0m,src/recordings/recoding_20260807_3.tar.xz::shield_z1.0m,121,4.033333333333333,1,reappearing,1,326.0,417.0,0.025220041507491287,1.2689051762051808,1.2691557810977896,0.037921663210101555,1.2689051762051808,1.2694717006459504,1376.0,13,33,72,0.4583333333333333,0.5791245791245792,0.6796739935786614,True,True,accepted,0.04280812293291092,1.2965418100357056,-0.004886459559202194,-0.02763664722442627,0.0020784721709787846,0.0,0.0020784721709787846,0.3789618909358978,1,0,0.040037550032138824,1.280872106552124,1.281497701424334,-0.019689511507749557,-0.11135917156934738,0.0
shield_z1.0m,src/recordings/recoding_20260807_3.tar.xz::shield_z1.0m,122,4.066666666666666,1,reappearing,1,326.0,417.0,0.025220041507491287,1.2689051762051808,1.2691557810977896,0.037921663210101555,1.2689051762051808,1.2694717006459504,1738.5,13,40,72,0.5555555555555556,0.6036458333333333,0.725735754539762,True,True,accepted,0.0393812321126461,1.2771601676940918,-0.001459568738937378,-0.0082550048828125,0.001895808964036405,0.0,0.001895808964036405,0.037068843841552734,1,0,0.03861456736922264,1.2728240489959717,1.2734096530636212,-0.02812746912240982,-0.15908244252204895,0.0
shield_z1.0m,src/recordings/recoding_20260807_3.tar.xz::shield_z1.0m,123,4.1,1,reappearing,1,314.5,419.0,-0.06251074463453785,1.2380081143990713,1.2395852873089082,-0.015391347846638835,1.2380081143990713,1.2381037859995745,2279.0,14,47,73,0.6438356164383562,0.6642378315359954,0.7642521797451375,True,True,accepted,0.037676986306905746,1.2675212621688843,-0.05306833237409592,-0.029513120651245117,0.0018957407446578145,0.0,0.0018957407446578145,1.9450297355651855,1,0,0.009802761487662792,1.2520194053649902,1.2520577804331907,-0.32227668166160583,-0.3226689100265503,0.0
shield_z1.0m,src/recordings/recoding_20260807_3.tar.xz::shield_z1.0m,124,4.133333333333334,1,reappearing,1,313.0,419.0,-0.07386516321202306,1.2385608841672673,1.240761510575478,-0.02229130018702176,1.2385608841672673,1.238761464468939,2864.5,13,53,72,0.7361111111111112,0.7506551362683438,0.8418809698750919,True,True,accepted,-0.0009397951071150601,1.241263747215271,-0.02135150507092476,-0.0027028322219848633,0.0018194911535829306,0.0,0.0018194911535829306,0.2545723021030426,1,0,-0.011729910038411617,1.2398978471755981,1.2399533306621633,-0.4212629795074463,-0.3351993262767792,0.0
shield_z1.0m,src/recordings/recoding_20260807_3.tar.xz::shield_z1.0m,125,4.166666666666667,1,reappearing,1,316.5,419.0,-0.04739398067666964,1.2371701967687172,1.2380776571674037,-0.006205060575449426,1.2371701967687172,1.23718575749541,3104.5,14,55,72,0.7638888888888888,0.7839646464646465,0.8867466438160525,True,True,accepted,-0.025772010907530785,1.228724479675293,0.01956694945693016,0.00844573974609375,0.0017065037973225117,0.0,0.0017065037973225117,0.266155868768692,1,0,-0.016524553298950195,1.2327159643173218,1.2328267151325503,-0.34789252281188965,-0.303530216217041,0.0
shield_z1.0m,src/recordings/recoding_20260807_3.tar.xz::shield_z1.0m,126,4.2,0,visible,1,315.5,419.0,-0.05474908196970123,1.2366155035439417,1.2378268722166932,-0.010674672826775013,1.2366155035439417,1.2366615754705064,3270.5,12,55,73,0.7534246575342466,0.8145703611457036,0.930308633195847,True,True,accepted,-0.028120972216129303,1.2225983142852783,0.017446298152208328,0.014017224311828613,0.0015999670140445232,0.0,0.0015999670140445232,0.3130413889884949,1,0,-0.020488418638706207,1.2287306785583496,1.2289014833292282,-0.2946285009384155,-0.26073524355888367,0.0
shield_z1.0m,src/recordings/recoding_20260807_3.tar.xz::shield_z1.0m,127,4.233333333333333,0,visible,1,323.0,419.0,0.0015492269303744165,1.2336185725838735,1.2336195453736762,0.023537175679933214,1.2336185725838735,1.2338430942639593,3341.5,13,56,72,0.7777777777777778,0.8287450396825397,0.9339016210173281,True,True,accepted,-0.030309369787573814,1.2200394868850708,0.05384654551744461,0.013579130172729492,0.0015127676306292415,0.0,0.0015127676306292415,2.038543939590454,1,0,-0.008498075418174267,1.2255399227142334,1.2255693858171484,-0.15780416131019592,-0.22623060643672943,0.0
shield_z1.0m,src/recordings/recoding_20260807_3.tar.xz::shield_z1.0m,128,4.266666666666667,0,visible,1,323.0,419.0,0.0015492269303744165,1.22921464048992,1.2292156167649535,0.023537175679933214,1.22921464048992,1.229439966421196,3371.0,13,54,75,0.72,0.8323456790123457,0.9271177117711771,True,True,accepted,-0.013758214190602303,1.2179988622665405,0.0372953899204731,0.011215806007385254,0.0014447893481701612,0.0,0.0014447893481701612,1.0498003959655762,1,0,0.0003048233047593385,1.2222280502319336,1.222228088243353,-0.07672634720802307,-0.20184814929962158,0.0
shield_z1.0m,src/recordings/recoding_20260807_3.tar.xz::shield_z1.0m,129,4.3,0,visible,1,323.0,419.0,0.0015492269303744165,1.2336185725838735,1.2336195453736762,0.023537175679933214,1.2336185725838735,1.2338430942639593,3384.5,13,57,73,0.7808219178082192,0.8133862052391252,0.9105461393596986,True,True,accepted,-0.002252721693366766,1.215499758720398,0.02578989788889885,0.018118858337402344,0.001392763340845704,0.0,0.001392763340845704,0.7132667899131775,1,0,0.00687181344255805,1.2219102382659912,1.2219295610628464,-0.027355197817087173,-0.16716213524341583,0.0
shield_z1.0m,src/recordings/recoding_20260807_3.tar.xz::shield_z1.0m,130,4.333333333333333,0,visible,1,322.0,419.0,-0.005961664609983492,1.234248097528674,1.2342624954595651,0.018972891449209262,1.234248097528674,1.2343939147869674,3390.0,13,56,73,0.7671232876712328,0.8292563600782779,0.9263560595709797,True,True,accepted,0.00595997367054224,1.2163381576538086,0.013012918643653393,0.017909884452819824,0.0013533530291169882,0.0,0.0013533530291169882,0.3621375858783722,1,0,0.01031910628080368,1.2223377227783203,1.2223812795037907,-0.004799341782927513,-0.13611815869808197,0.0
shield_z1.0m,src/recordings/recoding_20260807_3.tar.xz::shield_z1.0m,131,4.366666666666666,0,visible,1,317.0,419.0,-0.043618164344097196,1.2369456066168207,1.2377144169756622,-0.003910539498654712,1.2369456066168207,1.2369517880854635,3409.0,13,62,73,0.8493150684931506,0.7532037118868758,0.8997096859329639,True,True,accepted,0.010159128345549107,1.217800498008728,-0.014069668017327785,0.01914513111114502,0.0013238159008324146,0.0,0.0013238159008324146,0.4264124631881714,1,0,0.005654763430356979,1.223929762840271,1.223942825754412,-0.027444737032055855,-0.10530371218919754,0.0
shield_z1.0m,src/recordings/recoding_20260807_3.tar.xz::shield_z1.0m,132,4.4,0,visible,1,323.0,419.0,0.0015492269303744165,1.2336185725838735,1.2336195453736762,0.023537175679933214,1.2336185725838735,1.2338430942639593,3412.5,13,58,73,0.7945205479452054,0.8059754369390647,0.922920892494929,True,True,accepted,0.004739938769489527,1.2204196453094482,0.018797237426042557,0.01319897174835205,0.0013019997859373689,0.0,0.0013019997859373689,0.4051836133003235,1,0,0.010543690994381905,1.2244949340820312,1.2245403272299134,0.0012605191441252828,-0.08514756709337234,0.0
shield_z1.0m,src/recordings/recoding_20260807_3.tar.xz::shield_z1.0m,133,4.433333333333334,0,visible,1,322.5,419.0,-0.002206218839804538,1.2339333350562738,1.2339353073660984,0.02125503356457124,1.2339333350562738,1.234116385036245,3424.5,14,62,73,0.8493150684931506,0.7566283694211224,0.891796875,True,True,accepted,0.010585708543658257,1.2216566801071167,0.010669324547052383,0.012276649475097656,0.0012862063013017178,0.0,0.0012862063013017178,0.2056828737258911,1,0,0.013789363205432892,1.2253429889678955,1.2254205756189944,0.01699010655283928,-0.0670483261346817,0.0
shield_z1.0m,src/recordings/recoding_20260807_3.tar.xz::shield_z1.0m,134,4.466666666666667,0,visible,1,323.0,419.0,0.0015492269303744165,1.2308017490086587,1.2308027240247947,0.023537175679933214,1.2308017490086587,1.2310267844371874,3419.5,13,61,74,0.8243243243243243,0.7575321222862207,0.9051085230280572,True,True,accepted,0.014355700463056564,1.2231080532073975,0.009181475266814232,0.007693648338317871,0.0012750697787851095,0.0,0.0012750697787851095,0.11253635585308075,1,0,0.01705648936331272,1.225371241569519,1.2254899442651601,0.030231164768338203,-0.05595293641090393,0.0
shield_z1.0m,src/recordings/recoding_20260807_3.tar.xz::shield_z1.0m,135,4.5,0,visible,1,323.0,419.0,0.0015492269303744165,1.2336185725838735,1.2336195453736762,0.023537175679933214,1.2336185725838735,1.2338430942639593,3400.0,13,57,73,0.7808219178082192,0.8171112713290074,0.9194159004867496,True,True,accepted,0.018064195290207863,1.2235060930252075,0.005472980439662933,0.010112524032592773,0.0012674727477133274,0.0,0.0012674727477133274,0.10431519150733948,1,0,0.019650952890515327,1.2264379262924194,1.2265953476994584,0.03802459314465523,-0.04155287891626358,0.0
shield_z1.0m,src/recordings/recoding_20260807_3.tar.xz::shield_z1.0m,136,4.533333333333333,0,visible,1,303.0,420.0,-0.1466293815661767,1.2221588300343889,1.2309233856619612,-0.06650929649415413,1.2221588300343889,1.2239671941482637,3402.0,13,62,75,0.8266666666666667,0.7316129032258064,0.8803208694527106,True,True,accepted,0.02091844007372856,1.225052833557129,-0.08742773532867432,-0.0028940439224243164,0.0012624971568584442,0.0,0.0012624971568584442,6.0609917640686035,1,0,-0.004184435121715069,1.2242218255996704,1.2242289768551786,-0.08566761016845703,-0.04564735293388367,0.0
shield_z1.0m,src/recordings/recoding_20260807_3.tar.xz::shield_z1.0m,137,4.566666666666666,0,visible,1,323.0,419.0,0.0015492269303744165,1.2336185725838735,1.2336195453736762,0.023537175679933214,1.2336185725838735,1.2338430942639593,3434.5,13,57,73,0.7808219178082192,0.8254025474645518,0.9286197106935244,True,True,accepted,-0.007040022406727076,1.2227002382278442,0.030577197670936584,0.010918378829956055,0.0012593972496688366,0.0,0.0012593972496688366,0.8370480537414551,1,0,0.0016858660383149981,1.225816011428833,1.2258171707149448,-0.042523398995399475,-0.030241597443819046,0.0
shield_z1.0m,src/recordings/recoding_20260807_3.tar.xz::shield_z1.0m,138,4.6,0,visible,1,322.5,419.0,-0.002206218839804538,1.2296188477757057,1.229620827005961,0.02125503356457124,1.2296188477757057,1.2298025399457773,3467.0,14,59,75,0.7866666666666666,0.7835028248587571,0.9038060479666319,True,True,accepted,0.0002684193314053118,1.2248079776763916,0.020986612886190414,0.004810929298400879,0.0012575817527249455,0.0,0.0012575817527249455,0.36863046884536743,1,0,0.006235768552869558,1.2261759042739868,1.2261917603016155,-0.01292984839528799,-0.023457631468772888,0.0
shield_z1.0m,src/recordings/recoding_20260807_3.tar.xz::shield_z1.0m,139,4.633333333333334,0,visible,1,322.5,419.0,-0.002206218839804538,1.2339333350562738,1.2339353073660984,0.02125503356457124,1.2339333350562738,1.234116385036245,3333.0,14,59,73,0.8082191780821918,0.7738565126538194,0.8963291649858814,True,True,accepted,0.005804773420095444,1.2253940105438232,0.015450259670615196,0.008539319038391113,0.0012565999059006572,0.0,0.0012565999059006572,0.2479950189590454,1,0,0.010189272463321686,1.2278172969818115,1.2278595750496284,0.00886386539787054,-0.011412302032113075,0.0
shield_z1.0m,src/recordings/recoding_20260807_3.tar.xz::shield_z1.0m,140,4.666666666666667,0,visible,1,322.5,419.0,-0.002206218839804538,1.230412402035075,1.230414379988828,0.02125503356457124,1.230412402035075,1.230595975750593,3321.0,14,60,75,0.8,0.738,0.8839499600745275,True,True,accepted,0.010484734550118446,1.227436900138855,0.010770298540592194,0.0029754638671875,0.0012561238836497068,0.0,0.0012561238836497068,0.09939523041248322,1,0,0.013538222759962082,1.2282804250717163,1.2283550325902746,0.02406536042690277,-0.007212650962173939,0.0
shield_z1.0m,src/recordings/recoding_20260807_3.tar.xz::shield_z1.0m,141,4.7,0,visible,1,322.5,419.0,-0.002206218839804538,1.2296188477757057,1.229620827005961,0.02125503356457124,1.2296188477757057,1.2298025399457773,3364.0,14,61,75,0.8133333333333334,0.7353005464480874,0.8843322818086226,True,True,accepted,0.014340401627123356,1.2280399799346924,0.006914631463587284,0.0015789270401000977,0.0012559281894937158,0.0,0.0012559281894937158,0.04005415365099907,1,0,0.01629999838769436,1.228487491607666,1.2285956238665081,0.0338301844894886,-0.0049828942865133286,0.0
shield_z1.0m,src/recordings/recoding_20260807_3.tar.xz::shield_z1.0m,142,4.733333333333333,0,visible,1,303.0,420.0,-0.1466293815661767,1.2221588300343889,1.2309233856619612,-0.06650929649415413,1.2221588300343889,1.2239671941482637,3311.5,13,54,75,0.72,0.8176543209876543,0.9216532145839131,True,True,accepted,0.01742767170071602,1.2283214330673218,-0.08393697440624237,-0.0061626434326171875,0.0012558687012642622,0.0,0.0012558687012642622,5.640233993530273,1,0,-0.006357092410326004,1.2265751361846924,1.226591609840215,-0.08474685251712799,-0.013688807375729084,0.0
shield_z1.0m,src/recordings/recoding_20260807_3.tar.xz::shield_z1.0m,143,4.766666666666667,0,visible,1,321.0,419.0,-0.013479373275384336,1.2348476703683802,1.2349212373743164,0.014404464528344579,1.2348476703683802,1.2349316813543023,3395.0,15,62,73,0.8493150684931506,0.7501104728236854,0.873087308730873,True,True,accepted,-0.00918198749423027,1.226118803024292,0.0235864520072937,0.008728861808776855,0.001255860785022378,0.0,0.001255860785022378,0.5036495327949524,1,0,-0.0024985296186059713,1.2285921573638916,1.2285946979318756,-0.0514218807220459,-0.0013559195213019848,0.0
shield_z1.0m,src/recordings/recoding_20260807_3.tar.xz::shield_z1.0m,144,4.8,0,visible,1,321.5,419.0,-0.009720518942683914,1.230412402035075,1.2304507985166404,0.01668867798877692,1.230412402035075,1.2305255751323239,3374.5,14,61,74,0.8243243243243243,0.7475631369073992,0.8863934856842658,True,True,accepted,-0.004212592262774706,1.2285469770431519,0.02090127021074295,0.001865386962890625,0.0012558605521917343,0.0,0.0012558605521917343,0.3506303131580353,1,0,0.0017099898541346192,1.22907555103302,1.2290767405709144,-0.02189173549413681,0.0012795734219253063,0.0
shield_z1.0m,src/recordings/recoding_20260807_3.tar.xz::shield_z1.0m,145,4.833333333333333,0,visible,1,323.0,419.0,0.0015492269303744165,1.2336185725838735,1.2336195453736762,0.023537175679933214,1.2336185725838735,1.2338430942639593,3359.5,13,55,73,0.7534246575342466,0.8367372353673723,0.9279105095981218,True,True,accepted,0.0009802653221413493,1.2291182279586792,0.022556910291314125,0.004500389099121094,0.0012558500748127699,0.0,0.0012558500748127699,0.4212825298309326,1,0,0.007371854968369007,1.230393409729004,1.2304154936241005,0.009972987696528435,0.007636989001184702,0.0
shield_z1.0m,src/recordings/recoding_20260807_3.tar.xz::shield_z1.0m,146,4.866666666666666,0,visible,1,316.5,419.0,-0.04739398067666964,1.2371701967687172,1.2380776571674037,-0.006205060575449426,1.2371701967687172,1.23718575749541,3356.5,14,60,73,0.821917808219178,0.766324200913242,0.8896103896103896,True,True,accepted,0.007704287767410278,1.2306479215621948,-0.013909348286688328,0.0065222978591918945,0.001255825744010508,0.0,0.001255825744010508,0.18793238699436188,1,0,0.0037632121238857508,1.232495903968811,1.2325016491126437,-0.00967197585850954,0.01684880070388317,0.0
shield_z1.0m,src/recordings/recoding_20260807_3.tar.xz::shield_z1.0m,147,4.9,0,visible,1,322.0,419.0,-0.005961664609983492,1.234248097528674,1.2342624954595651,0.018972891449209262,1.234248097528674,1.2343939147869674,3397.5,15,64,73,0.8767123287671232,0.7272046232876712,0.8693705220061413,True,True,accepted,0.0034408129286020994,1.2330574989318848,0.01553207915276289,0.0011905431747436523,0.00125579081941396,0.0,0.00125579081941396,0.1932351142168045,1,0,0.007841363549232483,1.2333948612213135,1.2334197868809524,0.012260268442332745,0.018529919907450676,0.0
shield_z1.0m,src/recordings/recoding_20260807_3.tar.xz::shield_z1.0m,148,4.933333333333334,0,visible,1,322.5,419.0,-0.002206218839804538,1.230412402035075,1.230414379988828,0.02125503356457124,1.230412402035075,1.230595975750593,3537.0,14,62,75,0.8266666666666667,0.7606451612903226,0.9025261546312835,True,True,accepted,0.00825003907084465,1.234012484550476,0.01300499401986599,-0.0036001205444335938,0.0012557506561279297,0.0,0.0012557506561279297,0.1450054943561554,1,0,0.011934318579733372,1.2329925298690796,1.2330502855410705,0.03062058426439762,0.013447307050228119,0.0
shield_z1.0m,src/recordings/recoding_20260807_3.tar.xz::shield_z1.0m,149,4.966666666666667,0,visible,1,317.0,419.0,-0.043618164344097196,1.2369456066168207,1.2377144169756622,-0.003910539498654712,1.2369456066168207,1.2369517880854635,3456.5,13,62,72,0.8611111111111112,0.7743055555555556,0.8849206349206349,True,True,accepted,0.01295500434935093,1.2334407567977905,-0.016865544021129608,0.0035048723220825195,0.0012557106092572212,0.0,0.0012557106092572212,0.23630499839782715,1,0,0.008177428506314754,1.234433650970459,1.2344607361051354,0.0068138036876916885,0.018394656479358673,0.0
shield_z1.0m,src/recordings/recoding_20260807_3.tar.xz::shield_z1.0m,150,5.0,0,visible,1,323.0,419.0,0.0015492269303744165,1.2336185725838735,1.2336195453736762,0.023537175679933214,1.2336185725838735,1.2338430942639593,3465.5,13,60,72,0.8333333333333334,0.8021990740740741,0.9225342739251964,True,True,accepted,0.008404555730521679,1.2350468635559082,0.015132619999349117,-0.0014282464981079102,0.0012556741712614894,0.0,0.0012556741712614894,0.1839936524629593,1,0,0.012690924108028412,1.2346422672271729,1.2347074906950914,0.028171803802251816,0.016378846019506454,0.0
shield_z1.0m,src/recordings/recoding_20260807_3.tar.xz::shield_z1.0m,151,5.033333333333333,0,visible,1,318.5,419.0,-0.032304246932160205,1.2332888542656932,1.2337118636155853,0.002964800739390639,1.2332888542656932,1.2332924179201827,3352.0,14,59,74,0.7972972972972973,0.7677508016491067,0.893152144950706,True,True,accepted,0.013629984110593796,1.2351882457733154,-0.010665183886885643,-0.0018993616104125977,0.001255643554031849,0.0,0.001255643554031849,0.09346101433038712,1,0,0.010609219782054424,1.2346502542495728,1.2346958353630737,0.013120434246957302,0.01369834877550602,0.0
shield_z1.0m,src/recordings/recoding_20260807_3.tar.xz::shield_z1.0m,152,5.066666666666666,0,visible,1,322.5,419.0,-0.002206218839804538,1.230412402035075,1.230414379988828,0.02125503356457124,1.230412402035075,1.230595975750593,3401.0,14,59,75,0.7866666666666666,0.7685875706214689,0.9063291139240506,True,True,accepted,0.011046567931771278,1.2351068258285522,0.010208465158939362,-0.004694461822509766,0.001255619339644909,0.0,0.001255619339644909,0.10054857283830643,1,0,0.013937831856310368,1.2337772846221924,1.2338560091058297,0.027526387944817543,0.007073631510138512,0.0
shield_z1.0m,src/recordings/recoding_20260807_3.tar.xz::shield_z1.0m,153,5.1,0,visible,1,317.0,419.0,-0.04331580528698121,1.2348476703683802,1.2356071495430396,-0.003726799303633163,1.2348476703683802,1.2348532941395367,3443.5,13,57,74,0.7702702702702703,0.8163821716453296,0.9269179004037685,True,True,accepted,0.014855378307402134,1.2340130805969238,-0.0185821782797575,0.0008345842361450195,0.001255601178854704,0.0,0.001255601178854704,0.27556031942367554,1,0,0.009592683054506779,1.234249472618103,1.2342867495951861,0.0013046214589849114,0.008251333609223366,0.0
shield_z1.0m,src/recordings/recoding_20260807_3.tar.xz::shield_z1.0m,154,5.133333333333334,0,visible,1,323.0,419.0,0.0015492269303744165,1.2308017490086587,1.2308027240247947,0.023537175679933214,1.2308017490086587,1.2310267844371874,3471.0,13,62,74,0.8378378378378378,0.7565387968613775,0.8992227979274612,True,True,accepted,0.009636170230805874,1.2345244884490967,0.013901005499064922,-0.0037227869033813477,0.0012555884895846248,0.0,0.0012555884895846248,0.1649402678012848,1,0,0.013573000207543373,1.2334702014923096,1.2335448772963684,0.020920250564813614,0.002998130163177848,0.0
shield_z1.0m,src/recordings/recoding_20260807_3.tar.xz::shield_z1.0m,155,5.166666666666667,0,visible,1,318.0,419.0,-0.03607329474010491,1.2329591359475127,1.2334867301717696,0.0006743928188114902,1.2329591359475127,1.2329593203841362,3466.0,15,63,75,0.84,0.7335449735449735,0.8784691420605754,True,True,accepted,0.014270341955125332,1.2335700988769531,-0.013595948927104473,-0.0006109476089477539,0.0012555799912661314,0.0,0.0012555799912661314,0.14751994609832764,1,0,0.01041997130960226,1.233397126197815,1.233441140352924,0.001735287019982934,0.002136034658178687,0.0
shield_z1.0m,src/recordings/recoding_20260807_3.tar.xz::shield_z1.0m,156,5.2,0,visible,1,322.0,419.0,-0.005961664609983492,1.234248097528674,1.2342624954595651,0.018972891449209262,1.234248097528674,1.2343939147869674,3380.5,13,55,73,0.7534246575342466,0.8419676214196762,0.935649045114863,True,True,accepted,0.010477813892066479,1.2334682941436768,0.008495078422129154,0.0007797479629516602,0.0012555747525766492,0.0,0.0012555747525766492,0.05796099826693535,1,0,0.012883592396974564,1.2336890697479248,1.2337563405180747,0.013722465373575687,0.0032363161444664,0.0
shield_z1.0m,src/recordings/recoding_20260807_3.tar.xz::shield_z1.0m,157,5.233333333333333,0,visible,1,323.0,419.0,0.0012705005319113703,1.2308017490086587,1.2308024047483719,0.023367796785516277,1.2308017490086587,1.2310235575688153,3427.0,13,57,74,0.7702702702702703,0.812470365101944,0.9230976430976431,True,True,accepted,0.013341007754206657,1.2337969541549683,0.010026788339018822,-0.0029952526092529297,0.0012555716093629599,0.0,0.0012555716093629599,0.08721766620874405,1,0,0.01618054509162903,1.232948660850525,1.233054828599509,0.027870988473296165,-0.0009902017191052437,0.0
shield_z1.0m,src/recordings/recoding_20260807_3.tar.xz::shield_z1.0m,158,5.266666666666667,0,visible,1,323.0,419.0,0.0015492269303744165,1.2336185725838735,1.2336195453736762,0.023537175679933214,1.2336185725838735,1.2338430942639593,3424.0,13,58,73,0.7945205479452054,0.8086915446386396,0.9208013984133387,True,True,accepted,0.017109578475356102,1.2329156398773193,0.006427597254514694,0.000702977180480957,0.0012555699795484543,0.0,0.0012555699795484543,0.03329817205667496,1,0,0.01892983540892601,1.2331147193908691,1.2332600090196029,0.036940798163414,1.750629849084362e-06,0.0
shield_z1.0m,src/recordings/recoding_20260807_3.tar.xz::shield_z1.0m,159,5.3,0,visible,1,323.0,419.0,0.0015492269303744165,1.2336185725838735,1.2336195453736762,0.023537175679933214,1.2336185725838735,1.2338430942639593,3450.5,13,58,73,0.7945205479452054,0.8149504015115729,0.9119862561120655,True,True,accepted,0.02016119472682476,1.2331147193908691,0.0033759810030460358,0.0005038976669311523,0.0012555691646412015,0.0,0.0012555691646412015,0.0092795854434371,1,0,0.021117251366376877,1.2332574129104614,1.2334381965886556,0.041704561561346054,0.000712788023520261,0.0
shield_z1.0m,src/recordings/recoding_20260807_3.tar.xz::shield_z1.0m,160,5.333333333333333,0,visible,1,323.0,419.0,0.0015492269303744165,1.2308017490086587,1.2308027240247947,0.023537175679933214,1.2308017490086587,1.2310267844371874,3435.5,13,58,75,0.7733333333333333,0.7897701149425287,0.9191973244147157,True,True,accepted,0.022507403045892715,1.233281135559082,0.0010297726839780807,-0.0024794340133666992,0.001255568815395236,0.0,0.001255568815395236,0.005740844178944826,1,0,0.02279902808368206,1.232578992843628,1.2327898317559942,0.04315764829516411,-0.0027858829125761986,0.0
shield_z1.0m,src/recordings/recoding_20260807_3.tar.xz::shield_z1.0m,161,5.366666666666666,0,visible,1,306.5,421.0,-0.12061172301781123,1.2041988534332222,1.2102239736260443,-0.050698658303656975,1.2041988534332222,1.2052656273882856,3507.5,14,62,75,0.8266666666666667,0.7543010752688172,0.8897767630644343,True,True,accepted,0.0242376159876585,1.2324861288070679,-0.07493627071380615,-0.028287291526794434,0.001255568815395236,0.0,0.001255568815395236,5.1097283363342285,1,0,0.0030161580070853233,1.224475383758545,1.224479098490358,-0.06258320808410645,-0.04270143434405327,0.0
shield_z1.0m,src/recordings/recoding_20260807_3.tar.xz::shield_z1.0m,162,5.4,0,visible,1,322.0,419.0,-0.005961664609983492,1.234248097528674,1.2342624954595651,0.018972891449209262,1.234248097528674,1.2343939147869674,3536.5,13,62,73,0.8493150684931506,0.781374281926646,0.9129985800955208,True,True,accepted,0.0009300509700551629,1.2230520248413086,0.01804284192621708,0.011196017265319824,0.001255568815395236,0.0,0.001255568815395236,0.3591160774230957,1,0,0.006039665080606937,1.2262226343154907,1.2262375081777215,-0.03712335601449013,-0.02690298482775688,0.0
shield_z1.0m,src/recordings/recoding_20260807_3.tar.xz::shield_z1.0m,163,5.433333333333334,0,visible,1,323.0,419.0,0.0015492269303744165,1.2308017490086587,1.2308027240247947,0.023537175679933214,1.2308017490086587,1.2310267844371874,3523.5,13,62,75,0.8266666666666667,0.7577419354838709,0.9042730655716669,True,True,accepted,0.004802220035344362,1.2253258228302002,0.01873495616018772,0.005475878715515137,0.001255568815395236,0.0,0.001255568815395236,0.30343523621559143,1,0,0.010107835754752159,1.2268764972686768,1.2269181341450222,-0.01068688090890646,-0.019176095724105835,0.0
shield_z1.0m,src/recordings/recoding_20260807_3.tar.xz::shield_z1.0m,164,5.466666666666667,0,visible,1,322.5,419.0,-0.002206218839804538,1.230412402035075,1.230414379988828,0.02125503356457124,1.230412402035075,1.230595975750593,3556.5,14,62,75,0.8266666666666667,0.7648387096774194,0.9073861461921163,True,True,accepted,0.009751606732606888,1.2262372970581055,0.011503426358103752,0.004175066947937012,0.001255568815395236,0.0,0.001255568815395236,0.11927662044763565,1,0,0.013009301386773586,1.2274196147918701,1.2274885550172738,0.005545340944081545,-0.013284754008054733,0.0
shield_z1.0m,src/recordings/recoding_20260807_3.tar.xz::shield_z1.0m,165,5.5,0,visible,1,322.5,420.0,-0.0024367390261171512,1.2190152491956563,1.2190176846414613,0.021114949042567867,1.2190152491956563,1.2191981048396598,3518.0,14,62,74,0.8378378378378378,0.7667829119442022,0.9053010808028822,True,True,accepted,0.013194145634770393,1.226976752281189,0.007920803502202034,-0.007961511611938477,0.001255568815395236,0.0,0.001255568815395236,0.10045231878757477,1,0,0.015437264926731586,1.224722146987915,1.2248194342314733,0.01672220043838024,-0.02451905608177185,0.0
shield_z1.0m,src/recordings/recoding_20260807_3.tar.xz::shield_z1.0m,166,5.533333333333333,0,visible,1,304.0,421.0,-0.1391876835834053,1.2041865880715332,1.212204005171025,-0.061987060409387666,1.2041865880715332,1.2057809645825222,3445.0,13,58,74,0.7837837837837838,0.8026561043802423,0.9219858156028369,True,True,accepted,0.01599467173218727,1.2239048480987549,-0.07798173278570175,-0.019718289375305176,0.0012555686989799142,0.0,0.0012555686989799142,5.153012752532959,1,0,-0.0060892365872859955,1.2183207273483276,1.2183359444294395,-0.09331594407558441,-0.052343059331178665,0.0
shield_z1.0m,src/recordings/recoding_20260807_3.tar.xz::shield_z1.0m,167,5.566666666666666,0,visible,1,323.0,419.0,0.0015492269303744165,1.2300230550614915,1.230024030694883,0.023537175679933214,1.2300230550614915,1.2302482329277262,3472.5,13,62,75,0.8266666666666667,0.7467741935483871,0.8883346124328473,True,True,accepted,-0.009199768304824829,1.2165759801864624,0.032736942172050476,0.013447046279907227,0.0012555685825645924,0.0,0.0012555685825645924,0.9975802898406982,1,0,7.111601007636636e-05,1.220384120941162,1.2203841230132502,-0.047121647745370865,-0.03336826339364052,0.0
shield_z1.0m,src/recordings/recoding_20260807_3.tar.xz::shield_z1.0m,168,5.6,0,visible,1,313.0,420.0,-0.07317194151740515,1.2183325817177204,1.2205279237692157,-0.021870037167560093,1.2183325817177204,1.2185288581731153,3417.0,13,58,75,0.7733333333333333,0.7855172413793103,0.9079314467915505,True,True,accepted,-0.0014996057143434882,1.2192718982696533,-0.02037043124437332,-0.0009393692016601562,0.0012555685825645924,0.0,0.0012555685825645924,0.33119410276412964,1,0,-0.007268373854458332,1.219005823135376,1.2190274919362745,-0.07586585730314255,-0.03469378501176834,0.0
shield_z1.0m,src/recordings/recoding_20260807_3.tar.xz::shield_z1.0m,169,5.633333333333334,0,visible,1,319.0,419.0,-0.028535199124215496,1.2359567943968728,1.2362861542559038,0.005255208659969795,1.2359567943968728,1.2359679667506975,3423.0,13,57,73,0.7808219178082192,0.8226387887527037,0.9200376293508937,True,True,accepted,-0.009797235950827599,1.2178493738174438,0.015052445232868195,0.01810741424560547,0.0012555684661492705,0.0,0.0012555684661492705,0.44159644842147827,1,0,-0.0055344849824905396,1.2229772806167603,1.2229898034852078,-0.0546257309615612,-0.009142870083451271,0.0
shield_z1.0m,src/recordings/recoding_20260807_3.tar.xz::shield_z1.0m,170,5.666666666666667,0,visible,1,322.5,419.0,-0.002206218839804538,1.2311762172949297,1.2311781940215725,0.02125503356457124,1.2311762172949297,1.231359677139252,3498.5,14,62,75,0.8266666666666667,0.7523655913978494,0.894185303514377,True,True,accepted,-0.007355342619121075,1.222672462463379,0.02861037477850914,0.00850379467010498,0.0012555683497339487,0.0,0.0012555683497339487,0.7095337510108948,1,0,0.0007469209958799183,1.2250807285308838,1.225080956226459,-0.01425436045974493,0.002856617793440819,0.0
shield_z1.0m,src/recordings/recoding_20260807_3.tar.xz::shield_z1.0m,171,5.7,0,visible,1,323.0,419.0,0.0015492269303744165,1.22921464048992,1.2292156167649535,0.023537175679933214,1.22921464048992,1.229439966421196,3526.5,13,62,75,0.8266666666666667,0.7583870967741936,0.8961880559085134,True,True,accepted,0.0002717756142374128,1.2251759767532349,0.023265400901436806,0.004038691520690918,0.0012555683497339487,0.0,0.0012555683497339487,0.44409361481666565,1,0,0.006860378198325634,1.226319670677185,1.2263388599725704,0.018574848771095276,0.008555511943995953,0.0
shield_z1.0m,src/recordings/recoding_20260807_3.tar.xz::shield_z1.0m,172,5.733333333333333,0,visible,1,323.0,419.0,0.0015492269303744165,1.2315506855812006,1.2315516600044056,0.023537175679933214,1.2315506855812006,1.2317755841850875,3440.0,13,58,74,0.7837837837837838,0.8014911463187325,0.9134360063728093,True,True,accepted,0.007479540072381496,1.2266048192977905,0.016057636588811874,0.004945874214172363,0.0012555683497339487,0.0,0.0012555683497339487,0.22484588623046875,1,0,0.0120269525796175,1.2280054092407227,1.2280643031669096,0.0412333644926548,0.015534507110714912,0.0
shield_z1.0m,src/recordings/recoding_20260807_3.tar.xz::shield_z1.0m,173,5.766666666666667,0,visible,1,323.0,419.0,0.0015492269303744165,1.2308017490086587,1.2308027240247947,0.023537175679933214,1.2308017490086587,1.2310267844371874,3538.0,13,62,74,0.8378378378378378,0.7711421098517872,0.9059019331711688,True,True,accepted,0.013401398435235023,1.2285232543945312,0.010135777294635773,0.002278447151184082,0.0012555683497339487,0.0,0.0012555683497339487,0.08595732599496841,1,0,0.01627178117632866,1.2291685342788696,1.2292762327987616,0.0555356964468956,0.01874956488609314,0.0
shield_z1.0m,src/recordings/recoding_20260807_3.tar.xz::shield_z1.0m,174,5.8,0,visible,1,316.0,419.0,-0.05076998218977272,1.2348476703683802,1.2358909175593797,-0.008256618687606947,1.2348476703683802,1.2348752733642245,3433.5,15,62,74,0.8378378378378378,0.7483653007846556,0.8921657788748864,True,True,accepted,0.018122971057891846,1.2297935485839844,-0.02637958899140358,0.005054116249084473,0.0012555683497339487,0.0,0.0012555683497339487,0.5745818614959717,1,0,0.01065245270729065,1.2312248945236206,1.2312709757171172,0.018312139436602592,0.025881297886371613,0.0
shield_z1.0m,src/recordings/recoding_20260807_3.tar.xz::shield_z1.0m,175,5.833333333333333,0,visible,1,319.5,420.0,-0.024710042877984523,1.2190152491956563,1.2192656658786796,0.007579713046821224,1.2190152491956563,1.2190388139109518,3500.5,14,62,75,0.8266666666666667,0.7527956989247312,0.8943536024527338,True,True,accepted,0.011262857355177402,1.2320876121520996,-0.003683144226670265,-0.013072371482849121,0.0012555683497339487,0.0,0.0012555683497339487,0.1469075232744217,1,0,0.010219816118478775,1.2283855676651,1.2284280799010603,0.013114949688315392,0.007435212377458811,0.0
shield_z1.0m,src/recordings/recoding_20260807_3.tar.xz::shield_z1.0m,176,5.866666666666666,0,visible,1,322.5,419.0,-0.002206218839804538,1.2311762172949297,1.2311781940215725,0.02125503356457124,1.2311762172949297,1.231359677139252,3429.5,14,62,75,0.8266666666666667,0.7375268817204301,0.8852607124419205,True,True,accepted,0.01065698079764843,1.2286334037780762,0.01059805229306221,0.002542853355407715,0.0012555683497339487,0.0,0.0012555683497339487,0.09460640698671341,1,0,0.01365827675908804,1.2293535470962524,1.229429417364887,0.02806958742439747,0.011023366823792458,0.0
shield_z1.0m,src/recordings/recoding_20260807_3.tar.xz::shield_z1.0m,177,5.9,0,visible,1,316.5,420.0,-0.04704289373837696,1.2208964777137519,1.2218024566782988,-0.0059917089956200535,1.2208964777137519,1.220911180172634,3498.5,14,62,75,0.8266666666666667,0.7523655913978494,0.8908836261777439,True,True,accepted,0.01459392998367548,1.229720950126648,-0.020585639402270317,-0.008824467658996582,0.0012555683497339487,0.0,0.0012555683497339487,0.3995320200920105,1,0,0.008764218538999557,1.227221965789795,1.2272532602700912,-0.000978276482783258,-0.0014286114601418376,0.0
shield_z1.0m,src/recordings/recoding_20260807_3.tar.xz::shield_z1.0m,178,5.933333333333334,0,visible,1,322.5,419.0,-0.002206218839804538,1.2296188477757057,1.229620827005961,0.02125503356457124,1.2296188477757057,1.2298025399457773,3514.5,14,64,75,0.8533333333333334,0.7321875,0.8871639530480878,True,True,accepted,0.008731609210371971,1.2271744012832642,0.012523423880338669,0.0024445056915283203,0.0012555683497339487,0.0,0.0012555683497339487,0.12967176735401154,1,0,0.012278157286345959,1.2278666496276855,1.2279280363336713,0.016693202778697014,0.0020207674242556095,0.0
shield_z1.0m,src/recordings/recoding_20260807_3.tar.xz::shield_z1.0m,179,5.966666666666667,0,visible,1,322.5,419.0,-0.002206218839804538,1.2339333350562738,1.2339353073660984,0.02125503356457124,1.2339333350562738,1.234116385036245,3446.0,14,62,73,0.8493150684931506,0.7613787008395935,0.901622187336473,True,True,accepted,0.012834597378969193,1.2279340028762817,0.008420435711741447,0.005999326705932617,0.0012555683497339487,0.0,0.0012555683497339487,0.0851372629404068,1,0,0.015219206921756268,1.2296329736709595,1.229727154371332,0.02857506275177002,0.010486261919140816,0.0
shield_z1.0m,src/recordings/recoding_20260807_3.tar.xz::shield_z1.0m,180,6.0,0,visible,1,322.5,419.0,-0.002206218839804538,1.2311762172949297,1.2311781940215725,0.02125503356457124,1.2311762172949297,1.231359677139252,3456.5,14,59,75,0.7866666666666666,0.7811299435028248,0.8993105242617406,True,True,accepted,0.016171708703041077,1.2299824953079224,0.005083324387669563,0.0011937618255615234,0.0012555683497339487,0.0,0.0012555683497339487,0.021715465933084488,1,0,0.017611270770430565,1.2303205728530884,1.2304466135691141,0.03574800863862038,0.01217074878513813,0.0
shield_z1.0m,src/recordings/recoding_20260807_3.tar.xz::shield_z1.0m,181,6.033333333333333,0,visible,1,311.5,420.5,-0.08381111822056456,1.2092691226778594,1.212170002350933,-0.02833534507317819,1.2092691226778594,1.2096010511083792,3508.5,14,62,75,0.8266666666666667,0.7545161290322581,0.8996153846153846,True,True,accepted,0.01880287192761898,1.2307262420654297,-0.04713821783661842,-0.02145707607269287,0.0012555683497339487,0.0,0.0012555683497339487,2.1364171504974365,1,0,0.005453651770949364,1.2246497869491577,1.2246619300820354,-0.030767513439059258,-0.018106777220964432,0.0
shield_z1.0m,src/recordings/recoding_20260807_3.tar.xz::shield_z1.0m,182,6.066666666666666,0,visible,1,323.0,419.0,0.0015492269303744165,1.2336185725838735,1.2336195453736762,0.023537175679933214,1.2336185725838735,1.2338430942639593,3393.5,13,58,73,0.7945205479452054,0.8014879546528105,0.9154302670623146,True,True,accepted,0.004428067710250616,1.224046230316162,0.019109107553958893,0.009572386741638184,0.0012555683497339487,0.0,0.0012555683497339487,0.3638102114200592,1,0,0.009839636273682117,1.2267570495605469,1.226796510057188,-0.003803145606070757,-0.004599429666996002,0.0
shield_z1.0m,src/recordings/recoding_20260807_3.tar.xz::shield_z1.0m,183,6.1,0,visible,1,322.5,419.0,-0.002206218839804538,1.2311762172949297,1.2311781940215725,0.02125503356457124,1.2311762172949297,1.231359677139252,3521.5,14,62,75,0.8266666666666667,0.7573118279569893,0.9038757700205339,True,True,accepted,0.009712864644825459,1.2266037464141846,0.011542168445885181,0.004572510719299316,0.0012555683497339487,0.0,0.0012555683497339487,0.12275676429271698,1,0,0.012981527484953403,1.2278985977172852,1.2279672171242675,0.012483710423111916,0.001852722023613751,0.0
shield_z1.0m,src/recordings/recoding_20260807_3.tar.xz::shield_z1.0m,184,6.133333333333334,0,visible,1,322.5,419.0,-0.002206218839804538,1.2339333350562738,1.2339353073660984,0.02125503356457124,1.2339333350562738,1.234116385036245,3350.5,14,60,73,0.821917808219178,0.7649543378995434,0.8929904051172708,True,True,accepted,0.01339765079319477,1.2279603481292725,0.00785738229751587,0.0059729814529418945,0.0012555683497339487,0.0,0.0012555683497339487,0.0775863528251648,1,0,0.015622807666659355,1.2296518087387085,1.2297510491370873,0.023571059107780457,0.010281042195856571,0.0
shield_z1.0m,src/recordings/recoding_20260807_3.tar.xz::shield_z1.0m,185,6.166666666666667,2,partial_occlusion,1,323.5,419.0,0.005301258814949139,1.2319102564397437,1.231921662796161,0.025817243215447358,1.2319102564397437,1.2321807537730334,3367.0,12,56,74,0.7567567567567568,0.8125,0.9189410480349345,True,True,accepted,0.016408510506153107,1.229994535446167,0.009408732876181602,0.0019156932830810547,0.0012555683497339487,0.0,0.0012555683497339487,0.0734282061457634,1,0,0.0190729983150959,1.2305370569229126,1.2306848612562158,0.03684747964143753,0.012984227389097214,0.0
shield_z1.0m,src/recordings/recoding_20260807_3.tar.xz::shield_z1.0m,186,6.2,2,partial_occlusion,1,316.5,419.0,-0.04739398067666964,1.2371701967687172,1.2380776571674037,-0.006205060575449426,1.2371701967687172,1.23718575749541,3193.0,14,58,72,0.8055555555555556,0.7646072796934866,0.8807061095021377,True,True,accepted,0.020301247015595436,1.2309699058532715,-0.02650630846619606,0.006200313568115234,0.0012555683497339487,0.0,0.0012555683497339487,0.590193510055542,1,0,0.012794842012226582,1.232725739479065,1.2327921385036187,-0.0005548873450607061,0.021733330562710762,0.0
shield_z1.0m,src/recordings/recoding_20260807_3.tar.xz::shield_z1.0m,187,6.233333333333333,2,partial_occlusion,1,316.5,419.0,-0.04739398067666964,1.2371701967687172,1.2380776571674037,-0.006205060575449426,1.2371701967687172,1.23718575749541,2794.5,14,54,73,0.7397260273972602,0.708904109589041,0.8181818181818182,True,True,accepted,0.012776345945894718,1.233450174331665,-0.018981406465172768,0.0037200450897216797,0.0012555683497339487,0.0,0.0012555683497339487,0.29797860980033875,1,0,0.007400942035019398,1.2345036268234253,1.2345258112259931,-0.027339059859514236,0.026982590556144714,0.0
shield_z1.0m,src/recordings/recoding_20260807_3.tar.xz::shield_z1.0m,188,6.266666666666667,2,partial_occlusion,1,312.5,419.0,-0.07765445043545428,1.2387249158618105,1.241156569836893,-0.024594007372534747,1.2387249158618105,1.238969040119845,2215.5,14,46,73,0.6301369863013698,0.6597677188802858,0.7529311809685642,True,True,accepted,0.006489640101790428,1.235403060913086,-0.031083647161722183,0.0033218860626220703,0.0012555683497339487,0.0,0.0012555683497339487,0.7783153057098389,1,0,-0.0023130355402827263,1.2363437414169312,1.236345905106749,-0.07120039314031601,0.031670019030570984,0.0
shield_z1.0m,src/recordings/recoding_20260807_3.tar.xz::shield_z1.0m,189,6.3,2,partial_occlusion,1,323.0,418.0,0.0015492269303744165,1.2499983080719883,1.2499992681145518,0.023537175679933214,1.2499983080719883,1.2502198881884024,1984.5,13,44,73,0.6027397260273972,0.6178393524283935,0.7366369710467706,True,True,accepted,-0.004686382133513689,1.2373994588851929,0.028223557397723198,0.012598872184753418,0.0012555683497339487,0.0,0.0012555683497339487,0.760851263999939,1,0,0.0033063357695937157,1.2409673929214478,1.240971797483922,-0.03137486055493355,0.049447961151599884,0.0
shield_z1.0m,src/recordings/recoding_20260807_3.tar.xz::shield_z1.0m,190,6.333333333333333,2,partial_occlusion,1,323.5,417.0,0.0059811297195148504,1.2707329891669503,1.2707470651824833,0.026230393110098803,1.2707329891669503,1.2710036834249865,1824.5,12,40,71,0.5633802816901409,0.6424295774647887,0.7554865424430642,True,True,accepted,0.002260507084429264,1.2426156997680664,0.02396988496184349,0.02811729907989502,0.0012555683497339487,0.0,0.0012555683497339487,1.0872669219970703,1,0,0.009048613719642162,1.2505782842636108,1.2506110196547782,0.0024484246969223022,0.08912355452775955,0.0
shield_z1.0m,src/recordings/recoding_20260807_3.tar.xz::shield_z1.0m,191,6.366666666666666,2,partial_occlusion,1,323.5,417.0,0.0059811297195148504,1.2707329891669503,1.2707470651824833,0.026230393110098803,1.2707329891669503,1.2710036834249865,1280.0,12,33,70,0.4714285714285714,0.5541125541125541,0.6830309498399146,True,True,accepted,0.00913022831082344,1.2535490989685059,0.01710016466677189,0.017183899879455566,0.0012555683497339487,0.0,0.0012555683497339487,0.46807652711868286,1,0,0.013972877524793148,1.2584154605865479,1.258493032459686,0.0265780258923769,0.11337131261825562,0.0
shield_z1.0m,src/recordings/recoding_20260807_3.tar.xz::shield_z1.0m,192,6.4,2,partial_occlusion,1,324.5,417.0,0.013681744774854199,1.2700232860590455,1.2700969794753076,0.03090997018495109,1.2700232860590455,1.2703993755465446,961.0,10,30,70,0.42857142857142855,0.4576190476190476,0.6425944500167168,True,True,accepted,0.014858812093734741,1.2621945142745972,0.01605115830898285,0.007828712463378906,0.0012555683497339487,0.0,0.0012555683497339487,0.25401121377944946,1,0,0.019404390826821327,1.2644115686416626,1.264560455375001,0.04922740161418915,0.12441820651292801,0.0
shield_z1.0m,src/recordings/recoding_20260807_3.tar.xz::shield_z1.0m,193,6.433333333333334,2,fully_occluded,0,,,,,,,,,,,,,,,,False,False,no_detection,0.021045304834842682,1.2685588598251343,,,,,,,1,1,0.021045304834842682,1.2685588598251343,1.2687334179000866,0.04922740161418915,0.12441820651292801,0.033333333333333215
shield_z1.0m,src/recordings/recoding_20260807_3.tar.xz::shield_z1.0m,194,6.466666666666667,2,fully_occluded,0,,,,,,,,,,,,,,,,False,False,no_detection,0.022686218842864037,1.272706151008606,,,,,,,1,1,0.022686218842864037,1.272706151008606,1.272908327940597,0.04922740161418915,0.12441820651292801,0.06666666666666643
shield_z1.0m,src/recordings/recoding_20260807_3.tar.xz::shield_z1.0m,195,6.5,2,fully_occluded,0,,,,,,,,,,,,,,,,False,False,no_detection,0.02432713285088539,1.2768534421920776,,,,,,,1,1,0.02432713285088539,1.2768534421920776,1.277085166396706,0.04922740161418915,0.12441820651292801,0.09999999999999964
shield_z1.0m,src/recordings/recoding_20260807_3.tar.xz::shield_z1.0m,196,6.533333333333333,2,fully_occluded,0,,,,,,,,,,,,,,,,False,False,no_detection,0.025968046858906746,1.2810007333755493,,,,,,,1,1,0.025968046858906746,1.2810007333755493,1.2812639144088784,0.04922740161418915,0.12441820651292801,0.13333333333333286
shield_z1.0m,src/recordings/recoding_20260807_3.tar.xz::shield_z1.0m,197,6.566666666666666,2,fully_occluded,0,,,,,,,,,,,,,,,,False,False,no_detection,0.0276089608669281,1.285148024559021,,,,,,,1,1,0.0276089608669281,1.285148024559021,1.2854445533542493,0.04922740161418915,0.12441820651292801,0.16666666666666607
shield_z1.0m,src/recordings/recoding_20260807_3.tar.xz::shield_z1.0m,198,6.6,2,fully_occluded,0,,,,,,,,,,,,,,,,False,False,no_detection,0.029249874874949455,1.2892953157424927,,,,,,,1,1,0.029249874874949455,1.2892953157424927,1.289627064843063,0.04922740161418915,0.12441820651292801,0.1999999999999993
shield_z1.0m,src/recordings/recoding_20260807_3.tar.xz::shield_z1.0m,199,6.633333333333334,2,fully_occluded,0,,,,,,,,,,,,,,,,False,False,no_detection,0.03089078888297081,1.2934426069259644,,,,,,,1,1,0.03089078888297081,1.2934426069259644,1.2938114307151747,0.04922740161418915,0.12441820651292801,0.2333333333333334
shield_z1.0m,src/recordings/recoding_20260807_3.tar.xz::shield_z1.0m,200,6.666666666666667,2,fully_occluded,0,,,,,,,,,,,,,,,,False,False,track_expired,0.032531701028347015,1.297589898109436,,,,,,,0,,,,,,,
shield_z1.0m,src/recordings/recoding_20260807_3.tar.xz::shield_z1.0m,201,6.7,2,fully_occluded,0,,,,,,,,,,,,,,,,False,False,no_detection,,,,,,,,,0,,,,,,,
shield_z1.0m,src/recordings/recoding_20260807_3.tar.xz::shield_z1.0m,202,6.733333333333333,2,fully_occluded,0,,,,,,,,,,,,,,,,False,False,no_detection,,,,,,,,,0,,,,,,,
shield_z1.0m,src/recordings/recoding_20260807_3.tar.xz::shield_z1.0m,203,6.766666666666667,2,fully_occluded,0,,,,,,,,,,,,,,,,False,False,no_detection,,,,,,,,,0,,,,,,,
shield_z1.0m,src/recordings/recoding_20260807_3.tar.xz::shield_z1.0m,204,6.8,2,fully_occluded,0,,,,,,,,,,,,,,,,False,False,no_detection,,,,,,,,,0,,,,,,,
shield_z1.0m,src/recordings/recoding_20260807_3.tar.xz::shield_z1.0m,205,6.833333333333333,2,fully_occluded,0,,,,,,,,,,,,,,,,False,False,no_detection,,,,,,,,,0,,,,,,,
shield_z1.0m,src/recordings/recoding_20260807_3.tar.xz::shield_z1.0m,206,6.866666666666666,2,fully_occluded,0,,,,,,,,,,,,,,,,False,False,no_detection,,,,,,,,,0,,,,,,,
shield_z1.0m,src/recordings/recoding_20260807_3.tar.xz::shield_z1.0m,207,6.9,2,fully_occluded,0,,,,,,,,,,,,,,,,False,False,no_detection,,,,,,,,,0,,,,,,,
shield_z1.0m,src/recordings/recoding_20260807_3.tar.xz::shield_z1.0m,208,6.933333333333334,2,fully_occluded,0,,,,,,,,,,,,,,,,False,False,no_detection,,,,,,,,,0,,,,,,,
shield_z1.0m,src/recordings/recoding_20260807_3.tar.xz::shield_z1.0m,209,6.966666666666667,2,fully_occluded,0,,,,,,,,,,,,,,,,False,False,no_detection,,,,,,,,,0,,,,,,,
shield_z1.0m,src/recordings/recoding_20260807_3.tar.xz::shield_z1.0m,210,7.0,2,fully_occluded,0,,,,,,,,,,,,,,,,False,False,no_detection,,,,,,,,,0,,,,,,,
shield_z1.0m,src/recordings/recoding_20260807_3.tar.xz::shield_z1.0m,211,7.033333333333333,2,fully_occluded,0,,,,,,,,,,,,,,,,False,False,no_detection,,,,,,,,,0,,,,,,,
shield_z1.0m,src/recordings/recoding_20260807_3.tar.xz::shield_z1.0m,212,7.066666666666666,2,fully_occluded,0,,,,,,,,,,,,,,,,False,False,no_detection,,,,,,,,,0,,,,,,,
shield_z1.0m,src/recordings/recoding_20260807_3.tar.xz::shield_z1.0m,213,7.1,2,fully_occluded,0,,,,,,,,,,,,,,,,False,False,no_detection,,,,,,,,,0,,,,,,,
shield_z1.0m,src/recordings/recoding_20260807_3.tar.xz::shield_z1.0m,214,7.133333333333334,2,fully_occluded,0,,,,,,,,,,,,,,,,False,False,no_detection,,,,,,,,,0,,,,,,,
shield_z1.0m,src/recordings/recoding_20260807_3.tar.xz::shield_z1.0m,215,7.166666666666667,2,fully_occluded,0,,,,,,,,,,,,,,,,False,False,no_detection,,,,,,,,,0,,,,,,,
shield_z1.0m,src/recordings/recoding_20260807_3.tar.xz::shield_z1.0m,216,7.2,2,fully_occluded,0,,,,,,,,,,,,,,,,False,False,no_detection,,,,,,,,,0,,,,,,,
shield_z1.0m,src/recordings/recoding_20260807_3.tar.xz::shield_z1.0m,217,7.233333333333333,2,fully_occluded,0,,,,,,,,,,,,,,,,False,False,no_detection,,,,,,,,,0,,,,,,,
shield_z1.0m,src/recordings/recoding_20260807_3.tar.xz::shield_z1.0m,218,7.266666666666667,2,fully_occluded,0,,,,,,,,,,,,,,,,False,False,no_detection,,,,,,,,,0,,,,,,,
shield_z1.0m,src/recordings/recoding_20260807_3.tar.xz::shield_z1.0m,219,7.3,2,fully_occluded,0,,,,,,,,,,,,,,,,False,False,no_detection,,,,,,,,,0,,,,,,,
shield_z1.0m,src/recordings/recoding_20260807_3.tar.xz::shield_z1.0m,220,7.333333333333333,2,fully_occluded,0,,,,,,,,,,,,,,,,False,False,no_detection,,,,,,,,,0,,,,,,,
shield_z1.0m,src/recordings/recoding_20260807_3.tar.xz::shield_z1.0m,221,7.366666666666666,2,fully_occluded,0,,,,,,,,,,,,,,,,False,False,no_detection,,,,,,,,,0,,,,,,,
shield_z1.0m,src/recordings/recoding_20260807_3.tar.xz::shield_z1.0m,222,7.4,2,fully_occluded,0,,,,,,,,,,,,,,,,False,False,no_detection,,,,,,,,,0,,,,,,,
shield_z1.0m,src/recordings/recoding_20260807_3.tar.xz::shield_z1.0m,223,7.433333333333334,2,fully_occluded,0,,,,,,,,,,,,,,,,False,False,no_detection,,,,,,,,,0,,,,,,,
shield_z1.0m,src/recordings/recoding_20260807_3.tar.xz::shield_z1.0m,224,7.466666666666667,2,fully_occluded,0,,,,,,,,,,,,,,,,False,False,no_detection,,,,,,,,,0,,,,,,,
shield_z1.0m,src/recordings/recoding_20260807_3.tar.xz::shield_z1.0m,225,7.5,2,fully_occluded,0,,,,,,,,,,,,,,,,False,False,no_detection,,,,,,,,,0,,,,,,,
shield_z1.0m,src/recordings/recoding_20260807_3.tar.xz::shield_z1.0m,226,7.533333333333333,2,fully_occluded,0,,,,,,,,,,,,,,,,False,False,no_detection,,,,,,,,,0,,,,,,,
shield_z1.0m,src/recordings/recoding_20260807_3.tar.xz::shield_z1.0m,227,7.566666666666666,2,fully_occluded,0,,,,,,,,,,,,,,,,False,False,no_detection,,,,,,,,,0,,,,,,,
shield_z1.0m,src/recordings/recoding_20260807_3.tar.xz::shield_z1.0m,228,7.6,2,fully_occluded,0,,,,,,,,,,,,,,,,False,False,no_detection,,,,,,,,,0,,,,,,,
shield_z1.0m,src/recordings/recoding_20260807_3.tar.xz::shield_z1.0m,229,7.633333333333334,2,fully_occluded,0,,,,,,,,,,,,,,,,False,False,no_detection,,,,,,,,,0,,,,,,,
shield_z1.0m,src/recordings/recoding_20260807_3.tar.xz::shield_z1.0m,230,7.666666666666667,2,fully_occluded,0,,,,,,,,,,,,,,,,False,False,no_detection,,,,,,,,,0,,,,,,,
shield_z1.0m,src/recordings/recoding_20260807_3.tar.xz::shield_z1.0m,231,7.7,2,fully_occluded,0,,,,,,,,,,,,,,,,False,False,no_detection,,,,,,,,,0,,,,,,,
shield_z1.0m,src/recordings/recoding_20260807_3.tar.xz::shield_z1.0m,232,7.733333333333333,2,fully_occluded,0,,,,,,,,,,,,,,,,False,False,no_detection,,,,,,,,,0,,,,,,,
shield_z1.0m,src/recordings/recoding_20260807_3.tar.xz::shield_z1.0m,233,7.766666666666667,2,fully_occluded,0,,,,,,,,,,,,,,,,False,False,no_detection,,,,,,,,,0,,,,,,,
shield_z1.0m,src/recordings/recoding_20260807_3.tar.xz::shield_z1.0m,234,7.8,2,fully_occluded,0,,,,,,,,,,,,,,,,False,False,no_detection,,,,,,,,,0,,,,,,,
shield_z1.0m,src/recordings/recoding_20260807_3.tar.xz::shield_z1.0m,235,7.833333333333333,2,fully_occluded,0,,,,,,,,,,,,,,,,False,False,no_detection,,,,,,,,,0,,,,,,,
shield_z1.0m,src/recordings/recoding_20260807_3.tar.xz::shield_z1.0m,236,7.866666666666666,2,fully_occluded,0,,,,,,,,,,,,,,,,False,False,no_detection,,,,,,,,,0,,,,,,,
shield_z1.0m,src/recordings/recoding_20260807_3.tar.xz::shield_z1.0m,237,7.9,2,fully_occluded,0,,,,,,,,,,,,,,,,False,False,no_detection,,,,,,,,,0,,,,,,,
shield_z1.0m,src/recordings/recoding_20260807_3.tar.xz::shield_z1.0m,238,7.933333333333334,2,fully_occluded,0,,,,,,,,,,,,,,,,False,False,no_detection,,,,,,,,,0,,,,,,,
shield_z1.0m,src/recordings/recoding_20260807_3.tar.xz::shield_z1.0m,239,7.966666666666667,2,reappearing,1,329.5,394.0,0.0819850604109022,1.8866662462591122,1.888446736051623,0.07241712613156975,1.8866662462591122,1.8880555513359782,494.0,8,32,49,0.6530612244897959,0.31505102040816324,0.5513392857142857,True,True,initialized,,,,,,,,,1,0,0.07241712510585785,1.8866662979125977,1.8880556029121134,0.0,0.0,0.0
shield_z1.0m,src/recordings/recoding_20260807_3.tar.xz::shield_z1.0m,240,8.0,2,reappearing,1,328.0,414.0,0.04224100146911683,1.3259349165439955,1.3266075927400862,0.04826510895514945,1.3259349165439955,1.326813070350524,954.0,9,32,68,0.47058823529411764,0.4384191176470588,0.6873198847262247,True,True,accepted,0.07241712510585785,1.8866662979125977,-0.024152014404535294,-0.5607314109802246,0.0020784721709787846,0.0,0.0020784721709787846,151.5550994873047,1,0,0.05872318148612976,1.5687373876571655,1.5698361072026854,-0.09731817990541458,-2.2594125270843506,0.0
shield_z1.0m,src/recordings/recoding_20260807_3.tar.xz::shield_z1.0m,241,8.033333333333333,2,reappearing,1,324.5,417.0,0.013681744774854199,1.2707329891669503,1.2708066414278991,0.03090997018495109,1.2707329891669503,1.2711088686709755,1566.0,12,40,70,0.5714285714285714,0.5592857142857143,0.7149052727687742,True,True,accepted,0.05547924339771271,1.493423581123352,-0.024569272994995117,-0.22269058227539062,0.001895808964036405,0.0,0.001895808964036405,26.4766902923584,1,0,0.042573776096105576,1.3764512538909912,1.3771095020909423,-0.2393563687801361,-3.546816110610962,0.0
shield_z1.0m,src/recordings/recoding_20260807_3.tar.xz::shield_z1.0m,242,8.066666666666666,2,reappearing,1,323.5,417.0,0.0059811297195148504,1.2707329891669503,1.2707470651824833,0.026230393110098803,1.2707329891669503,1.2710036834249865,2630.5,12,53,71,0.7464788732394366,0.6990433165027903,0.8397446129289705,True,True,accepted,0.03459522873163223,1.2582240104675293,-0.008364835754036903,0.012508988380432129,0.0018957407446578145,0.0,0.0018957407446578145,0.11944949626922607,1,0,0.030201585963368416,1.2647943496704102,1.2651548848867866,-0.2857213020324707,-3.477480888366699,0.0
shield_z1.0m,src/recordings/recoding_20260807_3.tar.xz::shield_z1.0m,243,8.1,2,reappearing,1,308.0,419.0,-0.11182499740255987,1.239896741910898,1.244929219130687,-0.04535906406908507,1.239896741910898,1.240726148388307,2928.5,15,53,72,0.7361111111111112,0.7674266247379455,0.8724862207656785,True,True,accepted,0.020677542313933372,1.1488783359527588,-0.06603660434484482,0.0910184383392334,0.0018194911535829306,0.0,0.0018194911535829306,6.9498491287231445,1,0,-0.0126944649964571,1.1948751211166382,1.1949425528053836,-0.5918692350387573,-3.055516242980957,0.0
shield_z1.0m,src/recordings/recoding_20260807_3.tar.xz::shield_z1.0m,244,8.133333333333333,0,visible,1,316.5,419.0,-0.04739398067666964,1.2371701967687172,1.2380776571674037,-0.006205060575449426,1.2371701967687172,1.23718575749541,3289.0,14,62,73,0.8493150684931506,0.7266902342023862,0.8798822899946496,True,True,accepted,-0.032423440366983414,1.0930246114730835,0.02621838077902794,0.14414560794830322,0.0017065037973225117,0.0,0.0017065037973225117,12.578558921813965,1,0,-0.020032476633787155,1.1611486673355103,1.1613214575539,-0.4935578405857086,-2.5150115489959717,0.0
shield_z1.0m,src/recordings/recoding_20260807_3.tar.xz::shield_z1.0m,245,8.166666666666666,0,visible,1,323.0,419.0,0.0015492269303744165,1.2336185725838735,1.2336195453736762,0.023537175679933214,1.2336185725838735,1.2338430942639593,3312.0,13,56,73,0.7671232876712328,0.8101761252446184,0.9161825726141078,True,True,accepted,-0.036484405398368835,1.0773149728775024,0.06002157926559448,0.15630364418029785,0.0015999670140445232,0.0,0.0015999670140445232,17.52124786376953,1,0,-0.010225658304989338,1.1456960439682007,1.1457416764926358,-0.31031033396720886,-2.0378122329711914,0.0
shield_z1.0m,src/recordings/recoding_20260807_3.tar.xz::shield_z1.0m,246,8.2,0,visible,1,317.5,419.0,-0.039845729542101055,1.2367059338450144,1.2373476669757015,-0.0016180733399216128,1.2367059338450144,1.236706992366746,3343.5,12,55,73,0.7534246575342466,0.8327521793275218,0.934330026547436,True,True,accepted,-0.020569337531924248,1.0777689218521118,0.018951263278722763,0.1589369773864746,0.0015127676306292415,0.0,0.0015127676306292415,16.93592071533203,1,0,-0.01289286371320486,1.1421486139297485,1.1422213805722483,-0.26215508580207825,-1.6339526176452637,0.0
shield_z1.0m,src/recordings/recoding_20260807_3.tar.xz::shield_z1.0m,247,8.233333333333333,0,visible,1,317.0,419.0,-0.043618164344097196,1.2369456066168207,1.2377144169756622,-0.003910539498654712,1.2369456066168207,1.2369517880854635,3353.0,13,59,73,0.8082191780821918,0.778500116090086,0.9029217719132894,True,True,accepted,-0.02163136750459671,1.0876835584640503,0.01772082783281803,0.14926207065582275,0.0014447893481701612,0.0,0.0014447893481701612,15.637706756591797,1,0,-0.014949344098567963,1.1439660787582397,1.144063753572536,-0.2236311286687851,-1.3094663619995117,0.0
shield_z1.0m,src/recordings/recoding_20260807_3.tar.xz::shield_z1.0m,248,8.266666666666667,0,visible,1,317.5,419.0,-0.039845729542101055,1.2367059338450144,1.2373476669757015,-0.0016180733399216128,1.2367059338450144,1.236706992366746,3372.5,12,58,73,0.7945205479452054,0.7965281058101087,0.9184368191721133,True,True,accepted,-0.022403715178370476,1.1003172397613525,0.02078564092516899,0.1363886594772339,0.001392763340845704,0.0,0.001392763340845704,13.666291236877441,1,0,-0.015049699693918228,1.1485719680786133,1.1486705617002884,-0.18383993208408356,-1.0483694076538086,0.0
shield_z1.0m,src/recordings/recoding_20260807_3.tar.xz::shield_z1.0m,249,8.3,0,visible,1,323.0,419.0,0.0015492269303744165,1.2336185725838735,1.2336195453736762,0.023537175679933214,1.2336185725838735,1.2338430942639593,3315.5,13,56,72,0.7777777777777778,0.822296626984127,0.9240523968784838,True,True,accepted,-0.02117769792675972,1.1136263608932495,0.044714875519275665,0.11999225616455078,0.0013533530291169882,0.0,0.0013533530291169882,12.116249084472656,1,0,-0.006198884453624487,1.1538219451904297,1.1538385967593112,-0.10633370280265808,-0.8403816223144531,0.0
shield_z1.0m,src/recordings/recoding_20260807_3.tar.xz::shield_z1.0m,250,8.333333333333334,0,visible,1,323.0,419.0,0.0015492269303744165,1.2308017490086587,1.2308027240247947,0.023537175679933214,1.2308017490086587,1.2310267844371874,3355.0,13,57,74,0.7702702702702703,0.7954006638217165,0.9151663938897981,True,True,accepted,-0.009743341244757175,1.1258091926574707,0.033280517905950546,0.10499250888824463,0.0013238159008324146,0.0,0.0013238159008324146,9.163676261901855,1,0,0.0009113239357247949,1.1594222784042358,1.1594226365615712,-0.05276808515191078,-0.6713942289352417,0.0
shield_z1.0m,src/recordings/recoding_20260807_3.tar.xz::shield_z1.0m,251,8.366666666666667,0,visible,1,323.0,419.0,0.0015492269303744165,1.2336185725838735,1.2336195453736762,0.023537175679933214,1.2336185725838735,1.2338430942639593,3374.0,13,57,73,0.7808219178082192,0.8108627733717856,0.9255246193937732,True,True,accepted,-0.0008476123330183327,1.13704252243042,0.024384787306189537,0.09657609462738037,0.0013019997859373689,0.0,0.0013019997859373689,7.620246887207031,1,0,0.0066813272424042225,1.1668609380722046,1.1668800662160894,-0.015530083328485489,-0.5239129066467285,0.0
shield_z1.0m,src/recordings/recoding_20260807_3.tar.xz::shield_z1.0m,252,8.4,0,visible,1,323.5,419.0,0.005301258814949139,1.2332888542656932,1.2333002478719484,0.025817243215447358,1.2332888542656932,1.2335590492972892,3377.5,12,56,72,0.7777777777777778,0.8376736111111112,0.9335268103924821,True,True,accepted,0.006163657642900944,1.1493971347808838,0.01965358480811119,0.08389174938201904,0.0012862063013017178,0.0,0.0012862063013017178,5.772082805633545,1,0,0.012064996175467968,1.1745871305465698,1.1746490928691593,0.013444834388792515,-0.40023285150527954,0.0
shield_z1.0m,src/recordings/recoding_20260807_3.tar.xz::shield_z1.0m,253,8.433333333333334,0,visible,1,303.0,421.0,-0.1466293815661767,1.2042917100910586,1.2131853520927978,-0.06650929649415413,1.2042917100910586,1.20612686294361,3483.0,13,56,75,0.7466666666666667,0.8292857142857143,0.9299158990788947,True,True,accepted,0.012513156980276108,1.1612460613250732,-0.07902245223522186,0.043045639991760254,0.0012750697787851095,0.0,0.0012750697787851095,6.350613117218018,1,0,-0.010731793940067291,1.1739082336425781,1.1739572873043593,-0.10051734000444412,-0.3381546139717102,0.0
shield_z1.0m,src/recordings/recoding_20260807_3.tar.xz::shield_z1.0m,254,8.466666666666667,0,visible,1,323.0,419.0,0.0015492269303744165,1.2336185725838735,1.2336195453736762,0.023537175679933214,1.2336185725838735,1.2338430942639593,3392.0,13,58,73,0.7945205479452054,0.8011336797354748,0.918245804006497,True,True,accepted,-0.014082372188568115,1.162636399269104,0.03761954605579376,0.07098221778869629,0.0012674727477133274,0.0,0.0012674727477133274,5.091790199279785,1,0,-0.0031755047384649515,1.1832159757614136,1.183220236949731,-0.04694775864481926,-0.23707717657089233,0.0
shield_z1.0m,src/recordings/recoding_20260807_3.tar.xz::shield_z1.0m,255,8.5,0,visible,1,323.0,419.0,0.0015492269303744165,1.2300230550614915,1.230024030694883,0.023537175679933214,1.2300230550614915,1.2302482329277262,3440.0,13,58,74,0.7837837837837838,0.8014911463187325,0.9257265877287406,True,True,accepted,-0.004740430042147636,1.1753133535385132,0.028277605772018433,0.054709672927856445,0.0012624971568584442,0.0,0.0012624971568584442,3.0041818618774414,1,0,0.0033788378350436687,1.1910220384597778,1.1910268312015477,-0.006940782535821199,-0.1596742868423462,0.0
shield_z1.0m,src/recordings/recoding_20260807_3.tar.xz::shield_z1.0m,256,8.533333333333333,0,visible,1,316.5,419.0,-0.04739398067666964,1.2371701967687172,1.2380776571674037,-0.006205060575449426,1.2371701967687172,1.23718575749541,3382.5,14,62,72,0.8611111111111112,0.7577284946236559,0.8859350445259299,True,True,accepted,0.003147478448227048,1.1856995820999146,-0.009352538734674454,0.05147063732147217,0.0012593972496688366,0.0,0.0012593972496688366,2.173020839691162,1,0,0.0004785219789482653,1.2003878355026245,1.2003879308814964,-0.020137149840593338,-0.08704958111047745,0.0
shield_z1.0m,src/recordings/recoding_20260807_3.tar.xz::shield_z1.0m,257,8.566666666666666,0,visible,1,317.5,419.0,-0.039845729542101055,1.2332888542656932,1.23393236452357,-0.0016180733399216128,1.2332888542656932,1.2332899157202737,3403.0,14,58,75,0.7733333333333333,0.7822988505747126,0.9067412736477485,True,True,accepted,-0.00019271638302598149,1.197486162185669,-0.0014253569534048438,0.03580272197723389,0.0012575817527249455,0.0,0.0012575817527249455,1.020901083946228,1,0,-0.0005980034475214779,1.207666277885437,1.2076664259429377,-0.02214706875383854,-0.036563605070114136,0.0
shield_z1.0m,src/recordings/recoding_20260807_3.tar.xz::shield_z1.0m,258,8.6,0,visible,1,304.5,421.0,-0.13546997413479991,1.204108474100468,1.21170513380634,-0.059727850231806746,1.204108474100468,1.2055889156316386,3507.5,14,62,75,0.8266666666666667,0.7543010752688172,0.895112925864489,True,True,accepted,-0.001336239161901176,1.2064474821090698,-0.05839161202311516,-0.002339005470275879,0.0012565999059006572,0.0,0.0012565999059006572,2.717691659927368,1,0,-0.017906703054904938,1.205783724784851,1.2059166807745576,-0.10451267659664154,-0.039862941950559616,0.0
shield_z1.0m,src/recordings/recoding_20260807_3.tar.xz::shield_z1.0m,259,8.633333333333333,0,visible,1,323.0,419.0,0.0015492269303744165,1.2336185725838735,1.2336195453736762,0.023537175679933214,1.2336185725838735,1.2338430942639593,3429.0,13,58,73,0.7945205479452054,0.8098724610297591,0.9169675090252708,True,True,accepted,-0.021390458568930626,1.204455018043518,0.04492763429880142,0.029163599014282227,0.0012561238836497068,0.0,0.0012561238836497068,2.2840166091918945,1,0,-0.008653021417558193,1.2127231359481812,1.212754006071983,-0.04110058397054672,0.001299360184930265,0.0
shield_z1.0m,src/recordings/recoding_20260807_3.tar.xz::shield_z1.0m,260,8.666666666666666,0,visible,1,304.5,421.0,-0.13546997413479991,1.2041988534332222,1.2117949465573663,-0.059727850231806746,1.2041988534332222,1.2056791839885104,3463.5,14,60,75,0.8,0.7696666666666667,0.8962349592444042,True,True,accepted,-0.010023040696978569,1.212766408920288,-0.049704812467098236,-0.008567571640014648,0.0012559281894937158,0.0,0.0012559281894937158,2.025570869445801,1,0,-0.024109309539198875,1.2103383541107178,1.210578452739804,-0.11129359155893326,-0.010799743235111237,0.0
shield_z1.0m,src/recordings/recoding_20260807_3.tar.xz::shield_z1.0m,261,8.7,0,visible,1,306.0,420.0,-0.12432313629030939,1.2218018650040148,1.2281107602917367,-0.052954042365900504,1.2218018650040148,1.2229488656236525,3427.5,13,58,75,0.7733333333333333,0.7879310344827586,0.9089101034208433,True,True,accepted,-0.02781909704208374,1.2099783420562744,-0.025134947150945663,0.011823534965515137,0.0012558687012642622,0.0,0.0012558687012642622,0.6143648028373718,1,0,-0.034941449761390686,1.2133287191390991,1.2138317369385077,-0.14680151641368866,0.0059032621793448925,0.0
shield_z1.0m,src/recordings/recoding_20260807_3.tar.xz::shield_z1.0m,262,8.733333333333333,0,visible,1,321.5,419.0,-0.009720518942683914,1.234547883948527,1.234586151813757,0.01668867798877692,1.234547883948527,1.2346606779738305,3461.5,14,64,73,0.8767123287671232,0.7409032534246576,0.8885893980233602,True,True,accepted,-0.03983483463525772,1.2135255336761475,0.05652351304888725,0.021022319793701172,0.001255860785022378,0.0,0.001255860785022378,2.8958985805511475,1,0,-0.023818330839276314,1.219482421875,1.2197150036570366,-0.06694022566080093,0.03560540825128555,0.0
shield_z1.0m,src/recordings/recoding_20260807_3.tar.xz::shield_z1.0m,263,8.766666666666667,0,visible,1,322.0,419.0,-0.005961664609983492,1.2308017490086587,1.2308161872544963,0.018972891449209262,1.2308017490086587,1.230947974519117,3486.5,15,62,75,0.8266666666666667,0.7497849462365591,0.8782115869017633,True,True,accepted,-0.026049671694636345,1.2206692695617676,0.04502256214618683,0.010132431983947754,0.0012558605521917343,0.0,0.0012558605521917343,1.6958070993423462,1,0,-0.013292082585394382,1.2235404253005981,1.2236126232612288,-0.0033305592369288206,0.04992091283202171,0.0
shield_z1.0m,src/recordings/recoding_20260807_3.tar.xz::shield_z1.0m,264,8.8,0,visible,1,304.5,421.0,-0.13546997413479991,1.2041988534332222,1.2117949465573663,-0.059727850231806746,1.2041988534332222,1.2056791839885104,3573.0,14,62,75,0.8266666666666667,0.7683870967741936,0.908813429988554,True,True,accepted,-0.01340310089290142,1.2252044677734375,-0.046324752271175385,-0.021005630493164062,0.0012558500748127699,0.0,0.0012558500748127699,2.060133934020996,1,0,-0.026529403403401375,1.2192524671554565,1.2195410562623992,-0.06877060979604721,0.020247584208846092,0.0
shield_z1.0m,src/recordings/recoding_20260807_3.tar.xz::shield_z1.0m,265,8.833333333333334,0,visible,1,323.0,419.0,0.0015492269303744165,1.2308017490086587,1.2308027240247947,0.023537175679933214,1.2308017490086587,1.2310267844371874,3481.0,13,58,75,0.7733333333333333,0.8002298850574713,0.919197253762873,True,True,accepted,-0.028821757063269615,1.219927430152893,0.05235893279314041,0.010874271392822266,0.001255825744010508,0.0,0.001255825744010508,2.277153253555298,1,0,-0.013986373320221901,1.2230085134506226,1.2230884851928556,0.005178887862712145,0.035605937242507935,0.0
shield_z1.0m,src/recordings/recoding_20260807_3.tar.xz::shield_z1.0m,266,8.866666666666667,0,visible,1,322.0,419.0,-0.005961664609983492,1.234248097528674,1.2342624954595651,0.018972891449209262,1.234248097528674,1.2343939147869674,3461.5,13,58,73,0.7945205479452054,0.8175484175720359,0.9195112232700225,True,True,accepted,-0.013813743367791176,1.2241953611373901,0.03278663754463196,0.010052680969238281,0.00125579081941396,0.0,0.00125579081941396,0.9364776015281677,1,0,-0.004524629097431898,1.2270435094833374,1.227051851566858,0.05147562175989151,0.04980093613266945,0.0
shield_z1.0m,src/recordings/recoding_20260807_3.tar.xz::shield_z1.0m,267,8.9,0,visible,1,303.0,420.0,-0.1466293815661767,1.2221588300343889,1.2309233856619612,-0.06650929649415413,1.2221588300343889,1.2239671941482637,3463.5,13,60,75,0.8,0.7696666666666667,0.9001949317738791,True,True,accepted,-0.0028087750542908907,1.228703498840332,-0.06370052695274353,-0.006544709205627441,0.0012557506561279297,0.0,0.0012557506561279297,3.2654495239257812,1,0,-0.02085496112704277,1.2268494367599487,1.2270266785534103,-0.03845612332224846,0.04056118428707123,0.0
shield_z1.0m,src/recordings/recoding_20260807_3.tar.xz::shield_z1.0m,268,8.933333333333334,0,visible,1,321.5,419.0,-0.009720518942683914,1.234547883948527,1.234586151813757,0.01668867798877692,1.234547883948527,1.2346606779738305,3470.0,14,62,73,0.8493150684931506,0.7666813963764914,0.9016499935039626,True,True,accepted,-0.022136831656098366,1.2282015085220337,0.03882551193237305,0.006346344947814941,0.0012557106092572212,0.0,0.0012557106092572212,1.2325263023376465,1,0,-0.011138560250401497,1.229999303817749,1.2300497367653875,0.016348538920283318,0.04951944947242737,0.0
shield_z1.0m,src/recordings/recoding_20260807_3.tar.xz::shield_z1.0m,269,8.966666666666667,0,visible,1,303.0,420.0,-0.1466293815661767,1.2221588300343889,1.2309233856619612,-0.06650929649415413,1.2221588300343889,1.2239671941482637,3430.0,13,57,75,0.76,0.8023391812865497,0.9169897072583879,True,True,accepted,-0.01059360895305872,1.2316499948501587,-0.05591569095849991,-0.009491205215454102,0.0012556741712614894,0.0,0.0012556741712614894,2.561689615249634,1,0,-0.02643192932009697,1.2289615869522095,1.2292457968574373,-0.06257020682096481,0.03612367436289787,0.0
shield_z1.0m,src/recordings/recoding_20260807_3.tar.xz::shield_z1.0m,270,9.0,0,visible,1,322.5,419.0,-0.002206218839804538,1.230412402035075,1.230414379988828,0.02125503356457124,1.230412402035075,1.230595975750593,3482.5,14,62,75,0.8266666666666667,0.7489247311827957,0.8906649616368286,True,True,accepted,-0.028517603874206543,1.230165719985962,0.049772635102272034,0.0002466440200805664,0.001255643554031849,0.0,0.001255643554031849,1.9729931354522705,1,0,-0.01442019920796156,1.2302355766296387,1.2303200868678268,0.007672023493796587,0.03647175431251526,0.0
shield_z1.3m,src/recordings/recoding_20260807_3.tar.xz::shield_z1.3m,0,0.0,0,visible,1,319.0,399.0,-0.03148606860809354,1.72336387119928,1.7236514743623093,0.0034619984957943613,1.72336387119928,1.7233673485326781,2318.5,9,51,58,0.8793103448275862,0.7838066260987153,0.9044275404720109,True,True,initialized,,,,,,,,,1,0,0.0034619984216988087,1.7233638763427734,1.7233673536760123,0.0,0.0,0.0
shield_z1.3m,src/recordings/recoding_20260807_3.tar.xz::shield_z1.3m,1,0.03333333333333333,0,visible,1,318.5,399.0,-0.036584992368004374,1.7238577028262698,1.7242458761035304,0.0003634399310789259,1.7238577028262698,1.7238577411381855,2362.5,10,56,58,0.9655172413793104,0.7273706896551724,0.8878241262683202,True,True,accepted,0.0034619984216988087,1.7233638763427734,-0.0030985584016889334,0.0004938840866088867,0.0020784721709787846,0.0,0.0020784721709787846,0.004736645147204399,1,0,0.0017051477916538715,1.7236438989639282,1.7236447423888033,-0.012485338374972343,0.001990057760849595,0.0
shield_z1.3m,src/recordings/recoding_20260807_3.tar.xz::shield_z1.3m,2,0.06666666666666667,0,visible,1,302.5,401.0,-0.19510758239019566,1.6713569416568825,1.6827064494827357,-0.09596895336258426,1.6713569416568825,1.6741099326012487,2318.0,10,53,60,0.8833333333333333,0.7289308176100628,0.8628326819281593,True,True,accepted,0.0012889697682112455,1.7237101793289185,-0.09725792706012726,-0.05235326290130615,0.001895808964036405,0.0,0.001895808964036405,6.4352312088012695,1,0,-0.04979756847023964,1.6962106227874756,1.6969414470401223,-0.5747461915016174,-0.3006710410118103,0.0
shield_z1.3m,src/recordings/recoding_20260807_3.tar.xz::shield_z1.3m,3,0.1,0,visible,1,319.0,399.0,-0.03148606860809354,1.72336387119928,1.7236514743623093,0.0034619984957943613,1.72336387119928,1.7233673485326781,2209.0,9,48,58,0.8275862068965517,0.7934626436781609,0.897238017871649,True,True,accepted,-0.06895577907562256,1.6861882209777832,0.07241778075695038,0.037175655364990234,0.0018957407446578145,0.0,0.0018957407446578145,3.4953956604003906,1,0,-0.030918225646018982,1.7057148218154907,1.7059950146580585,-0.17334608733654022,-0.09461236745119095,0.0
shield_z1.3m,src/recordings/recoding_20260807_3.tar.xz::shield_z1.3m,4,0.13333333333333333,0,visible,1,303.0,400.0,-0.19157475524705553,1.7022097768923914,1.7129562199297488,-0.09382209408061151,1.7022097768923914,1.7047934507985758,2226.5,10,52,60,0.8666666666666667,0.7136217948717949,0.8584923848081742,True,True,accepted,-0.036696430295705795,1.7025610208511353,-0.05712566152215004,-0.00035119056701660156,0.0018194911535829306,0.0,0.0018194911535829306,1.7936139106750488,1,0,-0.06556523591279984,1.7023835182189941,1.7036456331244423,-0.4381825625896454,-0.09624049812555313,0.0
shield_z1.3m,src/recordings/recoding_20260807_3.tar.xz::shield_z1.3m,5,0.16666666666666666,0,visible,1,324.5,399.0,0.02437815637261969,1.7172111182325969,1.7173841501218572,0.03741005909166527,1.7172111182325969,1.7176185656608651,2252.5,10,53,58,0.9137931034482759,0.7327586206896551,0.8641856896220986,True,True,accepted,-0.08017132431268692,1.699175477027893,0.11758138239383698,0.0180356502532959,0.0017065037973225117,0.0,0.0017065037973225117,8.292197227478027,1,0,-0.024601660668849945,1.707699179649353,1.7078763801524801,0.002713868860155344,-0.028611987829208374,0.0
shield_z1.3m,src/recordings/recoding_20260807_3.tar.xz::shield_z1.3m,6,0.2,0,visible,1,324.0,399.0,0.019316593629263374,1.7178248296362983,1.7179334318024129,0.03433420439609604,1.7178248296362983,1.718167914642364,2187.0,9,49,58,0.8448275862068966,0.7695285010555947,0.8666534574995046,True,True,accepted,-0.024511197581887245,1.7067455053329468,0.0588454008102417,0.01107931137084961,0.0015999670140445232,0.0,0.0015999670140445232,2.2410037517547607,1,0,0.0012329848250374198,1.7115925550460815,1.7115929991504266,0.18237045407295227,0.005213447846472263,0.0
shield_z1.3m,src/recordings/recoding_20260807_3.tar.xz::shield_z1.3m,7,0.23333333333333334,0,visible,1,323.0,399.0,0.00918098185020676,1.7190124803416775,1.7190369972743984,0.028174907225672036,1.7190124803416775,1.7192433606001278,2208.0,9,48,58,0.8275862068965517,0.7931034482758621,0.8988398127417057,True,True,accepted,0.007312000263482332,1.7117663621902466,0.02086290717124939,0.007246136665344238,0.0015127676306292415,0.0,0.0015127676306292415,0.3224337697029114,1,0,0.01576281152665615,1.714701533317566,1.7147739835292686,0.23538319766521454,0.023625915870070457,0.0
shield_z1.3m,src/recordings/recoding_20260807_3.tar.xz::shield_z1.3m,8,0.26666666666666666,0,visible,1,325.0,399.0,0.029439719115976006,1.7165974068288952,1.7168498344914487,0.0404859137872345,1.7165974068288952,1.7170747701678208,2163.0,9,48,58,0.8275862068965517,0.7769396551724138,0.8758858068434906,True,True,accepted,0.023608919233083725,1.7154890298843384,0.01687699556350708,0.001108407974243164,0.0014447893481701612,0.0,0.0014447893481701612,0.1979953497648239,1,0,0.029972758144140244,1.7159069776535034,1.716168733601317,0.2720727026462555,0.026035524904727936,0.0
shield_z1.3m,src/recordings/recoding_20260807_3.tar.xz::shield_z1.3m,9,0.3,0,visible,1,325.0,399.0,0.029439719115976006,1.7165974068288952,1.7168498344914487,0.0404859137872345,1.7165974068288952,1.7170747701678208,2179.5,9,48,58,0.8275862068965517,0.7828663793103449,0.8809620048504446,True,True,accepted,0.03904184699058533,1.716774821281433,0.001444067806005478,-0.0001773834228515625,0.001392763340845704,0.0,0.001392763340845704,0.0015198539476841688,1,0,0.03955276310443878,1.7167121171951294,1.7171677013017044,0.2748371660709381,0.02569594979286194,0.0
shield_z1.3m,src/recordings/recoding_20260807_3.tar.xz::shield_z1.3m,10,0.3333333333333333,0,visible,1,324.5,399.0,0.02437815637261969,1.7172111182325969,1.7173841501218572,0.03741005909166527,1.7172111182325969,1.7176185656608651,2131.0,10,56,58,0.9655172413793104,0.6560960591133005,0.8043026986223816,True,True,accepted,0.04871400073170662,1.7175686359405518,-0.011303942650556564,-0.00035750865936279297,0.0013533530291169882,0.0,0.0013533530291169882,0.09451114386320114,1,0,0.04492734745144844,1.7174488306045532,1.718036365242008,0.25524353981018066,0.025076264515519142,0.0
shield_z1.3m,src/recordings/recoding_20260807_3.tar.xz::shield_z1.3m,11,0.36666666666666664,0,visible,1,319.0,399.0,-0.03148606860809354,1.72336387119928,1.7236514743623093,0.0034619984957943613,1.72336387119928,1.7233673485326781,2143.5,9,48,58,0.8275862068965517,0.7699353448275862,0.8781237197869726,True,True,accepted,0.053435467183589935,1.7182847261428833,-0.049973469227552414,0.005079150199890137,0.0013238159008324146,0.0,0.0013238159008324146,1.9059638977050781,1,0,0.037436600774526596,1.7199108600616455,1.7203182454521433,0.17481030523777008,0.03325125202536583,0.0
shield_z1.3m,src/recordings/recoding_20260807_3.tar.xz::shield_z1.3m,12,0.4,0,visible,1,315.0,399.0,-0.07235184709508852,1.7270728247125844,1.7285876696421203,-0.021371675019821484,1.7270728247125844,1.7272050516235349,2131.5,9,48,58,0.8275862068965517,0.765625,0.8784257160519267,True,True,accepted,0.04326361045241356,1.7210192680358887,-0.06463528424501419,0.006053566932678223,0.0013019997859373689,0.0,0.0013019997859373689,3.2368407249450684,1,0,0.023307103663682938,1.7228883504867554,1.7230459916450758,0.07610578089952469,0.04249565303325653,0.0
shield_z1.3m,src/recordings/recoding_20260807_3.tar.xz::shield_z1.3m,13,0.43333333333333335,0,visible,1,315.0,399.0,-0.07235184709508852,1.7270728247125844,1.7285876696421203,-0.021371675019821484,1.7270728247125844,1.7272050516235349,2169.0,9,53,58,0.9137931034482759,0.7055953155497723,0.8347123340388686,True,True,accepted,0.025843963027000427,1.7243049144744873,-0.04721564054489136,0.00276792049407959,0.0012862063013017178,0.0,0.0012862063013017178,1.739206314086914,1,0,0.01166662760078907,1.7251360416412354,1.7251754903108163,0.006496633403003216,0.04657634720206261,0.0
shield_z1.3m,src/recordings/recoding_20260807_3.tar.xz::shield_z1.3m,14,0.4666666666666667,0,visible,1,315.0,399.0,-0.07235184709508852,1.7270728247125844,1.7285876696421203,-0.021371675019821484,1.7270728247125844,1.7272050516235349,2191.5,9,53,58,0.9137931034482759,0.712914769030579,0.8461389961389961,True,True,accepted,0.01188318245112896,1.7266886234283447,-0.03325485810637474,0.00038421154022216797,0.0012750697787851095,0.0,0.0012750697787851095,0.8674295544624329,1,0,0.0021010569762438536,1.7268016338348389,1.7268029120473147,-0.04146183654665947,0.047130439430475235,0.0
shield_z1.3m,src/recordings/recoding_20260807_3.tar.xz::shield_z1.3m,15,0.5,0,visible,1,315.0,399.0,-0.07235184709508852,1.7270728247125844,1.7285876696421203,-0.021371675019821484,1.7270728247125844,1.7272050516235349,2214.0,9,48,58,0.8275862068965517,0.7952586206896551,0.8875526157546603,True,True,accepted,0.0007189956959336996,1.7283726930618286,-0.022090671584010124,-0.0012998580932617188,0.0012674727477133274,0.0,0.0012674727477133274,0.3863494396209717,1,0,-0.0056856544688344,1.7279958724975586,1.72800522627547,-0.07291857153177261,0.04527946561574936,0.0
shield_z1.3m,src/recordings/recoding_20260807_3.tar.xz::shield_z1.3m,16,0.5333333333333333,0,visible,1,314.5,399.0,-0.07747554408628812,1.7274859551443136,1.7292224221170416,-0.024485287998291645,1.7274859551443136,1.7276594729718067,2178.5,10,51,58,0.8793103448275862,0.7364773495605138,0.8662027833001988,True,True,accepted,-0.008116273209452629,1.729505181312561,-0.016369014978408813,-0.002019166946411133,0.0012624971568584442,0.0,0.0012624971568584442,0.21546320617198944,1,0,-0.012816261500120163,1.7289254665374756,1.7289729683834467,-0.09607735276222229,0.042422760277986526,0.0
shield_z1.3m,src/recordings/recoding_20260807_3.tar.xz::shield_z1.3m,17,0.5666666666666667,0,visible,1,315.0,399.0,-0.07235184709508852,1.7270728247125844,1.7285876696421203,-0.021371675019821484,1.7270728247125844,1.7272050516235349,2144.5,9,47,58,0.8103448275862069,0.7866837857666911,0.8890961857379768,True,True,accepted,-0.016018839552998543,1.730339527130127,-0.005352836102247238,-0.0032666921615600586,0.0012593972496688366,0.0,0.0012593972496688366,0.03122456558048725,1,0,-0.017546391114592552,1.7294073104858398,1.7294963201472886,-0.1036301702260971,0.03781348094344139,0.0
shield_z1.3m,src/recordings/recoding_20260807_3.tar.xz::shield_z1.3m,18,0.6,0,visible,1,315.0,399.0,-0.07235184709508852,1.7270728247125844,1.7285876696421203,-0.021371675019821484,1.7270728247125844,1.7272050516235349,2127.0,9,47,58,0.8103448275862069,0.7802641232575201,0.8899581589958159,True,True,accepted,-0.021000729873776436,1.7306677103042603,-0.0003709457814693451,-0.0035948753356933594,0.0012575817527249455,0.0,0.0012575817527249455,0.01038559153676033,1,0,-0.021106204017996788,1.7296454906463623,1.7297742613304619,-0.10415324568748474,0.03274429216980934,0.0
shield_z1.3m,src/recordings/recoding_20260807_3.tar.xz::shield_z1.3m,19,0.6333333333333333,0,visible,1,322.0,399.0,-0.0009671033297575855,1.7201602851451285,1.7201605570060663,0.02200803010994317,1.7201602851451285,1.7203010666682417,2184.5,9,48,58,0.8275862068965517,0.7846623563218391,0.893090760425184,True,True,accepted,-0.024577978998422623,1.7307369709014893,0.04658600687980652,-0.010576725006103516,0.0012565999059006572,0.0,0.0012565999059006572,1.8161096572875977,1,0,-0.011357728391885757,1.7277355194091797,1.727772850528197,-0.03844029828906059,0.0178250540047884,0.0
shield_z1.3m,src/recordings/recoding_20260807_3.tar.xz::shield_z1.3m,20,0.6666666666666666,0,visible,1,323.0,399.0,0.00918098185020676,1.7190124803416775,1.7190369972743984,0.028174907225672036,1.7190124803416775,1.7192433606001278,2232.0,9,52,58,0.896551724137931,0.7400530503978779,0.876153091265947,True,True,accepted,-0.01263907179236412,1.7283296585083008,0.040813978761434555,-0.009317159652709961,0.0012561238836497068,0.0,0.0012561238836497068,1.3952367305755615,1,0,-0.0010678970720618963,1.725688099861145,1.7256884302812387,0.01916566863656044,0.00467455992475152,0.0
shield_z1.3m,src/recordings/recoding_20260807_3.tar.xz::shield_z1.3m,21,0.7,0,visible,1,323.0,399.0,0.00918098185020676,1.7190124803416775,1.7190369972743984,0.028174907225672036,1.7190124803416775,1.7192433606001278,2278.0,9,48,58,0.8275862068965517,0.8182471264367817,0.9122947537044453,True,True,accepted,-0.00042904142173938453,1.725843906402588,0.028603948652744293,-0.00683140754699707,0.0012559281894937158,0.0,0.0012559281894937158,0.6886173486709595,1,0,0.007677274756133556,1.7239079475402832,1.723925042494665,0.05956009402871132,-0.0049727363511919975,0.0
shield_z1.3m,src/recordings/recoding_20260807_3.tar.xz::shield_z1.3m,22,0.7333333333333333,0,visible,1,323.0,399.0,0.00918098185020676,1.7190124803416775,1.7190369972743984,0.028174907225672036,1.7190124803416775,1.7192433606001278,2223.0,9,47,58,0.8103448275862069,0.8154805575935437,0.9163231657048639,True,True,accepted,0.009662611410021782,1.7237422466278076,0.018512295559048653,-0.004729747772216797,0.0012558687012642622,0.0,0.0012558687012642622,0.2906956970691681,1,0,0.014908339828252792,1.7224019765853882,1.7224664953321114,0.0857122540473938,-0.011654410511255264,0.0
shield_z1.3m,src/recordings/recoding_20260807_3.tar.xz::shield_z1.3m,23,0.7666666666666667,0,visible,1,323.0,399.0,0.00918098185020676,1.7190124803416775,1.7190369972743984,0.028174907225672036,1.7190124803416775,1.7192433606001278,2246.0,9,48,58,0.8275862068965517,0.8067528735632183,0.9063761097659403,True,True,accepted,0.017765415832400322,1.7220134735107422,0.010409491136670113,-0.003000974655151367,0.001255860785022378,0.0,0.001255860785022378,0.09345251321792603,1,0,0.020715050399303436,1.7211631536483765,1.7212878070763966,0.10041967779397964,-0.015894446521997452,0.0
shield_z1.3m,src/recordings/recoding_20260807_3.tar.xz::shield_z1.3m,24,0.8,0,visible,1,319.0,399.0,-0.03148606860809354,1.72336387119928,1.7236514743623093,0.0034619984957943613,1.72336387119928,1.7233673485326781,2141.0,9,49,58,0.8448275862068966,0.7533427163969036,0.8852594583419475,True,True,accepted,0.024062372744083405,1.7206333875656128,-0.020600374788045883,0.0027304887771606445,0.0012558605521917343,0.0,0.0012558605521917343,0.3438526690006256,1,0,0.0182250514626503,1.7214070558547974,1.721503530187347,0.07131464779376984,-0.012036703526973724,0.0
shield_z1.3m,src/recordings/recoding_20260807_3.tar.xz::shield_z1.3m,25,0.8333333333333334,0,visible,1,319.0,399.0,-0.03148606860809354,1.72336387119928,1.7236514743623093,0.0034619984957943613,1.72336387119928,1.7233673485326781,2172.5,9,49,58,0.8448275862068966,0.7644264602392681,0.8909165470576174,True,True,accepted,0.020602205768227577,1.7210057973861694,-0.017140207812190056,0.002358078956604004,0.0012558500748127699,0.0,0.0012558500748127699,0.23836225271224976,1,0,0.015745460987091064,1.7216739654541016,1.7217459635103394,0.04710175842046738,-0.008705594576895237,0.0
shield_z1.3m,src/recordings/recoding_20260807_3.tar.xz::shield_z1.3m,26,0.8666666666666667,0,visible,1,323.0,399.0,0.00918098185020676,1.7190124803416775,1.7190369972743984,0.028174907225672036,1.7190124803416775,1.7192433606001278,2190.0,9,51,58,0.8793103448275862,0.7403651115618661,0.8775796433580445,True,True,accepted,0.017315519973635674,1.721383810043335,0.010859386995434761,-0.0023713111877441406,0.001255825744010508,0.0,0.001255825744010508,0.09838100522756577,1,0,0.020392419770359993,1.7207119464874268,1.7208327790836155,0.06243908777832985,-0.01205473206937313,0.0
shield_z1.3m,src/recordings/recoding_20260807_3.tar.xz::shield_z1.3m,27,0.9,0,visible,1,312.5,399.0,-0.09799502885520359,1.7290573246001184,1.731832052317329,-0.03695474788199518,1.7290573246001184,1.7294521922112622,2093.5,10,48,58,0.8275862068965517,0.7519755747126436,0.8726552730304293,True,True,accepted,0.02247372269630432,1.720310091972351,-0.05942847207188606,0.008747220039367676,0.00125579081941396,0.0,0.00125579081941396,2.8732945919036865,1,0,0.005636440124362707,1.7227883338928223,1.7227975542281462,-0.02147754468023777,0.0002968770277220756,0.0
shield_z1.3m,src/recordings/recoding_20260807_3.tar.xz::shield_z1.3m,28,0.9333333333333333,0,visible,1,311.5,399.0,-0.10827327434075157,1.7297820293072108,1.7331673233853215,-0.04320072195006976,1.7297820293072108,1.7303214069331685,2122.0,10,48,58,0.8275862068965517,0.7622126436781609,0.8865677877585126,True,True,accepted,0.004920521751046181,1.722798228263855,-0.048121243715286255,0.006983757019042969,0.0012557506561279297,0.0,0.0012557506561279297,1.8828792572021484,1,0,-0.008712095208466053,1.7247767448425293,1.7247987477246476,-0.08941461890935898,0.010156473144888878,0.0
shield_z1.3m,src/recordings/recoding_20260807_3.tar.xz::shield_z1.3m,29,0.9666666666666667,0,visible,1,322.5,399.0,0.004106939260224587,1.719586382743403,1.7195912870989514,0.025091468667807603,1.719586382743403,1.7197694349872743,2077.0,10,48,58,0.8275862068965517,0.7460488505747126,0.8563182848897135,True,True,accepted,-0.011692582629621029,1.7251152992248535,0.03678405284881592,-0.005528926849365234,0.0012557106092572212,0.0,0.0012557106092572212,1.1018744707107544,1,0,-0.0012726038694381714,1.7235491275787354,1.7235495974000947,-0.037491604685783386,0.002352043753489852,0.0
shield_z1.3m,src/recordings/recoding_20260807_3.tar.xz::shield_z1.3m,30,1.0,0,visible,1,322.5,399.0,0.004106939260224587,1.719586382743403,1.7195912870989514,0.025091468667807603,1.719586382743403,1.7197694349872743,2001.0,10,49,58,0.8448275862068966,0.7040816326530612,0.8263473053892215,True,True,accepted,-0.002522323979064822,1.7236275672912598,0.027613792568445206,-0.004041194915771484,0.0012556741712614894,0.0,0.0012556741712614894,0.6202666759490967,1,0,0.005299381446093321,1.7224829196929932,1.7224910716975603,0.0014821751974523067,-0.0033516508992761374,0.0
shield_z1.3m,src/recordings/recoding_20260807_3.tar.xz::shield_z1.3m,31,1.0333333333333334,0,visible,1,323.0,399.0,0.00918098185020676,1.7190124803416775,1.7190369972743984,0.028174907225672036,1.7190124803416775,1.7192433606001278,2079.0,9,48,58,0.8275862068965517,0.7467672413793104,0.8541495480690222,True,True,accepted,0.005348787177354097,1.722371220588684,0.022826120257377625,-0.0033587217330932617,0.001255643554031849,0.0,0.001255643554031849,0.42393621802330017,1,0,0.011813967488706112,1.7214199304580688,1.721460469138367,0.03369581326842308,-0.008091687224805355,0.0
shield_z1.3m,src/recordings/recoding_20260807_3.tar.xz::shield_z1.3m,32,1.0666666666666667,0,visible,1,322.5,399.0,0.004106939260224587,1.719586382743403,1.7195912870989514,0.025091468667807603,1.719586382743403,1.7197694349872743,1953.5,10,46,58,0.7931034482758621,0.7321964017991005,0.8373339048435491,True,True,accepted,0.012937161140143871,1.7211501598358154,0.012154308147728443,-0.0015637874603271484,0.001255619339644909,0.0,0.001255619339644909,0.11960045248270035,1,0,0.01637953147292137,1.7207072973251343,1.7207852545042455,0.05084769427776337,-0.010298468172550201,0.0
shield_z1.3m,src/recordings/recoding_20260807_3.tar.xz::shield_z1.3m,33,1.1,0,visible,1,324.0,399.0,0.019316593629263374,1.7178248296362983,1.7179334318024129,0.03433420439609604,1.7178248296362983,1.718167914642364,1997.0,9,48,58,0.8275862068965517,0.7173132183908046,0.8399579390115668,True,True,accepted,0.018074454739689827,1.720363974571228,0.016259750351309776,-0.0025391578674316406,0.001255601178854704,0.0,0.001255601178854704,0.21569491922855377,1,0,0.022679410874843597,1.7196449041366577,1.7197944505087823,0.0737922266125679,-0.013881536200642586,0.0
shield_z1.3m,src/recordings/recoding_20260807_3.tar.xz::shield_z1.3m,34,1.1333333333333333,1,partial_occlusion,1,309.0,399.0,-0.13402120530833803,1.7330420131945659,1.7382164143080037,-0.058847449726347,1.7330420131945659,1.7340408420324962,1581.0,11,44,58,0.7586206896551724,0.6195141065830722,0.7239010989010989,True,True,accepted,0.025139151141047478,1.7191821336746216,-0.08398660272359848,0.013859868049621582,0.0012555884895846248,0.0,0.0012555884895846248,5.770875930786133,1,0,0.00135375268291682,1.7231073379516602,1.7231078697368842,-0.04472079128026962,0.00567604461684823,0.0
shield_z1.3m,src/recordings/recoding_20260807_3.tar.xz::shield_z1.3m,35,1.1666666666666667,1,partial_occlusion,1,318.0,399.0,-0.04173974799907734,1.724170496981909,1.7246756533406127,-0.0027690470331810726,1.724170496981909,1.7241727205487027,1665.5,14,54,58,0.9310344827586207,0.5317688378033205,0.6727933750757423,True,True,accepted,-0.00013694043445866555,1.7232965230941772,-0.0026321064215153456,0.0008739233016967773,0.0012555799912661314,0.0,0.0012555799912661314,0.006126034073531628,1,0,-0.0008823524694889784,1.7235440015792847,1.7235442274353778,-0.04843490198254585,0.006909220013767481,0.0
shield_z1.3m,src/recordings/recoding_20260807_3.tar.xz::shield_z1.3m,36,1.2,1,partial_occlusion,1,306.5,399.0,-0.15984895512872332,1.732792306152813,1.7401496673327064,-0.07454268252086163,1.732792306152813,1.7343949342003366,1585.5,10,42,58,0.7241379310344828,0.6508620689655172,0.768913676042677,True,True,accepted,-0.0024968492798507214,1.7237743139266968,-0.07204583287239075,0.0090179443359375,0.0012555747525766492,0.0,0.0012555747525766492,4.198814392089844,1,0,-0.022899996489286423,1.7263281345367432,1.7264800137656737,-0.1500968486070633,0.019634200260043144,0.0
shield_z1.3m,src/recordings/recoding_20260807_3.tar.xz::shield_z1.3m,37,1.2333333333333334,1,partial_occlusion,1,307.5,399.0,-0.1495092741395842,1.7341046710914858,1.7405378574897632,-0.06825937478890162,1.7341046710914858,1.7354475942960312,1611.5,12,46,58,0.7931034482758621,0.6040104947526237,0.7244324567318499,True,True,accepted,-0.027903225272893906,1.726982593536377,-0.04035614803433418,0.007122039794921875,0.0012555716093629599,0.0,0.0012555716093629599,1.3375121355056763,1,0,-0.039331886917352676,1.7289994955062866,1.729446805423478,-0.20704229176044464,0.02968391217291355,0.0
shield_z1.3m,src/recordings/recoding_20260807_3.tar.xz::shield_z1.3m,38,1.2666666666666666,1,partial_occlusion,1,305.5,399.0,-0.17020087866421915,1.7332710928449644,1.7416075965584352,-0.08083342991041484,1.7332710928449644,1.7351549569658207,1796.0,8,46,58,0.7931034482758621,0.6731634182908546,0.8372960372960373,True,True,accepted,-0.046233296394348145,1.729988932609558,-0.03460013121366501,0.00328218936920166,0.0012555699795484543,0.0,0.0012555699795484543,0.9620665311813354,1,0,-0.05603184923529625,1.7309184074401855,1.7318250781600304,-0.25586560368537903,0.0343153215944767,0.0
shield_z1.3m,src/recordings/recoding_20260807_3.tar.xz::shield_z1.3m,39,1.3,1,partial_occlusion,1,293.0,375.0,-0.511204007561295,3.112002999813553,3.1537108631254203,-0.2880571922945916,3.112002999813553,3.125306323687519,821.0,3,40,34,1.1764705882352942,0.6036764705882353,0.8390393459376597,True,True,accepted,-0.06456070393323898,1.7320622205734253,-0.2234964668750763,1.3799408674240112,0.0012555691646412015,0.0,0.0012555691646412015,1556.4156494140625,1,0,-0.12785348296165466,2.1228528022766113,2.1266994459112194,-0.5712358951568604,1.9815154075622559,0.0
shield_z1.3m,src/recordings/recoding_20260807_3.tar.xz::shield_z1.3m,40,1.3333333333333333,1,partial_occlusion,1,291.0,373.0,-0.5838269937893907,3.327196369726009,3.378030438198432,-0.3321893634287237,3.327196369726009,3.343738245720367,777.5,3,40,32,1.25,0.607421875,0.818852027382833,True,True,accepted,-0.1468946784734726,2.188903331756592,-0.18529467284679413,1.1382930278778076,0.001255568815395236,0.0,0.001255568815395236,1059.3167724609375,1,0,-0.1993689239025116,2.511260509490967,2.519162026219607,-0.8327008485794067,3.5877339839935303,0.0
shield_z1.3m,src/recordings/recoding_20260807_3.tar.xz::shield_z1.3m,41,1.3666666666666667,1,partial_occlusion,1,293.0,373.0,-0.5439481736096837,3.3240540078501675,3.368265824230337,-0.30795545336517355,3.3240540078501675,3.338288724535688,775.0,3,41,32,1.28125,0.5907012195121951,0.845608292416803,True,True,accepted,-0.2271256148815155,2.6308517456054688,-0.08082982897758484,0.6932022571563721,0.001255568815395236,0.0,0.001255568815395236,387.92205810546875,1,0,-0.25001609325408936,2.827162027359009,2.8381954083231724,-0.946757972240448,4.565896034240723,0.0
shield_z1.3m,src/recordings/recoding_20260807_3.tar.xz::shield_z1.3m,42,1.4,1,partial_occlusion,1,297.0,371.0,-0.49630824409110597,3.5571711766775005,3.5916275772047954,-0.27900520453171973,3.5571711766775005,3.568096226889205,772.0,3,40,30,1.3333333333333333,0.6433333333333333,0.8160676532769556,True,True,accepted,-0.28157469630241394,2.979358673095703,0.0025694966316223145,0.5778124332427979,0.001255568815395236,0.0,0.001255568815395236,265.91436767578125,1,0,-0.28084704279899597,3.142991304397583,3.155514126250707,-0.943132221698761,5.381234169006348,0.0
shield_z1.3m,src/recordings/recoding_20260807_3.tar.xz::shield_z1.3m,43,1.4333333333333333,1,partial_occlusion,1,297.0,371.0,-0.49630824409110597,3.5571711766775005,3.5916275772047954,-0.27900520453171973,3.5571711766775005,3.568096226889205,714.0,3,42,30,1.4,0.5666666666666667,0.8026981450252951,True,True,accepted,-0.31228479743003845,3.3223657608032227,0.033279597759246826,0.23480534553527832,0.001255568815395236,0.0,0.001255568815395236,44.793312072753906,1,0,-0.30286023020744324,3.3888611793518066,3.4023674716231085,-0.8961721062660217,5.712562561035156,0.0
shield_z1.3m,src/recordings/recoding_20260807_3.tar.xz::shield_z1.3m,44,1.4666666666666666,1,fully_occluded,0,,,,,,,,,,,,,,,,False,False,no_detection,-0.3327326476573944,3.579279899597168,,,,,,,1,1,-0.3327326476573944,3.579279899597168,3.5947121740797847,-0.8961721062660217,5.712562561035156,0.033333333333333215
shield_z1.3m,src/recordings/recoding_20260807_3.tar.xz::shield_z1.3m,45,1.5,1,fully_occluded,0,,,,,,,,,,,,,,,,False,False,no_detection,-0.3626050651073456,3.7696986198425293,,,,,,,1,1,-0.3626050651073456,3.7696986198425293,3.7870978489714484,-0.8961721062660217,5.712562561035156,0.06666666666666665
shield_z1.3m,src/recordings/recoding_20260807_3.tar.xz::shield_z1.3m,46,1.5333333333333334,1,fully_occluded,0,,,,,,,,,,,,,,,,False,False,no_detection,-0.39247748255729675,3.9601173400878906,,,,,,,1,1,-0.39247748255729675,3.9601173400878906,3.9795185539935987,-0.8961721062660217,5.712562561035156,0.10000000000000009
shield_z1.3m,src/recordings/recoding_20260807_3.tar.xz::shield_z1.3m,47,1.5666666666666667,1,fully_occluded,0,,,,,,,,,,,,,,,,False,False,no_detection,-0.4223499000072479,4.150536060333252,,,,,,,1,1,-0.4223499000072479,4.150536060333252,4.171969442141542,-0.8961721062660217,5.712562561035156,0.1333333333333333
shield_z1.3m,src/recordings/recoding_20260807_3.tar.xz::shield_z1.3m,48,1.6,1,fully_occluded,0,,,,,,,,,,,,,,,,False,False,no_detection,-0.4522223174571991,4.340954780578613,,,,,,,1,1,-0.4522223174571991,4.340954780578613,4.3644465206294685,-0.8961721062660217,5.712562561035156,0.16666666666666674
shield_z1.3m,src/recordings/recoding_20260807_3.tar.xz::shield_z1.3m,49,1.6333333333333333,1,fully_occluded,0,,,,,,,,,,,,,,,,False,False,no_detection,-0.48209473490715027,4.531373500823975,,,,,,,1,1,-0.48209473490715027,4.531373500823975,4.5569464707625125,-0.8961721062660217,5.712562561035156,0.19999999999999996
shield_z1.3m,src/recordings/recoding_20260807_3.tar.xz::shield_z1.3m,50,1.6666666666666667,1,fully_occluded,0,,,,,,,,,,,,,,,,False,False,no_detection,-0.511967122554779,4.721792221069336,,,,,,,1,1,-0.511967122554779,4.721792221069336,4.749466508306792,-0.8961721062660217,5.712562561035156,0.2333333333333334
shield_z1.3m,src/recordings/recoding_20260807_3.tar.xz::shield_z1.3m,51,1.7,1,fully_occluded,0,,,,,,,,,,,,,,,,False,False,track_expired,-0.5418395400047302,4.912210941314697,,,,,,,0,,,,,,,
shield_z1.3m,src/recordings/recoding_20260807_3.tar.xz::shield_z1.3m,52,1.7333333333333334,1,fully_occluded,0,,,,,,,,,,,,,,,,False,False,no_detection,,,,,,,,,0,,,,,,,
shield_z1.3m,src/recordings/recoding_20260807_3.tar.xz::shield_z1.3m,53,1.7666666666666666,1,fully_occluded,0,,,,,,,,,,,,,,,,False,False,no_detection,,,,,,,,,0,,,,,,,
shield_z1.3m,src/recordings/recoding_20260807_3.tar.xz::shield_z1.3m,54,1.8,1,fully_occluded,0,,,,,,,,,,,,,,,,False,False,no_detection,,,,,,,,,0,,,,,,,
shield_z1.3m,src/recordings/recoding_20260807_3.tar.xz::shield_z1.3m,55,1.8333333333333333,1,fully_occluded,0,,,,,,,,,,,,,,,,False,False,no_detection,,,,,,,,,0,,,,,,,
shield_z1.3m,src/recordings/recoding_20260807_3.tar.xz::shield_z1.3m,56,1.8666666666666667,1,fully_occluded,0,,,,,,,,,,,,,,,,False,False,no_detection,,,,,,,,,0,,,,,,,
shield_z1.3m,src/recordings/recoding_20260807_3.tar.xz::shield_z1.3m,57,1.9,1,fully_occluded,0,,,,,,,,,,,,,,,,False,False,no_detection,,,,,,,,,0,,,,,,,
shield_z1.3m,src/recordings/recoding_20260807_3.tar.xz::shield_z1.3m,58,1.9333333333333333,1,fully_occluded,0,,,,,,,,,,,,,,,,False,False,no_detection,,,,,,,,,0,,,,,,,
shield_z1.3m,src/recordings/recoding_20260807_3.tar.xz::shield_z1.3m,59,1.9666666666666666,1,fully_occluded,0,,,,,,,,,,,,,,,,False,False,no_detection,,,,,,,,,0,,,,,,,
shield_z1.3m,src/recordings/recoding_20260807_3.tar.xz::shield_z1.3m,60,2.0,1,fully_occluded,0,,,,,,,,,,,,,,,,False,False,no_detection,,,,,,,,,0,,,,,,,
shield_z1.3m,src/recordings/recoding_20260807_3.tar.xz::shield_z1.3m,61,2.033333333333333,1,fully_occluded,0,,,,,,,,,,,,,,,,False,False,no_detection,,,,,,,,,0,,,,,,,
shield_z1.3m,src/recordings/recoding_20260807_3.tar.xz::shield_z1.3m,62,2.066666666666667,1,fully_occluded,0,,,,,,,,,,,,,,,,False,False,no_detection,,,,,,,,,0,,,,,,,
shield_z1.3m,src/recordings/recoding_20260807_3.tar.xz::shield_z1.3m,63,2.1,1,fully_occluded,0,,,,,,,,,,,,,,,,False,False,no_detection,,,,,,,,,0,,,,,,,
shield_z1.3m,src/recordings/recoding_20260807_3.tar.xz::shield_z1.3m,64,2.1333333333333333,1,fully_occluded,0,,,,,,,,,,,,,,,,False,False,no_detection,,,,,,,,,0,,,,,,,
shield_z1.3m,src/recordings/recoding_20260807_3.tar.xz::shield_z1.3m,65,2.1666666666666665,1,fully_occluded,0,,,,,,,,,,,,,,,,False,False,no_detection,,,,,,,,,0,,,,,,,
shield_z1.3m,src/recordings/recoding_20260807_3.tar.xz::shield_z1.3m,66,2.2,1,fully_occluded,0,,,,,,,,,,,,,,,,False,False,no_detection,,,,,,,,,0,,,,,,,
shield_z1.3m,src/recordings/recoding_20260807_3.tar.xz::shield_z1.3m,67,2.2333333333333334,1,fully_occluded,0,,,,,,,,,,,,,,,,False,False,no_detection,,,,,,,,,0,,,,,,,
shield_z1.3m,src/recordings/recoding_20260807_3.tar.xz::shield_z1.3m,68,2.2666666666666666,1,fully_occluded,0,,,,,,,,,,,,,,,,False,False,no_detection,,,,,,,,,0,,,,,,,
shield_z1.3m,src/recordings/recoding_20260807_3.tar.xz::shield_z1.3m,69,2.3,1,fully_occluded,0,,,,,,,,,,,,,,,,False,False,no_detection,,,,,,,,,0,,,,,,,
shield_z1.3m,src/recordings/recoding_20260807_3.tar.xz::shield_z1.3m,70,2.3333333333333335,1,fully_occluded,0,,,,,,,,,,,,,,,,False,False,no_detection,,,,,,,,,0,,,,,,,
shield_z1.3m,src/recordings/recoding_20260807_3.tar.xz::shield_z1.3m,71,2.3666666666666667,1,fully_occluded,0,,,,,,,,,,,,,,,,False,False,no_detection,,,,,,,,,0,,,,,,,
shield_z1.3m,src/recordings/recoding_20260807_3.tar.xz::shield_z1.3m,72,2.4,1,fully_occluded,0,,,,,,,,,,,,,,,,False,False,no_detection,,,,,,,,,0,,,,,,,
shield_z1.3m,src/recordings/recoding_20260807_3.tar.xz::shield_z1.3m,73,2.433333333333333,1,fully_occluded,0,,,,,,,,,,,,,,,,False,False,no_detection,,,,,,,,,0,,,,,,,
shield_z1.3m,src/recordings/recoding_20260807_3.tar.xz::shield_z1.3m,74,2.466666666666667,1,fully_occluded,0,,,,,,,,,,,,,,,,False,False,no_detection,,,,,,,,,0,,,,,,,
shield_z1.3m,src/recordings/recoding_20260807_3.tar.xz::shield_z1.3m,75,2.5,1,fully_occluded,0,,,,,,,,,,,,,,,,False,False,no_detection,,,,,,,,,0,,,,,,,
shield_z1.3m,src/recordings/recoding_20260807_3.tar.xz::shield_z1.3m,76,2.533333333333333,1,fully_occluded,0,,,,,,,,,,,,,,,,False,False,no_detection,,,,,,,,,0,,,,,,,
shield_z1.3m,src/recordings/recoding_20260807_3.tar.xz::shield_z1.3m,77,2.566666666666667,1,fully_occluded,0,,,,,,,,,,,,,,,,False,False,no_detection,,,,,,,,,0,,,,,,,
shield_z1.3m,src/recordings/recoding_20260807_3.tar.xz::shield_z1.3m,78,2.6,1,fully_occluded,0,,,,,,,,,,,,,,,,False,False,no_detection,,,,,,,,,0,,,,,,,
shield_z1.3m,src/recordings/recoding_20260807_3.tar.xz::shield_z1.3m,79,2.6333333333333333,1,fully_occluded,0,,,,,,,,,,,,,,,,False,False,no_detection,,,,,,,,,0,,,,,,,
shield_z1.3m,src/recordings/recoding_20260807_3.tar.xz::shield_z1.3m,80,2.6666666666666665,1,fully_occluded,0,,,,,,,,,,,,,,,,False,False,no_detection,,,,,,,,,0,,,,,,,
shield_z1.3m,src/recordings/recoding_20260807_3.tar.xz::shield_z1.3m,81,2.7,1,fully_occluded,0,,,,,,,,,,,,,,,,False,False,no_detection,,,,,,,,,0,,,,,,,
shield_z1.3m,src/recordings/recoding_20260807_3.tar.xz::shield_z1.3m,82,2.7333333333333334,1,fully_occluded,0,,,,,,,,,,,,,,,,False,False,no_detection,,,,,,,,,0,,,,,,,
shield_z1.3m,src/recordings/recoding_20260807_3.tar.xz::shield_z1.3m,83,2.7666666666666666,1,fully_occluded,0,,,,,,,,,,,,,,,,False,False,no_detection,,,,,,,,,0,,,,,,,
shield_z1.3m,src/recordings/recoding_20260807_3.tar.xz::shield_z1.3m,84,2.8,1,fully_occluded,0,,,,,,,,,,,,,,,,False,False,no_detection,,,,,,,,,0,,,,,,,
shield_z1.3m,src/recordings/recoding_20260807_3.tar.xz::shield_z1.3m,85,2.8333333333333335,1,fully_occluded,0,,,,,,,,,,,,,,,,False,False,no_detection,,,,,,,,,0,,,,,,,
shield_z1.3m,src/recordings/recoding_20260807_3.tar.xz::shield_z1.3m,86,2.8666666666666667,1,fully_occluded,0,,,,,,,,,,,,,,,,False,False,no_detection,,,,,,,,,0,,,,,,,
shield_z1.3m,src/recordings/recoding_20260807_3.tar.xz::shield_z1.3m,87,2.9,1,fully_occluded,0,,,,,,,,,,,,,,,,False,False,no_detection,,,,,,,,,0,,,,,,,
shield_z1.3m,src/recordings/recoding_20260807_3.tar.xz::shield_z1.3m,88,2.933333333333333,1,fully_occluded,0,,,,,,,,,,,,,,,,False,False,no_detection,,,,,,,,,0,,,,,,,
shield_z1.3m,src/recordings/recoding_20260807_3.tar.xz::shield_z1.3m,89,2.966666666666667,1,fully_occluded,0,,,,,,,,,,,,,,,,False,False,no_detection,,,,,,,,,0,,,,,,,
shield_z1.3m,src/recordings/recoding_20260807_3.tar.xz::shield_z1.3m,90,3.0,1,fully_occluded,0,,,,,,,,,,,,,,,,False,False,no_detection,,,,,,,,,0,,,,,,,
shield_z1.3m,src/recordings/recoding_20260807_3.tar.xz::shield_z1.3m,91,3.033333333333333,1,fully_occluded,0,,,,,,,,,,,,,,,,False,False,no_detection,,,,,,,,,0,,,,,,,
shield_z1.3m,src/recordings/recoding_20260807_3.tar.xz::shield_z1.3m,92,3.066666666666667,1,fully_occluded,0,,,,,,,,,,,,,,,,False,False,no_detection,,,,,,,,,0,,,,,,,
shield_z1.3m,src/recordings/recoding_20260807_3.tar.xz::shield_z1.3m,93,3.1,1,fully_occluded,0,,,,,,,,,,,,,,,,False,False,no_detection,,,,,,,,,0,,,,,,,
shield_z1.3m,src/recordings/recoding_20260807_3.tar.xz::shield_z1.3m,94,3.1333333333333333,1,fully_occluded,0,,,,,,,,,,,,,,,,False,False,no_detection,,,,,,,,,0,,,,,,,
shield_z1.3m,src/recordings/recoding_20260807_3.tar.xz::shield_z1.3m,95,3.1666666666666665,1,fully_occluded,0,,,,,,,,,,,,,,,,False,False,no_detection,,,,,,,,,0,,,,,,,
shield_z1.3m,src/recordings/recoding_20260807_3.tar.xz::shield_z1.3m,96,3.2,1,fully_occluded,0,,,,,,,,,,,,,,,,False,False,no_detection,,,,,,,,,0,,,,,,,
shield_z1.3m,src/recordings/recoding_20260807_3.tar.xz::shield_z1.3m,97,3.2333333333333334,1,fully_occluded,0,,,,,,,,,,,,,,,,False,False,no_detection,,,,,,,,,0,,,,,,,
shield_z1.3m,src/recordings/recoding_20260807_3.tar.xz::shield_z1.3m,98,3.2666666666666666,1,fully_occluded,0,,,,,,,,,,,,,,,,False,False,no_detection,,,,,,,,,0,,,,,,,
shield_z1.3m,src/recordings/recoding_20260807_3.tar.xz::shield_z1.3m,99,3.3,1,fully_occluded,0,,,,,,,,,,,,,,,,False,False,no_detection,,,,,,,,,0,,,,,,,
shield_z1.3m,src/recordings/recoding_20260807_3.tar.xz::shield_z1.3m,100,3.3333333333333335,1,fully_occluded,0,,,,,,,,,,,,,,,,False,False,no_detection,,,,,,,,,0,,,,,,,
shield_z1.3m,src/recordings/recoding_20260807_3.tar.xz::shield_z1.3m,101,3.3666666666666667,1,fully_occluded,0,,,,,,,,,,,,,,,,False,False,no_detection,,,,,,,,,0,,,,,,,
shield_z1.3m,src/recordings/recoding_20260807_3.tar.xz::shield_z1.3m,102,3.4,1,fully_occluded,0,,,,,,,,,,,,,,,,False,False,no_detection,,,,,,,,,0,,,,,,,
shield_z1.3m,src/recordings/recoding_20260807_3.tar.xz::shield_z1.3m,103,3.433333333333333,1,fully_occluded,0,,,,,,,,,,,,,,,,False,False,no_detection,,,,,,,,,0,,,,,,,
shield_z1.3m,src/recordings/recoding_20260807_3.tar.xz::shield_z1.3m,104,3.466666666666667,1,fully_occluded,0,,,,,,,,,,,,,,,,False,False,no_detection,,,,,,,,,0,,,,,,,
shield_z1.3m,src/recordings/recoding_20260807_3.tar.xz::shield_z1.3m,105,3.5,1,fully_occluded,0,,,,,,,,,,,,,,,,False,False,no_detection,,,,,,,,,0,,,,,,,
shield_z1.3m,src/recordings/recoding_20260807_3.tar.xz::shield_z1.3m,106,3.533333333333333,1,reappearing,1,292.0,371.0,-0.6027531933779926,3.568066824595983,3.618620217280314,-0.34369060184571104,3.568066824595983,3.5845814392449684,527.0,3,37,30,1.2333333333333334,0.47477477477477475,0.7671033478893741,True,True,initialized,,,,,,,,,1,0,-0.3436906039714813,3.5680668354034424,3.5845814502064557,0.0,0.0,0.0
shield_z1.3m,src/recordings/recoding_20260807_3.tar.xz::shield_z1.3m,107,3.566666666666667,1,reappearing,1,305.5,395.0,-0.18166608622080044,1.8748654922780297,1.8836462462515944,-0.08780070746612129,1.8748654922780297,1.8769202376143985,936.0,8,38,54,0.7037037037037037,0.45614035087719296,0.5747620509671477,True,True,accepted,-0.3436906039714813,3.5680668354034424,0.255889892578125,-1.6932013034820557,0.0020784721709787846,0.0,0.0020784721709787846,1410.8489990234375,1,0,-0.19860367476940155,2.608039140701294,2.6155901014994405,1.031083345413208,-6.822588920593262,0.0
shield_z1.3m,src/recordings/recoding_20260807_3.tar.xz::shield_z1.3m,108,3.6,1,reappearing,1,305.0,399.0,-0.1753798991790647,1.733500172495363,1.742349263803762,-0.083980662371367,1.733500172495363,1.7355332320914476,1019.0,9,38,58,0.6551724137931034,0.46234119782214156,0.6118282797958571,True,True,accepted,-0.1642342209815979,2.380619525909424,0.08025355637073517,-0.647119402885437,0.001895808964036405,0.0,0.001895808964036405,224.28640747070312,1,0,-0.12207954376935959,2.040708065032959,2.044356334325672,1.495039701461792,-10.563671112060547,0.0
shield_z1.3m,src/recordings/recoding_20260807_3.tar.xz::shield_z1.3m,109,3.6333333333333333,1,reappearing,1,323.0,399.0,0.00918098185020676,1.7190124803416775,1.7190369972743984,0.028174907225672036,1.7190124803416775,1.7192433606001278,1401.0,13,43,58,0.7413793103448276,0.5617481956696071,0.6417773705909299,True,True,accepted,-0.07224488258361816,1.688585638999939,0.1004197895526886,0.030426859855651855,0.0018957407446578145,0.0,0.0018957407446578145,5.807718276977539,1,0,-0.01949923112988472,1.7045674324035645,1.70467895852138,2.0516505241394043,-10.39501953125,0.0
shield_z1.3m,src/recordings/recoding_20260807_3.tar.xz::shield_z1.3m,110,3.6666666666666665,1,reappearing,1,292.0,372.0,-0.5826390402778199,3.4427234016772346,3.4916776299813144,-0.3314674574538389,3.4427234016772346,3.458643534076182,789.5,3,38,31,1.2258064516129032,0.6702037351443124,0.8642583470169677,True,True,accepted,0.048889122903347015,1.3580667972564697,-0.3803565800189972,2.0846567153930664,0.0018194911535829306,0.0,0.0018194911535829306,2467.978271484375,1,0,-0.14332643151283264,2.4115610122680664,2.4158164213908275,0.2883046567440033,-0.7304810881614685,0.0
shield_z1.3m,src/recordings/recoding_20260807_3.tar.xz::shield_z1.3m,111,3.7,1,reappearing,1,321.5,399.0,-0.006047376116411875,1.720714227198181,1.7207248537869517,0.018920805531701255,1.720714227198181,1.7208182497184883,1567.5,12,44,58,0.7586206896551724,0.6142241379310345,0.7079945799457995,True,True,accepted,-0.13371627032756805,2.387211561203003,0.1526370793581009,-0.6664973497390747,0.0017065037973225117,0.0,0.0017065037973225117,273.9617614746094,1,0,-0.06157907471060753,2.072221040725708,2.0731357948934632,0.8606498837471008,-3.2296547889709473,0.0
shield_z1.3m,src/recordings/recoding_20260807_3.tar.xz::shield_z1.3m,112,3.7333333333333334,1,reappearing,1,293.0,372.0,-0.5620125562244068,3.4409233858912227,3.486518587491971,-0.31893297530955456,3.4409233858912227,3.4556724367788276,798.0,3,38,31,1.2258064516129032,0.6774193548387096,0.8726079825041007,True,True,accepted,-0.032890744507312775,1.9645658731460571,-0.2860422432422638,1.4763575792312622,0.0015999670140445232,0.0,0.0015999670140445232,1413.4365234375,1,0,-0.1580309122800827,2.610455274581909,2.61523431260539,-0.012644783593714237,1.2777045965194702,0.0
shield_z1.3m,src/recordings/recoding_20260807_3.tar.xz::shield_z1.3m,113,3.7666666666666666,1,reappearing,1,308.0,399.0,-0.1443424961710954,1.7320020213095477,1.7380062594885157,-0.06511958198554268,1.7320020213095477,1.7332257676881944,1396.0,13,44,58,0.7586206896551724,0.5470219435736677,0.643762969794789,True,True,accepted,-0.15845240652561188,2.653045415878296,0.09333282709121704,-0.9210433959960938,0.0015127676306292415,0.0,0.0015127676306292415,566.532470703125,1,0,-0.1206466406583786,2.279963970184326,2.2831538093700185,0.22451438009738922,-1.062671184539795,0.0
shield_z1.3m,src/recordings/recoding_20260807_3.tar.xz::shield_z1.3m,114,3.8,1,reappearing,1,297.0,371.0,-0.49630824409110597,3.5571711766775005,3.5916275772047954,-0.27900520453171973,3.5571711766775005,3.568096226889205,767.0,3,38,30,1.2666666666666666,0.6728070175438596,0.8382513661202186,True,True,accepted,-0.11316283047199249,2.244541645050049,-0.16584236919879913,1.3126294612884521,0.0014447893481701612,0.0,0.0014447893481701612,1211.59521484375,1,0,-0.17569729685783386,2.739497184753418,2.7451255645953707,-0.13601641356945038,1.790902018547058,0.0
shield_z1.3m,src/recordings/recoding_20260807_3.tar.xz::shield_z1.3m,115,3.8333333333333335,1,reappearing,1,297.0,372.0,-0.4799630213063647,3.4329179591876784,3.466307865198189,-0.2690723966615492,3.4329179591876784,3.4434467716458874,785.5,3,39,31,1.2580645161290323,0.6497105045492142,0.8316569613552144,True,True,accepted,-0.18023118376731873,2.799193859100342,-0.08884119987487793,0.6337242126464844,0.001392763340845704,0.0,0.001392763340845704,294.0191955566406,1,0,-0.21166343986988068,3.023407220840454,3.030807257944284,-0.30609044432640076,3.0040783882141113,0.0
shield_z1.3m,src/recordings/recoding_20260807_3.tar.xz::shield_z1.3m,116,3.8666666666666667,1,reappearing,1,313.5,399.0,-0.08772911403651305,1.7282919384224829,1.730517096669598,-0.03071626702135001,1.7282919384224829,1.728564871063817,1458.0,14,46,58,0.7931034482758621,0.5464767616191905,0.6400351185250219,True,True,accepted,-0.2218664586544037,3.1235432624816895,0.19115018844604492,-1.3952512741088867,0.0013533530291169882,0.0,0.0013533530291169882,1465.445068359375,1,0,-0.1578340083360672,2.6561548709869385,2.660840144175345,0.025238465517759323,0.585628867149353,0.0
shield_z1.3m,src/recordings/recoding_20260807_3.tar.xz::shield_z1.3m,117,3.9,1,reappearing,1,316.0,399.0,-0.06211681905012403,1.726206091521062,1.7273233540982784,-0.015151963703843314,1.726206091521062,1.7262725892536508,1435.0,15,44,58,0.7586206896551724,0.5623040752351097,0.6442199775533108,True,True,accepted,-0.15699273347854614,2.675675868988037,0.14184077084064484,-0.949469804763794,0.0013238159008324146,0.0,0.0013238159008324146,696.1781005859375,1,0,-0.11158280819654465,2.3717057704925537,2.374329165232299,0.25353384017944336,-0.942560613155365,0.0
shield_z1.3m,src/recordings/recoding_20260807_3.tar.xz::shield_z1.3m,118,3.933333333333333,1,reappearing,1,313.0,399.0,-0.09285898699553838,1.7286847912689225,1.7311770270628928,-0.03383363306593821,1.7286847912689225,1.729015853684089,1397.0,13,43,58,0.7413793103448276,0.5601443464314354,0.6506753609687936,True,True,accepted,-0.10313168168067932,2.34028697013855,0.06929804384708405,-0.6116021871566772,0.0013019997859373689,0.0,0.0013019997859373689,290.9827575683594,1,0,-0.0817355215549469,2.151451349258423,2.1530033914766014,0.35935887694358826,-1.8765381574630737,0.0
shield_z1.3m,src/recordings/recoding_20260807_3.tar.xz::shield_z1.3m,119,3.966666666666667,1,reappearing,1,321.0,399.0,-0.011127648903066164,1.7212681692512335,1.721304137869773,0.015833580953459343,1.7212681692512335,1.7213409925878436,1418.5,13,52,58,0.896551724137931,0.4703249336870027,0.5863993385696569,True,True,accepted,-0.0697568953037262,2.088900089263916,0.08559047430753708,-0.3676319122314453,0.0012862063013017178,0.0,0.0012862063013017178,110.77456665039062,1,0,-0.044056832790374756,1.9785120487213135,1.9790025092078403,0.4855433404445648,-2.4185311794281006,0.0
shield_z1.3m,src/recordings/recoding_20260807_3.tar.xz::shield_z1.3m,120,4.0,1,reappearing,1,297.0,371.0,-0.49630824409110597,3.5571711766775005,3.5916275772047954,-0.27900520453171973,3.5571711766775005,3.568096226889205,856.0,3,44,30,1.4666666666666666,0.6484848484848484,0.8351219512195122,True,True,accepted,-0.027872053906321526,1.8978943824768066,-0.25113314390182495,1.6592767238616943,0.0012750697787851095,0.0,0.0012750697787851095,2208.7158203125,1,0,-0.10174444317817688,2.3859810829162598,2.388149421571415,0.12337185442447662,-0.025606444105505943,0.0
shield_z1.3m,src/recordings/recoding_20260807_3.tar.xz::shield_z1.3m,121,4.033333333333333,1,reappearing,1,321.5,399.0,-0.006047376116411875,1.720714227198181,1.7207248537869517,0.018920805531701255,1.720714227198181,1.7208182497184883,1524.0,12,47,58,0.8103448275862069,0.5590608950843727,0.6741871267418713,True,True,accepted,-0.09763205051422119,2.385127544403076,0.11655285954475403,-0.664413332939148,0.0012674727477133274,0.0,0.0012674727477133274,359.0054626464844,1,0,-0.06384039670228958,2.1924972534179688,2.193426498083864,0.2893410921096802,-0.97171950340271,0.0
shield_z1.3m,src/recordings/recoding_20260807_3.tar.xz::shield_z1.3m,122,4.066666666666666,1,reappearing,1,317.5,399.0,-0.04678904347078852,1.7248252511412971,1.7254597536782914,-0.0058374470458777,1.7248252511412971,1.7248351291536974,1466.5,12,43,58,0.7413793103448276,0.5880112269446672,0.682093023255814,True,True,accepted,-0.054195694625377655,2.160106658935547,0.0483582466840744,-0.4352813959121704,0.0012624971568584442,0.0,0.0012624971568584442,151.92779541015625,1,0,-0.040310729295015335,2.035125494003296,2.035524682050909,0.3577580451965332,-1.587552785873413,0.0
shield_z1.3m,src/recordings/recoding_20260807_3.tar.xz::shield_z1.3m,123,4.1,1,reappearing,1,289.0,373.0,-0.6238763065364767,3.3300226067677197,3.38795988870023,-0.356526879906048,3.3300226067677197,3.3490538929195544,880.0,3,43,32,1.34375,0.6395348837209303,0.8186046511627907,True,True,accepted,-0.028385460376739502,1.9822070598602295,-0.3281414210796356,1.3478155136108398,0.0012593972496688366,0.0,0.0012593972496688366,1527.93994140625,1,0,-0.12202797085046768,2.3668363094329834,2.3699799453413584,-0.10524719953536987,0.31420543789863586,0.0
shield_z1.3m,src/recordings/recoding_20260807_3.tar.xz::shield_z1.3m,124,4.133333333333334,1,reappearing,1,307.0,399.0,-0.15467605210807303,1.7325425991110601,1.7394333959166839,-0.07139916759226059,1.7325425991110601,1.7340131772473286,1511.0,13,48,58,0.8275862068965517,0.5427442528735632,0.6378218657661461,True,True,accepted,-0.1255362182855606,2.377309799194336,0.05413705110549927,-0.644767165184021,0.0012575817527249455,0.0,0.0012575817527249455,332.90521240234375,1,0,-0.11014284938573837,2.1939761638641357,2.196739141289834,-0.02890769951045513,-0.5949907898902893,0.0
shield_z1.3m,src/recordings/recoding_20260807_3.tar.xz::shield_z1.3m,125,4.166666666666667,1,reappearing,1,307.0,399.0,-0.15467605210807303,1.7325425991110601,1.7394333959166839,-0.07139916759226059,1.7325425991110601,1.7340131772473286,1455.5,13,43,58,0.7413793103448276,0.5836006415396953,0.6672014668805868,True,True,accepted,-0.11110644042491913,2.174143075942993,0.03970727324485779,-0.4416004419326782,0.0012565999059006572,0.0,0.0012565999059006572,156.444091796875,1,0,-0.0998382493853569,2.0488250255584717,2.0512561179421267,0.027102293446660042,-1.217900276184082,0.0
shield_z1.3m,src/recordings/recoding_20260807_3.tar.xz::shield_z1.3m,126,4.2,0,visible,1,323.5,399.0,0.014248787739735067,1.718418654988988,1.7184777280390382,0.03125455581088404,1.718418654988988,1.7187028600293588,1763.0,10,45,58,0.7758620689655172,0.6754789272030651,0.797737556561086,True,True,accepted,-0.0989348366856575,2.008228302001953,0.13018938899040222,-0.2898097038269043,0.0012561238836497068,0.0,0.0012561238836497068,80.35747528076172,1,0,-0.062024831771850586,1.926064372062683,1.9270628025794967,0.2108551561832428,-1.6269456148147583,0.0
shield_z1.3m,src/recordings/recoding_20260807_3.tar.xz::shield_z1.3m,127,4.233333333333333,0,visible,1,312.5,399.0,-0.09799502885520359,1.7290573246001184,1.731832052317329,-0.03695474788199518,1.7290573246001184,1.7294521922112622,1588.0,12,47,58,0.8103448275862069,0.5825385179750551,0.6901347240330291,True,True,accepted,-0.05499632656574249,1.8718328475952148,0.01804157719016075,-0.1427755355834961,0.0012559281894937158,0.0,0.0012559281894937158,16.49007797241211,1,0,-0.049883369356393814,1.83137047290802,1.832049715367378,0.236333429813385,-1.8285728693008423,0.0
shield_z1.3m,src/recordings/recoding_20260807_3.tar.xz::shield_z1.3m,128,4.266666666666667,0,visible,1,313.0,399.0,-0.09285898699553838,1.7286847912689225,1.7311770270628928,-0.03383363306593821,1.7286847912689225,1.729015853684089,1899.5,9,45,58,0.7758620689655172,0.7277777777777777,0.8373374476526338,True,True,accepted,-0.04200558736920357,1.7704180479049683,0.00817195326089859,-0.0417332649230957,0.0012558687012642622,0.0,0.0012558687012642622,1.4399961233139038,1,0,-0.03968994691967964,1.7585923671722412,1.7590401944705396,0.24787788093090057,-1.8875291347503662,0.0
shield_z1.3m,src/recordings/recoding_20260807_3.tar.xz::shield_z1.3m,129,4.3,0,visible,1,297.0,372.0,-0.4799630213063647,3.4329179591876784,3.466307865198189,-0.2690723966615492,3.4329179591876784,3.4434467716458874,803.0,3,39,31,1.2580645161290323,0.664185277088503,0.8556206712839638,True,True,accepted,-0.031427349895238876,1.6956747770309448,-0.23764503002166748,1.7372432947158813,0.001255860785022378,0.0,0.001255860785022378,2448.11328125,1,0,-0.09876645356416702,2.1879401206970215,2.190168209089279,-0.0878874883055687,0.5669978260993958,0.0
shield_z1.3m,src/recordings/recoding_20260807_3.tar.xz::shield_z1.3m,130,4.333333333333333,0,visible,1,315.0,399.0,-0.07235184709508852,1.7270728247125844,1.7285876696421203,-0.021371675019821484,1.7270728247125844,1.7272050516235349,1775.5,9,43,58,0.7413793103448276,0.7119085805934242,0.8233248319035474,True,True,accepted,-0.10169603675603867,2.2068400382995605,0.08032435923814774,-0.47976720333099365,0.0012558605521917343,0.0,0.0012558605521917343,188.41946411132812,1,0,-0.07893533259630203,2.0708932876586914,2.0723971133935484,0.025597961619496346,-0.11083635687828064,0.0
shield_z1.3m,src/recordings/recoding_20260807_3.tar.xz::shield_z1.3m,131,4.366666666666666,0,visible,1,321.0,399.0,-0.011127648903066164,1.7212681692512335,1.721304137869773,0.015833580953459343,1.7212681692512335,1.7213409925878436,1572.0,13,43,58,0.7413793103448276,0.6303127506014434,0.6940397350993377,True,True,accepted,-0.07808206975460052,2.0671987533569336,0.09391564875841141,-0.3459305763244629,0.0012558500748127699,0.0,0.0012558500748127699,102.3116683959961,1,0,-0.05147070065140724,1.9691779613494873,1.9698505213569049,0.15826666355133057,-0.599510669708252,0.0
shield_z1.3m,src/recordings/recoding_20260807_3.tar.xz::shield_z1.3m,132,4.4,0,visible,1,317.0,399.0,-0.05189417081366182,1.7190124803416775,1.7197956019640483,-0.00893977545811888,1.7190124803416775,1.7190357259683953,1531.0,13,43,60,0.7166666666666667,0.5934108527131783,0.6747465843984134,True,True,accepted,-0.046195145696401596,1.949194312095642,0.03725536912679672,-0.23018181324005127,0.001255825744010508,0.0,0.001255825744010508,43.2955207824707,1,0,-0.0356392078101635,1.883974552154541,1.8843116160283149,0.21088454127311707,-0.9246095418930054,0.0
shield_z1.3m,src/recordings/recoding_20260807_3.tar.xz::shield_z1.3m,133,4.433333333333334,0,visible,1,309.0,399.0,-0.13402120530833803,1.7314203698160346,1.7365996028118267,-0.058847449726347,1.7314203698160346,1.7324201336145886,1798.0,9,43,58,0.7413793103448276,0.7209302325581395,0.817458513298477,True,True,accepted,-0.02860972285270691,1.853154182434082,-0.030237726867198944,-0.12173378467559814,0.00125579081941396,0.0,0.00125579081941396,12.528707504272461,1,0,-0.03717667981982231,1.81866455078125,1.81904448922801,0.16818702220916748,-1.096505045890808,0.0
shield_z1.3m,src/recordings/recoding_20260807_3.tar.xz::shield_z1.3m,134,4.466666666666667,0,visible,1,294.0,372.0,-0.5414317247751378,3.439042486883951,3.481402237487925,-0.3064262357388471,3.439042486883951,3.4526671233326316,791.5,3,42,31,1.3548387096774193,0.607910906298003,0.7899201596806387,True,True,accepted,-0.031570445746183395,1.7821143865585327,-0.2748557925224304,1.6569281816482544,0.0012557506561279297,0.0,0.0012557506561279297,2246.4306640625,1,0,-0.10943634063005447,2.2515175342559814,2.254175574287112,-0.2198515385389328,1.2427290678024292,0.0
shield_z1.3m,src/recordings/recoding_20260807_3.tar.xz::shield_z1.3m,135,4.5,0,visible,1,294.0,371.0,-0.5600282037253644,3.5639577111813585,3.6076898641730453,-0.317727106635921,3.5639577111813585,3.5780923802188647,823.5,3,42,30,1.4,0.6535714285714286,0.8403061224489796,True,True,accepted,-0.11676472425460815,2.2929418087005615,-0.2009623944759369,1.2710158824920654,0.0012557106092572212,0.0,0.0012557106092572212,1318.66943359375,1,0,-0.17369221150875092,2.6529879570007324,2.6586677273269257,-0.5035226345062256,3.036848306655884,0.0
shield_z1.3m,src/recordings/recoding_20260807_3.tar.xz::shield_z1.3m,136,4.533333333333333,0,visible,1,307.0,399.0,-0.15467605210807303,1.7325425991110601,1.7394333959166839,-0.07139916759226059,1.7325425991110601,1.7340131772473286,1561.0,13,47,58,0.8103448275862069,0.5726338958180485,0.6734253666954271,True,True,accepted,-0.19047629833221436,2.754216194152832,0.11907713115215302,-1.021673560142517,0.0012556741712614894,0.0,0.0012556741712614894,842.572265625,1,0,-0.15674728155136108,2.4648234844207764,2.4698025264433427,-0.33545857667922974,1.5948703289031982,0.0
shield_z1.3m,src/recordings/recoding_20260807_3.tar.xz::shield_z1.3m,137,4.566666666666666,0,visible,1,308.5,399.0,-0.13918185073971673,1.731711195562791,1.7372953843295744,-0.06198351585594484,1.731711195562791,1.7328201352348649,1481.0,14,43,58,0.7413793103448276,0.5938251804330393,0.6853308653401203,True,True,accepted,-0.16792923212051392,2.5179858207702637,0.10594572126865387,-0.7862746715545654,0.001255643554031849,0.0,0.001255643554031849,501.298583984375,1,0,-0.13792158663272858,2.2952845096588135,2.2994245680906755,-0.1859413981437683,0.4852307438850403,0.0
shield_z1.3m,src/recordings/recoding_20260807_3.tar.xz::shield_z1.3m,138,4.6,0,visible,1,307.5,399.0,-0.1495092741395842,1.7332710928449644,1.7397073616978582,-0.06825937478890162,1.7332710928449644,1.7346146613984759,1611.5,12,44,58,0.7586206896551724,0.6314655172413793,0.7402388608176389,True,True,accepted,-0.14411963522434235,2.3114588260650635,0.07586026191711426,-0.5781877040863037,0.001255619339644909,0.0,0.001255619339644909,270.8271484375,1,0,-0.12263432145118713,2.147703170776367,2.1512015448489836,-0.07888913154602051,-0.3306945264339447,0.0
shield_z1.3m,src/recordings/recoding_20260807_3.tar.xz::shield_z1.3m,139,4.633333333333334,0,visible,1,309.0,399.0,-0.13402120530833803,1.7314203698160346,1.7365996028118267,-0.058847449726347,1.7314203698160346,1.7324201336145886,1596.0,13,45,58,0.7758620689655172,0.6114942528735632,0.7093333333333334,True,True,accepted,-0.12526395916938782,2.1366801261901855,0.06641650944948196,-0.40525972843170166,0.001255601178854704,0.0,0.001255601178854704,134.3154296875,1,0,-0.10645400732755661,2.0219056606292725,2.024706140693209,0.014832830056548119,-0.9025664329528809,0.0
shield_z1.3m,src/recordings/recoding_20260807_3.tar.xz::shield_z1.3m,140,4.666666666666667,0,visible,1,308.0,399.0,-0.1443424961710954,1.7325425991110601,1.7385449703517624,-0.06511958198554268,1.7325425991110601,1.733765963932987,1443.0,13,44,58,0.7586206896551724,0.5654388714733543,0.6504394861392833,True,True,accepted,-0.10595957934856415,1.9918200969696045,0.04083999991416931,-0.25927746295928955,0.0012555884895846248,0.0,0.0012555884895846248,54.868858337402344,1,0,-0.09439349919557571,1.918391466140747,1.9207123548444287,0.07246191799640656,-1.2684314250946045,0.0
shield_z1.3m,src/recordings/recoding_20260807_3.tar.xz::shield_z1.3m,141,4.7,0,visible,1,307.5,399.0,-0.1495092741395842,1.732272310210304,1.738712276305395,-0.06825937478890162,1.732272310210304,1.733616652829545,1537.0,12,48,58,0.8275862068965517,0.5520833333333334,0.6705933682373473,True,True,accepted,-0.09197810292243958,1.8761104345321655,0.023718729615211487,-0.14383816719055176,0.0012555799912661314,0.0,0.0012555799912661314,16.926040649414062,1,0,-0.08526096493005753,1.8353755474090576,1.8373548465573823,0.10593093186616898,-1.4713984727859497,0.0
shield_z1.3m,src/recordings/recoding_20260807_3.tar.xz::shield_z1.3m,142,4.733333333333333,0,visible,1,318.5,399.0,-0.03665947521242305,1.7236165549288565,1.7240063647062531,0.00031817754506084303,1.7236165549288565,1.7236165842964524,1531.0,12,42,58,0.7241379310344828,0.6284893267651889,0.7096176129779838,True,True,accepted,-0.0817299336194992,1.786328911781311,0.08204811066389084,-0.06271231174468994,0.0012555747525766492,0.0,0.0012555747525766492,8.493900299072266,1,0,-0.05849417299032211,1.768568992614746,1.769536054990731,0.2217068374156952,-1.5598901510238647,0.0
shield_z1.3m,src/recordings/recoding_20260807_3.tar.xz::shield_z1.3m,143,4.766666666666667,0,visible,1,311.5,399.0,-0.10827327434075157,1.7297820293072108,1.7331673233853215,-0.04320072195006976,1.7297820293072108,1.7303214069331685,1919.0,10,46,58,0.7931034482758621,0.7192653673163418,0.8225460780111444,True,True,accepted,-0.051103945821523666,1.716572642326355,0.007903225719928741,0.013209342956542969,0.0012555716093629599,0.0,0.0012555716093629599,0.18871702253818512,1,0,-0.04886579141020775,1.7203134298324585,1.7210073103947185,0.23285886645317078,-1.5412508249282837,0.0
shield_z1.3m,src/recordings/recoding_20260807_3.tar.xz::shield_z1.3m,144,4.8,0,visible,1,307.0,399.0,-0.15467605210807303,1.7325425991110601,1.7394333959166839,-0.07139916759226059,1.7325425991110601,1.7340131772473286,1497.5,13,48,58,0.8275862068965517,0.5378951149425287,0.6542158147662734,True,True,accepted,-0.04110382869839668,1.668938398361206,-0.030295338481664658,0.06360423564910889,0.0012555699795484543,0.0,0.0012555699795484543,3.9530303478240967,1,0,-0.04968329146504402,1.68695068359375,1.6876821496739902,0.19010992348194122,-1.4515005350112915,0.0
shield_z1.3m,src/recordings/recoding_20260807_3.tar.xz::shield_z1.3m,145,4.833333333333333,0,visible,1,315.0,399.0,-0.07235184709508852,1.7270728247125844,1.7285876696421203,-0.021371675019821484,1.7270728247125844,1.7272050516235349,1906.5,9,45,58,0.7758620689655172,0.7304597701149426,0.8330784356565436,True,True,accepted,-0.04334629327058792,1.638567328453064,0.02197461761534214,0.08850550651550293,0.0012555691646412015,0.0,0.0012555691646412015,6.623377323150635,1,0,-0.03712322190403938,1.663631558418274,1.6640457012263068,0.2211177498102188,-1.3266125917434692,0.0
shield_z1.3m,src/recordings/recoding_20260807_3.tar.xz::shield_z1.3m,146,4.866666666666666,0,visible,1,307.5,399.0,-0.1495092741395842,1.732272310210304,1.738712276305395,-0.06825937478890162,1.732272310210304,1.733616652829545,1464.0,12,44,58,0.7586206896551724,0.5736677115987461,0.6648501362397821,True,True,accepted,-0.02975263074040413,1.6194111108779907,-0.03850674256682396,0.11286115646362305,0.001255568815395236,0.0,0.001255568815395236,11.325870513916016,1,0,-0.040657490491867065,1.6513726711273193,1.6518730975711402,0.16678179800510406,-1.1673568487167358,0.0
shield_z1.3m,src/recordings/recoding_20260807_3.tar.xz::shield_z1.3m,147,4.9,0,visible,1,310.0,399.0,-0.12371219434562118,1.7314203698160346,1.7358344402746775,-0.05258277982415765,1.7314203698160346,1.732218648366288,1381.0,13,44,58,0.7586206896551724,0.5411442006269592,0.6429236499068901,True,True,accepted,-0.03509809821844101,1.612460732460022,-0.01748467981815338,0.11895966529846191,0.001255568815395236,0.0,0.001255568815395236,11.514395713806152,1,0,-0.04004964604973793,1.6461492776870728,1.6466363953764598,0.14210957288742065,-0.9994955658912659,0.0
shield_z1.3m,src/recordings/recoding_20260807_3.tar.xz::shield_z1.3m,148,4.933333333333334,0,visible,1,322.0,399.0,-0.0009671033297575855,1.7201602851451285,1.7201605570060663,0.02200803010994317,1.7201602851451285,1.7203010666682417,1903.0,11,48,58,0.8275862068965517,0.6835488505747126,0.8211434735706581,True,True,accepted,-0.03531266003847122,1.61283278465271,0.057320691645145416,0.10732746124267578,0.001255568815395236,0.0,0.001255568815395236,11.791345596313477,1,0,-0.019079817458987236,1.643227219581604,1.643337985506377,0.22299352288246155,-0.848048210144043,0.0
shield_z1.3m,src/recordings/recoding_20260807_3.tar.xz::shield_z1.3m,149,4.966666666666667,0,visible,1,322.5,399.0,0.004106939260224587,1.719586382743403,1.7195912870989514,0.025091468667807603,1.719586382743403,1.7197694349872743,1860.5,10,42,58,0.7241379310344828,0.763752052545156,0.8452975920036347,True,True,accepted,-0.011646700091660023,1.6149590015411377,0.03673816844820976,0.10462737083435059,0.001255568815395236,0.0,0.001255568815395236,9.793633460998535,1,0,-0.0012426929315552115,1.644588828086853,1.6445892975918974,0.27483391761779785,-0.7004109025001526,0.0
shield_z1.3m,src/recordings/recoding_20260807_3.tar.xz::shield_z1.3m,150,5.0,0,visible,1,307.0,399.0,-0.15467605210807303,1.7325425991110601,1.7394333959166839,-0.07139916759226059,1.7325425991110601,1.7340131772473286,1585.0,13,42,58,0.7241379310344828,0.6506568144499179,0.7207821737153252,True,True,accepted,0.00791843794286251,1.621241807937622,-0.079317606985569,0.11130082607269287,0.001255568815395236,0.0,0.001255568815395236,14.877046585083008,1,0,-0.014543785713613033,1.652761459350586,1.6528254485025218,0.16291065514087677,-0.5433568358421326,0.0
shield_z1.3m,src/recordings/recoding_20260807_3.tar.xz::shield_z1.3m,151,5.033333333333333,0,visible,1,312.0,399.0,-0.1031310707148688,1.729429857931314,1.7325021360018926,-0.040075862698052155,1.729429857931314,1.7298941321003776,1904.0,9,44,58,0.7586206896551724,0.7460815047021944,0.8543863585371326,True,True,accepted,-0.009113430045545101,1.6346495151519775,-0.03096242994070053,0.0947803258895874,0.001255568815395236,0.0,0.001255568815395236,7.918309688568115,1,0,-0.017881784588098526,1.6614906787872314,1.6615869023066203,0.1192203015089035,-0.40961456298828125,0.0
shield_z1.3m,src/recordings/recoding_20260807_3.tar.xz::shield_z1.3m,152,5.066666666666666,0,visible,1,291.0,372.0,-0.6033111882880788,3.4444421832380576,3.4968795151653898,-0.34402968907060916,3.4444421832380576,3.461580329940615,825.5,3,40,31,1.2903225806451613,0.665725806451613,0.856772184743124,True,True,accepted,-0.013907774351537228,1.6478368043899536,-0.3301219344139099,1.7966054677963257,0.0012555686989799142,0.0,0.0012555686989799142,2657.577880859375,1,0,-0.10739611089229584,2.156623601913452,2.1592960160582297,-0.3466068208217621,2.1255321502685547,0.0
shield_z1.3m,src/recordings/recoding_20260807_3.tar.xz::shield_z1.3m,153,5.1,0,visible,1,323.0,399.0,0.00918098185020676,1.7190124803416775,1.7190369972743984,0.028174907225672036,1.7190124803416775,1.7192433606001278,1902.0,9,44,58,0.7586206896551724,0.7452978056426333,0.8629764065335753,True,True,accepted,-0.11894967406988144,2.2274746894836426,0.14712458848953247,-0.5084621906280518,0.0012555685825645924,0.0,0.0012555685825645924,223.1494598388672,1,0,-0.07728496938943863,2.083481550216675,2.0849144674510764,-0.13900291919708252,1.4080536365509033,0.0
shield_z1.3m,src/recordings/recoding_20260807_3.tar.xz::shield_z1.3m,154,5.133333333333334,2,partial_occlusion,1,309.5,399.0,-0.1288666998269796,1.7311090517185677,1.7358989530690592,-0.055715114775252324,1.7311090517185677,1.7320054050020681,1521.5,12,44,58,0.7586206896551724,0.5961990595611285,0.6977757395092868,True,True,accepted,-0.08191840350627899,2.1304166316986084,0.02620328962802887,-0.39930760860443115,0.0012555685825645924,0.0,0.0012555685825645924,127.53836822509766,1,0,-0.07449781149625778,2.0173354148864746,2.0187105042756666,-0.10202810913324356,0.8446006774902344,0.0
shield_z1.3m,src/recordings/recoding_20260807_3.tar.xz::shield_z1.3m,155,5.166666666666667,2,partial_occlusion,1,319.0,399.0,-0.03148606860809354,1.72336387119928,1.7236514743623093,0.0034619984957943613,1.72336387119928,1.7233673485326781,1419.0,13,44,58,0.7586206896551724,0.5560344827586207,0.6244224422442244,True,True,accepted,-0.07789874821901321,2.0454888343811035,0.08136074990034103,-0.3221249580383301,0.0012555684661492705,0.0,0.0012555684661492705,87.91560363769531,1,0,-0.05485793203115463,1.9542652368545532,1.9550350402703573,0.012777991592884064,0.3900582790374756,0.0
shield_z1.3m,src/recordings/recoding_20260807_3.tar.xz::shield_z1.3m,156,5.2,2,partial_occlusion,1,321.0,399.0,-0.011127648903066164,1.7212681692512335,1.721304137869773,0.015833580953459343,1.7212681692512335,1.7213409925878436,1572.0,13,44,58,0.7586206896551724,0.6159874608150471,0.6878144826077445,True,True,accepted,-0.05443199723958969,1.9672671556472778,0.07026557624340057,-0.24599897861480713,0.0012555683497339487,0.0,0.0012555683497339487,52.12997817993164,1,0,-0.03453326225280762,1.8976019620895386,1.8979161606161343,0.11192795634269714,0.042935390025377274,0.0
shield_z1.3m,src/recordings/recoding_20260807_3.tar.xz::shield_z1.3m,157,5.233333333333333,2,partial_occlusion,1,321.0,399.0,-0.011127648903066164,1.7212681692512335,1.721304137869773,0.015833580953459343,1.7212681692512335,1.7213409925878436,1533.0,13,47,58,0.8103448275862069,0.5623624358033749,0.6593548387096774,True,True,accepted,-0.030802330002188683,1.8990331888198853,0.046635910868644714,-0.17776501178741455,0.0012555683497339487,0.0,0.0012555683497339487,26.900413513183594,1,0,-0.017595358192920685,1.8486913442611694,1.8487750763616722,0.17773468792438507,-0.20790424942970276,0.0
shield_z1.3m,src/recordings/recoding_20260807_3.tar.xz::shield_z1.3m,158,5.266666666666667,2,partial_occlusion,1,294.0,373.0,-0.5240726853776703,3.32236510882094,3.363444974407897,-0.29587734292676937,3.32236510882094,3.3355139511577794,773.5,3,38,32,1.1875,0.6361019736842105,0.8237486687965921,True,True,accepted,-0.011670867912471294,1.8417612314224243,-0.28420647978782654,1.480603814125061,0.0012555683497339487,0.0,0.0012555683497339487,1810.304443359375,1,0,-0.09215619415044785,2.2610580921173096,2.2629353636481673,-0.2233017385005951,1.8813375234603882,0.0
shield_z1.3m,src/recordings/recoding_20260807_3.tar.xz::shield_z1.3m,159,5.3,2,partial_occlusion,1,297.0,371.0,-0.49630824409110597,3.5571711766775005,3.5916275772047954,-0.27900520453171973,3.5571711766775005,3.568096226889205,811.5,3,46,30,1.5333333333333334,0.5880434782608696,0.74279176201373,True,True,accepted,-0.09959958493709564,2.3237693309783936,-0.17940561473369598,1.2334017753601074,0.0012555683497339487,0.0,0.0012555683497339487,1237.261474609375,1,0,-0.15040601789951324,2.673060178756714,2.6772883089938713,-0.4764563739299774,3.6217589378356934,0.0
shield_z1.3m,src/recordings/recoding_20260807_3.tar.xz::shield_z1.3m,160,5.333333333333333,2,partial_occlusion,1,297.0,371.0,-0.49630824409110597,3.5571711766775005,3.5916275772047954,-0.27900520453171973,3.5571711766775005,3.568096226889205,670.0,3,37,30,1.2333333333333334,0.6036036036036037,0.8266502159161012,True,True,accepted,-0.16628789901733398,2.793785572052002,-0.11271730065345764,0.763385534286499,0.0012555683497339487,0.0,0.0012555683497339487,474.2574768066406,1,0,-0.19820865988731384,3.0099711418151855,3.0164901702830953,-0.6355088353157043,4.698952674865723,0.0
shield_z1.3m,src/recordings/recoding_20260807_3.tar.xz::shield_z1.3m,161,5.366666666666666,2,fully_occluded,0,,,,,,,,,,,,,,,,False,False,no_detection,-0.21939228475093842,3.166602849960327,,,,,,,1,1,-0.21939228475093842,3.166602849960327,3.1741938478903746,-0.6355088353157043,4.698952674865723,0.033333333333333215
shield_z1.3m,src/recordings/recoding_20260807_3.tar.xz::shield_z1.3m,162,5.4,2,fully_occluded,0,,,,,,,,,,,,,,,,False,False,no_detection,-0.240575909614563,3.3232345581054688,,,,,,,1,1,-0.240575909614563,3.3232345581054688,3.3319310761889005,-0.6355088353157043,4.698952674865723,0.06666666666666732
shield_z1.3m,src/recordings/recoding_20260807_3.tar.xz::shield_z1.3m,163,5.433333333333334,2,fully_occluded,0,,,,,,,,,,,,,,,,False,False,no_detection,-0.26175954937934875,3.4798662662506104,,,,,,,1,1,-0.26175954937934875,3.4798662662506104,3.4896973067416956,-0.6355088353157043,4.698952674865723,0.10000000000000053
shield_z1.3m,src/recordings/recoding_20260807_3.tar.xz::shield_z1.3m,164,5.466666666666667,2,fully_occluded,0,,,,,,,,,,,,,,,,False,False,no_detection,-0.2829431891441345,3.636497974395752,,,,,,,1,1,-0.2829431891441345,3.636497974395752,3.647488775317542,-0.6355088353157043,4.698952674865723,0.13333333333333375
shield_z1.3m,src/recordings/recoding_20260807_3.tar.xz::shield_z1.3m,165,5.5,2,fully_occluded,0,,,,,,,,,,,,,,,,False,False,no_detection,-0.3041268289089203,3.7931296825408936,,,,,,,1,1,-0.3041268289089203,3.7931296825408936,3.8053023423421926,-0.6355088353157043,4.698952674865723,0.16666666666666696
shield_z1.3m,src/recordings/recoding_20260807_3.tar.xz::shield_z1.3m,166,5.533333333333333,2,fully_occluded,0,,,,,,,,,,,,,,,,False,False,no_detection,-0.32531046867370605,3.949761390686035,,,,,,,1,1,-0.32531046867370605,3.949761390686035,3.9631353679104615,-0.6355088353157043,4.698952674865723,0.20000000000000018
shield_z1.3m,src/recordings/recoding_20260807_3.tar.xz::shield_z1.3m,167,5.566666666666666,2,fully_occluded,0,,,,,,,,,,,,,,,,False,False,no_detection,-0.3464941084384918,4.106393337249756,,,,,,,1,1,-0.3464941084384918,4.106393337249756,4.1209858538208755,-0.6355088353157043,4.698952674865723,0.2333333333333334
shield_z1.3m,src/recordings/recoding_20260807_3.tar.xz::shield_z1.3m,168,5.6,2,fully_occluded,0,,,,,,,,,,,,,,,,False,False,track_expired,-0.3676777482032776,4.263025283813477,,,,,,,0,,,,,,,
shield_z1.3m,src/recordings/recoding_20260807_3.tar.xz::shield_z1.3m,169,5.633333333333334,2,fully_occluded,0,,,,,,,,,,,,,,,,False,False,no_detection,,,,,,,,,0,,,,,,,
shield_z1.3m,src/recordings/recoding_20260807_3.tar.xz::shield_z1.3m,170,5.666666666666667,2,fully_occluded,0,,,,,,,,,,,,,,,,False,False,no_detection,,,,,,,,,0,,,,,,,
shield_z1.3m,src/recordings/recoding_20260807_3.tar.xz::shield_z1.3m,171,5.7,2,fully_occluded,0,,,,,,,,,,,,,,,,False,False,no_detection,,,,,,,,,0,,,,,,,
shield_z1.3m,src/recordings/recoding_20260807_3.tar.xz::shield_z1.3m,172,5.733333333333333,2,fully_occluded,0,,,,,,,,,,,,,,,,False,False,no_detection,,,,,,,,,0,,,,,,,
shield_z1.3m,src/recordings/recoding_20260807_3.tar.xz::shield_z1.3m,173,5.766666666666667,2,fully_occluded,0,,,,,,,,,,,,,,,,False,False,no_detection,,,,,,,,,0,,,,,,,
shield_z1.3m,src/recordings/recoding_20260807_3.tar.xz::shield_z1.3m,174,5.8,2,fully_occluded,0,,,,,,,,,,,,,,,,False,False,no_detection,,,,,,,,,0,,,,,,,
shield_z1.3m,src/recordings/recoding_20260807_3.tar.xz::shield_z1.3m,175,5.833333333333333,2,fully_occluded,0,,,,,,,,,,,,,,,,False,False,no_detection,,,,,,,,,0,,,,,,,
shield_z1.3m,src/recordings/recoding_20260807_3.tar.xz::shield_z1.3m,176,5.866666666666666,2,fully_occluded,0,,,,,,,,,,,,,,,,False,False,no_detection,,,,,,,,,0,,,,,,,
shield_z1.3m,src/recordings/recoding_20260807_3.tar.xz::shield_z1.3m,177,5.9,2,fully_occluded,0,,,,,,,,,,,,,,,,False,False,no_detection,,,,,,,,,0,,,,,,,
shield_z1.3m,src/recordings/recoding_20260807_3.tar.xz::shield_z1.3m,178,5.933333333333334,2,fully_occluded,0,,,,,,,,,,,,,,,,False,False,no_detection,,,,,,,,,0,,,,,,,
shield_z1.3m,src/recordings/recoding_20260807_3.tar.xz::shield_z1.3m,179,5.966666666666667,2,fully_occluded,0,,,,,,,,,,,,,,,,False,False,no_detection,,,,,,,,,0,,,,,,,
shield_z1.3m,src/recordings/recoding_20260807_3.tar.xz::shield_z1.3m,180,6.0,2,fully_occluded,0,,,,,,,,,,,,,,,,False,False,no_detection,,,,,,,,,0,,,,,,,
shield_z1.3m,src/recordings/recoding_20260807_3.tar.xz::shield_z1.3m,181,6.033333333333333,2,fully_occluded,0,,,,,,,,,,,,,,,,False,False,no_detection,,,,,,,,,0,,,,,,,
shield_z1.3m,src/recordings/recoding_20260807_3.tar.xz::shield_z1.3m,182,6.066666666666666,2,fully_occluded,0,,,,,,,,,,,,,,,,False,False,no_detection,,,,,,,,,0,,,,,,,
shield_z1.3m,src/recordings/recoding_20260807_3.tar.xz::shield_z1.3m,183,6.1,2,fully_occluded,0,,,,,,,,,,,,,,,,False,False,no_detection,,,,,,,,,0,,,,,,,
shield_z1.3m,src/recordings/recoding_20260807_3.tar.xz::shield_z1.3m,184,6.133333333333334,2,fully_occluded,0,,,,,,,,,,,,,,,,False,False,no_detection,,,,,,,,,0,,,,,,,
shield_z1.3m,src/recordings/recoding_20260807_3.tar.xz::shield_z1.3m,185,6.166666666666667,2,fully_occluded,0,,,,,,,,,,,,,,,,False,False,no_detection,,,,,,,,,0,,,,,,,
shield_z1.3m,src/recordings/recoding_20260807_3.tar.xz::shield_z1.3m,186,6.2,2,fully_occluded,0,,,,,,,,,,,,,,,,False,False,no_detection,,,,,,,,,0,,,,,,,
shield_z1.3m,src/recordings/recoding_20260807_3.tar.xz::shield_z1.3m,187,6.233333333333333,2,fully_occluded,0,,,,,,,,,,,,,,,,False,False,no_detection,,,,,,,,,0,,,,,,,
shield_z1.3m,src/recordings/recoding_20260807_3.tar.xz::shield_z1.3m,188,6.266666666666667,2,fully_occluded,0,,,,,,,,,,,,,,,,False,False,no_detection,,,,,,,,,0,,,,,,,
shield_z1.3m,src/recordings/recoding_20260807_3.tar.xz::shield_z1.3m,189,6.3,2,fully_occluded,0,,,,,,,,,,,,,,,,False,False,no_detection,,,,,,,,,0,,,,,,,
shield_z1.3m,src/recordings/recoding_20260807_3.tar.xz::shield_z1.3m,190,6.333333333333333,2,fully_occluded,0,,,,,,,,,,,,,,,,False,False,no_detection,,,,,,,,,0,,,,,,,
shield_z1.3m,src/recordings/recoding_20260807_3.tar.xz::shield_z1.3m,191,6.366666666666666,2,fully_occluded,0,,,,,,,,,,,,,,,,False,False,no_detection,,,,,,,,,0,,,,,,,
shield_z1.3m,src/recordings/recoding_20260807_3.tar.xz::shield_z1.3m,192,6.4,2,fully_occluded,0,,,,,,,,,,,,,,,,False,False,no_detection,,,,,,,,,0,,,,,,,
shield_z1.3m,src/recordings/recoding_20260807_3.tar.xz::shield_z1.3m,193,6.433333333333334,2,fully_occluded,0,,,,,,,,,,,,,,,,False,False,no_detection,,,,,,,,,0,,,,,,,
shield_z1.3m,src/recordings/recoding_20260807_3.tar.xz::shield_z1.3m,194,6.466666666666667,2,fully_occluded,0,,,,,,,,,,,,,,,,False,False,no_detection,,,,,,,,,0,,,,,,,
shield_z1.3m,src/recordings/recoding_20260807_3.tar.xz::shield_z1.3m,195,6.5,2,fully_occluded,0,,,,,,,,,,,,,,,,False,False,no_detection,,,,,,,,,0,,,,,,,
shield_z1.3m,src/recordings/recoding_20260807_3.tar.xz::shield_z1.3m,196,6.533333333333333,2,fully_occluded,0,,,,,,,,,,,,,,,,False,False,no_detection,,,,,,,,,0,,,,,,,
shield_z1.3m,src/recordings/recoding_20260807_3.tar.xz::shield_z1.3m,197,6.566666666666666,2,fully_occluded,0,,,,,,,,,,,,,,,,False,False,no_detection,,,,,,,,,0,,,,,,,
shield_z1.3m,src/recordings/recoding_20260807_3.tar.xz::shield_z1.3m,198,6.6,2,fully_occluded,0,,,,,,,,,,,,,,,,False,False,no_detection,,,,,,,,,0,,,,,,,
shield_z1.3m,src/recordings/recoding_20260807_3.tar.xz::shield_z1.3m,199,6.633333333333334,2,fully_occluded,0,,,,,,,,,,,,,,,,False,False,no_detection,,,,,,,,,0,,,,,,,
shield_z1.3m,src/recordings/recoding_20260807_3.tar.xz::shield_z1.3m,200,6.666666666666667,2,fully_occluded,0,,,,,,,,,,,,,,,,False,False,no_detection,,,,,,,,,0,,,,,,,
shield_z1.3m,src/recordings/recoding_20260807_3.tar.xz::shield_z1.3m,201,6.7,2,fully_occluded,0,,,,,,,,,,,,,,,,False,False,no_detection,,,,,,,,,0,,,,,,,
shield_z1.3m,src/recordings/recoding_20260807_3.tar.xz::shield_z1.3m,202,6.733333333333333,2,fully_occluded,0,,,,,,,,,,,,,,,,False,False,no_detection,,,,,,,,,0,,,,,,,
shield_z1.3m,src/recordings/recoding_20260807_3.tar.xz::shield_z1.3m,203,6.766666666666667,2,fully_occluded,0,,,,,,,,,,,,,,,,False,False,no_detection,,,,,,,,,0,,,,,,,
shield_z1.3m,src/recordings/recoding_20260807_3.tar.xz::shield_z1.3m,204,6.8,2,fully_occluded,0,,,,,,,,,,,,,,,,False,False,no_detection,,,,,,,,,0,,,,,,,
shield_z1.3m,src/recordings/recoding_20260807_3.tar.xz::shield_z1.3m,205,6.833333333333333,2,fully_occluded,0,,,,,,,,,,,,,,,,False,False,no_detection,,,,,,,,,0,,,,,,,
shield_z1.3m,src/recordings/recoding_20260807_3.tar.xz::shield_z1.3m,206,6.866666666666666,2,fully_occluded,0,,,,,,,,,,,,,,,,False,False,no_detection,,,,,,,,,0,,,,,,,
shield_z1.3m,src/recordings/recoding_20260807_3.tar.xz::shield_z1.3m,207,6.9,2,fully_occluded,0,,,,,,,,,,,,,,,,False,False,no_detection,,,,,,,,,0,,,,,,,
shield_z1.3m,src/recordings/recoding_20260807_3.tar.xz::shield_z1.3m,208,6.933333333333334,2,fully_occluded,0,,,,,,,,,,,,,,,,False,False,no_detection,,,,,,,,,0,,,,,,,
shield_z1.3m,src/recordings/recoding_20260807_3.tar.xz::shield_z1.3m,209,6.966666666666667,2,fully_occluded,0,,,,,,,,,,,,,,,,False,False,no_detection,,,,,,,,,0,,,,,,,
shield_z1.3m,src/recordings/recoding_20260807_3.tar.xz::shield_z1.3m,210,7.0,2,reappearing,1,293.0,372.0,-0.5620125562244068,3.4409233858912227,3.486518587491971,-0.31893297530955456,3.4409233858912227,3.4556724367788276,540.0,3,32,31,1.032258064516129,0.5443548387096774,0.8029739776951673,True,True,initialized,,,,,,,,,1,0,-0.31893298029899597,3.4409234523773193,3.4556725034416456,0.0,0.0,0.0
shield_z1.3m,src/recordings/recoding_20260807_3.tar.xz::shield_z1.3m,211,7.033333333333333,2,reappearing,1,321.5,399.0,-0.006047376116411875,1.720714227198181,1.7207248537869517,0.018920805531701255,1.720714227198181,1.7208182497184883,1255.0,12,47,58,0.8103448275862069,0.4603815113719736,0.554696132596685,True,True,accepted,-0.31893298029899597,3.4409234523773193,0.3378537893295288,-1.7202092409133911,0.0020784721709787846,0.0,0.0020784721709787846,1478.6173095703125,1,0,-0.12737338244915009,2.4655826091766357,2.468870507181534,1.3613488674163818,-6.93141508102417,0.0
shield_z1.3m,src/recordings/recoding_20260807_3.tar.xz::shield_z1.3m,212,7.066666666666666,2,reappearing,1,318.0,399.0,-0.041683916127915215,1.7243515344532596,1.7248552876212746,-0.002735118633636513,1.7243515344532596,1.7243537036365977,1534.0,11,46,58,0.7931034482758621,0.5749625187406296,0.6385015608740895,True,True,accepted,-0.08199508488178253,2.2345354557037354,0.0792599692940712,-0.5101839303970337,0.001895808964036405,0.0,0.001895808964036405,140.6100616455078,1,0,-0.04036230966448784,1.9665518999099731,1.9669660625137835,1.8195611238479614,-9.880855560302734,0.0
shield_z1.3m,src/recordings/recoding_20260807_3.tar.xz::shield_z1.3m,213,7.1,2,reappearing,1,318.5,399.0,-0.036584992368004374,1.7238577028262698,1.7242458761035304,0.0003634399310789259,1.7238577028262698,1.7238577411381855,1439.5,10,39,58,0.6724137931034483,0.6363837312113174,0.722277972905168,True,True,accepted,0.02028973028063774,1.6371899843215942,-0.019926290959119797,0.08666777610778809,0.0018957407446578145,0.0,0.0018957407446578145,4.171646595001221,1,0,0.009823414497077465,1.6827123165130615,1.6827409900567394,1.7091128826141357,-9.400469779968262,0.0
shield_z1.3m,src/recordings/recoding_20260807_3.tar.xz::shield_z1.3m,214,7.133333333333334,2,reappearing,1,324.5,399.0,0.02437815637261969,1.7172111182325969,1.7173841501218572,0.03741005909166527,1.7172111182325969,1.7176185656608651,1910.5,10,45,58,0.7758620689655172,0.731992337164751,0.8584587733093687,True,True,accepted,0.06679384410381317,1.3693633079528809,-0.029383786022663116,0.3478478193283081,0.0018194911535829306,0.0,0.0018194911535829306,66.97560119628906,1,0,0.051944565027952194,1.5451503992080688,1.5460232837861134,1.5728886127471924,-7.787835597991943,0.0
shield_z1.3m,src/recordings/recoding_20260807_3.tar.xz::shield_z1.3m,215,7.166666666666667,2,reappearing,1,318.0,399.0,-0.041683916127915215,1.7243515344532596,1.7248552876212746,-0.002735118633636513,1.7243515344532596,1.7243537036365977,1616.5,11,43,58,0.7413793103448276,0.6481555733761026,0.7401556776556777,True,True,accepted,0.10437418520450592,1.2855558395385742,-0.10710930079221725,0.43879568576812744,0.0017065037973225117,0.0,0.0017065037973225117,119.55089569091797,1,0,0.05375368893146515,1.4929332733154297,1.4939006719477919,1.1712595224380493,-6.142477512359619,0.0
shield_z1.3m,src/recordings/recoding_20260807_3.tar.xz::shield_z1.3m,216,7.2,2,reappearing,1,314.0,399.0,-0.08259924107748773,1.727899085576043,1.7298722162521434,-0.027598900976761806,1.727899085576043,1.7281194835050182,1643.0,11,45,58,0.7758620689655172,0.6295019157088123,0.7163723566601264,True,True,accepted,0.09279567748308182,1.2881840467453003,-0.12039458006620407,0.43971502780914307,0.0015999670140445232,0.0,0.0015999670140445232,129.9052734375,1,0,0.04012444242835045,1.4805543422698975,1.4810979479070365,0.8036916255950928,-4.800015926361084,0.0
shield_z1.3m,src/recordings/recoding_20260807_3.tar.xz::shield_z1.3m,217,7.233333333333333,2,reappearing,1,297.0,372.0,-0.4799630213063647,3.4329179591876784,3.466307865198189,-0.2690723966615492,3.4329179591876784,3.4434467716458874,778.5,3,38,31,1.2258064516129032,0.6608658743633277,0.8295151838039425,True,True,accepted,0.0669141635298729,1.3205537796020508,-0.33598655462265015,2.1123642921447754,0.0015127676306292415,0.0,0.0015127676306292415,3024.23828125,1,0,-0.0691818818449974,2.176196336746216,2.17729571460637,-0.05005185306072235,0.5675120949745178,0.0
shield_z1.3m,src/recordings/recoding_20260807_3.tar.xz::shield_z1.3m,218,7.266666666666667,2,reappearing,1,313.5,399.0,-0.08772911403651305,1.7282919384224829,1.730517096669598,-0.03071626702135001,1.7282919384224829,1.728564871063817,1642.0,12,45,58,0.7758620689655172,0.6291187739463602,0.7275143996455472,True,True,accepted,-0.07085027545690536,2.19511342048645,0.0401340089738369,-0.46682143211364746,0.0014447893481701612,0.0,0.0014447893481701612,151.94808959960938,1,0,-0.055716875940561295,2.0190882682800293,2.0198568774471677,0.03719693794846535,-0.4473280906677246,0.0
shield_z1.3m,src/recordings/recoding_20260807_3.tar.xz::shield_z1.3m,219,7.3,2,reappearing,1,323.5,399.0,0.014248787739735067,1.718418654988988,1.7184777280390382,0.03125455581088404,1.718418654988988,1.7187028600293588,1941.0,10,43,58,0.7413793103448276,0.7782678428227746,0.8539375274967004,True,True,accepted,-0.05447697639465332,2.0041773319244385,0.08573153614997864,-0.28575873374938965,0.001392763340845704,0.0,0.001392763340845704,63.907447814941406,1,0,-0.02414492890238762,1.903075098991394,1.9032282600867416,0.20131796598434448,-0.9943732023239136,0.0
shield_z1.3m,src/recordings/recoding_20260807_3.tar.xz::shield_z1.3m,220,7.333333333333333,2,reappearing,1,293.0,373.0,-0.5439481736096837,3.3240540078501675,3.368265824230337,-0.30795545336517355,3.3240540078501675,3.338288724535688,809.0,3,39,32,1.21875,0.6482371794871795,0.8344507478081485,True,True,accepted,-0.01743432879447937,1.869929313659668,-0.29052111506462097,1.4541246891021729,0.0013533530291169882,0.0,0.0013533530291169882,1624.7652587890625,1,0,-0.11475455015897751,2.357039213180542,2.3598310234533613,-0.30225488543510437,1.526124119758606,0.0
shield_z1.3m,src/recordings/recoding_20260807_3.tar.xz::shield_z1.3m,221,7.366666666666666,2,reappearing,1,317.5,399.0,-0.04678904347078852,1.7248252511412971,1.7254597536782914,-0.0058374470458777,1.7248252511412971,1.7248351291536974,1704.0,12,46,58,0.7931034482758621,0.638680659670165,0.7352750809061489,True,True,accepted,-0.1248297169804573,2.407910108566284,0.11899226903915405,-0.6830848455429077,0.0013238159008324146,0.0,0.0013238159008324146,363.1653747558594,1,0,-0.08673467487096786,2.1892223358154297,2.190939830177483,-0.11073459684848785,0.42668622732162476,0.0
shield_z1.3m,src/recordings/recoding_20260807_3.tar.xz::shield_z1.3m,222,7.4,2,reappearing,1,313.5,399.0,-0.08772911403651305,1.7282919384224829,1.730517096669598,-0.03071626702135001,1.7282919384224829,1.728564871063817,1553.5,12,44,58,0.7586206896551724,0.6087382445141066,0.6921363332590778,True,True,accepted,-0.09042582660913467,2.2034451961517334,0.05970956012606621,-0.47515320777893066,0.0013019997859373689,0.0,0.0013019997859373689,176.14120483398438,1,0,-0.07199016213417053,2.056739091873169,2.0579986092034592,-0.019552143290638924,-0.2989200949668884,0.0
shield_z1.3m,src/recordings/recoding_20260807_3.tar.xz::shield_z1.3m,223,7.433333333333334,2,reappearing,1,312.5,399.0,-0.09799502885520359,1.7290573246001184,1.731832052317329,-0.03695474788199518,1.7290573246001184,1.7294521922112622,1886.0,10,48,58,0.8275862068965517,0.6774425287356322,0.8115318416523236,True,True,accepted,-0.07264190167188644,2.0467751026153564,0.0356871522963047,-0.3177177906036377,0.0012862063013017178,0.0,0.0012862063013017178,79.47261047363281,1,0,-0.06192620098590851,1.9513746500015259,1.9523570060409354,0.033060766756534576,-0.7673255801200867,0.0
shield_z1.3m,src/recordings/recoding_20260807_3.tar.xz::shield_z1.3m,224,7.466666666666667,2,reappearing,1,321.0,399.0,-0.011127648903066164,1.7212681692512335,1.721304137869773,0.015833580953459343,1.7212681692512335,1.7213409925878436,1736.5,13,47,58,0.8103448275862069,0.6370139398385913,0.7268731686898284,True,True,accepted,-0.06082417443394661,1.9257971048355103,0.07665775716304779,-0.20452892780303955,0.0012750697787851095,0.0,0.0012750697787851095,37.4163818359375,1,0,-0.03827481344342232,1.8656336069107056,1.8660261832511296,0.14361269772052765,-1.0622868537902832,0.0
shield_z1.3m,src/recordings/recoding_20260807_3.tar.xz::shield_z1.3m,225,7.5,2,reappearing,1,308.0,399.0,-0.1443424961710954,1.7320020213095477,1.7380062594885157,-0.06511958198554268,1.7320020213095477,1.7332257676881944,1818.5,11,47,58,0.8103448275862069,0.667094644167278,0.7939314560139707,True,True,accepted,-0.033487722277641296,1.8302240371704102,-0.03163185715675354,-0.09822201728820801,0.0012674727477133274,0.0,0.0012674727477133274,8.401079177856445,1,0,-0.04265860468149185,1.8017469644546509,1.8022518915165329,0.09856948256492615,-1.2021533250808716,0.0
shield_z1.3m,src/recordings/recoding_20260807_3.tar.xz::shield_z1.3m,226,7.533333333333333,2,reappearing,1,322.0,399.0,-0.0009671033297575855,1.7201602851451285,1.7201605570060663,0.02200803010994317,1.7201602851451285,1.7203010666682417,1697.5,11,45,58,0.7758620689655172,0.6503831417624522,0.7364425162689805,True,True,accepted,-0.03937295451760292,1.761675238609314,0.061380982398986816,-0.04151499271392822,0.0012624971568584442,0.0,0.0012624971568584442,4.349411487579346,1,0,-0.02174880914390087,1.7497551441192627,1.7498903037250648,0.18541090190410614,-1.2608884572982788,0.0
shield_z1.3m,src/recordings/recoding_20260807_3.tar.xz::shield_z1.3m,227,7.566666666666666,2,reappearing,1,308.0,399.0,-0.1443424961710954,1.7320020213095477,1.7380062594885157,-0.06511958198554268,1.7320020213095477,1.7332257676881944,1588.0,11,47,58,0.8103448275862069,0.5825385179750551,0.6911860718171926,True,True,accepted,-0.015568445436656475,1.7077255249023438,-0.04955113306641579,0.0242764949798584,0.0012593972496688366,0.0,0.0012593972496688366,2.417555809020996,1,0,-0.029708972200751305,1.7146533727645874,1.7149107299688227,0.11549460142850876,-1.2266345024108887,0.0
shield_z1.3m,src/recordings/recoding_20260807_3.tar.xz::shield_z1.3m,228,7.6,2,reappearing,1,317.0,399.0,-0.05189417081366182,1.7252989678293347,1.7260792372766105,-0.00893977545811888,1.7252989678293347,1.7253221287568907,1589.5,13,44,58,0.7586206896551724,0.6228448275862069,0.7132600403859098,True,True,accepted,-0.025859151035547256,1.6737655401229858,0.016919374465942383,0.05153346061706543,0.0012575817527249455,0.0,0.0012575817527249455,2.339380979537964,1,0,-0.021048283204436302,1.6884186267852783,1.688549818483701,0.13935287296772003,-1.1539663076400757,0.0
shield_z1.3m,src/recordings/recoding_20260807_3.tar.xz::shield_z1.3m,229,7.633333333333334,2,reappearing,1,310.0,399.0,-0.12371219434562118,1.7307977336211007,1.7352133879548495,-0.05258277982415765,1.7307977336211007,1.7315962992112146,1534.5,13,46,58,0.7931034482758621,0.5751499250374813,0.6700873362445415,True,True,accepted,-0.016403187066316605,1.6499531269073486,-0.036179590970277786,0.08084464073181152,0.0012565999059006572,0.0,0.0012565999059006572,6.242892742156982,1,0,-0.026670288294553757,1.6728953123092651,1.6731078955716001,0.08831892907619476,-1.0399290323257446,0.0
shield_z1.3m,src/recordings/recoding_20260807_3.tar.xz::shield_z1.3m,230,7.666666666666667,2,reappearing,1,323.0,399.0,0.00918098185020676,1.7190124803416775,1.7190369972743984,0.028174907225672036,1.7190124803416775,1.7192433606001278,1561.5,13,48,58,0.8275862068965517,0.5608836206896551,0.6667378309137489,True,True,accepted,-0.0237263236194849,1.6382310390472412,0.05190122872591019,0.08078145980834961,0.0012561238836497068,0.0,0.0012561238836497068,7.339548110961914,1,0,-0.009011801332235336,1.6611334085464478,1.6611578532916105,0.16157373785972595,-0.9259118437767029,0.0
