frame,time_sec,monotonic_time_sec,detected,x_m,z_m,area_px,calibration_valid,measurement_accepted,rejection_reason,normalized_area,observation_nis,track_available,track_predicted,filtered_x_m,filtered_z_m,relative_vz_mps,odom_available,odom_linear_mps,odom_angular_radps,cmd_linear_mps,cmd_angular_radps,prediction_linear_mps,prediction_angular_radps,prediction_motion_source,path_in_collision_corridor,collision_risk_level,visual_smoothed_vz_mps,smoothed_vz_mps,ttc_velocity_source,ttc_sec
1,0.025550,0.02555,1,0.03668637974777064,0.6640343561749735,5530.0,1,0,reacquisition_confirmation,2441.3803982142254,,0,0,,,,1,0.0,0.0,0.0,0.0,0.0,0.0,none,0,CLEAR,,,none,
2,0.064472,0.064472,1,0.01566235463221486,0.6707216892335377,5442.0,1,1,initialized,2448.8878053911963,,1,0,0.015662355348467827,0.670721709728241,0.0,1,0.0,0.0,0.0,0.0,0.0,0.0,none,0,CLEAR,0.0,0.0,conservative_visual,
3,0.095904,0.095904,1,0.03668637974777064,0.6675304996520328,5585.0,1,1,accepted,2513.237638347506,0.22084707021713257,1,0,0.027445238083600998,0.6689332127571106,-0.012301675975322723,1,0.0,0.0,0.0,0.0,0.0,0.0,none,0,CLEAR,-0.006150837987661362,-0.006150837987661362,conservative_visual,
4,0.133489,0.133489,1,0.03528773144479522,0.6673284675651678,5576.5,1,1,accepted,2492.8187118923047,0.012280520051717758,1,0,0.033107124269008636,0.6678478121757507,-0.01914876513183117,1,0.0,0.0,0.0,0.0,0.0,0.0,none,0,CLEAR,-0.012301675975322723,-0.012301675975322723,conservative_visual,
5,0.170658,0.170658,1,0.024082688839916627,0.668483404477994,5525.0,1,1,accepted,2462.200505304596,0.08654551953077316,1,0,0.029963992536067963,0.6678787469863892,-0.01164403185248375,1,0.0,0.0,0.0,0.0,0.0,0.0,none,0,CLEAR,-0.011972853913903236,-0.011972853913903236,conservative_visual,
6,0.198150,0.19815,1,0.0422777862623297,0.6666842346961577,5483.0,1,1,accepted,2444.456703396244,0.07369812577962875,1,0,0.03644411638379097,0.6671355366706848,-0.015475865453481674,1,0.0,0.0,0.0,0.0,0.0,0.0,none,0,CLEAR,-0.012301675975322723,-0.012301675975322723,conservative_visual,
7,0.232303,0.232303,1,0.014257398454984535,0.6696110990705961,5481.0,1,1,accepted,2439.751242482993,0.3816337287425995,1,0,0.02773001603782177,0.6680008172988892,-0.004492088221013546,1,0.0,0.0,0.0,0.0,0.0,0.0,none,0,CLEAR,-0.011972853913903236,-0.011972853913903236,conservative_visual,
8,0.267379,0.267379,1,0.017066528400238323,0.6706153450926939,5475.0,1,1,accepted,2442.2916077888613,0.07318054139614105,1,0,0.02294607274234295,0.6690583229064941,0.00390211446210742,1,0.0,0.0,0.0,0.0,0.0,0.0,none,0,CLEAR,-0.01164403185248375,-0.01164403185248375,conservative_visual,
9,0.298254,0.298254,1,0.022680085118658076,0.6686567973699313,5543.5,1,1,accepted,2482.390401283083,0.000706894788891077,1,0,0.022146694362163544,0.6689714789390564,0.002600888954475522,1,0.0,0.0,0.0,0.0,0.0,0.0,none,0,CLEAR,-0.008068060036748648,-0.008068060036748648,conservative_visual,
10,0.334241,0.334241,1,0.014257398454984535,0.6698909193515543,5441.0,1,1,accepted,2435.6963255153096,0.03073737397789955,1,0,0.018367772921919823,0.6693786978721619,0.004400845617055893,1,0.0,0.0,0.0,0.0,0.0,0.0,none,0,CLEAR,-0.004492088221013546,-0.004492088221013546,conservative_visual,
11,0.367430,0.36743,1,0.043674840360559256,0.6673284675651678,5289.5,1,1,accepted,2371.583011857307,0.5241842269897461,1,0,0.026285320520401,0.6687455773353577,0.00019725023594219238,1,0.0,0.0,0.0,0.0,0.0,0.0,none,0,CLEAR,-0.004492088221013546,-0.004492088221013546,conservative_visual,
12,0.399180,0.39918,1,0.01566235463221486,0.6707216892335377,5559.5,1,1,accepted,2486.5820647836426,0.08770760893821716,1,0,0.02280484326183796,0.6694054007530212,0.003580467775464058,1,0.0,0.0,0.0,0.0,0.0,0.0,none,0,CLEAR,0.00019725023594219238,-0.0,conservative_odom,
13,0.429808,0.429808,1,0.019874091782830654,0.6706153450926939,5597.5,1,1,accepted,2509.0829984680586,0.005444657057523727,1,0,0.021546699106693268,0.6698585748672485,0.00531321857124567,1,0.0,0.0,0.0,0.0,0.0,0.0,none,0,CLEAR,0.0013990695952088572,-0.0,conservative_odom,
14,0.460577,0.460577,1,0.01566235463221486,0.6694663999823696,5689.0,1,1,accepted,2554.003113664171,0.021856583654880524,1,0,0.019357120618224144,0.6698563098907471,0.00448991172015667,1,0.0,0.0,0.0,0.0,0.0,0.0,none,0,CLEAR,0.00309067836496979,-0.0,conservative_odom,
15,0.491214,0.491214,1,0.01285244227775421,0.6697557981588226,5575.5,1,1,accepted,2503.04918143952,0.025299185886979103,1,0,0.016875727102160454,0.669925332069397,0.004152164328843355,1,0.0,0.0,0.0,0.0,0.0,0.0,none,0,CLEAR,0.003741291118785739,-0.0,conservative_odom,
16,0.523285,0.523285,1,0.018470702168261785,0.6691578596405533,5509.0,1,1,accepted,2474.126520373199,0.006658471189439297,1,0,0.01650114916265011,0.6698035001754761,0.002898703794926405,1,0.0,0.0,0.0,0.0,0.0,0.0,none,0,CLEAR,0.003741291118785739,-0.0,conservative_odom,
17,0.559822,0.559822,1,0.019874091782830654,0.6706153450926939,5524.5,1,1,accepted,2480.0676666524946,0.016728809103369713,1,0,0.016640253365039825,0.670113205909729,0.003901184070855379,1,0.0,0.0,0.0,0.0,0.0,0.0,none,0,CLEAR,0.0039016492664813995,-0.0,conservative_odom,
18,0.594555,0.594555,1,0.01566235463221486,0.6707216892335377,5550.0,1,1,accepted,2493.9494461068707,0.0001826843508752063,1,0,0.01572410948574543,0.670385479927063,0.004575970582664013,1,0.0,0.0,0.0,0.0,0.0,0.0,none,0,CLEAR,0.004026674199849367,-0.0,conservative_odom,
19,0.629449,0.629449,1,0.024082688839916627,0.6688301902618685,5574.5,1,1,accepted,2507.3785213060014,0.06993183493614197,1,0,0.017509963363409042,0.6700477600097656,0.0021144163329154253,1,0.0,0.0,0.0,0.0,0.0,0.0,none,0,CLEAR,0.004026674199849367,-0.0,conservative_odom,
20,0.661011,0.661011,1,0.03668637974777064,0.6675304996520328,5476.5,1,1,accepted,2459.686486341127,0.3099609613418579,1,0,0.022676335647702217,0.6693803071975708,-0.0015288451686501503,1,0.0,0.0,0.0,0.0,0.0,0.0,none,0,CLEAR,0.0037408259231597185,-0.0,conservative_odom,
21,0.692763,0.692763,1,0.022680085118658076,0.6686567973699313,5519.5,1,1,accepted,2472.768339543912,0.0005452270270325243,1,0,0.023022454231977463,0.669142484664917,-0.002470349660143256,1,0.0,0.0,0.0,0.0,0.0,0.0,none,0,CLEAR,0.0037408259231597185,-0.0,conservative_odom,
22,0.724095,0.724095,1,0.024082688839916627,0.6697557981588226,5577.0,1,1,accepted,2496.545049580496,0.0006799246766604483,1,0,0.02364334836602211,0.6692565083503723,-0.0015167394885793328,1,0.0,0.0,0.0,0.0,0.0,0.0,none,0,CLEAR,0.003399943932890892,-0.0,conservative_odom,
23,0.757237,0.757237,1,0.019874091782830654,0.668994024951211,5574.0,1,1,accepted,2496.2798467407533,0.014692327938973904,1,0,0.02295914851129055,0.6691471338272095,-0.0018114008707925677,1,0.0,0.0,0.0,0.0,0.0,0.0,none,0,CLEAR,0.002506560063920915,-0.0,conservative_odom,
24,0.788896,0.788896,1,0.03668637974777064,0.6683004594510297,5479.0,1,1,accepted,2452.8514283470795,0.14552994072437286,1,0,0.02696841210126877,0.6688715815544128,-0.0028999382629990578,1,0.0,0.0,0.0,0.0,0.0,0.0,none,0,CLEAR,0.00029883842216804624,-0.0,conservative_odom,
25,0.824840,0.82484,1,0.029688374488855418,0.6681175144240653,5542.0,1,1,accepted,2479.0916471742858,0.0026862125378102064,1,0,0.02845747210085392,0.6685829758644104,-0.0038194716908037663,1,0.0,0.0,0.0,0.0,0.0,0.0,none,0,CLEAR,-0.0015288451686501503,-0.0015288451686501503,conservative_visual,
26,0.856531,0.856531,1,0.017066528400238323,0.6696110990705961,5553.0,1,1,accepted,2482.009853529111,0.12304475903511047,1,0,0.025955598801374435,0.6687840223312378,-0.002212238498032093,1,0.0,0.0,0.0,0.0,0.0,0.0,none,0,CLEAR,-0.001670123019721359,-0.001670123019721359,conservative_visual,
27,0.888441,0.888441,1,0.026886321024667596,0.6681175144240653,5567.5,1,1,accepted,2489.876472291461,0.0004975495394319296,1,0,0.026514559984207153,0.6685475707054138,-0.0030398492235690355,1,0.0,0.0,0.0,0.0,0.0,0.0,none,0,CLEAR,-0.0020118196844123304,-0.0020118196844123304,conservative_visual,
28,0.924028,0.924028,1,0.01566235463221486,0.6694663999823696,5565.0,1,1,accepted,2486.7972182663225,0.10311760753393173,1,0,0.023778920993208885,0.6687313914299011,-0.0015833093784749508,1,0.0,0.0,0.0,0.0,0.0,0.0,none,0,CLEAR,-0.0020118196844123304,-0.0020118196844123304,conservative_visual,
29,0.956486,0.956486,1,0.01566235463221486,0.6707216892335377,5538.5,1,1,accepted,2476.464185082403,0.05487744137644768,1,0,0.021432941779494286,0.6692563891410828,0.0012915965635329485,1,0.0,0.0,0.0,0.0,0.0,0.0,none,0,CLEAR,-0.0020118196844123304,-0.0020118196844123304,conservative_visual,
30,0.989430,0.98943,1,0.018470702168261785,0.6694663999823696,5520.0,1,1,accepted,2472.784001762443,0.005057554226368666,1,0,0.020274728536605835,0.6693461537361145,0.0015269123250618577,1,0.0,0.0,0.0,0.0,0.0,0.0,none,0,CLEAR,-0.0020118196844123304,-0.0020118196844123304,conservative_visual,
31,1.031380,1.03138,1,0.02548450493229211,0.6696110990705961,5541.5,1,1,accepted,2483.340613814883,0.02739362046122551,1,0,0.02133258432149887,0.669470489025116,0.0018275678157806396,1,0.0,0.0,0.0,0.0,0.0,0.0,none,0,CLEAR,-0.0018114008707925677,-0.0018114008707925677,conservative_visual,
32,1.063282,1.063282,1,0.02548450493229211,0.6683004594510297,5561.5,1,1,accepted,2493.0821391057575,0.016531670466065407,1,0,0.022358056157827377,0.6691698431968689,3.431679942877963e-05,1,0.0,0.0,0.0,0.0,0.0,0.0,none,0,CLEAR,-0.0015833093784749508,-0.0015833093784749508,conservative_visual,
33,1.104409,1.104409,1,0.022680085118658076,0.6686567973699313,5558.5,1,1,accepted,2489.0431383885266,0.00032678013667464256,1,0,0.022403232753276825,0.6690137982368469,-0.0007527542184107006,1,0.0,0.0,0.0,0.0,0.0,0.0,none,0,CLEAR,-0.0007527542184107006,-0.0007527542184107006,conservative_visual,
34,1.138849,1.138849,1,0.014257398454984535,0.670818425737995,5487.0,1,1,accepted,2455.6790059518225,0.05352430045604706,1,0,0.019914034754037857,0.6695404648780823,0.0020096399821341038,1,0.0,0.0,0.0,0.0,0.0,0.0,none,0,CLEAR,3.431679942877963e-05,-0.0,conservative_odom,
35,1.166641,1.166641,1,0.011446705440066055,0.6698909193515543,5506.5,1,1,accepted,2469.0293934167034,0.052084676921367645,1,0,0.01723160222172737,0.6696803569793701,0.002430036198347807,1,0.0,0.0,0.0,0.0,0.0,0.0,none,0,CLEAR,0.0012915965635329485,-0.0,conservative_odom,
36,1.194161,1.194161,1,0.01285244227775421,0.6697557981588226,5530.0,1,1,accepted,2481.092964322309,0.010997056029736996,1,0,0.015534487552940845,0.6697495579719543,0.002441785065457225,1,0.0,0.0,0.0,0.0,0.0,0.0,none,0,CLEAR,0.0015269123250618577,-0.0,conservative_odom,
37,1.225340,1.22534,1,0.011446705440066055,0.670818425737995,5518.0,1,1,accepted,2476.6976437188437,0.008821669965982437,1,0,0.01373960543423891,0.6700957417488098,0.00379547500051558,1,0.0,0.0,0.0,0.0,0.0,0.0,none,0,CLEAR,0.0018275678157806396,-0.0,conservative_odom,
38,1.257387,1.257387,1,0.02548450493229211,0.6683004594510297,5543.5,1,1,accepted,2491.5806749992958,0.1363014578819275,1,0,0.01614362746477127,0.6696942448616028,0.0011750409612432122,1,0.0,0.0,0.0,0.0,0.0,0.0,none,0,CLEAR,0.0018275678157806396,-0.0,conservative_odom,
39,1.287739,1.287739,1,0.021277481397399524,0.6705090009518502,5586.0,1,1,accepted,2506.267418178216,0.02632937766611576,1,0,0.017157724127173424,0.6699403524398804,0.0022282274439930916,1,0.0,0.0,0.0,0.0,0.0,0.0,none,0,CLEAR,0.0019186038989573717,-0.0,conservative_odom,
40,1.324393,1.324393,1,0.024082688839916627,0.6688301902618685,5621.0,1,1,accepted,2523.940414939129,0.043288812041282654,1,0,0.018858350813388824,0.6696876287460327,0.0005566002801060677,1,0.0,0.0,0.0,0.0,0.0,0.0,none,0,CLEAR,0.0019186038989573717,-0.0,conservative_odom,
41,1.359563,1.359563,1,0.021277481397399524,0.670026040544286,5545.5,1,1,accepted,2487.405511243558,0.004594858270138502,1,0,0.019573405385017395,0.6697981357574463,0.0010109732393175364,1,0.0,0.0,0.0,0.0,0.0,0.0,none,0,CLEAR,0.001592340471688658,-0.0,conservative_odom,
42,1.388653,1.388653,1,0.024082688839916627,0.668483404477994,5581.5,1,1,accepted,2504.372320755593,0.016890743747353554,1,0,0.020911607891321182,0.6694561839103699,-0.0008439267403446138,1,0.0,0.0,0.0,0.0,0.0,0.0,none,0,CLEAR,0.001592340471688658,-0.0,conservative_odom,
43,1.432347,1.432347,1,0.028287347756761505,0.6647631062038978,5560.0,1,1,accepted,2491.582200936655,0.05413423478603363,1,0,0.023440830409526825,0.6680243015289307,-0.00782051496207714,1,0.0,0.0,0.0,0.0,0.0,0.0,none,0,CLEAR,0.001592340471688658,-0.0,conservative_odom,
44,1.460772,1.460772,1,0.024082688839916627,0.668483404477994,5422.0,1,1,accepted,2418.022794168654,0.00037089435500092804,1,0,0.024046646431088448,0.6679961681365967,-0.0068471976555883884,1,0.0,0.0,0.0,0.0,0.0,0.0,none,0,CLEAR,0.0010930071002803743,-0.0,conservative_odom,
45,1.488113,1.488113,1,0.04088073216410015,0.6677325317388979,5577.5,1,1,accepted,2487.4527502968604,0.21370606124401093,1,0,0.029054589569568634,0.6677880883216858,-0.006951876450330019,1,0.0,0.0,0.0,0.0,0.0,0.0,none,0,CLEAR,0.000783786759711802,-0.0,conservative_odom,
46,1.528200,1.5282,1,0.01285244227775421,0.6697557981588226,5560.5,1,1,accepted,2478.5951073669244,0.25766974687576294,1,0,0.025584807619452477,0.6681608557701111,-0.0036785814445465803,1,0.0,0.0,0.0,0.0,0.0,0.0,none,0,CLEAR,-0.0008439267403446138,-0.0008439267403446138,conservative_visual,
47,1.555629,1.555629,1,0.022680085118658076,0.668994024951211,5522.5,1,1,accepted,2464.893051041735,0.009839678183197975,1,0,0.025119299069046974,0.6683182716369629,-0.002379252575337887,1,0.0,0.0,0.0,0.0,0.0,0.0,none,0,CLEAR,-0.0016115896578412503,-0.0016115896578412503,conservative_visual,
48,1.587775,1.587775,1,0.01285244227775421,0.6697557981588226,5573.5,1,1,accepted,2488.95889549384,0.13073194026947021,1,0,0.02201268821954727,0.6686606407165527,-0.00027359771775081754,1,0.0,0.0,0.0,0.0,0.0,0.0,none,0,CLEAR,-0.002379252575337887,-0.002379252575337887,conservative_visual,
49,1.623821,1.623821,1,0.022680085118658076,0.6701515767799617,5633.0,1,1,accepted,2518.488852249036,0.0023751393891870975,1,0,0.02206655964255333,0.6690778136253357,0.0018692578887566924,1,0.0,0.0,0.0,0.0,0.0,0.0,none,0,CLEAR,-0.0016115896578412503,-0.0016115896578412503,conservative_visual,
50,1.659330,1.65933,1,0.017066528400238323,0.6693121298114615,5505.5,1,1,accepted,2465.1161003192065,0.01865222491323948,1,0,0.020519191399216652,0.6691927313804626,0.0021123213227838278,1,0.0,0.0,0.0,0.0,0.0,0.0,none,0,CLEAR,-0.0016115896578412503,-0.0016115896578412503,conservative_visual,
51,1.687820,1.68782,1,0.01566235463221486,0.6707216892335377,5500.0,1,1,accepted,2463.532256529042,0.018278686329722404,1,0,0.018941868096590042,0.6696609854698181,0.004154701717197895,1,0.0,0.0,0.0,0.0,0.0,0.0,none,0,CLEAR,-0.0016115896578412503,-0.0016115896578412503,conservative_visual,
52,1.731643,1.731643,1,0.02548450493229211,0.6696110990705961,5423.5,1,1,accepted,2433.7551183956753,0.04147392138838768,1,0,0.02037985436618328,0.6697732210159302,0.0038048853166401386,1,0.0,0.0,0.0,0.0,0.0,0.0,none,0,CLEAR,-0.0013264251465443522,-0.0013264251465443522,conservative_visual,
53,1.767119,1.767119,1,0.018470702168261785,0.6691578596405533,5575.0,1,1,accepted,2502.021817448571,0.0026377050671726465,1,0,0.01964741013944149,0.6696825623512268,0.0026743642520159483,1,0.0,0.0,0.0,0.0,0.0,0.0,none,0,CLEAR,0.0018692578887566924,-0.0,conservative_odom,
54,1.804498,1.804498,1,0.04088073216410015,0.6669053325495431,5620.0,1,1,accepted,2521.344402061118,0.36584174633026123,1,0,0.025880634784698486,0.6689065098762512,-0.00170980766415596,1,0.0,0.0,0.0,0.0,0.0,0.0,none,0,CLEAR,0.0018692578887566924,-0.0,conservative_odom,
55,1.839687,1.839687,1,0.01566235463221486,0.6707216892335377,5547.5,1,1,accepted,2481.9601934416646,0.09756577014923096,1,0,0.023379160091280937,0.6694133877754211,0.0011245079804211855,1,0.0,0.0,0.0,0.0,0.0,0.0,none,0,CLEAR,0.0018692578887566924,-0.0,conservative_odom,
56,1.872704,1.872704,1,0.04088073216410015,0.6677325317388979,5589.0,1,1,accepted,2504.804370127784,0.23533932864665985,1,0,0.02873159945011139,0.6689416170120239,-0.0014172670198604465,1,0.0,0.0,0.0,0.0,0.0,0.0,none,0,CLEAR,0.0018692578887566924,-0.0,conservative_odom,
57,1.904550,1.90455,1,0.026886321024667596,0.6694663999823696,5586.5,1,1,accepted,2500.3055959344797,0.006844931747764349,1,0,0.02893887832760811,0.6690614819526672,-0.0005936481757089496,1,0.0,0.0,0.0,0.0,0.0,0.0,none,0,CLEAR,0.0018692578887566924,-0.0,conservative_odom,
58,1.936936,1.936936,1,0.02548450493229211,0.6686567973699313,5295.0,1,1,accepted,2370.892557556696,0.015343581326305866,1,0,0.028612716123461723,0.6689320802688599,-0.0011434396728873253,1,0.0,0.0,0.0,0.0,0.0,0.0,none,0,CLEAR,0.0011245079804211855,-0.0,conservative_odom,
59,1.971092,1.971092,1,0.019874091782830654,0.668994024951211,5602.5,1,1,accepted,2507.3561220117917,0.07154762744903564,1,0,0.026650145649909973,0.6689220070838928,-0.0009989746613427997,1,0.0,0.0,0.0,0.0,0.0,0.0,none,0,CLEAR,-0.0005936481757089496,-0.0005936481757089496,conservative_visual,
60,2.005781,2.005781,1,0.0324888457778147,0.6677325317388979,5565.5,1,1,accepted,2490.3482151296785,0.02526943013072014,1,0,0.028551451861858368,0.6685540080070496,-0.002660706639289856,1,0.0,0.0,0.0,0.0,0.0,0.0,none,0,CLEAR,-0.0009989746613427997,-0.0009989746613427997,conservative_visual,
61,2.040241,2.040241,1,0.014257398454984535,0.6698909193515543,5644.5,1,1,accepted,2522.851075883214,0.17619416117668152,1,0,0.024823851883411407,0.6688758134841919,-0.0006002336740493774,1,0.0,0.0,0.0,0.0,0.0,0.0,none,0,CLEAR,-0.0009989746613427997,-0.0009989746613427997,conservative_visual,
62,2.074542,2.074542,1,0.017066528400238323,0.670818425737995,5559.5,1,1,accepted,2487.202821822565,0.04857359826564789,1,0,0.02246190793812275,0.6694238185882568,0.002232684986665845,1,0.0,0.0,0.0,0.0,0.0,0.0,none,0,CLEAR,-0.0009989746613427997,-0.0009989746613427997,conservative_visual,
63,2.106848,2.106848,1,0.014257398454984535,0.6701515767799617,5576.0,1,1,accepted,2499.3078167365957,0.04736999422311783,1,0,0.019755959510803223,0.6696832776069641,0.0031659749802201986,1,0.0,0.0,0.0,0.0,0.0,0.0,none,0,CLEAR,-0.0006002336740493774,-0.0006002336740493774,conservative_visual,
64,2.138849,2.138849,1,0.026886321024667596,0.6681175144240653,5720.0,1,1,accepted,2566.2683964040266,0.053038742393255234,1,0,0.021156687289476395,0.6693140268325806,0.0008209071820601821,1,0.0,0.0,0.0,0.0,0.0,0.0,none,0,CLEAR,-0.0005969409248791635,-0.0005969409248791635,conservative_visual,
65,2.172345,2.172345,1,0.017066528400238323,0.6693121298114615,5480.5,1,1,accepted,2455.4198121775485,0.010177209973335266,1,0,0.019629351794719696,0.6693332195281982,0.0007794834673404694,1,0.0,0.0,0.0,0.0,0.0,0.0,none,0,CLEAR,-0.0005969409248791635,-0.0005969409248791635,conservative_visual,
66,2.204267,2.204267,1,0.014257398454984535,0.6701515767799617,5512.0,1,1,accepted,2469.793489489003,0.018315548077225685,1,0,0.01765446551144123,0.669580340385437,0.0018873508088290691,1,0.0,0.0,0.0,0.0,0.0,0.0,none,0,CLEAR,9.29176458157599e-05,-0.0,conservative_odom,
67,2.233581,2.233581,1,0.011446705440066055,0.6698909193515543,5503.5,1,1,accepted,2468.325029617038,0.023739321157336235,1,0,0.015383543446660042,0.669705331325531,0.0022348067723214626,1,0.0,0.0,0.0,0.0,0.0,0.0,none,0,CLEAR,0.0008001953247003257,-0.0,conservative_odom,
68,2.261735,2.261735,1,0.031088610133335057,0.668994024951211,5527.0,1,1,accepted,2480.3559358400857,0.22734522819519043,1,0,0.01884372904896736,0.669562578201294,0.0012087506474927068,1,0.0,0.0,0.0,0.0,0.0,0.0,none,0,CLEAR,0.0010148289147764444,-0.0,conservative_odom,
69,2.289761,2.289761,1,0.014257398454984535,0.6696110990705961,5678.5,1,1,accepted,2546.267055852524,0.014787276275455952,1,0,0.01739533431828022,0.669600248336792,0.0012277895584702492,1,0.0,0.0,0.0,0.0,0.0,0.0,none,0,CLEAR,0.001218270102981478,-0.0,conservative_odom,
70,2.324609,2.324609,1,0.028287347756761505,0.6693121298114615,5325.5,1,1,accepted,2388.5589944768735,0.10770438611507416,1,0,0.01987488567829132,0.6695539355278015,0.0007827532244846225,1,0.0,0.0,0.0,0.0,0.0,0.0,none,0,CLEAR,0.001218270102981478,-0.0,conservative_odom,
71,2.362420,2.36242,1,0.019874091782830654,0.6706153450926939,5451.0,1,1,accepted,2444.0293234810533,0.0008551415521651506,1,0,0.019811127334833145,0.6698747277259827,0.002237520646303892,1,0.0,0.0,0.0,0.0,0.0,0.0,none,0,CLEAR,0.0015575701836496592,-0.0,conservative_odom,
72,2.390451,2.390451,1,0.022680085118658076,0.6686567973699313,5313.5,1,1,accepted,2384.9013977170534,0.008275329135358334,1,0,0.02054641768336296,0.6695890426635742,0.0004949957365170121,1,0.0,0.0,0.0,0.0,0.0,0.0,none,0,CLEAR,0.001218270102981478,-0.0,conservative_odom,
73,2.424218,2.424218,1,0.028287347756761505,0.6683004594510297,5534.5,1,1,accepted,2481.5734355052923,0.048816487193107605,1,0,0.02272804081439972,0.669245183467865,-0.0013087984407320619,1,0.0,0.0,0.0,0.0,0.0,0.0,none,0,CLEAR,0.0010148289147764444,-0.0,conservative_odom,
74,2.460075,2.460075,1,0.03808502805074607,0.6681175144240653,5523.5,1,1,accepted,2473.573554494698,0.17797596752643585,1,0,0.027400197461247444,0.6688918471336365,-0.0028409494552761316,1,0.0,0.0,0.0,0.0,0.0,0.0,none,0,CLEAR,0.0009957519359886646,-0.0,conservative_odom,
75,2.492232,2.492232,1,0.03528773144479522,0.668483404477994,5571.0,1,1,accepted,2492.3974593081225,0.03710946440696716,1,0,0.03039357252418995,0.6687113046646118,-0.003286710474640131,1,0.0,0.0,0.0,0.0,0.0,0.0,none,0,CLEAR,0.0009957519359886646,-0.0,conservative_odom,
76,2.526199,2.526199,1,0.014257398454984535,0.6698909193515543,5559.0,1,1,accepted,2486.3061185308716,0.24801474809646606,1,0,0.02687196619808674,0.6689654588699341,-0.001460008672438562,1,0.0,0.0,0.0,0.0,0.0,0.0,none,0,CLEAR,0.0006388744805008173,-0.0,conservative_odom,
77,2.555038,2.555038,1,0.021277481397399524,0.670026040544286,5617.5,1,1,accepted,2513.9485091113283,0.031172996386885643,1,0,0.02571800909936428,0.6692259311676025,5.065081131760962e-05,1,0.0,0.0,0.0,0.0,0.0,0.0,none,0,CLEAR,0.00027282327391731087,-0.0,conservative_odom,
78,2.587163,2.587163,1,0.019874091782830654,0.6706153450926939,5539.5,1,1,accepted,2481.128347449919,0.03213370218873024,1,0,0.024342617020010948,0.669608473777771,0.0019524797098711133,1,0.0,0.0,0.0,0.0,0.0,0.0,none,0,CLEAR,0.00027282327391731087,-0.0,conservative_odom,
79,2.624981,2.624981,1,0.021277481397399524,0.6705090009518502,5670.0,1,1,accepted,2542.899537745614,0.008250261656939983,1,0,0.023502973839640617,0.6699187755584717,0.003132751677185297,1,0.0,0.0,0.0,0.0,0.0,0.0,none,0,CLEAR,5.065081131760962e-05,-0.0,conservative_odom,
80,2.655028,2.655028,1,0.022680085118658076,0.6698909193515543,5481.0,1,1,accepted,2460.5255409411257,0.0004396316362544894,1,0,0.023207008838653564,0.66997891664505,0.002963015576824546,1,0.0,0.0,0.0,0.0,0.0,0.0,none,0,CLEAR,0.00027282327391731087,-0.0,conservative_odom,
81,2.688209,2.688209,1,0.019874091782830654,0.6706153450926939,5500.0,1,1,accepted,2469.522604478028,0.008411524817347527,1,0,0.022176677361130714,0.6702277660369873,0.0037148885894566774,1,0.0,0.0,0.0,0.0,0.0,0.0,none,0,CLEAR,0.00027282327391731087,-0.0,conservative_odom,
82,2.723888,2.723888,1,0.018470702168261785,0.6707216892335377,5501.5,1,1,accepted,2472.288086779277,0.009282682090997696,1,0,0.020899975672364235,0.6704635620117188,0.004230155609548092,1,0.0,0.0,0.0,0.0,0.0,0.0,none,0,CLEAR,0.0010015652605943615,-0.0,conservative_odom,
83,2.760052,2.760052,1,0.021277481397399524,0.6710894038609362,5549.0,1,1,accepted,2495.60404963458,0.000762083800509572,1,0,0.02066596783697605,0.670754075050354,0.004916349891573191,1,0.0,0.0,0.0,0.0,0.0,0.0,none,0,CLEAR,0.0024577476433478296,-0.0,conservative_odom,
84,2.792182,2.792182,1,0.01285244227775421,0.670026040544286,5537.5,1,1,accepted,2492.636631657662,0.044318608939647675,1,0,0.01815037429332733,0.6706584095954895,0.0036509674973785877,1,0.0,0.0,0.0,0.0,0.0,0.0,none,0,CLEAR,0.0030478836270049214,-0.0,conservative_odom,
85,2.830992,2.830992,1,0.029688374488855418,0.6691578596405533,5499.0,1,1,accepted,2474.8231144442793,0.1226637214422226,1,0,0.020953238010406494,0.670312762260437,0.0012202092912048101,1,0.0,0.0,0.0,0.0,0.0,0.0,none,0,CLEAR,0.003132751677185297,-0.0,conservative_odom,
86,2.864441,2.864441,1,0.02548450493229211,0.6683004594510297,5512.5,1,1,accepted,2477.221484296271,0.020494796335697174,1,0,0.02217811718583107,0.669751763343811,-0.001782208913937211,1,0.0,0.0,0.0,0.0,0.0,0.0,none,0,CLEAR,0.003132751677185297,-0.0,conservative_odom,
87,2.897144,2.897144,1,0.01285244227775421,0.6697557981588226,5590.5,1,1,accepted,2507.2814673994653,0.06989786028862,1,0,0.019539933651685715,0.6697114706039429,-0.0016923018265515566,1,0.0,0.0,0.0,0.0,0.0,0.0,none,0,CLEAR,0.003132751677185297,-0.0,conservative_odom,
88,2.931985,2.931985,1,0.014257398454984535,0.6696110990705961,5416.5,1,1,accepted,2429.1191867309144,0.018896691501140594,1,0,0.017730843275785446,0.6696404814720154,-0.0017523319693282247,1,0.0,0.0,0.0,0.0,0.0,0.0,none,0,CLEAR,0.002963015576824546,-0.0,conservative_odom,
89,2.960756,2.960756,1,0.03528773144479522,0.668483404477994,5554.0,1,1,accepted,2490.5773051591186,0.26277124881744385,1,0,0.022256305441260338,0.669281005859375,-0.003294413210824132,1,0.0,0.0,0.0,0.0,0.0,0.0,none,0,CLEAR,0.0012202092912048101,-0.0,conservative_odom,
90,2.994529,2.994529,1,0.01285244227775421,0.6697557981588226,5535.0,1,1,accepted,2478.5075457677685,0.07448524981737137,1,0,0.019780581817030907,0.6693345904350281,-0.0024714311584830284,1,0.0,0.0,0.0,0.0,0.0,0.0,none,0,CLEAR,-0.0016923018265515566,-0.0016923018265515566,conservative_visual,
91,3.030889,3.030889,1,0.01566235463221486,0.670026040544286,5533.5,1,1,accepted,2478.5306968043924,0.012394516728818417,1,0,0.01842489279806614,0.6694698333740234,-0.0013479889603331685,1,0.0,0.0,0.0,0.0,0.0,0.0,none,0,CLEAR,-0.0016923018265515566,-0.0016923018265515566,conservative_visual,
92,3.065740,3.06574,1,0.0324888457778147,0.6673284675651678,5501.5,1,1,accepted,2465.6847375444518,0.16902390122413635,1,0,0.022202666848897934,0.6688156127929688,-0.004377532750368118,1,0.0,0.0,0.0,0.0,0.0,0.0,none,0,CLEAR,-0.0017523319693282247,-0.0017523319693282247,conservative_visual,
93,3.100575,3.100575,1,0.04088073216410015,0.6669053325495431,5638.5,1,1,accepted,2521.0319316524456,0.2682163715362549,1,0,0.02785932458937168,0.668151319026947,-0.006930110044777393,1,0.0,0.0,0.0,0.0,0.0,0.0,none,0,CLEAR,-0.001782208913937211,-0.001782208913937211,conservative_visual,
94,3.127404,3.127404,1,0.02548450493229211,0.6701515767799617,5523.5,1,1,accepted,2465.0408947336723,0.01275668479502201,1,0,0.027894487604498863,0.6685683131217957,-0.003920464310795069,1,0.0,0.0,0.0,0.0,0.0,0.0,none,0,CLEAR,-0.0021268200362101197,-0.0021268200362101197,conservative_visual,
95,3.159272,3.159272,1,0.03668637974777064,0.6675304996520328,5555.0,1,1,accepted,2482.660043275346,0.049753542989492416,1,0,0.031027421355247498,0.6681922674179077,-0.005174884106963873,1,0.0,0.0,0.0,0.0,0.0,0.0,none,0,CLEAR,-0.00288292218465358,-0.00288292218465358,conservative_visual,
96,3.194514,3.194514,1,0.03388828861130496,0.6675304996520328,5537.5,1,1,accepted,2472.508257536534,0.0017321981722489,1,0,0.03288743272423744,0.6678749918937683,-0.00584861496463418,1,0.0,0.0,0.0,0.0,0.0,0.0,none,0,CLEAR,-0.0036074387608096004,-0.0036074387608096004,conservative_visual,
97,3.228436,3.228436,1,0.03388828861130496,0.6675304996520328,5551.5,1,1,accepted,2476.8975399600345,0.00019957366748712957,1,0,0.034231483936309814,0.6676352024078369,-0.006055242381989956,1,0.0,0.0,0.0,0.0,0.0,0.0,none,0,CLEAR,-0.0041489985305815935,-0.0041489985305815935,conservative_visual,
98,3.255915,3.255915,1,0.01566235463221486,0.670026040544286,5457.5,1,1,accepted,2433.823278773286,0.3209468722343445,1,0,0.030047236010432243,0.6681634187698364,-0.002584858564659953,1,0.0,0.0,0.0,0.0,0.0,0.0,none,0,CLEAR,-0.0041489985305815935,-0.0041489985305815935,conservative_visual,
99,3.294427,3.294427,1,0.018470702168261785,0.6694663999823696,5528.0,1,1,accepted,2468.173646032047,0.11970444023609161,1,0,0.027187461033463478,0.668464183807373,-0.0005840670200996101,1,0.0,0.0,0.0,0.0,0.0,0.0,none,0,CLEAR,-0.0041489985305815935,-0.0041489985305815935,conservative_visual,
100,3.330672,3.330672,1,0.03808502805074607,0.6681175144240653,5567.5,1,1,accepted,2487.9600086277983,0.0944264754652977,1,0,0.030326036736369133,0.6683483123779297,-0.0010575834894552827,1,0.0,0.0,0.0,0.0,0.0,0.0,none,0,CLEAR,-0.0041489985305815935,-0.0041489985305815935,conservative_visual,
101,3.366086,3.366086,1,0.018470702168261785,0.6705090009518502,5668.5,1,1,accepted,2532.820073651076,0.1240399107336998,1,0,0.02721623331308365,0.6689555048942566,0.0021636108867824078,1,0.0,0.0,0.0,0.0,0.0,0.0,none,0,CLEAR,-0.003920464310795069,-0.003920464310795069,conservative_visual,
102,3.397525,3.397525,1,0.022680085118658076,0.6705142624113731,5512.0,1,1,accepted,2467.4335117329356,0.01729462668299675,1,0,0.025838017463684082,0.6694508194923401,0.004298353102058172,1,0.0,0.0,0.0,0.0,0.0,0.0,none,0,CLEAR,-0.003252661437727511,-0.003252661437727511,conservative_visual,
103,3.431161,3.431161,1,0.03528773144479522,0.668483404477994,5567.0,1,1,accepted,2496.136823524788,0.07681199908256531,1,0,0.028309248387813568,0.6692768931388855,0.0027079887222498655,1,0.0,0.0,0.0,0.0,0.0,0.0,none,0,CLEAR,-0.0010575834894552827,-0.0010575834894552827,conservative_visual,
104,3.459521,3.459521,1,0.04088073216410015,0.6677325317388979,5593.5,1,1,accepted,2506.595366086444,0.12693625688552856,1,0,0.03185982257127762,0.6689068675041199,0.0004768384387716651,1,0.0,0.0,0.0,0.0,0.0,0.0,none,0,CLEAR,-0.0005840670200996101,-0.0005840670200996101,conservative_visual,
105,3.487904,3.487904,1,0.019874091782830654,0.6706153450926939,5482.0,1,1,accepted,2454.3914291248516,0.1312616467475891,1,0,0.02908991277217865,0.6693747043609619,0.002746407175436616,1,0.0,0.0,0.0,0.0,0.0,0.0,none,0,CLEAR,-5.36142906639725e-05,-5.36142906639725e-05,conservative_visual,
106,3.523486,3.523486,1,0.03388828861130496,0.6675304996520328,5548.5,1,1,accepted,2487.465652861766,0.020330823957920074,1,0,0.030532600358128548,0.6689349412918091,6.100818427512422e-05,1,0.0,0.0,0.0,0.0,0.0,0.0,none,0,CLEAR,0.00026892331152339466,-0.0,conservative_odom,
107,3.555128,3.555128,1,0.017066528400238323,0.6696110990705961,5543.5,1,1,accepted,2481.6155373130737,0.15392246842384338,1,0,0.027073858305811882,0.6691225171089172,0.000988541403785348,1,0.0,0.0,0.0,0.0,0.0,0.0,none,0,CLEAR,0.0007326899212785065,-0.0,conservative_odom,
108,3.591355,3.591355,1,0.017066528400238323,0.670818425737995,5563.5,1,1,accepted,2491.4480452623584,0.07729662954807281,1,0,0.02402562089264393,0.6696289777755737,0.0033389930613338947,1,0.0,0.0,0.0,0.0,0.0,0.0,none,0,CLEAR,0.0015760761452838778,-0.0,conservative_odom,
109,3.623057,3.623057,1,0.017066528400238323,0.6693121298114615,5505.0,1,1,accepted,2469.246891096696,0.031535327434539795,1,0,0.02157592587172985,0.6696163415908813,0.002747420920059085,1,0.0,0.0,0.0,0.0,0.0,0.0,none,0,CLEAR,0.0024357998045161366,-0.0,conservative_odom,
110,3.657406,3.657406,1,0.024082688839916627,0.668483404477994,5569.5,1,1,accepted,2498.0548136179395,0.011289876885712147,1,0,0.021531447768211365,0.6693630218505859,0.0010122910607606173,1,0.0,0.0,0.0,0.0,0.0,0.0,none,0,CLEAR,0.0024357998045161366,-0.0,conservative_odom,
111,3.687588,3.687588,1,0.022680085118658076,0.670818425737995,5446.0,1,1,accepted,2440.3357213532922,0.0045979442074894905,1,0,0.0212906114757061,0.6697883009910583,0.0029819663614034653,1,0.0,0.0,0.0,0.0,0.0,0.0,none,0,CLEAR,0.0027271979488432407,-0.0,conservative_odom,
112,3.723079,3.723079,1,0.022680085118658076,0.6703930569837439,5597.0,1,1,accepted,2511.7674889185855,0.004068570211529732,1,0,0.021099908277392387,0.6700354218482971,0.003686753800138831,1,0.0,0.0,0.0,0.0,0.0,0.0,none,0,CLEAR,0.0027271979488432407,-0.0,conservative_odom,
113,3.762637,3.762637,1,0.022680085118658076,0.6706153450926939,5525.5,1,1,accepted,2481.817073654151,0.004523321520537138,1,0,0.021015001460909843,0.6703097820281982,0.004327815026044846,1,0.0,0.0,0.0,0.0,0.0,0.0,none,0,CLEAR,0.002747420920059085,-0.0,conservative_odom,
114,3.797584,3.797584,1,0.018470702168261785,0.6691578596405533,5565.5,1,1,accepted,2501.862169761493,0.0043742600828409195,1,0,0.019860047847032547,0.6700755953788757,0.0024044131860136986,1,0.0,0.0,0.0,0.0,0.0,0.0,none,0,CLEAR,0.002747420920059085,-0.0,conservative_odom,
115,3.826546,3.826546,1,0.024082688839916627,0.6697557981588226,5604.0,1,1,accepted,2516.8909388188786,0.018320970237255096,1,0,0.020656295120716095,0.6700348854064941,0.001853527850471437,1,0.0,0.0,0.0,0.0,0.0,0.0,none,0,CLEAR,0.002747420920059085,-0.0,conservative_odom,
116,3.859579,3.859579,1,0.03528773144479522,0.6673284675651678,5582.5,1,1,accepted,2506.786934362811,0.18646422028541565,1,0,0.024498051032423973,0.669313371181488,-0.0020567576866596937,1,0.0,0.0,0.0,0.0,0.0,0.0,none,0,CLEAR,0.002747420920059085,-0.0,conservative_odom,
117,3.891203,3.891203,1,0.01565531297636125,0.6710953484888074,5602.0,1,1,accepted,2509.170443521706,0.0692974105477333,1,0,0.02222471311688423,0.6697648167610168,0.0005233066622167826,1,0.0,0.0,0.0,0.0,0.0,0.0,none,0,CLEAR,0.0025759170530363917,-0.0,conservative_odom,
118,3.923038,3.923038,1,0.03388828861130496,0.6675304996520328,5528.5,1,1,accepted,2480.128759338923,0.11562161892652512,1,0,0.025372909381985664,0.6691561937332153,-0.0025989306159317493,1,0.0,0.0,0.0,0.0,0.0,0.0,none,0,CLEAR,0.0021289705182425678,-0.0,conservative_odom,
119,3.955188,3.955188,1,0.022680085118658076,0.6701515767799617,5654.5,1,1,accepted,2531.437603911133,0.00860757939517498,1,0,0.024914411827921867,0.6693715453147888,-0.0011070496402680874,1,0.0,0.0,0.0,0.0,0.0,0.0,none,0,CLEAR,0.0014329094556160271,-0.0,conservative_odom,
120,3.986612,3.986612,1,0.03668637974777064,0.6683004594510297,5691.0,1,1,accepted,2549.736587022489,0.10772272944450378,1,0,0.028336357325315475,0.6690517663955688,-0.0025289300829172134,1,0.0,0.0,0.0,0.0,0.0,0.0,none,0,CLEAR,0.0011884172563441098,-0.0,conservative_odom,
121,4.022433,4.022433,1,0.018470702168261785,0.67124439747133,5522.5,1,1,accepted,2472.0195405749373,0.09582255035638809,1,0,0.02616526186466217,0.6696057915687561,0.0006859094719402492,1,0.0,0.0,0.0,0.0,0.0,0.0,none,0,CLEAR,0.0006046080670785159,-0.0,conservative_odom,
122,4.062584,4.062584,1,0.024082688839916627,0.668483404477994,5504.5,1,1,accepted,2468.4956275119825,0.005671180319041014,1,0,0.02579611912369728,0.6692922115325928,-0.0010155979543924332,1,0.0,0.0,0.0,0.0,0.0,0.0,none,0,CLEAR,-0.0002461456460878253,-0.0002461456460878253,conservative_visual,
123,4.090168,4.090168,1,0.03668637974777064,0.6683004594510297,5651.0,1,1,accepted,2531.3363061673617,0.0930006355047226,1,0,0.028960149735212326,0.6689932942390442,-0.002369085792452097,1,0.0,0.0,0.0,0.0,0.0,0.0,none,0,CLEAR,-0.0010613237973302603,-0.0010613237973302603,conservative_visual,
124,4.130956,4.130956,1,0.028287347756761505,0.6693121298114615,5645.0,1,1,accepted,2526.492099283399,0.0018926812335848808,1,0,0.029341790825128555,0.6690201759338379,-0.0017510815523564816,1,0.0,0.0,0.0,0.0,0.0,0.0,none,0,CLEAR,-0.0017510815523564816,-0.0017510815523564816,conservative_visual,
125,4.164492,4.164492,1,0.03668637974777064,0.6683004594510297,5620.5,1,1,accepted,2516.0493134943404,0.03597188740968704,1,0,0.03192805126309395,0.6687672138214111,-0.0027240277267992496,1,0.0,0.0,0.0,0.0,0.0,0.0,none,0,CLEAR,-0.0017510815523564816,-0.0017510815523564816,conservative_visual,
126,4.199353,4.199353,1,0.029688374488855418,0.6677325317388979,5571.0,1,1,accepted,2492.522738073043,0.008797070011496544,1,0,0.03195715695619583,0.6683956980705261,-0.004108337219804525,1,0.0,0.0,0.0,0.0,0.0,0.0,none,0,CLEAR,-0.002369085792452097,-0.002369085792452097,conservative_visual,
127,4.234084,4.234084,1,0.014257398454984535,0.6698909193515543,5474.5,1,1,accepted,2446.2370283012024,0.2706793248653412,1,0,0.027318309992551804,0.6687350273132324,-0.0016985362162813544,1,0.0,0.0,0.0,0.0,0.0,0.0,none,0,CLEAR,-0.0017510815523564816,-0.0017510815523564816,conservative_visual,
128,4.267959,4.267959,1,0.022680085118658076,0.670818425737995,5512.5,1,1,accepted,2465.1159941179776,0.019547874107956886,1,0,0.025866631418466568,0.6693034768104553,0.0014276840956881642,1,0.0,0.0,0.0,0.0,0.0,0.0,none,0,CLEAR,-0.0017510815523564816,-0.0017510815523564816,conservative_visual,
129,4.303253,4.303253,1,0.03528773144479522,0.668483404477994,5595.0,1,1,accepted,2506.8808266601573,0.07584848254919052,1,0,0.028372319415211678,0.6690980195999146,0.00015135991270653903,1,0.0,0.0,0.0,0.0,0.0,0.0,none,0,CLEAR,-0.0016985362162813544,-0.0016985362162813544,conservative_visual,
130,4.334390,4.33439,1,0.03528773144479522,0.6673284675651678,5512.5,1,1,accepted,2468.456518448245,0.03912985697388649,1,0,0.030437100678682327,0.6685946583747864,-0.002382756443694234,1,0.0,0.0,0.0,0.0,0.0,0.0,none,0,CLEAR,-0.0017510815523564816,-0.0017510815523564816,conservative_visual,
131,4.363955,4.363955,1,0.024082688839916627,0.6697557981588226,5583.0,1,1,accepted,2496.20684153701,0.037812814116477966,1,0,0.028959430754184723,0.6688665151596069,-0.0006752185290679336,1,0.0,0.0,0.0,0.0,0.0,0.0,none,0,CLEAR,-0.0017510815523564816,-0.0017510815523564816,conservative_visual,
132,4.396448,4.396448,1,0.01285244227775421,0.6697557981588226,5478.0,1,1,accepted,2451.226510350834,0.21234901249408722,1,0,0.024582460522651672,0.6690977215766907,0.0005875612841919065,1,0.0,0.0,0.0,0.0,0.0,0.0,none,0,CLEAR,-0.0016985362162813544,-0.0016985362162813544,conservative_visual,
133,4.435853,4.435853,1,0.014257398454984535,0.6696110990705961,5690.5,1,1,accepted,2547.7908622069313,0.07273890823125839,1,0,0.021057935431599617,0.6692638397216797,0.0013011661358177662,1,0.0,0.0,0.0,0.0,0.0,0.0,none,0,CLEAR,-0.0006752185290679336,-0.0006752185290679336,conservative_visual,
134,4.469666,4.469666,1,0.021277481397399524,0.6707216892335377,5469.5,1,1,accepted,2450.2907593045593,0.002935655415058136,1,0,0.020345693454146385,0.6697183847427368,0.003350707469508052,1,0.0,0.0,0.0,0.0,0.0,0.0,none,0,CLEAR,0.00015135991270653903,-0.0,conservative_odom,
135,4.501498,4.501498,1,0.01566235463221486,0.6694663999823696,5627.0,1,1,accepted,2524.7991565634075,0.011057543568313122,1,0,0.01831679977476597,0.6697226762771606,0.0028396914713084698,1,0.0,0.0,0.0,0.0,0.0,0.0,none,0,CLEAR,0.0005875612841919065,-0.0,conservative_odom,
136,4.529181,4.529181,1,0.03388828861130496,0.6675304996520328,5527.0,1,1,accepted,2480.0141754513656,0.22553429007530212,1,0,0.021857626736164093,0.669180154800415,-0.0002635762211866677,1,0.0,0.0,0.0,0.0,0.0,0.0,none,0,CLEAR,0.00036946059844922274,-0.0,conservative_odom,
137,4.565445,4.565445,1,0.021277481397399524,0.6688301902618685,5544.0,1,1,accepted,2482.5659005287703,0.00010122570529347286,1,0,0.02135295979678631,0.669074535369873,-0.0007437613676302135,1,0.0,0.0,0.0,0.0,0.0,0.0,none,0,CLEAR,0.00036946059844922274,-0.0,conservative_odom,
138,4.600474,4.600474,1,0.01285244227775421,0.6697557981588226,5645.0,1,1,accepted,2526.89257441767,0.051621586084365845,1,0,0.018589045852422714,0.6692509055137634,0.00026770157273858786,1,0.0,0.0,0.0,0.0,0.0,0.0,none,0,CLEAR,0.00020953074272256345,-0.0,conservative_odom,
139,4.635396,4.635396,1,0.03388828861130496,0.6675304996520328,5477.0,1,1,accepted,2453.5510084803823,0.2088194638490677,1,0,0.022392425686120987,0.6687607765197754,-0.0022267955355346203,1,0.0,0.0,0.0,0.0,0.0,0.0,none,0,CLEAR,0.00026770157273858786,-0.0,conservative_odom,
140,4.661882,4.661882,1,0.03388828861130496,0.6675304996520328,5620.5,1,1,accepted,2513.2754352889688,0.10848821699619293,1,0,0.025509148836135864,0.66838139295578,-0.003827800275757909,1,0.0,0.0,0.0,0.0,0.0,0.0,none,0,CLEAR,2.0626757759600878e-06,-0.0,conservative_odom,
141,4.694654,4.694654,1,0.01566235463221486,0.670026040544286,5386.5,1,1,accepted,2405.594783203143,0.08822865039110184,1,0,0.023139135912060738,0.6687431931495667,-0.0013916182797402143,1,0.0,0.0,0.0,0.0,0.0,0.0,none,0,CLEAR,2.0626757759600878e-06,-0.0,conservative_odom,
142,4.728721,4.728721,1,0.02548450493229211,0.6683004594510297,5526.0,1,1,accepted,2470.977790416472,0.004513474181294441,1,0,0.023797208443284035,0.6685854196548462,-0.0019432355184108019,1,0.0,0.0,0.0,0.0,0.0,0.0,none,0,CLEAR,-0.0005036687944084406,-0.0005036687944084406,conservative_visual,
143,4.761749,4.761749,1,0.021277481397399524,0.6707216892335377,5535.0,1,1,accepted,2473.731651064527,0.009418098255991936,1,0,0.023173000663518906,0.6691370606422424,0.0011329530971124768,1,0.0,0.0,0.0,0.0,0.0,0.0,none,0,CLEAR,-0.0005036687944084406,-0.0005036687944084406,conservative_visual,
144,4.791109,4.791109,1,0.028287347756761505,0.6693121298114615,5528.0,1,1,accepted,2475.382013840552,0.02121249958872795,1,0,0.02456323802471161,0.6692090034484863,0.0013262773863971233,1,0.0,0.0,0.0,0.0,0.0,0.0,none,0,CLEAR,-0.0005036687944084406,-0.0005036687944084406,conservative_visual,
145,4.826641,4.826641,1,0.021277481397399524,0.6707216892335377,5541.0,1,1,accepted,2481.90777427677,0.011648211628198624,1,0,0.023813650012016296,0.6696670055389404,0.0033772371243685484,1,0.0,0.0,0.0,0.0,0.0,0.0,none,0,CLEAR,-0.0005036687944084406,-0.0005036687944084406,conservative_visual,
146,4.862406,4.862406,1,0.011446705440066055,0.6698909193515543,5537.5,1,1,accepted,2484.233988675361,0.12255994230508804,1,0,0.02031978964805603,0.6698172688484192,0.003524589352309704,1,0.0,0.0,0.0,0.0,0.0,0.0,none,0,CLEAR,-0.00023802989744581282,-0.00023802989744581282,conservative_visual,
147,4.893423,4.893423,1,0.024082688839916627,0.6688301902618685,5568.5,1,1,accepted,2499.267744357823,0.015453357249498367,1,0,0.021019743755459785,0.6696187853813171,0.0019885175861418247,1,0.0,0.0,0.0,0.0,0.0,0.0,none,0,CLEAR,0.0007003273349255323,-0.0,conservative_odom,
148,4.932114,4.932114,1,0.022680085118658076,0.6686567973699313,5583.0,1,1,accepted,2503.9911303440585,0.004144835751503706,1,0,0.021231280639767647,0.6693918704986572,0.00047227978939190507,1,0.0,0.0,0.0,0.0,0.0,0.0,none,0,CLEAR,0.000802616443252191,-0.0,conservative_odom,
149,4.968578,4.968578,1,0.014257398454984535,0.6701515767799617,5375.5,1,1,accepted,2408.845640548495,0.03571268543601036,1,0,0.01898416317999363,0.6696291565895081,0.0015704854158684611,1,0.0,0.0,0.0,0.0,0.0,0.0,none,0,CLEAR,0.0013262773863971233,-0.0,conservative_odom,
150,5.002123,5.002123,1,0.022680085118658076,0.6686567973699313,5570.0,1,1,accepted,2498.2624654939145,0.015111517161130905,1,0,0.01966525800526142,0.6693814396858215,7.13531335350126e-05,1,0.0,0.0,0.0,0.0,0.0,0.0,none,0,CLEAR,0.0013262773863971233,-0.0,conservative_odom,
151,5.037361,5.037361,1,0.028287347756761505,0.6693121298114615,5531.5,1,1,accepted,2478.6901257789737,0.06351906061172485,1,0,0.02193576470017433,0.6693627834320068,-3.406874748179689e-05,1,0.0,0.0,0.0,0.0,0.0,0.0,none,0,CLEAR,0.0013262773863971233,-0.0,conservative_odom,
152,5.071225,5.071225,1,0.029688374488855418,0.6677325317388979,5526.0,1,1,accepted,2475.901581518053,0.04833175614476204,1,0,0.02426084503531456,0.6688855886459351,-0.002407875843346119,1,0.0,0.0,0.0,0.0,0.0,0.0,none,0,CLEAR,0.0013262773863971233,-0.0,conservative_odom,
153,5.100925,5.100925,1,0.019874091782830654,0.6693121298114615,5527.0,1,1,accepted,2472.3590832852738,0.01851475052535534,1,0,0.023313872516155243,0.6689546704292297,-0.0017066564178094268,1,0.0,0.0,0.0,0.0,0.0,0.0,none,0,CLEAR,0.00047227978939190507,-0.0,conservative_odom,
154,5.132915,5.132915,1,0.03388828861130496,0.6675304996520328,5516.0,1,1,accepted,2468.022220123711,0.0872650071978569,1,0,0.02643284760415554,0.6685167551040649,-0.0036191418766975403,1,0.0,0.0,0.0,0.0,0.0,0.0,none,0,CLEAR,7.13531335350126e-05,-0.0,conservative_odom,
155,5.168635,5.168635,1,0.019874091782830654,0.6706153450926939,5554.0,1,1,accepted,2481.5223985009,0.046488918364048004,1,0,0.025104090571403503,0.6690240502357483,-0.0004437582101672888,1,0.0,0.0,0.0,0.0,0.0,0.0,none,0,CLEAR,-3.406874748179689e-05,-3.406874748179689e-05,conservative_visual,
156,5.202763,5.202763,1,0.03948288010742311,0.6652719405620937,5574.5,1,1,accepted,2495.120563001053,0.16653162240982056,1,0,0.02949276939034462,0.6679375171661377,-0.005787598434835672,1,0.0,0.0,0.0,0.0,0.0,0.0,none,0,CLEAR,-0.0004437582101672888,-0.0004437582101672888,conservative_visual,
157,5.235792,5.235792,1,0.022680085118658076,0.670818425737995,5483.0,1,1,accepted,2445.7198209240623,0.05625934526324272,1,0,0.028281206265091896,0.6686223745346069,-0.0014191087102517486,1,0.0,0.0,0.0,0.0,0.0,0.0,none,0,CLEAR,-0.0014191087102517486,-0.0014191087102517486,conservative_visual,
158,5.270586,5.270586,1,0.024082688839916627,0.6697557981588226,5675.5,1,1,accepted,2537.515544349708,0.020020579919219017,1,0,0.027564939111471176,0.6689132452011108,0.00027686828980222344,1,0.0,0.0,0.0,0.0,0.0,0.0,none,0,CLEAR,-0.0014191087102517486,-0.0014191087102517486,conservative_visual,
159,5.302218,5.302218,1,0.01285244227775421,0.6713801259553304,5587.0,1,1,accepted,2500.3772929418674,0.18690666556358337,1,0,0.02369287610054016,0.6696174740791321,0.0037441339809447527,1,0.0,0.0,0.0,0.0,0.0,0.0,none,0,CLEAR,-0.0014191087102517486,-0.0014191087102517486,conservative_visual,
160,5.337188,5.337188,1,0.024082688839916627,0.668483404477994,5518.5,1,1,accepted,2475.404069545223,0.0016437153099104762,1,0,0.023592082783579826,0.6693861484527588,0.001938362023793161,1,0.0,0.0,0.0,0.0,0.0,0.0,none,0,CLEAR,-0.0009314334602095187,-0.0009314334602095187,conservative_visual,
161,5.371309,5.371309,1,0.019874091782830654,0.668994024951211,5643.0,1,1,accepted,2529.0111518967774,0.009654996916651726,1,0,0.022341487929224968,0.6693207621574402,0.0012825648300349712,1,0.0,0.0,0.0,0.0,0.0,0.0,none,0,CLEAR,-0.0004437582101672888,-0.0004437582101672888,conservative_visual,
162,5.397660,5.39766,1,0.01285244227775421,0.6697557981588226,5562.0,1,1,accepted,2491.9787162932407,0.06800226867198944,1,0,0.019521014764904976,0.6694636940956116,0.001827129744924605,1,0.0,0.0,0.0,0.0,0.0,0.0,none,0,CLEAR,-8.344496018253267e-05,-8.344496018253267e-05,conservative_visual,
163,5.432052,5.432052,1,0.022680085118658076,0.6686567973699313,5557.5,1,1,accepted,2491.4696834924043,0.01355789229273796,1,0,0.019777776673436165,0.6692853569984436,0.0006226820405572653,1,0.0,0.0,0.0,0.0,0.0,0.0,none,0,CLEAR,0.00044977516517974436,-0.0,conservative_odom,
164,5.461493,5.461493,1,0.02548450493229211,0.6698909193515543,5483.5,1,1,accepted,2456.599810930615,0.032173555344343185,1,0,0.02091110497713089,0.669463038444519,0.0014189229113981128,1,0.0,0.0,0.0,0.0,0.0,0.0,none,0,CLEAR,0.0009526234352961183,-0.0,conservative_odom,
165,5.490645,5.490645,1,0.017066528400238323,0.6693121298114615,5658.5,1,1,accepted,2536.4055634326533,0.01017681136727333,1,0,0.01965460181236267,0.6694531440734863,0.0011627688072621822,1,0.0,0.0,0.0,0.0,0.0,0.0,none,0,CLEAR,0.0012226668186485767,-0.0,conservative_odom,
166,5.522790,5.52279,1,0.021277481397399524,0.6691578596405533,5545.5,1,1,accepted,2485.7682492979657,0.003749630181118846,1,0,0.019725656136870384,0.6694010496139526,0.000715841306373477,1,0.0,0.0,0.0,0.0,0.0,0.0,none,0,CLEAR,0.0012226668186485767,-0.0,conservative_odom,
167,5.556144,5.556144,1,0.022680085118658076,0.670818425737995,5491.0,1,1,accepted,2460.8416311227347,0.010785086080431938,1,0,0.020224357023835182,0.6698053479194641,0.002615530276671052,1,0.0,0.0,0.0,0.0,0.0,0.0,none,0,CLEAR,0.001350743870716542,-0.0,conservative_odom,
168,5.591341,5.591341,1,0.029688374488855418,0.6691578596405533,5606.0,1,1,accepted,2515.869863303599,0.07650487869977951,1,0,0.02266581356525421,0.6696906089782715,0.0015832972712814808,1,0.0,0.0,0.0,0.0,0.0,0.0,none,0,CLEAR,0.0015011100913397968,-0.0,conservative_odom,
169,5.622441,5.622441,1,0.018470702168261785,0.6709151622424524,5472.0,1,1,accepted,2454.4744884059996,0.01644538715481758,1,0,0.021631143987178802,0.6700645685195923,0.0032037952914834023,1,0.0,0.0,0.0,0.0,0.0,0.0,none,0,CLEAR,0.0015011100913397968,-0.0,conservative_odom,
170,5.661756,5.661756,1,0.0422777862623297,0.6675304996520328,5504.0,1,1,accepted,2472.165433926087,0.3423120081424713,1,0,0.027613332495093346,0.6694179773330688,-0.0006517861038446426,1,0.0,0.0,0.0,0.0,0.0,0.0,none,0,CLEAR,0.001350743870716542,-0.0,conservative_odom,
171,5.697960,5.69796,1,0.014257398454984535,0.6703930569837439,5440.5,1,1,accepted,2438.3726345669997,0.16385699808597565,1,0,0.024433819577097893,0.6696884036064148,0.0008159782155416906,1,0.0,0.0,0.0,0.0,0.0,0.0,none,0,CLEAR,0.0011627688072621822,-0.0,conservative_odom,
172,5.735143,5.735143,1,0.014257398454984535,0.6696110990705961,5457.0,1,1,accepted,2447.6590818955547,0.08557687699794769,1,0,0.021603338420391083,0.669686496257782,0.0006551885162480175,1,0.0,0.0,0.0,0.0,0.0,0.0,none,0,CLEAR,0.0011627688072621822,-0.0,conservative_odom,
173,5.770518,5.770518,1,0.03388828861130496,0.6675304996520328,5491.0,1,1,accepted,2462.797547679574,0.12632443010807037,1,0,0.025092177093029022,0.6690582633018494,-0.0025948178954422474,1,0.0,0.0,0.0,0.0,0.0,0.0,none,0,CLEAR,0.0008159782155416906,-0.0,conservative_odom,
174,5.800302,5.800302,1,0.022680085118658076,0.670818425737995,5511.5,1,1,accepted,2466.7119999890683,0.008660336956381798,1,0,0.024639828130602837,0.6695085167884827,3.811289570876397e-05,1,0.0,0.0,0.0,0.0,0.0,0.0,none,0,CLEAR,0.000715841306373477,-0.0,conservative_odom,
175,5.836281,5.836281,1,0.02548450493229211,0.6703930569837439,5506.5,1,1,accepted,2468.332300930039,0.0008782793302088976,1,0,0.02507399208843708,0.6697673797607422,0.001323173986747861,1,0.0,0.0,0.0,0.0,0.0,0.0,none,0,CLEAR,0.0008159782155416906,-0.0,conservative_odom,
176,5.871093,5.871093,1,0.017066528400238323,0.6706153450926939,5492.5,1,1,accepted,2464.3240323645878,0.054591104388237,1,0,0.022935854271054268,0.6700478196144104,0.0024926969781517982,1,0.0,0.0,0.0,0.0,0.0,0.0,none,0,CLEAR,0.0008159782155416906,-0.0,conservative_odom,
177,5.907218,5.907218,1,0.0324888457778147,0.6673284675651678,5519.0,1,1,accepted,2478.4994017135778,0.07972341775894165,1,0,0.025660254061222076,0.6693076491355896,-0.0016481946222484112,1,0.0,0.0,0.0,0.0,0.0,0.0,none,0,CLEAR,0.0006551885162480175,-0.0,conservative_odom,
178,5.935554,5.935554,1,0.024082688839916627,0.668483404477994,5567.0,1,1,accepted,2493.6862898539857,0.0032802224159240723,1,0,0.02542746067047119,0.6690418124198914,-0.0027417736127972603,1,0.0,0.0,0.0,0.0,0.0,0.0,none,0,CLEAR,3.811289570876397e-05,-0.0,conservative_odom,
179,5.968037,5.968037,1,0.024082688839916627,0.6705090009518502,5398.0,1,1,accepted,2415.732082135209,0.003975066356360912,1,0,0.02523173950612545,0.6693894267082214,-0.0005612586392089725,1,0.0,0.0,0.0,0.0,0.0,0.0,none,0,CLEAR,3.811289570876397e-05,-0.0,conservative_odom,
180,5.993919,5.993919,1,0.03528773144479522,0.6673284675651678,5452.0,1,1,accepted,2442.952190004483,0.08347802609205246,1,0,0.02801838144659996,0.6688292026519775,-0.003288926789537072,1,0.0,0.0,0.0,0.0,0.0,0.0,none,0,CLEAR,-0.00026157287175010424,-0.00026157287175010424,conservative_visual,
181,6.023568,6.023568,1,0.022680085118658076,0.6686567973699313,5509.0,1,1,accepted,2464.1694211467407,0.02840982936322689,1,0,0.027017397806048393,0.6687119007110596,-0.003387841861695051,1,0.0,0.0,0.0,0.0,0.0,0.0,none,0,CLEAR,-0.0011047266307286918,-0.0011047266307286918,conservative_visual,
182,6.056296,6.056296,1,0.02548450493229211,0.6696110990705961,5431.5,1,1,accepted,2428.365042536335,0.0037384191527962685,1,0,0.02686857432126999,0.668872058391571,-0.002032350981608033,1,0.0,0.0,0.0,0.0,0.0,0.0,none,0,CLEAR,-0.0018402728019282222,-0.0018402728019282222,conservative_visual,
183,6.088692,6.088692,1,0.022680085118658076,0.6701515767799617,5568.0,1,1,accepted,2490.887739039483,0.01759466715157032,1,0,0.02593364752829075,0.6691704392433167,-0.0002115526149282232,1,0.0,0.0,0.0,0.0,0.0,0.0,none,0,CLEAR,-0.0011047266307286918,-0.0011047266307286918,conservative_visual,
184,6.129981,6.129981,1,0.029688374488855418,0.6691578596405533,5616.0,1,1,accepted,2514.897382393286,0.010540198534727097,1,0,0.0270939152687788,0.6691605448722839,-0.00021709236898459494,1,0.0,0.0,0.0,0.0,0.0,0.0,none,0,CLEAR,-0.0011047266307286918,-0.0011047266307286918,conservative_visual,
185,6.165428,6.165428,1,0.014257398454984535,0.670818425737995,5577.0,1,1,accepted,2497.53214049141,0.1371813267469406,1,0,0.023525821045041084,0.669640839099884,0.0022243200801312923,1,0.0,0.0,0.0,0.0,0.0,0.0,none,0,CLEAR,-0.0011047266307286918,-0.0011047266307286918,conservative_visual,
186,6.194370,6.19437,1,0.018470702168261785,0.6691578596405533,5545.0,1,1,accepted,2486.965988450022,0.01803812012076378,1,0,0.021863386034965515,0.6695511341094971,0.0014532181667163968,1,0.0,0.0,0.0,0.0,0.0,0.0,none,0,CLEAR,-0.0011047266307286918,-0.0011047266307286918,conservative_visual,
187,6.226808,6.226808,1,0.01285244227775421,0.670026040544286,5556.0,1,1,accepted,2491.124716692707,0.05684792622923851,1,0,0.018912166357040405,0.6697182655334473,0.0020535944495350122,1,0.0,0.0,0.0,0.0,0.0,0.0,none,0,CLEAR,-0.0003891755040967837,-0.0003891755040967837,conservative_visual,
188,6.265758,6.265758,1,0.031088610133335057,0.6679250230814816,5616.5,1,1,accepted,2520.0867292300445,0.14265310764312744,1,0,0.02165362425148487,0.669249415397644,-0.000691055494826287,1,0.0,0.0,0.0,0.0,0.0,0.0,none,0,CLEAR,-0.0003891755040967837,-0.0003891755040967837,conservative_visual,
189,6.301068,6.301068,1,0.031088610133335057,0.668994024951211,5619.0,1,1,accepted,2516.563392984518,0.07538396865129471,1,0,0.024172009900212288,0.6691570281982422,-0.0010311090154573321,1,0.0,0.0,0.0,0.0,0.0,0.0,none,0,CLEAR,-0.00021709236898459494,-0.00021709236898459494,conservative_visual,
190,6.337574,6.337574,1,0.022680085118658076,0.670818425737995,5461.5,1,1,accepted,2445.2707453715852,0.004343467764556408,1,0,0.023829661309719086,0.6696256995201111,0.0014971907949075103,1,0.0,0.0,0.0,0.0,0.0,0.0,none,0,CLEAR,-0.0002115526149282232,-0.0002115526149282232,conservative_visual,
191,6.370756,6.370756,1,0.0324888457778147,0.6688301902618685,5518.5,1,1,accepted,2474.879422494046,0.058723852038383484,1,0,0.026407424360513687,0.6694273352622986,0.00025934382574632764,1,0.0,0.0,0.0,0.0,0.0,0.0,none,0,CLEAR,0.00025934382574632764,-0.0,conservative_odom,
192,6.405396,6.405396,1,0.021277481397399524,0.6707216892335377,5499.0,1,1,accepted,2464.6248880136854,0.02610209584236145,1,0,0.025249456986784935,0.669813334941864,0.002139596501365304,1,0.0,0.0,0.0,0.0,0.0,0.0,none,0,CLEAR,0.0014532181667163968,-0.0,conservative_odom,
193,6.432414,6.432414,1,0.01566235463221486,0.6694663999823696,5647.0,1,1,accepted,2534.0844357414744,0.07639437913894653,1,0,0.022703777998685837,0.6697587966918945,0.001578702125698328,1,0.0,0.0,0.0,0.0,0.0,0.0,none,0,CLEAR,0.0014971907949075103,-0.0,conservative_odom,
194,6.462153,6.462153,1,0.021277481397399524,0.6710894038609362,5349.0,1,1,accepted,2399.774151569813,0.002499510534107685,1,0,0.022151794284582138,0.6701551079750061,0.003323956858366728,1,0.0,0.0,0.0,0.0,0.0,0.0,none,0,CLEAR,0.0015379464603029191,-0.0,conservative_odom,
195,6.497663,6.497663,1,0.018470702168261785,0.6694663999823696,5529.0,1,1,accepted,2484.001073926303,0.009525722824037075,1,0,0.02088678814470768,0.6700474619865417,0.002196350134909153,1,0.0,0.0,0.0,0.0,0.0,0.0,none,0,CLEAR,0.001578702125698328,-0.0,conservative_odom,
196,6.533902,6.533902,1,0.021277481397399524,0.6688301902618685,5508.5,1,1,accepted,2473.7765919309377,0.001966186799108982,1,0,0.02063981629908085,0.6697551608085632,0.0003383201838005334,1,0.0,0.0,0.0,0.0,0.0,0.0,none,0,CLEAR,0.0014971907949075103,-0.0,conservative_odom,
197,6.566337,6.566337,1,0.022680085118658076,0.6686567973699313,5532.5,1,1,accepted,2481.889565058238,0.005750538781285286,1,0,0.02092667669057846,0.6694509983062744,-0.00123590265866369,1,0.0,0.0,0.0,0.0,0.0,0.0,none,0,CLEAR,0.0014971907949075103,-0.0,conservative_odom,
198,6.595235,6.595235,1,0.04088073216410015,0.6669053325495431,5501.5,1,1,accepted,2465.370357324954,0.33432427048683167,1,0,0.02622424066066742,0.6687248945236206,-0.004684966988861561,1,0.0,0.0,0.0,0.0,0.0,0.0,none,0,CLEAR,0.0009177554893540218,-0.0,conservative_odom,
199,6.628434,6.628434,1,0.01566235463221486,0.6707216892335377,5498.0,1,1,accepted,2457.792078155932,0.10411990433931351,1,0,0.023743871599435806,0.6691660284996033,-0.0017051249742507935,1,0.0,0.0,0.0,0.0,0.0,0.0,none,0,CLEAR,0.0009177554893540218,-0.0,conservative_odom,
200,6.658493,6.658493,1,0.03528773144479522,0.6673284675651678,5592.0,1,1,accepted,2503.643348562775,0.10853061825037003,1,0,0.026958659291267395,0.6686280369758606,-0.004135612398386002,1,0.0,0.0,0.0,0.0,0.0,0.0,none,0,CLEAR,0.0002988320047734305,-0.0,conservative_odom,
201,6.697166,6.697166,1,0.03528773144479522,0.6673284675651678,5576.5,1,1,accepted,2492.2477143910096,0.04688210412859917,1,0,0.029860781505703926,0.6681418418884277,-0.0057648830115795135,1,0.0,0.0,0.0,0.0,0.0,0.0,none,0,CLEAR,-0.00044879123743157834,-0.00044879123743157834,conservative_visual,
202,6.731233,6.731233,1,0.021277481397399524,0.6688301902618685,5472.0,1,1,accepted,2442.3533712316266,0.07350551337003708,1,0,0.02811598591506481,0.6681994199752808,-0.004496288951486349,1,0.0,0.0,0.0,0.0,0.0,0.0,none,0,CLEAR,-0.0014705138164572418,-0.0014705138164572418,conservative_visual,
203,6.763392,6.763392,1,0.031088610133335057,0.6675304996520328,5477.0,1,1,accepted,2444.909383729383,0.0050445119850337505,1,0,0.029324861243367195,0.6679060459136963,-0.005239261779934168,1,0.0,0.0,0.0,0.0,0.0,0.0,none,0,CLEAR,-0.004135612398386002,-0.004135612398386002,conservative_visual,
204,6.795802,6.795802,1,0.018470702168261785,0.6691578596405533,5587.5,1,1,accepted,2492.1268671668395,0.10679904371500015,1,0,0.026716014370322227,0.6681369543075562,-0.003238953649997711,1,0.0,0.0,0.0,0.0,0.0,0.0,none,0,CLEAR,-0.0036872830241918564,-0.0036872830241918564,conservative_visual,
205,6.827237,6.827237,1,0.03388828861130496,0.6686567973699313,5452.0,1,1,accepted,2433.3322141425415,0.040399689227342606,1,0,0.028786158189177513,0.6682083010673523,-0.002374861156567931,1,0.0,0.0,0.0,0.0,0.0,0.0,none,0,CLEAR,-0.0036872830241918564,-0.0036872830241918564,conservative_visual,
206,6.862712,6.862712,1,0.024082688839916627,0.6702771130156375,5548.5,1,1,accepted,2477.458486454462,0.024908097460865974,1,0,0.027780070900917053,0.6687360405921936,0.0006776696536689997,1,0.0,0.0,0.0,0.0,0.0,0.0,none,0,CLEAR,-0.0036872830241918564,-0.0036872830241918564,conservative_visual,
207,6.894259,6.894259,1,0.019874091782830654,0.6706153450926939,5383.0,1,1,accepted,2407.8934571697528,0.05503684654831886,1,0,0.025692759081721306,0.6692783832550049,0.003275976050645113,1,0.0,0.0,0.0,0.0,0.0,0.0,none,0,CLEAR,-0.0036872830241918564,-0.0036872830241918564,conservative_visual,
208,6.930145,6.930145,1,0.01285244227775421,0.6697557981588226,5535.5,1,1,accepted,2480.5330575348107,0.1267639398574829,1,0,0.021871617063879967,0.6694989800453186,0.00378996878862381,1,0.0,0.0,0.0,0.0,0.0,0.0,none,0,CLEAR,-0.003238953649997711,-0.003238953649997711,conservative_visual,
209,6.965839,6.965839,1,0.028287347756761505,0.6693121298114615,5545.5,1,1,accepted,2486.6948257648055,0.04164136201143265,1,0,0.023135405033826828,0.6695407629013062,0.0033235689625144005,1,0.0,0.0,0.0,0.0,0.0,0.0,none,0,CLEAR,-0.002374861156567931,-0.002374861156567931,conservative_visual,
210,7.001064,7.001064,1,0.01566235463221486,0.6707216892335377,5504.5,1,1,accepted,2468.446967263509,0.03953394293785095,1,0,0.02062375284731388,0.6699687242507935,0.0048734089359641075,1,0.0,0.0,0.0,0.0,0.0,0.0,none,0,CLEAR,0.0006776696536689997,-0.0,conservative_odom,
211,7.033170,7.03317,1,0.019874091782830654,0.6706153450926939,5542.5,1,1,accepted,2489.0693097488997,0.0001902721414808184,1,0,0.01987392082810402,0.6702659130096436,0.0055750454775989056,1,0.0,0.0,0.0,0.0,0.0,0.0,none,0,CLEAR,0.003275976050645113,-0.0,conservative_odom,
212,7.065101,7.065101,1,0.018470702168261785,0.6691578596405533,5549.0,1,1,accepted,2494.428785580025,0.001661528367549181,1,0,0.018941929563879967,0.6700797080993652,0.003759011160582304,1,0.0,0.0,0.0,0.0,0.0,0.0,none,0,CLEAR,0.0033235689625144005,-0.0,conservative_odom,
213,7.101723,7.101723,1,0.0324888457778147,0.6688301902618685,5529.5,1,1,accepted,2484.1124834153447,0.16593831777572632,1,0,0.022238409146666527,0.669815182685852,0.0017538126558065414,1,0.0,0.0,0.0,0.0,0.0,0.0,none,0,CLEAR,0.0033235689625144005,-0.0,conservative_odom,
214,7.139848,7.139848,1,0.0324888457778147,0.6688301902618685,5529.5,1,1,accepted,2481.322209007375,0.08492051064968109,1,0,0.02520112134516239,0.669568657875061,0.0001913711312226951,1,0.0,0.0,0.0,0.0,0.0,0.0,none,0,CLEAR,0.0033235689625144005,-0.0,conservative_odom,
215,7.174961,7.174961,1,0.014257398454984535,0.6701515767799617,5527.0,1,1,accepted,2478.0635882078027,0.1010972261428833,1,0,0.02224268764257431,0.6697467565536499,0.001045737648382783,1,0.0,0.0,0.0,0.0,0.0,0.0,none,0,CLEAR,0.0033235689625144005,-0.0,conservative_odom,
216,7.211965,7.211965,1,0.022680085118658076,0.6701515767799617,5480.0,1,1,accepted,2458.4009983658507,0.0003996661398559809,1,0,0.022248882800340652,0.6698956489562988,0.001595012960024178,1,0.0,0.0,0.0,0.0,0.0,0.0,none,0,CLEAR,0.0033235689625144005,-0.0,conservative_odom,
217,7.244276,7.244276,1,0.03388828861130496,0.6675304996520328,5584.5,1,1,accepted,2506.4902342062574,0.11324099451303482,1,0,0.02557707205414772,0.6692375540733337,-0.0019431853434070945,1,-0.006397,0.016191,0.0,0.0,0.0,0.016191,cmd+odom,0,CLEAR,0.0017538126558065414,0.0017538126558065414,conservative_visual,
218,7.278138,7.278138,1,0.03948288010742311,0.6671169000573555,5481.5,1,1,accepted,2454.7402840936015,0.14579539000988007,1,0,0.02995319850742817,0.6685722470283508,-0.004932491108775139,1,-0.006397,0.016191,0.0,0.0,0.0,0.016191,cmd+odom,0,CLEAR,0.001595012960024178,0.001595012960024178,conservative_visual,
219,7.307473,7.307473,1,0.01566235463221486,0.6694663999823696,5498.5,1,1,accepted,2457.7356301978134,0.18672828376293182,1,0,0.02662772312760353,0.6687196493148804,-0.00347506208345294,1,-0.008529,-0.032381,0.0,0.0,0.0,-0.032381,cmd+odom,0,CLEAR,0.001045737648382783,0.001045737648382783,conservative_visual,
220,7.343042,7.343042,1,0.028287347756761505,0.6683004594510297,5511.0,1,1,accepted,2463.8251304295527,0.0013111131265759468,1,0,0.027394285425543785,0.6685113906860352,-0.0038974855560809374,1,-0.008529,-0.032381,0.0,0.0,0.0,-0.032381,cmd+odom,0,CLEAR,0.0001913711312226951,0.0001913711312226951,conservative_visual,
221,7.378559,7.378559,1,0.03528773144479522,0.6673284675651678,5549.5,1,1,accepted,2479.5033638773098,0.044318292289972305,1,0,0.03001827374100685,0.6680700182914734,-0.005409164819866419,1,-0.004265,0.0,0.0,0.0,0.0,0.0,none,0,CLEAR,-0.0019431853434070945,-0.0019431853434070945,conservative_visual,
222,7.410450,7.41045,1,0.01285244227775421,0.6697557981588226,5553.0,1,1,accepted,2478.1297745304464,0.2580985128879547,1,0,0.025669105350971222,0.668427586555481,-0.0027643705252557993,1,-0.004265,0.0,0.0,0.0,0.0,0.0,none,0,CLEAR,-0.0027643705252557993,-0.0027643705252557993,conservative_visual,
223,7.440468,7.440468,1,0.04088073216410015,0.6677325317388979,5311.0,1,1,accepted,2372.4732968907165,0.18702659010887146,1,0,0.02986597642302513,0.6681744456291199,-0.003613738575950265,1,-0.006397,-0.016191,0.0,0.0,0.0,-0.016191,cmd+odom,0,CLEAR,-0.00347506208345294,-0.00347506208345294,conservative_visual,
224,7.470677,7.470677,1,0.021277481397399524,0.6705090009518502,5483.5,1,1,accepted,2448.2658600131826,0.07289614528417587,1,0,0.02794978953897953,0.6687332391738892,-0.0002795086766127497,1,-0.006397,-0.016191,0.0,0.0,0.0,-0.016191,cmd+odom,0,CLEAR,-0.0031197163043543696,-0.0031197163043543696,conservative_visual,
225,7.507859,7.507859,1,0.02548450493229211,0.6696110990705961,5541.5,1,1,accepted,2478.578548635166,0.006559102796018124,1,0,0.027439668774604797,0.6689750552177429,0.000979181262664497,1,-0.004265,0.0,0.0,0.0,0.0,0.0,none,0,CLEAR,-0.0031197163043543696,-0.0031197163043543696,conservative_visual,
226,7.540392,7.540392,1,0.018470702168261785,0.6707216892335377,5532.0,1,1,accepted,2476.325655008574,0.06802751868963242,1,0,0.02498464845120907,0.6694908142089844,0.003395138308405876,1,-0.004265,0.0,0.0,0.0,0.0,0.0,none,0,CLEAR,-0.0031197163043543696,-0.0031197163043543696,conservative_visual,
227,7.576292,7.576292,1,0.03948288010742311,0.6671169000573555,5609.0,1,1,accepted,2515.0336082868653,0.1791984587907791,1,0,0.02891414612531662,0.668894350528717,-0.00019014703866560012,1,-0.002132,0.016191,0.0,0.0,0.0,0.016191,cmd+odom,0,CLEAR,-0.0031197163043543696,-0.0031197163043543696,conservative_visual,
228,7.609762,7.609762,1,0.024082688839916627,0.6697557981588226,5580.5,1,1,accepted,2497.458870199415,0.022237503901124,1,0,0.027809476479887962,0.6691369414329529,0.0010521523654460907,1,-0.002132,0.016191,0.0,0.0,0.0,0.016191,cmd+odom,0,CLEAR,-0.0002795086766127497,-0.0002795086766127497,conservative_visual,
229,7.639777,7.639777,1,0.019874091782830654,0.6706153450926939,5459.0,1,1,accepted,2444.888590669316,0.05376570671796799,1,0,0.02568707801401615,0.6695724725723267,0.0030679323244839907,1,-0.002132,0.016191,0.0,0.0,0.0,0.016191,cmd+odom,0,CLEAR,-0.0002348278576391749,-0.0002348278576391749,conservative_visual,
230,7.677563,7.677563,1,0.0100409686023779,0.6709151622424524,5532.5,1,1,accepted,2481.3496630131726,0.18804199993610382,1,0,0.02097206376492977,0.6700435280799866,0.004839923232793808,1,-0.002132,0.016191,0.0,0.0,0.0,0.016191,cmd+odom,0,CLEAR,0.0003945171119994484,0.0003945171119994484,conservative_visual,
231,7.713154,7.713154,1,0.03528773144479522,0.668483404477994,5475.0,1,1,accepted,2459.4158523751303,0.18767909705638885,1,0,0.024424249306321144,0.6697092056274414,0.002312014577910304,1,-0.004265,0.0,0.0,0.0,0.0,0.0,none,0,CLEAR,0.0010521523654460907,0.0010521523654460907,conservative_visual,
232,7.748602,7.748602,1,0.028287347756761505,0.6693121298114615,5613.0,1,1,accepted,2518.1435852604213,0.013376274146139622,1,0,0.02539213001728058,0.6696501970291138,0.0016088919946923852,1,-0.004265,0.0,0.0,0.0,0.0,0.0,none,0,CLEAR,0.0016088919946923852,0.0016088919946923852,conservative_visual,
233,7.779178,7.779178,1,0.0324888457778147,0.6688301902618685,5535.0,1,1,accepted,2482.54777017026,0.04083443060517311,1,0,0.02740216813981533,0.6694512367248535,0.0003709159209392965,1,0.0,0.0,0.0,0.0,0.0,0.0,none,0,CLEAR,0.0016088919946923852,-0.0,conservative_odom,
234,7.814892,7.814892,1,0.01566235463221486,0.670026040544286,5533.0,1,1,accepted,2480.1911160870322,0.11533023416996002,1,0,0.024239063262939453,0.6696271896362305,0.0011828106362372637,1,0.0,0.0,0.0,0.0,0.0,0.0,none,0,CLEAR,0.0016088919946923852,-0.0,conservative_odom,
235,7.856310,7.85631,1,0.022680085118658076,0.670818425737995,5502.5,1,1,accepted,2467.7107638334955,0.002168722450733185,1,0,0.023532334715127945,0.6700243353843689,0.00291991769336164,1,-0.002132,0.016191,0.0,0.0,0.0,0.016191,cmd+odom,0,CLEAR,0.0016088919946923852,0.0016088919946923852,conservative_visual,
236,7.891239,7.891239,1,0.01285244227775421,0.670026040544286,5560.5,1,1,accepted,2497.055048516487,0.08284573256969452,1,0,0.02006698213517666,0.6700960397720337,0.0027688525151461363,1,-0.002132,0.016191,0.0,0.0,0.0,0.016191,cmd+odom,0,CLEAR,0.002312014577910304,0.002132,conservative_odom,
237,7.925491,7.925491,1,0.026886321024667596,0.6694663999823696,5439.5,1,1,accepted,2443.3534651022733,0.04653259739279747,1,0,0.021489663049578667,0.669974684715271,0.0016896930756047368,1,-0.006397,0.048572,0.0,0.0,0.0,0.048572,cmd+odom,0,CLEAR,0.002312014577910304,0.002312014577910304,conservative_visual,
238,7.956268,7.956268,1,0.01566235463221486,0.670026040544286,5487.0,1,1,accepted,2463.3456591125355,0.023006906732916832,1,0,0.01949981600046158,0.6700264811515808,0.0016888335812836885,1,-0.006397,0.048572,0.0,0.0,0.0,0.048572,cmd+odom,0,CLEAR,0.0016896930756047368,0.0016896930756047368,conservative_visual,
239,7.997068,7.997068,1,0.01285244227775421,0.670026040544286,5540.5,1,1,accepted,2488.076969054591,0.025684915482997894,1,0,0.016866585239768028,0.6700744032859802,0.0015840093838050961,1,0.0,0.0,0.0,0.0,0.0,0.0,none,0,CLEAR,0.0016888335812836885,-0.0,conservative_odom,
240,8.034059,8.034059,1,0.022680085118658076,0.6701515767799617,5544.0,1,1,accepted,2490.3957405125852,0.037220269441604614,1,0,0.017854677513241768,0.6701386570930481,0.0016123226378113031,1,0.0,0.0,0.0,0.0,0.0,0.0,none,0,CLEAR,0.0016123226378113031,-0.0,conservative_odom,
241,8.073565,8.073565,1,0.018470702168261785,0.6707216892335377,5609.0,1,1,accepted,2519.8655050868,0.001713261241093278,1,0,0.017504487186670303,0.670364260673523,0.002420086646452546,1,-0.006397,0.048572,0.0,0.0,0.0,0.048572,cmd+odom,0,CLEAR,0.0016888335812836885,0.0016888335812836885,conservative_visual,
242,8.114508,8.114508,1,0.026886321024667596,0.6694663999823696,5491.5,1,1,accepted,2469.0485026308484,0.07801973819732666,1,0,0.020007016137242317,0.6701448559761047,0.0008317578467540443,1,-0.006397,0.048572,0.0,0.0,0.0,0.048572,cmd+odom,0,CLEAR,0.0016888335812836885,0.0016888335812836885,conservative_visual,
243,8.156373,8.156373,1,0.022680085118658076,0.6703930569837439,5457.0,1,1,accepted,2451.065729557811,0.005658066365867853,1,0,0.020834224298596382,0.6702494025230408,0.0011793519370257854,1,-0.008529,0.0,0.0,0.0,0.0,0.0,none,0,CLEAR,0.0016505781095474958,0.0016505781095474958,conservative_visual,
244,8.190220,8.19022,1,0.019874091782830654,0.6701515767799617,5541.0,1,1,accepted,2489.5452018782717,0.0008631108212284744,1,0,0.020597735419869423,0.6702460050582886,0.0009634110610932112,1,-0.008529,0.0,0.0,0.0,0.0,0.0,none,0,CLEAR,0.0016123226378113031,0.0016123226378113031,conservative_visual,
245,8.226132,8.226132,1,0.031088610133335057,0.668994024951211,5697.0,1,1,accepted,2559.584904961767,0.08491648733615875,1,0,0.023883845657110214,0.6698811054229736,-0.0010289846686646342,1,-0.012794,0.032381,0.0,0.0,-0.012794,0.032381,odom,0,CLEAR,0.0013816806604154408,0.0013816806604154408,conservative_visual,
246,8.259232,8.259232,1,0.01285244227775421,0.6713801259553304,5538.0,1,1,accepted,2484.925275470165,0.10629921406507492,1,0,0.020954519510269165,0.670309841632843,0.0012799293035641313,1,-0.012794,0.032381,0.0,0.0,-0.012794,0.032381,odom,0,CLEAR,0.0012296406202949584,0.0012296406202949584,conservative_visual,
247,8.297957,8.297957,1,0.022680085118658076,0.6701515767799617,5630.0,1,1,accepted,2530.060492136541,0.002337185898795724,1,0,0.021482044830918312,0.6702954769134521,0.0009608192485757172,1,-0.010662,-0.016191,0.0,0.0,-0.010662,-0.016191,odom,0,CLEAR,0.0010713814990594983,0.0010713814990594983,conservative_visual,
248,8.331137,8.331137,1,-0.00122046903093391,0.6713801259553304,5615.0,1,1,accepted,2523.0532985641944,0.404568612575531,1,0,0.014724981039762497,0.6706433892250061,0.0025375306140631437,1,-0.010662,-0.016191,0.0,0.0,-0.010662,-0.016191,odom,0,CLEAR,0.0011793519370257854,0.0011793519370257854,conservative_visual,
249,8.367614,8.367614,1,-0.006860464139492914,0.6717300286990541,5589.5,1,1,accepted,2515.8742521012778,0.3246111571788788,1,0,0.0074040149338543415,0.6710360646247864,0.004034258890897036,1,-0.012794,0.0,0.0,0.0,-0.012794,0.0,odom+cmd,0,CLEAR,0.0011793519370257854,0.0011793519370257854,conservative_visual,
250,8.400186,8.400186,1,0.014257398454984535,0.6710022830516943,5561.0,1,1,accepted,2509.5071748668624,0.06187119707465172,1,0,0.0079922741279006,0.6711187958717346,0.003791266353800893,1,-0.012794,0.0,0.0,0.0,-0.012794,0.0,odom+cmd,0,CLEAR,0.0011793519370257854,0.0011793519370257854,conservative_visual,
251,8.433250,8.43325,1,0.00018837286722504093,0.6717696732424363,5668.0,1,1,accepted,2557.868237688348,0.030244454741477966,1,0,0.004565632436424494,0.6713970899581909,0.0045540244318544865,1,-0.010662,-0.016191,0.0,0.0,-0.010662,-0.016191,odom,0,CLEAR,0.0012799293035641313,0.0012799293035641313,conservative_visual,
252,8.467100,8.4671,1,0.005820644219002868,0.6717308535101915,5603.0,1,1,accepted,2532.9173590442047,0.008243072777986526,1,0,0.0035289283841848373,0.6716033220291138,0.004813718143850565,1,-0.010662,-0.016191,0.0,0.0,-0.010662,-0.016191,odom,0,CLEAR,0.0025375306140631437,0.0025375306140631437,conservative_visual,
253,8.498434,8.498434,1,-0.013919288799529798,0.6716338918022402,5559.0,1,1,accepted,2514.9980823686647,0.19784624874591827,1,0,-0.002627916168421507,0.671720027923584,0.00464339554309845,1,-0.010662,0.016191,0.0,0.0,-0.010662,0.016191,odom,0,CLEAR,0.003791266353800893,0.003791266353800893,conservative_visual,
254,8.527340,8.52734,1,-0.013919288799529798,0.6716338918022402,5584.0,1,1,accepted,2531.9188807991686,0.06670741736888885,1,0,-0.007323281839489937,0.6717936992645264,0.004341167863458395,1,-0.010662,0.016191,0.0,0.0,-0.010662,0.016191,odom,0,CLEAR,0.004034258890897036,0.004034258890897036,conservative_visual,
255,8.561276,8.561276,1,-0.012506605508683037,0.6716715419415401,5531.0,1,1,accepted,2513.5033475851933,0.00387960416264832,1,0,-0.01093133632093668,0.6718659996986389,0.0039667002856731415,1,-0.006397,-0.016191,0.0,0.0,0.0,-0.016191,cmd+odom,0,CLEAR,0.004034258890897036,0.004034258890897036,conservative_visual,
256,8.594655,8.594655,1,0.008634452857591885,0.6715464933271715,5557.5,1,1,accepted,2529.8026638511155,0.4094277024269104,1,0,-0.007650808896869421,0.6718718409538269,0.0033354598563164473,1,-0.006397,-0.016191,0.0,0.0,0.0,-0.016191,cmd+odom,0,CLEAR,0.0040004795882850885,0.0040004795882850885,conservative_visual,
257,8.627325,8.627325,1,-0.006860464139492914,0.6717300286990541,5563.0,1,1,accepted,2527.6389849986444,0.006082920823246241,1,0,-0.008838124573230743,0.6719107031822205,0.0029856758192181587,1,-0.012794,0.0,0.0,0.0,-0.012794,0.0,odom+cmd,0,CLEAR,0.0040004795882850885,0.0040004795882850885,conservative_visual,
258,8.656625,8.656625,1,-0.0096827683288975,0.6716737033421297,5571.5,1,1,accepted,2532.491395843669,0.0005977840628474951,1,0,-0.01026209443807602,0.671909749507904,0.0025443017948418856,1,-0.012794,0.0,0.0,0.0,-0.012794,0.0,odom+cmd,0,CLEAR,0.0040004795882850885,0.0040004795882850885,conservative_visual,
259,8.694370,8.69437,1,-0.013919288799529798,0.6716338918022402,5549.0,1,1,accepted,2524.217543654278,0.002104563871398568,1,0,-0.012785948812961578,0.6718999743461609,0.002016388578340411,1,-0.008529,0.0,0.0,0.0,0.0,0.0,none,0,CLEAR,0.003878983319737017,0.003878983319737017,conservative_visual,
260,8.724575,8.724575,1,-0.005450080328716581,0.6717308535101915,5546.0,1,1,accepted,2524.874131589012,0.06594030559062958,1,0,-0.011994149535894394,0.6718969345092773,0.0016971731092780828,1,-0.008529,0.0,0.0,0.0,0.0,0.0,none,0,CLEAR,0.0036510800709947944,0.0036510800709947944,conservative_visual,
261,8.753791,8.753791,1,-0.006860464139492914,0.6717300286990541,5517.0,1,1,accepted,2510.239122775294,0.03358164057135582,1,0,-0.011550667695701122,0.6718878149986267,0.001403721864335239,1,-0.012794,0.032381,0.0,0.0,-0.012794,0.032381,odom,0,CLEAR,0.003160567837767303,0.003160567837767303,conservative_visual,
262,8.782639,8.782639,1,-0.0096827683288975,0.6716737033421297,5611.0,1,1,accepted,2552.103420405822,0.006925720255821943,1,0,-0.011813683435320854,0.6718605756759644,0.0010654497891664505,1,-0.012794,0.032381,0.0,0.0,-0.012794,0.032381,odom,0,CLEAR,0.002764988807030022,0.002764988807030022,conservative_visual,
263,8.818916,8.818916,1,-0.006860464139492914,0.6717300286990541,5428.5,1,1,accepted,2469.2882868734273,0.03007616102695465,1,0,-0.011283895932137966,0.6718524098396301,0.0008316495222970843,1,-0.012794,0.0,0.0,0.0,-0.012794,0.0,odom+cmd,0,CLEAR,0.0022803451865911484,0.0022803451865911484,conservative_visual,
264,8.847495,8.847495,1,-0.006860464139492914,0.6717300286990541,5532.0,1,1,accepted,2515.1273392234434,0.021112872287631035,1,0,-0.010585472919046879,0.6718368530273438,0.0006349860923364758,1,-0.012794,0.0,0.0,0.0,-0.012794,0.0,odom+cmd,0,CLEAR,0.001856780843809247,0.001856780843809247,conservative_visual,
265,8.883578,8.883578,1,-0.0026300827744370793,0.6717504177623358,5583.5,1,1,accepted,2537.624080209652,0.05871143192052841,1,0,-0.008803297765552998,0.6718292832374573,0.00048269436229020357,1,-0.014926,0.016191,0.0,0.0,-0.014926,0.016191,odom,0,CLEAR,0.0015504474868066609,0.0015504474868066609,conservative_visual,
266,8.919057,8.919057,1,0.0044133513251998595,0.6717889073161905,5493.5,1,1,accepted,2494.468055794576,0.14246289432048798,1,0,-0.005164619535207748,0.6718300580978394,0.00040099650504998863,1,-0.014926,0.016191,0.0,0.0,-0.014926,0.016191,odom,0,CLEAR,0.0012345858267508447,0.0012345858267508447,conservative_visual,
267,8.955275,8.955275,1,-0.005450080328716581,0.6717308535101915,5537.5,1,1,accepted,2510.619997038623,0.0005169007345102727,1,0,-0.004881150089204311,0.671811580657959,0.00023614009842276573,1,-0.019191,0.016191,0.0,0.0,-0.019191,0.016191,odom,0,CLEAR,0.0009485496557317674,0.0009485496557317674,conservative_visual,
268,8.990730,8.99073,1,0.007215089993711095,0.6750478997818132,5530.5,1,1,accepted,2507.0752563970073,0.11452223360538483,1,0,-0.0010121016530320048,0.6727648377418518,0.004952646791934967,1,-0.019191,0.016191,0.0,0.0,-0.019191,0.016191,odom,0,CLEAR,0.0009485496557317674,0.0009485496557317674,conservative_visual,
269,9.027117,9.027117,1,0.01289256929528545,0.6820197693581842,5533.5,1,1,accepted,2513.4680575207003,0.19266843795776367,1,0,0.0038793811108917,0.6756347417831421,0.01836882345378399,1,-0.014926,0.016191,0.0,0.0,-0.014926,0.016191,odom,0,CLEAR,0.0008316495222970843,0.0008316495222970843,conservative_visual,
270,9.064011,9.064011,1,0.035693491060585454,0.6805441079975251,5518.5,1,1,accepted,2528.425690987529,0.7141645550727844,1,0,0.014690199866890907,0.6775820255279541,0.024697551503777504,1,-0.014926,0.016191,0.0,0.0,-0.014926,0.016191,odom,0,CLEAR,0.0008316495222970843,0.0008316495222970843,conservative_visual,
271,9.101672,9.101672,1,0.03000303750794218,0.6796077637497394,5472.0,1,1,accepted,2519.4754017222785,0.10815483331680298,1,0,0.021808432415127754,0.6788454055786133,0.02635793201625347,1,-0.019191,0.016191,0.0,0.0,-0.019191,0.016191,odom,0,CLEAR,0.0008316495222970843,0.0008316495222970843,conservative_visual,
272,9.135222,9.135222,1,0.027155357658428025,0.6820197693581842,5507.5,1,1,accepted,2544.774733538671,0.006078645121306181,1,0,0.026034299284219742,0.6804130673408508,0.029763102531433105,1,-0.019191,0.016191,0.0,0.0,-0.019191,0.016191,odom,0,CLEAR,0.004952646791934967,0.004952646791934967,conservative_visual,
273,9.168741,9.168741,1,0.015748366997708832,0.6833215785268473,5585.0,1,1,accepted,2594.028178196645,0.15898828208446503,1,0,0.025705916807055473,0.6819731593132019,0.032566267997026443,1,-0.019191,0.016191,0.0,0.0,-0.019191,0.016191,odom,0,CLEAR,0.01836882345378399,0.01836882345378399,conservative_visual,
274,9.201724,9.201724,1,0.01717545762381262,0.686291097740088,5498.0,1,1,accepted,2565.6824504433803,0.11460237205028534,1,0,0.02541499398648739,0.6839893460273743,0.03726167604327202,1,-0.019191,0.016191,0.0,0.0,-0.019191,0.016191,odom,0,CLEAR,0.024697551503777504,0.019191,conservative_odom,
275,9.234537,9.234537,1,0.02430604713587083,0.6840927271646984,5478.0,1,1,accepted,2572.4278497209343,0.011385707184672356,1,0,0.0268880445510149,0.6848904490470886,0.03565867245197296,1,-0.014926,-0.016191,0.0,0.0,-0.014926,-0.016191,odom,0,CLEAR,0.02635793201625347,0.014926,conservative_odom,
276,9.267214,9.267214,1,0.02002882886628857,0.686291097740088,5495.5,1,1,accepted,2587.233464837138,0.06720225512981415,1,0,0.026603534817695618,0.686122715473175,0.03599295765161514,1,-0.014926,-0.016191,0.0,0.0,-0.014926,-0.016191,odom,0,CLEAR,0.029763102531433105,0.014926,conservative_odom,
277,9.297537,9.297537,1,0.02573070239714943,0.6852532912093988,5482.5,1,1,accepted,2589.6789413130655,0.008683920837938786,1,0,0.027637986466288567,0.6866683959960938,0.0332716703414917,1,-0.021323,0.0,0.0,0.0,-0.021323,0.0,odom+cmd,0,CLEAR,0.032566267997026443,0.021323,conservative_odom,
278,9.330406,9.330406,1,0.01432046814649714,0.6870172323167008,5489.5,1,1,accepted,2597.320018843946,0.1835351288318634,1,0,0.025221895426511765,0.6875543594360352,0.03223627433180809,1,-0.021323,0.0,0.0,0.0,-0.021323,0.0,odom+cmd,0,CLEAR,0.032566267997026443,0.021323,conservative_odom,
279,9.369555,9.369555,1,0.01717545762381262,0.686291097740088,5518.5,1,1,accepted,2618.5842490844757,0.0740244910120964,1,0,0.023806966841220856,0.6880792379379272,0.028559517115354538,1,-0.023455,-0.016191,0.0,0.0,-0.023455,-0.016191,odom,0,CLEAR,0.032566267997026443,0.023455,conservative_odom,
280,9.403410,9.40341,1,0.01717545762381262,0.686291097740088,5482.0,1,1,accepted,2602.821973514799,0.04810962453484535,1,0,0.022361718118190765,0.6882455945014954,0.024564655497670174,1,-0.023455,-0.016191,0.0,0.0,-0.023455,-0.016191,odom,0,CLEAR,0.032566267997026443,0.023455,conservative_odom,
281,9.433568,9.433568,1,0.01003515872129517,0.6873985246313065,5513.5,1,1,accepted,2617.271062977526,0.12888392806053162,1,0,0.01908911019563675,0.6885384917259216,0.022328268736600876,1,-0.031985,-0.016191,0.0,0.0,-0.031985,-0.016191,odom,0,CLEAR,0.03240127116441727,0.031985,conservative_odom,
282,9.470114,9.470114,1,0.008605648792654547,0.6872630850413946,5483.5,1,1,accepted,2606.0275707528826,0.08531101793050766,1,0,0.015842558816075325,0.6887498497962952,0.01930968463420868,1,-0.031985,-0.016191,0.0,0.0,-0.031985,-0.016191,odom,0,CLEAR,0.03223627433180809,0.031985,conservative_odom,
283,9.508009,9.508009,1,0.01146386400829031,0.6872630850413946,5334.5,1,1,accepted,2536.780378212006,0.01345259789377451,1,0,0.013929466716945171,0.6888228058815002,0.01602121815085411,1,-0.031985,0.016191,0.0,0.0,-0.031985,0.016191,odom,0,CLEAR,0.028559517115354538,0.028559517115354538,conservative_visual,
284,9.535804,9.535804,1,-0.001410540375654929,0.6870884760612616,5467.0,1,1,accepted,2598.6420334925456,0.1728869080543518,1,0,0.009044523350894451,0.6886540055274963,0.012952912598848343,1,-0.031985,0.016191,0.0,0.0,-0.031985,0.016191,odom,0,CLEAR,0.024564655497670174,0.024564655497670174,conservative_visual,
285,9.566539,9.566539,1,-0.00857727319739993,0.6872909929148217,5388.0,1,1,accepted,2561.487430100744,0.21134020388126373,1,0,0.003079209243878722,0.6885640621185303,0.010512328706681728,1,-0.036249,0.016191,0.0,0.0,-0.036249,0.016191,odom,0,CLEAR,0.023446462117135525,0.023446462117135525,conservative_visual,
286,9.595393,9.595393,1,-0.00857727319739993,0.687239314959869,5409.5,1,1,accepted,2573.827865621978,0.07699403911828995,1,0,-0.0015655594179406762,0.6884275674819946,0.008312270976603031,1,-0.036249,0.016191,0.0,0.0,-0.036249,0.016191,odom,0,CLEAR,0.020818976685404778,0.020818976685404778,conservative_visual,
287,9.627088,9.627088,1,-0.0015079033966611116,0.6915954770337632,5317.0,1,1,accepted,2532.1882622821713,0.012834068387746811,1,0,-0.003492085263133049,0.689477264881134,0.012244319543242455,1,-0.031985,0.016191,0.0,0.0,-0.031985,0.016191,odom,0,CLEAR,0.017665451392531395,0.017665451392531395,conservative_visual,
288,9.663489,9.663489,1,-0.005842342802912577,0.6898079963621737,5363.5,1,1,accepted,2565.2171171950718,0.0002740172203630209,1,0,-0.006255385000258684,0.6898907423019409,0.012083141133189201,1,-0.031985,0.016191,0.0,0.0,-0.031985,0.016191,odom,0,CLEAR,0.014487065374851227,0.014487065374851227,conservative_visual,
289,9.695588,9.695588,1,0.07211103134599015,0.6912457823625622,5312.0,1,1,accepted,2545.2720645611394,5.246814727783203,1,0,0.013763274997472763,0.6905483603477478,0.013431155122816563,1,-0.031985,0.016191,0.0,0.0,-0.031985,0.016191,odom,0,CLEAR,0.013192033860832453,0.013192033860832453,conservative_visual,
290,9.726380,9.72638,1,0.05774384544435523,0.6950908049801122,5262.0,1,1,accepted,2513.0970474522333,1.4998064041137695,1,0,0.02660861611366272,0.6920982003211975,0.019106203690171242,1,-0.031985,0.016191,0.0,0.0,-0.031985,0.016191,odom,0,CLEAR,0.013192033860832453,0.013192033860832453,conservative_visual,
291,9.773382,9.773382,1,0.04621906548425857,0.696749574863015,5234.5,1,1,accepted,2514.824512516475,0.19079871475696564,1,0,0.035615865141153336,0.6941437721252441,0.024851251393556595,1,-0.031985,0.016191,0.0,0.0,-0.031985,0.016191,odom,0,CLEAR,0.012952912598848343,0.012952912598848343,conservative_visual,
292,9.802632,9.802632,1,0.037557528055996534,0.6999346957314031,5165.0,1,1,accepted,2497.659086191141,0.021841401234269142,1,0,0.03857972472906113,0.6963440179824829,0.032250430434942245,1,-0.031985,0.016191,0.0,0.0,-0.031985,0.016191,odom,0,CLEAR,0.013192033860832453,0.013192033860832453,conservative_visual,
293,9.841739,9.841739,1,0.04621906548425857,0.6986872718375061,5286.0,1,1,accepted,2578.419704768158,0.008848808705806732,1,0,0.043984729796648026,0.6979313492774963,0.03388962894678116,1,-0.034117,0.032381,0.0,0.0,-0.034117,0.032381,odom,0,CLEAR,0.013431155122816563,0.013431155122816563,conservative_visual,
294,9.870845,9.870845,1,0.044776754517053034,0.6989098907038579,5263.0,1,1,accepted,2579.6923238219265,0.005574963055551052,1,0,0.04666703939437866,0.6989154815673828,0.03387824073433876,1,-0.034117,0.032381,0.0,0.0,-0.034117,0.032381,odom,0,CLEAR,0.019106203690171242,0.019106203690171242,conservative_visual,
295,9.901618,9.901618,1,0.037557528055996534,0.6999346957314031,5184.0,1,1,accepted,2550.5463744321182,0.12738099694252014,1,0,0.04663091525435448,0.6999514698982239,0.03384522348642349,1,-0.036249,0.016191,0.0,0.0,-0.036249,0.016191,odom,0,CLEAR,0.024851251393556595,0.024851251393556595,conservative_visual,
296,9.933351,9.933351,1,0.03900239384570622,0.6997415145141295,5230.5,1,1,accepted,2580.863886058925,0.09290118515491486,1,0,0.046708401292562485,0.7006665468215942,0.03204380348324776,1,-0.036249,0.016191,0.0,0.0,-0.036249,0.016191,odom,0,CLEAR,0.03204380348324776,0.03204380348324776,conservative_visual,
297,9.972586,9.972586,1,0.025985058601120603,0.7013228556260939,5099.5,1,1,accepted,2522.8126004353917,0.4499689042568207,1,0,0.042899563908576965,0.7017476558685303,0.03116152063012123,1,-0.044778,-0.016191,0.0,0.0,-0.044778,-0.016191,odom,0,CLEAR,0.03204380348324776,0.03204380348324776,conservative_visual,
298,10.001966,10.001966,1,0.02743330566592965,0.7011690138653671,5155.5,1,1,accepted,2552.0099281157964,0.2276885211467743,1,0,0.03951163589954376,0.7022411227226257,0.02904793806374073,1,-0.044778,-0.016191,0.0,0.0,-0.044778,-0.016191,odom,0,CLEAR,0.03204380348324776,0.03204380348324776,conservative_visual,
299,10.031028,10.031028,1,0.03322123464254584,0.7004945897959903,5243.5,1,1,accepted,2596.400254911801,0.044360797852277756,1,0,0.038264624774456024,0.7023743987083435,0.02548876218497753,1,-0.038381,0.0,0.0,0.0,-0.038381,0.0,odom+cmd,0,CLEAR,0.03204380348324776,0.03204380348324776,conservative_visual,
300,10.069300,10.0693,1,0.0317746746079377,0.7006681148815134,5100.5,1,1,accepted,2526.8355378918072,0.044441644102334976,1,0,0.036760494112968445,0.702579915523529,0.021635977551341057,1,-0.038381,0.0,0.0,0.0,-0.038381,0.0,odom+cmd,0,CLEAR,0.031602662056684494,0.031602662056684494,conservative_visual,
301,10.113500,10.1135,1,0.014385654770059566,0.7026147289691299,5208.5,1,1,accepted,2580.9011984875992,0.38978254795074463,1,0,0.02994205802679062,0.7032514810562134,0.02021070383489132,1,-0.042646,0.0,0.0,0.0,-0.042646,0.0,odom+cmd,0,CLEAR,0.03116152063012123,0.03116152063012123,conservative_visual,
302,10.152756,10.152756,1,0.018738782119026735,0.7022814570250704,5136.0,1,1,accepted,2546.326117519719,0.07793593406677246,1,0,0.025567885488271713,0.703490674495697,0.01743636652827263,1,-0.042646,0.0,0.0,0.0,-0.042646,0.0,odom+cmd,0,CLEAR,0.02904793806374073,0.02904793806374073,conservative_visual,
303,10.186109,10.186109,1,0.018738782119026735,0.7022814570250704,5227.5,1,1,accepted,2591.3917403438913,0.023746991530060768,1,0,0.022385844960808754,0.7035256624221802,0.014700761996209621,1,-0.044778,0.016191,0.0,0.0,-0.044778,0.016191,odom,0,CLEAR,0.02548876218497753,0.02548876218497753,conservative_visual,
304,10.222337,10.222337,1,0.008575925243328893,0.703412149103169,5104.0,1,1,accepted,2530.110530222288,0.1078956350684166,1,0,0.01677834615111351,0.7038611173629761,0.013715261593461037,1,-0.044778,0.016191,0.0,0.0,-0.044778,0.016191,odom,0,CLEAR,0.021635977551341057,0.021635977551341057,conservative_visual,
305,10.258204,10.258204,1,-0.00015112097333444888,0.7035131297478954,5123.5,1,1,accepted,2542.8266088872756,0.15859200060367584,1,0,0.009797879494726658,0.7040976285934448,0.012439597398042679,1,-0.044778,-0.016191,0.0,0.0,-0.044778,-0.016191,odom,0,CLEAR,0.02021070383489132,0.02021070383489132,conservative_visual,
306,10.293137,10.293137,1,0.018738782119026735,0.7022814570250704,5015.0,1,1,accepted,2492.802452154784,0.12066563963890076,1,0,0.010171737521886826,0.7038538455963135,0.00905493926256895,1,-0.044778,-0.016191,0.0,0.0,-0.044778,-0.016191,odom,0,CLEAR,0.01743636652827263,0.01743636652827263,conservative_visual,
307,10.327981,10.327981,1,-0.004520014807260123,0.7036272214269877,5088.0,1,1,accepted,2526.047173877443,0.11272796243429184,1,0,0.0039030974730849266,0.704007089138031,0.008246119134128094,1,-0.051175,0.0,0.0,0.0,-0.051175,0.0,odom+cmd,0,CLEAR,0.014700761996209621,0.014700761996209621,conservative_visual,
308,10.360340,10.36034,1,0.039484186104700246,0.7134116184967585,4980.0,1,1,accepted,2476.470487586587,1.2393563985824585,1,0,0.012147479690611362,0.7069473266601562,0.021571964025497437,1,-0.051175,0.0,0.0,0.0,-0.051175,0.0,odom+cmd,0,CLEAR,0.014700761996209621,0.014700761996209621,conservative_visual,
309,10.397076,10.397076,1,0.02772061366464971,0.7166108741833325,5068.0,1,1,accepted,2540.4671819504106,0.28666460514068604,1,0,0.015783604234457016,0.7103737592697144,0.03469749912619591,1,-0.053308,0.016191,0.0,0.0,-0.053308,0.016191,odom,0,CLEAR,0.014700761996209621,0.014700761996209621,conservative_visual,
310,10.437712,10.437712,1,0.021828357408953277,0.718833099691676,5025.5,1,1,accepted,2546.8338687841874,0.07145699113607407,1,0,0.01727776788175106,0.7139565348625183,0.04552435874938965,1,-0.053308,0.016191,0.0,0.0,-0.053308,0.016191,odom,0,CLEAR,0.014700761996209621,0.014700761996209621,conservative_visual,
311,10.477587,10.477587,1,0.01592916070839867,0.718833099691676,5055.5,1,1,accepted,2590.4856697892874,0.00828474760055542,1,0,0.016770802438259125,0.7167350649833679,0.050325002521276474,1,-0.042646,0.0,0.0,0.0,-0.042646,0.0,odom+cmd,0,CLEAR,0.014700761996209621,0.014700761996209621,conservative_visual,
312,10.514535,10.514535,1,0.017404392729526284,0.7187043701516488,5097.0,1,1,accepted,2632.476924367349,0.0005181464948691428,1,0,0.016843371093273163,0.7186288833618164,0.05049629136919975,1,-0.042646,0.0,0.0,0.0,-0.042646,0.0,odom+cmd,0,CLEAR,0.021571964025497437,0.021571964025497437,conservative_visual,
313,10.547968,10.547968,1,0.02772061366464971,0.7176831675470217,4939.5,1,1,accepted,2563.3546892397394,0.09892240166664124,1,0,0.02006593532860279,0.7195160984992981,0.04650237783789635,1,-0.044778,0.016191,0.0,0.0,-0.044778,0.016191,odom,0,CLEAR,0.03469749912619591,0.03469749912619591,conservative_visual,
314,10.581882,10.581882,1,0.02330185618127075,0.7181494067437479,4966.0,1,1,accepted,2582.256380916554,0.0128302788361907,1,0,0.021343180909752846,0.7202123999595642,0.04211003705859184,1,-0.044778,0.016191,0.0,0.0,-0.044778,0.016191,odom,0,CLEAR,0.04211003705859184,0.04211003705859184,conservative_visual,
315,10.621529,10.621529,1,0.005588741688645371,0.7198878581810861,4934.5,1,1,accepted,2571.4390820773933,0.2108033299446106,1,0,0.016964871436357498,0.7212681174278259,0.03904947638511658,1,-0.051175,0.0,0.0,0.0,-0.051175,0.0,odom+cmd,0,CLEAR,0.04211003705859184,0.04211003705859184,conservative_visual,
316,10.654754,10.654754,1,0.008545235584128601,0.7200147115482863,4933.0,1,1,accepted,2575.9887477975526,0.056725576519966125,1,0,0.014249287545681,0.7217994928359985,0.03522868454456329,1,-0.051175,0.0,0.0,0.0,-0.051175,0.0,odom+cmd,0,CLEAR,0.04211003705859184,0.04211003705859184,conservative_visual,
317,10.689678,10.689678,1,0.01592916070839867,0.718833099691676,4934.5,1,1,accepted,2580.7144131602495,0.018166325986385345,1,0,0.014254740439355373,0.7217763662338257,0.0289766788482666,1,-0.059704,0.0,0.0,0.0,-0.059704,0.0,odom+cmd,0,CLEAR,0.04211003705859184,0.04211003705859184,conservative_visual,
318,10.721693,10.721693,1,-0.01218609260035746,0.7202298615693354,5006.0,1,1,accepted,2615.707491689182,0.5331469178199768,1,0,0.0061685252003371716,0.7219828367233276,0.025378845632076263,1,-0.059704,0.0,0.0,0.0,-0.059704,0.0,odom+cmd,0,CLEAR,0.04211003705859184,0.04211003705859184,conservative_visual,
319,10.757787,10.757787,1,-0.0018097724496968191,0.7202136159031775,4877.0,1,1,accepted,2553.1024275507216,0.0340011827647686,1,0,0.0024319649673998356,0.7221069931983948,0.021429555490612984,1,-0.061837,0.016191,0.0,0.0,-0.061837,0.016191,odom,0,CLEAR,0.03904947638511658,0.03904947638511658,conservative_visual,
320,10.789483,10.789483,1,0.028017760911319183,0.7331564153629023,4782.5,1,1,accepted,2504.837351386194,0.687076210975647,1,0,0.008379277773201466,0.725774884223938,0.03633739799261093,1,-0.061837,0.016191,0.0,0.0,-0.061837,0.016191,odom,0,CLEAR,0.03633739799261093,0.03633739799261093,conservative_visual,
321,10.824737,10.824737,1,0.03848820975127969,0.7333608211743528,4840.5,1,1,accepted,2561.706017978556,0.7856675982475281,1,0,0.016545183956623077,0.7288892269134521,0.0454806350171566,1,-0.057572,-0.016191,0.0,0.0,-0.057572,-0.016191,odom,0,CLEAR,0.03633739799261093,0.03633739799261093,conservative_visual,
322,10.860523,10.860523,1,0.029514702063698516,0.7344961592447456,4855.5,1,1,accepted,2591.5285137259466,0.12936750054359436,1,0,0.020892946049571037,0.7316855788230896,0.05130781978368759,1,-0.057572,-0.016191,0.0,0.0,-0.057572,-0.016191,odom,0,CLEAR,0.03633739799261093,0.03633739799261093,conservative_visual,
323,10.895285,10.895285,1,0.01902531222816239,0.735592631283688,4823.0,1,1,accepted,2594.664496678946,0.011725261807441711,1,0,0.02130657620728016,0.7340927124023438,0.0544159896671772,1,-0.061837,0.016191,0.0,0.0,-0.061837,0.016191,odom,0,CLEAR,0.03633739799261093,0.03633739799261093,conservative_visual,
324,10.931147,10.931147,1,0.014522812261206438,0.7362190450046027,4759.0,1,1,accepted,2578.2407924671143,0.050337690860033035,1,0,0.020169448107481003,0.7360959053039551,0.054673828184604645,1,-0.061837,0.016191,0.0,0.0,-0.061837,0.016191,odom,0,CLEAR,0.03633739799261093,0.03633739799261093,conservative_visual,
325,10.967173,10.967173,1,0.017524776834550452,0.735726054109822,4871.5,1,1,accepted,2653.739078432857,0.013611326925456524,1,0,0.01995445229113102,0.7373689413070679,0.051203127950429916,1,-0.066101,-0.016191,0.0,0.0,-0.066101,-0.016191,odom,0,CLEAR,0.0454806350171566,0.0454806350171566,conservative_visual,
326,11.003098,11.003098,1,-0.012574759320128477,0.7373459615070566,4817.0,1,1,accepted,2632.201712108453,0.8591746687889099,1,0,0.010672402568161488,0.738651692867279,0.04843021556735039,1,-0.066101,-0.016191,0.0,0.0,-0.066101,-0.016191,odom,0,CLEAR,0.04843021556735039,0.04843021556735039,conservative_visual,
327,11.039273,11.039273,1,-0.0005137182971452423,0.7372635323767806,4744.0,1,1,accepted,2602.845854389715,0.08594115078449249,1,0,0.00650760717689991,0.7394610047340393,0.0437353253364563,1,-0.066101,-0.016191,0.0,0.0,-0.066101,-0.016191,odom,0,CLEAR,0.04843021556735039,0.04843021556735039,conservative_visual,
328,11.071434,11.071434,1,0.02375253895357199,0.7508056306083968,4666.0,1,1,accepted,2565.00820121087,0.3539471924304962,1,0,0.010490095242857933,0.7437769770622253,0.058231230825185776,1,-0.066101,-0.016191,0.0,0.0,-0.066101,-0.016191,odom,0,CLEAR,0.051203127950429916,0.051203127950429916,conservative_visual,
329,11.106835,11.106835,1,0.049607806467773394,0.749209486656547,4730.0,1,1,accepted,2633.2779352809453,1.251571536064148,1,0,0.021513547748327255,0.746830403804779,0.06317438185214996,1,-0.066101,0.016191,0.0,0.0,-0.066101,0.016191,odom,0,CLEAR,0.05130781978368759,0.05130781978368759,conservative_visual,
330,11.141355,11.141355,1,0.022227677818980537,0.752811874847564,4778.5,1,1,accepted,2680.8242013982112,0.011647965759038925,1,0,0.022670768201351166,0.7501267194747925,0.06873366236686707,1,-0.066101,0.016191,0.0,0.0,-0.066101,0.016191,odom,0,CLEAR,0.0544159896671772,0.0544159896671772,conservative_visual,
331,11.170155,11.170155,1,0.022227677818980537,0.752811874847564,4758.5,1,1,accepted,2691.7288076559007,0.002280863933265209,1,0,0.023331372067332268,0.75230473279953,0.06972362846136093,1,-0.061837,0.048572,0.0,0.0,-0.061837,0.048572,odom,0,CLEAR,0.054673828184604645,0.054673828184604645,conservative_visual,
332,11.203312,11.203312,1,0.020701887437681765,0.7529605525160987,4610.5,1,1,accepted,2625.4776075584864,0.013812950812280178,1,0,0.02344338782131672,0.7541502714157104,0.06739690899848938,1,-0.061837,0.048572,0.0,0.0,-0.061837,0.048572,odom,0,CLEAR,0.058231230825185776,0.058231230825185776,conservative_visual,
333,11.239460,11.23946,1,-0.02220037175042286,0.7548341936887766,4684.5,1,1,accepted,2681.5645149223305,1.7313274145126343,1,0,0.011087867431342602,0.7560821175575256,0.06487984210252762,1,-0.066101,-0.016191,0.0,0.0,-0.066101,-0.016191,odom,0,CLEAR,0.06317438185214996,0.06317438185214996,conservative_visual,
334,11.270522,11.270522,1,-0.0068370478778805865,0.7550299024238072,4521.5,1,1,accepted,2600.5177215359686,0.23224835097789764,1,0,0.005213911645114422,0.7572323679924011,0.06056217476725578,1,-0.066101,-0.016191,0.0,0.0,-0.066101,-0.016191,odom,0,CLEAR,0.06317438185214996,0.06317438185214996,conservative_visual,
335,11.302107,11.302107,1,0.05891242399009664,0.7591760153111937,4663.0,1,1,accepted,2691.9912648789423,2.477156639099121,1,0,0.018817797303199768,0.7591537833213806,0.06060507521033287,1,-0.061837,0.016191,0.0,0.0,-0.061837,0.016191,odom,0,CLEAR,0.06188972853124142,0.061837,conservative_odom,
336,11.335401,11.335401,1,0.002359128566743158,0.7550854921577321,4552.0,1,1,accepted,2637.474563379122,0.2615141272544861,1,0,0.014616082422435284,0.7594665884971619,0.052097562700510025,1,-0.061837,0.016191,0.0,0.0,-0.061837,0.016191,odom,0,CLEAR,0.06188972853124142,0.061837,conservative_odom,
337,11.374119,11.374119,1,0.028611707803313475,0.7638954914758364,4632.0,1,1,accepted,2686.7513202350638,0.16444525122642517,1,0,0.018519118428230286,0.7621881365776062,0.055611662566661835,1,-0.074631,-0.016191,0.0,0.0,-0.074631,-0.016191,odom,0,CLEAR,0.06317438185214996,0.06317438185214996,conservative_visual,
338,11.409185,11.409185,1,0.02864365961821352,0.770165517321896,4569.5,1,1,accepted,2668.3229732473087,0.10139613598585129,1,0,0.02183537371456623,0.7659052610397339,0.06442832201719284,1,-0.074631,-0.016191,0.0,0.0,-0.074631,-0.016191,odom,0,CLEAR,0.06442832201719284,0.06442832201719284,conservative_visual,
339,11.444317,11.444317,1,0.03329260462283844,0.7695987792650121,4644.5,1,1,accepted,2740.6422567716695,0.08756669610738754,1,0,0.025902537629008293,0.7685893177986145,0.06652625650167465,1,-0.066101,0.016191,0.0,0.0,-0.066101,0.016191,odom,0,CLEAR,0.06442832201719284,0.06442832201719284,conservative_visual,
340,11.480632,11.480632,1,0.02088511452579936,0.7709985067526497,4539.5,1,1,accepted,2698.7949238013157,0.03398219496011734,1,0,0.025521360337734222,0.7710031867027283,0.06651627272367477,1,-0.066101,0.016191,0.0,0.0,-0.066101,0.016191,odom,0,CLEAR,0.06442832201719284,0.06442832201719284,conservative_visual,
341,11.520113,11.520113,1,0.017778424128575294,0.7712960870819849,4419.0,1,1,accepted,2644.998563855928,0.06768779456615448,1,0,0.024075668305158615,0.7729153037071228,0.06295757740736008,1,-0.074631,-0.016191,0.0,0.0,-0.074631,-0.016191,odom,0,CLEAR,0.06295757740736008,0.06295757740736008,conservative_visual,
342,11.557093,11.557093,1,0.027092721861326764,0.7703404896028021,4471.5,1,1,accepted,2687.4418340130474,0.022522468119859695,1,0,0.02551104873418808,0.7737385630607605,0.05545761063694954,1,-0.074631,-0.016191,0.0,0.0,-0.074631,-0.016191,odom,0,CLEAR,0.06060507521033287,0.06060507521033287,conservative_visual,
343,11.599299,11.599299,1,-0.01652094156395397,0.7730845226187222,4531.0,1,1,accepted,2729.203235122107,1.4075299501419067,1,0,0.012784571386873722,0.7751246094703674,0.05070103704929352,1,-0.076763,0.0,0.0,0.0,-0.076763,0.0,odom+cmd,0,CLEAR,0.06060507521033287,0.06060507521033287,conservative_visual,
344,11.638745,11.638745,1,-0.005582411109432264,0.7732081932317517,4521.5,1,1,accepted,2732.2791954577515,0.2192855328321457,1,0,0.005683736875653267,0.775867223739624,0.04443557187914848,1,-0.076763,0.0,0.0,0.0,-0.076763,0.0,odom+cmd,0,CLEAR,0.059284619987010956,0.059284619987010956,conservative_visual,
345,11.674559,11.674559,1,0.0525928823611646,0.7853366711535572,4437.0,1,1,accepted,2686.4649855037906,1.9106380939483643,1,0,0.018692772835493088,0.7799381613731384,0.056793298572301865,1,-0.074631,-0.016191,0.0,0.0,-0.074631,-0.016191,odom,0,CLEAR,0.05987543798983097,0.05987543798983097,conservative_visual,
346,11.708515,11.708515,1,0.05730337953537445,0.7845183658704616,4392.5,1,1,accepted,2685.365541949072,1.141844630241394,1,0,0.03067101538181305,0.7826794385910034,0.06084563583135605,1,-0.074631,-0.016191,0.0,0.0,-0.074631,-0.016191,odom,0,CLEAR,0.06084563583135605,0.06084563583135605,conservative_visual,
347,11.738586,11.738586,1,0.025815716895694955,0.7890916349646201,4464.5,1,1,accepted,2748.9115169453326,0.05286727845668793,1,0,0.03062671795487404,0.7858510613441467,0.06754255294799805,1,-0.081027,0.0,0.0,0.0,-0.081027,0.0,odom+cmd,0,CLEAR,0.06084563583135605,0.06084563583135605,conservative_visual,
348,11.771692,11.771692,1,0.02423580147679446,0.7892619468266026,4271.5,1,1,accepted,2654.0702766363006,0.054236624389886856,1,0,0.030064556747674942,0.788427472114563,0.06924224644899368,1,-0.081027,0.0,0.0,0.0,-0.081027,0.0,odom+cmd,0,CLEAR,0.06084563583135605,0.06084563583135605,conservative_visual,
349,11.807299,11.807299,1,0.02423580147679446,0.7892619468266026,4131.5,1,1,accepted,2585.2075549786227,0.044646039605140686,1,0,0.02944060228765011,0.7904155850410461,0.06685873121023178,1,-0.085292,0.0,0.0,0.0,-0.085292,0.0,odom+cmd,0,CLEAR,0.06084563583135605,0.06084563583135605,conservative_visual,
350,11.842122,11.842122,1,0.028973548181111752,0.7887297429807248,4411.5,1,1,accepted,2773.133321553952,0.014637026935815811,1,0,0.030096516013145447,0.7915670871734619,0.060985878109931946,1,-0.085292,0.0,0.0,0.0,-0.085292,0.0,odom+cmd,0,CLEAR,0.06084563583135605,0.06084563583135605,conservative_visual,
351,11.879753,11.879753,1,-0.0011064110425881048,0.7916010595890568,4263.5,1,1,accepted,2687.788904885884,0.8176376223564148,1,0,0.021545838564634323,0.7931853532791138,0.05761083588004112,1,-0.089557,0.0,0.0,0.0,-0.089557,0.0,odom+cmd,0,CLEAR,0.06084563583135605,0.06084563583135605,conservative_visual,
352,11.911251,11.911251,1,0.009996649287121734,0.7905817004848928,4256.5,1,1,accepted,2690.2448421056033,0.1102132499217987,1,0,0.01777644082903862,0.7937149405479431,0.05120063200592995,1,-0.089557,0.0,0.0,0.0,-0.089557,0.0,odom+cmd,0,CLEAR,0.06084563583135605,0.06084563583135605,conservative_visual,
353,11.943165,11.943165,1,0.050167374473231635,0.8043804653182387,4251.0,1,1,accepted,2689.4999806847754,0.9544693231582642,1,0,0.026253262534737587,0.7979304194450378,0.06408000737428665,1,-0.087424,0.016191,0.0,0.0,-0.087424,0.016191,odom,0,CLEAR,0.060985878109931946,0.060985878109931946,conservative_visual,
354,11.976335,11.976335,1,0.059761482751824524,0.803243914518786,4265.5,1,1,accepted,2730.4964423130505,0.8766593933105469,1,0,0.036116983741521835,0.8009639978408813,0.06860989332199097,1,-0.087424,0.016191,0.0,0.0,-0.087424,0.016191,odom,0,CLEAR,0.06408000737428665,0.06408000737428665,conservative_visual,
355,12.011913,12.011913,1,0.027707640234821904,0.8080662506322538,4226.5,1,1,accepted,2730.8459056753177,0.1052531749010086,1,0,0.03521540015935898,0.8047521710395813,0.07532832026481628,1,-0.081027,0.0,0.0,0.0,-0.081027,0.0,odom+cmd,0,CLEAR,0.06685873121023178,0.06685873121023178,conservative_visual,
356,12.039716,12.039716,1,0.04376077054055459,0.8059241523352992,4161.5,1,1,accepted,2711.312059220861,0.04339832440018654,1,0,0.038485996425151825,0.8065916895866394,0.07405681908130646,1,-0.081027,0.0,0.0,0.0,-0.081027,0.0,odom+cmd,0,CLEAR,0.06685873121023178,0.06685873121023178,conservative_visual,
357,12.070595,12.070595,1,0.024490769619649317,0.8084299135669974,4158.5,1,1,accepted,2724.328699028685,0.19921179115772247,1,0,0.03589986264705658,0.8087558150291443,0.0734444186091423,1,-0.087424,-0.016191,0.0,0.0,-0.087424,-0.016191,odom,0,CLEAR,0.06773431226611137,0.06773431226611137,conservative_visual,
358,12.107721,12.107721,1,0.021271827242516025,0.8087719489226792,4124.0,1,1,accepted,2718.037471307719,0.20660708844661713,1,0,0.03264700621366501,0.8107130527496338,0.06960175186395645,1,-0.087424,-0.016191,0.0,0.0,-0.087424,-0.016191,odom,0,CLEAR,0.06860989332199097,0.06860989332199097,conservative_visual,
359,12.137754,12.137754,1,0.009989531218807376,0.8098011895322439,4063.0,1,1,accepted,2685.406367909161,0.43199360370635986,1,0,0.02661232091486454,0.8119711875915527,0.06544378399848938,1,-0.074631,-0.016191,0.0,0.0,-0.074631,-0.016191,odom,0,CLEAR,0.06702683866024017,0.06702683866024017,conservative_visual,
360,12.166724,12.166724,1,-0.011030611799907664,0.8111958265009472,4045.0,1,1,accepted,2679.4539143592824,1.1185495853424072,1,0,0.01600155606865883,0.8131449222564697,0.06183432415127754,1,-0.074631,-0.016191,0.0,0.0,-0.074631,-0.016191,odom,0,CLEAR,0.06702683866024017,0.06702683866024017,conservative_visual,
361,12.206263,12.206263,1,0.0019149023760749624,0.8112838812088361,3990.5,1,1,accepted,2655.3794125752165,0.11583629250526428,1,0,0.009973506443202496,0.8143559098243713,0.055664800107479095,1,-0.078895,0.016191,0.0,0.0,-0.078895,0.016191,odom,0,CLEAR,0.06702683866024017,0.06702683866024017,conservative_visual,
362,12.242518,12.242518,1,0.021476069421539803,0.8240371015660304,4025.5,1,1,accepted,2685.571576762972,0.21504361927509308,1,0,0.01110275462269783,0.8186106085777283,0.06685085594654083,1,-0.078895,0.016191,0.0,0.0,-0.078895,0.016191,odom,0,CLEAR,0.0677303746342659,0.0677303746342659,conservative_visual,
363,12.279060,12.27906,1,0.023116218215907265,0.8284001442361062,3972.0,1,1,accepted,2679.7125876583273,0.20441566407680511,1,0,0.0129802031442523,0.8232300281524658,0.07773077487945557,1,-0.087424,-0.016191,0.0,0.0,-0.087424,-0.016191,odom,0,CLEAR,0.06960175186395645,0.06960175186395645,conservative_visual,
364,12.307687,12.307687,1,0.023116218215907265,0.8284001442361062,3942.5,1,1,accepted,2687.589261633421,0.11039486527442932,1,0,0.014944471418857574,0.8262887001037598,0.08189835399389267,1,-0.087424,-0.016191,0.0,0.0,-0.087424,-0.016191,odom,0,CLEAR,0.07152308523654938,0.07152308523654938,conservative_visual,
365,12.338990,12.33899,1,0.0017558158595277346,0.8311058486626623,3897.0,1,1,accepted,2677.9914227152226,0.1255112886428833,1,0,0.010631770826876163,0.8294815421104431,0.08504482358694077,1,-0.081027,-0.032381,0.0,0.0,-0.081027,-0.032381,odom,0,CLEAR,0.07152308523654938,0.07152308523654938,conservative_visual,
366,12.376079,12.376079,1,-0.004834606684764854,0.8312001089003366,3938.5,1,1,accepted,2732.4760520644572,0.15208667516708374,1,0,0.004983094055205584,0.832222044467926,0.08297691494226456,1,-0.081027,-0.032381,0.0,0.0,-0.081027,-0.032381,odom,0,CLEAR,0.06960175186395645,0.06960175186395645,conservative_visual,
367,12.405532,12.405532,1,-0.004834606684764854,0.8312001089003366,3892.0,1,1,accepted,2715.4476826615937,0.05965472385287285,1,0,0.0008629580843262374,0.8336986899375916,0.07814148813486099,1,-0.08316,-0.016191,0.0,0.0,-0.08316,-0.016191,odom,0,CLEAR,0.07366626337170601,0.07366626337170601,conservative_visual,
368,12.436416,12.436416,1,-0.018040747046533502,0.8310657581841323,3866.5,1,1,accepted,2709.077032298901,0.24113376438617706,1,0,-0.00604662112891674,0.8347216248512268,0.07119164615869522,1,-0.08316,-0.016191,0.0,0.0,-0.08316,-0.016191,odom,0,CLEAR,0.0744612105190754,0.0744612105190754,conservative_visual,
369,12.469005,12.469005,1,1.1856836693826395e-05,0.8403086233458769,3913.0,1,1,accepted,2752.357292876481,0.07781197875738144,1,0,-0.006702957674860954,0.837944507598877,0.07570192217826843,1,-0.087424,-0.016191,0.0,0.0,-0.087424,-0.016191,odom,0,CLEAR,0.07773077487945557,0.07773077487945557,conservative_visual,
370,12.499427,12.499427,1,0.04835971096396113,0.8454574646951387,3906.5,1,1,accepted,2768.82626913987,2.7108535766601562,1,0,0.006403252482414246,0.8416677117347717,0.08279386907815933,1,-0.087424,-0.016191,0.0,0.0,-0.087424,-0.016191,odom,0,CLEAR,0.07793613150715828,0.07793613150715828,conservative_visual,
371,12.537500,12.5375,1,0.05168351825518503,0.8449108595316772,3862.0,1,1,accepted,2759.2289709768233,1.6490857601165771,1,0,0.01911148801445961,0.8448458313941956,0.08292335271835327,1,-0.08316,0.016191,0.0,0.0,-0.08316,0.016191,odom,0,CLEAR,0.08001992106437683,0.08001992106437683,conservative_visual,
372,12.566364,12.566364,1,0.02502991689935158,0.84865994448598,3911.5,1,1,accepted,2807.7667662630415,0.016246207058429718,1,0,0.02194264903664589,0.84763103723526,0.08488018065690994,1,-0.08316,0.016191,0.0,0.0,-0.08316,0.016191,odom,0,CLEAR,0.082346111536026,0.082346111536026,conservative_visual,
373,12.595000,12.595,1,0.02502991689935158,0.84865994448598,3899.5,1,1,accepted,2817.811712916249,0.0029205684550106525,1,0,0.02409641072154045,0.8496850728988647,0.0829978734254837,1,-0.08316,0.016191,0.0,0.0,-0.08316,0.016191,odom,0,CLEAR,0.0828586108982563,0.0828586108982563,conservative_visual,
374,12.629301,12.629301,1,0.023359576796951238,0.848849623965598,3821.0,1,1,accepted,2777.287843510377,0.01801043562591076,1,0,0.025509798899292946,0.851520299911499,0.07794134318828583,1,-0.08316,0.016191,0.0,0.0,-0.08316,0.016191,odom,0,CLEAR,0.0828586108982563,0.0828586108982563,conservative_visual,
375,12.659852,12.659852,1,0.01164937912694377,0.8499981833994719,3849.5,1,1,accepted,2807.0918333777886,0.21230581402778625,1,0,0.023098178207874298,0.8528409004211426,0.0726408064365387,1,-0.08316,0.016191,0.0,0.0,-0.08316,0.016191,odom,0,CLEAR,0.08046767860651016,0.08046767860651016,conservative_visual,
376,12.694562,12.694562,1,-0.001766605246610653,0.8513313451963835,3896.0,1,1,accepted,2850.524439021763,0.5654333233833313,1,0,0.017182068899273872,0.8542425036430359,0.06704799085855484,1,-0.08316,0.016191,0.0,0.0,-0.08316,0.016191,odom,0,CLEAR,0.07804141566157341,0.07804141566157341,conservative_visual,
377,12.722929,12.722929,1,-0.008487799980776322,0.851720989674954,3803.5,1,1,accepted,2788.194122865907,0.554384171962738,1,0,0.010327390395104885,0.8549520373344421,0.061091773211956024,1,-0.08316,-0.016191,0.0,0.0,-0.08316,-0.016191,odom,0,CLEAR,0.07682163268327713,0.07682163268327713,conservative_visual,
378,12.757070,12.75707,1,0.009970698259866973,0.8614039916894312,3737.5,1,1,accepted,2747.0477137175903,0.015774760395288467,1,0,0.009448247030377388,0.8582386374473572,0.06708887219429016,1,-0.08316,-0.016191,0.0,0.0,-0.08316,-0.016191,odom,0,CLEAR,0.07682163268327713,0.07682163268327713,conservative_visual,
379,12.793466,12.793466,1,0.052485628228187434,0.8659199578576295,3723.0,1,1,accepted,2759.939593480852,1.5734398365020752,1,0,0.0208563432097435,0.8621662855148315,0.07450750470161438,1,-0.08316,-0.016191,0.0,0.0,-0.08316,-0.016191,odom,0,CLEAR,0.0762244239449501,0.0762244239449501,conservative_visual,
380,12.829127,12.829127,1,0.040617297322620566,0.8677974693419845,3724.5,1,1,accepted,2785.629200397861,0.2811901271343231,1,0,0.027365265414118767,0.8656809329986572,0.07878832519054413,1,-0.08316,-0.016191,0.0,0.0,-0.08316,-0.016191,odom,0,CLEAR,0.0762244239449501,0.0762244239449501,conservative_visual,
381,12.864154,12.864154,1,0.03891914122046028,0.8680397879853976,3654.5,1,1,accepted,2756.6455849412437,0.07121879607439041,1,0,0.032181333750486374,0.8683242201805115,0.07820739597082138,1,-0.085292,0.0,0.0,0.0,-0.085292,0.0,odom+cmd,0,CLEAR,0.0762244239449501,0.0762244239449501,conservative_visual,
382,12.898905,12.898905,1,0.023612412760048457,0.8699935094697675,3584.0,1,1,accepted,2720.653819734049,0.09767966717481613,1,0,0.031470175832509995,0.8707364797592163,0.07668374478816986,1,-0.085292,0.0,0.0,0.0,-0.085292,0.0,odom+cmd,0,CLEAR,0.07450750470161438,0.07450750470161438,conservative_visual,
383,12.933188,12.933188,1,0.02701804537502384,0.8695997708071421,3692.0,1,1,accepted,2817.304234832387,0.043291352689266205,1,0,0.03154526278376579,0.8722695112228394,0.07122030854225159,1,-0.087424,-0.016191,0.0,0.0,-0.087424,-0.016191,odom,0,CLEAR,0.0726408064365387,0.0726408064365387,conservative_visual,
384,12.961375,12.961375,1,0.006549558661143536,0.8716201156721154,3691.5,1,1,accepted,2822.6919296524384,0.5612801909446716,1,0,0.02554568648338318,0.8735373616218567,0.06753083318471909,1,-0.087424,-0.016191,0.0,0.0,-0.087424,-0.016191,odom,0,CLEAR,0.07122030854225159,0.07122030854225159,conservative_visual,
385,12.997555,12.997555,1,-0.010570692921551945,0.8730309784386663,3646.5,1,1,accepted,2798.222489339151,1.0644028186798096,1,0,0.015505233779549599,0.8751382827758789,0.06332705914974213,1,-0.076763,-0.032381,0.0,0.0,-0.076763,-0.032381,odom,0,CLEAR,0.07122030854225159,0.07122030854225159,conservative_visual,
386,13.029956,13.029956,1,0.006549558661143536,0.8716201156721154,3555.0,1,1,accepted,2736.123993750643,0.07087694108486176,1,0,0.012007121928036213,0.8756130933761597,0.055454958230257034,1,-0.076763,-0.032381,0.0,0.0,-0.076763,-0.032381,odom,0,CLEAR,0.07122030854225159,0.07122030854225159,conservative_visual,
387,13.060328,13.060328,1,-0.01571815735698022,0.8730419296681124,3565.5,1,1,accepted,2745.6204469906506,0.5632261037826538,1,0,0.003173157339915633,0.8761173486709595,0.04956359416246414,1,-0.085292,-0.032381,0.0,0.0,-0.085292,-0.032381,odom,0,CLEAR,0.07122030854225159,0.07122030854225159,conservative_visual,
388,13.088606,13.088606,1,-0.010570692921551945,0.873103659922278,3551.5,1,1,accepted,2739.4168485746013,0.11852487921714783,1,0,-0.002351253991946578,0.876331090927124,0.04363148659467697,1,-0.085292,-0.032381,0.0,0.0,-0.085292,-0.032381,odom,0,CLEAR,0.06937557086348534,0.06937557086348534,conservative_visual,
389,13.126414,13.126414,1,-0.003854671423812562,0.8841076917311825,3562.0,1,1,accepted,2753.8019988400542,0.03458161652088165,1,0,-0.005584796890616417,0.8797084093093872,0.05226288363337517,1,-0.093821,0.0,0.0,0.0,-0.093821,0.0,odom+cmd,0,CLEAR,0.0654289461672306,0.0654289461672306,conservative_visual,
390,13.156605,13.156605,1,0.027348438798464443,0.8914646329124847,3554.0,1,1,accepted,2769.639198157522,1.1230226755142212,1,0,0.0013235942460596561,0.8840974569320679,0.06631568819284439,1,-0.093821,0.0,0.0,0.0,-0.093821,0.0,odom+cmd,0,CLEAR,0.06482137367129326,0.06482137367129326,conservative_visual,
391,13.192632,13.192632,1,0.03428748508968006,0.8905772605567052,3522.0,1,1,accepted,2772.8785222519377,0.9760497212409973,1,0,0.00937619898468256,0.8876474499702454,0.0721178948879242,1,-0.078895,-0.016191,0.0,0.0,-0.078895,-0.016191,odom,0,CLEAR,0.06482137367129326,0.06482137367129326,conservative_visual,
392,13.226991,13.226991,1,0.00305869426001747,0.8838544128032099,3527.0,1,1,accepted,2796.202553433461,0.06248198077082634,1,0,0.007542367558926344,0.8883324265480042,0.06316035985946655,1,-0.078895,-0.016191,0.0,0.0,-0.078895,-0.016191,odom,0,CLEAR,0.06324370950460434,0.06324370950460434,conservative_visual,
393,13.265523,13.265523,1,0.027348438798464443,0.8914646329124847,3516.0,1,1,accepted,2792.0908663834757,0.31940147280693054,1,0,0.01313118264079094,0.890972912311554,0.06419268250465393,1,-0.089557,0.0,0.0,0.0,-0.089557,0.0,odom+cmd,0,CLEAR,0.06316035985946655,0.06316035985946655,conservative_visual,
394,13.306648,13.306648,1,-0.000504033896980248,0.8940856480159604,3525.0,1,1,accepted,2815.58183859584,0.16048505902290344,1,0,0.00948260072618723,0.8937588334083557,0.06492132693529129,1,-0.089557,0.0,0.0,0.0,-0.089557,0.0,odom+cmd,0,CLEAR,0.06316035985946655,0.06316035985946655,conservative_visual,
395,13.348808,13.348808,1,0.02908380566451908,0.8912485758983375,3576.5,1,1,accepted,2876.143070203588,0.31419044733047485,1,0,0.015685107558965683,0.8948162198066711,0.05653843656182289,1,-0.087424,0.016191,0.0,0.0,-0.087424,0.016191,odom,0,CLEAR,0.06316035985946655,0.06316035985946655,conservative_visual,
396,13.381430,13.38143,1,-0.01798929623979211,0.8950709766844221,3478.0,1,1,accepted,2796.6480870437167,0.924264669418335,1,0,0.005988223012536764,0.8961719870567322,0.054097969084978104,1,-0.087424,0.016191,0.0,0.0,-0.087424,0.016191,odom,0,CLEAR,0.06316035985946655,0.06316035985946655,conservative_visual,
397,13.409636,13.409636,1,0.002985901070658912,0.8940856480159604,3416.5,1,1,accepted,2755.99129302422,0.014547058381140232,1,0,0.004634034354239702,0.8966514468193054,0.04886364936828613,1,-0.089557,0.0,0.0,0.0,-0.089557,0.0,odom+cmd,0,CLEAR,0.06316035985946655,0.06316035985946655,conservative_visual,
398,13.446331,13.446331,1,-0.0022501908276217134,0.906414732290718,3349.0,1,1,accepted,2706.585561036529,0.0767751932144165,1,0,0.001890120911411941,0.9007964730262756,0.060637351125478745,1,-0.089557,0.0,0.0,0.0,-0.089557,0.0,odom+cmd,0,CLEAR,0.06316035985946655,0.06316035985946655,conservative_visual,
399,13.477029,13.477029,1,-0.0006133831313438337,0.906139587826498,3427.0,1,1,accepted,2796.707167055997,0.011144980788230896,1,0,0.00037952556158415973,0.9036555886268616,0.06563249230384827,1,-0.089557,0.0,0.0,0.0,-0.089557,0.0,odom+cmd,0,CLEAR,0.06316035985946655,0.06316035985946655,conservative_visual,
400,13.507327,13.507327,1,0.03653933949544358,0.9129411720703493,3320.5,1,1,accepted,2728.3576968173497,1.157094955444336,1,0,0.009661057032644749,0.907685399055481,0.07585210353136063,1,-0.089557,0.0,0.0,0.0,-0.089557,0.0,odom+cmd,0,CLEAR,0.06316035985946655,0.06316035985946655,conservative_visual,
401,13.543388,13.543388,1,0.02592050606950502,0.91432245117227,3408.5,1,1,accepted,2826.6148931882717,0.2087833136320114,1,0,0.01468164473772049,0.9115387797355652,0.08144466578960419,1,-0.081027,0.0,0.0,0.0,-0.081027,0.0,odom+cmd,0,CLEAR,0.06419268250465393,0.06419268250465393,conservative_visual,
402,13.578381,13.578381,1,0.027692200199500014,0.9141099242346861,3379.5,1,1,accepted,2826.025578943229,0.10870225727558136,1,0,0.019355740398168564,0.9143081307411194,0.08104164898395538,1,-0.081027,0.0,0.0,0.0,-0.081027,0.0,odom+cmd,0,CLEAR,0.06492132693529129,0.06492132693529129,conservative_visual,
403,13.615617,13.615617,1,0.02414881193951002,0.9145349781098538,3336.0,1,1,accepted,2807.21335951826,0.012220721691846848,1,0,0.022178305312991142,0.9165005087852478,0.0769217386841774,1,-0.091689,0.016191,0.0,0.0,-0.091689,0.016191,odom,0,CLEAR,0.06563249230384827,0.06563249230384827,conservative_visual,
404,13.649358,13.649358,1,0.022375862476920867,0.9147356965033306,3329.5,1,1,accepted,2812.5740065931673,0.01733885519206524,1,0,0.02361282706260681,0.9178181886672974,0.07054707407951355,1,-0.091689,0.016191,0.0,0.0,-0.091689,0.016191,odom,0,CLEAR,0.07054707407951355,0.07054707407951355,conservative_visual,
405,13.690951,13.690951,1,-0.02035412142306669,0.9179335865331609,3290.0,1,1,accepted,2789.310586665225,1.6527220010757446,1,0,0.011680398136377335,0.9198855757713318,0.06622371822595596,1,-0.091689,-0.016191,0.0,0.0,-0.091689,-0.016191,odom,0,CLEAR,0.07054707407951355,0.07054707407951355,conservative_visual,
406,13.724542,13.724542,1,0.004556095689667021,0.9290961746891228,3256.5,1,1,accepted,2770.1150153632484,0.07168327271938324,1,0,0.009165780618786812,0.9242120981216431,0.07671281695365906,1,-0.091689,-0.016191,0.0,0.0,-0.091689,-0.016191,odom,0,CLEAR,0.07585210353136063,0.07585210353136063,conservative_visual,
407,13.753584,13.753584,1,0.03346968353096405,0.93687315293143,3285.5,1,1,accepted,2821.703249235736,0.583403468132019,1,0,0.01560765691101551,0.9294338226318359,0.09166691452264786,1,-0.081027,0.0,0.0,0.0,-0.081027,0.0,odom+cmd,0,CLEAR,0.07671281695365906,0.07671281695365906,conservative_visual,
408,13.783525,13.783525,1,0.06048027947579144,0.930409960277002,3226.5,1,1,accepted,2804.078659173198,1.5932420492172241,1,0,0.02835642173886299,0.931684672832489,0.08919826149940491,1,-0.081027,0.0,0.0,0.0,-0.081027,0.0,odom+cmd,0,CLEAR,0.0769217386841774,0.0769217386841774,conservative_visual,
409,13.815284,13.815284,1,0.051493075218917786,0.9341226137758705,3265.0,1,1,accepted,2851.9740475155995,0.34872037172317505,1,0,0.03643617406487465,0.9344079494476318,0.08865051716566086,1,-0.089557,0.0,0.0,0.0,-0.089557,0.0,odom+cmd,0,CLEAR,0.08104164898395538,0.08104164898395538,conservative_visual,
410,13.852415,13.852415,1,0.028050155356882947,0.9375844158509431,3171.5,1,1,accepted,2791.299507566858,0.11693829298019409,1,0,0.036712728440761566,0.9376665353775024,0.08848527818918228,1,-0.089557,0.0,0.0,0.0,-0.089557,0.0,odom+cmd,0,CLEAR,0.08104164898395538,0.08104164898395538,conservative_visual,
411,13.890203,13.890203,1,0.029857102314454737,0.9373513311134449,3167.0,1,1,accepted,2806.9422069183424,0.08919743448495865,1,0,0.036922987550497055,0.9399299621582031,0.08308836072683334,1,-0.087424,0.016191,0.0,0.0,-0.087424,0.016191,odom,0,CLEAR,0.08308836072683334,0.08308836072683334,conservative_visual,
412,13.926949,13.926949,1,-0.011874544923797317,0.9416775015953132,3223.5,1,1,accepted,2868.874889971047,2.0540363788604736,1,0,0.02411186322569847,0.9425927400588989,0.08113911002874374,1,-0.087424,0.016191,0.0,0.0,-0.087424,0.016191,odom,0,CLEAR,0.08308836072683334,0.08308836072683334,conservative_visual,
413,13.963605,13.963605,1,-0.013697051300869373,0.9417166486799444,3200.0,1,1,accepted,2861.123419919459,1.1049038171768188,1,0,0.012521536089479923,0.944406270980835,0.0753483697772026,1,-0.087424,-0.016191,0.0,0.0,-0.087424,-0.016191,odom,0,CLEAR,0.08308836072683334,0.08308836072683334,conservative_visual,
414,13.997338,13.997338,1,-0.013697051300869373,0.9417166486799444,3173.5,1,1,accepted,2846.996691299004,0.47357216477394104,1,0,0.0032177483662962914,0.9453943967819214,0.06760015338659286,1,-0.087424,-0.016191,0.0,0.0,-0.087424,-0.016191,odom,0,CLEAR,0.08308836072683334,0.08308836072683334,conservative_visual,
415,14.030437,14.030437,1,0.02655858252563719,0.9537394116621103,3189.5,1,1,accepted,2868.631609741986,0.5871070027351379,1,0,0.007713111117482185,0.9494185447692871,0.07650862634181976,1,-0.091689,-0.016191,0.0,0.0,-0.091689,-0.016191,odom,0,CLEAR,0.08308836072683334,0.08308836072683334,conservative_visual,
416,14.063134,14.063134,1,-0.0065879741849732415,0.9540111434615122,3204.0,1,1,accepted,2905.7799384677587,0.12332496792078018,1,0,0.002172705950215459,0.9525235891342163,0.07951698452234268,1,-0.091689,-0.016191,0.0,0.0,-0.091689,-0.016191,odom,0,CLEAR,0.08113911002874374,0.08113911002874374,conservative_visual,
417,14.099359,14.099359,1,0.039484917878174944,0.9604132601600301,3163.5,1,1,accepted,2892.270342256445,1.2863465547561646,1,0,0.01109570637345314,0.9568718671798706,0.08683248609304428,1,-0.074631,0.016191,0.0,0.0,-0.074631,0.016191,odom,0,CLEAR,0.08113911002874374,0.074631,conservative_odom,
418,14.135300,14.1353,1,0.05786610373427127,0.9573786589380613,3157.0,1,1,accepted,2910.7221593070444,1.7700449228286743,1,0,0.024417996406555176,0.9592200517654419,0.0829821228981018,1,-0.074631,0.016191,0.0,0.0,-0.074631,0.016191,odom,0,CLEAR,0.08113911002874374,0.074631,conservative_odom,
419,14.170233,14.170233,1,0.050521910809806586,0.9586656298651424,3131.5,1,1,accepted,2898.8523328466645,0.47373148798942566,1,0,0.03335997089743614,0.9610990881919861,0.07790098339319229,1,-0.089557,0.0,0.0,0.0,-0.089557,0.0,odom+cmd,0,CLEAR,0.07951698452234268,0.07951698452234268,conservative_visual,
420,14.204954,14.204954,1,0.05419539079009689,0.9580343187086646,3120.0,1,1,accepted,2899.820866375515,0.27584028244018555,1,0,0.04160391539335251,0.9621038436889648,0.06943102926015854,1,-0.089557,0.0,0.0,0.0,-0.089557,0.0,odom+cmd,0,CLEAR,0.07790098339319229,0.07790098339319229,conservative_visual,
421,14.241247,14.241247,1,0.017336890612603947,0.9632481026520148,3034.5,1,1,accepted,2827.9754404265004,0.628298282623291,1,0,0.037244997918605804,0.9642145037651062,0.06739270687103271,1,-0.089557,0.0,0.0,0.0,-0.089557,0.0,odom+cmd,0,CLEAR,0.07650862634181976,0.07650862634181976,conservative_visual,
422,14.281172,14.281172,1,-0.006767488171764181,0.9653170832822868,3060.0,1,1,accepted,2863.334365506755,1.6892157793045044,1,0,0.02567070722579956,0.9664174914360046,0.06496349722146988,1,-0.089557,0.0,0.0,0.0,-0.089557,0.0,odom+cmd,0,CLEAR,0.07650862634181976,0.07650862634181976,conservative_visual,
423,14.314613,14.314613,1,0.0025171293738107635,0.9646466364618368,3143.5,1,1,accepted,2949.2042493190793,0.42719653248786926,1,0,0.01868649572134018,0.9674062728881836,0.059063542634248734,1,-0.085292,0.0,0.0,0.0,-0.085292,0.0,odom+cmd,0,CLEAR,0.07650862634181976,0.07650862634181976,conservative_visual,
424,14.343004,14.343004,1,-0.012345778315606223,0.9663456118872511,2991.5,1,1,accepted,2809.580929679915,0.7213340997695923,1,0,0.009108751080930233,0.9683027267456055,0.055168621242046356,1,-0.085292,0.0,0.0,0.0,-0.085292,0.0,odom+cmd,0,CLEAR,0.06943102926015854,0.06943102926015854,conservative_visual,
425,14.375200,14.3752,1,0.00993242388351671,0.9639966477198253,3034.5,1,1,accepted,2857.734980463691,0.03848850727081299,1,0,0.007522657047957182,0.9683613777160645,0.04658786207437515,1,-0.085292,0.0,0.0,0.0,-0.085292,0.0,odom+cmd,0,CLEAR,0.06739270687103271,0.06739270687103271,conservative_visual,
426,14.406973,14.406973,1,-0.016068208006304457,0.9663456118872511,2972.5,1,1,accepted,2798.355600182932,0.37087902426719666,1,0,-0.0007677286630496383,0.9688639640808105,0.041702475398778915,1,-0.085292,0.0,0.0,0.0,-0.085292,0.0,odom+cmd,0,CLEAR,0.06496349722146988,0.06496349722146988,conservative_visual,
427,14.435659,14.435659,1,0.0024332103445912183,0.9780470117175215,2995.0,1,1,accepted,2823.971140422741,0.08248919993638992,1,0,-0.00206471374258399,0.9722289443016052,0.05254210904240608,1,-0.093821,0.0,0.0,0.0,-0.093821,0.0,odom+cmd,0,CLEAR,0.059063542634248734,0.059063542634248734,conservative_visual,
428,14.469371,14.469371,1,-0.005072366233146618,0.9787794548881156,2975.0,1,1,accepted,2828.5711260710186,0.018416117876768112,1,0,-0.005220460239797831,0.9753177165985107,0.05912552773952484,1,-0.093821,0.0,0.0,0.0,-0.093821,0.0,odom+cmd,0,CLEAR,0.05909453518688679,0.05909453518688679,conservative_visual,
429,14.496816,14.496816,1,0.04387243860755469,0.9850691991216088,2964.5,1,1,accepted,2836.7863778588717,2.2329583168029785,1,0,0.005938710644841194,0.9791048765182495,0.06994357705116272,1,-0.087424,-0.016191,0.0,0.0,-0.087424,-0.016191,odom,0,CLEAR,0.05909453518688679,0.05909453518688679,conservative_visual,
430,14.524754,14.524754,1,0.0325816281411189,0.9867324480823881,2964.0,1,1,accepted,2855.2078247613463,0.642181932926178,1,0,0.012338140048086643,0.9825369119644165,0.07733215391635895,1,-0.087424,-0.016191,0.0,0.0,-0.087424,-0.016191,odom,0,CLEAR,0.05909453518688679,0.05909453518688679,conservative_visual,
431,14.552353,14.552353,1,0.0325816281411189,0.9867324480823881,2939.5,1,1,accepted,2850.868159333576,0.3337526321411133,1,0,0.01770789921283722,0.9851981401443481,0.07996684312820435,1,-0.087424,-0.016191,0.0,0.0,-0.087424,-0.016191,odom,0,CLEAR,0.05909453518688679,0.05909453518688679,conservative_visual,
432,14.588255,14.588255,1,0.0344648615545242,0.9864677078559252,2954.5,1,1,accepted,2884.5264342946084,0.19748207926750183,1,0,0.02311963587999344,0.987639844417572,0.07782049477100372,1,-0.087424,-0.016191,0.0,0.0,-0.087424,-0.016191,odom,0,CLEAR,0.05909453518688679,0.05909453518688679,conservative_visual,
433,14.620193,14.620193,1,-0.007138092854451793,0.9907761785585762,2942.0,1,1,accepted,2884.226328230712,0.8333560824394226,1,0,0.016261879354715347,0.9903007745742798,0.0786980539560318,1,-0.100218,0.016191,0.0,0.0,-0.100218,0.016191,odom,0,CLEAR,0.06453455239534378,0.06453455239534378,conservative_visual,
434,14.646658,14.646658,1,-0.018543479710132565,0.9917261662971186,2971.5,1,1,accepted,2926.697409633889,1.015395164489746,1,0,0.00745492335408926,0.9922125339508057,0.07784280180931091,1,-0.100218,0.016191,0.0,0.0,-0.100218,0.016191,odom,0,CLEAR,0.07363786548376083,0.07363786548376083,conservative_visual,
435,14.676217,14.676217,1,0.004175207926460655,1.0030699807612065,2950.0,1,1,accepted,2919.794305650598,0.06462177634239197,1,0,0.005879261065274477,0.9967309236526489,0.08893357962369919,1,-0.089557,0.0,0.0,0.0,-0.089557,0.0,odom+cmd,0,CLEAR,0.07757632434368134,0.07757632434368134,conservative_visual,
436,14.710063,14.710063,1,-0.016640488658786527,0.9917894422966288,2909.0,1,1,accepted,2910.028161543097,0.4210580587387085,1,0,-0.0010238675167784095,0.9976200461387634,0.07833053916692734,1,-0.089557,0.0,0.0,0.0,-0.089557,0.0,odom+cmd,0,CLEAR,0.07783164829015732,0.07783164829015732,conservative_visual,
437,14.743617,14.743617,1,-0.018543479710132565,0.9919283443719897,2891.5,1,1,accepted,2898.1420723392002,0.24676713347434998,1,0,-0.007362308446317911,0.9979868531227112,0.06703019887208939,1,-0.091689,0.016191,0.0,0.0,-0.091689,0.016191,odom,0,CLEAR,0.07783164829015732,0.07783164829015732,conservative_visual,
438,14.773809,14.773809,1,0.05803626231139912,1.008970346790066,2871.5,1,1,accepted,2879.792302451474,3.818929433822632,1,0,0.008337359875440598,1.0024197101593018,0.07906429469585419,1,-0.091689,0.016191,0.0,0.0,-0.091689,0.016191,odom,0,CLEAR,0.07808667048811913,0.07808667048811913,conservative_visual,
439,14.812404,14.812404,1,0.03307067162422149,1.0130092814880047,2859.0,1,1,accepted,2891.8937507073565,0.5233152508735657,1,0,0.015512033365666866,1.0076079368591309,0.08973667025566101,1,-0.100218,-0.016191,0.0,0.0,-0.100218,-0.016191,odom,0,CLEAR,0.07851429656147957,0.07851429656147957,conservative_visual,
440,14.851768,14.851768,1,0.015712239269466632,1.0151699068589566,2845.5,1,1,accepted,2909.4845708437697,0.014232082292437553,1,0,0.0166969932615757,1.0123329162597656,0.09569583833217621,1,-0.100218,-0.016191,0.0,0.0,-0.100218,-0.016191,odom,0,CLEAR,0.078881174325943,0.078881174325943,conservative_visual,
441,14.883888,14.883888,1,0.011846736473271323,1.0155804367359493,2806.0,1,1,accepted,2893.2933002671557,0.029269468039274216,1,0,0.016169818118214607,1.015457034111023,0.09594777971506119,1,-0.08316,0.016191,0.0,0.0,-0.08316,0.016191,odom,0,CLEAR,0.078881174325943,0.078881174325943,conservative_visual,
442,14.915691,14.915691,1,0.004106873400470053,1.016324567570487,2813.0,1,1,accepted,2918.3210351522252,0.13819925487041473,1,0,0.013406309299170971,1.0178858041763306,0.09283510595560074,1,-0.08316,0.016191,0.0,0.0,-0.08316,0.016191,odom,0,CLEAR,0.08399893715977669,0.08316,conservative_odom,
443,14.946563,14.946563,1,-0.019183183803140227,1.018270713627793,2807.0,1,1,accepted,2925.3040113917045,0.8729361295700073,1,0,0.004536694847047329,1.0200576782226562,0.089365653693676,1,-0.091689,0.016191,0.0,0.0,-0.091689,0.016191,odom,0,CLEAR,0.08914961665868759,0.08914961665868759,conservative_visual,
444,14.978742,14.978742,1,-0.019183183803140227,1.018270713627793,2745.5,1,1,accepted,2875.6064434861414,0.42674732208251953,1,0,-0.002881184685975313,1.0216343402862549,0.08287672698497772,1,-0.091689,0.016191,0.0,0.0,-0.091689,0.016191,odom,0,CLEAR,0.089365653693676,0.089365653693676,conservative_visual,
445,15.018708,15.018708,1,-0.003801240840336128,1.0317290250901225,2723.5,1,1,accepted,2866.913789618618,0.03845783695578575,1,0,-0.005023685283958912,1.02693772315979,0.09281948953866959,1,-0.093821,0.0,0.0,0.0,-0.093821,0.0,odom+cmd,0,CLEAR,0.08973667025566101,0.08973667025566101,conservative_visual,
446,15.047348,15.047348,1,0.051266637213124674,1.0338527574420653,2698.0,1,1,accepted,2866.398512114271,2.7121949195861816,1,0,0.009489728137850761,1.0307929515838623,0.0988021269440651,1,-0.093821,0.0,0.0,0.0,-0.093821,0.0,odom+cmd,0,CLEAR,0.09281948953866959,0.09281948953866959,conservative_visual,
447,15.085386,15.085386,1,0.051266637213124674,1.0375643002329467,2706.5,1,1,accepted,2897.8880410729125,1.3365076780319214,1,0,0.02215375192463398,1.0354297161102295,0.10319599509239197,1,-0.089557,0.0,0.0,0.0,-0.089557,0.0,odom+cmd,0,CLEAR,0.09283510595560074,0.089557,conservative_odom,
448,15.117209,15.117209,1,0.06693350729543793,1.0346467043332206,2661.0,1,1,accepted,2871.052441753663,1.4321584701538086,1,0,0.03674330189824104,1.0375491380691528,0.09737119823694229,1,-0.089557,0.0,0.0,0.0,-0.089557,0.0,odom+cmd,0,CLEAR,0.09569583833217621,0.089557,conservative_odom,
449,15.154668,15.154668,1,0.059106380721584806,1.0361571869365256,2664.5,1,1,accepted,2891.25523579223,0.2513388693332672,1,0,0.04698171839118004,1.0397140979766846,0.08996042609214783,1,-0.095954,-0.016191,0.0,0.0,-0.095954,-0.016191,odom,0,CLEAR,0.09283510595560074,0.09283510595560074,conservative_visual,
450,15.188819,15.188819,1,0.035549469727581745,1.0400676316861759,2642.0,1,1,accepted,2879.348117510212,0.23345157504081726,1,0,0.04758570343255997,1.041990041732788,0.08598235249519348,1,-0.095954,-0.016191,0.0,0.0,-0.095954,-0.016191,odom,0,CLEAR,0.09281948953866959,0.09281948953866959,conservative_visual,
451,15.221148,15.221148,1,0.03948345826674407,1.0394807250206335,2662.5,1,1,accepted,2912.4998119115853,0.14745837450027466,1,0,0.04844403639435768,1.0432454347610474,0.07837160676717758,1,-0.093821,0.0,0.0,0.0,-0.093821,0.0,odom+cmd,0,CLEAR,0.08996042609214783,0.08996042609214783,conservative_visual,
452,15.260794,15.260794,1,0.035549469727581745,1.0400676316861759,2626.0,1,1,accepted,2881.758054438074,0.2738081216812134,1,0,0.04792504385113716,1.0444674491882324,0.06896498799324036,1,-0.093821,0.0,0.0,0.0,-0.093821,0.0,odom+cmd,0,CLEAR,0.08996042609214783,0.08996042609214783,conservative_visual,
453,15.295001,15.295001,1,-0.003961230961473328,1.044502142144951,2583.0,1,1,accepted,2836.271571087744,2.3765571117401123,1,0,0.03478245437145233,1.0461362600326538,0.06552085280418396,1,-0.095954,-0.016191,0.0,0.0,-0.095954,-0.016191,odom,0,CLEAR,0.08996042609214783,0.08996042609214783,conservative_visual,
454,15.329613,15.329613,1,-0.017862336208971312,1.0459793107534308,2650.5,1,1,accepted,2914.4431844005717,2.209362506866455,1,0,0.019521459937095642,1.04768705368042,0.06194416061043739,1,-0.095954,-0.016191,0.0,0.0,-0.095954,-0.016191,odom,0,CLEAR,0.08598235249519348,0.08598235249519348,conservative_visual,
455,15.358961,15.358961,1,0.0197823486227772,1.0421550216241189,2565.0,1,1,accepted,2825.4206890729715,0.04679685831069946,1,0,0.0182137843221426,1.0474177598953247,0.051527753472328186,1,-0.087424,-0.016191,0.0,0.0,-0.087424,-0.016191,odom,0,CLEAR,0.07837160676717758,0.07837160676717758,conservative_visual,
456,15.391785,15.391785,1,-0.017862336208971312,1.0459793107534308,2607.5,1,1,accepted,2870.185206147677,0.9300245642662048,1,0,0.006535212974995375,1.048223853111267,0.047108929604291916,1,-0.087424,-0.016191,0.0,0.0,-0.087424,-0.016191,odom,0,CLEAR,0.06896498799324036,0.06896498799324036,conservative_visual,
457,15.424971,15.424971,1,-0.017862336208971312,1.0459793107534308,2573.0,1,1,accepted,2838.2960890796116,0.35384365916252136,1,0,-0.002997848205268383,1.0487104654312134,0.041735295206308365,1,-0.093821,0.0,0.0,0.0,-0.093821,0.0,odom+cmd,0,CLEAR,0.06552085280418396,0.06552085280418396,conservative_visual,
458,15.457566,15.457566,1,-0.017862336208971312,1.046329664976653,2542.5,1,1,accepted,2809.7448315770866,0.09593036770820618,1,0,-0.010459063574671745,1.0490177869796753,0.03648099675774574,1,-0.093821,0.0,0.0,0.0,-0.093821,0.0,odom+cmd,0,CLEAR,0.06194416061043739,0.06194416061043739,conservative_visual,
459,15.487461,15.487461,1,-0.008138291450851192,1.0599925105552912,2607.5,1,1,accepted,2885.3822039148636,0.11743475496768951,1,0,-0.013166220858693123,1.0528279542922974,0.05004970356822014,1,-0.087424,0.016191,0.0,0.0,-0.087424,0.016191,odom,0,CLEAR,0.05673595704138279,0.05673595704138279,conservative_visual,
460,15.521027,15.521027,1,-0.008138291450851192,1.0592889027689487,2599.0,1,1,accepted,2901.669308003658,0.09682781994342804,1,0,-0.015280318446457386,1.0558366775512695,0.05667740851640701,1,-0.087424,0.016191,0.0,0.0,-0.087424,0.016191,odom,0,CLEAR,0.0541025809943676,0.0541025809943676,conservative_visual,
461,15.558442,15.558442,1,-0.004124853915889137,1.0595440415589708,2604.0,1,1,accepted,2927.4955650691036,0.2061951905488968,1,0,-0.015566232614219189,1.0584138631820679,0.05895448103547096,1,-0.098086,0.0,0.0,0.0,-0.098086,0.0,odom+cmd,0,CLEAR,0.0541025809943676,0.0541025809943676,conservative_visual,
462,15.587138,15.587138,1,0.02605462857603752,1.0699594496768094,2560.0,1,1,accepted,2888.7932194982423,1.6844866275787354,1,0,-0.006274164654314518,1.0628364086151123,0.0725860446691513,1,-0.098086,0.0,0.0,0.0,-0.098086,0.0,odom+cmd,0,CLEAR,0.0541025809943676,0.0541025809943676,conservative_visual,
463,15.615369,15.615369,1,0.03008704838099081,1.0694142589131193,2555.0,1,1,accepted,2903.622158856151,1.1693146228790283,1,0,0.00254582311026752,1.0661029815673828,0.07866814732551575,1,-0.093821,0.0,0.0,0.0,-0.093821,0.0,odom+cmd,0,CLEAR,0.0541025809943676,0.0541025809943676,conservative_visual,
464,15.647786,15.647786,1,0.013937870793209956,1.0714351415529781,2522.5,1,1,accepted,2883.451938183698,0.10879282653331757,1,0,0.005736753810197115,1.069407343864441,0.08243685215711594,1,-0.093821,0.0,0.0,0.0,-0.093821,0.0,odom+cmd,0,CLEAR,0.0541025809943676,0.0541025809943676,conservative_visual,
465,15.690950,15.69095,1,0.028070838478514167,1.0696868542949645,2569.0,1,1,accepted,2959.358745982126,0.37035396695137024,1,0,0.012912364676594734,1.0719997882843018,0.07760350406169891,1,-0.091689,0.016191,0.0,0.0,-0.091689,0.016191,odom,0,CLEAR,0.05781594477593899,0.05781594477593899,conservative_visual,
466,15.727810,15.72781,1,0.03612915712886256,1.068543295740179,2569.0,1,1,accepted,2968.4513749389407,0.3853597342967987,1,0,0.021178701892495155,1.0729714632034302,0.06814175844192505,1,-0.091689,0.016191,0.0,0.0,-0.091689,0.016191,odom,0,CLEAR,0.06814175844192505,0.06814175844192505,conservative_visual,
467,15.762220,15.76222,1,-0.0022630908682452835,1.0746120721674057,2480.5,1,1,accepted,2868.2285398218205,0.5408859848976135,1,0,0.01622954197227955,1.0751070976257324,0.06709445267915726,1,-0.085292,0.0,0.0,0.0,-0.085292,0.0,odom+cmd,0,CLEAR,0.06814175844192505,0.06814175844192505,conservative_visual,
468,15.801778,15.801778,1,-0.008352127976292235,1.073511959403651,2511.5,1,1,accepted,2917.426468541117,0.5480450987815857,1,0,0.009908282198011875,1.0764594078063965,0.06058381870388985,1,-0.085292,0.0,0.0,0.0,-0.085292,0.0,odom+cmd,0,CLEAR,0.06814175844192505,0.06814175844192505,conservative_visual,
469,15.839539,15.839539,1,-0.024623689125922263,1.0746967616856615,2553.5,1,1,accepted,2972.5844011071576,0.9355667233467102,1,0,-0.0006666691042482853,1.0774953365325928,0.0543307363986969,1,-0.087424,0.016191,0.0,0.0,-0.087424,0.016191,odom,0,CLEAR,0.06814175844192505,0.06814175844192505,conservative_visual,
470,15.872816,15.872816,1,0.02201895528883523,1.0704780143705586,2505.5,1,1,accepted,2922.858959099388,0.5204380750656128,1,0,0.005012285429984331,1.076643705368042,0.041054241359233856,1,-0.087424,0.016191,0.0,0.0,-0.087424,0.016191,odom,0,CLEAR,0.06814175844192505,0.06814175844192505,conservative_visual,
471,15.905867,15.905867,1,-0.022586554489995914,1.0746120721674057,2497.0,1,1,accepted,2903.9221983470024,0.5865517258644104,1,0,-0.003450547344982624,1.0769990682601929,0.03605693206191063,1,-0.051175,0.0,0.0,0.0,-0.051175,0.0,odom+cmd,0,CLEAR,0.06709445267915726,0.051175,conservative_odom,
472,15.933090,15.93309,1,-0.022586554489995914,1.0746120721674057,2529.5,1,1,accepted,2944.5641878565575,0.25949281454086304,1,0,-0.00984461884945631,1.0770387649536133,0.03135303407907486,1,-0.051175,0.0,0.0,0.0,-0.051175,0.0,odom+cmd,0,CLEAR,0.06058381870388985,0.051175,conservative_odom,
473,15.963244,15.963244,1,-0.014447574854777587,1.0741921170850768,2467.0,1,1,accepted,2874.8627398109284,0.01568668521940708,1,0,-0.012812552973628044,1.0769436359405518,0.026151511818170547,1,-0.040514,0.016191,0.0,0.0,-0.040514,0.016191,odom,0,CLEAR,0.0543307363986969,0.040514,conservative_odom,
474,15.997761,15.997761,1,0.005843840181995411,1.0722853858772163,2489.0,1,1,accepted,2901.4400433524456,0.39322608709335327,1,0,-0.009614440612494946,1.0762923955917358,0.018384385854005814,1,-0.040514,0.016191,0.0,0.0,-0.040514,0.016191,odom,0,CLEAR,0.041054241359233856,0.040514,conservative_odom,
475,16.033709,16.033709,1,0.0016918901577451483,1.0861924028236578,2457.5,1,1,accepted,2857.9915446809837,0.20472896099090576,1,0,-0.007691253442317247,1.0795955657958984,0.031585969030857086,1,-0.021323,0.0,0.0,0.0,-0.021323,0.0,odom+cmd,0,CLEAR,0.03605693206191063,0.021323,conservative_odom,
476,16.072428,16.072428,1,0.04702700468607182,1.09659928725028,2396.0,1,1,accepted,2805.3850711903387,2.6432948112487793,1,0,0.007651427295058966,1.0854969024658203,0.05494898930191994,1,-0.021323,0.0,0.0,0.0,-0.021323,0.0,odom+cmd,0,CLEAR,0.03605693206191063,0.021323,conservative_odom,
477,16.108898,16.108898,1,-0.0024106111343845035,1.088169540113402,2471.5,1,1,accepted,2924.088121883185,0.1107330471277237,1,0,0.005932900123298168,1.0877010822296143,0.055947914719581604,1,0.0,0.0,0.0,0.0,0.0,0.0,none,0,CLEAR,0.03605693206191063,-0.0,conservative_odom,
478,16.139425,16.139425,1,-0.006516401761381841,1.088169540113402,2415.0,1,1,accepted,2867.7549950057696,0.1441606879234314,1,0,0.0030483866576105356,1.0890508890151978,0.05416015908122063,1,0.0,0.0,0.0,0.0,0.0,0.0,none,0,CLEAR,0.03855558671057224,-0.0,conservative_odom,
479,16.179432,16.179432,1,0.03879634371023567,1.0979295231087762,2516.0,1,1,accepted,2998.4045969660388,0.9976112842559814,1,0,0.014191812835633755,1.0932395458221436,0.06425498425960541,1,0.0,0.0,0.0,0.0,0.0,0.0,none,0,CLEAR,0.03605693206191063,-0.0,conservative_odom,
480,16.216013,16.216013,1,0.04908209335537585,1.0962464250500448,2421.5,1,1,accepted,2906.8032152161436,0.8165969252586365,1,0,0.026451975107192993,1.0957889556884766,0.06524752825498581,1,0.0,0.0,0.0,0.0,0.0,0.0,none,0,CLEAR,0.05416015908122063,-0.0,conservative_odom,
481,16.263582,16.263582,1,0.04908209335537585,1.0962464250500448,2459.5,1,1,accepted,2970.588610403873,0.22463670372962952,1,0,0.03756024315953255,1.0980254411697388,0.06091523543000221,1,0.0,0.0,0.0,0.0,0.0,0.0,none,0,CLEAR,0.05544845201075077,-0.0,conservative_odom,
482,16.293537,16.293537,1,-0.014737827468611027,1.0899171733173976,2449.5,1,1,accepted,2965.548925385049,2.543013572692871,1,0,0.02449268288910389,1.0968023538589478,0.04564860090613365,1,0.0,0.0,0.0,0.0,0.0,0.0,none,0,CLEAR,0.05494898930191994,-0.0,conservative_odom,
483,16.326457,16.326457,1,-0.00857093880180685,1.0893718901888871,2457.0,1,1,accepted,2963.909419315617,1.0116395950317383,1,0,0.01589812897145748,1.0956307649612427,0.032230302691459656,1,0.0,0.0,0.0,0.0,0.0,0.0,none,0,CLEAR,0.05494898930191994,-0.0,conservative_odom,
484,16.357175,16.357175,1,-0.010625475842231856,1.089466959554655,2458.5,1,1,accepted,2956.823695191156,0.6008509397506714,1,0,0.008303044363856316,1.0945483446121216,0.021826958283782005,1,0.0,0.0,0.0,0.0,0.0,0.0,none,0,CLEAR,0.05494898930191994,-0.0,conservative_odom,
485,16.386733,16.386733,1,-0.010625475842231856,1.0897945485139464,2445.0,1,1,accepted,2934.205907047577,0.27949750423431396,1,0,0.002253761049360037,1.0936784744262695,0.01422207709401846,1,0.0,0.0,0.0,0.0,0.0,0.0,none,0,CLEAR,0.05416015908122063,-0.0,conservative_odom,
486,16.422260,16.42226,1,0.0367361075656111,1.0982417495004286,2413.0,1,1,accepted,2892.234694809229,1.075988531112671,1,0,0.010606193915009499,1.095345377922058,0.020046617835760117,1,0.0,0.0,0.0,0.0,0.0,0.0,none,0,CLEAR,0.04564860090613365,-0.0,conservative_odom,
487,16.450588,16.450588,1,0.03879634371023567,1.0979295231087762,2427.5,1,1,accepted,2916.468396859619,0.6523569226264954,1,0,0.018225815147161484,1.0964690446853638,0.022831575945019722,1,0.0,0.0,0.0,0.0,0.0,0.0,none,0,CLEAR,0.032230302691459656,-0.0,conservative_odom,
488,16.487303,16.487303,1,0.03879634371023567,1.0979295231087762,2459.5,1,1,accepted,2961.5111355399395,0.2993534505367279,1,0,0.024923529475927353,1.0974845886230469,0.023718945682048798,1,0.0,0.0,0.0,0.0,0.0,0.0,none,0,CLEAR,0.023718945682048798,-0.0,conservative_odom,
489,16.520682,16.520682,1,0.05113718202467987,1.0958935628498092,2413.0,1,1,accepted,2910.7084169877085,0.4709065854549408,1,0,0.033810824155807495,1.097597599029541,0.020325137302279472,1,0.0,0.0,0.0,0.0,0.0,0.0,none,0,CLEAR,0.022831575945019722,-0.0,conservative_odom,
490,16.555700,16.5557,1,-0.010625475842231856,1.089466959554655,2461.0,1,1,accepted,2970.0662442708485,1.8640658855438232,1,0,0.02335747890174389,1.0957627296447754,0.007603862322866917,1,0.0,0.0,0.0,0.0,0.0,0.0,none,0,CLEAR,0.022329267114400864,-0.0,conservative_odom,
491,16.590929,16.590929,1,-0.00035936048831967937,1.0886269405315643,2480.5,1,1,accepted,2979.8011183089975,0.5205816030502319,1,0,0.0170980766415596,1.0938786268234253,-0.003134299535304308,1,0.0,0.0,0.0,0.0,0.0,0.0,none,0,CLEAR,0.02107604779303074,-0.0,conservative_odom,
492,16.625743,16.625743,1,-0.006516401761381841,1.089029854743318,2485.5,1,1,accepted,2973.71341787203,0.4433341324329376,1,0,0.009956778027117252,1.092387318611145,-0.010026415809988976,1,0.0,0.0,0.0,0.0,0.0,0.0,none,0,CLEAR,0.020185877569019794,-0.0,conservative_odom,
493,16.661388,16.661388,1,-0.0024106111343845035,1.088483548492016,2517.0,1,1,accepted,3002.9731058074067,0.10126502811908722,1,0,0.005210098344832659,1.0909873247146606,-0.015222050249576569,1,0.0,0.0,0.0,0.0,0.0,0.0,none,0,CLEAR,0.01422207709401846,-0.0,conservative_odom,
494,16.695821,16.695821,1,0.03879634371023567,1.0979295231087762,2489.0,1,1,accepted,2962.2444174655625,1.0419937372207642,1,0,0.013596409931778908,1.0926518440246582,-0.0043184636160731316,1,0.0,0.0,0.0,0.0,0.0,0.0,none,0,CLEAR,0.007603862322866917,-0.0,conservative_odom,
495,16.727925,16.727925,1,0.0016918901577451483,1.0878283443678152,2503.5,1,1,accepted,2988.720668836269,0.12480511516332626,1,0,0.00999070517718792,1.0911651849746704,-0.011034584604203701,1,0.0,0.0,0.0,0.0,0.0,0.0,none,0,CLEAR,-0.003134299535304308,-0.003134299535304308,conservative_visual,
496,16.755346,16.755346,1,-0.010625475842231856,1.089466959554655,2464.0,1,1,accepted,2933.2903359390125,0.32212379574775696,1,0,0.0038414548616856337,1.0904794931411743,-0.012945574708282948,1,0.0,0.0,0.0,0.0,0.0,0.0,none,0,CLEAR,-0.0043184636160731316,-0.0043184636160731316,conservative_visual,
497,16.783471,16.783471,1,0.00791200206243193,1.0910461084262173,2443.5,1,1,accepted,2906.440712654405,0.025622118264436722,1,0,0.0038569378666579723,1.090363621711731,-0.011706150136888027,1,0.0,0.0,0.0,0.0,0.0,0.0,none,0,CLEAR,-0.0071724397130310535,-0.0071724397130310535,conservative_visual,
498,16.819233,16.819233,1,-0.006516401761381841,1.0892768208231194,2479.5,1,1,accepted,2948.3720192302394,0.06237222999334335,1,0,-0.0001603362470632419,1.089760422706604,-0.012628069147467613,1,0.0,0.0,0.0,0.0,0.0,0.0,none,0,CLEAR,-0.010530500207096338,-0.010530500207096338,conservative_visual,
499,16.854513,16.854513,1,0.04908209335537585,1.0940076722925733,2486.0,1,1,accepted,2954.0301241891825,2.111595630645752,1,0,0.012302293442189693,1.090639352798462,-0.006009422242641449,1,0.0,0.0,0.0,0.0,0.0,0.0,none,0,CLEAR,-0.010530500207096338,-0.010530500207096338,conservative_visual,
500,16.884900,16.8849,1,0.03879634371023567,1.0958935628498092,2456.0,1,1,accepted,2921.060724251487,0.5677973628044128,1,0,0.01997803896665573,1.09196138381958,0.0015110019594430923,1,0.0,0.0,0.0,0.0,0.0,0.0,none,0,CLEAR,-0.010530500207096338,-0.010530500207096338,conservative_visual,
501,16.913680,16.91368,1,-0.014737827468611027,1.0899171733173976,2437.5,1,1,accepted,2906.6653893013217,1.0670007467269897,1,0,0.011700903065502644,1.0914418697357178,-0.0013031193520873785,1,0.0,0.0,0.0,0.0,0.0,0.0,none,0,CLEAR,-0.010530500207096338,-0.010530500207096338,conservative_visual,
502,16.947693,16.947693,1,0.04908209335537585,1.090645270311569,2449.0,1,1,accepted,2917.89631441496,1.1204954385757446,1,0,0.0220464039593935,1.0911906957626343,-0.002336312085390091,1,0.0,0.0,0.0,0.0,0.0,0.0,none,0,CLEAR,-0.008522003423422575,-0.008522003423422575,conservative_visual,
503,16.982602,16.982602,1,-0.014737827468611027,1.0899171733173976,2436.0,1,1,accepted,2900.116437539419,1.1965925693511963,1,0,0.013084791600704193,1.0907747745513916,-0.004006145056337118,1,0.0,0.0,0.0,0.0,0.0,0.0,none,0,CLEAR,-0.00516394292935729,-0.00516394292935729,conservative_visual,
504,17.017202,17.017202,1,-0.012681651655421441,1.0895557115731092,2501.5,1,1,accepted,2976.1157141922076,0.5289272665977478,1,0,0.005764430854469538,1.0903292894363403,-0.0055374642834067345,1,0.0,0.0,0.0,0.0,0.0,0.0,none,0,CLEAR,-0.005773443263024092,-0.005773443263024092,conservative_visual,
505,17.046199,17.046199,1,-0.00857093880180685,1.0893718901888871,2466.5,1,1,accepted,2933.494594048148,0.1423896998167038,1,0,0.001049789017997682,1.0899494886398315,-0.006631825119256973,1,0.0,0.0,0.0,0.0,0.0,0.0,none,0,CLEAR,-0.005773443263024092,-0.005773443263024092,conservative_visual,
506,17.080255,17.080255,1,0.04702700468607182,1.09659928725028,2487.0,1,1,accepted,2956.9989127101926,1.872031331062317,1,0,0.012526207603514194,1.0916414260864258,0.0029403732623904943,1,0.0,0.0,0.0,0.0,0.0,0.0,none,0,CLEAR,-0.004771804669871926,-0.004771804669871926,conservative_visual,
507,17.107295,17.107295,1,0.03879634371023567,1.0979295231087762,2439.0,1,1,accepted,2907.5615369659117,0.5794001817703247,1,0,0.019791528582572937,1.0933830738067627,0.011241286061704159,1,0.0,0.0,0.0,0.0,0.0,0.0,none,0,CLEAR,-0.0031712285708636045,-0.0031712285708636045,conservative_visual,
508,17.142359,17.142359,1,-0.012681651655421441,1.0899647348152581,2482.0,1,1,accepted,2969.346642759625,0.9478103518486023,1,0,0.01202433928847313,1.0927268266677856,0.005994114559143782,1,0.0,0.0,0.0,0.0,0.0,0.0,none,0,CLEAR,-0.0018197157187387347,-0.0018197157187387347,conservative_visual,
509,17.178560,17.17856,1,-0.014737827468611027,1.0899171733173976,2443.5,1,1,accepted,2919.5667960201786,0.5766204595565796,1,0,0.00442166393622756,1.0920854806900024,0.0017061808612197638,1,0.0,0.0,0.0,0.0,0.0,0.0,none,0,CLEAR,0.00010394130367785692,-0.0,conservative_odom,
510,17.212162,17.212162,1,0.03879634371023567,1.0979295231087762,2441.0,1,1,accepted,2914.0703169694584,1.0382903814315796,1,0,0.013267300091683865,1.093787431716919,0.009920538403093815,1,0.0,0.0,0.0,0.0,0.0,0.0,none,0,CLEAR,0.00020153075456619263,-0.0,conservative_odom,
511,17.246393,17.246393,1,-0.010625475842231856,1.0897945485139464,2458.5,1,1,accepted,2943.633122506847,0.4838593304157257,1,0,0.006735491566359997,1.0928884744644165,0.003737012157216668,1,0.0,0.0,0.0,0.0,0.0,0.0,none,0,CLEAR,0.002323277061805129,-0.0,conservative_odom,
512,17.279778,17.279778,1,-0.010625475842231856,1.0897945485139464,2464.0,1,1,accepted,2945.5273513917195,0.22732478380203247,1,0,0.0012455792166292667,1.0920947790145874,-0.0008456300711259246,1,0.0,0.0,0.0,0.0,0.0,0.0,none,0,CLEAR,0.002323277061805129,-0.0,conservative_odom,
513,17.309394,17.309394,1,-0.022972339585371815,1.0901198666933707,2435.0,1,1,accepted,2907.423220023649,0.4223843514919281,1,0,-0.006457507144659758,1.0915290117263794,-0.0035436563193798065,1,0.0,0.0,0.0,0.0,0.0,0.0,none,0,CLEAR,0.002323277061805129,-0.0,conservative_odom,
514,17.335813,17.335813,1,0.03879634371023567,1.0979295231087762,2451.5,1,1,accepted,2926.727031168964,1.8612309694290161,1,0,0.004042399115860462,1.0931587219238281,0.0050609176978468895,1,0.0,0.0,0.0,0.0,0.0,0.0,none,0,CLEAR,0.0033386927098035812,-0.0,conservative_odom,
515,17.363732,17.363732,1,0.04908209335537585,1.0901651494161997,2407.5,1,1,accepted,2880.0435819287527,1.7078239917755127,1,0,0.015431283041834831,1.0924856662750244,0.0009916572598740458,1,0.0,0.0,0.0,0.0,0.0,0.0,none,0,CLEAR,0.0033386927098035812,-0.0,conservative_odom,
516,17.390194,17.390194,1,-0.006516401761381841,1.0892768208231194,2475.5,1,1,accepted,2954.954336139787,0.4520220160484314,1,0,0.010748305357992649,1.0916935205459595,-0.0030999795999377966,1,0.0,0.0,0.0,0.0,0.0,0.0,none,0,CLEAR,0.002721596509218216,-0.0,conservative_odom,
517,17.419424,17.419424,1,0.03879634371023567,1.0979295231087762,2459.0,1,1,accepted,2931.004762593833,0.666122317314148,1,0,0.0181711558252573,1.0932047367095947,0.004909642040729523,1,0.0,0.0,0.0,0.0,0.0,0.0,none,0,CLEAR,0.002721596509218216,-0.0,conservative_odom,
518,17.447313,17.447313,1,-0.010625475842231856,1.089466959554655,2466.5,1,1,accepted,2948.505883522561,0.7708134651184082,1,0,0.011986489407718182,1.092369794845581,5.0747290515573695e-05,1,0.0,0.0,0.0,0.0,0.0,0.0,none,0,CLEAR,0.0013489190605469048,-0.0,conservative_odom,
519,17.481385,17.481385,1,0.0367361075656111,1.0947809241298405,2445.5,1,1,accepted,2918.8451071976588,0.4916122257709503,1,0,0.018739020451903343,1.0929999351501465,0.0031910808756947517,1,0.0,0.0,0.0,0.0,0.0,0.0,none,0,CLEAR,0.002091369067784399,-0.0,conservative_odom,
520,17.513940,17.51394,1,0.05524391640245123,1.0951608054723694,2477.5,1,1,accepted,2960.345079837816,1.0082597732543945,1,0,0.029469626024365425,1.0936497449874878,0.005919435527175665,1,0.0,0.0,0.0,0.0,0.0,0.0,none,0,CLEAR,0.002091369067784399,-0.0,conservative_odom,
521,17.548279,17.548279,1,-0.012681651655421441,1.089855860915672,2467.5,1,1,accepted,2953.063252142286,1.6680469512939453,1,0,0.020241277292370796,1.0927643775939941,0.00048105980386026204,1,0.0,0.0,0.0,0.0,0.0,0.0,none,0,CLEAR,0.0007363585318671539,-0.0,conservative_odom,
522,17.575081,17.575081,1,-0.010625475842231856,1.0896444635915636,2479.0,1,1,accepted,2960.3449595857446,0.8277946710586548,1,0,0.012698360718786716,1.0919544696807861,-0.0036311433650553226,1,0.0,0.0,0.0,0.0,0.0,0.0,none,0,CLEAR,0.00048105980386026204,-0.0,conservative_odom,
523,17.601645,17.601645,1,-0.012681651655421441,1.0895557115731092,2484.5,1,1,accepted,2962.6121423808636,0.5230427384376526,1,0,0.0059635452926158905,1.0912703275680542,-0.006569520570337772,1,0.0,0.0,0.0,0.0,0.0,0.0,none,0,CLEAR,0.00048105980386026204,-0.0,conservative_odom,
524,17.628644,17.628644,1,0.03879634371023567,1.0979295231087762,2467.0,1,1,accepted,2939.0510062031826,1.003954529762268,1,0,0.013285400345921516,1.0928068161010742,0.0020023356191813946,1,0.0,0.0,0.0,0.0,0.0,0.0,none,0,CLEAR,0.0009916572598740458,-0.0,conservative_odom,
525,17.661489,17.661489,1,-0.006516401761381841,1.0892768208231194,2500.0,1,1,accepted,2986.5223227530437,0.33138084411621094,1,0,0.008114983327686787,1.091943621635437,-0.0026435854379087687,1,0.0,0.0,0.0,0.0,0.0,0.0,none,0,CLEAR,0.00048105980386026204,-0.0,conservative_odom,
526,17.691703,17.691703,1,0.05319054921356556,1.0955271841610892,2469.5,1,1,accepted,2945.624226678535,1.746433973312378,1,0,0.01917320117354393,1.0928128957748413,0.002102056983858347,1,0.0,0.0,0.0,0.0,0.0,0.0,none,0,CLEAR,0.0012416977115208283,-0.0,conservative_odom,
527,17.724708,17.724708,1,0.0367361075656111,1.0982417495004286,2484.5,1,1,accepted,2967.5040279907566,0.24619318544864655,1,0,0.024597911164164543,1.0943026542663574,0.009199677966535091,1,0.0,0.0,0.0,0.0,0.0,0.0,none,0,CLEAR,0.0012416977115208283,-0.0,conservative_odom,
528,17.764049,17.764049,1,-0.004463506447883174,1.0892694487740489,2530.0,1,1,accepted,3031.7908923833406,0.7982982397079468,1,0,0.017915360629558563,1.0931428670883179,0.0015933915274217725,1,0.0,0.0,0.0,0.0,0.0,0.0,none,0,CLEAR,0.0017978635733015835,-0.0,conservative_odom,
529,17.801279,17.801279,1,0.044970197356556246,1.092380299216027,2447.5,1,1,accepted,2925.1089817179814,0.562233567237854,1,0,0.026032617315649986,1.0929633378982544,0.00039896261296235025,1,0.0,0.0,0.0,0.0,0.0,0.0,none,0,CLEAR,0.0010372256656410173,-0.0,conservative_odom,
530,17.829202,17.829202,1,0.044970197356556246,1.096938618794003,2438.0,1,1,accepted,2912.569737404566,0.2607555091381073,1,0,0.03226961940526962,1.0940754413604736,0.005909453146159649,1,0.0,0.0,0.0,0.0,0.0,0.0,none,0,CLEAR,0.0010372256656410173,-0.0,conservative_odom,
531,17.856878,17.856878,1,-0.014737827468611027,1.0899171733173976,2496.5,1,1,accepted,2990.130793768091,1.969236969947815,1,0,0.02113436721265316,1.0930794477462769,0.00010112587915500626,1,0.0,0.0,0.0,0.0,0.0,0.0,none,0,CLEAR,0.0009961770701920614,-0.0,conservative_odom,
532,17.886890,17.88689,1,-0.010625475842231856,1.089466959554655,2453.0,1,1,accepted,2930.9266960084574,0.8441040515899658,1,0,0.012836700305342674,1.0921201705932617,-0.004719297401607037,1,0.0,0.0,0.0,0.0,0.0,0.0,none,0,CLEAR,0.0009961770701920614,-0.0,conservative_odom,
533,17.922375,17.922375,1,-0.012681651655421441,1.0895557115731092,2476.5,1,1,accepted,2953.696058089435,0.4783187508583069,1,0,0.004895064979791641,1.0912927389144897,-0.008023292757570744,1,0.0,0.0,0.0,0.0,0.0,0.0,none,0,CLEAR,0.0009961770701920614,-0.0,conservative_odom,
534,17.954844,17.954844,1,0.00791200206243193,1.0910461084262173,2449.0,1,1,accepted,2917.8077777249746,0.02224215865135193,1,0,0.004105220548808575,1.091036081314087,-0.008004195056855679,1,0.0,0.0,0.0,0.0,0.0,0.0,none,0,CLEAR,0.00025004424605867825,-0.0,conservative_odom,
535,17.987567,17.987567,1,0.05113718202467987,1.0958935628498092,2461.5,1,1,accepted,2931.468287785781,1.9539395570755005,1,0,0.015673808753490448,1.092192530632019,-0.0009157714084722102,1,0.0,0.0,0.0,0.0,0.0,0.0,none,0,CLEAR,0.00025004424605867825,-0.0,conservative_odom,
536,18.023685,18.023685,1,-0.00857093880180685,1.0893718901888871,2466.0,1,1,accepted,2941.7748276637017,0.48205262422561646,1,0,0.008933961391448975,1.0913662910461426,-0.004875915590673685,1,0.0,0.0,0.0,0.0,0.0,0.0,none,0,CLEAR,-0.00040732276465860195,-0.00040732276465860195,conservative_visual,
537,18.053919,18.053919,1,-0.00857093880180685,1.0893718901888871,2498.0,1,1,accepted,2975.9425368469456,0.22485120594501495,1,0,0.003442599670961499,1.090705394744873,-0.00743915606290102,1,0.0,0.0,0.0,0.0,0.0,0.0,none,0,CLEAR,-0.0028175344050396234,-0.0028175344050396234,conservative_visual,
538,18.094152,18.094152,1,0.04908209335537585,1.092380299216027,2463.5,1,1,accepted,2932.0733266841667,1.790263295173645,1,0,0.015375225804746151,1.0909857749938965,-0.004544914700090885,1,0.0,0.0,0.0,0.0,0.0,0.0,none,0,CLEAR,-0.004632106050848961,-0.004632106050848961,conservative_visual,
539,18.129219,18.129219,1,0.0367361075656111,1.0982417495004286,2470.0,1,1,accepted,2939.3481438903896,0.37973907589912415,1,0,0.022114889696240425,1.0930092334747314,0.006357077043503523,1,0.0,0.0,0.0,0.0,0.0,0.0,none,0,CLEAR,-0.004719297401607037,-0.004719297401607037,conservative_visual,
540,18.156853,18.156853,1,-0.00857093880180685,1.089719506052755,2443.5,1,1,accepted,2920.117538191482,0.8308177590370178,1,0,0.01450238935649395,1.0922157764434814,0.0015119588933885098,1,0.0,0.0,0.0,0.0,0.0,0.0,none,0,CLEAR,-0.004632106050848961,-0.004632106050848961,conservative_visual,
541,18.193646,18.193646,1,-0.00857093880180685,1.0893718901888871,2528.5,1,1,accepted,3017.0767894213304,0.4331495463848114,1,0,0.007961455732584,1.091436505317688,-0.002663777908310294,1,0.0,0.0,0.0,0.0,0.0,0.0,none,0,CLEAR,-0.004544914700090885,-0.004544914700090885,conservative_visual,
542,18.230041,18.230041,1,0.05113718202467987,1.0901198666933707,2481.5,1,1,accepted,2957.179236045685,1.538975715637207,1,0,0.01985948160290718,1.0909819602966309,-0.004451599903404713,1,0.0,0.0,0.0,0.0,0.0,0.0,none,0,CLEAR,-0.004451599903404713,-0.004451599903404713,conservative_visual,
543,18.265324,18.265324,1,-0.016795639086520334,1.0899647348152581,2448.0,1,1,accepted,2912.8873270739023,1.1266586780548096,1,0,0.009943315759301186,1.0905715227127075,-0.005717281252145767,1,0.0,0.0,0.0,0.0,0.0,0.0,none,0,CLEAR,-0.004451599903404713,-0.004451599903404713,conservative_visual,
544,18.293086,18.293086,1,-0.00857093880180685,1.0893718901888871,2514.0,1,1,accepted,2990.33586094124,0.2585301995277405,1,0,0.004350114613771439,1.0901213884353638,-0.007174367550760508,1,0.0,0.0,0.0,0.0,0.0,0.0,none,0,CLEAR,-0.004544914700090885,-0.004544914700090885,conservative_visual,
545,18.329156,18.329156,1,-0.012681651655421441,1.089855860915672,2481.0,1,1,accepted,2949.590523152227,0.18768838047981262,1,0,-0.0017049373127520084,1.0898606777191162,-0.007183935027569532,1,0.0,0.0,0.0,0.0,0.0,0.0,none,0,CLEAR,-0.004544914700090885,-0.004544914700090885,conservative_visual,
546,18.357550,18.35755,1,0.05113718202467987,1.0958935628498092,2446.0,1,1,accepted,2908.815998010033,2.443862199783325,1,0,0.011486927047371864,1.0913777351379395,0.0014229781227186322,1,0.0,0.0,0.0,0.0,0.0,0.0,none,0,CLEAR,-0.004451599903404713,-0.004451599903404713,conservative_visual,
547,18.386739,18.386739,1,0.0367361075656111,1.0982417495004286,2474.5,1,1,accepted,2948.4072052164483,0.5454100966453552,1,0,0.018472734838724136,1.0932610034942627,0.01063623558729887,1,0.0,0.0,0.0,0.0,0.0,0.0,none,0,CLEAR,-0.0035576889058575034,-0.0035576889058575034,conservative_visual,
548,18.422755,18.422755,1,-0.00857093880180685,1.0895557115731092,2482.5,1,1,accepted,2969.2585396704953,0.66610187292099,1,0,0.012006891891360283,1.0925027132034302,0.0049285441637039185,1,0.0,0.0,0.0,0.0,0.0,0.0,none,0,CLEAR,-0.000620399892795831,-0.000620399892795831,conservative_visual,
549,18.456316,18.456316,1,-0.00857093880180685,1.0893718901888871,2465.5,1,1,accepted,2944.35829584151,0.3490704894065857,1,0,0.006270590703934431,1.091741919517517,0.0002987304760608822,1,0.0,0.0,0.0,0.0,0.0,0.0,none,0,CLEAR,-0.001182523716124706,-0.001182523716124706,conservative_visual,
550,18.494481,18.494481,1,-0.010625475842231856,1.0897945485139464,2491.5,1,1,accepted,2971.7150251455614,0.2010396122932434,1,0,0.0006100691389292479,1.091181993484497,-0.0025552266743034124,1,0.0,0.0,0.0,0.0,0.0,0.0,none,0,CLEAR,-0.0025552266743034124,-0.0025552266743034124,conservative_visual,
551,18.531441,18.531441,1,0.05113718202467987,1.0900798751261223,2482.0,1,1,accepted,2958.571927539997,2.1444272994995117,1,0,0.014306901022791862,1.0907883644104004,-0.004048964474350214,1,0.0,0.0,0.0,0.0,0.0,0.0,none,0,CLEAR,-0.0025552266743034124,-0.0025552266743034124,conservative_visual,
552,18.563565,18.563565,1,0.03879634371023567,1.0979295231087762,2451.0,1,1,accepted,2915.91571235815,0.4810118079185486,1,0,0.02204759232699871,1.0927709341049194,0.006497192662209272,1,0.0,0.0,0.0,0.0,0.0,0.0,none,0,CLEAR,-0.0011282480991212651,-0.0011282480991212651,conservative_visual,
553,18.600862,18.600862,1,-0.016795639086520334,1.0899647348152581,2386.5,1,1,accepted,2851.1188628916643,1.330030083656311,1,0,0.012139180675148964,1.0921086072921753,0.0019835836719721556,1,0.0,0.0,0.0,0.0,0.0,0.0,none,0,CLEAR,0.0014229781227186322,-0.0,conservative_odom,
554,18.632014,18.632014,1,0.03879634371023567,1.0979295231087762,2481.0,1,1,accepted,2960.1577937857323,0.5870697498321533,1,0,0.0198440570384264,1.0938313007354736,0.010271957144141197,1,0.0,0.0,0.0,0.0,0.0,0.0,none,0,CLEAR,0.0019835836719721556,-0.0,conservative_odom,
555,18.660499,18.660499,1,-0.00857093880180685,1.0893718901888871,2431.0,1,1,accepted,2910.185028948603,0.7183895111083984,1,0,0.012772006914019585,1.0928065776824951,0.003694041632115841,1,0.0,0.0,0.0,0.0,0.0,0.0,none,0,CLEAR,0.003694041632115841,-0.0,conservative_odom,
556,18.692275,18.692275,1,0.04908209335537585,1.0901651494161997,2481.5,1,1,accepted,2964.7649918754614,1.0701558589935303,1,0,0.022749420255422592,1.092162847518921,-0.00010822346666827798,1,0.0,0.0,0.0,0.0,0.0,0.0,none,0,CLEAR,0.0019835836719721556,-0.0,conservative_odom,
557,18.724093,18.724093,1,-0.012681651655421441,1.089855860915672,2482.5,1,1,accepted,2961.175439202223,1.1051641702651978,1,0,0.014119034633040428,1.0915257930755615,-0.003272576257586479,1,0.0,0.0,0.0,0.0,0.0,0.0,none,0,CLEAR,0.0002987304760608822,-0.0,conservative_odom,
558,18.760549,18.760549,1,-0.010625475842231856,1.0897945485139464,2495.0,1,1,accepted,2972.4601872922944,0.48586025834083557,1,0,0.0070344326086342335,1.0909490585327148,-0.005555868614464998,1,0.0,0.0,0.0,0.0,0.0,0.0,none,0,CLEAR,-0.00010822346666827798,-0.00010822346666827798,conservative_visual,
559,18.795186,18.795186,1,-0.01885345070442964,1.090012296313119,2448.5,1,1,accepted,2914.986639789563,0.48004332184791565,1,0,-0.001302403281442821,1.090543508529663,-0.006619675550609827,1,0.0,0.0,0.0,0.0,0.0,0.0,none,0,CLEAR,-0.00010822346666827798,-0.00010822346666827798,conservative_visual,
560,18.831390,18.83139,1,-0.0024106111343845035,1.088483548492016,2517.5,1,1,accepted,2997.5054368001297,0.00442088907584548,1,0,-0.003485603490844369,1.089773416519165,-0.009266219101846218,1,0.0,0.0,0.0,0.0,0.0,0.0,none,0,CLEAR,-0.0016903998621273786,-0.0016903998621273786,conservative_visual,
561,18.864468,18.864468,1,-0.014447574854777587,1.0746120721674057,2499.0,1,1,accepted,2971.6192196147585,0.2333746999502182,1,0,-0.008303913287818432,1.0851794481277466,-0.03065028041601181,1,0.0,0.0,0.0,0.0,0.0,0.0,none,0,CLEAR,-0.003272576257586479,-0.003272576257586479,conservative_visual,
562,18.900456,18.900456,1,0.05113718202467987,1.0958935628498092,2480.0,1,1,accepted,2922.257111694525,3.1722006797790527,1,0,0.006980761419981718,1.0875338315963745,-0.013412609696388245,1,0.0,0.0,0.0,0.0,0.0,0.0,none,0,CLEAR,-0.004414222436025739,-0.004414222436025739,conservative_visual,
563,18.934407,18.934407,1,0.05113718202467987,1.0958935628498092,2437.0,1,1,accepted,2881.4508190017254,1.5772595405578613,1,0,0.020038094371557236,1.089645266532898,-0.000617942598182708,1,0.0,0.0,0.0,0.0,0.0,0.0,none,0,CLEAR,-0.005555868614464998,-0.005555868614464998,conservative_visual,
564,18.966102,18.966102,1,0.03879634371023567,1.0979295231087762,2426.5,1,1,accepted,2880.945428109303,0.27023929357528687,1,0,0.0270248856395483,1.0919970273971558,0.011202897876501083,1,0.0,0.0,0.0,0.0,0.0,0.0,none,0,CLEAR,-0.005555868614464998,-0.005555868614464998,conservative_visual,
565,18.995557,18.995557,1,0.0367361075656111,1.0982417495004286,2345.0,1,1,accepted,2798.335998508816,0.06634031981229782,1,0,0.031748224049806595,1.093966007232666,0.019377319142222404,1,0.0,0.0,0.0,0.0,0.0,0.0,none,0,CLEAR,-0.005555868614464998,-0.005555868614464998,conservative_visual,
566,19.027857,19.027857,1,-0.010625475842231856,1.089466959554655,2493.5,1,1,accepted,2988.603049784093,1.7040733098983765,1,0,0.02247156947851181,1.0931732654571533,0.012300943024456501,1,0.0,0.0,0.0,0.0,0.0,0.0,none,0,CLEAR,-0.005555868614464998,-0.005555868614464998,conservative_visual,
567,19.067144,19.067144,1,-0.010625475842231856,1.0897945485139464,2451.5,1,1,accepted,2932.2167140580154,0.9627837538719177,1,0,0.014013436622917652,1.0925337076187134,0.0066979113034904,1,0.0,0.0,0.0,0.0,0.0,0.0,none,0,CLEAR,-0.000617942598182708,-0.000617942598182708,conservative_visual,
568,19.101055,19.101055,1,0.05113718202467987,1.0919599895905732,2466.5,1,1,accepted,2945.838403987928,1.1050777435302734,1,0,0.024567751213908195,1.0925287008285522,0.005538851022720337,1,0.0,0.0,0.0,0.0,0.0,0.0,none,0,CLEAR,0.005538851022720337,-0.0,conservative_odom,
569,19.131130,19.13113,1,0.05113718202467987,1.0958935628498092,2428.0,1,1,accepted,2899.0640929320016,0.5151457190513611,1,0,0.03303063288331032,1.0935955047607422,0.010035517625510693,1,0.0,0.0,0.0,0.0,0.0,0.0,none,0,CLEAR,0.006118381163105369,-0.0,conservative_odom,
570,19.158239,19.158239,1,0.03879634371023567,1.0919599895905732,2470.5,1,1,accepted,2957.1346169709304,0.01329851895570755,1,0,0.03618866950273514,1.093353033065796,0.007463760673999786,1,0.0,0.0,0.0,0.0,0.0,0.0,none,0,CLEAR,0.007080835988745093,-0.0,conservative_odom,
571,19.189846,19.189846,1,-0.006516401761381841,1.0892768208231194,2458.0,1,1,accepted,2941.3819763684273,1.687711477279663,1,0,0.026629505679011345,1.092423915863037,0.0016379100270569324,1,0.0,0.0,0.0,0.0,0.0,0.0,none,0,CLEAR,0.007080835988745093,-0.0,conservative_odom,
572,19.227619,19.227619,1,-0.014737827468611027,1.0897945485139464,2449.0,1,1,accepted,2923.1061031147606,1.430832028388977,1,0,0.015589820221066475,1.0917245149612427,-0.002168502891436219,1,0.0,0.0,0.0,0.0,0.0,0.0,none,0,CLEAR,0.007080835988745093,-0.0,conservative_odom,
573,19.257346,19.257346,1,-0.014737827468611027,1.0897945485139464,2442.0,1,1,accepted,2910.613678812573,0.6923261880874634,1,0,0.006459761410951614,1.0911452770233154,-0.004743266850709915,1,0.0,0.0,0.0,0.0,0.0,0.0,none,0,CLEAR,0.007080835988745093,-0.0,conservative_odom,
574,19.287883,19.287883,1,0.03879634371023567,1.0958935628498092,2454.5,1,1,accepted,2923.809672285391,0.9897728562355042,1,0,0.013591391034424305,1.0923343896865845,0.0019282052526250482,1,0.0,0.0,0.0,0.0,0.0,0.0,none,0,CLEAR,0.006118381163105369,-0.0,conservative_odom,
575,19.324787,19.324787,1,0.03879634371023567,1.0979295231087762,2444.0,1,1,accepted,2917.216621088935,0.5736839175224304,1,0,0.01996687240898609,1.093968391418457,0.009740236215293407,1,0.0,0.0,0.0,0.0,0.0,0.0,none,0,CLEAR,0.006118381163105369,-0.0,conservative_odom,
576,19.361209,19.361209,1,-0.014737827468611027,1.0899171733173976,2460.5,1,1,accepted,2946.590682026581,0.9833425283432007,1,0,0.010141683742403984,1.0930476188659668,0.003367199096828699,1,0.0,0.0,0.0,0.0,0.0,0.0,none,0,CLEAR,0.004453025059774518,-0.0,conservative_odom,
577,19.396884,19.396884,1,0.05113718202467987,1.093614301797835,2470.0,1,1,accepted,2952.991318296343,1.4194300174713135,1,0,0.0210792887955904,1.0932984352111816,0.004019815009087324,1,0.0,0.0,0.0,0.0,0.0,0.0,none,0,CLEAR,0.0036935070529580116,-0.0,conservative_odom,
578,19.434972,19.434972,1,0.05113718202467987,1.0900798751261223,2469.0,1,1,accepted,2952.0297544261534,0.6763623356819153,1,0,0.030629385262727737,1.0924402475357056,-0.0010259011760354042,1,0.0,0.0,0.0,0.0,0.0,0.0,none,0,CLEAR,0.0019282052526250482,-0.0,conservative_odom,
579,19.470865,19.470865,1,0.05113718202467987,1.0958935628498092,2433.5,1,1,accepted,2904.708358267035,0.26735422015190125,1,0,0.038395047187805176,1.0934520959854126,0.004203731194138527,1,0.0,0.0,0.0,0.0,0.0,0.0,none,0,CLEAR,0.0019282052526250482,-0.0,conservative_odom,
580,19.497565,19.497565,1,-0.01885345070442964,1.090012296313119,2429.0,1,1,accepted,2906.9865144547325,2.8523778915405273,1,0,0.024007782340049744,1.092563271522522,-0.0007949747960083187,1,0.0,0.0,0.0,0.0,0.0,0.0,none,0,CLEAR,0.0019282052526250482,-0.0,conservative_odom,
581,19.527144,19.527144,1,-0.014737827468611027,1.0899171733173976,2442.0,1,1,accepted,2914.893952336819,1.2283833026885986,1,0,0.013511951081454754,1.091818928718567,-0.004399378318339586,1,0.0,0.0,0.0,0.0,0.0,0.0,none,0,CLEAR,0.0005666152283083647,-0.0,conservative_odom,
582,19.562451,19.562451,1,0.04908209335537585,1.0962464250500448,2450.5,1,1,accepted,2921.095586547296,1.1221184730529785,1,0,0.02234477549791336,1.0929532051086426,0.0020508854649960995,1,0.0,0.0,0.0,0.0,0.0,0.0,none,0,CLEAR,0.0020508854649960995,-0.0,conservative_odom,
583,19.595871,19.595871,1,0.05113718202467987,1.0958935628498092,2477.5,1,1,accepted,2959.86068622933,0.6584490537643433,1,0,0.030617687851190567,1.0938324928283691,0.006105192471295595,1,0.0,0.0,0.0,0.0,0.0,0.0,none,0,CLEAR,0.003367199096828699,-0.0,conservative_odom,
584,19.624586,19.624586,1,0.05113718202467987,1.0910924690526003,2483.0,1,1,accepted,2972.374439186569,0.30405399203300476,1,0,0.037197474390268326,1.0932104587554932,0.0021180843468755484,1,0.0,0.0,0.0,0.0,0.0,0.0,none,0,CLEAR,0.0027426417218521237,-0.0,conservative_odom,
585,19.656440,19.65644,1,0.03879634371023567,1.0958935628498092,2443.5,1,1,accepted,2922.5027141076853,0.0059350645169615746,1,0,0.03931523486971855,1.0939931869506836,0.005692964419722557,1,0.0,0.0,0.0,0.0,0.0,0.0,none,0,CLEAR,0.0027426417218521237,-0.0,conservative_odom,
586,19.689831,19.689831,1,-0.006516401761381841,1.0892768208231194,2490.0,1,1,accepted,2983.5830621647046,1.889032244682312,1,0,0.02837742492556572,1.0928270816802979,-0.0010809400118887424,1,0.0,0.0,0.0,0.0,0.0,0.0,none,0,CLEAR,0.002084484905935824,-0.0,conservative_odom,
587,19.725562,19.725562,1,-0.006516401761381841,1.0892768208231194,2463.0,1,1,accepted,2941.5187505057697,0.9895485639572144,1,0,0.018622972071170807,1.0917937755584717,-0.0060456315986812115,1,0.0,0.0,0.0,0.0,0.0,0.0,none,0,CLEAR,0.0006279553344938904,-0.0,conservative_odom,
588,19.755562,19.755562,1,0.03879634371023567,1.0979295231087762,2428.0,1,1,accepted,2893.432929559647,0.40391793847084045,1,0,0.023237377405166626,1.0933599472045898,0.002676247851923108,1,0.0,0.0,0.0,0.0,0.0,0.0,none,0,CLEAR,0.002084484905935824,-0.0,conservative_odom,
589,19.794604,19.794604,1,0.005791096260844893,1.0870645351400108,2457.0,1,1,accepted,2937.7476211620933,0.25670239329338074,1,0,0.017764408141374588,1.0916074514389038,-0.0065924678929150105,1,0.0,0.0,0.0,0.0,0.0,0.0,none,0,CLEAR,0.0006279553344938904,-0.0,conservative_odom,
590,19.826858,19.826858,1,-0.010625475842231856,1.089466959554655,2473.5,1,1,accepted,2946.5403747232413,0.586527407169342,1,0,0.008738464675843716,1.0908432006835938,-0.009346798993647099,1,0.0,0.0,0.0,0.0,0.0,0.0,none,0,CLEAR,0.0004849727265536785,-0.0,conservative_odom,
591,19.862705,19.862705,1,-0.01885345070442964,1.090012296313119,2460.0,1,1,accepted,2927.2992521175197,0.4848296642303467,1,0,-0.0012626806274056435,1.0903640985488892,-0.010066078044474125,1,0.0,0.0,0.0,0.0,0.0,0.0,none,0,CLEAR,-0.0010809400118887424,-0.0010809400118887424,conservative_visual,
592,19.894288,19.894288,1,-0.010625475842231856,1.089466959554655,2453.0,1,1,accepted,2919.6644694277024,0.026650631800293922,1,0,-0.00650504557415843,1.0898810625076294,-0.01089029386639595,1,0.0,0.0,0.0,0.0,0.0,0.0,none,0,CLEAR,-0.003563285805284977,-0.003563285805284977,conservative_visual,
593,19.928168,19.928168,1,-0.01885345070442964,1.090012296313119,2440.0,1,1,accepted,2903.669917333601,0.05367802083492279,1,0,-0.012990104965865612,1.0896550416946411,-0.010177007876336575,1,0.0,0.0,0.0,0.0,0.0,0.0,none,0,CLEAR,-0.0065924678929150105,-0.0065924678929150105,conservative_visual,
594,19.959438,19.959438,1,0.05113718202467987,1.0958935628498092,2462.5,1,1,accepted,2932.685377879812,3.762972354888916,1,0,0.0020145655144006014,1.0911787748336792,-0.0009859121637418866,1,0.0,0.0,0.0,0.0,0.0,0.0,none,0,CLEAR,-0.0065924678929150105,-0.0065924678929150105,conservative_visual,
595,19.990987,19.990987,1,0.03879634371023567,1.0958935628498092,2362.5,1,1,accepted,2815.8360540225963,1.175451636314392,1,0,0.011373578570783138,1.0924673080444336,0.005597463343292475,1,0.0,0.0,0.0,0.0,0.0,0.0,none,0,CLEAR,-0.0065924678929150105,-0.0065924678929150105,conservative_visual,
596,20.032255,20.032255,1,0.05113718202467987,1.0958935628498092,2449.0,1,1,accepted,2924.8286156231043,1.2080845832824707,1,0,0.023557694628834724,1.0936434268951416,0.010314169339835644,1,0.0,0.0,0.0,0.0,0.0,0.0,none,0,CLEAR,-0.0065924678929150105,-0.0065924678929150105,conservative_visual,
597,20.063102,20.063102,1,-0.006516401761381841,1.0892768208231194,2446.5,1,1,accepted,2927.921263912324,0.8440535068511963,1,0,0.016513081267476082,1.092616319656372,0.003591726068407297,1,0.0,0.0,0.0,0.0,0.0,0.0,none,0,CLEAR,-0.0065924678929150105,-0.0065924678929150105,conservative_visual,
598,20.094078,20.094078,1,-0.00857093880180685,1.0892694487740489,2457.5,1,1,accepted,2934.571919563856,0.5446909666061401,1,0,0.010032089427113533,1.0917541980743408,-0.001274965819902718,1,0.0,0.0,0.0,0.0,0.0,0.0,none,0,CLEAR,-0.003933716856408864,-0.003933716856408864,conservative_visual,
599,20.124288,20.124288,1,-0.00857093880180685,1.0892694487740489,2437.5,1,1,accepted,2906.212366419262,0.2739076614379883,1,0,0.0046716793440282345,1.0910407304763794,-0.004650163929909468,1,0.0,0.0,0.0,0.0,0.0,0.0,none,0,CLEAR,-0.002962564874906093,-0.002962564874906093,conservative_visual,
600,20.160101,20.160101,1,-0.00857093880180685,1.0892694487740489,2449.0,1,1,accepted,2916.7708913343454,0.11609409004449844,1,0,6.760652468074113e-06,1.0904197692871094,-0.006921425927430391,1,0.0,0.0,0.0,0.0,0.0,0.0,none,0,CLEAR,-0.002962564874906093,-0.002962564874906093,conservative_visual,
601,20.192617,20.192617,1,0.04085486686863818,1.0976037367232512,2425.5,1,1,accepted,2886.6442563565565,1.4893406629562378,1,0,0.010285432450473309,1.0922818183898926,0.003506219480186701,1,0.0,0.0,0.0,0.0,0.0,0.0,none,0,CLEAR,-0.0011304389918223023,-0.0011304389918223023,conservative_visual,
602,20.231887,20.231887,1,0.05319054921356556,1.0955271841610892,2417.5,1,1,accepted,2885.943417460331,1.4314682483673096,1,0,0.023120993748307228,1.0933345556259155,0.008075365796685219,1,0.0,0.0,0.0,0.0,0.0,0.0,none,0,CLEAR,0.003506219480186701,-0.0,conservative_odom,
603,20.268626,20.268626,1,0.04085486686863818,1.0976037367232512,2441.5,1,1,accepted,2920.168856909838,0.1915384978055954,1,0,0.030216434970498085,1.0948166847229004,0.013993171975016594,1,0.0,0.0,0.0,0.0,0.0,0.0,none,0,CLEAR,0.003591726068407297,-0.0,conservative_odom,
604,20.298284,20.298284,1,0.05319054921356556,1.0955271841610892,2440.5,1,1,accepted,2928.169083008929,0.3244722783565521,1,0,0.038757678121328354,1.0953162908554077,0.014416077174246311,1,0.0,0.0,0.0,0.0,0.0,0.0,none,0,CLEAR,0.003591726068407297,-0.0,conservative_odom,
605,20.339267,20.339267,1,0.04085486686863818,1.0976037367232512,2464.0,1,1,accepted,2962.276851819335,0.00868150033056736,1,0,0.04286804422736168,1.0964187383651733,0.016972625628113747,1,0.0,0.0,0.0,0.0,0.0,0.0,none,0,CLEAR,0.003591726068407297,-0.0,conservative_odom,
606,20.372135,20.372135,1,0.04085486686863818,1.0976037367232512,2433.0,1,1,accepted,2931.6031531723443,0.02722877636551857,1,0,0.04498659074306488,1.097161889076233,0.0178986769169569,1,0.0,0.0,0.0,0.0,0.0,0.0,none,0,CLEAR,0.008075365796685219,-0.0,conservative_odom,
607,20.399537,20.399537,1,0.04085486686863818,1.0976037367232512,2439.5,1,1,accepted,2943.4587097834133,0.040386635810136795,1,0,0.04597051069140434,1.097638726234436,0.017830530181527138,1,0.0,0.0,0.0,0.0,0.0,0.0,none,0,CLEAR,0.013993171975016594,-0.0,conservative_odom,
608,20.432344,20.432344,1,0.04085486686863818,1.0976037367232512,2454.0,1,1,accepted,2964.4625120488067,0.05605791509151459,1,0,0.0468648262321949,1.0980499982833862,0.016960972920060158,1,0.0,0.0,0.0,0.0,0.0,0.0,none,0,CLEAR,0.014416077174246311,-0.0,conservative_odom,
609,20.466127,20.466127,1,0.04085486686863818,1.0976037367232512,2439.0,1,1,accepted,2948.6932490200106,0.06462359428405762,1,0,0.047274552285671234,1.0983353853225708,0.015521563589572906,1,0.0,0.0,0.0,0.0,0.0,0.0,none,0,CLEAR,0.015521563589572906,-0.0,conservative_odom,
610,20.498454,20.498454,1,0.04085486686863818,1.0976037367232512,2455.0,1,1,accepted,2969.1471164778864,0.06337051093578339,1,0,0.04719812422990799,1.0984909534454346,0.013790562748908997,1,0.0,0.0,0.0,0.0,0.0,0.0,none,0,CLEAR,0.015521563589572906,-0.0,conservative_odom,
611,20.537910,20.53791,1,0.04085486686863818,1.0976037367232512,2431.5,1,1,accepted,2941.770553722946,0.06210865452885628,1,0,0.04705454036593437,1.098613977432251,0.011687550693750381,1,0.0,0.0,0.0,0.0,0.0,0.0,none,0,CLEAR,0.015521563589572906,-0.0,conservative_odom,
612,20.573527,20.573527,1,0.04085486686863818,1.0976037367232512,2447.5,1,1,accepted,2960.8057258611902,0.050945546478033066,1,0,0.046447381377220154,1.098608136177063,0.009579865261912346,1,0.0,0.0,0.0,0.0,0.0,0.0,none,0,CLEAR,0.015521563589572906,-0.0,conservative_odom,
613,20.608146,20.608146,1,0.04085486686863818,1.0976037367232512,2416.0,1,1,accepted,2921.8621184172694,0.03847971931099892,1,0,0.04570549726486206,1.0985456705093384,0.007612805813550949,1,0.0,0.0,0.0,0.0,0.0,0.0,none,0,CLEAR,0.015521563589572906,-0.0,conservative_odom,
614,20.633869,20.633869,1,0.04085486686863818,1.0976037367232512,2418.0,1,1,accepted,2922.799874475488,0.025784550234675407,1,0,0.04486957937479019,1.0984272956848145,0.006042434833943844,1,0.0,0.0,0.0,0.0,0.0,0.0,none,0,CLEAR,0.014656063169240952,-0.0,conservative_odom,
615,20.666696,20.666696,1,0.04085486686863818,1.0976037367232512,2382.5,1,1,accepted,2879.012420519105,0.018214304000139236,1,0,0.04421652480959892,1.0983421802520752,0.004624698776751757,1,0.0,0.0,0.0,0.0,0.0,0.0,none,0,CLEAR,0.012739056721329689,-0.0,conservative_odom,
616,20.699059,20.699059,1,0.04085486686863818,1.0976037367232512,2419.5,1,1,accepted,2922.755439382611,0.012113388627767563,1,0,0.043587446212768555,1.098245620727539,0.003392848651856184,1,0.0,0.0,0.0,0.0,0.0,0.0,none,0,CLEAR,0.010633707977831364,-0.0,conservative_odom,
617,20.730408,20.730408,1,0.0326139251443682,1.098852627119832,2399.0,1,1,accepted,2897.027565073075,0.10150197893381119,1,0,0.04074298217892647,1.098489761352539,0.004081649240106344,1,0.0,0.0,0.0,0.0,0.0,0.0,none,0,CLEAR,0.008596335537731647,-0.0,conservative_odom,
618,20.760387,20.760387,1,0.04085486686863818,1.0976037367232512,2405.5,1,1,accepted,2905.405708799035,0.0009191573481075466,1,0,0.04060465097427368,1.0983388423919678,0.002716527786105871,1,0.0,0.0,0.0,0.0,0.0,0.0,none,0,CLEAR,0.0068276203237473965,-0.0,conservative_odom,
619,20.790696,20.790696,1,0.04085486686863818,1.0976037367232512,2414.5,1,1,accepted,2915.2335422481965,0.0007228127215057611,1,0,0.04051104933023453,1.0982017517089844,0.0016203993000090122,1,0.0,0.0,0.0,0.0,0.0,0.0,none,0,CLEAR,0.0053335668053478,-0.0,conservative_odom,
620,20.827262,20.827262,1,0.04085486686863818,1.0976037367232512,2425.0,1,1,accepted,2927.0308569586928,0.0006211360450834036,1,0,0.040432434529066086,1.0980775356292725,0.0007048301631584764,1,0.0,0.0,0.0,0.0,0.0,0.0,none,0,CLEAR,0.0043531740084290504,-0.0,conservative_odom,
621,20.863031,20.863031,1,0.04085486686863818,1.0976037367232512,2381.0,1,1,accepted,2873.0841859363572,0.000513034057803452,1,0,0.04040452092885971,1.097960352897644,-5.625831363431644e-06,1,0.0,0.0,0.0,0.0,0.0,0.0,none,0,CLEAR,0.003737248945981264,-0.0,conservative_odom,
622,20.897202,20.897202,1,0.04085486686863818,1.0976037367232512,2372.0,1,1,accepted,2861.4841275513695,0.0004035622114315629,1,0,0.04041387513279915,1.09785795211792,-0.0005151904188096523,1,0.0,0.0,0.0,0.0,0.0,0.0,none,0,CLEAR,0.0030546882189810276,-0.0,conservative_odom,
623,20.923904,20.923904,1,0.04085486686863818,1.0976037367232512,2395.0,1,1,accepted,2888.6364933303307,0.00028999149799346924,1,0,0.04045577719807625,1.0977786779403687,-0.0008423675317317247,1,0.0,0.0,0.0,0.0,0.0,0.0,none,0,CLEAR,0.0021684635430574417,-0.0,conservative_odom,
624,20.954337,20.954337,1,0.04085486686863818,1.0976037367232512,2357.5,1,1,accepted,2842.9467290103385,0.00022003041522111744,1,0,0.040490567684173584,1.097712755203247,-0.0010437127202749252,1,0.0,0.0,0.0,0.0,0.0,0.0,none,0,CLEAR,0.0011626147315837443,-0.0,conservative_odom,
625,20.985956,20.985956,1,0.0326139251443682,1.098852627119832,2361.5,1,1,accepted,2847.402295641922,0.050377704203128815,1,0,0.0383022166788578,1.0979965925216675,0.0005400041700340807,1,0.0,0.0,0.0,0.0,0.0,0.0,none,0,CLEAR,0.0006224171665962785,-0.0,conservative_odom,
626,21.023536,21.023536,1,0.05319054921356556,1.0955271841610892,2381.0,1,1,accepted,2872.123626299998,0.19358213245868683,1,0,0.04215305671095848,1.097313642501831,-0.0029732733964920044,1,0.0,0.0,0.0,0.0,0.0,0.0,none,0,CLEAR,0.00026718916933532455,-0.0,conservative_odom,
627,21.054469,21.054469,1,0.04085486686863818,1.0976037367232512,2358.5,1,1,accepted,2841.8968290830585,0.002078079851344228,1,0,0.041983697563409805,1.0973278284072876,-0.0024424814619123936,1,0.0,0.0,0.0,0.0,0.0,0.0,none,0,CLEAR,-0.000260408125086542,-0.000260408125086542,conservative_visual,
628,21.087078,21.087078,1,0.04085486686863818,1.0976037367232512,2365.0,1,1,accepted,2849.8096494516276,0.0015364181017503142,1,0,0.04182041808962822,1.0973471403121948,-0.0019484588410705328,1,0.0,0.0,0.0,0.0,0.0,0.0,none,0,CLEAR,-0.0006787789752706885,-0.0006787789752706885,conservative_visual,
629,21.130689,21.130689,1,0.04085486686863818,1.0976037367232512,2355.5,1,1,accepted,2838.391218306446,0.001142646069638431,1,0,0.041668474674224854,1.097364902496338,-0.001434717676602304,1,0.0,0.0,0.0,0.0,0.0,0.0,none,0,CLEAR,-0.0010437127202749252,-0.0010437127202749252,conservative_visual,
630,21.165663,21.165663,1,0.05319054921356556,1.0955271841610892,2407.5,1,1,accepted,2901.265702433612,0.10408736020326614,1,0,0.045186594128608704,1.0967795848846436,-0.004113010596483946,1,0.0,0.0,0.0,0.0,0.0,0.0,none,0,CLEAR,-0.001434717676602304,-0.001434717676602304,conservative_visual,
631,21.196911,21.196911,1,0.04085486686863818,1.0976037367232512,2378.5,1,1,accepted,2863.958291787508,0.020058341324329376,1,0,0.04436901584267616,1.0969278812408447,-0.0027271276339888573,1,0.0,0.0,0.0,0.0,0.0,0.0,none,0,CLEAR,-0.0016915882588364184,-0.0016915882588364184,conservative_visual,
632,21.230473,21.230473,1,0.04085486686863818,1.0976037367232512,2354.5,1,1,accepted,2835.723358323696,0.012727181427180767,1,0,0.04365549981594086,1.0970582962036133,-0.0016165103297680616,1,0.0,0.0,0.0,0.0,0.0,0.0,none,0,CLEAR,-0.0019484588410705328,-0.0019484588410705328,conservative_visual,
633,21.260810,21.26081,1,0.04085486686863818,1.0976037367232512,2367.0,1,1,accepted,2851.4175790438735,0.007527571637183428,1,0,0.04301915690302849,1.0971766710281372,-0.0007791600655764341,1,0.0,0.0,0.0,0.0,0.0,0.0,none,0,CLEAR,-0.0019484588410705328,-0.0019484588410705328,conservative_visual,
634,21.286248,21.286248,1,0.04085486686863818,1.0976037367232512,2367.0,1,1,accepted,2851.97568602018,0.004230952821671963,1,0,0.0424935407936573,1.097275972366333,-0.00018303809338249266,1,0.0,0.0,0.0,0.0,0.0,0.0,none,0,CLEAR,-0.0019484588410705328,-0.0019484588410705328,conservative_visual,
635,21.331707,21.331707,1,0.04908209335537585,1.0962464250500448,2376.5,1,1,accepted,2863.8425084782516,0.03487337753176689,1,0,0.0444369912147522,1.0969653129577637,-0.0017008963041007519,1,0.0,0.0,0.0,0.0,0.0,0.0,none,0,CLEAR,-0.0017008963041007519,-0.0017008963041007519,conservative_visual,
636,21.360696,21.360696,1,0.04085486686863818,1.0976037367232512,2348.0,1,1,accepted,2828.282435173001,0.012229851447045803,1,0,0.04361869767308235,1.0971112251281738,-0.0007177644874900579,1,0.0,0.0,0.0,0.0,0.0,0.0,none,0,CLEAR,-0.0016165103297680616,-0.0016165103297680616,conservative_visual,
637,21.402232,21.402232,1,0.04908209335537585,1.0962464250500448,2363.5,1,1,accepted,2847.5536402809266,0.022294005379080772,1,0,0.04538436606526375,1.0968296527862549,-0.00198610732331872,1,0.0,0.0,0.0,0.0,0.0,0.0,none,0,CLEAR,-0.0016165103297680616,-0.0016165103297680616,conservative_visual,
638,21.430227,21.430227,1,0.04085486686863818,1.0976037367232512,2347.5,1,1,accepted,2827.2392227828036,0.01935458369553089,1,0,0.044331856071949005,1.0970112085342407,-0.0007911826833151281,1,0.0,0.0,0.0,0.0,0.0,0.0,none,0,CLEAR,-0.0015256140031851828,-0.0015256140031851828,conservative_visual,
639,21.456671,21.456671,1,0.03879634371023567,1.0979295231087762,2330.5,1,1,accepted,2807.513704196596,0.026725567877292633,1,0,0.04292501136660576,1.0972455739974976,0.0004964448162354529,1,0.0,0.0,0.0,0.0,0.0,0.0,none,0,CLEAR,-0.0012038465065415949,-0.0012038465065415949,conservative_visual,
640,21.492801,21.492801,1,0.04085486686863818,1.0976037367232512,2367.5,1,1,accepted,2853.0641142630484,0.003201778745278716,1,0,0.042272936552762985,1.0973591804504395,0.000978714320808649,1,0.0,0.0,0.0,0.0,0.0,0.0,none,0,CLEAR,-0.0007851713744457811,-0.0007851713744457811,conservative_visual,
641,21.530192,21.530192,1,0.04085486686863818,1.0976037367232512,2321.5,1,1,accepted,2798.1138777912292,0.00119396869558841,1,0,0.04171522706747055,1.0974562168121338,0.001282692071981728,1,0.0,0.0,0.0,0.0,0.0,0.0,none,0,CLEAR,-0.000748462276533246,-0.000748462276533246,conservative_visual,
642,21.561453,21.561453,1,0.04085486686863818,1.0976037367232512,2370.5,1,1,accepted,2857.5541515855434,0.0003282584366388619,1,0,0.04130801558494568,1.0975269079208374,0.0014362564543262124,1,0.0,0.0,0.0,0.0,0.0,0.0,none,0,CLEAR,-0.00018303809338249266,-0.00018303809338249266,conservative_visual,
643,21.596242,21.596242,1,0.04085486686863818,1.0976037367232512,2328.5,1,1,accepted,2807.227122711122,2.328723348909989e-05,1,0,0.04097553715109825,1.09758460521698,0.0014749078545719385,1,0.0,0.0,0.0,0.0,0.0,0.0,none,0,CLEAR,0.0004964448162354529,-0.0,conservative_odom,
644,21.629829,21.629829,1,0.04085486686863818,1.0976037367232512,2347.5,1,1,accepted,2830.3517161032664,2.1375310097937472e-05,1,0,0.04073981195688248,1.0976253747940063,0.0014310927363112569,1,0.0,0.0,0.0,0.0,0.0,0.0,none,0,CLEAR,0.000737579568522051,-0.0,conservative_odom,
645,21.657069,21.657069,1,0.04085486686863818,1.0976037367232512,2330.5,1,1,accepted,2809.969579709812,9.487333591096103e-05,1,0,0.04060981795191765,1.097647786140442,0.001348024234175682,1,0.0,0.0,0.0,0.0,0.0,0.0,none,0,CLEAR,0.0011307031963951886,-0.0,conservative_odom,
646,21.690653,21.690653,1,0.04085486686863818,1.0976037367232512,2356.5,1,1,accepted,2841.4293558191002,0.00021028010814916342,1,0,0.04049070551991463,1.0976682901382446,0.0012242331868037581,1,0.0,0.0,0.0,0.0,0.0,0.0,none,0,CLEAR,0.0012534626293927431,-0.0,conservative_odom,
647,21.723072,21.723072,1,0.04085486686863818,1.0976037367232512,2360.0,1,1,accepted,2845.7070906566946,0.000289588380837813,1,0,0.04042742773890495,1.0976790189743042,0.0010798865696415305,1,0.0,0.0,0.0,0.0,0.0,0.0,none,0,CLEAR,0.0012534626293927431,-0.0,conservative_odom,
