session,session_path,frame,time_sec,occlusion_event,phase_label,detected,source_pixel_x,source_pixel_y,raw_x_m,raw_z_m,raw_distance_m,x_m,z_m,distance_m,area_px,contact_samples,bbox_width_px,bbox_height_px,bbox_aspect_ratio,bbox_fill_ratio,contour_solidity,measurement_available,measurement_accepted,rejection_reason,predicted_x_m,predicted_z_m,innovation_x_m,innovation_z_m,innovation_cov_xx,innovation_cov_xz,innovation_cov_zz,nis,track_available,track_predicted,filtered_x_m,filtered_z_m,filtered_distance_m,relative_vx_mps,relative_vz_mps,missing_age_sec
phase5_v12_hardware_unknown_r01_20260929_184546_956,/home/robo25/Downloads/rokuga_phase5_v12_hardware_unknown_r01_20260929_184546_956.tar.xz::phase5_v12_hardware_unknown_r01_20260929_184546_956,0,0.0,,,1,328.5,427.0,0.0368189632258553,1.096938618794003,1.0975563627690024,0.044970197356556246,1.096938618794003,1.0978600329969128,3776.0,14,59,73,0.8082191780821918,0.8767123287671232,0.9574036511156186,True,True,initialized,,,,,,,,,1,0,0.04497019574046135,1.0969386100769043,1.0978600242209322,0.0,0.0,0.0
phase5_v12_hardware_unknown_r01_20260929_184546_956,/home/robo25/Downloads/rokuga_phase5_v12_hardware_unknown_r01_20260929_184546_956.tar.xz::phase5_v12_hardware_unknown_r01_20260929_184546_956,1,0.03333333333333333,,,1,328.5,427.0,0.0368189632258553,1.096938618794003,1.0975563627690024,0.044970197356556246,1.096938618794003,1.0978600329969128,3818.0,14,60,73,0.821917808219178,0.871689497716895,0.9614706623016872,True,True,accepted,0.04497019574046135,1.0969386100769043,0.0,0.0,0.0020784721709787846,0.0,0.0020784721709787846,0.0,1,0,0.04497019574046135,1.0969386100769043,1.0978600242209322,0.0,0.0,0.0
phase5_v12_hardware_unknown_r01_20260929_184546_956,/home/robo25/Downloads/rokuga_phase5_v12_hardware_unknown_r01_20260929_184546_956.tar.xz::phase5_v12_hardware_unknown_r01_20260929_184546_956,2,0.06666666666666667,,,1,328.5,427.0,0.0368189632258553,1.092380299216027,1.0930006194729824,0.044970197356556246,1.092380299216027,1.0933055550785353,3825.5,14,59,74,0.7972972972972973,0.8762024736601007,0.957691826261109,True,True,accepted,0.04497019574046135,1.0969386100769043,0.0,-0.0045583248138427734,0.001895808964036405,0.0,0.001895808964036405,0.010960136540234089,1,0,0.04497019574046135,1.0945442914962769,1.0954677195390206,0.0,-0.026352273300290108,0.0
phase5_v12_hardware_unknown_r01_20260929_184546_956,/home/robo25/Downloads/rokuga_phase5_v12_hardware_unknown_r01_20260929_184546_956.tar.xz::phase5_v12_hardware_unknown_r01_20260929_184546_956,3,0.1,,,1,328.5,427.0,0.0368189632258553,1.096938618794003,1.0975563627690024,0.044970197356556246,1.096938618794003,1.0978600329969128,3821.5,14,59,73,0.8082191780821918,0.8872765265846296,0.9624732401460773,True,True,accepted,0.04497019574046135,1.0936658382415771,0.0,0.0032727718353271484,0.0018957407446578145,0.0,0.0018957407446578145,0.005650052800774574,1,0,0.04497019574046135,1.0953848361968994,1.0963075562427924,0.0,-0.008211825974285603,0.0
phase5_v12_hardware_unknown_r01_20260929_184546_956,/home/robo25/Downloads/rokuga_phase5_v12_hardware_unknown_r01_20260929_184546_956.tar.xz::phase5_v12_hardware_unknown_r01_20260929_184546_956,4,0.13333333333333333,,,1,328.5,427.0,0.0368189632258553,1.096938618794003,1.0975563627690024,0.044970197356556246,1.096938618794003,1.0978600329969128,3821.0,14,59,73,0.8082191780821918,0.887160436498723,0.963925327951564,True,True,accepted,0.04497019574046135,1.0951111316680908,0.0,0.0018274784088134766,0.0018194911535829306,0.0,0.0018194911535829306,0.0018355008214712143,1,0,0.04497019574046135,1.0960346460342407,1.0969568194839479,0.0,0.00026042520767077804,0.0
phase5_v12_hardware_unknown_r01_20260929_184546_956,/home/robo25/Downloads/rokuga_phase5_v12_hardware_unknown_r01_20260929_184546_956.tar.xz::phase5_v12_hardware_unknown_r01_20260929_184546_956,5,0.16666666666666666,,,1,328.5,427.0,0.0368189632258553,1.096938618794003,1.0975563627690024,0.044970197356556246,1.096938618794003,1.0978600329969128,3831.0,14,59,73,0.8082191780821918,0.8894822382168562,0.9652305366591081,True,True,accepted,0.04497019574046135,1.096043348312378,0.0,0.0008952617645263672,0.0017065037973225117,0.0,0.0017065037973225117,0.00046966999070718884,1,0,0.04497019574046135,1.0964664220809937,1.097388232694351,0.0,0.003617399837821722,0.0
phase5_v12_hardware_unknown_r01_20260929_184546_956,/home/robo25/Downloads/rokuga_phase5_v12_hardware_unknown_r01_20260929_184546_956.tar.xz::phase5_v12_hardware_unknown_r01_20260929_184546_956,6,0.2,,,1,328.5,427.0,0.0368189632258553,1.096938618794003,1.0975563627690024,0.044970197356556246,1.096938618794003,1.0978600329969128,3830.0,14,59,73,0.8082191780821918,0.889250058045043,0.9644925711407706,True,True,accepted,0.04497019574046135,1.0965869426727295,0.0,0.0003516674041748047,0.0015999670140445232,0.0,0.0015999670140445232,7.729532080702484e-05,1,0,0.04497019574046135,1.0967408418655396,1.0976624220227582,0.0,0.004691049922257662,0.0
phase5_v12_hardware_unknown_r01_20260929_184546_956,/home/robo25/Downloads/rokuga_phase5_v12_hardware_unknown_r01_20260929_184546_956.tar.xz::phase5_v12_hardware_unknown_r01_20260929_184546_956,7,0.23333333333333334,,,1,328.5,427.0,0.0368189632258553,1.096938618794003,1.0975563627690024,0.044970197356556246,1.096938618794003,1.0978600329969128,3821.5,14,59,73,0.8082191780821918,0.8872765265846296,0.9636867986382549,True,True,accepted,0.04497019574046135,1.0968972444534302,0.0,4.1365623474121094e-05,0.0015127676306292415,0.0,0.0015127676306292415,1.1311154821669334e-06,1,0,0.04497019574046135,1.0969140529632568,1.097835487718089,0.0,0.004796160385012627,0.0
phase5_v12_hardware_unknown_r01_20260929_184546_956,/home/robo25/Downloads/rokuga_phase5_v12_hardware_unknown_r01_20260929_184546_956.tar.xz::phase5_v12_hardware_unknown_r01_20260929_184546_956,8,0.26666666666666666,,,1,319.5,427.5,-0.024177131647027447,1.0910461084262173,1.0913139531806009,0.007903557202307081,1.0910461084262173,1.0910747348043777,3831.5,14,59,74,0.7972972972972973,0.8775767292716445,0.9600350789275871,True,True,accepted,0.04497019574046135,1.0970739126205444,-0.037066638469696045,-0.006027817726135254,0.0014447893481701612,0.0,0.0014447893481701612,0.9761078953742981,1,0,0.03099341318011284,1.0948009490966797,1.0952395673109805,-0.08058052510023117,-0.008307932876050472,0.0
phase5_v12_hardware_unknown_r01_20260929_184546_956,/home/robo25/Downloads/rokuga_phase5_v12_hardware_unknown_r01_20260929_184546_956.tar.xz::phase5_v12_hardware_unknown_r01_20260929_184546_956,9,0.3,,,1,328.5,427.0,0.0368189632258553,1.096938618794003,1.0975563627690024,0.044970197356556246,1.096938618794003,1.0978600329969128,3824.5,14,59,73,0.8082191780821918,0.8879730671000696,0.963835685483871,True,True,accepted,0.028307395055890083,1.0945240259170532,0.016662800684571266,0.0024145841598510742,0.001392763340845704,0.0,0.001392763340845704,0.2035371959209442,1,0,0.03420273959636688,1.0953782796859741,1.0959121328846126,-0.04868192598223686,-0.0036855493672192097,0.0
phase5_v12_hardware_unknown_r01_20260929_184546_956,/home/robo25/Downloads/rokuga_phase5_v12_hardware_unknown_r01_20260929_184546_956.tar.xz::phase5_v12_hardware_unknown_r01_20260929_184546_956,10,0.3333333333333333,,,1,328.5,427.0,0.0368189632258553,1.096938618794003,1.0975563627690024,0.044970197356556246,1.096938618794003,1.0978600329969128,3829.0,14,59,73,0.8082191780821918,0.8890178778732296,0.9642407454041803,True,True,accepted,0.03258000686764717,1.0952553749084473,0.012390188872814178,0.0016832351684570312,0.0013533529127016664,0.0,0.0013533529127016664,0.1155279353260994,1,0,0.036730535328388214,1.0958192348480225,1.0964346436009833,-0.027205470949411392,-0.0007679244736209512,0.0
phase5_v12_hardware_unknown_r01_20260929_184546_956,/home/robo25/Downloads/rokuga_phase5_v12_hardware_unknown_r01_20260929_184546_956.tar.xz::phase5_v12_hardware_unknown_r01_20260929_184546_956,11,0.36666666666666664,,,1,319.5,427.5,-0.024177131647027447,1.0910461084262173,1.0913139531806009,0.007903557202307081,1.0910461084262173,1.0910747348043777,3830.5,14,59,74,0.7972972972972973,0.8773476866697205,0.9578644661165291,True,True,accepted,0.03582368791103363,1.095793604850769,-0.027920130640268326,-0.004747509956359863,0.0013238159008324146,0.0,0.0013238159008324146,0.6058791875839233,1,0,0.0268851350992918,1.0942736864089966,1.0946039061032269,-0.07214344292879105,-0.00840913038700819,0.0
phase5_v12_hardware_unknown_r01_20260929_184546_956,/home/robo25/Downloads/rokuga_phase5_v12_hardware_unknown_r01_20260929_184546_956.tar.xz::phase5_v12_hardware_unknown_r01_20260929_184546_956,12,0.4,,,1,328.5,427.0,0.0368189632258553,1.096938618794003,1.0975563627690024,0.044970197356556246,1.096938618794003,1.0978600329969128,3823.5,14,59,73,0.8082191780821918,0.8877408869282564,0.9649211356466877,True,True,accepted,0.02448035404086113,1.0939934253692627,0.02048984169960022,0.0029451847076416016,0.001301999669522047,0.0,0.001301999669522047,0.329115092754364,1,0,0.030806709080934525,1.094902753829956,1.0953360642601058,-0.04085340350866318,-0.003911538515239954,0.0
phase5_v12_hardware_unknown_r01_20260929_184546_956,/home/robo25/Downloads/rokuga_phase5_v12_hardware_unknown_r01_20260929_184546_956.tar.xz::phase5_v12_hardware_unknown_r01_20260929_184546_956,13,0.43333333333333335,,,1,328.5,427.0,0.0368189632258553,1.096938618794003,1.0975563627690024,0.044970197356556246,1.096938618794003,1.0978600329969128,3828.0,14,59,73,0.8082191780821918,0.8887856977014162,0.9642317380352645,True,True,accepted,0.029444929212331772,1.0947723388671875,0.015525266528129578,0.002166271209716797,0.0012862063013017178,0.0,0.0012862063013017178,0.19104760885238647,1,0,0.03410666435956955,1.0954227447509766,1.0959535821701116,-0.017964791506528854,-0.0007178451051004231,0.0
phase5_v12_hardware_unknown_r01_20260929_184546_956,/home/robo25/Downloads/rokuga_phase5_v12_hardware_unknown_r01_20260929_184546_956.tar.xz::phase5_v12_hardware_unknown_r01_20260929_184546_956,14,0.4666666666666667,,,1,328.5,427.0,0.0368189632258553,1.092380299216027,1.0930006194729824,0.044970197356556246,1.092380299216027,1.0933055550785353,3833.0,14,59,74,0.7972972972972973,0.8779202931745305,0.9588492808005004,True,True,accepted,0.03350783884525299,1.0953987836837769,0.011462356895208359,-0.003018498420715332,0.0012750697787851095,0.0,0.0012750697787851095,0.11018766462802887,1,0,0.036879561841487885,1.0945109128952026,1.0951320653365557,-0.001434361794963479,-0.005070970393717289,0.0
phase5_v12_hardware_unknown_r01_20260929_184546_956,/home/robo25/Downloads/rokuga_phase5_v12_hardware_unknown_r01_20260929_184546_956.tar.xz::phase5_v12_hardware_unknown_r01_20260929_184546_956,15,0.5,,,1,328.5,427.0,0.0368189632258553,1.096938618794003,1.0975563627690024,0.044970197356556246,1.096938618794003,1.0978600329969128,3825.0,14,59,73,0.8082191780821918,0.8880891571859764,0.9634760705289672,True,True,accepted,0.036831751465797424,1.0943418741226196,0.008138444274663925,0.002596735954284668,0.0012674726312980056,0.0,0.0012674726312980056,0.05757703259587288,1,0,0.039191294461488724,1.0950946807861328,1.095795746226298,0.010154643096029758,-0.0013732629595324397,0.0
phase5_v12_hardware_unknown_r01_20260929_184546_956,/home/robo25/Downloads/rokuga_phase5_v12_hardware_unknown_r01_20260929_184546_956.tar.xz::phase5_v12_hardware_unknown_r01_20260929_184546_956,16,0.5333333333333333,,,1,328.5,427.0,0.0368189632258553,1.096938618794003,1.0975563627690024,0.044970197356556246,1.096938618794003,1.0978600329969128,3839.0,14,59,73,0.8082191780821918,0.8913396795913628,0.9651791326209931,True,True,accepted,0.03952978178858757,1.0950489044189453,0.005440413951873779,0.0018897056579589844,0.0012624971568584442,0.0,0.0012624971568584442,0.02627260610461235,1,0,0.04109187051653862,1.0955915451049805,1.0963618816467793,0.017851706594228745,0.0013002807972952724,0.0
phase5_v12_hardware_unknown_r01_20260929_184546_956,/home/robo25/Downloads/rokuga_phase5_v12_hardware_unknown_r01_20260929_184546_956.tar.xz::phase5_v12_hardware_unknown_r01_20260929_184546_956,17,0.5666666666666667,,,1,328.5,427.0,0.0368189632258553,1.096938618794003,1.0975563627690024,0.044970197356556246,1.096938618794003,1.0978600329969128,3827.0,14,59,73,0.8082191780821918,0.888553517529603,0.9651954602774275,True,True,accepted,0.041686926037073135,1.095634937286377,0.003283269703388214,0.0013036727905273438,0.0012593971332535148,0.0,0.0012593971332535148,0.009909044951200485,1,0,0.04262388125061989,1.096006989479065,1.0968355009935766,0.022484377026557922,0.003139754058793187,0.0
phase5_v12_hardware_unknown_r01_20260929_184546_956,/home/robo25/Downloads/rokuga_phase5_v12_hardware_unknown_r01_20260929_184546_956.tar.xz::phase5_v12_hardware_unknown_r01_20260929_184546_956,18,0.6,,,1,328.5,427.0,0.0368189632258553,1.096938618794003,1.0975563627690024,0.044970197356556246,1.096938618794003,1.0978600329969128,3829.0,14,59,73,0.8082191780821918,0.8890178778732296,0.9644836272040302,True,True,accepted,0.043373361229896545,1.0961116552352905,0.001596834510564804,0.0008269548416137695,0.0012575816363096237,0.0,0.0012575816363096237,0.0025713916402310133,1,0,0.04382740706205368,1.0963467359542847,1.0972224054618083,0.02473609894514084,0.004305856302380562,0.0
phase5_v12_hardware_unknown_r01_20260929_184546_956,/home/robo25/Downloads/rokuga_phase5_v12_hardware_unknown_r01_20260929_184546_956.tar.xz::phase5_v12_hardware_unknown_r01_20260929_184546_956,19,0.6333333333333333,,,1,328.5,427.0,0.0368189632258553,1.096938618794003,1.0975563627690024,0.044970197356556246,1.096938618794003,1.0978600329969128,3828.0,14,59,73,0.8082191780821918,0.8887856977014162,0.9644746787603931,True,True,accepted,0.04465194419026375,1.0964902639389038,0.0003182515501976013,0.0004483461380004883,0.0012565999059006572,0.0,0.0012565999059006572,0.00024056847905740142,1,0,0.04474225640296936,1.0966174602508545,1.0975298281299983,0.02518501505255699,0.004938281141221523,0.0
phase5_v12_hardware_unknown_r01_20260929_184546_956,/home/robo25/Downloads/rokuga_phase5_v12_hardware_unknown_r01_20260929_184546_956.tar.xz::phase5_v12_hardware_unknown_r01_20260929_184546_956,20,0.6666666666666666,,,1,328.5,427.0,0.0368189632258553,1.096938618794003,1.0975563627690024,0.044970197356556246,1.096938618794003,1.0978600329969128,3830.0,14,59,73,0.8082191780821918,0.889250058045043,0.9657085224407463,True,True,accepted,0.04558175802230835,1.0967820882797241,-0.0006115622818470001,0.00015652179718017578,0.001256123767234385,0.0,0.001256123767234385,0.00031725174630992115,1,0,0.045408375561237335,1.096826434135437,1.0977659801566855,0.024321839213371277,0.005159200169146061,0.0
phase5_v12_hardware_unknown_r01_20260929_184546_956,/home/robo25/Downloads/rokuga_phase5_v12_hardware_unknown_r01_20260929_184546_956.tar.xz::phase5_v12_hardware_unknown_r01_20260929_184546_956,21,0.7,,,1,328.5,427.0,0.0368189632258553,1.0955271841610892,1.0961457235645962,0.044970197356556246,1.0955271841610892,1.0964497844799883,3835.0,14,59,74,0.7972972972972973,0.8783783783783784,0.9598298085346014,True,True,accepted,0.046219103038311005,1.0969984531402588,-0.0012489072978496552,-0.0014712810516357422,0.001255928073078394,0.0,0.001255928073078394,0.002965486142784357,1,0,0.04586516320705414,1.0965814590454102,1.0975402086111334,0.02255813591182232,0.003081460716202855,0.0
phase5_v12_hardware_unknown_r01_20260929_184546_956,/home/robo25/Downloads/rokuga_phase5_v12_hardware_unknown_r01_20260929_184546_956.tar.xz::phase5_v12_hardware_unknown_r01_20260929_184546_956,22,0.7333333333333333,,,1,328.5,427.0,0.0368189632258553,1.096938618794003,1.0975563627690024,0.044970197356556246,1.096938618794003,1.0978600329969128,3835.0,14,59,74,0.7972972972972973,0.8783783783783784,0.95875,True,True,accepted,0.04661710187792778,1.096684217453003,-0.0016469061374664307,0.0002543926239013672,0.0012558685848489404,0.0,0.0012558685848489404,0.0022112310398370028,1,0,0.04615042731165886,1.0967563390731812,1.097726891917227,0.020231565460562706,0.0034408390056341887,0.0
phase5_v12_hardware_unknown_r01_20260929_184546_956,/home/robo25/Downloads/rokuga_phase5_v12_hardware_unknown_r01_20260929_184546_956.tar.xz::phase5_v12_hardware_unknown_r01_20260929_184546_956,23,0.7666666666666667,,,1,328.5,427.0,0.0368189632258553,1.096938618794003,1.0975563627690024,0.044970197356556246,1.096938618794003,1.0978600329969128,3824.5,14,59,73,0.8082191780821918,0.8879730671000696,0.963835685483871,True,True,accepted,0.04682481288909912,1.096871018409729,-0.0018546171486377716,6.759166717529297e-05,0.0012558606686070561,0.0,0.0012558606686070561,0.0027424802538007498,1,0,0.0462992899119854,1.0968902111053467,1.097866913366591,0.017611203715205193,0.0035363382194191217,0.0
phase5_v12_hardware_unknown_r01_20260929_184546_956,/home/robo25/Downloads/rokuga_phase5_v12_hardware_unknown_r01_20260929_184546_956.tar.xz::phase5_v12_hardware_unknown_r01_20260929_184546_956,24,0.8,,,1,328.5,427.0,0.0368189632258553,1.096938618794003,1.0975563627690024,0.044970197356556246,1.096938618794003,1.0978600329969128,3833.0,14,59,73,0.8082191780821918,0.889946598560483,0.9651265265013219,True,True,accepted,0.04688632860779762,1.0970081090927124,-0.0019161328673362732,-6.949901580810547e-05,0.0012558605521917343,0.0,0.0012558605521917343,0.0029273913241922855,1,0,0.046343374997377396,1.0969884395599365,1.0979669143167712,0.014904014766216278,0.0034381472505629063,0.0
phase5_v12_hardware_unknown_r01_20260929_184546_956,/home/robo25/Downloads/rokuga_phase5_v12_hardware_unknown_r01_20260929_184546_956.tar.xz::phase5_v12_hardware_unknown_r01_20260929_184546_956,25,0.8333333333333334,,,1,320.0,427.5,-0.020782793494480107,1.091039928141972,1.0912378518478332,0.009966258283819201,1.091039928141972,1.0910854462892534,3841.0,14,59,74,0.7972972972972973,0.8797526339899221,0.9603700462557819,True,True,accepted,0.04684017598628998,1.0971029996871948,-0.036873918026685715,-0.006063103675842285,0.0012558500748127699,0.0,0.0012558500748127699,1.111953616142273,1,0,0.03639180585741997,1.095384955406189,1.0959893083711094,-0.037185441702604294,-0.005126816686242819,0.0
phase5_v12_hardware_unknown_r01_20260929_184546_956,/home/robo25/Downloads/rokuga_phase5_v12_hardware_unknown_r01_20260929_184546_956.tar.xz::phase5_v12_hardware_unknown_r01_20260929_184546_956,26,0.8666666666666667,,,1,328.5,427.0,0.0368189632258553,1.093207455319658,1.0938273064883273,0.044970197356556246,1.093207455319658,1.0941320116954671,3845.0,14,59,74,0.7972972972972973,0.880668804397618,0.961129858767654,True,True,accepted,0.035152290016412735,1.0952140092849731,0.009817905724048615,-0.00200653076171875,0.0012558256275951862,0.0,0.0012558256275951862,0.07996129244565964,1,0,0.03793409466743469,1.0946455001831055,1.095302591346044,-0.023319054394960403,-0.007960754446685314,0.0
phase5_v12_hardware_unknown_r01_20260929_184546_956,/home/robo25/Downloads/rokuga_phase5_v12_hardware_unknown_r01_20260929_184546_956.tar.xz::phase5_v12_hardware_unknown_r01_20260929_184546_956,27,0.9,,,1,328.5,427.0,0.0368189632258553,1.096938618794003,1.0975563627690024,0.044970197356556246,1.096938618794003,1.0978600329969128,3834.0,14,59,73,0.8082191780821918,0.8901787787322962,0.963195578444919,True,True,accepted,0.03715679422020912,1.0943801403045654,0.007813401520252228,0.002558469772338867,0.0012557907029986382,0.0,0.0012557907029986382,0.05382665619254112,1,0,0.03937048837542534,1.0951050519943237,1.0958125342677962,-0.012286053970456123,-0.004348038695752621,0.0
phase5_v12_hardware_unknown_r01_20260929_184546_956,/home/robo25/Downloads/rokuga_phase5_v12_hardware_unknown_r01_20260929_184546_956.tar.xz::phase5_v12_hardware_unknown_r01_20260929_184546_956,28,0.9333333333333333,,,1,328.5,427.0,0.0368189632258553,1.093207455319658,1.0938273064883273,0.044970197356556246,1.093207455319658,1.0941320116954671,3843.5,14,59,74,0.7972972972972973,0.880325240494732,0.960875,True,True,accepted,0.03896095231175423,1.09496009349823,0.006009243428707123,-0.001752614974975586,0.0012557506561279297,0.0,0.0012557506561279297,0.031202584505081177,1,0,0.040663354098796844,1.094463586807251,1.0952187230017378,-0.003802266903221607,-0.0068223620764911175,0.0
phase5_v12_hardware_unknown_r01_20260929_184546_956,/home/robo25/Downloads/rokuga_phase5_v12_hardware_unknown_r01_20260929_184546_956.tar.xz::phase5_v12_hardware_unknown_r01_20260929_184546_956,29,0.9666666666666667,,,1,328.5,427.0,0.0368189632258553,1.096938618794003,1.0975563627690024,0.044970197356556246,1.096938618794003,1.0978600329969128,3831.5,14,59,73,0.8082191780821918,0.889598328302763,0.9643845960231563,True,True,accepted,0.04053661227226257,1.094236135482788,0.004433583468198776,0.002702474594116211,0.0012557106092572212,0.0,0.0012557106092572212,0.02146993950009346,1,0,0.04179253429174423,1.0950016975402832,1.0957989475896701,0.002456015208736062,-0.0030076492112129927,0.0
phase5_v12_hardware_unknown_r01_20260929_184546_956,/home/robo25/Downloads/rokuga_phase5_v12_hardware_unknown_r01_20260929_184546_956.tar.xz::phase5_v12_hardware_unknown_r01_20260929_184546_956,30,1.0,,,1,328.5,427.0,0.0368189632258553,1.096938618794003,1.0975563627690024,0.044970197356556246,1.096938618794003,1.0978600329969128,3818.0,14,59,73,0.8082191780821918,0.886463895983283,0.963290021445692,True,True,accepted,0.04187440127134323,1.094901442527771,0.0030957944691181183,0.0020371675491333008,0.0012556741712614894,0.0,0.0012556741712614894,0.010937546379864216,1,0,0.04275129735469818,1.0954785346984863,1.09631240684882,0.0068253823556005955,-0.00013241529813967645,0.0
phase5_v12_hardware_unknown_r01_20260929_184546_956,/home/robo25/Downloads/rokuga_phase5_v12_hardware_unknown_r01_20260929_184546_956.tar.xz::phase5_v12_hardware_unknown_r01_20260929_184546_956,31,1.0333333333333334,,,1,328.5,427.0,0.0368189632258553,1.096938618794003,1.0975563627690024,0.044970197356556246,1.096938618794003,1.0978600329969128,3826.0,14,59,73,0.8082191780821918,0.8883213373577896,0.9625157232704402,True,True,accepted,0.04297880828380585,1.095474123954773,0.0019913874566555023,0.0014644861221313477,0.001255643554031849,0.0,0.001255643554031849,0.004866304341703653,1,0,0.04354283958673477,1.0958889722824097,1.0967536726400655,0.009635752066969872,0.0019343583844602108,0.0
phase5_v12_hardware_unknown_r01_20260929_184546_956,/home/robo25/Downloads/rokuga_phase5_v12_hardware_unknown_r01_20260929_184546_956.tar.xz::phase5_v12_hardware_unknown_r01_20260929_184546_956,32,1.0666666666666667,,,1,328.5,427.0,0.0368189632258553,1.096938618794003,1.0975563627690024,0.044970197356556246,1.096938618794003,1.0978600329969128,3830.5,14,59,73,0.8082191780821918,0.8893661481309496,0.9635266004276192,True,True,accepted,0.04386403039097786,1.0959534645080566,0.00110616534948349,0.0009851455688476562,0.001255619339644909,0.0,0.001255619339644909,0.0017474353080615401,1,0,0.04417731985449791,1.096232533454895,1.0971223281815314,0.011196747422218323,0.0033245733939111233,0.0
phase5_v12_hardware_unknown_r01_20260929_184546_956,/home/robo25/Downloads/rokuga_phase5_v12_hardware_unknown_r01_20260929_184546_956.tar.xz::phase5_v12_hardware_unknown_r01_20260929_184546_956,33,1.1,,,1,328.5,427.0,0.0368189632258553,1.096938618794003,1.0975563627690024,0.044970197356556246,1.096938618794003,1.0978600329969128,3827.0,14,59,73,0.8082191780821918,0.888553517529603,0.9632519506670023,True,True,accepted,0.04455054551362991,1.0963433980941772,0.00041965022683143616,0.0005952119827270508,0.001255601178854704,0.0,0.001255601178854704,0.0004224140720907599,1,0,0.04466939717531204,1.096511960029602,1.097421447545092,0.011788926087319851,0.004164491780102253,0.0
phase5_v12_hardware_unknown_r01_20260929_184546_956,/home/robo25/Downloads/rokuga_phase5_v12_hardware_unknown_r01_20260929_184546_956.tar.xz::phase5_v12_hardware_unknown_r01_20260929_184546_956,34,1.1333333333333333,,,1,328.5,427.0,0.0368189632258553,1.096938618794003,1.0975563627690024,0.044970197356556246,1.096938618794003,1.0978600329969128,3820.0,14,60,73,0.821917808219178,0.8721461187214612,0.9588353413654619,True,True,accepted,0.045062363147735596,1.0966507196426392,-9.216740727424622e-05,0.0002878904342651367,0.0012555884895846248,0.0,0.0012555884895846248,7.277521945070475e-05,1,0,0.04503626003861427,1.096732258796692,1.0976565547581627,0.011658868752419949,0.004570732358843088,0.0
phase5_v12_hardware_unknown_r01_20260929_184546_956,/home/robo25/Downloads/rokuga_phase5_v12_hardware_unknown_r01_20260929_184546_956.tar.xz::phase5_v12_hardware_unknown_r01_20260929_184546_956,35,1.1666666666666667,,,1,328.5,427.0,0.0368189632258553,1.092380299216027,1.0930006194729824,0.044970197356556246,1.092380299216027,1.0933055550785353,3839.5,14,59,74,0.7972972972972973,0.8794090700870362,0.9607156261729013,True,True,accepted,0.04542488977313042,1.0968846082687378,-0.0004546940326690674,-0.0045043230056762695,0.0012555799912661314,0.0,0.0012555799912661314,0.016323668882250786,1,0,0.04529612138867378,1.0956089496612549,1.096544896112647,0.01101725921034813,-0.0017852261662483215,0.0
phase5_v12_hardware_unknown_r01_20260929_184546_956,/home/robo25/Downloads/rokuga_phase5_v12_hardware_unknown_r01_20260929_184546_956.tar.xz::phase5_v12_hardware_unknown_r01_20260929_184546_956,36,1.2,,,1,328.5,427.0,0.0368189632258553,1.096938618794003,1.0975563627690024,0.044970197356556246,1.096938618794003,1.0978600329969128,3835.5,14,59,73,0.8082191780821918,0.8905270489900162,0.965999244427654,True,True,accepted,0.045663364231586456,1.095549464225769,-0.0006931684911251068,0.001389145851135254,0.0012555747525766492,0.0,0.0012555747525766492,0.001919606002047658,1,0,0.045467060059309006,1.0959428548812866,1.0968855887082216,0.010039147920906544,0.000174960820004344,0.0
phase5_v12_hardware_unknown_r01_20260929_184546_956,/home/robo25/Downloads/rokuga_phase5_v12_hardware_unknown_r01_20260929_184546_956.tar.xz::phase5_v12_hardware_unknown_r01_20260929_184546_956,37,1.2333333333333334,,,1,328.5,427.0,0.0368189632258553,1.096938618794003,1.0975563627690024,0.044970197356556246,1.096938618794003,1.0978600329969128,3821.0,14,59,73,0.8082191780821918,0.887160436498723,0.9631963700529367,True,True,accepted,0.04580169916152954,1.0959486961364746,-0.0008315034210681915,0.0009899139404296875,0.0012555716093629599,0.0,0.0012555716093629599,0.0013311287621036172,1,0,0.045566219836473465,1.096229076385498,1.0971756779582693,0.008865836076438427,0.001571801258251071,0.0
phase5_v12_hardware_unknown_r01_20260929_184546_956,/home/robo25/Downloads/rokuga_phase5_v12_hardware_unknown_r01_20260929_184546_956.tar.xz::phase5_v12_hardware_unknown_r01_20260929_184546_956,38,1.2666666666666666,,,1,328.5,427.0,0.0368189632258553,1.096938618794003,1.0975563627690024,0.044970197356556246,1.096938618794003,1.0978600329969128,3828.0,14,59,73,0.8082191780821918,0.8887856977014162,0.9630188679245283,True,True,accepted,0.04586174711585045,1.0962815284729004,-0.0008915513753890991,0.0006570816040039062,0.0012555699795484543,0.0,0.0012555699795484543,0.0009769428288564086,1,0,0.04560926556587219,1.0964676141738892,1.0974157981538442,0.007607791572809219,0.0024989917874336243,0.0
phase5_v12_hardware_unknown_r01_20260929_184546_956,/home/robo25/Downloads/rokuga_phase5_v12_hardware_unknown_r01_20260929_184546_956.tar.xz::phase5_v12_hardware_unknown_r01_20260929_184546_956,39,1.3,,,1,320.0,427.5,-0.020782793494480107,1.091039928141972,1.0912378518478332,0.009966258283819201,1.091039928141972,1.0910854462892534,3838.0,14,59,74,0.7972972972972973,0.8790655061841502,0.9614228456913828,True,True,accepted,0.04586285725235939,1.0965509414672852,-0.03589659929275513,-0.005511045455932617,0.0012555692810565233,0.0,0.0012555692810565233,1.0504696369171143,1,0,0.03569716960191727,1.0949902534484863,1.0955719707370979,-0.04304500296711922,-0.0052775065414607525,0.0
phase5_v12_hardware_unknown_r01_20260929_184546_956,/home/robo25/Downloads/rokuga_phase5_v12_hardware_unknown_r01_20260929_184546_956.tar.xz::phase5_v12_hardware_unknown_r01_20260929_184546_956,40,1.3333333333333333,,,1,328.5,427.0,0.0368189632258553,1.093207455319658,1.0938273064883273,0.044970197356556246,1.093207455319658,1.0941320116954671,3824.5,14,59,74,0.7972972972972973,0.8759734310581768,0.9580410821643287,True,True,accepted,0.034262336790561676,1.0948143005371094,0.010707858949899673,-0.0016068220138549805,0.0012555689318105578,0.0,0.0012555689318105578,0.09337609261274338,1,0,0.03729473426938057,1.094359278678894,1.0949945789979112,-0.027935396879911423,-0.007544855121523142,0.0
phase5_v12_hardware_unknown_r01_20260929_184546_956,/home/robo25/Downloads/rokuga_phase5_v12_hardware_unknown_r01_20260929_184546_956.tar.xz::phase5_v12_hardware_unknown_r01_20260929_184546_956,41,1.3666666666666667,,,1,328.5,427.0,0.0368189632258553,1.096938618794003,1.0975563627690024,0.044970197356556246,1.096938618794003,1.0978600329969128,3828.0,14,59,73,0.8082191780821918,0.8887856977014162,0.9644746787603931,True,True,accepted,0.03636355325579643,1.094107747077942,0.008606642484664917,0.0028308629989624023,0.001255568815395236,0.0,0.001255568815395236,0.06537919491529465,1,0,0.03880089893937111,1.094909429550171,1.095596718083978,-0.01579076051712036,-0.0035502889659255743,0.0
phase5_v12_hardware_unknown_r01_20260929_184546_956,/home/robo25/Downloads/rokuga_phase5_v12_hardware_unknown_r01_20260929_184546_956.tar.xz::phase5_v12_hardware_unknown_r01_20260929_184546_956,42,1.4,,,1,328.5,427.0,0.0368189632258553,1.096938618794003,1.0975563627690024,0.044970197356556246,1.096938618794003,1.0978600329969128,3826.0,14,59,73,0.8082191780821918,0.8883213373577896,0.963970773494583,True,True,accepted,0.03827454149723053,1.094791054725647,0.00669565424323082,0.0021475553512573242,0.001255568815395236,0.0,0.001255568815395236,0.03937958553433418,1,0,0.04017070680856705,1.095399260520935,1.0961355872497303,-0.006342672742903233,-0.0005199216539040208,0.0
phase5_v12_hardware_unknown_r01_20260929_184546_956,/home/robo25/Downloads/rokuga_phase5_v12_hardware_unknown_r01_20260929_184546_956.tar.xz::phase5_v12_hardware_unknown_r01_20260929_184546_956,43,1.4333333333333333,,,1,328.5,427.0,0.0368189632258553,1.096938618794003,1.0975563627690024,0.044970197356556246,1.096938618794003,1.0978600329969128,3818.0,14,59,73,0.8082191780821918,0.886463895983283,0.9621975806451613,True,True,accepted,0.03995928540825844,1.0953819751739502,0.005010910332202911,0.0015566349029541016,0.001255568815395236,0.0,0.001255568815395236,0.021928176283836365,1,0,0.04137834161520004,1.095822811126709,1.0966037573072906,0.000728110084310174,0.0016766107873991132,0.0
phase5_v12_hardware_unknown_r01_20260929_184546_956,/home/robo25/Downloads/rokuga_phase5_v12_hardware_unknown_r01_20260929_184546_956.tar.xz::phase5_v12_hardware_unknown_r01_20260929_184546_956,44,1.4666666666666666,,,1,320.0,427.5,-0.020782793494480107,1.091039928141972,1.0912378518478332,0.009966258283819201,1.091039928141972,1.0910854462892534,3831.0,14,59,74,0.7972972972972973,0.8774622079706825,0.9589486858573216,True,True,accepted,0.04140261188149452,1.0958787202835083,-0.03143635392189026,-0.004838824272155762,0.001255568815395236,0.0,0.001255568815395236,0.8057372570037842,1,0,0.032500043511390686,1.094508409500122,1.0949908270367972,-0.04363100603222847,-0.0051513430662453175,0.0
phase5_v12_hardware_unknown_r01_20260929_184546_956,/home/robo25/Downloads/rokuga_phase5_v12_hardware_unknown_r01_20260929_184546_956.tar.xz::phase5_v12_hardware_unknown_r01_20260929_184546_956,45,1.5,,,1,328.5,427.0,0.0368189632258553,1.096938618794003,1.0975563627690024,0.044970197356556246,1.096938618794003,1.0978600329969128,3824.0,14,59,73,0.8082191780821918,0.887856977014163,0.9632241813602015,True,True,accepted,0.03104567714035511,1.094336748123169,0.01392451860010624,0.0026018619537353516,0.001255568815395236,0.0,0.001255568815395236,0.15981753170490265,1,0,0.03498900681734085,1.0950735807418823,1.0956324099974917,-0.023982448503375053,-0.0014799173222854733,0.0
phase5_v12_hardware_unknown_r01_20260929_184546_956,/home/robo25/Downloads/rokuga_phase5_v12_hardware_unknown_r01_20260929_184546_956.tar.xz::phase5_v12_hardware_unknown_r01_20260929_184546_956,46,1.5333333333333334,,,1,328.5,427.0,0.0368189632258553,1.096938618794003,1.0975563627690024,0.044970197356556246,1.096938618794003,1.0978600329969128,3831.0,14,59,73,0.8082191780821918,0.8894822382168562,0.963410033949453,True,True,accepted,0.03418959304690361,1.0950242280960083,0.01078060269355774,0.001914381980895996,0.0012555686989799142,0.0,0.0012555686989799142,0.09548363089561462,1,0,0.0372425876557827,1.0955663919448853,1.096199219801963,-0.008770200423896313,0.001221420825459063,0.0
phase5_v12_hardware_unknown_r01_20260929_184546_956,/home/robo25/Downloads/rokuga_phase5_v12_hardware_unknown_r01_20260929_184546_956.tar.xz::phase5_v12_hardware_unknown_r01_20260929_184546_956,47,1.5666666666666667,,,1,328.5,427.0,0.0368189632258553,1.096938618794003,1.0975563627690024,0.044970197356556246,1.096938618794003,1.0978600329969128,3823.5,14,59,73,0.8082191780821918,0.8877408869282564,0.9639480650447497,True,True,accepted,0.0369502492249012,1.0956071615219116,0.00801994651556015,0.0013314485549926758,0.0012555685825645924,0.0,0.0012555685825645924,0.05263933539390564,1,0,0.039221443235874176,1.0959842205047607,1.0966857951140485,0.0025465493090450764,0.00310019520111382,0.0
phase5_v12_hardware_unknown_r01_20260929_184546_956,/home/robo25/Downloads/rokuga_phase5_v12_hardware_unknown_r01_20260929_184546_956.tar.xz::phase5_v12_hardware_unknown_r01_20260929_184546_956,48,1.6,,,1,319.5,427.5,-0.024177131647027447,1.0910461084262173,1.0913139531806009,0.007903557202307081,1.0910461084262173,1.0910747348043777,3838.0,14,59,74,0.7972972972972973,0.8790655061841502,0.9603402977605404,True,True,accepted,0.03930632770061493,1.0960875749588013,-0.031402770429849625,-0.00504148006439209,0.0012555684661492705,0.0,0.0012555684661492705,0.8056514263153076,1,0,0.030413275584578514,1.0946598052978516,1.0950822145695336,-0.04176511988043785,-0.004013712052255869,0.0
phase5_v12_hardware_unknown_r01_20260929_184546_956,/home/robo25/Downloads/rokuga_phase5_v12_hardware_unknown_r01_20260929_184546_956.tar.xz::phase5_v12_hardware_unknown_r01_20260929_184546_956,49,1.6333333333333333,,,1,328.5,427.0,0.0368189632258553,1.096938618794003,1.0975563627690024,0.044970197356556246,1.096938618794003,1.0978600329969128,3818.0,14,59,73,0.8082191780821918,0.886463895983283,0.9624401310814217,True,True,accepted,0.02902110479772091,1.0945260524749756,0.01594909094274044,0.002412557601928711,0.0012555683497339487,0.0,0.0012555683497339487,0.20723198354244232,1,0,0.03353777900338173,1.0952092409133911,1.0957226218357299,-0.019259760156273842,-0.0006094129057601094,0.0
phase5_v12_hardware_unknown_r01_20260929_184546_956,/home/robo25/Downloads/rokuga_phase5_v12_hardware_unknown_r01_20260929_184546_956.tar.xz::phase5_v12_hardware_unknown_r01_20260929_184546_956,50,1.6666666666666667,,,1,328.5,427.0,0.0368189632258553,1.096938618794003,1.0975563627690024,0.044970197356556246,1.096938618794003,1.0978600329969128,3828.5,14,59,73,0.8082191780821918,0.888901787787323,0.9639934533551555,True,True,accepted,0.03289578855037689,1.0951889753341675,0.012074407190084457,0.0017496347427368164,0.0012555683497339487,0.0,0.0012555683497339487,0.11855390667915344,1,0,0.036315176635980606,1.0956844091415405,1.0962860559589132,-0.002221871865913272,0.0018594521097838879,0.0
phase5_v12_hardware_unknown_r01_20260929_184546_956,/home/robo25/Downloads/rokuga_phase5_v12_hardware_unknown_r01_20260929_184546_956.tar.xz::phase5_v12_hardware_unknown_r01_20260929_184546_956,51,1.7,,,1,320.0,427.5,-0.020782793494480107,1.091039928141972,1.0912378518478332,0.009966258283819201,1.091039928141972,1.0910854462892534,3836.0,14,59,74,0.7972972972972973,0.8786074209803023,0.9595997498436523,True,True,accepted,0.036241114139556885,1.095746397972107,-0.02627485617995262,-0.0047065019607543945,0.0012555683497339487,0.0,0.0012555683497339487,0.567487359046936,1,0,0.028800256550312042,1.0944135189056396,1.094792402759897,-0.03929764777421951,-0.004781772382557392,0.0
phase5_v12_hardware_unknown_r01_20260929_184546_956,/home/robo25/Downloads/rokuga_phase5_v12_hardware_unknown_r01_20260929_184546_956.tar.xz::phase5_v12_hardware_unknown_r01_20260929_184546_956,52,1.7333333333333334,,,1,328.5,427.0,0.0368189632258553,1.093207455319658,1.0938273064883273,0.044970197356556246,1.093207455319658,1.0941320116954671,3829.5,14,59,74,0.7972972972972973,0.8771186440677966,0.9586932031543373,True,True,accepted,0.02749033458530903,1.0942541360855103,0.01747986115515232,-0.0010466575622558594,0.0012555682333186269,0.0,0.0012555682333186269,0.2442249208688736,1,0,0.032440509647130966,1.093957781791687,1.0944386757643179,-0.014632263220846653,-0.0062586842104792595,0.0
phase5_v12_hardware_unknown_r01_20260929_184546_956,/home/robo25/Downloads/rokuga_phase5_v12_hardware_unknown_r01_20260929_184546_956.tar.xz::phase5_v12_hardware_unknown_r01_20260929_184546_956,53,1.7666666666666666,,,1,328.5,427.0,0.0368189632258553,1.096938618794003,1.0975563627690024,0.044970197356556246,1.096938618794003,1.0978600329969128,3817.0,14,59,73,0.8082191780821918,0.8862317158114698,0.9636455440545317,True,True,accepted,0.03195276856422424,1.0937491655349731,0.013017427176237106,0.0031894445419311523,0.0012555682333186269,0.0,0.0012555682333186269,0.143063485622406,1,0,0.035639215260744095,1.0946524143218994,1.095232423664112,0.0037362934090197086,-0.0017581410938873887,0.0
phase5_v12_hardware_unknown_r01_20260929_184546_956,/home/robo25/Downloads/rokuga_phase5_v12_hardware_unknown_r01_20260929_184546_956.tar.xz::phase5_v12_hardware_unknown_r01_20260929_184546_956,54,1.8,,,1,328.5,427.0,0.0368189632258553,1.096938618794003,1.0975563627690024,0.044970197356556246,1.096938618794003,1.0978600329969128,3822.5,14,59,73,0.8082191780821918,0.887508706756443,0.9632102809625803,True,True,accepted,0.035763759166002274,1.0945937633514404,0.009206436574459076,0.002344846725463867,0.0012555682333186269,0.0,0.0012555682333186269,0.07188520580530167,1,0,0.03837095946073532,1.0952577590942383,1.0959296918078596,0.016727259382605553,0.0015506118070334196,0.0
phase5_v12_hardware_unknown_r01_20260929_184546_956,/home/robo25/Downloads/rokuga_phase5_v12_hardware_unknown_r01_20260929_184546_956.tar.xz::phase5_v12_hardware_unknown_r01_20260929_184546_956,55,1.8333333333333333,,,1,328.5,427.0,0.0368189632258553,1.096938618794003,1.0975563627690024,0.044970197356556246,1.096938618794003,1.0978600329969128,3830.0,14,59,73,0.8082191780821918,0.889250058045043,0.964007047571105,True,True,accepted,0.03892853483557701,1.0953094959259033,0.006041660904884338,0.0016291141510009766,0.0012555682333186269,0.0,0.0012555682333186269,0.031185626983642578,1,0,0.0406394898891449,1.0957708358764648,1.0965241871002465,0.025252491235733032,0.0038494127802550793,0.0
phase5_v12_hardware_unknown_r01_20260929_184546_956,/home/robo25/Downloads/rokuga_phase5_v12_hardware_unknown_r01_20260929_184546_956.tar.xz::phase5_v12_hardware_unknown_r01_20260929_184546_956,56,1.8666666666666667,,,1,328.5,427.0,0.0368189632258553,1.096938618794003,1.0975563627690024,0.044970197356556246,1.096938618794003,1.0978600329969128,3834.0,14,59,73,0.8082191780821918,0.8901787787322962,0.9642857142857143,True,True,accepted,0.04148123785853386,1.0958991050720215,0.0034889578819274902,0.0010395050048828125,0.0012555682333186269,0.0,0.0012555682333186269,0.010555696673691273,1,0,0.04246928542852402,1.0961934328079224,1.0970158076965102,0.030175669118762016,0.005316231399774551,0.0
phase5_v12_hardware_unknown_r01_20260929_184546_956,/home/robo25/Downloads/rokuga_phase5_v12_hardware_unknown_r01_20260929_184546_956.tar.xz::phase5_v12_hardware_unknown_r01_20260929_184546_956,57,1.9,,,1,328.5,427.0,0.0368189632258553,1.096938618794003,1.0975563627690024,0.044970197356556246,1.096938618794003,1.0978600329969128,3822.5,14,59,73,0.8082191780821918,0.887508706756443,0.9628463476070529,True,True,accepted,0.04347513988614082,1.0963706970214844,0.0014950558543205261,0.0005679130554199219,0.0012555682333186269,0.0,0.0012555682333186269,0.00203709932975471,1,0,0.043898530304431915,1.0965315103530884,1.0974098751879875,0.03228530287742615,0.006117598619312048,0.0
phase5_v12_hardware_unknown_r01_20260929_184546_956,/home/robo25/Downloads/rokuga_phase5_v12_hardware_unknown_r01_20260929_184546_956.tar.xz::phase5_v12_hardware_unknown_r01_20260929_184546_956,58,1.9333333333333333,,,1,328.5,427.0,0.0368189632258553,1.096938618794003,1.0975563627690024,0.044970197356556246,1.096938618794003,1.0978600329969128,3832.0,14,59,73,0.8082191780821918,0.8897144183886696,0.9642677403120282,True,True,accepted,0.04497470706701279,1.0967354774475098,-4.511326551437378e-06,0.00020313262939453125,0.0012555682333186269,0.0,0.0012555682333186269,3.2880110666155815e-05,1,0,0.044973429292440414,1.0967930555343628,1.0977147243299263,0.032278936356306076,0.006404233630746603,0.0
phase5_v12_hardware_unknown_r01_20260929_184546_956,/home/robo25/Downloads/rokuga_phase5_v12_hardware_unknown_r01_20260929_184546_956.tar.xz::phase5_v12_hardware_unknown_r01_20260929_184546_956,59,1.9666666666666666,,,1,328.5,427.0,0.0368189632258553,1.096938618794003,1.0975563627690024,0.044970197356556246,1.096938618794003,1.0978600329969128,3826.0,14,59,73,0.8082191780821918,0.8883213373577896,0.9638493513036906,True,True,accepted,0.046049393713474274,1.0970065593719482,-0.0010791979730129242,-6.794929504394531e-05,0.0012555682333186269,0.0,0.0012555682333186269,0.0009312799084000289,1,0,0.04574377089738846,1.0969873666763306,1.09794069749845,0.030756108462810516,0.00630835210904479,0.0
phase5_v12_hardware_unknown_r01_20260929_184546_956,/home/robo25/Downloads/rokuga_phase5_v12_hardware_unknown_r01_20260929_184546_956.tar.xz::phase5_v12_hardware_unknown_r01_20260929_184546_956,60,2.0,,,1,328.5,427.0,0.0368189632258553,1.096938618794003,1.0975563627690024,0.044970197356556246,1.096938618794003,1.0978600329969128,3818.5,14,59,73,0.8082191780821918,0.8865799860691896,0.9631731618110733,True,True,accepted,0.046768974512815475,1.0971976518630981,-0.001798778772354126,-0.00025904178619384766,0.0012555682333186269,0.0,0.0012555682333186269,0.0026304484345018864,1,0,0.046259574592113495,1.0971243381500244,1.0980991583652964,0.028217898681759834,0.005942824762314558,0.0
phase5_v12_hardware_unknown_r01_20260929_184546_956,/home/robo25/Downloads/rokuga_phase5_v12_hardware_unknown_r01_20260929_184546_956.tar.xz::phase5_v12_hardware_unknown_r01_20260929_184546_956,61,2.033333333333333,,,1,328.5,427.0,0.0368189632258553,1.096938618794003,1.0975563627690024,0.044970197356556246,1.096938618794003,1.0978600329969128,3834.5,14,59,73,0.8082191780821918,0.890294868818203,0.9644114688128773,True,True,accepted,0.047200173139572144,1.0973224639892578,-0.002229977399110794,-0.0003838539123535156,0.0012555682333186269,0.0,0.0012555682333186269,0.00407794862985611,1,0,0.04656865820288658,1.0972137451171875,1.0982015490796313,0.02507123537361622,0.005401178263127804,0.0
phase5_v12_hardware_unknown_r01_20260929_184546_956,/home/robo25/Downloads/rokuga_phase5_v12_hardware_unknown_r01_20260929_184546_956.tar.xz::phase5_v12_hardware_unknown_r01_20260929_184546_956,62,2.066666666666667,,,1,328.5,427.0,0.0368189632258553,1.096938618794003,1.0975563627690024,0.044970197356556246,1.096938618794003,1.0978600329969128,3817.0,14,59,73,0.8082191780821918,0.8862317158114698,0.9632807570977918,True,True,accepted,0.047404367476701736,1.0973937511444092,-0.002434171736240387,-0.0004551410675048828,0.0012555682333186269,0.0,0.0012555682333186269,0.004884119611233473,1,0,0.04671502858400345,1.0972648859024048,1.0982588600735355,0.021636437624692917,0.004758940543979406,0.0
phase5_v12_hardware_unknown_r01_20260929_184546_956,/home/robo25/Downloads/rokuga_phase5_v12_hardware_unknown_r01_20260929_184546_956.tar.xz::phase5_v12_hardware_unknown_r01_20260929_184546_956,63,2.1,,,1,328.5,427.0,0.0368189632258553,1.096938618794003,1.0975563627690024,0.044970197356556246,1.096938618794003,1.0978600329969128,3820.5,14,59,73,0.8082191780821918,0.8870443464128164,0.963677639046538,True,True,accepted,0.047436244785785675,1.0974235534667969,-0.0024660490453243256,-0.0004849433898925781,0.0012555682333186269,0.0,0.0012555682333186269,0.005030843894928694,1,0,0.046737875789403915,1.0972862243652344,1.0982811512609225,0.018156658858060837,0.004074649419635534,0.0
phase5_v12_hardware_unknown_r01_20260929_184546_956,/home/robo25/Downloads/rokuga_phase5_v12_hardware_unknown_r01_20260929_184546_956.tar.xz::phase5_v12_hardware_unknown_r01_20260929_184546_956,64,2.1333333333333333,,,1,328.5,427.0,0.0368189632258553,1.096938618794003,1.0975563627690024,0.044970197356556246,1.096938618794003,1.0978600329969128,3830.0,14,59,73,0.8082191780821918,0.889250058045043,0.9631585565195524,True,True,accepted,0.04734309762716293,1.0974220037460327,-0.002372901886701584,-0.00048339366912841797,0.0012555682333186269,0.0,0.0012555682333186269,0.004670660477131605,1,0,0.04667110741138458,1.0972851514816284,1.0982772400123137,0.014808318577706814,0.0033925450406968594,0.0
phase5_v12_hardware_unknown_r01_20260929_184546_956,/home/robo25/Downloads/rokuga_phase5_v12_hardware_unknown_r01_20260929_184546_956.tar.xz::phase5_v12_hardware_unknown_r01_20260929_184546_956,65,2.1666666666666665,,,1,328.5,427.0,0.0368189632258553,1.096938618794003,1.0975563627690024,0.044970197356556246,1.096938618794003,1.0978600329969128,3827.0,14,59,73,0.8082191780821918,0.888553517529603,0.9636157623064333,True,True,accepted,0.04716471955180168,1.097398281097412,-0.002194523811340332,-0.0004596710205078125,0.0012555682333186269,0.0,0.0012555682333186269,0.004003949463367462,1,0,0.046543244272470474,1.0972681045532227,1.0982547823056492,0.011711683124303818,0.0027439151890575886,0.0
phase5_v12_hardware_unknown_r01_20260929_184546_956,/home/robo25/Downloads/rokuga_phase5_v12_hardware_unknown_r01_20260929_184546_956.tar.xz::phase5_v12_hardware_unknown_r01_20260929_184546_956,66,2.2,,,1,328.5,427.0,0.0368189632258553,1.096938618794003,1.0975563627690024,0.044970197356556246,1.096938618794003,1.0978600329969128,3836.0,14,59,73,0.8082191780821918,0.890643139075923,0.9645461403067639,True,True,accepted,0.04693363234400749,1.097359538078308,-0.0019634366035461426,-0.0004209280014038086,0.0012555682333186269,0.0,0.0012555682333186269,0.003211505012586713,1,0,0.046377599239349365,1.0972403287887573,1.0982200238712032,0.008941128849983215,0.0021499546710401773,0.0
phase5_v12_hardware_unknown_r01_20260929_184546_956,/home/robo25/Downloads/rokuga_phase5_v12_hardware_unknown_r01_20260929_184546_956.tar.xz::phase5_v12_hardware_unknown_r01_20260929_184546_956,67,2.2333333333333334,,,1,328.5,427.0,0.0368189632258553,1.096938618794003,1.0975563627690024,0.044970197356556246,1.096938618794003,1.0978600329969128,3818.5,14,59,73,0.8082191780821918,0.8865799860691896,0.9645112402121748,True,True,accepted,0.04667563736438751,1.0973119735717773,-0.0017054416239261627,-0.0003733634948730469,0.0012555682333186269,0.0,0.0012555682333186269,0.0024275316391140223,1,0,0.04619266837835312,1.0972062349319458,1.0981781661394696,0.006534624379128218,0.0016231110785156488,0.0
phase5_v12_hardware_unknown_r01_20260929_184546_956,/home/robo25/Downloads/rokuga_phase5_v12_hardware_unknown_r01_20260929_184546_956.tar.xz::phase5_v12_hardware_unknown_r01_20260929_184546_956,68,2.2666666666666666,,,1,328.5,427.0,0.0368189632258553,1.096938618794003,1.0975563627690024,0.044970197356556246,1.096938618794003,1.0978600329969128,3820.5,14,59,73,0.8082191780821918,0.8870443464128164,0.9634346236287984,True,True,accepted,0.046410489827394485,1.0972603559494019,-0.001440294086933136,-0.0003217458724975586,0.0012555682333186269,0.0,0.0012555682333186269,0.0017346467357128859,1,0,0.04600260779261589,1.097169280052185,1.0981332655984661,0.004502262454479933,0.0011691037798300385,0.0
phase5_v12_hardware_unknown_r01_20260929_184546_956,/home/robo25/Downloads/rokuga_phase5_v12_hardware_unknown_r01_20260929_184546_956.tar.xz::phase5_v12_hardware_unknown_r01_20260929_184546_956,69,2.3,,,1,328.5,427.0,0.0368189632258553,1.096938618794003,1.0975563627690024,0.044970197356556246,1.096938618794003,1.0978600329969128,3827.5,14,59,73,0.8082191780821918,0.8886696076155096,0.9643487024439406,True,True,accepted,0.04615268483757973,1.0972082614898682,-0.0011824890971183777,-0.0002696514129638672,0.0012555682333186269,0.0,0.0012555682333186269,0.001171574927866459,1,0,0.04581781104207039,1.0971318483352661,1.0980881405607859,0.0028336825780570507,0.0007886056555435061,0.0
phase5_v12_hardware_unknown_r01_20260929_184546_956,/home/robo25/Downloads/rokuga_phase5_v12_hardware_unknown_r01_20260929_184546_956.tar.xz::phase5_v12_hardware_unknown_r01_20260929_184546_956,70,2.3333333333333335,,,1,328.5,427.0,0.0368189632258553,1.092380299216027,1.0930006194729824,0.044970197356556246,1.092380299216027,1.0933055550785353,3826.5,14,59,74,0.7972972972972973,0.8764315162620248,0.9590225563909774,True,True,accepted,0.04591226577758789,1.0971581935882568,-0.0009420700371265411,-0.0047779083251953125,0.0012555682333186269,0.0,0.0012555682333186269,0.018888581544160843,1,0,0.04564547911286354,1.0958051681518555,1.096755431402899,0.0015043518505990505,-0.005953377112746239,0.0
phase5_v12_hardware_unknown_r01_20260929_184546_956,/home/robo25/Downloads/rokuga_phase5_v12_hardware_unknown_r01_20260929_184546_956.tar.xz::phase5_v12_hardware_unknown_r01_20260929_184546_956,71,2.3666666666666667,,,1,328.5,427.0,0.0368189632258553,1.096938618794003,1.0975563627690024,0.044970197356556246,1.096938618794003,1.0978600329969128,3818.0,14,59,73,0.8082191780821918,0.886463895983283,0.961712846347607,True,True,accepted,0.045695625245571136,1.0956066846847534,-0.000725429505109787,0.001331925392150879,0.0012555682333186269,0.0,0.0012555682333186269,0.0018320574890822172,1,0,0.045490190386772156,1.095983862876892,1.096927520444254,0.0004807170189451426,-0.004073931835591793,0.0
phase5_v12_hardware_unknown_r01_20260929_184546_956,/home/robo25/Downloads/rokuga_phase5_v12_hardware_unknown_r01_20260929_184546_956.tar.xz::phase5_v12_hardware_unknown_r01_20260929_184546_956,72,2.4,,,1,328.5,427.0,0.0368189632258553,1.0955271841610892,1.0961457235645962,0.044970197356556246,1.0955271841610892,1.0964497844799883,3833.0,14,59,74,0.7972972972972973,0.8779202931745305,0.9593292454010762,True,True,accepted,0.04550621286034584,1.0958480834960938,-0.000536017119884491,-0.0003209114074707031,0.0012555682333186269,0.0,0.0012555682333186269,0.00031085405498743057,1,0,0.045354414731264114,1.095757246017456,1.096695475113933,-0.00027564290212467313,-0.0045267618261277676,0.0
phase5_v12_hardware_unknown_r01_20260929_184546_956,/home/robo25/Downloads/rokuga_phase5_v12_hardware_unknown_r01_20260929_184546_956.tar.xz::phase5_v12_hardware_unknown_r01_20260929_184546_956,73,2.433333333333333,,,1,328.5,427.0,0.0368189632258553,1.0955271841610892,1.0961457235645962,0.044970197356556246,1.0955271841610892,1.0964497844799883,3831.5,14,59,74,0.7972972972972973,0.8775767292716445,0.9594340803806185,True,True,accepted,0.04534522816538811,1.0956063270568848,-0.0003750324249267578,-7.915496826171875e-05,0.0012555682333186269,0.0,0.0012555682333186269,0.00011701063340296969,1,0,0.04523902013897896,1.0955839157104492,1.09651752621952,-0.0008048414601944387,-0.004638455342501402,0.0
phase5_v12_hardware_unknown_r01_20260929_184546_956,/home/robo25/Downloads/rokuga_phase5_v12_hardware_unknown_r01_20260929_184546_956.tar.xz::phase5_v12_hardware_unknown_r01_20260929_184546_956,74,2.466666666666667,,,1,328.5,427.0,0.0368189632258553,1.0955271841610892,1.0961457235645962,0.044970197356556246,1.0955271841610892,1.0964497844799883,3821.5,14,60,74,0.8108108108108109,0.8606981981981981,0.9532302319780493,True,True,accepted,0.045212190598249435,1.0954293012619019,-0.00024199485778808594,9.78708267211914e-05,0.0012555682333186269,0.0,0.0012555682333186269,5.427041833172552e-05,1,0,0.04514366015791893,1.0954570770263672,1.0963868649612718,-0.001146314200013876,-0.0045003523118793964,0.0
phase5_v12_hardware_unknown_r01_20260929_184546_956,/home/robo25/Downloads/rokuga_phase5_v12_hardware_unknown_r01_20260929_184546_956.tar.xz::phase5_v12_hardware_unknown_r01_20260929_184546_956,75,2.5,,,1,328.5,427.0,0.0368189632258553,1.0947809241298405,1.0953998849240465,0.044970197356556246,1.0947809241298405,1.095704152811732,3831.0,14,59,74,0.7972972972972973,0.8774622079706825,0.958828682267551,True,True,accepted,0.045105449855327606,1.0953071117401123,-0.00013525411486625671,-0.0005261898040771484,0.0012555682333186269,0.0,0.0012555682333186269,0.00023508828599005938,1,0,0.04506714642047882,1.0951581001281738,1.096084993037874,-0.0013371678069233894,-0.005242845043540001,0.0
phase5_v12_hardware_unknown_r01_20260929_184546_956,/home/robo25/Downloads/rokuga_phase5_v12_hardware_unknown_r01_20260929_184546_956.tar.xz::phase5_v12_hardware_unknown_r01_20260929_184546_956,76,2.533333333333333,,,1,328.5,427.0,0.0368189632258553,1.096938618794003,1.0975563627690024,0.044970197356556246,1.096938618794003,1.0978600329969128,3826.5,14,59,73,0.8082191780821918,0.8884374274436964,0.9638539042821158,True,True,accepted,0.045022573322057724,1.0949833393096924,-5.237758159637451e-05,0.001955270767211914,0.0012555682333186269,0.0,0.0012555682333186269,0.003047088161110878,1,0,0.04500773921608925,1.0955370664596558,1.0964611988467132,-0.0014110764022916555,-0.002483813092112541,0.0
phase5_v12_hardware_unknown_r01_20260929_184546_956,/home/robo25/Downloads/rokuga_phase5_v12_hardware_unknown_r01_20260929_184546_956.tar.xz::phase5_v12_hardware_unknown_r01_20260929_184546_956,77,2.566666666666667,,,1,328.5,427.0,0.0368189632258553,1.096938618794003,1.0975563627690024,0.044970197356556246,1.096938618794003,1.0978600329969128,3818.5,14,59,73,0.8082191780821918,0.8865799860691896,0.9630517023959647,True,True,accepted,0.04496070370078087,1.095454216003418,9.492039680480957e-06,0.0014843940734863281,0.0012555682333186269,0.0,0.0012555682333186269,0.001754994853399694,1,0,0.04496339336037636,1.095874547958374,1.096796577130623,-0.0013976824702695012,-0.0003892229578923434,0.0
phase5_v12_hardware_unknown_r01_20260929_184546_956,/home/robo25/Downloads/rokuga_phase5_v12_hardware_unknown_r01_20260929_184546_956.tar.xz::phase5_v12_hardware_unknown_r01_20260929_184546_956,78,2.6,,,1,319.5,427.5,-0.024177131647027447,1.0910461084262173,1.0913139531806009,0.007903557202307081,1.0910461084262173,1.0910747348043777,3844.5,14,59,74,0.7972972972972973,0.880554283096656,0.9604046964776418,True,True,accepted,0.04491680487990379,1.095861554145813,-0.03701324760913849,-0.004815459251403809,0.0012555682333186269,0.0,0.0012555682333186269,1.1095925569534302,1,0,0.034434907138347626,1.094497799873352,1.0950393585425298,-0.05362612009048462,-0.007184193003922701,0.0
phase5_v12_hardware_unknown_r01_20260929_184546_956,/home/robo25/Downloads/rokuga_phase5_v12_hardware_unknown_r01_20260929_184546_956.tar.xz::phase5_v12_hardware_unknown_r01_20260929_184546_956,79,2.6333333333333333,,,1,328.5,427.0,0.0368189632258553,1.096938618794003,1.0975563627690024,0.044970197356556246,1.096938618794003,1.0978600329969128,3827.0,14,59,73,0.8082191780821918,0.888553517529603,0.964952092788704,True,True,accepted,0.03264737129211426,1.0942583084106445,0.012322824448347092,0.0026803016662597656,0.0012555682333186269,0.0,0.0012555682333186269,0.12666457891464233,1,0,0.036137111485004425,1.0950173139572144,1.0956134394450225,-0.036237701773643494,-0.003402088535949588,0.0
phase5_v12_hardware_unknown_r01_20260929_184546_956,/home/robo25/Downloads/rokuga_phase5_v12_hardware_unknown_r01_20260929_184546_956.tar.xz::phase5_v12_hardware_unknown_r01_20260929_184546_956,80,2.6666666666666665,,,1,328.5,427.0,0.0368189632258553,1.096938618794003,1.0975563627690024,0.044970197356556246,1.096938618794003,1.0978600329969128,3830.0,14,59,73,0.8082191780821918,0.889250058045043,0.9643711444038776,True,True,accepted,0.03492918983101845,1.0949039459228516,0.010041005909442902,0.0020346641540527344,0.0012555682333186269,0.0,0.0012555682333186269,0.08359693735837936,1,0,0.037772733718156815,1.09548020362854,1.0961312220507955,-0.02206909842789173,-0.0005310265114530921,0.0
phase5_v12_hardware_unknown_r01_20260929_184546_956,/home/robo25/Downloads/rokuga_phase5_v12_hardware_unknown_r01_20260929_184546_956.tar.xz::phase5_v12_hardware_unknown_r01_20260929_184546_956,81,2.7,,,1,320.0,427.5,-0.020782793494480107,1.091039928141972,1.0912378518478332,0.009966258283819201,1.091039928141972,1.0910854462892534,3832.0,14,59,74,0.7972972972972973,0.8776912505726066,0.9600400851810097,True,True,accepted,0.03703709691762924,1.0954625606536865,-0.02707083895802498,-0.004422664642333984,0.0012555682333186269,0.0,0.0012555682333186269,0.5992428064346313,1,0,0.02937082201242447,1.094210147857666,1.0946042631290913,-0.060268059372901917,-0.0067717344500124454,0.0
phase5_v12_hardware_unknown_r01_20260929_184546_956,/home/robo25/Downloads/rokuga_phase5_v12_hardware_unknown_r01_20260929_184546_956.tar.xz::phase5_v12_hardware_unknown_r01_20260929_184546_956,82,2.7333333333333334,,,1,320.0,427.5,-0.020782793494480107,1.091039928141972,1.0912378518478332,0.009966258283819201,1.091039928141972,1.0910854462892534,3841.0,14,59,74,0.7972972972972973,0.8797526339899221,0.960129983752031,True,True,accepted,0.027361886575818062,1.0939843654632568,-0.0173956286162138,-0.002944469451904297,0.0012555682333186269,0.0,0.0012555682333186269,0.24791786074638367,1,0,0.022435564547777176,1.0931504964828491,1.0933807033770429,-0.08481457829475403,-0.010926599614322186,0.0
phase5_v12_hardware_unknown_r01_20260929_184546_956,/home/robo25/Downloads/rokuga_phase5_v12_hardware_unknown_r01_20260929_184546_956.tar.xz::phase5_v12_hardware_unknown_r01_20260929_184546_956,83,2.7666666666666666,,,1,328.5,427.0,0.0368189632258553,1.096938618794003,1.0975563627690024,0.044970197356556246,1.096938618794003,1.0978600329969128,3820.5,14,59,73,0.8082191780821918,0.8870443464128164,0.9623425692695214,True,True,accepted,0.01960841193795204,1.0927863121032715,0.025361783802509308,0.0041522979736328125,0.0012555682333186269,0.0,0.0012555682333186269,0.5260260701179504,1,0,0.026790695264935493,1.0939621925354004,1.0942901900545572,-0.049027219414711,-0.005067399237304926,0.0
phase5_v12_hardware_unknown_r01_20260929_184546_956,/home/robo25/Downloads/rokuga_phase5_v12_hardware_unknown_r01_20260929_184546_956.tar.xz::phase5_v12_hardware_unknown_r01_20260929_184546_956,84,2.8,,,1,328.5,427.0,0.0368189632258553,1.096938618794003,1.0975563627690024,0.044970197356556246,1.096938618794003,1.0978600329969128,3823.0,14,59,73,0.8082191780821918,0.8876247968423496,0.964308235590869,True,True,accepted,0.025156455114483833,1.093793272972107,0.019813740625977516,0.0031453371047973633,0.0012555682333186269,0.0,0.0012555682333186269,0.3205540180206299,1,0,0.030767569318413734,1.0946840047836304,1.0951163014268808,-0.02106856182217598,-0.0006290953024290502,0.0
phase5_v12_hardware_unknown_r01_20260929_184546_956,/home/robo25/Downloads/rokuga_phase5_v12_hardware_unknown_r01_20260929_184546_956.tar.xz::phase5_v12_hardware_unknown_r01_20260929_184546_956,85,2.8333333333333335,,,1,328.5,427.0,0.0368189632258553,1.092380299216027,1.0930006194729824,0.044970197356556246,1.092380299216027,1.0933055550785353,3837.5,14,60,74,0.8108108108108109,0.8643018018018018,0.9540087010565569,True,True,accepted,0.030065283179283142,1.0946630239486694,0.014904912561178207,-0.00228273868560791,0.0012555682333186269,0.0,0.0012555682333186269,0.1810871809720993,1,0,0.0342862531542778,1.0940165519714355,1.0945536821658535,-3.66248277714476e-05,-0.003850208828225732,0.0
phase5_v12_hardware_unknown_r01_20260929_184546_956,/home/robo25/Downloads/rokuga_phase5_v12_hardware_unknown_r01_20260929_184546_956.tar.xz::phase5_v12_hardware_unknown_r01_20260929_184546_956,86,2.8666666666666667,,,1,328.5,427.0,0.0368189632258553,1.096938618794003,1.0975563627690024,0.044970197356556246,1.096938618794003,1.0978600329969128,3825.0,14,59,73,0.8082191780821918,0.8880891571859764,0.9631121742414704,True,True,accepted,0.034285031259059906,1.0938881635665894,0.010685164481401443,0.0030504465103149414,0.0012555682333186269,0.0,0.0012555682333186269,0.09834429621696472,1,0,0.037310995161533356,1.0947520732879639,1.0953876995512772,0.015040935017168522,0.00045419743400998414,0.0
phase5_v12_hardware_unknown_r01_20260929_184546_956,/home/robo25/Downloads/rokuga_phase5_v12_hardware_unknown_r01_20260929_184546_956.tar.xz::phase5_v12_hardware_unknown_r01_20260929_184546_956,87,2.9,,,1,328.5,427.0,0.0368189632258553,1.096938618794003,1.0975563627690024,0.044970197356556246,1.096938618794003,1.0978600329969128,3825.0,14,59,73,0.8082191780821918,0.8880891571859764,0.9638402419050018,True,True,accepted,0.037812359631061554,1.0947672128677368,0.0071578361093997955,0.0021713972091674805,0.0012555682333186269,0.0,0.0012555682333186269,0.04456116631627083,1,0,0.03983940929174423,1.0953820943832397,1.0961063412042318,0.025141172111034393,0.0035182000137865543,0.0
phase5_v12_hardware_unknown_r01_20260929_184546_956,/home/robo25/Downloads/rokuga_phase5_v12_hardware_unknown_r01_20260929_184546_956.tar.xz::phase5_v12_hardware_unknown_r01_20260929_184546_956,88,2.933333333333333,,,1,328.5,427.0,0.0368189632258553,1.096938618794003,1.0975563627690024,0.044970197356556246,1.096938618794003,1.0978600329969128,3826.0,14,59,73,0.8082191780821918,0.8883213373577896,0.9650649514440661,True,True,accepted,0.040677446871995926,1.0954993963241577,0.004292748868465424,0.001439213752746582,0.0012555682333186269,0.0,0.0012555682333186269,0.01632649451494217,1,0,0.0418931245803833,1.0959069728851318,1.0967074026855843,0.03119855932891369,0.005549037363380194,0.0
phase5_v12_hardware_unknown_r01_20260929_184546_956,/home/robo25/Downloads/rokuga_phase5_v12_hardware_unknown_r01_20260929_184546_956.tar.xz::phase5_v12_hardware_unknown_r01_20260929_184546_956,89,2.966666666666667,,,1,328.5,427.0,0.0368189632258553,1.092380299216027,1.0930006194729824,0.044970197356556246,1.092380299216027,1.0933055550785353,3833.0,14,59,74,0.7972972972972973,0.8779202931745305,0.9605312617466483,True,True,accepted,0.04293307662010193,1.0960919857025146,0.0020371191203594208,-0.003711700439453125,0.0012555682333186269,0.0,0.0012555682333186269,0.014277658425271511,1,0,0.04350997507572174,1.0950407981872559,1.0959048624883787,0.034073084592819214,0.00031155277974903584,0.0
phase5_v12_hardware_unknown_r01_20260929_184546_956,/home/robo25/Downloads/rokuga_phase5_v12_hardware_unknown_r01_20260929_184546_956.tar.xz::phase5_v12_hardware_unknown_r01_20260929_184546_956,90,3.0,,,1,328.5,427.0,0.0368189632258553,1.096938618794003,1.0975563627690024,0.044970197356556246,1.096938618794003,1.0978600329969128,3832.5,14,59,73,0.8082191780821918,0.8898305084745762,0.9642722355013209,True,True,accepted,0.04464574530720711,1.0950511693954468,0.00032445043325424194,0.0018874406814575195,0.0012555682333186269,0.0,0.0012555682333186269,0.0029211477376520634,1,0,0.04473762586712837,1.0955857038497925,1.0964987412889595,0.03453090786933899,0.0029748715460300446,0.0
phase5_v12_hardware_unknown_r01_20260929_184546_956,/home/robo25/Downloads/rokuga_phase5_v12_hardware_unknown_r01_20260929_184546_956.tar.xz::phase5_v12_hardware_unknown_r01_20260929_184546_956,91,3.033333333333333,,,1,328.5,427.0,0.0368189632258553,1.096938618794003,1.0975563627690024,0.044970197356556246,1.096938618794003,1.0978600329969128,3825.0,14,59,73,0.8082191780821918,0.8880891571859764,0.963718820861678,True,True,accepted,0.04588865488767624,1.0956848859786987,-0.0009184591472148895,0.0012537240982055664,0.0012555682333186269,0.0,0.0012555682333186269,0.001923743519000709,1,0,0.04562855511903763,1.096039891242981,1.0969892470932323,0.03323489427566528,0.004743969067931175,0.0
phase5_v12_hardware_unknown_r01_20260929_184546_956,/home/robo25/Downloads/rokuga_phase5_v12_hardware_unknown_r01_20260929_184546_956.tar.xz::phase5_v12_hardware_unknown_r01_20260929_184546_956,92,3.066666666666667,,,1,328.5,427.0,0.0368189632258553,1.093207455319658,1.0938273064883273,0.044970197356556246,1.093207455319658,1.0941320116954671,3824.5,14,59,74,0.7972972972972973,0.8759734310581768,0.9584012028567849,True,True,accepted,0.04673638567328453,1.0961980819702148,-0.0017661899328231812,-0.0029906034469604492,0.0012555682333186269,0.0,0.0012555682333186269,0.0096077099442482,1,0,0.04623621329665184,1.095351219177246,1.096326630513504,0.030742669478058815,0.0005240057944320142,0.0
phase5_v12_hardware_unknown_r01_20260929_184546_956,/home/robo25/Downloads/rokuga_phase5_v12_hardware_unknown_r01_20260929_184546_956.tar.xz::phase5_v12_hardware_unknown_r01_20260929_184546_956,93,3.1,,,1,328.5,427.0,0.0368189632258553,1.096938618794003,1.0975563627690024,0.044970197356556246,1.096938618794003,1.0978600329969128,3834.0,14,59,73,0.8082191780821918,0.8901787787322962,0.9653783205338033,True,True,accepted,0.04726096987724304,1.09536874294281,-0.0022907741367816925,0.0015698671340942383,0.0012555682333186269,0.0,0.0012555682333186269,0.006142341531813145,1,0,0.04661223664879799,1.095813274383545,1.0968041907836557,0.02751021645963192,0.002739204792305827,0.0
phase5_v12_hardware_unknown_r01_20260929_184546_956,/home/robo25/Downloads/rokuga_phase5_v12_hardware_unknown_r01_20260929_184546_956.tar.xz::phase5_v12_hardware_unknown_r01_20260929_184546_956,94,3.1333333333333333,,,1,328.5,427.0,0.0368189632258553,1.0955271841610892,1.0961457235645962,0.044970197356556246,1.0955271841610892,1.0964497844799883,3851.0,14,59,74,0.7972972972972973,0.8820430600091617,0.9610681307711505,True,True,accepted,0.04752924293279648,1.0959045886993408,-0.002559047192335129,-0.00037741661071777344,0.0012555682333186269,0.0,0.0012555682333186269,0.005329193081706762,1,0,0.04680453985929489,1.0957976579666138,1.0967967779659804,0.02389921061694622,0.002206641947850585,0.0
phase5_v12_hardware_unknown_r01_20260929_184546_956,/home/robo25/Downloads/rokuga_phase5_v12_hardware_unknown_r01_20260929_184546_956.tar.xz::phase5_v12_hardware_unknown_r01_20260929_184546_956,95,3.1666666666666665,,,1,328.5,427.0,0.0368189632258553,1.096938618794003,1.0975563627690024,0.044970197356556246,1.096938618794003,1.0978600329969128,3818.0,14,59,73,0.8082191780821918,0.886463895983283,0.9636547198384654,True,True,accepted,0.047601182013750076,1.0958712100982666,-0.002630986273288727,0.0010673999786376953,0.0012555682333186269,0.0,0.0012555682333186269,0.006420544348657131,1,0,0.0468561053276062,1.0961735248565674,1.0971745035330265,0.020186694338917732,0.003712822450324893,0.0
phase5_v12_hardware_unknown_r01_20260929_184546_956,/home/robo25/Downloads/rokuga_phase5_v12_hardware_unknown_r01_20260929_184546_956.tar.xz::phase5_v12_hardware_unknown_r01_20260929_184546_956,96,3.2,,,1,319.5,427.5,-0.024177131647027447,1.0910461084262173,1.0913139531806009,0.007903557202307081,1.0910461084262173,1.0910747348043777,3832.5,14,59,74,0.7972972972972973,0.8778057718735685,0.9598046581517656,True,True,accepted,0.04752899706363678,1.096297264099121,-0.039625439792871475,-0.005251169204711914,0.0012555682333186269,0.0,0.0012555682333186269,1.2725316286087036,1,0,0.03630734607577324,1.094810128211975,1.0954119956503066,-0.035727739334106445,-0.0036969666834920645,0.0
phase5_v12_hardware_unknown_r01_20260929_184546_956,/home/robo25/Downloads/rokuga_phase5_v12_hardware_unknown_r01_20260929_184546_956.tar.xz::phase5_v12_hardware_unknown_r01_20260929_184546_956,97,3.2333333333333334,,,1,328.5,427.0,0.0368189632258553,1.096938618794003,1.0975563627690024,0.044970197356556246,1.096938618794003,1.0978600329969128,3828.0,14,59,73,0.8082191780821918,0.8887856977014162,0.9636249213341724,True,True,accepted,0.035116422921419144,1.0946868658065796,0.009853772819042206,0.002251744270324707,0.0012555682333186269,0.0,0.0012555682333186269,0.08137127757072449,1,0,0.0379069447517395,1.0953245162963867,1.095980260981157,-0.02182333543896675,-0.000519588531460613,0.0
phase5_v12_hardware_unknown_r01_20260929_184546_956,/home/robo25/Downloads/rokuga_phase5_v12_hardware_unknown_r01_20260929_184546_956.tar.xz::phase5_v12_hardware_unknown_r01_20260929_184546_956,98,3.2666666666666666,,,1,328.5,427.0,0.0368189632258553,1.096938618794003,1.0975563627690024,0.044970197356556246,1.096938618794003,1.0978600329969128,3838.0,14,59,73,0.8082191780821918,0.8911074994195496,0.9648064353946707,True,True,accepted,0.03717949986457825,1.0953072309494019,0.007790695875883102,0.0016313791275024414,0.0012555682333186269,0.0,0.0012555682333186269,0.050460293889045715,1,0,0.03938576951622963,1.0957691669464111,1.0964767695080537,-0.010830085724592209,0.0017824084497988224,0.0
phase5_v12_hardware_unknown_r01_20260929_184546_956,/home/robo25/Downloads/rokuga_phase5_v12_hardware_unknown_r01_20260929_184546_956.tar.xz::phase5_v12_hardware_unknown_r01_20260929_184546_956,99,3.3,,,1,328.5,427.0,0.0368189632258553,1.096938618794003,1.0975563627690024,0.044970197356556246,1.096938618794003,1.0978600329969128,3831.5,14,59,73,0.8082191780821918,0.889598328302763,0.9638993710691824,True,True,accepted,0.03902476653456688,1.0958285331726074,0.00594542920589447,0.001110076904296875,0.0012555682333186269,0.0,0.0012555682333186269,0.029134538024663925,1,0,0.04070847108960152,1.0961428880691528,1.0968985416541661,-0.002440644195303321,0.003348809201270342,0.0
phase5_v12_hardware_unknown_r01_20260929_184546_956,/home/robo25/Downloads/rokuga_phase5_v12_hardware_unknown_r01_20260929_184546_956.tar.xz::phase5_v12_hardware_unknown_r01_20260929_184546_956,100,3.3333333333333335,,,1,328.5,427.0,0.0368189632258553,1.092380299216027,1.0930006194729824,0.044970197356556246,1.092380299216027,1.0933055550785353,3833.0,14,59,74,0.7972972972972973,0.8779202931745305,0.9600500939261115,True,True,accepted,0.04062711447477341,1.0962544679641724,0.0043430812656879425,-0.00387418270111084,0.0012555682333186269,0.0,0.0012555682333186269,0.026977146044373512,1,0,0.0418570451438427,1.0951573848724365,1.0959569835850347,0.003687765449285507,-0.00211795000359416,0.0
phase5_v12_hardware_unknown_r01_20260929_184546_956,/home/robo25/Downloads/rokuga_phase5_v12_hardware_unknown_r01_20260929_184546_956.tar.xz::phase5_v12_hardware_unknown_r01_20260929_184546_956,101,3.3666666666666667,,,1,328.5,427.0,0.0368189632258553,1.096938618794003,1.0975563627690024,0.044970197356556246,1.096938618794003,1.0978600329969128,3816.0,14,59,73,0.8082191780821918,0.8859995356396564,0.9632714880726997,True,True,accepted,0.04197997227311134,1.0950868129730225,0.002990223467350006,0.001851797103881836,0.0012555682333186269,0.0,0.0012555682333186269,0.009852581657469273,1,0,0.042826782912015915,1.0956112146377563,1.0964479317207054,0.007907192222774029,0.0004950730362907052,0.0
phase5_v12_hardware_unknown_r01_20260929_184546_956,/home/robo25/Downloads/rokuga_phase5_v12_hardware_unknown_r01_20260929_184546_956.tar.xz::phase5_v12_hardware_unknown_r01_20260929_184546_956,102,3.4,,,1,328.5,427.0,0.0368189632258553,1.0962464250500448,1.0968645588622281,0.044970197356556246,1.0962464250500448,1.0971684205650885,3835.5,14,59,74,0.7972972972972973,0.8784928996793404,0.9589948743592949,True,True,accepted,0.04309035465121269,1.0956276655197144,0.0018798410892486572,0.0006188154220581055,0.0012555682333186269,0.0,0.0012555682333186269,0.003119491972029209,1,0,0.043622713536024094,1.095802903175354,1.0966708456705596,0.010559787042438984,0.0013682674616575241,0.0
phase5_v12_hardware_unknown_r01_20260929_184546_956,/home/robo25/Downloads/rokuga_phase5_v12_hardware_unknown_r01_20260929_184546_956.tar.xz::phase5_v12_hardware_unknown_r01_20260929_184546_956,103,3.433333333333333,,,1,328.5,427.0,0.0368189632258553,1.0955271841610892,1.0961457235645962,0.044970197356556246,1.0955271841610892,1.0964497844799883,3822.0,14,59,74,0.7972972972972973,0.8754008245533669,0.9580147888206543,True,True,accepted,0.043974705040454865,1.095848560333252,0.000995490700006485,-0.00032138824462890625,0.0012555682333186269,0.0,0.0012555682333186269,0.0008715513395145535,1,0,0.04425662010908127,1.0957576036453247,1.0966509811102272,0.011964498087763786,0.0009147648233920336,0.0
phase5_v12_hardware_unknown_r01_20260929_184546_956,/home/robo25/Downloads/rokuga_phase5_v12_hardware_unknown_r01_20260929_184546_956.tar.xz::phase5_v12_hardware_unknown_r01_20260929_184546_956,104,3.466666666666667,,,1,328.5,427.0,0.0368189632258553,1.0955271841610892,1.0961457235645962,0.044970197356556246,1.0955271841610892,1.0964497844799883,3832.5,14,59,74,0.7972972972972973,0.8778057718735685,0.9593241551939925,True,True,accepted,0.044655438512563705,1.0957881212234497,0.00031475722789764404,-0.00026094913482666016,0.0012555682333186269,0.0,0.0012555682333186269,0.0001331401726929471,1,0,0.0447445772588253,1.0957142114639282,1.0966274255179327,0.012408643960952759,0.0005465462454594672,0.0
phase5_v12_hardware_unknown_r01_20260929_184546_956,/home/robo25/Downloads/rokuga_phase5_v12_hardware_unknown_r01_20260929_184546_956.tar.xz::phase5_v12_hardware_unknown_r01_20260929_184546_956,105,3.5,,,1,328.5,427.0,0.0368189632258553,1.096938618794003,1.0975563627690024,0.044970197356556246,1.096938618794003,1.0978600329969128,3832.5,14,59,73,0.8082191780821918,0.8898305084745762,0.9635449402891263,True,True,accepted,0.04515819996595383,1.0957324504852295,-0.00018800422549247742,0.0012061595916748047,0.0012555682333186269,0.0,0.0012555682333186269,0.0011868462897837162,1,0,0.04510495811700821,1.0960739850997925,1.0970016581843791,0.012143355794250965,0.002248526783660054,0.0
phase5_v12_hardware_unknown_r01_20260929_184546_956,/home/robo25/Downloads/rokuga_phase5_v12_hardware_unknown_r01_20260929_184546_956.tar.xz::phase5_v12_hardware_unknown_r01_20260929_184546_956,106,3.533333333333333,,,1,328.5,427.0,0.0368189632258553,1.096938618794003,1.0975563627690024,0.044970197356556246,1.096938618794003,1.0978600329969128,3836.0,14,59,73,0.8082191780821918,0.890643139075923,0.9653957468227004,True,True,accepted,0.045509736984968185,1.09614896774292,-0.0005395412445068359,0.000789642333984375,0.0012555682333186269,0.0,0.0012555682333186269,0.0007284667808562517,1,0,0.04535694420337677,1.0963726043701172,1.0973104118711268,0.011382022872567177,0.0033627706579864025,0.0
phase5_v12_hardware_unknown_r01_20260929_184546_956,/home/robo25/Downloads/rokuga_phase5_v12_hardware_unknown_r01_20260929_184546_956.tar.xz::phase5_v12_hardware_unknown_r01_20260929_184546_956,107,3.566666666666667,,,1,328.5,427.0,0.0368189632258553,1.096938618794003,1.0975563627690024,0.044970197356556246,1.096938618794003,1.0978600329969128,3831.0,14,59,73,0.8082191780821918,0.8894822382168562,0.9636523707709722,True,True,accepted,0.045736346393823624,1.096484661102295,-0.0007661506533622742,0.000453948974609375,0.0012555682333186269,0.0,0.0012555682333186269,0.0006316315266303718,1,0,0.045519378036260605,1.0966131687164307,1.0975574953409497,0.010300927795469761,0.004003326408565044,0.0
phase5_v12_hardware_unknown_r01_20260929_184546_956,/home/robo25/Downloads/rokuga_phase5_v12_hardware_unknown_r01_20260929_184546_956.tar.xz::phase5_v12_hardware_unknown_r01_20260929_184546_956,108,3.6,,,1,328.5,427.0,0.0368189632258553,1.0955271841610892,1.0961457235645962,0.044970197356556246,1.0955271841610892,1.0964497844799883,3822.5,14,59,74,0.7972972972972973,0.8755153458543289,0.9583803434875267,True,True,accepted,0.04586274176836014,1.096746563911438,-0.0008925460278987885,-0.0012193918228149414,0.0012555682333186269,0.0,0.0012555682333186269,0.001818742137402296,1,0,0.0456099770963192,1.0964012145996094,1.0973494855269335,0.009041478857398033,0.002282674191519618,0.0
phase5_v12_hardware_unknown_r01_20260929_184546_956,/home/robo25/Downloads/rokuga_phase5_v12_hardware_unknown_r01_20260929_184546_956.tar.xz::phase5_v12_hardware_unknown_r01_20260929_184546_956,109,3.6333333333333333,,,1,328.5,427.0,0.0368189632258553,1.096938618794003,1.0975563627690024,0.044970197356556246,1.096938618794003,1.0978600329969128,3840.5,14,59,73,0.8082191780821918,0.8916879498490828,0.9654348919054802,True,True,accepted,0.045911360532045364,1.0964772701263428,-0.0009411647915840149,0.00046133995056152344,0.0012555682333186269,0.0,0.0012555682333186269,0.0008750028209760785,1,0,0.04564483091235161,1.0966079235076904,1.097557464777524,0.007713425438851118,0.0029336591251194477,0.0
phase5_v12_hardware_unknown_r01_20260929_184546_956,/home/robo25/Downloads/rokuga_phase5_v12_hardware_unknown_r01_20260929_184546_956.tar.xz::phase5_v12_hardware_unknown_r01_20260929_184546_956,110,3.6666666666666665,,,1,328.5,427.0,0.0368189632258553,1.096938618794003,1.0975563627690024,0.044970197356556246,1.096938618794003,1.0978600329969128,3831.5,14,60,73,0.821917808219178,0.8747716894977169,0.9590738423028786,True,True,accepted,0.04590194672346115,1.096705675125122,-0.0009317509829998016,0.00023293495178222656,0.0012555682333186269,0.0,0.0012555682333186269,0.0007346622878685594,1,0,0.045638080686330795,1.0967715978622437,1.097720716888422,0.006398655474185944,0.0032623475417494774,0.0
phase5_v12_hardware_unknown_r01_20260929_184546_956,/home/robo25/Downloads/rokuga_phase5_v12_hardware_unknown_r01_20260929_184546_956.tar.xz::phase5_v12_hardware_unknown_r01_20260929_184546_956,111,3.7,,,1,328.5,427.0,0.0368189632258553,1.0955271841610892,1.0961457235645962,0.044970197356556246,1.0955271841610892,1.0964497844799883,3837.0,14,59,74,0.7972972972972973,0.8788364635822263,0.9582917082917083,True,True,accepted,0.045851368457078934,1.096880316734314,-0.0008811727166175842,-0.001353144645690918,0.0012555682333186269,0.0,0.0012555682333186269,0.0020767217501997948,1,0,0.045601826161146164,1.0964970588684082,1.0974449082556723,0.005155255552381277,0.0013529601274058223,0.0
phase5_v12_hardware_unknown_r01_20260929_184546_956,/home/robo25/Downloads/rokuga_phase5_v12_hardware_unknown_r01_20260929_184546_956.tar.xz::phase5_v12_hardware_unknown_r01_20260929_184546_956,112,3.7333333333333334,,,1,328.5,427.0,0.0368189632258553,1.096938618794003,1.0975563627690024,0.044970197356556246,1.096938618794003,1.0978600329969128,3827.5,14,59,73,0.8082191780821918,0.8886696076155096,0.9615626177615877,True,True,accepted,0.045773666352033615,1.0965421199798584,-0.0008034706115722656,0.00039649009704589844,0.0012555682333186269,0.0,0.0012555682333186269,0.0006393674411810935,1,0,0.04554612934589386,1.0966544151306152,1.097599816018509,0.004021498840302229,0.0019124370301142335,0.0
phase5_v12_hardware_unknown_r01_20260929_184546_956,/home/robo25/Downloads/rokuga_phase5_v12_hardware_unknown_r01_20260929_184546_956.tar.xz::phase5_v12_hardware_unknown_r01_20260929_184546_956,113,3.7666666666666666,,,1,328.5,427.0,0.0368189632258553,1.096938618794003,1.0975563627690024,0.044970197356556246,1.096938618794003,1.0978600329969128,3839.5,14,59,73,0.8082191780821918,0.8914557696772696,0.9659119496855346,True,True,accepted,0.04568018019199371,1.096718192100525,-0.0007099844515323639,0.00022041797637939453,0.0012555682333186269,0.0,0.0012555682333186269,0.0004401688347570598,1,0,0.04547911882400513,1.0967806577682495,1.097723171616397,0.003019658150151372,0.0022234630305320024,0.0
phase5_v12_hardware_unknown_r01_20260929_184546_956,/home/robo25/Downloads/rokuga_phase5_v12_hardware_unknown_r01_20260929_184546_956.tar.xz::phase5_v12_hardware_unknown_r01_20260929_184546_956,114,3.8,,,1,328.5,427.0,0.0368189632258553,1.096938618794003,1.0975563627690024,0.044970197356556246,1.096938618794003,1.0978600329969128,3839.0,14,59,73,0.8082191780821918,0.8913396795913628,0.9651791326209931,True,True,accepted,0.04557977244257927,1.09685480594635,-0.0006095767021179199,8.380413055419922e-05,0.0012555682333186269,0.0,0.0012555682333186269,0.00030154225532896817,1,0,0.04540714621543884,1.0968785285949707,1.097817979184208,0.0021595002617686987,0.0023417167831212282,0.0
phase5_v12_hardware_unknown_r01_20260929_184546_956,/home/robo25/Downloads/rokuga_phase5_v12_hardware_unknown_r01_20260929_184546_956.tar.xz::phase5_v12_hardware_unknown_r01_20260929_184546_956,115,3.8333333333333335,,,1,328.5,427.0,0.0368189632258553,1.0940076722925733,1.0946270703248853,0.044970197356556246,1.0940076722925733,1.0949315529681762,3842.5,14,59,74,0.7972972972972973,0.880096197892808,0.9594257178526842,True,True,accepted,0.04547912999987602,1.0969566106796265,-0.0005089342594146729,-0.0029488801956176758,0.0012555682333186269,0.0,0.0012555682333186269,0.007132155820727348,1,0,0.04533500224351883,1.0961215496063232,1.0970586647667422,0.001441356260329485,-0.001819371827878058,0.0
phase5_v12_hardware_unknown_r01_20260929_184546_956,/home/robo25/Downloads/rokuga_phase5_v12_hardware_unknown_r01_20260929_184546_956.tar.xz::phase5_v12_hardware_unknown_r01_20260929_184546_956,116,3.8666666666666667,,,1,328.5,427.0,0.0368189632258553,1.096938618794003,1.0975563627690024,0.044970197356556246,1.096938618794003,1.0978600329969128,3836.5,14,60,73,0.821917808219178,0.8759132420091325,0.9584061953534849,True,True,accepted,0.04538304731249809,1.096060872077942,-0.00041285157203674316,0.0008777379989624023,0.0012555682333186269,0.0,0.0012555682333186269,0.000749358267057687,1,0,0.045266129076480865,1.0963094234466553,1.0972435346720009,0.0008587920456193388,-0.0005808183923363686,0.0
phase5_v12_hardware_unknown_r01_20260929_184546_956,/home/robo25/Downloads/rokuga_phase5_v12_hardware_unknown_r01_20260929_184546_956.tar.xz::phase5_v12_hardware_unknown_r01_20260929_184546_956,117,3.9,,,1,328.5,427.0,0.0368189632258553,1.096938618794003,1.0975563627690024,0.044970197356556246,1.096938618794003,1.0978600329969128,3852.0,14,59,73,0.8082191780821918,0.8943580218249362,0.9675960813865863,True,True,accepted,0.04529475420713425,1.096290111541748,-0.00032455846667289734,0.00064849853515625,0.0012555682333186269,0.0,0.0012555682333186269,0.00041884504025802016,1,0,0.045202840119600296,1.0964738130569458,1.0974051756186118,0.0004008159739896655,0.0003342611307743937,0.0
phase5_v12_hardware_unknown_r01_20260929_184546_956,/home/robo25/Downloads/rokuga_phase5_v12_hardware_unknown_r01_20260929_184546_956.tar.xz::phase5_v12_hardware_unknown_r01_20260929_184546_956,118,3.933333333333333,,,1,328.5,427.0,0.0368189632258553,1.096938618794003,1.0975563627690024,0.044970197356556246,1.096938618794003,1.0978600329969128,3836.0,14,59,73,0.8082191780821918,0.890643139075923,0.9643036701860231,True,True,accepted,0.04521619901061058,1.096484899520874,-0.00024600327014923096,0.00045371055603027344,0.0012555682333186269,0.0,0.0012555682333186269,0.00021215164451859891,1,0,0.045146532356739044,1.0966134071350098,1.0975423336218484,5.368711572373286e-05,0.0009744803537614644,0.0
phase5_v12_hardware_unknown_r01_20260929_184546_956,/home/robo25/Downloads/rokuga_phase5_v12_hardware_unknown_r01_20260929_184546_956.tar.xz::phase5_v12_hardware_unknown_r01_20260929_184546_956,119,3.966666666666667,,,1,328.5,427.0,0.0368189632258553,1.096938618794003,1.0975563627690024,0.044970197356556246,1.096938618794003,1.0978600329969128,3853.0,14,60,73,0.821917808219178,0.8796803652968036,0.9624078930935431,True,True,accepted,0.045148320496082306,1.0966458320617676,-0.00017812475562095642,0.00029277801513671875,0.0012555682333186269,0.0,0.0012555682333186269,9.354122448712587e-05,1,0,0.04509787634015083,1.096728801727295,1.0976556304181107,-0.00019766011973842978,0.0013876118464395404,0.0
phase5_v12_hardware_unknown_r01_20260929_184546_956,/home/robo25/Downloads/rokuga_phase5_v12_hardware_unknown_r01_20260929_184546_956.tar.xz::phase5_v12_hardware_unknown_r01_20260929_184546_956,120,4.0,,,1,328.5,427.0,0.0368189632258553,1.096938618794003,1.0975563627690024,0.044970197356556246,1.096938618794003,1.0978600329969128,3840.0,14,59,73,0.8082191780821918,0.8915718597631762,0.9651878848812366,True,True,accepted,0.045091286301612854,1.0967750549316406,-0.00012109056115150452,0.00016355514526367188,0.0012555682333186269,0.0,0.0012555682333186269,3.298364026704803e-05,1,0,0.04505699500441551,1.0968214273452759,1.097746499098292,-0.00036852789344266057,0.001618400332517922,0.0
phase5_v12_hardware_unknown_r01_20260929_184546_956,/home/robo25/Downloads/rokuga_phase5_v12_hardware_unknown_r01_20260929_184546_956.tar.xz::phase5_v12_hardware_unknown_r01_20260929_184546_956,121,4.033333333333333,,,1,328.5,427.0,0.0368189632258553,1.096938618794003,1.0975563627690024,0.044970197356556246,1.096938618794003,1.0978600329969128,3836.5,14,59,73,0.8082191780821918,0.8907592291618296,0.9647931598139067,True,True,accepted,0.045044708997011185,1.0968754291534424,-7.45132565498352e-05,6.318092346191406e-05,0.0012555682333186269,0.0,0.0012555682333186269,7.601383003930096e-06,1,0,0.045023608952760696,1.096893310546875,1.0978169519940992,-0.00047367162187583745,0.0017075532814487815,0.0
phase5_v12_hardware_unknown_r01_20260929_184546_956,/home/robo25/Downloads/rokuga_phase5_v12_hardware_unknown_r01_20260929_184546_956.tar.xz::phase5_v12_hardware_unknown_r01_20260929_184546_956,122,4.066666666666666,,,1,328.5,427.0,0.0368189632258553,1.096938618794003,1.0975563627690024,0.044970197356556246,1.096938618794003,1.0978600329969128,3842.5,14,59,73,0.8082191780821918,0.8921523101927096,0.966788275254749,True,True,accepted,0.045007821172475815,1.0969501733779907,-3.762543201446533e-05,-1.1563301086425781e-05,0.0012555682333186269,0.0,0.0012555682333186269,1.2340094599494478e-06,1,0,0.044997166842222214,1.0969469547271729,1.0978694669718458,-0.000526763906236738,0.0016912366263568401,0.0
phase5_v12_hardware_unknown_r01_20260929_184546_956,/home/robo25/Downloads/rokuga_phase5_v12_hardware_unknown_r01_20260929_184546_956.tar.xz::phase5_v12_hardware_unknown_r01_20260929_184546_956,123,4.1,,,1,328.5,427.0,0.0368189632258553,1.096938618794003,1.0975563627690024,0.044970197356556246,1.096938618794003,1.0978600329969128,3852.0,14,59,73,0.8082191780821918,0.8943580218249362,0.9679607990953637,True,True,accepted,0.04497960954904556,1.0970033407211304,-9.413808584213257e-06,-6.473064422607422e-05,0.0012555682333186269,0.0,0.0012555682333186269,3.4077604595950106e-06,1,0,0.044976942241191864,1.0969849824905396,1.0979066340737436,-0.0005400474765338004,0.0015998969320207834,0.0
phase5_v12_hardware_unknown_r01_20260929_184546_956,/home/robo25/Downloads/rokuga_phase5_v12_hardware_unknown_r01_20260929_184546_956.tar.xz::phase5_v12_hardware_unknown_r01_20260929_184546_956,124,4.133333333333334,,,1,328.5,427.0,0.0368189632258553,1.096938618794003,1.0975563627690024,0.044970197356556246,1.096938618794003,1.0978600329969128,3836.5,14,60,73,0.821917808219178,0.8759132420091325,0.9597248280175109,True,True,accepted,0.044958941638469696,1.0970382690429688,1.1254101991653442e-05,-9.965896606445312e-05,0.0012555682333186269,0.0,0.0012555682333186269,8.011165846255608e-06,1,0,0.04496213048696518,1.0970100164413452,1.0979310403438676,-0.0005241670878604054,0.001459270715713501,0.0
phase5_v12_hardware_unknown_r01_20260929_184546_956,/home/robo25/Downloads/rokuga_phase5_v12_hardware_unknown_r01_20260929_184546_956.tar.xz::phase5_v12_hardware_unknown_r01_20260929_184546_956,125,4.166666666666667,,,1,328.5,427.0,0.0368189632258553,1.096938618794003,1.0975563627690024,0.044970197356556246,1.096938618794003,1.0978600329969128,3839.5,14,59,73,0.8082191780821918,0.8914557696772696,0.9670066742223902,True,True,accepted,0.04494465887546539,1.097058653831482,2.553686499595642e-05,-0.00012004375457763672,0.0012555682333186269,0.0,0.0012555682333186269,1.1996667126368266e-05,1,0,0.04495188966393471,1.09702467918396,1.097945271460754,-0.0004881326749455184,0.0012898800196126103,0.0
phase5_v12_hardware_unknown_r01_20260929_184546_956,/home/robo25/Downloads/rokuga_phase5_v12_hardware_unknown_r01_20260929_184546_956.tar.xz::phase5_v12_hardware_unknown_r01_20260929_184546_956,126,4.2,,,1,328.5,427.0,0.0368189632258553,1.092380299216027,1.0930006194729824,0.044970197356556246,1.092380299216027,1.0933055550785353,3851.5,14,60,74,0.8108108108108109,0.867454954954955,0.9564191705984604,True,True,accepted,0.044935617595911026,1.0970677137374878,3.4578144550323486e-05,-0.0046874284744262695,0.0012555682333186269,0.0,0.0012555682333186269,0.017500586807727814,1,0,0.04494541138410568,1.0957403182983398,1.0966617232077691,-0.000439340336015448,-0.005324429366737604,0.0
phase5_v12_hardware_unknown_r01_20260929_184546_956,/home/robo25/Downloads/rokuga_phase5_v12_hardware_unknown_r01_20260929_184546_956.tar.xz::phase5_v12_hardware_unknown_r01_20260929_184546_956,127,4.233333333333333,,,1,328.5,427.0,0.0368189632258553,1.092380299216027,1.0930006194729824,0.044970197356556246,1.092380299216027,1.0933055550785353,3838.0,14,60,74,0.8108108108108109,0.8644144144144145,0.9561534628799203,True,True,accepted,0.04493076726794243,1.0955628156661987,3.94284725189209e-05,-0.003182530403137207,0.0012555682333186269,0.0,0.0012555682333186269,0.008068102411925793,1,0,0.04494193196296692,1.0946615934371948,1.095583762838343,-0.00038370382389985025,-0.009815216064453125,0.0
phase5_v12_hardware_unknown_r01_20260929_184546_956,/home/robo25/Downloads/rokuga_phase5_v12_hardware_unknown_r01_20260929_184546_956.tar.xz::phase5_v12_hardware_unknown_r01_20260929_184546_956,128,4.266666666666667,,,1,328.5,427.0,0.0368189632258553,1.096938618794003,1.0975563627690024,0.044970197356556246,1.096938618794003,1.0978600329969128,3845.0,14,59,73,0.8082191780821918,0.8927327606222428,0.9658377292137654,True,True,accepted,0.0449291430413723,1.094334363937378,4.105269908905029e-05,0.002604246139526367,0.0012555682333186269,0.0,0.0012555682333186269,0.005402958951890469,1,0,0.0449407696723938,1.0950719118118286,1.0959936883111876,-0.0003257754142396152,-0.006140431854873896,0.0
phase5_v12_hardware_unknown_r01_20260929_184546_956,/home/robo25/Downloads/rokuga_phase5_v12_hardware_unknown_r01_20260929_184546_956.tar.xz::phase5_v12_hardware_unknown_r01_20260929_184546_956,129,4.3,,,1,328.5,427.0,0.0368189632258553,1.092380299216027,1.0930006194729824,0.044970197356556246,1.092380299216027,1.0933055550785353,3845.5,14,60,74,0.8108108108108109,0.8661036036036036,0.9568300572281662,True,True,accepted,0.04492991045117378,1.09486722946167,4.028528928756714e-05,-0.0024869441986083984,0.0012555682333186269,0.0,0.0012555682333186269,0.0049272626638412476,1,0,0.04494131729006767,1.094162940979004,1.0950855050687092,-0.00026892987079918385,-0.00964969489723444,0.0
phase5_v12_hardware_unknown_r01_20260929_184546_956,/home/robo25/Downloads/rokuga_phase5_v12_hardware_unknown_r01_20260929_184546_956.tar.xz::phase5_v12_hardware_unknown_r01_20260929_184546_956,130,4.333333333333333,,,1,328.5,427.0,0.0368189632258553,1.0955271841610892,1.0961457235645962,0.044970197356556246,1.0955271841610892,1.0964497844799883,3847.5,14,59,74,0.7972972972972973,0.8812414109024278,0.9619952494061758,True,True,accepted,0.04493235424160957,1.093841314315796,3.784149885177612e-05,0.0016858577728271484,0.0012555682333186269,0.0,0.0012555682333186269,0.002264750190079212,1,0,0.04494307190179825,1.0943187475204468,1.0952412523671164,-0.0002155327092623338,-0.007270824629813433,0.0
phase5_v12_hardware_unknown_r01_20260929_184546_956,/home/robo25/Downloads/rokuga_phase5_v12_hardware_unknown_r01_20260929_184546_956.tar.xz::phase5_v12_hardware_unknown_r01_20260929_184546_956,131,4.366666666666666,,,1,328.5,427.0,0.0368189632258553,1.092380299216027,1.0930006194729824,0.044970197356556246,1.092380299216027,1.0933055550785353,3841.0,14,59,74,0.7972972972972973,0.8797526339899221,0.959890041234537,True,True,accepted,0.044935885816812515,1.09407639503479,3.430992364883423e-05,-0.0016961097717285156,0.0012555682333186269,0.0,0.0012555682333186269,0.0022921618074178696,1,0,0.044945601373910904,1.09359610080719,1.0945193185976902,-0.00016711886564735323,-0.009664161130785942,0.0
phase5_v12_hardware_unknown_r01_20260929_184546_956,/home/robo25/Downloads/rokuga_phase5_v12_hardware_unknown_r01_20260929_184546_956.tar.xz::phase5_v12_hardware_unknown_r01_20260929_184546_956,132,4.4,,,1,319.5,427.5,-0.024177131647027447,1.0910461084262173,1.0913139531806009,0.007903557202307081,1.0910461084262173,1.0910747348043777,3843.0,14,59,74,0.7972972972972973,0.88021071919377,0.96075,True,True,accepted,0.0449400320649147,1.0932739973068237,-0.0370364747941494,-0.0022279024124145508,0.0012555682333186269,0.0,0.0012555682333186269,1.0964469909667969,1,0,0.03445155918598175,1.0926430225372314,1.0931860247138372,-0.05242833122611046,-0.012807896360754967,0.0
phase5_v12_hardware_unknown_r01_20260929_184546_956,/home/robo25/Downloads/rokuga_phase5_v12_hardware_unknown_r01_20260929_184546_956.tar.xz::phase5_v12_hardware_unknown_r01_20260929_184546_956,133,4.433333333333334,,,1,328.5,427.0,0.0368189632258553,1.096938618794003,1.0975563627690024,0.044970197356556246,1.096938618794003,1.0978600329969128,3835.5,14,60,73,0.821917808219178,0.8756849315068493,0.9605559729526671,True,True,accepted,0.032703947275877,1.09221613407135,0.01226624846458435,0.004722476005554199,0.0012555682333186269,0.0,0.0012555682333186269,0.13759715855121613,1,0,0.03617766499519348,1.0935535430908203,1.0941518062184017,-0.03511974588036537,-0.00614413246512413,0.0
phase5_v12_hardware_unknown_r01_20260929_184546_956,/home/robo25/Downloads/rokuga_phase5_v12_hardware_unknown_r01_20260929_184546_956.tar.xz::phase5_v12_hardware_unknown_r01_20260929_184546_956,134,4.466666666666667,,,1,328.5,427.0,0.0368189632258553,1.092380299216027,1.0930006194729824,0.044970197356556246,1.092380299216027,1.0933055550785353,3833.0,14,59,74,0.7972972972972973,0.8779202931745305,0.9586094785544579,True,True,accepted,0.03500700742006302,1.093348741531372,0.00996318832039833,-0.0009684562683105469,0.0012555682333186269,0.0,0.0012555682333186269,0.07980691641569138,1,0,0.037828512489795685,1.0930744409561157,1.0937288191451826,-0.021060949191451073,-0.007510696072131395,0.0
phase5_v12_hardware_unknown_r01_20260929_184546_956,/home/robo25/Downloads/rokuga_phase5_v12_hardware_unknown_r01_20260929_184546_956.tar.xz::phase5_v12_hardware_unknown_r01_20260929_184546_956,135,4.5,,,1,328.5,427.0,0.0368189632258553,1.0955271841610892,1.0961457235645962,0.044970197356556246,1.0955271841610892,1.0964497844799883,3838.5,14,59,74,0.7972972972972973,0.8791800274851123,0.9604654072313275,True,True,accepted,0.03712648153305054,1.092824101448059,0.007843714207410812,0.002703070640563965,0.0012555682333186269,0.0,0.0012555682333186269,0.05482015386223793,1,0,0.03934776782989502,1.0935895442962646,1.0942971891708884,-0.009992886334657669,-0.0036964628379791975,0.0
phase5_v12_hardware_unknown_r01_20260929_184546_956,/home/robo25/Downloads/rokuga_phase5_v12_hardware_unknown_r01_20260929_184546_956.tar.xz::phase5_v12_hardware_unknown_r01_20260929_184546_956,136,4.533333333333333,,,1,319.5,427.5,-0.024177131647027447,1.0910461084262173,1.0913139531806009,0.007903557202307081,1.0910461084262173,1.0910747348043777,3866.0,14,60,74,0.8108108108108109,0.8707207207207207,0.9575232198142415,True,True,accepted,0.03901467099785805,1.0934662818908691,-0.031111113727092743,-0.002420186996459961,0.0012555682333186269,0.0,0.0012555682333186269,0.7755522131919861,1,0,0.03020421788096428,1.0927809476852417,1.0931982868636667,-0.05389297381043434,-0.007111526094377041,0.0
phase5_v12_hardware_unknown_r01_20260929_184546_956,/home/robo25/Downloads/rokuga_phase5_v12_hardware_unknown_r01_20260929_184546_956.tar.xz::phase5_v12_hardware_unknown_r01_20260929_184546_956,137,4.566666666666666,,,1,320.0,427.5,-0.020782793494480107,1.091039928141972,1.0912378518478332,0.009966258283819201,1.091039928141972,1.0910854462892534,3835.0,14,59,74,0.7972972972972973,0.8783783783783784,0.9604307538191835,True,True,accepted,0.028407786041498184,1.0925438404083252,-0.01844152808189392,-0.0015039443969726562,0.0012555682333186269,0.0,0.0012555682333186269,0.2726668417453766,1,0,0.02318527176976204,1.0921179056167603,1.0923639853985376,-0.07991533726453781,-0.009233702905476093,0.0
phase5_v12_hardware_unknown_r01_20260929_184546_956,/home/robo25/Downloads/rokuga_phase5_v12_hardware_unknown_r01_20260929_184546_956.tar.xz::phase5_v12_hardware_unknown_r01_20260929_184546_956,138,4.6,,,1,319.5,427.5,-0.024177131647027447,1.0910461084262173,1.0913139531806009,0.007903557202307081,1.0910461084262173,1.0910747348043777,3846.0,14,59,74,0.7972972972972973,0.8808978469995419,0.9601797528398452,True,True,accepted,0.02052142657339573,1.0918101072311401,-0.012617869302630424,-0.000764012336730957,0.0012555682333186269,0.0,0.0012555682333186269,0.12726855278015137,1,0,0.01694813370704651,1.0915937423706055,1.0917253031870315,-0.09772008657455444,-0.01031178142875433,0.0
phase5_v12_hardware_unknown_r01_20260929_184546_956,/home/robo25/Downloads/rokuga_phase5_v12_hardware_unknown_r01_20260929_184546_956.tar.xz::phase5_v12_hardware_unknown_r01_20260929_184546_956,139,4.633333333333334,,,1,328.5,427.0,0.0368189632258553,1.096938618794003,1.0975563627690024,0.044970197356556246,1.096938618794003,1.0978600329969128,3845.0,14,60,73,0.821917808219178,0.8778538812785388,0.9587333250218177,True,True,accepted,0.013690797612071037,1.0912500619888306,0.03127939999103546,0.0056885480880737305,0.0012555682333186269,0.0,0.0012555682333186269,0.8050222992897034,1,0,0.02254890836775303,1.0928610563278198,1.0930936564204072,-0.053582534193992615,-0.002284818096086383,0.0
phase5_v12_hardware_unknown_r01_20260929_184546_956,/home/robo25/Downloads/rokuga_phase5_v12_hardware_unknown_r01_20260929_184546_956.tar.xz::phase5_v12_hardware_unknown_r01_20260929_184546_956,140,4.666666666666667,,,1,328.5,427.0,0.0368189632258553,1.096938618794003,1.0975563627690024,0.044970197356556246,1.096938618794003,1.0978600329969128,3843.0,14,60,73,0.821917808219178,0.8773972602739726,0.9591913141145638,True,True,accepted,0.020762823522090912,1.0927848815917969,0.024207372218370438,0.004153728485107422,0.0012555682333186269,0.0,0.0012555682333186269,0.4804600179195404,1,0,0.027618184685707092,1.093961238861084,1.0943098081694285,-0.019424136728048325,0.0035764009226113558,0.0
phase5_v12_hardware_unknown_r01_20260929_184546_956,/home/robo25/Downloads/rokuga_phase5_v12_hardware_unknown_r01_20260929_184546_956.tar.xz::phase5_v12_hardware_unknown_r01_20260929_184546_956,141,4.7,,,1,328.5,427.0,0.0368189632258553,1.0940076722925733,1.0946270703248853,0.044970197356556246,1.0940076722925733,1.0949315529681762,3848.0,14,59,74,0.7972972972972973,0.8813559322033898,0.9594813614262561,True,True,accepted,0.026970714330673218,1.0940804481506348,0.01799948140978813,-7.271766662597656e-05,0.0012555682333186269,0.0,0.0012555682333186269,0.25803983211517334,1,0,0.03206804394721985,1.0940598249435425,1.0945296980886794,0.005974466446787119,0.00347379082813859,0.0
phase5_v12_hardware_unknown_r01_20260929_184546_956,/home/robo25/Downloads/rokuga_phase5_v12_hardware_unknown_r01_20260929_184546_956.tar.xz::phase5_v12_hardware_unknown_r01_20260929_184546_956,142,4.733333333333333,,,1,320.0,427.5,-0.020782793494480107,1.091039928141972,1.0912378518478332,0.009966258283819201,1.091039928141972,1.0910854462892534,3853.5,14,59,74,0.7972972972972973,0.8826156665139716,0.9606132369437866,True,True,accepted,0.032267194241285324,1.0941755771636963,-0.02230093628168106,-0.00313568115234375,0.0012555682333186269,0.0,0.0012555682333186269,0.4039320945739746,1,0,0.025951722636818886,1.0932875871658325,1.0935955560254926,-0.025493808090686798,-0.0009508877992630005,0.0
phase5_v12_hardware_unknown_r01_20260929_184546_956,/home/robo25/Downloads/rokuga_phase5_v12_hardware_unknown_r01_20260929_184546_956.tar.xz::phase5_v12_hardware_unknown_r01_20260929_184546_956,143,4.766666666666667,,,1,328.5,427.0,0.0368189632258553,1.093207455319658,1.0938273064883273,0.044970197356556246,1.093207455319658,1.0941320116954671,3849.0,14,59,74,0.7972972972972973,0.8815849748053138,0.9591328183403938,True,True,accepted,0.025101929903030396,1.093255877494812,0.019868265837430954,-4.839897155761719e-05,0.0012555682333186269,0.0,0.0012555682333186269,0.31439974904060364,1,0,0.03072848543524742,1.0932421684265137,1.0936739361633567,0.002541788388043642,-0.0010191823821514845,0.0
phase5_v12_hardware_unknown_r01_20260929_184546_956,/home/robo25/Downloads/rokuga_phase5_v12_hardware_unknown_r01_20260929_184546_956.tar.xz::phase5_v12_hardware_unknown_r01_20260929_184546_956,144,4.8,,,1,328.5,427.0,0.0368189632258553,1.096938618794003,1.0975563627690024,0.044970197356556246,1.096938618794003,1.0978600329969128,3837.5,14,59,73,0.8082191780821918,0.890991409333643,0.9635907093534212,True,True,accepted,0.03081321157515049,1.0932081937789917,0.01415698416531086,0.0037304162979125977,0.0012555682333186269,0.0,0.0012555682333186269,0.1707085371017456,1,0,0.03482237085700035,1.0942646265029907,1.0948185558930905,0.02251834236085415,0.0042447117157280445,0.0
phase5_v12_hardware_unknown_r01_20260929_184546_956,/home/robo25/Downloads/rokuga_phase5_v12_hardware_unknown_r01_20260929_184546_956.tar.xz::phase5_v12_hardware_unknown_r01_20260929_184546_956,145,4.833333333333333,,,1,328.5,427.0,0.0368189632258553,1.096938618794003,1.0975563627690024,0.044970197356556246,1.096938618794003,1.0978600329969128,3837.5,14,59,73,0.8082191780821918,0.890991409333643,0.9644383010806735,True,True,accepted,0.03557298332452774,1.0944061279296875,0.009397212415933609,0.002532482147216797,0.0012555682333186269,0.0,0.0012555682333186269,0.07544080168008804,1,0,0.03823420777916908,1.095123291015625,1.095790526135992,0.035778507590293884,0.007818232290446758,0.0
phase5_v12_hardware_unknown_r01_20260929_184546_956,/home/robo25/Downloads/rokuga_phase5_v12_hardware_unknown_r01_20260929_184546_956.tar.xz::phase5_v12_hardware_unknown_r01_20260929_184546_956,146,4.866666666666666,,,1,328.5,427.0,0.0368189632258553,1.096938618794003,1.0975563627690024,0.044970197356556246,1.096938618794003,1.0978600329969128,3839.5,14,59,73,0.8082191780821918,0.8914557696772696,0.9649409399346569,True,True,accepted,0.03942682594060898,1.095383882522583,0.005543369799852371,0.001554727554321289,0.0012555682333186269,0.0,0.0012555682333186269,0.02639930322766304,1,0,0.040996670722961426,1.095824122428894,1.0965907323643689,0.04360061511397362,0.01001206785440445,0.0
phase5_v12_hardware_unknown_r01_20260929_184546_956,/home/robo25/Downloads/rokuga_phase5_v12_hardware_unknown_r01_20260929_184546_956.tar.xz::phase5_v12_hardware_unknown_r01_20260929_184546_956,147,4.9,,,1,328.5,427.0,0.0368189632258553,1.092380299216027,1.0930006194729824,0.044970197356556246,1.092380299216027,1.0933055550785353,3849.0,14,59,74,0.7972972972972973,0.8815849748053138,0.9606888805690752,True,True,accepted,0.04245002567768097,1.0961579084396362,0.0025201700627803802,-0.003777623176574707,0.0012555682333186269,0.0,0.0012555682333186269,0.016424192115664482,1,0,0.0431637205183506,1.0950881242752075,1.0959384593569015,0.04715676233172417,0.004681561607867479,0.0
phase5_v12_hardware_unknown_r01_20260929_184546_956,/home/robo25/Downloads/rokuga_phase5_v12_hardware_unknown_r01_20260929_184546_956.tar.xz::phase5_v12_hardware_unknown_r01_20260929_184546_956,148,4.933333333333334,,,1,328.5,427.0,0.0368189632258553,1.096938618794003,1.0975563627690024,0.044970197356556246,1.096938618794003,1.0978600329969128,3837.0,14,59,73,0.8082191780821918,0.8908753192477362,0.9655259184700553,True,True,accepted,0.0447356142103672,1.0952441692352295,0.00023458153009414673,0.0016944408416748047,0.0012555682333186269,0.0,0.0012555682333186269,0.0023305451031774282,1,0,0.044802047312259674,1.0957239866256714,1.0966395389143255,0.047487773001194,0.0070725432597100735,0.0
phase5_v12_hardware_unknown_r01_20260929_184546_956,/home/robo25/Downloads/rokuga_phase5_v12_hardware_unknown_r01_20260929_184546_956.tar.xz::phase5_v12_hardware_unknown_r01_20260929_184546_956,149,4.966666666666667,,,1,328.5,427.0,0.0368189632258553,1.096938618794003,1.0975563627690024,0.044970197356556246,1.096938618794003,1.0978600329969128,3840.5,14,59,73,0.8082191780821918,0.8916879498490828,0.9650709888176907,True,True,accepted,0.04638497158885002,1.0959597826004028,-0.0014147758483886719,0.0009788274765014648,0.0012555682333186269,0.0,0.0012555682333186269,0.0023572545032948256,1,0,0.04598431661725044,1.0962369441986084,1.0972009821362074,0.04549141973257065,0.008453741669654846,0.0
phase5_v12_hardware_unknown_r01_20260929_184546_956,/home/robo25/Downloads/rokuga_phase5_v12_hardware_unknown_r01_20260929_184546_956.tar.xz::phase5_v12_hardware_unknown_r01_20260929_184546_956,150,5.0,,,1,328.5,427.0,0.0368189632258553,1.096938618794003,1.0975563627690024,0.044970197356556246,1.096938618794003,1.0978600329969128,3841.0,14,59,73,0.8082191780821918,0.8918040399349896,0.9649541514885065,True,True,accepted,0.047500696033239365,1.0965187549591064,-0.002530500292778015,0.00041985511779785156,0.0012555682333186269,0.0,0.0012555682333186269,0.005240424070507288,1,0,0.04678407683968544,1.0966376066207886,1.0976350896817726,0.04192069545388222,0.009046188555657864,0.0
phase5_v12_hardware_unknown_r01_20260929_184546_956,/home/robo25/Downloads/rokuga_phase5_v12_hardware_unknown_r01_20260929_184546_956.tar.xz::phase5_v12_hardware_unknown_r01_20260929_184546_956,151,5.033333333333333,,,1,320.0,427.5,-0.020782793494480107,1.091039928141972,1.0912378518478332,0.009966258283819201,1.091039928141972,1.0910854462892534,3854.0,14,60,74,0.8108108108108109,0.868018018018018,0.9552608749535259,True,True,accepted,0.048181433230638504,1.0969390869140625,-0.03821517527103424,-0.005899190902709961,0.0012555682333186269,0.0,0.0012555682333186269,1.1908552646636963,1,0,0.03735915943980217,1.0952684879302979,1.095905455523956,-0.012003750540316105,0.0007219926919788122,0.0
phase5_v12_hardware_unknown_r01_20260929_184546_956,/home/robo25/Downloads/rokuga_phase5_v12_hardware_unknown_r01_20260929_184546_956.tar.xz::phase5_v12_hardware_unknown_r01_20260929_184546_956,152,5.066666666666666,,,1,328.5,427.0,0.0368189632258553,1.096938618794003,1.0975563627690024,0.044970197356556246,1.096938618794003,1.0978600329969128,3847.0,14,60,73,0.821917808219178,0.878310502283105,0.9591124407878334,True,True,accepted,0.03695903345942497,1.095292568206787,0.008011162281036377,0.0016460418701171875,0.0012555682333186269,0.0,0.0012555682333186269,0.05327323079109192,1,0,0.03922773897647858,1.0957586765289307,1.0964606206762013,-0.0006994064315222204,0.0030446797609329224,0.0
phase5_v12_hardware_unknown_r01_20260929_184546_956,/home/robo25/Downloads/rokuga_phase5_v12_hardware_unknown_r01_20260929_184546_956.tar.xz::phase5_v12_hardware_unknown_r01_20260929_184546_956,153,5.1,,,1,328.5,427.0,0.0368189632258553,1.0940076722925733,1.0946270703248853,0.044970197356556246,1.0940076722925733,1.0949315529681762,3848.0,14,59,74,0.7972972972972973,0.8813559322033898,0.96043928615999,True,True,accepted,0.0392044261097908,1.0958601236343384,0.0057657696306705475,-0.0018523931503295898,0.0012555682333186269,0.0,0.0012555682333186269,0.029210248962044716,1,0,0.04083725064992905,1.0953354835510254,1.0960964841502794,0.0074365222826600075,0.00043081564945168793,0.0
phase5_v12_hardware_unknown_r01_20260929_184546_956,/home/robo25/Downloads/rokuga_phase5_v12_hardware_unknown_r01_20260929_184546_956.tar.xz::phase5_v12_hardware_unknown_r01_20260929_184546_956,154,5.133333333333334,,,1,328.5,427.0,0.0368189632258553,1.096938618794003,1.0975563627690024,0.044970197356556246,1.096938618794003,1.0978600329969128,3843.5,14,60,73,0.821917808219178,0.8775114155251141,0.9576429550267846,True,True,accepted,0.041085135191679,1.0953497886657715,0.0038850605487823486,0.0015888214111328125,0.0012555682333186269,0.0,0.0012555682333186269,0.014031931757926941,1,0,0.042185358703136444,1.0957996845245361,1.096611395660735,0.012918630614876747,0.0026727605145424604,0.0
phase5_v12_hardware_unknown_r01_20260929_184546_956,/home/robo25/Downloads/rokuga_phase5_v12_hardware_unknown_r01_20260929_184546_956.tar.xz::phase5_v12_hardware_unknown_r01_20260929_184546_956,155,5.166666666666667,,,1,328.5,427.0,0.0368189632258553,1.092380299216027,1.0930006194729824,0.044970197356556246,1.092380299216027,1.0933055550785353,3851.5,14,59,74,0.7972972972972973,0.8821575813101237,0.961792982894244,True,True,accepted,0.04261597990989685,1.0958887338638306,0.002354215830564499,-0.003508448600769043,0.0012555682333186269,0.0,0.0012555682333186269,0.014217900112271309,1,0,0.04328267648816109,1.0948951244354248,1.0957503016638614,0.01624060422182083,-0.0022779207210987806,0.0
phase5_v12_hardware_unknown_r01_20260929_184546_956,/home/robo25/Downloads/rokuga_phase5_v12_hardware_unknown_r01_20260929_184546_956.tar.xz::phase5_v12_hardware_unknown_r01_20260929_184546_956,156,5.2,,,1,328.5,427.0,0.0368189632258553,1.096938618794003,1.0975563627690024,0.044970197356556246,1.096938618794003,1.0978600329969128,3836.5,14,59,73,0.8082191780821918,0.8907592291618296,0.9637025872896258,True,True,accepted,0.043824028223752975,1.094819188117981,0.001146167516708374,0.00211942195892334,0.0012555682333186269,0.0,0.0012555682333186269,0.004623922053724527,1,0,0.04414861649274826,1.0954194068908691,1.0963087053067522,0.017857931554317474,0.0007127408171072602,0.0
phase5_v12_hardware_unknown_r01_20260929_184546_956,/home/robo25/Downloads/rokuga_phase5_v12_hardware_unknown_r01_20260929_184546_956.tar.xz::phase5_v12_hardware_unknown_r01_20260929_184546_956,157,5.233333333333333,,,1,328.5,427.0,0.0368189632258553,1.096938618794003,1.0975563627690024,0.044970197356556246,1.096938618794003,1.0978600329969128,3852.0,14,60,73,0.821917808219178,0.8794520547945206,0.9586859133897462,True,True,accepted,0.04474388062953949,1.0954431295394897,0.00022631511092185974,0.0014954805374145508,0.0012555682333186269,0.0,0.0012555682333186269,0.0018220280762761831,1,0,0.04480797052383423,1.0958666801452637,1.0967823552898115,0.018177278339862823,0.0028229746967554092,0.0
phase5_v12_hardware_unknown_r01_20260929_184546_956,/home/robo25/Downloads/rokuga_phase5_v12_hardware_unknown_r01_20260929_184546_956.tar.xz::phase5_v12_hardware_unknown_r01_20260929_184546_956,158,5.266666666666667,,,1,328.5,427.0,0.0368189632258553,1.0955271841610892,1.0961457235645962,0.044970197356556246,1.0955271841610892,1.0964497844799883,3846.5,14,59,74,0.7972972972972973,0.8810123683005039,0.9576745923067347,True,True,accepted,0.04541388154029846,1.0959607362747192,-0.0004436857998371124,-0.0004335641860961914,0.0012555682333186269,0.0,0.0012555682333186269,0.00030650265398435295,1,0,0.04528823122382164,1.095837950706482,1.0967733759058724,0.017551204189658165,0.0022111835423856974,0.0
phase5_v12_hardware_unknown_r01_20260929_184546_956,/home/robo25/Downloads/rokuga_phase5_v12_hardware_unknown_r01_20260929_184546_956.tar.xz::phase5_v12_hardware_unknown_r01_20260929_184546_956,159,5.3,,,1,320.0,427.5,-0.020782793494480107,1.091039928141972,1.0912378518478332,0.009966258283819201,1.091039928141972,1.0910854462892534,3847.0,14,60,74,0.8108108108108109,0.8664414414414414,0.9536440257808627,True,True,accepted,0.04587327316403389,1.0959116220474243,-0.035907015204429626,-0.004871726036071777,0.0012555682333186269,0.0,0.0012555682333186269,1.0457794666290283,1,0,0.03570465371012688,1.0945320129394531,1.0951142176256554,-0.033116258680820465,-0.004663183353841305,0.0
phase5_v12_hardware_unknown_r01_20260929_184546_956,/home/robo25/Downloads/rokuga_phase5_v12_hardware_unknown_r01_20260929_184546_956.tar.xz::phase5_v12_hardware_unknown_r01_20260929_184546_956,160,5.333333333333333,,,1,328.5,427.0,0.0368189632258553,1.0955271841610892,1.0961457235645962,0.044970197356556246,1.0955271841610892,1.0964497844799883,3850.5,14,60,74,0.8108108108108109,0.8672297297297298,0.953802328461729,True,True,accepted,0.03460077941417694,1.094376564025879,0.010369416326284409,0.0011506080627441406,0.0012555682333186269,0.0,0.0012555682333186269,0.08669278025627136,1,0,0.03753732517361641,1.0947023630142212,1.095345751062243,-0.018484244123101234,-0.0030395900830626488,0.0
phase5_v12_hardware_unknown_r01_20260929_184546_956,/home/robo25/Downloads/rokuga_phase5_v12_hardware_unknown_r01_20260929_184546_956.tar.xz::phase5_v12_hardware_unknown_r01_20260929_184546_956,161,5.366666666666666,,,1,328.5,427.0,0.0368189632258553,1.096938618794003,1.0975563627690024,0.044970197356556246,1.096938618794003,1.0978600329969128,3839.0,14,60,73,0.821917808219178,0.8764840182648402,0.9591505309181761,True,True,accepted,0.0369211845099926,1.094601035118103,0.00804901123046875,0.0023375749588012695,0.0012555682333186269,0.0,0.0012555682333186269,0.055951427668333054,1,0,0.03920060768723488,1.0952630043029785,1.0959642951473532,-0.007126492448151112,0.00025890153483487666,0.0
phase5_v12_hardware_unknown_r01_20260929_184546_956,/home/robo25/Downloads/rokuga_phase5_v12_hardware_unknown_r01_20260929_184546_956.tar.xz::phase5_v12_hardware_unknown_r01_20260929_184546_956,162,5.4,,,1,328.5,427.0,0.0368189632258553,1.096938618794003,1.0975563627690024,0.044970197356556246,1.096938618794003,1.0978600329969128,3846.5,14,59,73,0.8082191780821918,0.8930810308799628,0.963431433938635,True,True,accepted,0.03896305710077286,1.0952715873718262,0.006007138639688492,0.001667022705078125,0.0012555682333186269,0.0,0.0012555682333186269,0.03095385804772377,1,0,0.04066423699259758,1.0957436561584473,1.0964979435373656,0.0013500256463885307,0.002611194271594286,0.0
phase5_v12_hardware_unknown_r01_20260929_184546_956,/home/robo25/Downloads/rokuga_phase5_v12_hardware_unknown_r01_20260929_184546_956.tar.xz::phase5_v12_hardware_unknown_r01_20260929_184546_956,163,5.433333333333334,,,1,319.5,427.5,-0.024177131647027447,1.0910461084262173,1.0913139531806009,0.007903557202307081,1.0910461084262173,1.0910747348043777,3860.5,14,59,74,0.7972972972972973,0.8842189647274393,0.960084556080577,True,True,accepted,0.040709238499403,1.0958306789398193,-0.032805681228637695,-0.004784584045410156,0.0012555682333186269,0.0,0.0012555682333186269,0.875384509563446,1,0,0.031418897211551666,1.0944757461547852,1.094926621296178,-0.04494122415781021,-0.004140208475291729,0.0
phase5_v12_hardware_unknown_r01_20260929_184546_956,/home/robo25/Downloads/rokuga_phase5_v12_hardware_unknown_r01_20260929_184546_956.tar.xz::phase5_v12_hardware_unknown_r01_20260929_184546_956,164,5.466666666666667,,,1,328.5,427.0,0.0368189632258553,1.0955271841610892,1.0961457235645962,0.044970197356556246,1.0955271841610892,1.0964497844799883,3843.5,14,59,74,0.7972972972972973,0.880325240494732,0.9583593068195986,True,True,accepted,0.029920855537056923,1.0943377017974854,0.015049340203404427,0.0011894702911376953,0.0012555682333186269,0.0,0.0012555682333186269,0.18150943517684937,1,0,0.034182723611593246,1.0946745872497559,1.0952081585543134,-0.023705489933490753,-0.0024617777671664953,0.0
phase5_v12_hardware_unknown_r01_20260929_184546_956,/home/robo25/Downloads/rokuga_phase5_v12_hardware_unknown_r01_20260929_184546_956.tar.xz::phase5_v12_hardware_unknown_r01_20260929_184546_956,165,5.5,,,1,320.0,427.5,-0.020782793494480107,1.091039928141972,1.0912378518478332,0.009966258283819201,1.091039928141972,1.0910854462892534,3856.0,14,59,74,0.7972972972972973,0.8831882730187814,0.9603985056039851,True,True,accepted,0.033392541110515594,1.094592571258545,-0.02342628315091133,-0.003552675247192383,0.0012555682333186269,0.0,0.0012555682333186269,0.4471379816532135,1,0,0.026758378371596336,1.0935864448547363,1.0939137640523127,-0.056761711835861206,-0.007474866230040789,0.0
phase5_v12_hardware_unknown_r01_20260929_184546_956,/home/robo25/Downloads/rokuga_phase5_v12_hardware_unknown_r01_20260929_184546_956.tar.xz::phase5_v12_hardware_unknown_r01_20260929_184546_956,166,5.533333333333333,,,1,328.5,427.0,0.0368189632258553,1.0955271841610892,1.0961457235645962,0.044970197356556246,1.0955271841610892,1.0964497844799883,3846.0,14,59,74,0.7972972972972973,0.8808978469995419,0.9597005614472863,True,True,accepted,0.024866322055459023,1.0933372974395752,0.020103873685002327,0.0021898746490478516,0.0012555682333186269,0.0,0.0012555682333186269,0.32571810483932495,1,0,0.0305596012622118,1.0939574241638184,1.0943841807667185,-0.028393656015396118,-0.004384790547192097,0.0
phase5_v12_hardware_unknown_r01_20260929_184546_956,/home/robo25/Downloads/rokuga_phase5_v12_hardware_unknown_r01_20260929_184546_956.tar.xz::phase5_v12_hardware_unknown_r01_20260929_184546_956,167,5.566666666666666,,,1,320.0,427.5,-0.020782793494480107,1.091039928141972,1.0912378518478332,0.009966258283819201,1.091039928141972,1.0910854462892534,3855.5,14,59,74,0.7972972972972973,0.8830737517178195,0.9581262425447317,True,True,accepted,0.02961314655840397,1.093811273574829,-0.019646888598799706,-0.0027713775634765625,0.0012555682333186269,0.0,0.0012555682333186269,0.31354787945747375,1,0,0.02404928393661976,1.0930263996124268,1.093290939461024,-0.056116871535778046,-0.008295409381389618,0.0
phase5_v12_hardware_unknown_r01_20260929_184546_956,/home/robo25/Downloads/rokuga_phase5_v12_hardware_unknown_r01_20260929_184546_956.tar.xz::phase5_v12_hardware_unknown_r01_20260929_184546_956,168,5.6,,,1,328.5,427.0,0.0368189632258553,1.096938618794003,1.0975563627690024,0.044970197356556246,1.096938618794003,1.0978600329969128,3840.5,14,59,73,0.8082191780821918,0.8916879498490828,0.962893318290084,True,True,accepted,0.02217872068285942,1.092749834060669,0.02279147505760193,0.0041887760162353516,0.0012555682333186269,0.0,0.0012555682333186269,0.42769256234169006,1,0,0.028633110225200653,1.0939360857009888,1.094310748644995,-0.023956410586833954,-0.0023847357369959354,0.0
phase5_v12_hardware_unknown_r01_20260929_184546_956,/home/robo25/Downloads/rokuga_phase5_v12_hardware_unknown_r01_20260929_184546_956.tar.xz::phase5_v12_hardware_unknown_r01_20260929_184546_956,169,5.633333333333334,,,1,328.5,427.0,0.0368189632258553,1.092380299216027,1.0930006194729824,0.044970197356556246,1.092380299216027,1.0933055550785353,3856.5,14,59,74,0.7972972972972973,0.8833027943197435,0.9601643221710444,True,True,accepted,0.027834562584757805,1.0938565731048584,0.017135633155703545,-0.001476287841796875,0.0012555682333186269,0.0,0.0012555682333186269,0.23559798300266266,1,0,0.03268725425004959,1.0934385061264038,1.0939269734631965,0.00022323860321193933,-0.0044678873382508755,0.0
phase5_v12_hardware_unknown_r01_20260929_184546_956,/home/robo25/Downloads/rokuga_phase5_v12_hardware_unknown_r01_20260929_184546_956.tar.xz::phase5_v12_hardware_unknown_r01_20260929_184546_956,170,5.666666666666667,,,1,328.5,427.0,0.0368189632258553,1.096938618794003,1.0975563627690024,0.044970197356556246,1.096938618794003,1.0978600329969128,3847.0,14,59,73,0.8082191780821918,0.8931971209658696,0.9640395940358351,True,True,accepted,0.03269469738006592,1.0932896137237549,0.012275498360395432,0.003648996353149414,0.0012555682333186269,0.0,0.0012555682333186269,0.1306205689907074,1,0,0.03617103397846222,1.0943230390548706,1.0949206626533992,0.017544876784086227,0.0006811171188019216,0.0
phase5_v12_hardware_unknown_r01_20260929_184546_956,/home/robo25/Downloads/rokuga_phase5_v12_hardware_unknown_r01_20260929_184546_956.tar.xz::phase5_v12_hardware_unknown_r01_20260929_184546_956,171,5.7,,,1,328.5,427.0,0.0368189632258553,1.0955271841610892,1.0961457235645962,0.044970197356556246,1.0955271841610892,1.0964497844799883,3846.0,14,59,74,0.7972972972972973,0.8808978469995419,0.9573117610454263,True,True,accepted,0.03675586357712746,1.0943456888198853,0.008214332163333893,0.001181483268737793,0.0012555682333186269,0.0,0.0012555682333186269,0.054852575063705444,1,0,0.039082106202840805,1.0946803092956543,1.0953777387663488,0.02913590893149376,0.0023482777178287506,0.0
phase5_v12_hardware_unknown_r01_20260929_184546_956,/home/robo25/Downloads/rokuga_phase5_v12_hardware_unknown_r01_20260929_184546_956.tar.xz::phase5_v12_hardware_unknown_r01_20260929_184546_956,172,5.733333333333333,,,1,328.5,427.0,0.0368189632258553,1.096938618794003,1.0975563627690024,0.044970197356556246,1.096938618794003,1.0978600329969128,3837.5,14,59,73,0.8082191780821918,0.890991409333643,0.9621411558229911,True,True,accepted,0.04005330428481102,1.0947586297988892,0.00491689145565033,0.0021799802780151367,0.0012555682333186269,0.0,0.0012555682333186269,0.02303987555205822,1,0,0.04144573584198952,1.0953760147094727,1.096159825308468,0.03607400879263878,0.005424391478300095,0.0
phase5_v12_hardware_unknown_r01_20260929_184546_956,/home/robo25/Downloads/rokuga_phase5_v12_hardware_unknown_r01_20260929_184546_956.tar.xz::phase5_v12_hardware_unknown_r01_20260929_184546_956,173,5.766666666666667,,,1,328.5,427.0,0.0368189632258553,1.096938618794003,1.0975563627690024,0.044970197356556246,1.096938618794003,1.0978600329969128,3845.0,14,59,73,0.8082191780821918,0.8927327606222428,0.9631763527054108,True,True,accepted,0.042648203670978546,1.0955568552017212,0.0023219920694828033,0.0013817548751831055,0.0012555682333186269,0.0,0.0012555682333186269,0.005814812611788511,1,0,0.04330577701330185,1.0959481000900269,1.0968033681629836,0.039350513368844986,0.007374150212854147,0.0
phase5_v12_hardware_unknown_r01_20260929_184546_956,/home/robo25/Downloads/rokuga_phase5_v12_hardware_unknown_r01_20260929_184546_956.tar.xz::phase5_v12_hardware_unknown_r01_20260929_184546_956,174,5.8,,,1,328.5,427.0,0.0368189632258553,1.096938618794003,1.0975563627690024,0.044970197356556246,1.096938618794003,1.0978600329969128,3846.0,14,59,73,0.8082191780821918,0.8929649407940562,0.9643931795386158,True,True,accepted,0.044617459177970886,1.0961939096450806,0.00035273656249046326,0.0007447004318237305,0.0012555682333186269,0.0,0.0012555682333186269,0.0005407924763858318,1,0,0.04471735283732414,1.096404790878296,1.097316320440764,0.03984824940562248,0.008424977771937847,0.0
phase5_v12_hardware_unknown_r01_20260929_184546_956,/home/robo25/Downloads/rokuga_phase5_v12_hardware_unknown_r01_20260929_184546_956.tar.xz::phase5_v12_hardware_unknown_r01_20260929_184546_956,175,5.833333333333333,,,1,328.5,427.0,0.0368189632258553,1.0955271841610892,1.0961457235645962,0.044970197356556246,1.0955271841610892,1.0964497844799883,3850.0,14,60,74,0.8108108108108109,0.8671171171171171,0.9530882534967199,True,True,accepted,0.04604562744498253,1.0966856479644775,-0.0010754317045211792,-0.0011584758758544922,0.0012555682333186269,0.0,0.0012555682333186269,0.001990030985325575,1,0,0.04574107378721237,1.0963575839996338,1.0973113495379154,0.03833073377609253,0.0067902822047472,0.0
phase5_v12_hardware_unknown_r01_20260929_184546_956,/home/robo25/Downloads/rokuga_phase5_v12_hardware_unknown_r01_20260929_184546_956.tar.xz::phase5_v12_hardware_unknown_r01_20260929_184546_956,176,5.866666666666666,,,1,328.5,427.0,0.0368189632258553,1.092380299216027,1.0930006194729824,0.044970197356556246,1.092380299216027,1.0933055550785353,3862.0,14,59,74,0.7972972972972973,0.8845625286303253,0.9593839274624271,True,True,accepted,0.04701876640319824,1.0965839624404907,-0.0020485706627368927,-0.004203677177429199,0.0012555682333186269,0.0,0.0012555682333186269,0.01741645112633705,1,0,0.04643862694501877,1.0953935384750366,1.096377467027392,0.035440050065517426,0.000858581974171102,0.0
phase5_v12_hardware_unknown_r01_20260929_184546_956,/home/robo25/Downloads/rokuga_phase5_v12_hardware_unknown_r01_20260929_184546_956.tar.xz::phase5_v12_hardware_unknown_r01_20260929_184546_956,177,5.9,,,1,328.5,427.0,0.0368189632258553,1.096938618794003,1.0975563627690024,0.044970197356556246,1.096938618794003,1.0978600329969128,3849.5,14,59,73,0.8082191780821918,0.8937775713954028,0.963820731096645,True,True,accepted,0.04761996120214462,1.0954221487045288,-0.0026497654616832733,0.0015164613723754883,0.0012555682333186269,0.0,0.0012555682333186269,0.007423660717904568,1,0,0.046869564801454544,1.0958515405654907,1.0968533881355507,0.03170103579759598,0.002998421434313059,0.0
phase5_v12_hardware_unknown_r01_20260929_184546_956,/home/robo25/Downloads/rokuga_phase5_v12_hardware_unknown_r01_20260929_184546_956.tar.xz::phase5_v12_hardware_unknown_r01_20260929_184546_956,178,5.933333333333334,,,1,319.5,427.5,-0.024177131647027447,1.0910461084262173,1.0913139531806009,0.007903557202307081,1.0910461084262173,1.0910747348043777,3840.0,14,59,74,0.7972972972972973,0.8795235913879982,0.9562943593574897,True,True,accepted,0.04792626574635506,1.0959514379501343,-0.04002270847558975,-0.004905343055725098,0.0012555682333186269,0.0,0.0012555682333186269,1.2949352264404297,1,0,0.036592110991477966,1.094562292098999,1.0951737733674174,-0.0247739739716053,-0.003923381213098764,0.0
phase5_v12_hardware_unknown_r01_20260929_184546_956,/home/robo25/Downloads/rokuga_phase5_v12_hardware_unknown_r01_20260929_184546_956.tar.xz::phase5_v12_hardware_unknown_r01_20260929_184546_956,179,5.966666666666667,,,1,328.5,427.0,0.0368189632258553,1.096938618794003,1.0975563627690024,0.044970197356556246,1.096938618794003,1.0978600329969128,3853.5,14,59,74,0.7972972972972973,0.8826156665139716,0.9584628777515234,True,True,accepted,0.03576631098985672,1.0944315195083618,0.00920388475060463,0.0025070905685424805,0.0012555682333186269,0.0,0.0012555682333186269,0.07247475534677505,1,0,0.038372788578271866,1.0951415300369263,1.0958135980698964,-0.011786609888076782,-0.00038569048047065735,0.0
phase5_v12_hardware_unknown_r01_20260929_184546_956,/home/robo25/Downloads/rokuga_phase5_v12_hardware_unknown_r01_20260929_184546_956.tar.xz::phase5_v12_hardware_unknown_r01_20260929_184546_956,180,6.0,,,1,328.5,427.0,0.0368189632258553,1.096938618794003,1.0975563627690024,0.044970197356556246,1.096938618794003,1.0978600329969128,3846.5,14,60,73,0.821917808219178,0.8781963470319635,0.9587487537387837,True,True,accepted,0.03797990083694458,1.0951286554336548,0.006990294903516769,0.0018099546432495117,0.0012555682333186269,0.0,0.0012555682333186269,0.04152714088559151,1,0,0.03995950520038605,1.0956412553787231,1.0963697015805043,-0.0019227854209020734,0.002168289851397276,0.0
phase5_v12_hardware_unknown_r01_20260929_184546_956,/home/robo25/Downloads/rokuga_phase5_v12_hardware_unknown_r01_20260929_184546_956.tar.xz::phase5_v12_hardware_unknown_r01_20260929_184546_956,181,6.033333333333333,,,1,328.5,427.0,0.0368189632258553,1.096938618794003,1.0975563627690024,0.044970197356556246,1.096938618794003,1.0978600329969128,3842.5,14,59,73,0.8082191780821918,0.8921523101927096,0.9627912803808569,True,True,accepted,0.03989541158080101,1.095713496208191,0.005074784159660339,0.001225113868713379,0.0012555682333186269,0.0,0.0012555682333186269,0.021706778556108475,1,0,0.04133255407214165,1.0960603952407837,1.0968394458814423,0.005238111596554518,0.003897016402333975,0.0
phase5_v12_hardware_unknown_r01_20260929_184546_956,/home/robo25/Downloads/rokuga_phase5_v12_hardware_unknown_r01_20260929_184546_956.tar.xz::phase5_v12_hardware_unknown_r01_20260929_184546_956,182,6.066666666666666,,,1,328.5,427.0,0.0368189632258553,1.0940076722925733,1.0946270703248853,0.044970197356556246,1.0940076722925733,1.0949315529681762,3847.5,14,59,74,0.7972972972972973,0.8812414109024278,0.9581621217781098,True,True,accepted,0.04150715842843056,1.096190333366394,0.0034630373120307922,-0.002182602882385254,0.0012555682333186269,0.0,0.0012555682333186269,0.013345656916499138,1,0,0.042487867176532745,1.0955722332000732,1.0963957939613806,0.010124714113771915,0.0008172018569894135,0.0
phase5_v12_hardware_unknown_r01_20260929_184546_956,/home/robo25/Downloads/rokuga_phase5_v12_hardware_unknown_r01_20260929_184546_956.tar.xz::phase5_v12_hardware_unknown_r01_20260929_184546_956,183,6.1,,,1,328.5,427.0,0.0368189632258553,1.096938618794003,1.0975563627690024,0.044970197356556246,1.096938618794003,1.0978600329969128,3843.0,14,59,73,0.8082191780821918,0.8922684002786162,0.9647295092255554,True,True,accepted,0.042825356125831604,1.0955995321273804,0.0021448396146297455,0.0013390779495239258,0.0012555682333186269,0.0,0.0012555682333186269,0.0050920904614031315,1,0,0.04343276098370552,1.0959787368774414,1.096839002048222,0.013151241466403008,0.00270674005150795,0.0
phase5_v12_hardware_unknown_r01_20260929_184546_956,/home/robo25/Downloads/rokuga_phase5_v12_hardware_unknown_r01_20260929_184546_956.tar.xz::phase5_v12_hardware_unknown_r01_20260929_184546_956,184,6.133333333333334,,,1,328.5,427.0,0.0368189632258553,1.0955271841610892,1.0961457235645962,0.044970197356556246,1.0955271841610892,1.0964497844799883,3851.0,14,59,74,0.7972972972972973,0.8820430600091617,0.9585563161169882,True,True,accepted,0.043871134519577026,1.0960689783096313,0.0010990612208843231,-0.0005418062210083008,0.0012555682333186269,0.0,0.0012555682333186269,0.0011958645191043615,1,0,0.04418238252401352,1.0959155559539795,1.0968058117585895,0.014702098444104195,0.0019422112964093685,0.0
phase5_v12_hardware_unknown_r01_20260929_184546_956,/home/robo25/Downloads/rokuga_phase5_v12_hardware_unknown_r01_20260929_184546_956.tar.xz::phase5_v12_hardware_unknown_r01_20260929_184546_956,185,6.166666666666667,,,1,319.5,427.5,-0.024177131647027447,1.0910461084262173,1.0913139531806009,0.007903557202307081,1.0910461084262173,1.0910747348043777,3853.0,14,60,74,0.8108108108108109,0.8677927927927928,0.9522985664854177,True,True,accepted,0.04467245191335678,1.0959802865982056,-0.036768894642591476,-0.004934191703796387,0.0012555682333186269,0.0,0.0012555682333186269,1.0961552858352661,1,0,0.03425975516438484,1.0945829153060913,1.0951189384281077,-0.037181537598371506,-0.00502029899507761,0.0
phase5_v12_hardware_unknown_r01_20260929_184546_956,/home/robo25/Downloads/rokuga_phase5_v12_hardware_unknown_r01_20260929_184546_956.tar.xz::phase5_v12_hardware_unknown_r01_20260929_184546_956,186,6.2,,,1,328.5,427.0,0.0368189632258553,1.096938618794003,1.0975563627690024,0.044970197356556246,1.096938618794003,1.0978600329969128,3839.5,14,59,73,0.8082191780821918,0.8914557696772696,0.9627632898696088,True,True,accepted,0.033020369708538055,1.094415545463562,0.011949826031923294,0.002523064613342285,0.0012555682333186269,0.0,0.0012555682333186269,0.11880214512348175,1,0,0.036404479295015335,1.0951300859451294,1.095735000469971,-0.020319446921348572,-0.0014600676950067282,0.0
phase5_v12_hardware_unknown_r01_20260929_184546_956,/home/robo25/Downloads/rokuga_phase5_v12_hardware_unknown_r01_20260929_184546_956.tar.xz::phase5_v12_hardware_unknown_r01_20260929_184546_956,187,6.233333333333333,,,1,328.5,427.0,0.0368189632258553,1.096938618794003,1.0975563627690024,0.044970197356556246,1.096938618794003,1.0978600329969128,3847.5,14,59,73,0.8082191780821918,0.8933132110517762,0.9641648916175918,True,True,accepted,0.03572716563940048,1.0950814485549927,0.009243030101060867,0.001857161521911621,0.0012555682333186269,0.0,0.0012555682333186269,0.07079077512025833,1,0,0.03834472969174385,1.0956073999404907,1.096278200594856,-0.007276846095919609,0.001160524901933968,0.0
phase5_v12_hardware_unknown_r01_20260929_184546_956,/home/robo25/Downloads/rokuga_phase5_v12_hardware_unknown_r01_20260929_184546_956.tar.xz::phase5_v12_hardware_unknown_r01_20260929_184546_956,188,6.266666666666667,,,1,328.5,427.0,0.0368189632258553,1.096938618794003,1.0975563627690024,0.044970197356556246,1.096938618794003,1.0978600329969128,3839.5,14,59,73,0.8082191780821918,0.8914557696772696,0.963367206122193,True,True,accepted,0.0381021685898304,1.0956461429595947,0.006868027150630951,0.0012924671173095703,0.0012555682333186269,0.0,0.0012555682333186269,0.03889893740415573,1,0,0.04004714637994766,1.0960121154785156,1.096743512043207,0.0024144495837390423,0.00298429187387228,0.0
phase5_v12_hardware_unknown_r01_20260929_184546_956,/home/robo25/Downloads/rokuga_phase5_v12_hardware_unknown_r01_20260929_184546_956.tar.xz::phase5_v12_hardware_unknown_r01_20260929_184546_956,189,6.3,,,1,328.5,427.0,0.0368189632258553,1.096938618794003,1.0975563627690024,0.044970197356556246,1.096938618794003,1.0978600329969128,3842.0,14,59,73,0.8082191780821918,0.8920362201068028,0.9639944799899636,True,True,accepted,0.040127627551555634,1.096111536026001,0.004842568188905716,0.0008270740509033203,0.0012555682333186269,0.0,0.0012555682333186269,0.019221989437937737,1,0,0.04149901121854782,1.0963457822799683,1.09713091390918,0.009247672744095325,0.004151354543864727,0.0
phase5_v12_hardware_unknown_r01_20260929_184546_956,/home/robo25/Downloads/rokuga_phase5_v12_hardware_unknown_r01_20260929_184546_956.tar.xz::phase5_v12_hardware_unknown_r01_20260929_184546_956,190,6.333333333333333,,,1,328.5,427.0,0.0368189632258553,1.096938618794003,1.0975563627690024,0.044970197356556246,1.096938618794003,1.0978600329969128,3829.5,14,59,73,0.8082191780821918,0.8891339679591362,0.9646095717884131,True,True,accepted,0.04180726781487465,1.0964841842651367,0.0031629279255867004,0.0004544258117675781,0.0012555682333186269,0.0,0.0012555682333186269,0.0081322668120265,1,0,0.04270298779010773,1.0966129302978516,1.0974440596507153,0.01371079869568348,0.004792583175003529,0.0
phase5_v12_hardware_unknown_r01_20260929_184546_956,/home/robo25/Downloads/rokuga_phase5_v12_hardware_unknown_r01_20260929_184546_956.tar.xz::phase5_v12_hardware_unknown_r01_20260929_184546_956,191,6.366666666666666,,,1,328.5,427.0,0.0368189632258553,1.0955271841610892,1.0961457235645962,0.044970197356556246,1.0955271841610892,1.0964497844799883,3852.5,14,59,74,0.7972972972972973,0.8823866239120477,0.957261771648652,True,True,accepted,0.04316001385450363,1.0967726707458496,0.001810181885957718,-0.0012454986572265625,0.0012555682333186269,0.0,0.0012555682333186269,0.0038452912122011185,1,0,0.04367264360189438,1.0964199304580688,1.0972893709978488,0.016265099868178368,0.0030350922606885433,0.0
phase5_v12_hardware_unknown_r01_20260929_184546_956,/home/robo25/Downloads/rokuga_phase5_v12_hardware_unknown_r01_20260929_184546_956.tar.xz::phase5_v12_hardware_unknown_r01_20260929_184546_956,192,6.4,,,1,328.5,427.0,0.0368189632258553,1.096938618794003,1.0975563627690024,0.044970197356556246,1.096938618794003,1.0978600329969128,3845.0,14,59,73,0.8082191780821918,0.8927327606222428,0.9641424272818455,True,True,accepted,0.04421481490135193,1.0965211391448975,0.0007553808391094208,0.00041747093200683594,0.0012555682333186269,0.0,0.0012555682333186269,0.0005932630156166852,1,0,0.04442873224616051,1.0966393947601318,1.09753900813997,0.017330998554825783,0.0036241747438907623,0.0
phase5_v12_hardware_unknown_r01_20260929_184546_956,/home/robo25/Downloads/rokuga_phase5_v12_hardware_unknown_r01_20260929_184546_956.tar.xz::phase5_v12_hardware_unknown_r01_20260929_184546_956,193,6.433333333333334,,,1,328.5,427.0,0.0368189632258553,1.0955271841610892,1.0961457235645962,0.044970197356556246,1.0955271841610892,1.0964497844799883,3840.5,14,59,74,0.7972972972972973,0.8796381126889602,0.9585673280918507,True,True,accepted,0.04500643163919449,1.0967601537704468,-3.623589873313904e-05,-0.0012329816818237305,0.0012555682333186269,0.0,0.0012555682333186269,0.0012118471786379814,1,0,0.044996168464422226,1.0964109897613525,1.0973339116449228,0.017279867082834244,0.001884346129372716,0.0
phase5_v12_hardware_unknown_r01_20260929_184546_956,/home/robo25/Downloads/rokuga_phase5_v12_hardware_unknown_r01_20260929_184546_956.tar.xz::phase5_v12_hardware_unknown_r01_20260929_184546_956,194,6.466666666666667,,,1,328.5,427.0,0.0368189632258553,1.0955271841610892,1.0961457235645962,0.044970197356556246,1.0955271841610892,1.0964497844799883,3842.5,14,59,74,0.7972972972972973,0.880096197892808,0.9593059543128198,True,True,accepted,0.04557216539978981,1.0964738130569458,-0.0006019696593284607,-0.0009466409683227539,0.0012555682333186269,0.0,0.0012555682333186269,0.0010023323120549321,1,0,0.045401692390441895,1.096205711364746,1.0971455123640643,0.0164304431527853,0.0005485655274242163,0.0
phase5_v12_hardware_unknown_r01_20260929_184546_956,/home/robo25/Downloads/rokuga_phase5_v12_hardware_unknown_r01_20260929_184546_956.tar.xz::phase5_v12_hardware_unknown_r01_20260929_184546_956,195,6.5,,,1,328.5,427.0,0.0368189632258553,1.0955271841610892,1.0961457235645962,0.044970197356556246,1.0955271841610892,1.0964497844799883,3851.0,14,60,74,0.8108108108108109,0.8673423423423423,0.9526283240568955,True,True,accepted,0.04594937339425087,1.0962239503860474,-0.0009791776537895203,-0.0006967782974243164,0.0012555682333186269,0.0,0.0012555682333186269,0.0011503068963065743,1,0,0.04567207768559456,1.0960266590118408,1.0969778374902461,0.015048750676214695,-0.0004346403293311596,0.0
phase5_v12_hardware_unknown_r01_20260929_184546_956,/home/robo25/Downloads/rokuga_phase5_v12_hardware_unknown_r01_20260929_184546_956.tar.xz::phase5_v12_hardware_unknown_r01_20260929_184546_956,196,6.533333333333333,,,1,328.5,427.0,0.0368189632258553,1.096938618794003,1.0975563627690024,0.044970197356556246,1.096938618794003,1.0978600329969128,3823.0,14,59,73,0.8082191780821918,0.8876247968423496,0.9640650611524398,True,True,accepted,0.04617370292544365,1.0960121154785156,-0.0012035071849822998,0.0009264945983886719,0.0012555682333186269,0.0,0.0012555682333186269,0.0018372731283307076,1,0,0.04583287984132767,1.096274495124817,1.0972321639177927,0.013350512832403183,0.0008727122331038117,0.0
phase5_v12_hardware_unknown_r01_20260929_184546_956,/home/robo25/Downloads/rokuga_phase5_v12_hardware_unknown_r01_20260929_184546_956.tar.xz::phase5_v12_hardware_unknown_r01_20260929_184546_956,197,6.566666666666666,,,1,328.5,427.0,0.0368189632258553,1.096938618794003,1.0975563627690024,0.044970197356556246,1.096938618794003,1.0978600329969128,3845.0,14,59,73,0.8082191780821918,0.8927327606222428,0.9628145736822337,True,True,accepted,0.04627789556980133,1.0963035821914673,-0.001307699829339981,0.0006350278854370117,0.0012555682333186269,0.0,0.0012555682333186269,0.0016831735847517848,1,0,0.04590756446123123,1.0964834690093994,1.097444077065273,0.011505251750349998,0.0017687836661934853,0.0
phase5_v12_hardware_unknown_r01_20260929_184546_956,/home/robo25/Downloads/rokuga_phase5_v12_hardware_unknown_r01_20260929_184546_956.tar.xz::phase5_v12_hardware_unknown_r01_20260929_184546_956,198,6.6,,,1,328.5,427.0,0.0368189632258553,1.096938618794003,1.0975563627690024,0.044970197356556246,1.096938618794003,1.0978600329969128,3839.0,14,59,73,0.8082191780821918,0.8913396795913628,0.9639673571876962,True,True,accepted,0.04629107192158699,1.096542477607727,-0.0013208761811256409,0.0003961324691772461,0.0012555682333186269,0.0,0.0012555682333186269,0.0015145611250773072,1,0,0.04591700807213783,1.0966546535491943,1.097615506806186,0.00964139774441719,0.0023277560248970985,0.0
phase5_v12_hardware_unknown_r01_20260929_184546_956,/home/robo25/Downloads/rokuga_phase5_v12_hardware_unknown_r01_20260929_184546_956.tar.xz::phase5_v12_hardware_unknown_r01_20260929_184546_956,199,6.633333333333334,,,1,328.5,427.0,0.0368189632258553,1.0955271841610892,1.0961457235645962,0.044970197356556246,1.0955271841610892,1.0964497844799883,3851.5,14,59,74,0.7972972972972973,0.8821575813101237,0.9585614733698358,True,True,accepted,0.04623838886618614,1.096732258796692,-0.0012681931257247925,-0.0012050867080688477,0.0012555682333186269,0.0,0.0012555682333186269,0.0024375799112021923,1,0,0.045879244804382324,1.096390962600708,1.0973504672511547,0.007851882837712765,0.000627289293333888,0.0
phase5_v12_hardware_unknown_r01_20260929_184546_956,/home/robo25/Downloads/rokuga_phase5_v12_hardware_unknown_r01_20260929_184546_956.tar.xz::phase5_v12_hardware_unknown_r01_20260929_184546_956,200,6.666666666666667,,,1,328.5,427.0,0.0368189632258553,1.096938618794003,1.0975563627690024,0.044970197356556246,1.096938618794003,1.0978600329969128,3836.5,14,59,73,0.8082191780821918,0.8907592291618296,0.9622523200401304,True,True,accepted,0.04614097252488136,1.0964118242263794,-0.0011707767844200134,0.0005267858505249023,0.0012555682333186269,0.0,0.0012555682333186269,0.0013127296697348356,1,0,0.045809417963027954,1.0965609550476074,1.0975173943537444,0.006199829746037722,0.001370623242110014,0.0
phase5_v12_hardware_unknown_r01_20260929_184546_956,/home/robo25/Downloads/rokuga_phase5_v12_hardware_unknown_r01_20260929_184546_956.tar.xz::phase5_v12_hardware_unknown_r01_20260929_184546_956,201,6.7,,,1,328.5,427.0,0.0368189632258553,1.096938618794003,1.0975563627690024,0.044970197356556246,1.096938618794003,1.0978600329969128,3837.5,14,59,73,0.8082191780821918,0.890991409333643,0.9640748649667127,True,True,accepted,0.04601607844233513,1.0966066122055054,-0.0010458827018737793,0.0003319978713989258,0.0012555682333186269,0.0,0.0012555682333186269,0.0009590026456862688,1,0,0.04571989178657532,1.096700668334961,1.0976532532777945,0.00472401175647974,0.0018390968907624483,0.0
phase5_v12_hardware_unknown_r01_20260929_184546_956,/home/robo25/Downloads/rokuga_phase5_v12_hardware_unknown_r01_20260929_184546_956.tar.xz::phase5_v12_hardware_unknown_r01_20260929_184546_956,202,6.733333333333333,,,1,328.5,427.0,0.0368189632258553,1.093207455319658,1.0938273064883273,0.044970197356556246,1.093207455319658,1.0941320116954671,3848.0,14,59,74,0.7972972972972973,0.8813559322033898,0.9585253456221198,True,True,accepted,0.0458773598074913,1.09676194190979,-0.000907164067029953,-0.0035544633865356445,0.0012555682333186269,0.0,0.0012555682333186269,0.010717981494963169,1,0,0.04562045633792877,1.0957553386688232,1.0967046039192634,0.0034439358860254288,-0.0031765145249664783,0.0
phase5_v12_hardware_unknown_r01_20260929_184546_956,/home/robo25/Downloads/rokuga_phase5_v12_hardware_unknown_r01_20260929_184546_956.tar.xz::phase5_v12_hardware_unknown_r01_20260929_184546_956,203,6.766666666666667,,,1,319.5,427.5,-0.024177131647027447,1.0910461084262173,1.0913139531806009,0.007903557202307081,1.0910461084262173,1.0910747348043777,3856.0,14,59,74,0.7972972972972973,0.8831882730187814,0.9606377678126558,True,True,accepted,0.045735254883766174,1.0956494808197021,-0.03783169761300087,-0.004603385925292969,0.0012555682333186269,0.0,0.0012555682333186269,1.156789779663086,1,0,0.0350215770304203,1.0943458080291748,1.094906050037502,-0.04993939399719238,-0.009672233834862709,0.0
phase5_v12_hardware_unknown_r01_20260929_184546_956,/home/robo25/Downloads/rokuga_phase5_v12_hardware_unknown_r01_20260929_184546_956.tar.xz::phase5_v12_hardware_unknown_r01_20260929_184546_956,204,6.8,,,1,328.5,427.0,0.0368189632258553,1.096938618794003,1.0975563627690024,0.044970197356556246,1.096938618794003,1.0978600329969128,3844.0,14,59,73,0.8082191780821918,0.8925005804504296,0.9642543584598018,True,True,accepted,0.0333569310605526,1.09402334690094,0.011613264679908752,0.0029152631759643555,0.0012555682333186269,0.0,0.0012555682333186269,0.11418469250202179,1,0,0.03664572909474373,1.094848871231079,1.0954619848707,-0.03355221450328827,-0.005558581091463566,0.0
phase5_v12_hardware_unknown_r01_20260929_184546_956,/home/robo25/Downloads/rokuga_phase5_v12_hardware_unknown_r01_20260929_184546_956.tar.xz::phase5_v12_hardware_unknown_r01_20260929_184546_956,205,6.833333333333333,,,1,319.5,427.5,-0.024177131647027447,1.0910461084262173,1.0913139531806009,0.007903557202307081,1.0910461084262173,1.0910747348043777,3835.0,14,59,74,0.7972972972972973,0.8783783783783784,0.9594696022016512,True,True,accepted,0.03552732244133949,1.0946636199951172,-0.027623765170574188,-0.003617525100708008,0.0012555682333186269,0.0,0.0012555682333186269,0.6181734204292297,1,0,0.02770446240901947,1.0936391353607178,1.0939899888161277,-0.07253139466047287,-0.010663176886737347,0.0
phase5_v12_hardware_unknown_r01_20260929_184546_956,/home/robo25/Downloads/rokuga_phase5_v12_hardware_unknown_r01_20260929_184546_956.tar.xz::phase5_v12_hardware_unknown_r01_20260929_184546_956,206,6.866666666666666,,,1,328.5,427.0,0.0368189632258553,1.0955271841610892,1.0961457235645962,0.044970197356556246,1.0955271841610892,1.0964497844799883,3832.5,14,59,74,0.7972972972972973,0.8778057718735685,0.9589640935818842,True,True,accepted,0.025286749005317688,1.0932836532592773,0.01968344673514366,0.002243518829345703,0.0012555682333186269,0.0,0.0012555682333186269,0.31258469820022583,1,0,0.030860966071486473,1.093919038772583,1.0943542674180045,-0.04475659132003784,-0.007497405633330345,0.0
phase5_v12_hardware_unknown_r01_20260929_184546_956,/home/robo25/Downloads/rokuga_phase5_v12_hardware_unknown_r01_20260929_184546_956.tar.xz::phase5_v12_hardware_unknown_r01_20260929_184546_956,207,6.9,,,1,328.5,427.0,0.0368189632258553,1.096938618794003,1.0975563627690024,0.044970197356556246,1.096938618794003,1.0978600329969128,3833.0,14,59,73,0.8082191780821918,0.889946598560483,0.9637918028664823,True,True,accepted,0.029369080439209938,1.0936691761016846,0.015601115301251411,0.0032694339752197266,0.0012555682333186269,0.0,0.0012555682333186269,0.20236574113368988,1,0,0.033787209540605545,1.0945950746536255,1.09511641070003,-0.02274226024746895,-0.002883991925045848,0.0
phase5_v12_hardware_unknown_r01_20260929_184546_956,/home/robo25/Downloads/rokuga_phase5_v12_hardware_unknown_r01_20260929_184546_956.tar.xz::phase5_v12_hardware_unknown_r01_20260929_184546_956,208,6.933333333333334,,,1,328.5,427.0,0.0368189632258553,1.0955271841610892,1.0961457235645962,0.044970197356556246,1.0955271841610892,1.0964497844799883,3844.0,14,60,74,0.8108108108108109,0.8657657657657658,0.9552683896620279,True,True,accepted,0.033029135316610336,1.0944989919662476,0.011941060423851013,0.0010281801223754883,0.0012555682333186269,0.0,0.0012555682333186269,0.11440722644329071,1,0,0.03641076013445854,1.0947902202606201,1.0953955312269017,-0.005892538465559483,-0.0014331535203382373,0.0
phase5_v12_hardware_unknown_r01_20260929_184546_956,/home/robo25/Downloads/rokuga_phase5_v12_hardware_unknown_r01_20260929_184546_956.tar.xz::phase5_v12_hardware_unknown_r01_20260929_184546_956,209,6.966666666666667,,,1,328.5,427.0,0.0368189632258553,1.096938618794003,1.0975563627690024,0.044970197356556246,1.096938618794003,1.0978600329969128,3837.5,14,59,73,0.8082191780821918,0.890991409333643,0.9674776251102988,True,True,accepted,0.03621434047818184,1.0947424173355103,0.00875585526227951,0.002196192741394043,0.0012555682333186269,0.0,0.0012555682333186269,0.06490150094032288,1,0,0.03869393840432167,1.0953643321990967,1.0960475542252766,0.006462622433900833,0.0016658373642712831,0.0
phase5_v12_hardware_unknown_r01_20260929_184546_956,/home/robo25/Downloads/rokuga_phase5_v12_hardware_unknown_r01_20260929_184546_956.tar.xz::phase5_v12_hardware_unknown_r01_20260929_184546_956,210,7.0,,,1,328.5,427.0,0.0368189632258553,1.092380299216027,1.0930006194729824,0.044970197356556246,1.092380299216027,1.0933055550785353,3845.0,14,60,74,0.8108108108108109,0.865990990990991,0.9559920437593237,True,True,accepted,0.03890936076641083,1.0954198837280273,0.006060834974050522,-0.0030395984649658203,0.0012555682333186269,0.0,0.0012555682333186269,0.03661520034074783,1,0,0.04062574729323387,1.0945590734481812,1.095312748310214,0.015014910139143467,-0.0026232614181935787,0.0
phase5_v12_hardware_unknown_r01_20260929_184546_956,/home/robo25/Downloads/rokuga_phase5_v12_hardware_unknown_r01_20260929_184546_956.tar.xz::phase5_v12_hardware_unknown_r01_20260929_184546_956,211,7.033333333333333,,,1,328.5,427.0,0.0368189632258553,1.096938618794003,1.0975563627690024,0.044970197356556246,1.096938618794003,1.0978600329969128,3843.5,14,59,74,0.7972972972972973,0.880325240494732,0.9618368368368369,True,True,accepted,0.04112624377012253,1.0944715738296509,0.0038439519703388214,0.002467036247253418,0.0012555682333186269,0.0,0.0012555682333186269,0.016615770757198334,1,0,0.04221482574939728,1.095170259475708,1.0959835713883406,0.020439011976122856,0.0008579096756875515,0.0
phase5_v12_hardware_unknown_r01_20260929_184546_956,/home/robo25/Downloads/rokuga_phase5_v12_hardware_unknown_r01_20260929_184546_956.tar.xz::phase5_v12_hardware_unknown_r01_20260929_184546_956,212,7.066666666666666,,,1,328.5,427.0,0.0368189632258553,1.096938618794003,1.0975563627690024,0.044970197356556246,1.096938618794003,1.0978600329969128,3833.5,14,59,73,0.8082191780821918,0.8900626886463896,0.9654955295302858,True,True,accepted,0.042896125465631485,1.0951988697052002,0.0020740702748298645,0.0017397403717041016,0.0012555682333186269,0.0,0.0012555682333186269,0.005836770869791508,1,0,0.043483488261699677,1.0956915616989136,1.0965540625658223,0.023365678265690804,0.0033128124196082354,0.0
phase5_v12_hardware_unknown_r01_20260929_184546_956,/home/robo25/Downloads/rokuga_phase5_v12_hardware_unknown_r01_20260929_184546_956.tar.xz::phase5_v12_hardware_unknown_r01_20260929_184546_956,213,7.1,,,1,328.5,427.0,0.0368189632258553,1.092380299216027,1.0930006194729824,0.044970197356556246,1.092380299216027,1.0933055550785353,3839.5,14,59,74,0.7972972972972973,0.8794090700870362,0.9604752970606629,True,True,accepted,0.044262345880270004,1.0958019495010376,0.0007078498601913452,-0.0034216642379760742,0.0012555682333186269,0.0,0.0012555682333186269,0.009723754599690437,1,0,0.04446280375123024,1.0948330163955688,1.0957354948650886,0.02436450682580471,-0.001515409559942782,0.0
phase5_v12_hardware_unknown_r01_20260929_184546_956,/home/robo25/Downloads/rokuga_phase5_v12_hardware_unknown_r01_20260929_184546_956.tar.xz::phase5_v12_hardware_unknown_r01_20260929_184546_956,214,7.133333333333334,,,1,328.5,427.0,0.0368189632258553,1.096938618794003,1.0975563627690024,0.044970197356556246,1.096938618794003,1.0978600329969128,3845.5,14,60,73,0.821917808219178,0.8779680365296804,0.9606545091181614,True,True,accepted,0.04527495428919792,1.0947824716567993,-0.00030475854873657227,0.0021561384201049805,0.0012555682333186269,0.0,0.0012555682333186269,0.0037766252644360065,1,0,0.045188650488853455,1.0953930616378784,1.0963247573677284,0.023934470489621162,0.0015270616859197617,0.0
phase5_v12_hardware_unknown_r01_20260929_184546_956,/home/robo25/Downloads/rokuga_phase5_v12_hardware_unknown_r01_20260929_184546_956.tar.xz::phase5_v12_hardware_unknown_r01_20260929_184546_956,215,7.166666666666667,,,1,328.5,427.0,0.0368189632258553,1.096938618794003,1.0975563627690024,0.044970197356556246,1.096938618794003,1.0978600329969128,3822.5,14,60,73,0.821917808219178,0.872716894977169,0.9593424520015058,True,True,accepted,0.045986466109752655,1.0954439640045166,-0.0010162703692913055,0.0014946460723876953,0.0012555682333186269,0.0,0.0012555682333186269,0.002601827960461378,1,0,0.04569866508245468,1.0958672761917114,1.0968197003236946,0.02250043675303459,0.0036361180245876312,0.0
phase5_v12_hardware_unknown_r01_20260929_184546_956,/home/robo25/Downloads/rokuga_phase5_v12_hardware_unknown_r01_20260929_184546_956.tar.xz::phase5_v12_hardware_unknown_r01_20260929_184546_956,216,7.2,,,1,328.5,427.0,0.0368189632258553,1.096938618794003,1.0975563627690024,0.044970197356556246,1.096938618794003,1.0978600329969128,3835.5,14,59,73,0.8082191780821918,0.8905270489900162,0.9667296786389414,True,True,accepted,0.04644868150353432,1.0959885120391846,-0.0014784857630729675,0.0009500980377197266,0.0012555682333186269,0.0,0.0012555682333186269,0.0024599272292107344,1,0,0.04602998495101929,1.0962575674057007,1.097223502121995,0.020414182916283607,0.004976776894181967,0.0
phase5_v12_hardware_unknown_r01_20260929_184546_956,/home/robo25/Downloads/rokuga_phase5_v12_hardware_unknown_r01_20260929_184546_956.tar.xz::phase5_v12_hardware_unknown_r01_20260929_184546_956,217,7.233333333333333,,,1,328.5,427.0,0.0368189632258553,1.096938618794003,1.0975563627690024,0.044970197356556246,1.096938618794003,1.0978600329969128,3840.0,14,60,73,0.821917808219178,0.8767123287671232,0.960720540405304,True,True,accepted,0.046710457652807236,1.0964235067367554,-0.0017402619123458862,0.0005151033401489258,0.0012555682333186269,0.0,0.0012555682333186269,0.00262338831089437,1,0,0.046217627823352814,1.0965694189071655,1.0975429648100419,0.017958544194698334,0.005703625734895468,0.0
phase5_v12_hardware_unknown_r01_20260929_184546_956,/home/robo25/Downloads/rokuga_phase5_v12_hardware_unknown_r01_20260929_184546_956.tar.xz::phase5_v12_hardware_unknown_r01_20260929_184546_956,218,7.266666666666667,,,1,328.5,427.0,0.0368189632258553,1.092380299216027,1.0930006194729824,0.044970197356556246,1.092380299216027,1.0933055550785353,3851.5,14,60,74,0.8108108108108109,0.867454954954955,0.9559444030776868,True,True,accepted,0.04681624472141266,1.096759557723999,-0.0018460489809513092,-0.0043792724609375,0.0012555682333186269,0.0,0.0012555682333186269,0.01798860728740692,1,0,0.046293456107378006,1.0955194234848022,1.0964971004571054,0.015353632159531116,-0.00047585248830728233,0.0
phase5_v12_hardware_unknown_r01_20260929_184546_956,/home/robo25/Downloads/rokuga_phase5_v12_hardware_unknown_r01_20260929_184546_956.tar.xz::phase5_v12_hardware_unknown_r01_20260929_184546_956,219,7.3,,,1,328.5,427.0,0.0368189632258553,1.096938618794003,1.0975563627690024,0.044970197356556246,1.096938618794003,1.0978600329969128,3849.5,14,59,73,0.8082191780821918,0.8937775713954028,0.9666038920276209,True,True,accepted,0.0468052439391613,1.095503568649292,-0.0018350481986999512,0.0014350414276123047,0.0012555682333186269,0.0,0.0012555682333186269,0.004322143271565437,1,0,0.04628556966781616,1.0959099531173706,1.096886949189018,0.01276424340903759,0.001549097360111773,0.0
phase5_v12_hardware_unknown_r01_20260929_184546_956,/home/robo25/Downloads/rokuga_phase5_v12_hardware_unknown_r01_20260929_184546_956.tar.xz::phase5_v12_hardware_unknown_r01_20260929_184546_956,220,7.333333333333333,,,1,328.5,427.0,0.0368189632258553,1.0955271841610892,1.0961457235645962,0.044970197356556246,1.0955271841610892,1.0964497844799883,3845.5,14,59,74,0.7972972972972973,0.88078332569858,0.9610146195176809,True,True,accepted,0.04671104624867439,1.095961570739746,-0.0017408505082130432,-0.0004343986511230469,0.0012555682333186269,0.0,0.0012555682333186269,0.002563988557085395,1,0,0.04621804878115654,1.0958385467529297,1.096812759126511,0.01030777394771576,0.0009361286647617817,0.0
phase5_v12_hardware_unknown_r01_20260929_184546_956,/home/robo25/Downloads/rokuga_phase5_v12_hardware_unknown_r01_20260929_184546_956.tar.xz::phase5_v12_hardware_unknown_r01_20260929_184546_956,221,7.366666666666666,,,1,328.5,427.0,0.0368189632258553,1.096938618794003,1.0975563627690024,0.044970197356556246,1.096938618794003,1.0978600329969128,3839.0,14,59,73,0.8082191780821918,0.8913396795913628,0.9666372906962105,True,True,accepted,0.04656163975596428,1.095869779586792,-0.0015914440155029297,0.0010688304901123047,0.0012555682333186269,0.0,0.0012555682333186269,0.0029270353261381388,1,0,0.04611095413565636,1.0961724519729614,1.0971418616367326,0.008062127977609634,0.0024443278089165688,0.0
phase5_v12_hardware_unknown_r01_20260929_184546_956,/home/robo25/Downloads/rokuga_phase5_v12_hardware_unknown_r01_20260929_184546_956.tar.xz::phase5_v12_hardware_unknown_r01_20260929_184546_956,222,7.4,,,1,320.0,427.5,-0.020782793494480107,1.091039928141972,1.0912378518478332,0.009966258283819201,1.091039928141972,1.0910854462892534,3845.0,14,59,74,0.7972972972972973,0.880668804397618,0.9598102845731403,True,True,accepted,0.0463796928524971,1.0962538719177246,-0.03641343489289284,-0.00521397590637207,0.0012555682333186269,0.0,0.0012555682333186269,1.0776983499526978,1,0,0.0360676571726799,1.0947773456573486,1.0953713125960876,-0.043319929391145706,-0.00491297896951437,0.0
phase5_v12_hardware_unknown_r01_20260929_184546_956,/home/robo25/Downloads/rokuga_phase5_v12_hardware_unknown_r01_20260929_184546_956.tar.xz::phase5_v12_hardware_unknown_r01_20260929_184546_956,223,7.433333333333334,,,1,320.0,427.5,-0.020782793494480107,1.091039928141972,1.0912378518478332,0.009966258283819201,1.091039928141972,1.0910854462892534,3857.0,14,59,74,0.7972972972972973,0.8834173156207055,0.9626856358417571,True,True,accepted,0.034623660147190094,1.0946135520935059,-0.02465740218758583,-0.0035736560821533203,0.0012555682333186269,0.0,0.0012555682333186269,0.4944044351577759,1,0,0.027640853077173233,1.0936014652252197,1.0939507216970887,-0.07811335474252701,-0.009955672547221184,0.0
phase5_v12_hardware_unknown_r01_20260929_184546_956,/home/robo25/Downloads/rokuga_phase5_v12_hardware_unknown_r01_20260929_184546_956.tar.xz::phase5_v12_hardware_unknown_r01_20260929_184546_956,224,7.466666666666667,,,1,328.5,427.0,0.0368189632258553,1.096938618794003,1.0975563627690024,0.044970197356556246,1.096938618794003,1.0978600329969128,3843.5,14,59,73,0.8082191780821918,0.8923844903645228,0.9677703638423769,True,True,accepted,0.025037074461579323,1.0932695865631104,0.019933121278882027,0.0036690235137939453,0.0012555682333186269,0.0,0.0012555682333186269,0.32717540860176086,1,0,0.030681997537612915,1.094308614730835,1.0947386579668306,-0.04998624324798584,-0.004778408445417881,0.0
phase5_v12_hardware_unknown_r01_20260929_184546_956,/home/robo25/Downloads/rokuga_phase5_v12_hardware_unknown_r01_20260929_184546_956.tar.xz::phase5_v12_hardware_unknown_r01_20260929_184546_956,225,7.5,,,1,328.5,427.0,0.0368189632258553,1.096938618794003,1.0975563627690024,0.044970197356556246,1.096938618794003,1.0978600329969128,3836.5,14,59,73,0.8082191780821918,0.8907592291618296,0.9652786514026922,True,True,accepted,0.029015788808465004,1.0941493511199951,0.015954406931996346,0.0027892589569091797,0.0012555682333186269,0.0,0.0012555682333186269,0.20892776548862457,1,0,0.0335339680314064,1.0949392318725586,1.0954526226659007,-0.027473391965031624,-0.0008425572304986417,0.0
phase5_v12_hardware_unknown_r01_20260929_184546_956,/home/robo25/Downloads/rokuga_phase5_v12_hardware_unknown_r01_20260929_184546_956.tar.xz::phase5_v12_hardware_unknown_r01_20260929_184546_956,226,7.533333333333333,,,1,328.5,427.0,0.0368189632258553,1.0947809241298405,1.0953998849240465,0.044970197356556246,1.0947809241298405,1.095704152811732,3848.0,14,59,74,0.7972972972972973,0.8813559322033898,0.9615192403798101,True,True,accepted,0.03261818736791611,1.0949110984802246,0.012352008372545242,-0.00013017654418945312,0.0012555682333186269,0.0,0.0012555682333186269,0.12152988463640213,1,0,0.03611619025468826,1.0948742628097534,1.0954697761972778,-0.010043792426586151,-0.0010262459982186556,0.0
phase5_v12_hardware_unknown_r01_20260929_184546_956,/home/robo25/Downloads/rokuga_phase5_v12_hardware_unknown_r01_20260929_184546_956.tar.xz::phase5_v12_hardware_unknown_r01_20260929_184546_956,227,7.566666666666666,,,1,328.5,427.0,0.0368189632258553,1.0940076722925733,1.0946270703248853,0.044970197356556246,1.0940076722925733,1.0949315529681762,3852.0,14,59,74,0.7972972972972973,0.8822721026110857,0.9628796400449944,True,True,accepted,0.03578139841556549,1.0948400497436523,0.009188797324895859,-0.0008323192596435547,0.0012555682333186269,0.0,0.0012555682333186269,0.06779938191175461,1,0,0.0383836030960083,1.0946043729782104,1.0952771495514975,0.002922282088547945,-0.0022007101215422153,0.0
phase5_v12_hardware_unknown_r01_20260929_184546_956,/home/robo25/Downloads/rokuga_phase5_v12_hardware_unknown_r01_20260929_184546_956.tar.xz::phase5_v12_hardware_unknown_r01_20260929_184546_956,228,7.6,,,1,328.5,427.0,0.0368189632258553,1.096938618794003,1.0975563627690024,0.044970197356556246,1.096938618794003,1.0978600329969128,3848.5,14,59,73,0.8082191780821918,0.8935453912235896,0.9680543327883285,True,True,accepted,0.03848101198673248,1.0945310592651367,0.006489183753728867,0.002407550811767578,0.0012555682333186269,0.0,0.0012555682333186269,0.038154684007167816,1,0,0.04031870514154434,1.0952128171920776,1.0959547038660393,0.012079001404345036,0.0011965226149186492,0.0
phase5_v12_hardware_unknown_r01_20260929_184546_956,/home/robo25/Downloads/rokuga_phase5_v12_hardware_unknown_r01_20260929_184546_956.tar.xz::phase5_v12_hardware_unknown_r01_20260929_184546_956,229,7.633333333333334,,,1,328.5,427.0,0.0368189632258553,1.092380299216027,1.0930006194729824,0.044970197356556246,1.092380299216027,1.0933055550785353,3854.5,14,60,74,0.8108108108108109,0.8681306306306307,0.9581158339547601,True,True,accepted,0.040721338242292404,1.0952527523040771,0.004248857498168945,-0.002872467041015625,0.0012555682333186269,0.0,0.0012555682333186269,0.02094976231455803,1,0,0.04192458465695381,1.0944392681121826,1.0952419743529682,0.018074454739689827,-0.002856741426512599,0.0
phase5_v12_hardware_unknown_r01_20260929_184546_956,/home/robo25/Downloads/rokuga_phase5_v12_hardware_unknown_r01_20260929_184546_956.tar.xz::phase5_v12_hardware_unknown_r01_20260929_184546_956,230,7.666666666666667,,,1,328.5,427.0,0.0368189632258553,1.096938618794003,1.0975563627690024,0.044970197356556246,1.096938618794003,1.0978600329969128,3853.5,14,60,73,0.821917808219178,0.8797945205479452,0.9622924210263454,True,True,accepted,0.04252706468105316,1.0943440198898315,0.002443131059408188,0.002594590187072754,0.0012555682333186269,0.0,0.0012555682333186269,0.010115569457411766,1,0,0.043218944221735,1.0950788259506226,1.095931344649397,0.02152189426124096,0.0008044177666306496,0.0
phase5_v12_hardware_unknown_r01_20260929_184546_956,/home/robo25/Downloads/rokuga_phase5_v12_hardware_unknown_r01_20260929_184546_956.tar.xz::phase5_v12_hardware_unknown_r01_20260929_184546_956,231,7.7,,,1,328.5,427.0,0.0368189632258553,1.096938618794003,1.0975563627690024,0.044970197356556246,1.096938618794003,1.0978600329969128,3842.0,14,60,73,0.821917808219178,0.8771689497716895,0.9618225059456753,True,True,accepted,0.043936342000961304,1.0951056480407715,0.0010338537395000458,0.0018329620361328125,0.0012555682333186269,0.0,0.0012555682333186269,0.0035271707456558943,1,0,0.04422912374138832,1.0956246852874756,1.0965170616083504,0.022980738431215286,0.003390863072127104,0.0
phase5_v12_hardware_unknown_r01_20260929_184546_956,/home/robo25/Downloads/rokuga_phase5_v12_hardware_unknown_r01_20260929_184546_956.tar.xz::phase5_v12_hardware_unknown_r01_20260929_184546_956,232,7.733333333333333,,,1,320.0,427.5,-0.020782793494480107,1.091039928141972,1.0912378518478332,0.009966258283819201,1.091039928141972,1.0910854462892534,3870.0,14,60,74,0.8108108108108109,0.8716216216216216,0.9583952451708767,True,True,accepted,0.04499514773488045,1.0957376956939697,-0.035028889775276184,-0.0046977996826171875,0.0012555682333186269,0.0,0.0012555682333186269,0.9948423504829407,1,0,0.03507520630955696,1.094407320022583,1.0949692471556771,-0.02644762210547924,-0.003238080767914653,0.0
phase5_v12_hardware_unknown_r01_20260929_184546_956,/home/robo25/Downloads/rokuga_phase5_v12_hardware_unknown_r01_20260929_184546_956.tar.xz::phase5_v12_hardware_unknown_r01_20260929_184546_956,233,7.766666666666667,,,1,328.5,427.0,0.0368189632258553,1.0955271841610892,1.0961457235645962,0.044970197356556246,1.0955271841610892,1.0964497844799883,3843.0,14,59,74,0.7972972972972973,0.88021071919377,0.9615913924684099,True,True,accepted,0.03419362008571625,1.0942994356155396,0.010776575654745102,0.001227736473083496,0.0012555682333186269,0.0,0.0012555682333186269,0.09369615465402603,1,0,0.03724547103047371,1.0946471691131592,1.0952806261227006,-0.011241074651479721,-0.0015056536067277193,0.0
phase5_v12_hardware_unknown_r01_20260929_184546_956,/home/robo25/Downloads/rokuga_phase5_v12_hardware_unknown_r01_20260929_184546_956.tar.xz::phase5_v12_hardware_unknown_r01_20260929_184546_956,234,7.8,,,1,328.5,427.0,0.0368189632258553,1.0955271841610892,1.0961457235645962,0.044970197356556246,1.0955271841610892,1.0964497844799883,3849.0,14,59,74,0.7972972972972973,0.8815849748053138,0.96225,True,True,accepted,0.036870770156383514,1.0945969820022583,0.008099425584077835,0.0009301900863647461,0.0012555682333186269,0.0,0.0012555682333186269,0.052936945110559464,1,0,0.0391644723713398,1.0948604345321655,1.0955606906968174,0.00018781551625579596,-0.0001930864091264084,0.0
phase5_v12_hardware_unknown_r01_20260929_184546_956,/home/robo25/Downloads/rokuga_phase5_v12_hardware_unknown_r01_20260929_184546_956.tar.xz::phase5_v12_hardware_unknown_r01_20260929_184546_956,235,7.833333333333333,,,1,320.0,427.5,-0.020782793494480107,1.091039928141972,1.0912378518478332,0.009966258283819201,1.091039928141972,1.0910854462892534,3881.0,14,60,74,0.8108108108108109,0.8740990990990991,0.9601682335477486,True,True,accepted,0.03917073458433151,1.0948539972305298,-0.02920447662472725,-0.003814101219177246,0.0012555682333186269,0.0,0.0012555682333186269,0.6908814907073975,1,0,0.030900228768587112,1.0937738418579102,1.0942102363214135,-0.04102186858654022,-0.005575065966695547,0.0
phase5_v12_hardware_unknown_r01_20260929_184546_956,/home/robo25/Downloads/rokuga_phase5_v12_hardware_unknown_r01_20260929_184546_956.tar.xz::phase5_v12_hardware_unknown_r01_20260929_184546_956,236,7.866666666666666,,,1,328.5,427.0,0.0368189632258553,1.0940076722925733,1.0946270703248853,0.044970197356556246,1.0940076722925733,1.0949315529681762,3851.5,14,59,74,0.7972972972972973,0.8821575813101237,0.9626343414146463,True,True,accepted,0.02953283302485943,1.0935879945755005,0.015437362715601921,0.0004197359085083008,0.0012555682333186269,0.0,0.0012555682333186269,0.1899445503950119,1,0,0.03390458598732948,1.0937068462371826,1.0942322360710528,-0.019238604232668877,-0.004982787650078535,0.0
phase5_v12_hardware_unknown_r01_20260929_184546_956,/home/robo25/Downloads/rokuga_phase5_v12_hardware_unknown_r01_20260929_184546_956.tar.xz::phase5_v12_hardware_unknown_r01_20260929_184546_956,237,7.9,,,1,328.5,427.0,0.0368189632258553,1.093207455319658,1.0938273064883273,0.044970197356556246,1.093207455319658,1.0941320116954671,3846.5,14,60,74,0.8108108108108109,0.8663288288288288,0.9569598208732429,True,True,accepted,0.033263299614191055,1.0935407876968384,0.011706896126270294,-0.0003333091735839844,0.0012555682333186269,0.0,0.0012555682333186269,0.10924337804317474,1,0,0.03657861053943634,1.0934463739395142,1.094058027451226,-0.0027193056885153055,-0.005453111603856087,0.0
phase5_v12_hardware_unknown_r01_20260929_184546_956,/home/robo25/Downloads/rokuga_phase5_v12_hardware_unknown_r01_20260929_184546_956.tar.xz::phase5_v12_hardware_unknown_r01_20260929_184546_956,238,7.933333333333334,,,1,328.5,427.0,0.0368189632258553,1.092380299216027,1.0930006194729824,0.044970197356556246,1.092380299216027,1.0933055550785353,3866.0,14,60,74,0.8108108108108109,0.8707207207207207,0.9585916191420779,True,True,accepted,0.036487966775894165,1.0932645797729492,0.008482228964567184,-0.0008842945098876953,0.0012555682333186269,0.0,0.0012555682333186269,0.05792611092329025,1,0,0.03889007493853569,1.093014121055603,1.0937057679082054,0.009249748662114143,-0.0067009166814386845,0.0
phase5_v12_hardware_unknown_r01_20260929_184546_956,/home/robo25/Downloads/rokuga_phase5_v12_hardware_unknown_r01_20260929_184546_956.tar.xz::phase5_v12_hardware_unknown_r01_20260929_184546_956,239,7.966666666666667,,,1,319.5,427.5,-0.024177131647027447,1.0910461084262173,1.0913139531806009,0.007903557202307081,1.0910461084262173,1.0910747348043777,3865.5,14,59,74,0.7972972972972973,0.8853641777370591,0.9661334666333417,True,True,accepted,0.03919839859008789,1.0927907228469849,-0.031294841319322586,-0.0017446279525756836,0.0012555682333186269,0.0,0.0012555682333186269,0.7824431657791138,1,0,0.030335914343595505,1.0922966003417969,1.0927177727196118,-0.03490959480404854,-0.009162716567516327,0.0
phase5_v12_hardware_unknown_r01_20260929_184546_956,/home/robo25/Downloads/rokuga_phase5_v12_hardware_unknown_r01_20260929_184546_956.tar.xz::phase5_v12_hardware_unknown_r01_20260929_184546_956,240,8.0,,,1,328.5,427.0,0.0368189632258553,1.0955271841610892,1.0961457235645962,0.044970197356556246,1.0955271841610892,1.0964497844799883,3850.5,14,59,74,0.7972972972972973,0.8819285387081998,0.9631065532766383,True,True,accepted,0.02917226031422615,1.0919911861419678,0.0157979354262352,0.0035359859466552734,0.0012555682333186269,0.0,0.0012555682333186269,0.20873254537582397,1,0,0.033646125346422195,1.0929925441741943,1.093510294131338,-0.012617535889148712,-0.0041731782257556915,0.0
phase5_v12_hardware_unknown_r01_20260929_184546_956,/home/robo25/Downloads/rokuga_phase5_v12_hardware_unknown_r01_20260929_184546_956.tar.xz::phase5_v12_hardware_unknown_r01_20260929_184546_956,241,8.033333333333333,,,1,328.5,427.0,0.0368189632258553,1.093207455319658,1.0938273064883273,0.044970197356556246,1.093207455319658,1.0941320116954671,3871.5,14,60,74,0.8108108108108109,0.8719594594594594,0.9594795539033457,True,True,accepted,0.033225540071725845,1.0928534269332886,0.011744655668735504,0.0003540515899658203,0.0012555682333186269,0.0,0.0012555682333186269,0.10996001213788986,1,0,0.036551546305418015,1.0929536819458008,1.093564706094797,0.0039550443179905415,-0.003673585131764412,0.0
phase5_v12_hardware_unknown_r01_20260929_184546_956,/home/robo25/Downloads/rokuga_phase5_v12_hardware_unknown_r01_20260929_184546_956.tar.xz::phase5_v12_hardware_unknown_r01_20260929_184546_956,242,8.066666666666666,,,1,319.5,427.5,-0.024177131647027447,1.0910461084262173,1.0913139531806009,0.007903557202307081,1.0910461084262173,1.0910747348043777,3858.5,14,59,74,0.7972972972972973,0.8837608795235914,0.9635410163565988,True,True,accepted,0.03668338060379028,1.0928312540054321,-0.02877982333302498,-0.0017851591110229492,0.0012555682333186269,0.0,0.0012555682333186269,0.6622220873832703,1,0,0.02853313274681568,1.0923256874084473,1.0926982872855087,-0.03665542230010033,-0.006192577071487904,0.0
phase5_v12_hardware_unknown_r01_20260929_184546_956,/home/robo25/Downloads/rokuga_phase5_v12_hardware_unknown_r01_20260929_184546_956.tar.xz::phase5_v12_hardware_unknown_r01_20260929_184546_956,243,8.1,,,1,328.5,427.0,0.0368189632258553,1.092380299216027,1.0930006194729824,0.044970197356556246,1.092380299216027,1.0933055550785353,3873.0,14,59,74,0.7972972972972973,0.8870819972514887,0.9659558548447438,True,True,accepted,0.027311285957694054,1.0921192169189453,0.017658909782767296,0.00026106834411621094,0.0012555682333186269,0.0,0.0012555682333186269,0.24841760098934174,1,0,0.032312165945768356,1.0921931266784668,1.0926709944131363,-0.011737391352653503,-0.0058241900987923145,0.0
phase5_v12_hardware_unknown_r01_20260929_184546_956,/home/robo25/Downloads/rokuga_phase5_v12_hardware_unknown_r01_20260929_184546_956.tar.xz::phase5_v12_hardware_unknown_r01_20260929_184546_956,244,8.133333333333333,,,1,320.0,427.5,-0.020782793494480107,1.091039928141972,1.0912378518478332,0.009966258283819201,1.091039928141972,1.0910854462892534,3861.0,14,59,74,0.7972972972972973,0.8843334860284012,0.9627228525121556,True,True,accepted,0.03192092105746269,1.0919989347457886,-0.02195466309785843,-0.0009590387344360352,0.0012555682333186269,0.0,0.0012555682333186269,0.3846282362937927,1,0,0.025703512132167816,1.091727375984192,1.0920299144296632,-0.04271705076098442,-0.007177464663982391,0.0
phase5_v12_hardware_unknown_r01_20260929_184546_956,/home/robo25/Downloads/rokuga_phase5_v12_hardware_unknown_r01_20260929_184546_956.tar.xz::phase5_v12_hardware_unknown_r01_20260929_184546_956,245,8.166666666666666,,,1,328.5,427.0,0.0368189632258553,1.0940076722925733,1.0946270703248853,0.044970197356556246,1.0940076722925733,1.0949315529681762,3855.5,14,59,74,0.7972972972972973,0.8830737517178195,0.9633933033483258,True,True,accepted,0.024279611185193062,1.0914881229400635,0.020690584555268288,0.0025196075439453125,0.0012555682333186269,0.0,0.0012555682333186269,0.34601759910583496,1,0,0.03013904206454754,1.0922017097473145,1.0926174704037666,-0.013521101325750351,-0.0036221116315573454,0.0
phase5_v12_hardware_unknown_r01_20260929_184546_956,/home/robo25/Downloads/rokuga_phase5_v12_hardware_unknown_r01_20260929_184546_956.tar.xz::phase5_v12_hardware_unknown_r01_20260929_184546_956,246,8.2,,,1,319.5,427.5,-0.024177131647027447,1.0910461084262173,1.0913139531806009,0.007903557202307081,1.0910461084262173,1.0910747348043777,3871.5,14,60,74,0.8108108108108109,0.8719594594594594,0.9592418235877106,True,True,accepted,0.029688337817788124,1.0920809507369995,-0.02178478054702282,-0.001034855842590332,0.0012555682333186269,0.0,0.0012555682333186269,0.37883052229881287,1,0,0.023519037291407585,1.0917879343032837,1.0920412256894636,-0.04426104202866554,-0.005082369782030582,0.0
phase5_v12_hardware_unknown_r01_20260929_184546_956,/home/robo25/Downloads/rokuga_phase5_v12_hardware_unknown_r01_20260929_184546_956.tar.xz::phase5_v12_hardware_unknown_r01_20260929_184546_956,247,8.233333333333333,,,1,320.0,427.5,-0.020782793494480107,1.091039928141972,1.0912378518478332,0.009966258283819201,1.091039928141972,1.0910854462892534,3877.0,14,59,74,0.7972972972972973,0.8879981676591846,0.9647878561652358,True,True,accepted,0.02204366959631443,1.091618537902832,-0.012077411636710167,-0.0005786418914794922,0.0012555682333186269,0.0,0.0012555682333186269,0.11644026637077332,1,0,0.018623430281877518,1.0914546251296997,1.0916134988504298,-0.061303164809942245,-0.005898876581341028,0.0
phase5_v12_hardware_unknown_r01_20260929_184546_956,/home/robo25/Downloads/rokuga_phase5_v12_hardware_unknown_r01_20260929_184546_956.tar.xz::phase5_v12_hardware_unknown_r01_20260929_184546_956,248,8.266666666666667,,,1,328.5,427.0,0.0368189632258553,1.092380299216027,1.0930006194729824,0.044970197356556246,1.092380299216027,1.0933055550785353,3859.0,14,59,74,0.7972972972972973,0.8838754008245534,0.9627042534613945,True,True,accepted,0.016579991206526756,1.0912580490112305,0.028390204533934593,0.0011222362518310547,0.0012555682333186269,0.0,0.0012555682333186269,0.6429464817047119,1,0,0.024619901552796364,1.0915758609771729,1.0918534699402322,-0.021242480725049973,-0.004315318074077368,0.0
phase5_v12_hardware_unknown_r01_20260929_184546_956,/home/robo25/Downloads/rokuga_phase5_v12_hardware_unknown_r01_20260929_184546_956.tar.xz::phase5_v12_hardware_unknown_r01_20260929_184546_956,249,8.3,,,1,328.5,427.0,0.0368189632258553,1.096938618794003,1.0975563627690024,0.044970197356556246,1.096938618794003,1.0978600329969128,3868.5,14,60,73,0.821917808219178,0.8832191780821917,0.9650742172882625,True,True,accepted,0.023911818861961365,1.091431975364685,0.021058376878499985,0.005506634712219238,0.0012555682333186269,0.0,0.0012555682333186269,0.37734171748161316,1,0,0.029875406995415688,1.0929914712905884,1.0933996964775081,0.008472451008856297,0.0034549518022686243,0.0
phase5_v12_hardware_unknown_r01_20260929_184546_956,/home/robo25/Downloads/rokuga_phase5_v12_hardware_unknown_r01_20260929_184546_956.tar.xz::phase5_v12_hardware_unknown_r01_20260929_184546_956,250,8.333333333333334,,,1,320.0,427.5,-0.020782793494480107,1.091039928141972,1.0912378518478332,0.009966258283819201,1.091039928141972,1.0910854462892534,3882.0,14,60,74,0.8108108108108109,0.8743243243243243,0.9587552482094345,True,True,accepted,0.030157821252942085,1.0931066274642944,-0.020191563293337822,-0.0020667314529418945,0.0012555682333186269,0.0,0.0012555682333186269,0.3281148672103882,1,0,0.02443970926105976,1.0925213098526,1.0927946338955028,-0.020019343122839928,0.0005386404227465391,0.0
phase5_v12_hardware_unknown_r01_20260929_184546_956,/home/robo25/Downloads/rokuga_phase5_v12_hardware_unknown_r01_20260929_184546_956.tar.xz::phase5_v12_hardware_unknown_r01_20260929_184546_956,251,8.366666666666667,,,1,320.0,427.5,-0.020782793494480107,1.091039928141972,1.0912378518478332,0.009966258283819201,1.091039928141972,1.0910854462892534,3870.5,14,60,74,0.8108108108108109,0.8717342342342342,0.9585190688459634,True,True,accepted,0.02377239800989628,1.0925393104553223,-0.013806140050292015,-0.0014994144439697266,0.0012555682333186269,0.0,0.0012555682333186269,0.15360195934772491,1,0,0.019862594082951546,1.0921146869659424,1.092295295298127,-0.039500828832387924,-0.0015771446051076055,0.0
phase5_v12_hardware_unknown_r01_20260929_184546_956,/home/robo25/Downloads/rokuga_phase5_v12_hardware_unknown_r01_20260929_184546_956.tar.xz::phase5_v12_hardware_unknown_r01_20260929_184546_956,252,8.4,,,1,320.0,427.5,-0.020782793494480107,1.091039928141972,1.0912378518478332,0.009966258283819201,1.091039928141972,1.0910854462892534,3889.5,14,60,74,0.8108108108108109,0.8760135135135135,0.9601333004196495,True,True,accepted,0.01854589954018593,1.0920621156692505,-0.008579641580581665,-0.0010222196578979492,0.0012555682333186269,0.0,0.0012555682333186269,0.059459276497364044,1,0,0.016116203740239143,1.0917726755142212,1.0918916187161058,-0.051607340574264526,-0.0030195722356438637,0.0
phase5_v12_hardware_unknown_r01_20260929_184546_956,/home/robo25/Downloads/rokuga_phase5_v12_hardware_unknown_r01_20260929_184546_956.tar.xz::phase5_v12_hardware_unknown_r01_20260929_184546_956,253,8.433333333333334,,,1,328.5,427.0,0.0368189632258553,1.0940076722925733,1.0946270703248853,0.044970197356556246,1.0940076722925733,1.0949315529681762,3863.0,14,60,74,0.8108108108108109,0.8700450450450451,0.9558332302362984,True,True,accepted,0.014395958743989468,1.0916720628738403,0.030574236065149307,0.002335667610168457,0.0012555682333186269,0.0,0.0012555682333186269,0.7488555908203125,1,0,0.023054372519254684,1.0923335552215576,1.0925768165008922,-0.00846482627093792,0.00027622797642834485,0.0
phase5_v12_hardware_unknown_r01_20260929_184546_956,/home/robo25/Downloads/rokuga_phase5_v12_hardware_unknown_r01_20260929_184546_956.tar.xz::phase5_v12_hardware_unknown_r01_20260929_184546_956,254,8.466666666666667,,,1,328.5,427.0,0.0368189632258553,1.0955271841610892,1.0961457235645962,0.044970197356556246,1.0955271841610892,1.0964497844799883,3883.0,14,60,74,0.8108108108108109,0.8745495495495496,0.9591206619735705,True,True,accepted,0.022772211581468582,1.092342734336853,0.022197984158992767,0.0031844377517700195,0.0012555682333186269,0.0,0.0012555682333186269,0.4005287289619446,1,0,0.02905852720141411,1.0932445526123047,1.0936306734083465,0.02285817638039589,0.004769705701619387,0.0
phase5_v12_hardware_unknown_r01_20260929_184546_956,/home/robo25/Downloads/rokuga_phase5_v12_hardware_unknown_r01_20260929_184546_956.tar.xz::phase5_v12_hardware_unknown_r01_20260929_184546_956,255,8.5,,,1,328.5,427.0,0.0368189632258553,1.092380299216027,1.0930006194729824,0.044970197356556246,1.092380299216027,1.0933055550785353,3866.5,14,59,74,0.7972972972972973,0.885593220338983,0.9639740713039142,True,True,accepted,0.02982046641409397,1.0934035778045654,0.015149729326367378,-0.0010232925415039062,0.0012555682333186269,0.0,0.0012555682333186269,0.18363113701343536,1,0,0.034110765904188156,1.0931137800216675,1.0936458660936952,0.04423556849360466,0.003325764089822769,0.0
phase5_v12_hardware_unknown_r01_20260929_184546_956,/home/robo25/Downloads/rokuga_phase5_v12_hardware_unknown_r01_20260929_184546_956.tar.xz::phase5_v12_hardware_unknown_r01_20260929_184546_956,256,8.533333333333333,,,1,328.5,427.0,0.0368189632258553,1.096938618794003,1.0975563627690024,0.044970197356556246,1.096938618794003,1.0978600329969128,3854.5,14,59,73,0.8082191780821918,0.8949384722544694,0.9666457680250784,True,True,accepted,0.03558528423309326,1.0932246446609497,0.009384911507368088,0.00371396541595459,0.0012555682333186269,0.0,0.0012555682333186269,0.08113466203212738,1,0,0.03824302554130554,1.0942764282226562,1.0949444873445808,0.05747837573289871,0.008566444739699364,0.0
phase5_v12_hardware_unknown_r01_20260929_184546_956,/home/robo25/Downloads/rokuga_phase5_v12_hardware_unknown_r01_20260929_184546_956.tar.xz::phase5_v12_hardware_unknown_r01_20260929_184546_956,257,8.566666666666666,,,1,328.5,427.0,0.0368189632258553,1.092380299216027,1.0930006194729824,0.044970197356556246,1.092380299216027,1.0933055550785353,3864.5,14,60,74,0.8108108108108109,0.8703828828828829,0.9571517027863777,True,True,accepted,0.04015897214412689,1.0945619344711304,0.004811223596334457,-0.0021816492080688477,0.0012555682333186269,0.0,0.0012555682333186269,0.022226961329579353,1,0,0.041521478444337845,1.0939440727233887,1.094731778756257,0.0642673671245575,0.0054879761300981045,0.0
phase5_v12_hardware_unknown_r01_20260929_184546_956,/home/robo25/Downloads/rokuga_phase5_v12_hardware_unknown_r01_20260929_184546_956.tar.xz::phase5_v12_hardware_unknown_r01_20260929_184546_956,258,8.6,,,1,328.5,427.0,0.0368189632258553,1.096938618794003,1.0975563627690024,0.044970197356556246,1.096938618794003,1.0978600329969128,3862.0,14,59,73,0.8082191780821918,0.8966798235430694,0.9665874108371918,True,True,accepted,0.04366372525691986,1.0941270589828491,0.0013064704835414886,0.0028115510940551758,0.0012555682333186269,0.0,0.0012555682333186269,0.007655246648937464,1,0,0.0440337099134922,1.0949232578277588,1.0958083354952628,0.06611089408397675,0.009455283172428608,0.0
phase5_v12_hardware_unknown_r01_20260929_184546_956,/home/robo25/Downloads/rokuga_phase5_v12_hardware_unknown_r01_20260929_184546_956.tar.xz::phase5_v12_hardware_unknown_r01_20260929_184546_956,259,8.633333333333333,,,1,328.5,427.0,0.0368189632258553,1.096938618794003,1.0975563627690024,0.044970197356556246,1.096938618794003,1.0978600329969128,3864.5,14,59,74,0.7972972972972973,0.8851351351351351,0.9626354465064142,True,True,accepted,0.04623740538954735,1.095238447189331,-0.0012672096490859985,0.0017001628875732422,0.0012555682333186269,0.0,0.0012555682333186269,0.0035811467096209526,1,0,0.045878540724515915,1.0957199335098267,1.096679995800867,0.06432276964187622,0.011854339390993118,0.0
phase5_v12_hardware_unknown_r01_20260929_184546_956,/home/robo25/Downloads/rokuga_phase5_v12_hardware_unknown_r01_20260929_184546_956.tar.xz::phase5_v12_hardware_unknown_r01_20260929_184546_956,260,8.666666666666666,,,1,326.5,427.0,0.023269115708241805,1.096938618794003,1.0971853923323707,0.0367361075656111,1.096938618794003,1.097553586391465,3863.0,14,59,74,0.7972972972972973,0.8847915712322492,0.9631014709548741,True,True,accepted,0.04802263155579567,1.0961151123046875,-0.011286523193120956,0.0008234977722167969,0.0012555682333186269,0.0,0.0012555682333186269,0.10199665278196335,1,0,0.04482636600732803,1.0963482856750488,1.0972643102698827,0.04839664697647095,0.013016356155276299,0.0
phase5_v12_hardware_unknown_r01_20260929_184546_956,/home/robo25/Downloads/rokuga_phase5_v12_hardware_unknown_r01_20260929_184546_956.tar.xz::phase5_v12_hardware_unknown_r01_20260929_184546_956,261,8.7,,,1,328.5,427.0,0.0368189632258553,1.0955271841610892,1.0961457235645962,0.044970197356556246,1.0955271841610892,1.0964497844799883,3852.0,14,59,74,0.7972972972972973,0.8822721026110857,0.9602393119780631,True,True,accepted,0.04643958806991577,1.0967822074890137,-0.001469392329454422,-0.001255035400390625,0.0012555682333186269,0.0,0.0012555682333186269,0.002974133472889662,1,0,0.04602346569299698,1.0964268445968628,1.097392356883821,0.046323224902153015,0.011245408095419407,0.0
phase5_v12_hardware_unknown_r01_20260929_184546_956,/home/robo25/Downloads/rokuga_phase5_v12_hardware_unknown_r01_20260929_184546_956.tar.xz::phase5_v12_hardware_unknown_r01_20260929_184546_956,262,8.733333333333333,,,1,328.5,427.0,0.0368189632258553,1.096938618794003,1.0975563627690024,0.044970197356556246,1.096938618794003,1.0978600329969128,3851.5,14,59,73,0.8082191780821918,0.8942419317390294,0.9661357080145491,True,True,accepted,0.04756757244467735,1.0968016386032104,-0.0025973767042160034,0.00013697147369384766,0.0012555682333186269,0.0,0.0012555682333186269,0.005388100165873766,1,0,0.04683201387524605,1.0968403816223145,1.0978397243136158,0.042658135294914246,0.011438684538006783,0.0
phase5_v12_hardware_unknown_r01_20260929_184546_956,/home/robo25/Downloads/rokuga_phase5_v12_hardware_unknown_r01_20260929_184546_956.tar.xz::phase5_v12_hardware_unknown_r01_20260929_184546_956,263,8.766666666666667,,,1,328.5,427.0,0.0368189632258553,1.0955271841610892,1.0961457235645962,0.044970197356556246,1.0955271841610892,1.0964497844799883,3850.0,14,59,74,0.7972972972972973,0.8818140174072377,0.9600997506234414,True,True,accepted,0.04825395345687866,1.0972216129302979,-0.0032837577164173126,-0.0016944408416748047,0.0012555682333186269,0.0,0.0012555682333186269,0.010874912142753601,1,0,0.04732401669025421,1.096741795539856,1.0977623279379225,0.03802451118826866,0.009047702886164188,0.0
phase5_v12_hardware_unknown_r01_20260929_184546_956,/home/robo25/Downloads/rokuga_phase5_v12_hardware_unknown_r01_20260929_184546_956.tar.xz::phase5_v12_hardware_unknown_r01_20260929_184546_956,264,8.8,,,1,328.5,427.0,0.0368189632258553,1.096938618794003,1.0975563627690024,0.044970197356556246,1.096938618794003,1.0978600329969128,3842.5,14,60,73,0.821917808219178,0.877283105022831,0.9596653346653347,True,True,accepted,0.048591502010822296,1.0970433950424194,-0.0036213062703609467,-0.00010478496551513672,0.0012555682333186269,0.0,0.0012555682333186269,0.010453306138515472,1,0,0.04756597429513931,1.0970137119293213,1.0980444463097083,0.032914578914642334,0.008899843320250511,0.0
phase5_v12_hardware_unknown_r01_20260929_184546_956,/home/robo25/Downloads/rokuga_phase5_v12_hardware_unknown_r01_20260929_184546_956.tar.xz::phase5_v12_hardware_unknown_r01_20260929_184546_956,265,8.833333333333334,,,1,328.5,427.0,0.0368189632258553,1.096938618794003,1.0975563627690024,0.044970197356556246,1.096938618794003,1.0978600329969128,3841.0,14,59,73,0.8082191780821918,0.8918040399349896,0.9641064257028112,True,True,accepted,0.04866312816739082,1.0973104238510132,-0.003692932426929474,-0.0003718137741088867,0.0012555682333186269,0.0,0.0012555682333186269,0.010971920564770699,1,0,0.047617316246032715,1.0972051620483398,1.098237941628315,0.027703577652573586,0.00837518647313118,0.0
phase5_v12_hardware_unknown_r01_20260929_184546_956,/home/robo25/Downloads/rokuga_phase5_v12_hardware_unknown_r01_20260929_184546_956.tar.xz::phase5_v12_hardware_unknown_r01_20260929_184546_956,266,8.866666666666667,,,1,328.5,427.0,0.0368189632258553,1.096938618794003,1.0975563627690024,0.044970197356556246,1.096938618794003,1.0978600329969128,3842.0,14,59,73,0.8082191780821918,0.8920362201068028,0.9638735574510787,True,True,accepted,0.04854076728224754,1.0974843502044678,-0.003570571541786194,-0.0005457401275634766,0.0012555682333186269,0.0,0.0012555682333186269,0.010391161777079105,1,0,0.04752960428595543,1.09732985496521,1.0983587182162065,0.02266523614525795,0.007605106569826603,0.0
phase5_v12_hardware_unknown_r01_20260929_184546_956,/home/robo25/Downloads/rokuga_phase5_v12_hardware_unknown_r01_20260929_184546_956.tar.xz::phase5_v12_hardware_unknown_r01_20260929_184546_956,267,8.9,,,1,328.5,427.0,0.0368189632258553,1.092380299216027,1.0930006194729824,0.044970197356556246,1.092380299216027,1.0933055550785353,3862.0,14,60,74,0.8108108108108109,0.8698198198198198,0.9560589181829434,True,True,accepted,0.048285111784935,1.0975834131240845,-0.003314916044473648,-0.005203127861022949,0.0012555682333186269,0.0,0.0012555682333186269,0.03031393140554428,1,0,0.04734634980559349,1.0961098670959473,1.097131950854139,0.01798764429986477,0.0002631073002703488,0.0
phase5_v12_hardware_unknown_r01_20260929_184546_956,/home/robo25/Downloads/rokuga_phase5_v12_hardware_unknown_r01_20260929_184546_956.tar.xz::phase5_v12_hardware_unknown_r01_20260929_184546_956,268,8.933333333333334,,,1,328.5,427.0,0.0368189632258553,1.096938618794003,1.0975563627690024,0.044970197356556246,1.096938618794003,1.0978600329969128,3846.0,14,59,73,0.8082191780821918,0.8929649407940562,0.9647560516744011,True,True,accepted,0.047945939004421234,1.096118688583374,-0.0029757432639598846,0.0008199214935302734,0.0012555682333186269,0.0,0.0012555682333186269,0.007588053587824106,1,0,0.04710322991013527,1.096350908279419,1.097362304962711,0.013788649812340736,0.0014200772857293487,0.0
phase5_v12_hardware_unknown_r01_20260929_184546_956,/home/robo25/Downloads/rokuga_phase5_v12_hardware_unknown_r01_20260929_184546_956.tar.xz::phase5_v12_hardware_unknown_r01_20260929_184546_956,269,8.966666666666667,,,1,328.5,427.0,0.0368189632258553,1.096938618794003,1.0975563627690024,0.044970197356556246,1.096938618794003,1.0978600329969128,3848.0,14,59,73,0.8082191780821918,0.8934293011376828,0.9668341708542714,True,True,accepted,0.0475628525018692,1.0963982343673706,-0.002592656761407852,0.0005403757095336914,0.0012555682333186269,0.0,0.0012555682333186269,0.005586216226220131,1,0,0.046828631311655045,1.0965512990951538,1.0975507606747819,0.010130219161510468,0.0021825875155627728,0.0
phase5_v12_hardware_unknown_r01_20260929_184546_956,/home/robo25/Downloads/rokuga_phase5_v12_hardware_unknown_r01_20260929_184546_956.tar.xz::phase5_v12_hardware_unknown_r01_20260929_184546_956,270,9.0,,,1,328.5,427.0,0.0368189632258553,1.096938618794003,1.0975563627690024,0.044970197356556246,1.096938618794003,1.0978600329969128,3857.0,14,59,73,0.8082191780821918,0.8955189226840028,0.9656985478217326,True,True,accepted,0.047166306525468826,1.0966240167617798,-0.002196110785007477,0.0003145933151245117,0.0012555682333186269,0.0,0.0012555682333186269,0.003920034971088171,1,0,0.046544384211301804,1.0967130661010742,1.0977002910897073,0.007031343877315521,0.0026265019550919533,0.0
phase5_v12_hardware_unknown_r01_20260929_184546_956,/home/robo25/Downloads/rokuga_phase5_v12_hardware_unknown_r01_20260929_184546_956.tar.xz::phase5_v12_hardware_unknown_r01_20260929_184546_956,271,9.033333333333333,,,1,320.0,427.5,-0.020782793494480107,1.091039928141972,1.0912378518478332,0.009966258283819201,1.091039928141972,1.0910854462892534,3847.0,14,59,74,0.7972972972972973,0.8811268896014659,0.9603095356964553,True,True,accepted,0.046778760850429535,1.0968005657196045,-0.03681250289082527,-0.005760669708251953,0.0012555682333186269,0.0,0.0012555682333186269,1.1057509183883667,1,0,0.036353714764118195,1.095169186592102,1.095772394175888,-0.04491382837295532,-0.005502230022102594,0.0
phase5_v12_hardware_unknown_r01_20260929_184546_956,/home/robo25/Downloads/rokuga_phase5_v12_hardware_unknown_r01_20260929_184546_956.tar.xz::phase5_v12_hardware_unknown_r01_20260929_184546_956,272,9.066666666666666,,,1,328.5,427.0,0.0368189632258553,1.096938618794003,1.0975563627690024,0.044970197356556246,1.096938618794003,1.0978600329969128,3864.0,14,59,73,0.8082191780821918,0.897144183886696,0.9673300788584304,True,True,accepted,0.034856587648391724,1.0949857234954834,0.010113608092069626,0.0019528865814208984,0.0012555682333186269,0.0,0.0012555682333186269,0.08450264483690262,1,0,0.0377206914126873,1.0955387353897095,1.0961879269997161,-0.030642777681350708,-0.0027465622406452894,0.0
phase5_v12_hardware_unknown_r01_20260929_184546_956,/home/robo25/Downloads/rokuga_phase5_v12_hardware_unknown_r01_20260929_184546_956.tar.xz::phase5_v12_hardware_unknown_r01_20260929_184546_956,273,9.1,,,1,328.5,427.0,0.0368189632258553,1.096938618794003,1.0975563627690024,0.044970197356556246,1.096938618794003,1.0978600329969128,3852.5,14,59,73,0.8082191780821918,0.8944741119108428,0.9674786539427424,True,True,accepted,0.036699265241622925,1.0954471826553345,0.008270930498838425,0.0014914274215698242,0.0012555682333186269,0.0,0.0012555682333186269,0.0562555231153965,1,0,0.039041534066200256,1.095869541168213,1.0965647690138836,-0.0189718808978796,-0.0006420475547201931,0.0
phase5_v12_hardware_unknown_r01_20260929_184546_956,/home/robo25/Downloads/rokuga_phase5_v12_hardware_unknown_r01_20260929_184546_956.tar.xz::phase5_v12_hardware_unknown_r01_20260929_184546_956,274,9.133333333333333,,,1,328.5,427.0,0.0368189632258553,1.092380299216027,1.0930006194729824,0.044970197356556246,1.092380299216027,1.0933055550785353,3851.5,14,59,74,0.7972972972972973,0.8821575813101237,0.9620332209316848,True,True,accepted,0.03840913623571396,1.0958480834960938,0.006561059504747391,-0.0034677982330322266,0.0012555682333186269,0.0,0.0012555682333186269,0.04386310651898384,1,0,0.040267184376716614,1.0948660373687744,1.0956062640936437,-0.009713739156723022,-0.005535367876291275,0.0
phase5_v12_hardware_unknown_r01_20260929_184546_956,/home/robo25/Downloads/rokuga_phase5_v12_hardware_unknown_r01_20260929_184546_956.tar.xz::phase5_v12_hardware_unknown_r01_20260929_184546_956,275,9.166666666666666,,,1,326.5,427.0,0.023269115708241805,1.0947809241298405,1.095028183922419,0.0367361075656111,1.0947809241298405,1.095397103080732,3847.0,14,60,74,0.8108108108108109,0.8664414414414414,0.9556576822754937,True,True,accepted,0.0399433933198452,1.0946815013885498,-0.0032072849571704865,9.942054748535156e-05,0.0012555682333186269,0.0,0.0012555682333186269,0.008200718089938164,1,0,0.03903511166572571,1.0947096347808838,1.0954053699087163,-0.014239456504583359,-0.005395078100264072,0.0
phase5_v12_hardware_unknown_r01_20260929_184546_956,/home/robo25/Downloads/rokuga_phase5_v12_hardware_unknown_r01_20260929_184546_956.tar.xz::phase5_v12_hardware_unknown_r01_20260929_184546_956,276,9.2,,,1,328.5,427.0,0.0368189632258553,1.096938618794003,1.0975563627690024,0.044970197356556246,1.096938618794003,1.0978600329969128,3838.0,14,59,74,0.7972972972972973,0.8790655061841502,0.9584217755025596,True,True,accepted,0.03856046125292778,1.0945297479629517,0.006409734487533569,0.0024088621139526367,0.0012555682333186269,0.0,0.0012555682333186269,0.037343498319387436,1,0,0.04037565365433693,1.0952118635177612,1.09595584737619,-0.005194845609366894,-0.0019959949422627687,0.0
phase5_v12_hardware_unknown_r01_20260929_184546_956,/home/robo25/Downloads/rokuga_phase5_v12_hardware_unknown_r01_20260929_184546_956.tar.xz::phase5_v12_hardware_unknown_r01_20260929_184546_956,277,9.233333333333333,,,1,328.5,427.0,0.0368189632258553,1.096938618794003,1.0975563627690024,0.044970197356556246,1.096938618794003,1.0978600329969128,3843.5,14,59,73,0.8082191780821918,0.8923844903645228,0.9659462176426238,True,True,accepted,0.040202490985393524,1.095145344734192,0.004767704755067825,0.0017932653427124023,0.0012555682333186269,0.0,0.0012555682333186269,0.02066539227962494,1,0,0.041552670300006866,1.0956531763076782,1.096440836143093,0.001532739377580583,0.0005344354431144893,0.0
phase5_v12_hardware_unknown_r01_20260929_184546_956,/home/robo25/Downloads/rokuga_phase5_v12_hardware_unknown_r01_20260929_184546_956.tar.xz::phase5_v12_hardware_unknown_r01_20260929_184546_956,278,9.266666666666667,,,1,328.5,427.0,0.0368189632258553,1.096938618794003,1.0975563627690024,0.044970197356556246,1.096938618794003,1.0978600329969128,3846.5,14,59,73,0.8082191780821918,0.8930810308799628,0.9647604715324806,True,True,accepted,0.04160376265645027,1.0956709384918213,0.003366433084011078,0.0012676715850830078,0.0012555682333186269,0.0,0.0012555682333186269,0.010305981151759624,1,0,0.042557112872600555,1.0960298776626587,1.0968557793006672,0.006283026188611984,0.002323213964700699,0.0
phase5_v12_hardware_unknown_r01_20260929_184546_956,/home/robo25/Downloads/rokuga_phase5_v12_hardware_unknown_r01_20260929_184546_956.tar.xz::phase5_v12_hardware_unknown_r01_20260929_184546_956,279,9.3,,,1,328.5,427.0,0.0368189632258553,1.096938618794003,1.0975563627690024,0.044970197356556246,1.096938618794003,1.0978600329969128,3844.0,14,59,73,0.8082191780821918,0.8925005804504296,0.966436203645506,True,True,accepted,0.042766548693180084,1.0961073637008667,0.0022036470472812653,0.0008312463760375977,0.0012555682333186269,0.0,0.0012555682333186269,0.004417944699525833,1,0,0.043390605598688126,1.0963428020477295,1.0972011138602111,0.00939253531396389,0.003496164223179221,0.0
phase5_v12_hardware_unknown_r01_20260929_184546_956,/home/robo25/Downloads/rokuga_phase5_v12_hardware_unknown_r01_20260929_184546_956.tar.xz::phase5_v12_hardware_unknown_r01_20260929_184546_956,280,9.333333333333334,,,1,328.5,427.0,0.0368189632258553,1.096938618794003,1.0975563627690024,0.044970197356556246,1.096938618794003,1.0978600329969128,3849.5,14,59,73,0.8082191780821918,0.8937775713954028,0.967454134204574,True,True,accepted,0.04370369017124176,1.0964593887329102,0.0012665055692195892,0.0004792213439941406,0.0012555682333186269,0.0,0.0012555682333186269,0.0014604459283873439,1,0,0.044062357395887375,1.096595048904419,1.0974799281175798,0.011179668828845024,0.004172381013631821,0.0
phase5_v12_hardware_unknown_r01_20260929_184546_956,/home/robo25/Downloads/rokuga_phase5_v12_hardware_unknown_r01_20260929_184546_956.tar.xz::phase5_v12_hardware_unknown_r01_20260929_184546_956,281,9.366666666666667,,,1,328.5,427.0,0.0368189632258553,1.096938618794003,1.0975563627690024,0.044970197356556246,1.096938618794003,1.0978600329969128,3848.5,14,59,73,0.8082191780821918,0.8935453912235896,0.9658677374827457,True,True,accepted,0.044435013085603714,1.0967341661453247,0.0005351826548576355,0.00020444393157958984,0.0012555682333186269,0.0,0.0012555682333186269,0.0002614097611512989,1,0,0.04458657279610634,1.0967921018600464,1.0976979899664028,0.011934851296246052,0.004460866563022137,0.0
phase5_v12_hardware_unknown_r01_20260929_184546_956,/home/robo25/Downloads/rokuga_phase5_v12_hardware_unknown_r01_20260929_184546_956.tar.xz::phase5_v12_hardware_unknown_r01_20260929_184546_956,282,9.4,,,1,328.5,427.0,0.0368189632258553,1.0955271841610892,1.0961457235645962,0.044970197356556246,1.0955271841610892,1.0964497844799883,3850.5,14,59,74,0.7972972972972973,0.8819285387081998,0.962143928035982,True,True,accepted,0.044984400272369385,1.0969407558441162,-1.4204531908035278e-05,-0.001413583755493164,0.0012555682333186269,0.0,0.0012555682333186269,0.001591646345332265,1,0,0.044980376958847046,1.0965404510498047,1.0974626167208927,0.011914807371795177,0.0024661950301378965,0.0
phase5_v12_hardware_unknown_r01_20260929_184546_956,/home/robo25/Downloads/rokuga_phase5_v12_hardware_unknown_r01_20260929_184546_956.tar.xz::phase5_v12_hardware_unknown_r01_20260929_184546_956,283,9.433333333333334,,,1,328.5,427.0,0.0368189632258553,1.096938618794003,1.0975563627690024,0.044970197356556246,1.096938618794003,1.0978600329969128,3849.5,14,59,73,0.8082191780821918,0.8937775713954028,0.9668466658294612,True,True,accepted,0.04537753760814667,1.0966227054595947,-0.000407341867685318,0.0003159046173095703,0.0012555682333186269,0.0,0.0012555682333186269,0.00021163575001992285,1,0,0.045262180268764496,1.0967121124267578,1.0976457181195778,0.011340017430484295,0.0029119597747921944,0.0
phase5_v12_hardware_unknown_r01_20260929_184546_956,/home/robo25/Downloads/rokuga_phase5_v12_hardware_unknown_r01_20260929_184546_956.tar.xz::phase5_v12_hardware_unknown_r01_20260929_184546_956,284,9.466666666666667,,,1,328.5,427.0,0.0368189632258553,1.0955271841610892,1.0961457235645962,0.044970197356556246,1.0955271841610892,1.0964497844799883,3856.5,14,59,74,0.7972972972972973,0.8833027943197435,0.9626809785322017,True,True,accepted,0.04564018175005913,1.0968091487884521,-0.0006699860095977783,-0.0012819766998291016,0.0012555682333186269,0.0,0.0012555682333186269,0.001666452968493104,1,0,0.045450445264577866,1.09644615650177,1.097387769697773,0.010394617915153503,0.0011029955931007862,0.0
phase5_v12_hardware_unknown_r01_20260929_184546_956,/home/robo25/Downloads/rokuga_phase5_v12_hardware_unknown_r01_20260929_184546_956.tar.xz::phase5_v12_hardware_unknown_r01_20260929_184546_956,285,9.5,,,1,328.5,427.0,0.0368189632258553,1.096938618794003,1.0975563627690024,0.044970197356556246,1.096938618794003,1.0978600329969128,3856.5,14,60,73,0.821917808219178,0.8804794520547945,0.9631618381618382,True,True,accepted,0.04579693078994751,1.0964828729629517,-0.0008267350494861603,0.0004557371139526367,0.0012555682333186269,0.0,0.0012555682333186269,0.00070978794246912,1,0,0.045562803745269775,1.0966119766235352,1.097558106142589,0.009228033013641834,0.0017460744129493833,0.0
phase5_v12_hardware_unknown_r01_20260929_184546_956,/home/robo25/Downloads/rokuga_phase5_v12_hardware_unknown_r01_20260929_184546_956.tar.xz::phase5_v12_hardware_unknown_r01_20260929_184546_956,286,9.533333333333333,,,1,328.5,427.0,0.0368189632258553,1.096938618794003,1.0975563627690024,0.044970197356556246,1.096938618794003,1.0978600329969128,3840.0,14,59,73,0.8082191780821918,0.8915718597631762,0.9642184557438794,True,True,accepted,0.045870404690504074,1.096670150756836,-0.0009002089500427246,0.0002684593200683594,0.0012555682333186269,0.0,0.0012555682333186269,0.0007028264226391912,1,0,0.04561547189950943,1.0967462062835693,1.097694407507853,0.00795777142047882,0.0021248904522508383,0.0
phase5_v12_hardware_unknown_r01_20260929_184546_956,/home/robo25/Downloads/rokuga_phase5_v12_hardware_unknown_r01_20260929_184546_956.tar.xz::phase5_v12_hardware_unknown_r01_20260929_184546_956,287,9.566666666666666,,,1,310.5,428.0,-0.08516352788376613,1.0901260469776162,1.0934475866636924,-0.029157189199945532,1.0901260469776162,1.0905159054232474,3852.5,14,59,74,0.7972972972972973,0.8823866239120477,0.9619225967540574,True,True,accepted,0.04588073119521141,1.0968170166015625,-0.07503791898488998,-0.00669097900390625,0.0012555682333186269,0.0,0.0012555682333186269,4.520230770111084,1,0,0.024630509316921234,1.0949221849441528,1.0951991841998827,-0.0979262962937355,-0.00731657724827528,0.0
phase5_v12_hardware_unknown_r01_20260929_184546_956,/home/robo25/Downloads/rokuga_phase5_v12_hardware_unknown_r01_20260929_184546_956.tar.xz::phase5_v12_hardware_unknown_r01_20260929_184546_956,288,9.6,,,1,320.0,427.5,-0.020782793494480107,1.091039928141972,1.0912378518478332,0.009966258283819201,1.091039928141972,1.0910854462892534,3838.5,14,59,74,0.7972972972972973,0.8791800274851123,0.9577095808383234,True,True,accepted,0.0213663000613451,1.094678282737732,-0.011400042101740837,-0.0036383867263793945,0.0012555682333186269,0.0,0.0012555682333186269,0.11405099928379059,1,0,0.018137887120246887,1.0936479568481445,1.093798352744832,-0.11401259899139404,-0.012450610287487507,0.0
phase5_v12_hardware_unknown_r01_20260929_184546_956,/home/robo25/Downloads/rokuga_phase5_v12_hardware_unknown_r01_20260929_184546_956.tar.xz::phase5_v12_hardware_unknown_r01_20260929_184546_956,289,9.633333333333333,,,1,328.5,427.0,0.0368189632258553,1.096938618794003,1.0975563627690024,0.044970197356556246,1.096938618794003,1.0978600329969128,3824.5,14,59,73,0.8082191780821918,0.8879730671000696,0.9617754306550987,True,True,accepted,0.014337467029690742,1.0932329893112183,0.030632728710770607,0.003705620765686035,0.0012555682333186269,0.0,0.0012555682333186269,0.7582986354827881,1,0,0.023012444376945496,1.0942823886871338,1.0945243344882842,-0.07078754901885986,-0.007221704348921776,0.0
phase5_v12_hardware_unknown_r01_20260929_184546_956,/home/robo25/Downloads/rokuga_phase5_v12_hardware_unknown_r01_20260929_184546_956.tar.xz::phase5_v12_hardware_unknown_r01_20260929_184546_956,290,9.666666666666666,,,1,320.0,427.5,-0.020782793494480107,1.091039928141972,1.0912378518478332,0.009966258283819201,1.091039928141972,1.0910854462892534,3803.5,14,59,74,0.7972972972972973,0.8711635364177737,0.9505185555416719,True,True,accepted,0.020652858540415764,1.0940417051315308,-0.0106866005808115,-0.0030018091201782227,0.0012555682333186269,0.0,0.0012555682333186269,0.09813428670167923,1,0,0.017626486718654633,1.0931916236877441,1.0933337181003289,-0.08586713671684265,-0.011457479558885098,0.0
phase5_v12_hardware_unknown_r01_20260929_184546_956,/home/robo25/Downloads/rokuga_phase5_v12_hardware_unknown_r01_20260929_184546_956.tar.xz::phase5_v12_hardware_unknown_r01_20260929_184546_956,291,9.7,,,1,326.5,427.0,0.023269115708241805,1.0982417495004286,1.0984882302927081,0.0367361075656111,1.0982417495004286,1.0988559878095192,2934.5,18,56,58,0.9655172413793104,0.9034790640394089,0.9681623226657868,True,True,accepted,0.01476424839347601,1.0928096771240234,0.02197185903787613,0.00543212890625,0.0012555682333186269,0.0,0.0012555682333186269,0.40799903869628906,1,0,0.02098652720451355,1.0943480730056763,1.0945492858776815,-0.05486321449279785,-0.0037923427298665047,0.0
phase5_v12_hardware_unknown_r01_20260929_184546_956,/home/robo25/Downloads/rokuga_phase5_v12_hardware_unknown_r01_20260929_184546_956.tar.xz::phase5_v12_hardware_unknown_r01_20260929_184546_956,292,9.733333333333333,,,1,327.5,427.0,0.030046860660591056,1.0976037367232512,1.0980149255380827,0.04085486686863818,1.0976037367232512,1.0983638208789008,2485.5,16,55,50,1.1,0.9038181818181819,0.964680768484378,True,True,accepted,0.01915775239467621,1.0942217111587524,0.021697115153074265,0.003381967544555664,0.0012555682333186269,0.0,0.0012555682333186269,0.38405123353004456,1,0,0.025302225723862648,1.0951794385910034,1.0954716816691734,-0.024246975779533386,0.0009798642713576555,0.0
phase5_v12_hardware_unknown_r01_20260929_184546_956,/home/robo25/Downloads/rokuga_phase5_v12_hardware_unknown_r01_20260929_184546_956.tar.xz::phase5_v12_hardware_unknown_r01_20260929_184546_956,293,9.766666666666667,,,1,327.0,427.0,0.026659397611730085,1.0979295231087762,1.0982531407625862,0.03879634371023567,1.0979295231087762,1.0986147614150956,1935.5,17,55,42,1.3095238095238095,0.8378787878787879,0.904862085086489,True,True,accepted,0.0244939923286438,1.0952121019363403,0.014302350580692291,0.0027173757553100586,0.0012555682333186269,0.0,0.0012555682333186269,0.16880114376544952,1,0,0.028544319793581963,1.0959815979003906,1.096353246508064,-0.004065298475325108,0.004814282990992069,0.0
phase5_v12_hardware_unknown_r01_20260929_184546_956,/home/robo25/Downloads/rokuga_phase5_v12_hardware_unknown_r01_20260929_184546_956.tar.xz::phase5_v12_hardware_unknown_r01_20260929_184546_956,294,9.8,,,1,326.0,427.0,0.019878833804753523,1.0985539758920808,1.098733819440239,0.034675871420986513,1.0985539758920808,1.0991011118214298,1649.5,15,53,36,1.4722222222222223,0.864517819706499,0.9292957746478874,True,True,accepted,0.02840881049633026,1.096142053604126,0.0062670595943927765,0.002411961555480957,0.0012555682333186269,0.0,0.0012555682333186269,0.035914890468120575,1,0,0.030183598399162292,1.096825122833252,1.0972403563898387,0.004777987487614155,0.00821773987263441,0.0
phase5_v12_hardware_unknown_r01_20260929_184546_956,/home/robo25/Downloads/rokuga_phase5_v12_hardware_unknown_r01_20260929_184546_956.tar.xz::phase5_v12_hardware_unknown_r01_20260929_184546_956,295,9.833333333333334,,,0,,,,,,,,,,,,,,,,False,False,no_detection,0.030342863872647285,1.0970990657806396,,,,,,,1,1,0.030342863872647285,1.0970990657806396,1.097518587325402,0.004777987487614155,0.00821773987263441,0.033333333333333215
phase5_v12_hardware_unknown_r01_20260929_184546_956,/home/robo25/Downloads/rokuga_phase5_v12_hardware_unknown_r01_20260929_184546_956.tar.xz::phase5_v12_hardware_unknown_r01_20260929_184546_956,296,9.866666666666667,,,0,,,,,,,,,,,,,,,,False,False,no_detection,0.03050212934613228,1.0973730087280273,,,,,,,1,1,0.03050212934613228,1.0973730087280273,1.097796839209993,0.004777987487614155,0.00821773987263441,0.06666666666666643
phase5_v12_hardware_unknown_r01_20260929_184546_956,/home/robo25/Downloads/rokuga_phase5_v12_hardware_unknown_r01_20260929_184546_956.tar.xz::phase5_v12_hardware_unknown_r01_20260929_184546_956,297,9.9,,,0,,,,,,,,,,,,,,,,False,False,no_detection,0.03066139481961727,1.097646951675415,,,,,,,1,1,0.03066139481961727,1.097646951675415,1.0980751120276862,0.004777987487614155,0.00821773987263441,0.09999999999999964
phase5_v12_hardware_unknown_r01_20260929_184546_956,/home/robo25/Downloads/rokuga_phase5_v12_hardware_unknown_r01_20260929_184546_956.tar.xz::phase5_v12_hardware_unknown_r01_20260929_184546_956,298,9.933333333333334,,,0,,,,,,,,,,,,,,,,False,False,no_detection,0.030820660293102264,1.0979208946228027,,,,,,,1,1,0.030820660293102264,1.0979208946228027,1.0983534057625708,0.004777987487614155,0.00821773987263441,0.13333333333333286
phase5_v12_hardware_unknown_r01_20260929_184546_956,/home/robo25/Downloads/rokuga_phase5_v12_hardware_unknown_r01_20260929_184546_956.tar.xz::phase5_v12_hardware_unknown_r01_20260929_184546_956,299,9.966666666666667,,,0,,,,,,,,,,,,,,,,False,False,no_detection,0.030979925766587257,1.0981948375701904,,,,,,,1,1,0.030979925766587257,1.0981948375701904,1.0986317203987515,0.004777987487614155,0.00821773987263441,0.16666666666666607
phase5_v12_hardware_unknown_r01_20260929_184546_956,/home/robo25/Downloads/rokuga_phase5_v12_hardware_unknown_r01_20260929_184546_956.tar.xz::phase5_v12_hardware_unknown_r01_20260929_184546_956,300,10.0,,,0,,,,,,,,,,,,,,,,False,False,no_detection,0.03113919124007225,1.0984687805175781,,,,,,,1,1,0.03113919124007225,1.0984687805175781,1.0989100559203473,0.004777987487614155,0.00821773987263441,0.1999999999999993
phase5_v12_hardware_unknown_r01_20260929_184546_956,/home/robo25/Downloads/rokuga_phase5_v12_hardware_unknown_r01_20260929_184546_956.tar.xz::phase5_v12_hardware_unknown_r01_20260929_184546_956,301,10.033333333333333,,,0,,,,,,,,,,,,,,,,False,False,no_detection,0.03129845857620239,1.0987427234649658,,,,,,,1,1,0.03129845857620239,1.0987427234649658,1.0991884123645304,0.004777987487614155,0.00821773987263441,0.2333333333333325
phase5_v12_hardware_unknown_r01_20260929_184546_956,/home/robo25/Downloads/rokuga_phase5_v12_hardware_unknown_r01_20260929_184546_956.tar.xz::phase5_v12_hardware_unknown_r01_20260929_184546_956,302,10.066666666666666,,,0,,,,,,,,,,,,,,,,False,False,track_expired,0.031457725912332535,1.0990166664123535,,,,,,,0,,,,,,,
phase5_v12_hardware_unknown_r01_20260929_184546_956,/home/robo25/Downloads/rokuga_phase5_v12_hardware_unknown_r01_20260929_184546_956.tar.xz::phase5_v12_hardware_unknown_r01_20260929_184546_956,303,10.1,,,0,,,,,,,,,,,,,,,,False,False,no_detection,,,,,,,,,0,,,,,,,
phase5_v12_hardware_unknown_r01_20260929_184546_956,/home/robo25/Downloads/rokuga_phase5_v12_hardware_unknown_r01_20260929_184546_956.tar.xz::phase5_v12_hardware_unknown_r01_20260929_184546_956,304,10.133333333333333,,,0,,,,,,,,,,,,,,,,False,False,no_detection,,,,,,,,,0,,,,,,,
phase5_v12_hardware_unknown_r01_20260929_184546_956,/home/robo25/Downloads/rokuga_phase5_v12_hardware_unknown_r01_20260929_184546_956.tar.xz::phase5_v12_hardware_unknown_r01_20260929_184546_956,305,10.166666666666666,,,0,,,,,,,,,,,,,,,,False,False,no_detection,,,,,,,,,0,,,,,,,
phase5_v12_hardware_unknown_r01_20260929_184546_956,/home/robo25/Downloads/rokuga_phase5_v12_hardware_unknown_r01_20260929_184546_956.tar.xz::phase5_v12_hardware_unknown_r01_20260929_184546_956,306,10.2,,,0,,,,,,,,,,,,,,,,False,False,no_detection,,,,,,,,,0,,,,,,,
phase5_v12_hardware_unknown_r01_20260929_184546_956,/home/robo25/Downloads/rokuga_phase5_v12_hardware_unknown_r01_20260929_184546_956.tar.xz::phase5_v12_hardware_unknown_r01_20260929_184546_956,307,10.233333333333333,,,0,,,,,,,,,,,,,,,,False,False,no_detection,,,,,,,,,0,,,,,,,
phase5_v12_hardware_unknown_r01_20260929_184546_956,/home/robo25/Downloads/rokuga_phase5_v12_hardware_unknown_r01_20260929_184546_956.tar.xz::phase5_v12_hardware_unknown_r01_20260929_184546_956,308,10.266666666666667,,,0,,,,,,,,,,,,,,,,False,False,no_detection,,,,,,,,,0,,,,,,,
phase5_v12_hardware_unknown_r01_20260929_184546_956,/home/robo25/Downloads/rokuga_phase5_v12_hardware_unknown_r01_20260929_184546_956.tar.xz::phase5_v12_hardware_unknown_r01_20260929_184546_956,309,10.3,,,0,,,,,,,,,,,,,,,,False,False,no_detection,,,,,,,,,0,,,,,,,
phase5_v12_hardware_unknown_r01_20260929_184546_956,/home/robo25/Downloads/rokuga_phase5_v12_hardware_unknown_r01_20260929_184546_956.tar.xz::phase5_v12_hardware_unknown_r01_20260929_184546_956,310,10.333333333333334,,,0,,,,,,,,,,,,,,,,False,False,no_detection,,,,,,,,,0,,,,,,,
phase5_v12_hardware_unknown_r01_20260929_184546_956,/home/robo25/Downloads/rokuga_phase5_v12_hardware_unknown_r01_20260929_184546_956.tar.xz::phase5_v12_hardware_unknown_r01_20260929_184546_956,311,10.366666666666667,,,0,,,,,,,,,,,,,,,,False,False,no_detection,,,,,,,,,0,,,,,,,
phase5_v12_hardware_unknown_r01_20260929_184546_956,/home/robo25/Downloads/rokuga_phase5_v12_hardware_unknown_r01_20260929_184546_956.tar.xz::phase5_v12_hardware_unknown_r01_20260929_184546_956,312,10.4,,,0,,,,,,,,,,,,,,,,False,False,no_detection,,,,,,,,,0,,,,,,,
phase5_v12_hardware_unknown_r01_20260929_184546_956,/home/robo25/Downloads/rokuga_phase5_v12_hardware_unknown_r01_20260929_184546_956.tar.xz::phase5_v12_hardware_unknown_r01_20260929_184546_956,313,10.433333333333334,,,0,,,,,,,,,,,,,,,,False,False,no_detection,,,,,,,,,0,,,,,,,
phase5_v12_hardware_unknown_r01_20260929_184546_956,/home/robo25/Downloads/rokuga_phase5_v12_hardware_unknown_r01_20260929_184546_956.tar.xz::phase5_v12_hardware_unknown_r01_20260929_184546_956,314,10.466666666666667,,,0,,,,,,,,,,,,,,,,False,False,no_detection,,,,,,,,,0,,,,,,,
phase5_v12_hardware_unknown_r01_20260929_184546_956,/home/robo25/Downloads/rokuga_phase5_v12_hardware_unknown_r01_20260929_184546_956.tar.xz::phase5_v12_hardware_unknown_r01_20260929_184546_956,315,10.5,,,0,,,,,,,,,,,,,,,,False,False,no_detection,,,,,,,,,0,,,,,,,
phase5_v12_hardware_unknown_r01_20260929_184546_956,/home/robo25/Downloads/rokuga_phase5_v12_hardware_unknown_r01_20260929_184546_956.tar.xz::phase5_v12_hardware_unknown_r01_20260929_184546_956,316,10.533333333333333,,,0,,,,,,,,,,,,,,,,False,False,no_detection,,,,,,,,,0,,,,,,,
phase5_v12_hardware_unknown_r01_20260929_184546_956,/home/robo25/Downloads/rokuga_phase5_v12_hardware_unknown_r01_20260929_184546_956.tar.xz::phase5_v12_hardware_unknown_r01_20260929_184546_956,317,10.566666666666666,,,0,,,,,,,,,,,,,,,,False,False,no_detection,,,,,,,,,0,,,,,,,
phase5_v12_hardware_unknown_r01_20260929_184546_956,/home/robo25/Downloads/rokuga_phase5_v12_hardware_unknown_r01_20260929_184546_956.tar.xz::phase5_v12_hardware_unknown_r01_20260929_184546_956,318,10.6,,,0,,,,,,,,,,,,,,,,False,False,no_detection,,,,,,,,,0,,,,,,,
phase5_v12_hardware_unknown_r01_20260929_184546_956,/home/robo25/Downloads/rokuga_phase5_v12_hardware_unknown_r01_20260929_184546_956.tar.xz::phase5_v12_hardware_unknown_r01_20260929_184546_956,319,10.633333333333333,,,0,,,,,,,,,,,,,,,,False,False,no_detection,,,,,,,,,0,,,,,,,
phase5_v12_hardware_unknown_r01_20260929_184546_956,/home/robo25/Downloads/rokuga_phase5_v12_hardware_unknown_r01_20260929_184546_956.tar.xz::phase5_v12_hardware_unknown_r01_20260929_184546_956,320,10.666666666666666,,,0,,,,,,,,,,,,,,,,False,False,no_detection,,,,,,,,,0,,,,,,,
phase5_v12_hardware_unknown_r01_20260929_184546_956,/home/robo25/Downloads/rokuga_phase5_v12_hardware_unknown_r01_20260929_184546_956.tar.xz::phase5_v12_hardware_unknown_r01_20260929_184546_956,321,10.7,,,0,,,,,,,,,,,,,,,,False,False,no_detection,,,,,,,,,0,,,,,,,
phase5_v12_hardware_unknown_r01_20260929_184546_956,/home/robo25/Downloads/rokuga_phase5_v12_hardware_unknown_r01_20260929_184546_956.tar.xz::phase5_v12_hardware_unknown_r01_20260929_184546_956,322,10.733333333333333,,,0,,,,,,,,,,,,,,,,False,False,no_detection,,,,,,,,,0,,,,,,,
phase5_v12_hardware_unknown_r01_20260929_184546_956,/home/robo25/Downloads/rokuga_phase5_v12_hardware_unknown_r01_20260929_184546_956.tar.xz::phase5_v12_hardware_unknown_r01_20260929_184546_956,323,10.766666666666667,,,0,,,,,,,,,,,,,,,,False,False,no_detection,,,,,,,,,0,,,,,,,
phase5_v12_hardware_unknown_r01_20260929_184546_956,/home/robo25/Downloads/rokuga_phase5_v12_hardware_unknown_r01_20260929_184546_956.tar.xz::phase5_v12_hardware_unknown_r01_20260929_184546_956,324,10.8,,,0,,,,,,,,,,,,,,,,False,False,no_detection,,,,,,,,,0,,,,,,,
phase5_v12_hardware_unknown_r01_20260929_184546_956,/home/robo25/Downloads/rokuga_phase5_v12_hardware_unknown_r01_20260929_184546_956.tar.xz::phase5_v12_hardware_unknown_r01_20260929_184546_956,325,10.833333333333334,,,0,,,,,,,,,,,,,,,,False,False,no_detection,,,,,,,,,0,,,,,,,
phase5_v12_hardware_unknown_r01_20260929_184546_956,/home/robo25/Downloads/rokuga_phase5_v12_hardware_unknown_r01_20260929_184546_956.tar.xz::phase5_v12_hardware_unknown_r01_20260929_184546_956,326,10.866666666666667,,,0,,,,,,,,,,,,,,,,False,False,no_detection,,,,,,,,,0,,,,,,,
phase5_v12_hardware_unknown_r01_20260929_184546_956,/home/robo25/Downloads/rokuga_phase5_v12_hardware_unknown_r01_20260929_184546_956.tar.xz::phase5_v12_hardware_unknown_r01_20260929_184546_956,327,10.9,,,0,,,,,,,,,,,,,,,,False,False,no_detection,,,,,,,,,0,,,,,,,
phase5_v12_hardware_unknown_r01_20260929_184546_956,/home/robo25/Downloads/rokuga_phase5_v12_hardware_unknown_r01_20260929_184546_956.tar.xz::phase5_v12_hardware_unknown_r01_20260929_184546_956,328,10.933333333333334,,,0,,,,,,,,,,,,,,,,False,False,no_detection,,,,,,,,,0,,,,,,,
phase5_v12_hardware_unknown_r01_20260929_184546_956,/home/robo25/Downloads/rokuga_phase5_v12_hardware_unknown_r01_20260929_184546_956.tar.xz::phase5_v12_hardware_unknown_r01_20260929_184546_956,329,10.966666666666667,,,0,,,,,,,,,,,,,,,,False,False,no_detection,,,,,,,,,0,,,,,,,
phase5_v12_hardware_unknown_r01_20260929_184546_956,/home/robo25/Downloads/rokuga_phase5_v12_hardware_unknown_r01_20260929_184546_956.tar.xz::phase5_v12_hardware_unknown_r01_20260929_184546_956,330,11.0,,,0,,,,,,,,,,,,,,,,False,False,no_detection,,,,,,,,,0,,,,,,,
phase5_v12_hardware_unknown_r01_20260929_184546_956,/home/robo25/Downloads/rokuga_phase5_v12_hardware_unknown_r01_20260929_184546_956.tar.xz::phase5_v12_hardware_unknown_r01_20260929_184546_956,331,11.033333333333333,,,0,,,,,,,,,,,,,,,,False,False,no_detection,,,,,,,,,0,,,,,,,
phase5_v12_hardware_unknown_r01_20260929_184546_956,/home/robo25/Downloads/rokuga_phase5_v12_hardware_unknown_r01_20260929_184546_956.tar.xz::phase5_v12_hardware_unknown_r01_20260929_184546_956,332,11.066666666666666,,,0,,,,,,,,,,,,,,,,False,False,no_detection,,,,,,,,,0,,,,,,,
phase5_v12_hardware_unknown_r01_20260929_184546_956,/home/robo25/Downloads/rokuga_phase5_v12_hardware_unknown_r01_20260929_184546_956.tar.xz::phase5_v12_hardware_unknown_r01_20260929_184546_956,333,11.1,,,0,,,,,,,,,,,,,,,,False,False,no_detection,,,,,,,,,0,,,,,,,
phase5_v12_hardware_unknown_r01_20260929_184546_956,/home/robo25/Downloads/rokuga_phase5_v12_hardware_unknown_r01_20260929_184546_956.tar.xz::phase5_v12_hardware_unknown_r01_20260929_184546_956,334,11.133333333333333,,,0,,,,,,,,,,,,,,,,False,False,no_detection,,,,,,,,,0,,,,,,,
phase5_v12_hardware_unknown_r01_20260929_184546_956,/home/robo25/Downloads/rokuga_phase5_v12_hardware_unknown_r01_20260929_184546_956.tar.xz::phase5_v12_hardware_unknown_r01_20260929_184546_956,335,11.166666666666666,,,0,,,,,,,,,,,,,,,,False,False,no_detection,,,,,,,,,0,,,,,,,
phase5_v12_hardware_unknown_r01_20260929_184546_956,/home/robo25/Downloads/rokuga_phase5_v12_hardware_unknown_r01_20260929_184546_956.tar.xz::phase5_v12_hardware_unknown_r01_20260929_184546_956,336,11.2,,,0,,,,,,,,,,,,,,,,False,False,no_detection,,,,,,,,,0,,,,,,,
phase5_v12_hardware_unknown_r01_20260929_184546_956,/home/robo25/Downloads/rokuga_phase5_v12_hardware_unknown_r01_20260929_184546_956.tar.xz::phase5_v12_hardware_unknown_r01_20260929_184546_956,337,11.233333333333333,,,0,,,,,,,,,,,,,,,,False,False,no_detection,,,,,,,,,0,,,,,,,
phase5_v12_hardware_unknown_r01_20260929_184546_956,/home/robo25/Downloads/rokuga_phase5_v12_hardware_unknown_r01_20260929_184546_956.tar.xz::phase5_v12_hardware_unknown_r01_20260929_184546_956,338,11.266666666666667,,,0,,,,,,,,,,,,,,,,False,False,no_detection,,,,,,,,,0,,,,,,,
phase5_v12_hardware_unknown_r01_20260929_184546_956,/home/robo25/Downloads/rokuga_phase5_v12_hardware_unknown_r01_20260929_184546_956.tar.xz::phase5_v12_hardware_unknown_r01_20260929_184546_956,339,11.3,,,0,,,,,,,,,,,,,,,,False,False,no_detection,,,,,,,,,0,,,,,,,
phase5_v12_hardware_unknown_r01_20260929_184546_956,/home/robo25/Downloads/rokuga_phase5_v12_hardware_unknown_r01_20260929_184546_956.tar.xz::phase5_v12_hardware_unknown_r01_20260929_184546_956,340,11.333333333333334,,,0,,,,,,,,,,,,,,,,False,False,no_detection,,,,,,,,,0,,,,,,,
phase5_v12_hardware_unknown_r01_20260929_184546_956,/home/robo25/Downloads/rokuga_phase5_v12_hardware_unknown_r01_20260929_184546_956.tar.xz::phase5_v12_hardware_unknown_r01_20260929_184546_956,341,11.366666666666667,,,0,,,,,,,,,,,,,,,,False,False,no_detection,,,,,,,,,0,,,,,,,
phase5_v12_hardware_unknown_r01_20260929_184546_956,/home/robo25/Downloads/rokuga_phase5_v12_hardware_unknown_r01_20260929_184546_956.tar.xz::phase5_v12_hardware_unknown_r01_20260929_184546_956,342,11.4,,,0,,,,,,,,,,,,,,,,False,False,no_detection,,,,,,,,,0,,,,,,,
phase5_v12_hardware_unknown_r01_20260929_184546_956,/home/robo25/Downloads/rokuga_phase5_v12_hardware_unknown_r01_20260929_184546_956.tar.xz::phase5_v12_hardware_unknown_r01_20260929_184546_956,343,11.433333333333334,,,0,,,,,,,,,,,,,,,,False,False,no_detection,,,,,,,,,0,,,,,,,
phase5_v12_hardware_unknown_r01_20260929_184546_956,/home/robo25/Downloads/rokuga_phase5_v12_hardware_unknown_r01_20260929_184546_956.tar.xz::phase5_v12_hardware_unknown_r01_20260929_184546_956,344,11.466666666666667,,,0,,,,,,,,,,,,,,,,False,False,no_detection,,,,,,,,,0,,,,,,,
phase5_v12_hardware_unknown_r01_20260929_184546_956,/home/robo25/Downloads/rokuga_phase5_v12_hardware_unknown_r01_20260929_184546_956.tar.xz::phase5_v12_hardware_unknown_r01_20260929_184546_956,345,11.5,,,0,,,,,,,,,,,,,,,,False,False,no_detection,,,,,,,,,0,,,,,,,
phase5_v12_hardware_unknown_r01_20260929_184546_956,/home/robo25/Downloads/rokuga_phase5_v12_hardware_unknown_r01_20260929_184546_956.tar.xz::phase5_v12_hardware_unknown_r01_20260929_184546_956,346,11.533333333333333,,,0,,,,,,,,,,,,,,,,False,False,no_detection,,,,,,,,,0,,,,,,,
phase5_v12_hardware_unknown_r01_20260929_184546_956,/home/robo25/Downloads/rokuga_phase5_v12_hardware_unknown_r01_20260929_184546_956.tar.xz::phase5_v12_hardware_unknown_r01_20260929_184546_956,347,11.566666666666666,,,0,,,,,,,,,,,,,,,,False,False,no_detection,,,,,,,,,0,,,,,,,
phase5_v12_hardware_unknown_r01_20260929_184546_956,/home/robo25/Downloads/rokuga_phase5_v12_hardware_unknown_r01_20260929_184546_956.tar.xz::phase5_v12_hardware_unknown_r01_20260929_184546_956,348,11.6,,,0,,,,,,,,,,,,,,,,False,False,no_detection,,,,,,,,,0,,,,,,,
phase5_v12_hardware_unknown_r01_20260929_184546_956,/home/robo25/Downloads/rokuga_phase5_v12_hardware_unknown_r01_20260929_184546_956.tar.xz::phase5_v12_hardware_unknown_r01_20260929_184546_956,349,11.633333333333333,,,0,,,,,,,,,,,,,,,,False,False,no_detection,,,,,,,,,0,,,,,,,
phase5_v12_hardware_unknown_r01_20260929_184546_956,/home/robo25/Downloads/rokuga_phase5_v12_hardware_unknown_r01_20260929_184546_956.tar.xz::phase5_v12_hardware_unknown_r01_20260929_184546_956,350,11.666666666666666,,,0,,,,,,,,,,,,,,,,False,False,no_detection,,,,,,,,,0,,,,,,,
phase5_v12_hardware_unknown_r01_20260929_184546_956,/home/robo25/Downloads/rokuga_phase5_v12_hardware_unknown_r01_20260929_184546_956.tar.xz::phase5_v12_hardware_unknown_r01_20260929_184546_956,351,11.7,,,0,,,,,,,,,,,,,,,,False,False,no_detection,,,,,,,,,0,,,,,,,
phase5_v12_hardware_unknown_r01_20260929_184546_956,/home/robo25/Downloads/rokuga_phase5_v12_hardware_unknown_r01_20260929_184546_956.tar.xz::phase5_v12_hardware_unknown_r01_20260929_184546_956,352,11.733333333333333,,,0,,,,,,,,,,,,,,,,False,False,no_detection,,,,,,,,,0,,,,,,,
phase5_v12_hardware_unknown_r01_20260929_184546_956,/home/robo25/Downloads/rokuga_phase5_v12_hardware_unknown_r01_20260929_184546_956.tar.xz::phase5_v12_hardware_unknown_r01_20260929_184546_956,353,11.766666666666667,,,0,,,,,,,,,,,,,,,,False,False,no_detection,,,,,,,,,0,,,,,,,
phase5_v12_hardware_unknown_r01_20260929_184546_956,/home/robo25/Downloads/rokuga_phase5_v12_hardware_unknown_r01_20260929_184546_956.tar.xz::phase5_v12_hardware_unknown_r01_20260929_184546_956,354,11.8,,,0,,,,,,,,,,,,,,,,False,False,no_detection,,,,,,,,,0,,,,,,,
phase5_v12_hardware_unknown_r01_20260929_184546_956,/home/robo25/Downloads/rokuga_phase5_v12_hardware_unknown_r01_20260929_184546_956.tar.xz::phase5_v12_hardware_unknown_r01_20260929_184546_956,355,11.833333333333334,,,0,,,,,,,,,,,,,,,,False,False,no_detection,,,,,,,,,0,,,,,,,
phase5_v12_hardware_unknown_r01_20260929_184546_956,/home/robo25/Downloads/rokuga_phase5_v12_hardware_unknown_r01_20260929_184546_956.tar.xz::phase5_v12_hardware_unknown_r01_20260929_184546_956,356,11.866666666666667,,,0,,,,,,,,,,,,,,,,False,False,no_detection,,,,,,,,,0,,,,,,,
phase5_v12_hardware_unknown_r01_20260929_184546_956,/home/robo25/Downloads/rokuga_phase5_v12_hardware_unknown_r01_20260929_184546_956.tar.xz::phase5_v12_hardware_unknown_r01_20260929_184546_956,357,11.9,,,0,,,,,,,,,,,,,,,,False,False,no_detection,,,,,,,,,0,,,,,,,
phase5_v12_hardware_unknown_r01_20260929_184546_956,/home/robo25/Downloads/rokuga_phase5_v12_hardware_unknown_r01_20260929_184546_956.tar.xz::phase5_v12_hardware_unknown_r01_20260929_184546_956,358,11.933333333333334,,,0,,,,,,,,,,,,,,,,False,False,no_detection,,,,,,,,,0,,,,,,,
phase5_v12_hardware_unknown_r01_20260929_184546_956,/home/robo25/Downloads/rokuga_phase5_v12_hardware_unknown_r01_20260929_184546_956.tar.xz::phase5_v12_hardware_unknown_r01_20260929_184546_956,359,11.966666666666667,,,0,,,,,,,,,,,,,,,,False,False,no_detection,,,,,,,,,0,,,,,,,
phase5_v12_hardware_unknown_r01_20260929_184546_956,/home/robo25/Downloads/rokuga_phase5_v12_hardware_unknown_r01_20260929_184546_956.tar.xz::phase5_v12_hardware_unknown_r01_20260929_184546_956,360,12.0,,,0,,,,,,,,,,,,,,,,False,False,no_detection,,,,,,,,,0,,,,,,,
phase5_v12_hardware_unknown_r01_20260929_184546_956,/home/robo25/Downloads/rokuga_phase5_v12_hardware_unknown_r01_20260929_184546_956.tar.xz::phase5_v12_hardware_unknown_r01_20260929_184546_956,361,12.033333333333333,,,0,,,,,,,,,,,,,,,,False,False,no_detection,,,,,,,,,0,,,,,,,
phase5_v12_hardware_unknown_r01_20260929_184546_956,/home/robo25/Downloads/rokuga_phase5_v12_hardware_unknown_r01_20260929_184546_956.tar.xz::phase5_v12_hardware_unknown_r01_20260929_184546_956,362,12.066666666666666,,,0,,,,,,,,,,,,,,,,False,False,no_detection,,,,,,,,,0,,,,,,,
phase5_v12_hardware_unknown_r01_20260929_184546_956,/home/robo25/Downloads/rokuga_phase5_v12_hardware_unknown_r01_20260929_184546_956.tar.xz::phase5_v12_hardware_unknown_r01_20260929_184546_956,363,12.1,,,0,,,,,,,,,,,,,,,,False,False,no_detection,,,,,,,,,0,,,,,,,
phase5_v12_hardware_unknown_r01_20260929_184546_956,/home/robo25/Downloads/rokuga_phase5_v12_hardware_unknown_r01_20260929_184546_956.tar.xz::phase5_v12_hardware_unknown_r01_20260929_184546_956,364,12.133333333333333,,,0,,,,,,,,,,,,,,,,False,False,no_detection,,,,,,,,,0,,,,,,,
phase5_v12_hardware_unknown_r01_20260929_184546_956,/home/robo25/Downloads/rokuga_phase5_v12_hardware_unknown_r01_20260929_184546_956.tar.xz::phase5_v12_hardware_unknown_r01_20260929_184546_956,365,12.166666666666666,,,0,,,,,,,,,,,,,,,,False,False,no_detection,,,,,,,,,0,,,,,,,
phase5_v12_hardware_unknown_r01_20260929_184546_956,/home/robo25/Downloads/rokuga_phase5_v12_hardware_unknown_r01_20260929_184546_956.tar.xz::phase5_v12_hardware_unknown_r01_20260929_184546_956,366,12.2,,,0,,,,,,,,,,,,,,,,False,False,no_detection,,,,,,,,,0,,,,,,,
phase5_v12_hardware_unknown_r01_20260929_184546_956,/home/robo25/Downloads/rokuga_phase5_v12_hardware_unknown_r01_20260929_184546_956.tar.xz::phase5_v12_hardware_unknown_r01_20260929_184546_956,367,12.233333333333333,,,0,,,,,,,,,,,,,,,,False,False,no_detection,,,,,,,,,0,,,,,,,
phase5_v12_hardware_unknown_r01_20260929_184546_956,/home/robo25/Downloads/rokuga_phase5_v12_hardware_unknown_r01_20260929_184546_956.tar.xz::phase5_v12_hardware_unknown_r01_20260929_184546_956,368,12.266666666666667,,,0,,,,,,,,,,,,,,,,False,False,no_detection,,,,,,,,,0,,,,,,,
phase5_v12_hardware_unknown_r01_20260929_184546_956,/home/robo25/Downloads/rokuga_phase5_v12_hardware_unknown_r01_20260929_184546_956.tar.xz::phase5_v12_hardware_unknown_r01_20260929_184546_956,369,12.3,,,0,,,,,,,,,,,,,,,,False,False,no_detection,,,,,,,,,0,,,,,,,
phase5_v12_hardware_unknown_r01_20260929_184546_956,/home/robo25/Downloads/rokuga_phase5_v12_hardware_unknown_r01_20260929_184546_956.tar.xz::phase5_v12_hardware_unknown_r01_20260929_184546_956,370,12.333333333333334,,,0,,,,,,,,,,,,,,,,False,False,no_detection,,,,,,,,,0,,,,,,,
phase5_v12_hardware_unknown_r01_20260929_184546_956,/home/robo25/Downloads/rokuga_phase5_v12_hardware_unknown_r01_20260929_184546_956.tar.xz::phase5_v12_hardware_unknown_r01_20260929_184546_956,371,12.366666666666667,,,0,,,,,,,,,,,,,,,,False,False,no_detection,,,,,,,,,0,,,,,,,
phase5_v12_hardware_unknown_r01_20260929_184546_956,/home/robo25/Downloads/rokuga_phase5_v12_hardware_unknown_r01_20260929_184546_956.tar.xz::phase5_v12_hardware_unknown_r01_20260929_184546_956,372,12.4,,,0,,,,,,,,,,,,,,,,False,False,no_detection,,,,,,,,,0,,,,,,,
phase5_v12_hardware_unknown_r01_20260929_184546_956,/home/robo25/Downloads/rokuga_phase5_v12_hardware_unknown_r01_20260929_184546_956.tar.xz::phase5_v12_hardware_unknown_r01_20260929_184546_956,373,12.433333333333334,,,0,,,,,,,,,,,,,,,,False,False,no_detection,,,,,,,,,0,,,,,,,
phase5_v12_hardware_unknown_r01_20260929_184546_956,/home/robo25/Downloads/rokuga_phase5_v12_hardware_unknown_r01_20260929_184546_956.tar.xz::phase5_v12_hardware_unknown_r01_20260929_184546_956,374,12.466666666666667,,,0,,,,,,,,,,,,,,,,False,False,no_detection,,,,,,,,,0,,,,,,,
phase5_v12_hardware_unknown_r01_20260929_184546_956,/home/robo25/Downloads/rokuga_phase5_v12_hardware_unknown_r01_20260929_184546_956.tar.xz::phase5_v12_hardware_unknown_r01_20260929_184546_956,375,12.5,,,0,,,,,,,,,,,,,,,,False,False,no_detection,,,,,,,,,0,,,,,,,
phase5_v12_hardware_unknown_r01_20260929_184546_956,/home/robo25/Downloads/rokuga_phase5_v12_hardware_unknown_r01_20260929_184546_956.tar.xz::phase5_v12_hardware_unknown_r01_20260929_184546_956,376,12.533333333333333,,,0,,,,,,,,,,,,,,,,False,False,no_detection,,,,,,,,,0,,,,,,,
phase5_v12_hardware_unknown_r01_20260929_184546_956,/home/robo25/Downloads/rokuga_phase5_v12_hardware_unknown_r01_20260929_184546_956.tar.xz::phase5_v12_hardware_unknown_r01_20260929_184546_956,377,12.566666666666666,,,0,,,,,,,,,,,,,,,,False,False,no_detection,,,,,,,,,0,,,,,,,
phase5_v12_hardware_unknown_r01_20260929_184546_956,/home/robo25/Downloads/rokuga_phase5_v12_hardware_unknown_r01_20260929_184546_956.tar.xz::phase5_v12_hardware_unknown_r01_20260929_184546_956,378,12.6,,,0,,,,,,,,,,,,,,,,False,False,no_detection,,,,,,,,,0,,,,,,,
phase5_v12_hardware_unknown_r01_20260929_184546_956,/home/robo25/Downloads/rokuga_phase5_v12_hardware_unknown_r01_20260929_184546_956.tar.xz::phase5_v12_hardware_unknown_r01_20260929_184546_956,379,12.633333333333333,,,0,,,,,,,,,,,,,,,,False,False,no_detection,,,,,,,,,0,,,,,,,
phase5_v12_hardware_unknown_r01_20260929_184546_956,/home/robo25/Downloads/rokuga_phase5_v12_hardware_unknown_r01_20260929_184546_956.tar.xz::phase5_v12_hardware_unknown_r01_20260929_184546_956,380,12.666666666666666,,,0,,,,,,,,,,,,,,,,False,False,no_detection,,,,,,,,,0,,,,,,,
phase5_v12_hardware_unknown_r01_20260929_184546_956,/home/robo25/Downloads/rokuga_phase5_v12_hardware_unknown_r01_20260929_184546_956.tar.xz::phase5_v12_hardware_unknown_r01_20260929_184546_956,381,12.7,,,0,,,,,,,,,,,,,,,,False,False,no_detection,,,,,,,,,0,,,,,,,
phase5_v12_hardware_unknown_r01_20260929_184546_956,/home/robo25/Downloads/rokuga_phase5_v12_hardware_unknown_r01_20260929_184546_956.tar.xz::phase5_v12_hardware_unknown_r01_20260929_184546_956,382,12.733333333333333,,,0,,,,,,,,,,,,,,,,False,False,no_detection,,,,,,,,,0,,,,,,,
phase5_v12_hardware_unknown_r01_20260929_184546_956,/home/robo25/Downloads/rokuga_phase5_v12_hardware_unknown_r01_20260929_184546_956.tar.xz::phase5_v12_hardware_unknown_r01_20260929_184546_956,383,12.766666666666667,,,0,,,,,,,,,,,,,,,,False,False,no_detection,,,,,,,,,0,,,,,,,
phase5_v12_hardware_unknown_r01_20260929_184546_956,/home/robo25/Downloads/rokuga_phase5_v12_hardware_unknown_r01_20260929_184546_956.tar.xz::phase5_v12_hardware_unknown_r01_20260929_184546_956,384,12.8,,,0,,,,,,,,,,,,,,,,False,False,no_detection,,,,,,,,,0,,,,,,,
phase5_v12_hardware_unknown_r01_20260929_184546_956,/home/robo25/Downloads/rokuga_phase5_v12_hardware_unknown_r01_20260929_184546_956.tar.xz::phase5_v12_hardware_unknown_r01_20260929_184546_956,385,12.833333333333334,,,0,,,,,,,,,,,,,,,,False,False,no_detection,,,,,,,,,0,,,,,,,
phase5_v12_hardware_unknown_r01_20260929_184546_956,/home/robo25/Downloads/rokuga_phase5_v12_hardware_unknown_r01_20260929_184546_956.tar.xz::phase5_v12_hardware_unknown_r01_20260929_184546_956,386,12.866666666666667,,,1,328.5,427.0,0.0368189632258553,1.096938618794003,1.0975563627690024,0.044970197356556246,1.096938618794003,1.0978600329969128,1435.5,14,50,40,1.25,0.71775,0.8673716012084592,True,True,initialized,,,,,,,,,1,0,0.04497019574046135,1.0969386100769043,1.0978600242209322,0.0,0.0,0.0
phase5_v12_hardware_unknown_r01_20260929_184546_956,/home/robo25/Downloads/rokuga_phase5_v12_hardware_unknown_r01_20260929_184546_956.tar.xz::phase5_v12_hardware_unknown_r01_20260929_184546_956,387,12.9,,,1,326.5,427.0,0.023269115708241805,1.0982417495004286,1.0984882302927081,0.0367361075656111,1.0982417495004286,1.0988559878095192,2293.5,18,53,55,0.9636363636363636,0.7867924528301887,0.8987068965517241,True,True,accepted,0.04497019574046135,1.0969386100769043,-0.008234087377786636,0.0013031959533691406,0.0020784721709787846,0.0,0.0020784721709787846,0.03343730792403221,1,0,0.04030155390501022,1.09767746925354,1.0984170618458249,-0.03317844867706299,0.00525110075250268,0.0
phase5_v12_hardware_unknown_r01_20260929_184546_956,/home/robo25/Downloads/rokuga_phase5_v12_hardware_unknown_r01_20260929_184546_956.tar.xz::phase5_v12_hardware_unknown_r01_20260929_184546_956,388,12.933333333333334,,,1,327.5,427.0,0.030046860660591056,1.0976037367232512,1.0980149255380827,0.04085486686863818,1.0976037367232512,1.0983638208789008,3015.5,16,58,71,0.8169014084507042,0.7322729480330258,0.8741846644441224,True,True,accepted,0.039195604622364044,1.0978524684906006,0.0016592629253864288,-0.00024878978729248047,0.001895808964036405,0.0,0.001895808964036405,0.001484880456700921,1,0,0.0400671623647213,1.097721815109253,1.0984528032039946,-0.023586031049489975,0.003812814364209771,0.0
phase5_v12_hardware_unknown_r01_20260929_184546_956,/home/robo25/Downloads/rokuga_phase5_v12_hardware_unknown_r01_20260929_184546_956.tar.xz::phase5_v12_hardware_unknown_r01_20260929_184546_956,389,12.966666666666667,,,1,328.5,427.0,0.0368189632258553,1.096938618794003,1.0975563627690024,0.044970197356556246,1.096938618794003,1.0978600329969128,3648.0,14,58,74,0.7837837837837838,0.8499534016775396,0.9327537714139607,True,True,accepted,0.0392809621989727,1.097848892211914,0.0056892335414886475,-0.0009102821350097656,0.0018957407446578145,0.0,0.0018957407446578145,0.017510829493403435,1,0,0.04226924106478691,1.0973707437515259,1.098184519095935,0.007948474958539009,-0.0012327330186963081,0.0
phase5_v12_hardware_unknown_r01_20260929_184546_956,/home/robo25/Downloads/rokuga_phase5_v12_hardware_unknown_r01_20260929_184546_956.tar.xz::phase5_v12_hardware_unknown_r01_20260929_184546_956,390,13.0,,,1,328.5,427.0,0.0368189632258553,1.0940076722925733,1.0946270703248853,0.044970197356556246,1.0940076722925733,1.0949315529681762,3770.0,14,58,74,0.7837837837837838,0.8783783783783784,0.9506997856512419,True,True,accepted,0.04253419116139412,1.0973296165466309,0.0024360045790672302,-0.0033218860626220703,0.0018194911535829306,0.0,0.0018194911535829306,0.009326258674263954,1,0,0.04376523941755295,1.0956509113311768,1.0965246534766622,0.019241873174905777,-0.016633108258247375,0.0
phase5_v12_hardware_unknown_r01_20260929_184546_956,/home/robo25/Downloads/rokuga_phase5_v12_hardware_unknown_r01_20260929_184546_956.tar.xz::phase5_v12_hardware_unknown_r01_20260929_184546_956,391,13.033333333333333,,,1,319.5,427.5,-0.024177131647027447,1.0910461084262173,1.0913139531806009,0.007903557202307081,1.0910461084262173,1.0910747348043777,3817.5,14,59,74,0.7972972972972973,0.8743701328447091,0.9542557180352456,True,True,accepted,0.04440663382411003,1.095096468925476,-0.03650307655334473,-0.0040503740310668945,0.0017065037973225117,0.0,0.0017065037973225117,0.7904348373413086,1,0,0.027155062183737755,1.0931822061538696,1.0935194251834963,-0.11763418465852737,-0.03182084858417511,0.0
phase5_v12_hardware_unknown_r01_20260929_184546_956,/home/robo25/Downloads/rokuga_phase5_v12_hardware_unknown_r01_20260929_184546_956.tar.xz::phase5_v12_hardware_unknown_r01_20260929_184546_956,392,13.066666666666666,,,1,326.5,427.0,0.023269115708241805,1.0962464250500448,1.0964933543714923,0.0367361075656111,1.0962464250500448,1.096861780733596,3834.5,14,59,74,0.7972972972972973,0.8782638570774164,0.9593445083812859,True,True,accepted,0.023233922198414803,1.0921214818954468,0.01350218616425991,0.004124999046325684,0.0015999670140445232,0.0,0.0015999670140445232,0.12458047270774841,1,0,0.02914097160100937,1.0939260721206665,1.0943141447917049,-0.0764116495847702,-0.01922711543738842,0.0
phase5_v12_hardware_unknown_r01_20260929_184546_956,/home/robo25/Downloads/rokuga_phase5_v12_hardware_unknown_r01_20260929_184546_956.tar.xz::phase5_v12_hardware_unknown_r01_20260929_184546_956,393,13.1,,,1,328.5,427.0,0.0368189632258553,1.096938618794003,1.0975563627690024,0.044970197356556246,1.096938618794003,1.0978600329969128,3850.5,14,59,73,0.8082191780821918,0.8940097515672162,0.9637091728194218,True,True,accepted,0.02659391611814499,1.0932852029800415,0.01837627962231636,0.003653407096862793,0.0015127676306292415,0.0,0.0015127676306292415,0.23204822838306427,1,0,0.03403748571872711,1.094765067100525,1.0952940712784258,-0.029717428609728813,-0.00994378887116909,0.0
phase5_v12_hardware_unknown_r01_20260929_184546_956,/home/robo25/Downloads/rokuga_phase5_v12_hardware_unknown_r01_20260929_184546_956.tar.xz::phase5_v12_hardware_unknown_r01_20260929_184546_956,394,13.133333333333333,,,1,328.5,427.0,0.0368189632258553,1.096938618794003,1.0975563627690024,0.044970197356556246,1.096938618794003,1.0978600329969128,3840.0,14,59,73,0.8082191780821918,0.8915718597631762,0.96579476861167,True,True,accepted,0.033046904951334,1.0944336652755737,0.01192329078912735,0.0025049448013305664,0.0014447893481701612,0.0,0.0014447893481701612,0.10274134576320648,1,0,0.03754284232854843,1.0953781604766846,1.0960213407864792,-0.003796950215473771,-0.0044981976971030235,0.0
phase5_v12_hardware_unknown_r01_20260929_184546_956,/home/robo25/Downloads/rokuga_phase5_v12_hardware_unknown_r01_20260929_184546_956.tar.xz::phase5_v12_hardware_unknown_r01_20260929_184546_956,395,13.166666666666666,,,1,328.5,427.0,0.0368189632258553,1.096938618794003,1.0975563627690024,0.044970197356556246,1.096938618794003,1.0978600329969128,3853.5,14,59,73,0.8082191780821918,0.8947062920826562,0.9663949843260188,True,True,accepted,0.03741627559065819,1.0952281951904297,0.007553920149803162,0.0017104148864746094,0.001392763340845704,0.0,0.001392763340845704,0.043070659041404724,1,0,0.040088873356580734,1.0958333015441895,1.0965663420606335,0.010663973167538643,-0.0012238477356731892,0.0
phase5_v12_hardware_unknown_r01_20260929_184546_956,/home/robo25/Downloads/rokuga_phase5_v12_hardware_unknown_r01_20260929_184546_956.tar.xz::phase5_v12_hardware_unknown_r01_20260929_184546_956,396,13.2,,,1,328.5,427.0,0.0368189632258553,1.096938618794003,1.0975563627690024,0.044970197356556246,1.096938618794003,1.0978600329969128,3863.0,14,59,73,0.8082191780821918,0.8969120037148828,0.9647852147852148,True,True,accepted,0.04044434055685997,1.095792531967163,0.004525855183601379,0.001146078109741211,0.0013533529127016664,0.0,0.0013533529127016664,0.01610582135617733,1,0,0.04196043312549591,1.0961765050888062,1.0969793107697103,0.01850883476436138,0.0007626994047313929,0.0
phase5_v12_hardware_unknown_r01_20260929_184546_956,/home/robo25/Downloads/rokuga_phase5_v12_hardware_unknown_r01_20260929_184546_956.tar.xz::phase5_v12_hardware_unknown_r01_20260929_184546_956,397,13.233333333333333,,,1,328.5,427.0,0.0368189632258553,1.0955271841610892,1.0961457235645962,0.044970197356556246,1.0955271841610892,1.0964497844799883,3853.5,14,59,74,0.7972972972972973,0.8826156665139716,0.9613321691405763,True,True,accepted,0.04257739335298538,1.0962018966674805,0.0023928023874759674,-0.0006747245788574219,0.0013238159008324146,0.0,0.0013238159008324146,0.004668894223868847,1,0,0.0433434434235096,1.0959858894348145,1.0968426158424136,0.022360095754265785,-0.00032328246743418276,0.0
phase5_v12_hardware_unknown_r01_20260929_184546_956,/home/robo25/Downloads/rokuga_phase5_v12_hardware_unknown_r01_20260929_184546_956.tar.xz::phase5_v12_hardware_unknown_r01_20260929_184546_956,398,13.266666666666667,,,1,328.5,427.0,0.0368189632258553,1.096938618794003,1.0975563627690024,0.044970197356556246,1.096938618794003,1.0978600329969128,3862.5,14,59,73,0.8082191780821918,0.896795913628976,0.967560120240481,True,True,accepted,0.044088780879974365,1.0959751605987549,0.0008814148604869843,0.0009634494781494141,0.001301999669522047,0.0,0.001301999669522047,0.001309621729888022,1,0,0.0443609245121479,1.096272587776184,1.0971697582111273,0.02370610460639,0.001148001290857792,0.0
phase5_v12_hardware_unknown_r01_20260929_184546_956,/home/robo25/Downloads/rokuga_phase5_v12_hardware_unknown_r01_20260929_184546_956.tar.xz::phase5_v12_hardware_unknown_r01_20260929_184546_956,399,13.3,,,1,328.5,427.0,0.0368189632258553,1.096938618794003,1.0975563627690024,0.044970197356556246,1.096938618794003,1.0978600329969128,3846.0,14,59,73,0.8082191780821918,0.8929649407940562,0.9640305802732172,True,True,accepted,0.045151129364967346,1.0963108539581299,-0.0001809336245059967,0.0006277561187744141,0.0012862063013017178,0.0,0.0012862063013017178,0.00033184001222252846,1,0,0.04509679973125458,1.0964993238449097,1.0974263020988448,0.023439357057213783,0.0020734905265271664,0.0
phase5_v12_hardware_unknown_r01_20260929_184546_956,/home/robo25/Downloads/rokuga_phase5_v12_hardware_unknown_r01_20260929_184546_956.tar.xz::phase5_v12_hardware_unknown_r01_20260929_184546_956,400,13.333333333333334,,,1,319.5,427.5,-0.024177131647027447,1.0910461084262173,1.0913139531806009,0.007903557202307081,1.0910461084262173,1.0910747348043777,3870.0,14,59,74,0.7972972972972973,0.8863948694457169,0.9600595385760358,True,True,accepted,0.04587811231613159,1.0965684652328491,-0.03797455504536629,-0.005522370338439941,0.0012750697787851095,0.0,0.0012750697787851095,1.1548885107040405,1,0,0.03470765799283981,1.0949440002441406,1.0954939457587105,-0.03132561966776848,-0.005890592001378536,0.0
phase5_v12_hardware_unknown_r01_20260929_184546_956,/home/robo25/Downloads/rokuga_phase5_v12_hardware_unknown_r01_20260929_184546_956.tar.xz::phase5_v12_hardware_unknown_r01_20260929_184546_956,401,13.366666666666667,,,1,328.5,427.0,0.0368189632258553,1.096938618794003,1.0975563627690024,0.044970197356556246,1.096938618794003,1.0978600329969128,3851.0,14,59,73,0.8082191780821918,0.8941258416531228,0.9637137137137137,True,True,accepted,0.033663470298051834,1.0947476625442505,0.011306725442409515,0.0021909475326538086,0.0012674726312980056,0.0,0.0012674726312980056,0.10465101152658463,1,0,0.03694158047437668,1.0953829288482666,1.096005675706176,-0.015225036069750786,-0.0027707202825695276,0.0
phase5_v12_hardware_unknown_r01_20260929_184546_956,/home/robo25/Downloads/rokuga_phase5_v12_hardware_unknown_r01_20260929_184546_956.tar.xz::phase5_v12_hardware_unknown_r01_20260929_184546_956,402,13.4,,,1,328.5,427.0,0.0368189632258553,1.096938618794003,1.0975563627690024,0.044970197356556246,1.096938618794003,1.0978600329969128,3847.5,14,59,73,0.8082191780821918,0.8933132110517762,0.9642857142857143,True,True,accepted,0.03643408045172691,1.0952905416488647,0.008536115288734436,0.0016480684280395508,0.0012624971568584442,0.0,0.0012624971568584442,0.059866588562726974,1,0,0.03888503089547157,1.0957638025283813,1.0964535359782461,-0.0031481937039643526,-0.0004390434187371284,0.0
phase5_v12_hardware_unknown_r01_20260929_184546_956,/home/robo25/Downloads/rokuga_phase5_v12_hardware_unknown_r01_20260929_184546_956.tar.xz::phase5_v12_hardware_unknown_r01_20260929_184546_956,403,13.433333333333334,,,1,328.5,427.0,0.0368189632258553,1.0955271841610892,1.0961457235645962,0.044970197356556246,1.0955271841610892,1.0964497844799883,3851.0,14,59,74,0.7972972972972973,0.8820430600091617,0.9571268795824531,True,True,accepted,0.0387800894677639,1.0957491397857666,0.006190106272697449,-0.0002219676971435547,0.0012593971332535148,0.0,0.0012593971332535148,0.030464325100183487,1,0,0.04054657369852066,1.0956858396530151,1.0964358092723998,0.005586003419011831,-0.0007522383239120245,0.0
phase5_v12_hardware_unknown_r01_20260929_184546_956,/home/robo25/Downloads/rokuga_phase5_v12_hardware_unknown_r01_20260929_184546_956.tar.xz::phase5_v12_hardware_unknown_r01_20260929_184546_956,404,13.466666666666667,,,1,328.5,427.0,0.0368189632258553,1.096938618794003,1.0975563627690024,0.044970197356556246,1.096938618794003,1.0978600329969128,3848.0,14,59,73,0.8082191780821918,0.8934293011376828,0.9641693811074918,True,True,accepted,0.04073277488350868,1.0956608057022095,0.004237420856952667,0.0012778043746948242,0.0012575816363096237,0.0,0.0012575816363096237,0.01557634025812149,1,0,0.04193764552474022,1.0960241556167603,1.0968262012769348,0.0115612568333745,0.0010496136965230107,0.0
phase5_v12_hardware_unknown_r01_20260929_184546_956,/home/robo25/Downloads/rokuga_phase5_v12_hardware_unknown_r01_20260929_184546_956.tar.xz::phase5_v12_hardware_unknown_r01_20260929_184546_956,405,13.5,,,1,328.5,427.0,0.0368189632258553,1.096938618794003,1.0975563627690024,0.044970197356556246,1.096938618794003,1.0978600329969128,3850.0,14,59,73,0.8082191780821918,0.8938936614813094,0.9645496680445947,True,True,accepted,0.04232301935553551,1.0960590839385986,0.0026471763849258423,0.0008795261383056641,0.0012565999059006572,0.0,0.0012565999059006572,0.006192193366587162,1,0,0.043074239045381546,1.096308708190918,1.0971545805968173,0.015295291319489479,0.002290249103680253,0.0
phase5_v12_hardware_unknown_r01_20260929_184546_956,/home/robo25/Downloads/rokuga_phase5_v12_hardware_unknown_r01_20260929_184546_956.tar.xz::phase5_v12_hardware_unknown_r01_20260929_184546_956,406,13.533333333333333,,,1,328.5,427.0,0.0368189632258553,1.096938618794003,1.0975563627690024,0.044970197356556246,1.096938618794003,1.0978600329969128,3845.0,14,59,73,0.8082191780821918,0.8927327606222428,0.9624530663329162,True,True,accepted,0.043584082275629044,1.0963850021362305,0.001386113464832306,0.0005536079406738281,0.001256123767234385,0.0,0.001256123767234385,0.0017735451692715287,1,0,0.04397705942392349,1.0965420007705688,1.097423501301798,0.017251690849661827,0.0030716266483068466,0.0
phase5_v12_hardware_unknown_r01_20260929_184546_956,/home/robo25/Downloads/rokuga_phase5_v12_hardware_unknown_r01_20260929_184546_956.tar.xz::phase5_v12_hardware_unknown_r01_20260929_184546_956,407,13.566666666666666,,,1,328.5,427.0,0.0368189632258553,1.096938618794003,1.0975563627690024,0.044970197356556246,1.096938618794003,1.0978600329969128,3846.5,14,59,73,0.8082191780821918,0.8930810308799628,0.9625875875875876,True,True,accepted,0.044552117586135864,1.096644401550293,0.00041807815432548523,0.0002942085266113281,0.001255928073078394,0.0,0.001255928073078394,0.00020809154375456274,1,0,0.044670600444078445,1.096727728843689,1.097637086544852,0.01784209907054901,0.0034871071111410856,0.0
phase5_v12_hardware_unknown_r01_20260929_184546_956,/home/robo25/Downloads/rokuga_phase5_v12_hardware_unknown_r01_20260929_184546_956.tar.xz::phase5_v12_hardware_unknown_r01_20260929_184546_956,408,13.6,,,1,328.5,427.0,0.0368189632258553,1.096938618794003,1.0975563627690024,0.044970197356556246,1.096938618794003,1.0978600329969128,3824.0,14,59,73,0.8082191780821918,0.887856977014163,0.9638311279143037,True,True,accepted,0.04526533558964729,1.096843957901001,-0.0002951398491859436,9.465217590332031e-05,0.0012558685848489404,0.0,0.0012558685848489404,7.649412145838141e-05,1,0,0.04518170282244682,1.09687077999115,1.097800935629192,0.017425157129764557,0.0036208215169608593,0.0
phase5_v12_hardware_unknown_r01_20260929_184546_956,/home/robo25/Downloads/rokuga_phase5_v12_hardware_unknown_r01_20260929_184546_956.tar.xz::phase5_v12_hardware_unknown_r01_20260929_184546_956,409,13.633333333333333,,,1,328.5,427.0,0.0368189632258553,1.0955271841610892,1.0961457235645962,0.044970197356556246,1.0955271841610892,1.0964497844799883,3855.5,14,59,74,0.7972972972972973,0.8830737517178195,0.9597958675628578,True,True,accepted,0.04576254263520241,1.0969914197921753,-0.0007923468947410583,-0.001464247703552246,0.0012558606686070561,0.0,0.0012558606686070561,0.0022071199491620064,1,0,0.04553802311420441,1.096576452255249,1.0975215839289258,0.01630566082894802,0.0015520063461735845,0.0
phase5_v12_hardware_unknown_r01_20260929_184546_956,/home/robo25/Downloads/rokuga_phase5_v12_hardware_unknown_r01_20260929_184546_956.tar.xz::phase5_v12_hardware_unknown_r01_20260929_184546_956,410,13.666666666666666,,,1,328.5,427.0,0.0368189632258553,1.0955271841610892,1.0961457235645962,0.044970197356556246,1.0955271841610892,1.0964497844799883,3844.0,14,59,74,0.7972972972972973,0.880439761795694,0.9590818363273453,True,True,accepted,0.0460815466940403,1.096628189086914,-0.001111350953578949,-0.0011010169982910156,0.0012558605521917343,0.0,0.0012558605521917343,0.0019487349782139063,1,0,0.04576663300395012,1.0963162183761597,1.0972710856352326,0.014735500328242779,-3.554256863935734e-06,0.0
phase5_v12_hardware_unknown_r01_20260929_184546_956,/home/robo25/Downloads/rokuga_phase5_v12_hardware_unknown_r01_20260929_184546_956.tar.xz::phase5_v12_hardware_unknown_r01_20260929_184546_956,411,13.7,,,1,328.5,427.0,0.0368189632258553,1.0955271841610892,1.0961457235645962,0.044970197356556246,1.0955271841610892,1.0964497844799883,3849.5,14,59,74,0.7972972972972973,0.8816994961062757,0.96225471816023,True,True,accepted,0.04625781625509262,1.0963160991668701,-0.0012876205146312714,-0.0007889270782470703,0.0012558500748127699,0.0,0.0012558500748127699,0.001815799972973764,1,0,0.04589296504855156,1.0960925817489624,1.097052921242204,0.012916560284793377,-0.001118021784350276,0.0
phase5_v12_hardware_unknown_r01_20260929_184546_956,/home/robo25/Downloads/rokuga_phase5_v12_hardware_unknown_r01_20260929_184546_956.tar.xz::phase5_v12_hardware_unknown_r01_20260929_184546_956,412,13.733333333333333,,,1,320.0,427.5,-0.020782793494480107,1.091039928141972,1.0912378518478332,0.009966258283819201,1.091039928141972,1.0910854462892534,3854.0,14,59,74,0.7972972972972973,0.8827301878149336,0.9589450111968151,True,True,accepted,0.046323515474796295,1.096055269241333,-0.03635725751519203,-0.005015373229980469,0.0012558256275951862,0.0,0.0012558256275951862,1.0726044178009033,1,0,0.03602204844355583,1.0946341753005981,1.0952267188623963,-0.03843286633491516,-0.008201519027352333,0.0
phase5_v12_hardware_unknown_r01_20260929_184546_956,/home/robo25/Downloads/rokuga_phase5_v12_hardware_unknown_r01_20260929_184546_956.tar.xz::phase5_v12_hardware_unknown_r01_20260929_184546_956,413,13.766666666666667,,,1,328.5,427.0,0.0368189632258553,1.096938618794003,1.0975563627690024,0.044970197356556246,1.096938618794003,1.0978600329969128,3833.5,14,59,73,0.8082191780821918,0.8900626886463896,0.9630699660846628,True,True,accepted,0.034740954637527466,1.0943608283996582,0.010229241102933884,0.0025777816772460938,0.0012557907029986382,0.0,0.0012557907029986382,0.08861535042524338,1,0,0.03763910382986069,1.0950912237167358,1.0957378748580944,-0.023988552391529083,-0.004561533685773611,0.0
phase5_v12_hardware_unknown_r01_20260929_184546_956,/home/robo25/Downloads/rokuga_phase5_v12_hardware_unknown_r01_20260929_184546_956.tar.xz::phase5_v12_hardware_unknown_r01_20260929_184546_956,414,13.8,,,1,320.0,427.5,-0.020782793494480107,1.091039928141972,1.0912378518478332,0.009966258283819201,1.091039928141972,1.0910854462892534,3847.5,14,60,74,0.8108108108108109,0.8665540540540541,0.9551886792452831,True,True,accepted,0.03683948516845703,1.0949392318725586,-0.026873227208852768,-0.0038993358612060547,0.0012557506561279297,0.0,0.0012557506561279297,0.5871986746788025,1,0,0.02922637388110161,1.0938345193862915,1.0942249022624542,-0.06192789226770401,-0.01006657537072897,0.0
phase5_v12_hardware_unknown_r01_20260929_184546_956,/home/robo25/Downloads/rokuga_phase5_v12_hardware_unknown_r01_20260929_184546_956.tar.xz::phase5_v12_hardware_unknown_r01_20260929_184546_956,415,13.833333333333334,,,1,328.5,427.0,0.0368189632258553,1.0955271841610892,1.0961457235645962,0.044970197356556246,1.0955271841610892,1.0964497844799883,3857.0,14,59,74,0.7972972972972973,0.8834173156207055,0.9587372607506836,True,True,accepted,0.027162110432982445,1.093498945236206,0.017808085307478905,0.002028226852416992,0.0012557106092572212,0.0,0.0012557106092572212,0.25582456588745117,1,0,0.03220668435096741,1.0940735340118408,1.0945474719453887,-0.03679065778851509,-0.007203605491667986,0.0
phase5_v12_hardware_unknown_r01_20260929_184546_956,/home/robo25/Downloads/rokuga_phase5_v12_hardware_unknown_r01_20260929_184546_956.tar.xz::phase5_v12_hardware_unknown_r01_20260929_184546_956,416,13.866666666666667,,,1,328.5,427.0,0.0368189632258553,1.096938618794003,1.0975563627690024,0.044970197356556246,1.096938618794003,1.0978600329969128,3841.5,14,59,73,0.8082191780821918,0.8919201300208962,0.9624201428034573,True,True,accepted,0.03098032996058464,1.0938334465026855,0.013989865779876709,0.00310516357421875,0.0012556741712614894,0.0,0.0012556741712614894,0.16354432702064514,1,0,0.03494301065802574,1.0947129726409912,1.095270517480646,-0.017045527696609497,-0.002821014728397131,0.0
phase5_v12_hardware_unknown_r01_20260929_184546_956,/home/robo25/Downloads/rokuga_phase5_v12_hardware_unknown_r01_20260929_184546_956.tar.xz::phase5_v12_hardware_unknown_r01_20260929_184546_956,417,13.9,,,1,328.5,427.0,0.0368189632258553,1.096938618794003,1.0975563627690024,0.044970197356556246,1.096938618794003,1.0978600329969128,3850.5,14,59,73,0.8082191780821918,0.8940097515672162,0.9644333124608642,True,True,accepted,0.03437482565641403,1.0946189165115356,0.010595370084047318,0.0023196935653686523,0.001255643554031849,0.0,0.001255643554031849,0.09369127452373505,1,0,0.03737581521272659,1.09527587890625,1.095913410118096,-0.0020926841534674168,0.00045268074609339237,0.0
phase5_v12_hardware_unknown_r01_20260929_184546_956,/home/robo25/Downloads/rokuga_phase5_v12_hardware_unknown_r01_20260929_184546_956.tar.xz::phase5_v12_hardware_unknown_r01_20260929_184546_956,418,13.933333333333334,,,1,320.0,427.5,-0.020782793494480107,1.091039928141972,1.0912378518478332,0.009966258283819201,1.091039928141972,1.0910854462892534,3851.5,14,59,74,0.7972972972972973,0.8821575813101237,0.9607133948615615,True,True,accepted,0.037306059151887894,1.095291018486023,-0.02733980119228363,-0.00425112247467041,0.001255619339644909,0.0,0.001255619339644909,0.6096885204315186,1,0,0.029562819749116898,1.09408700466156,1.0944863334372081,-0.04067398980259895,-0.005546406842768192,0.0
phase5_v12_hardware_unknown_r01_20260929_184546_956,/home/robo25/Downloads/rokuga_phase5_v12_hardware_unknown_r01_20260929_184546_956.tar.xz::phase5_v12_hardware_unknown_r01_20260929_184546_956,419,13.966666666666667,,,1,328.5,427.0,0.0368189632258553,1.096938618794003,1.0975563627690024,0.044970197356556246,1.096938618794003,1.0978600329969128,3852.5,14,59,73,0.8082191780821918,0.8944741119108428,0.9644511202903993,True,True,accepted,0.028207020834088326,1.0939021110534668,0.016763174906373024,0.0030364990234375,0.001255601178854704,0.0,0.001255601178854704,0.2311437427997589,1,0,0.03295455127954483,1.0947620868682861,1.0952579738555848,-0.017019061371684074,-0.0012615284649655223,0.0
phase5_v12_hardware_unknown_r01_20260929_184546_956,/home/robo25/Downloads/rokuga_phase5_v12_hardware_unknown_r01_20260929_184546_956.tar.xz::phase5_v12_hardware_unknown_r01_20260929_184546_956,420,14.0,,,1,328.5,427.0,0.0368189632258553,1.096938618794003,1.0975563627690024,0.044970197356556246,1.096938618794003,1.0978600329969128,3846.5,14,59,73,0.8082191780821918,0.8930810308799628,0.9650025087807326,True,True,accepted,0.032387249171733856,1.0947200059890747,0.012582946568727493,0.00221860408782959,0.0012555884895846248,0.0,0.0012555884895846248,0.1300209015607834,1,0,0.03595079854130745,1.0953483581542969,1.0959381760058693,0.0007366659119725227,0.001869131694547832,0.0
phase5_v12_hardware_unknown_r01_20260929_184546_956,/home/robo25/Downloads/rokuga_phase5_v12_hardware_unknown_r01_20260929_184546_956.tar.xz::phase5_v12_hardware_unknown_r01_20260929_184546_956,421,14.033333333333333,,,1,328.5,427.0,0.0368189632258553,1.096938618794003,1.0975563627690024,0.044970197356556246,1.096938618794003,1.0978600329969128,3838.5,14,59,73,0.8082191780821918,0.8912235895054562,0.9659033719174636,True,True,accepted,0.03597535565495491,1.095410704612732,0.00899484008550644,0.0015279054641723633,0.0012555799912661314,0.0,0.0012555799912661314,0.06629736721515656,1,0,0.03852269425988197,1.0958434343338013,1.0965203283777007,0.013429101556539536,0.0040251282043755054,0.0
phase5_v12_hardware_unknown_r01_20260929_184546_956,/home/robo25/Downloads/rokuga_phase5_v12_hardware_unknown_r01_20260929_184546_956.tar.xz::phase5_v12_hardware_unknown_r01_20260929_184546_956,422,14.066666666666666,,,1,328.5,427.0,0.0368189632258553,1.0947809241298405,1.0953998849240465,0.044970197356556246,1.0947809241298405,1.095704152811732,3848.0,14,59,74,0.7972972972972973,0.8813559322033898,0.9584059775840598,True,True,accepted,0.038970332592725754,1.0959776639938354,0.005999863147735596,-0.001196742057800293,0.0012555747525766492,0.0,0.0012555747525766492,0.02981148660182953,1,0,0.04066947475075722,1.0956387519836426,1.0963933058099071,0.02189534902572632,0.002336437115445733,0.0
phase5_v12_hardware_unknown_r01_20260929_184546_956,/home/robo25/Downloads/rokuga_phase5_v12_hardware_unknown_r01_20260929_184546_956.tar.xz::phase5_v12_hardware_unknown_r01_20260929_184546_956,423,14.1,,,1,328.5,427.0,0.0368189632258553,1.096938618794003,1.0975563627690024,0.044970197356556246,1.096938618794003,1.0978600329969128,3848.5,14,60,73,0.821917808219178,0.8786529680365297,0.9567433188315724,True,True,accepted,0.04139931872487068,1.0957165956497192,0.0035708770155906677,0.0012220144271850586,0.0012555716093629599,0.0,0.0012555716093629599,0.01134501677006483,1,0,0.04241057485342026,1.0960626602172852,1.096882861559059,0.02693411521613598,0.004060788080096245,0.0
phase5_v12_hardware_unknown_r01_20260929_184546_956,/home/robo25/Downloads/rokuga_phase5_v12_hardware_unknown_r01_20260929_184546_956.tar.xz::phase5_v12_hardware_unknown_r01_20260929_184546_956,424,14.133333333333333,,,1,320.0,427.5,-0.020782793494480107,1.091039928141972,1.0912378518478332,0.009966258283819201,1.091039928141972,1.0910854462892534,3838.0,14,59,74,0.7972972972972973,0.8790655061841502,0.9568686113188731,True,True,accepted,0.043308377265930176,1.0961979627609253,-0.03334211930632591,-0.005158066749572754,0.0012555699795484543,0.0,0.0012555699795484543,0.9066022634506226,1,0,0.03386608511209488,1.09473717212677,1.0952608765755019,-0.020114067941904068,-0.003217623569071293,0.0
phase5_v12_hardware_unknown_r01_20260929_184546_956,/home/robo25/Downloads/rokuga_phase5_v12_hardware_unknown_r01_20260929_184546_956.tar.xz::phase5_v12_hardware_unknown_r01_20260929_184546_956,425,14.166666666666666,,,1,320.0,427.5,-0.020782793494480107,1.091039928141972,1.0912378518478332,0.009966258283819201,1.091039928141972,1.0910854462892534,3855.5,14,59,74,0.7972972972972973,0.8830737517178195,0.9603935732967991,True,True,accepted,0.0331956148147583,1.0946298837661743,-0.023229356855154037,-0.0035899877548217773,0.0012555692810565233,0.0,0.0012555692810565233,0.4400322735309601,1,0,0.026617208495736122,1.0936132669448853,1.0939371341288175,-0.05289243161678314,-0.00828336551785469,0.0
phase5_v12_hardware_unknown_r01_20260929_184546_956,/home/robo25/Downloads/rokuga_phase5_v12_hardware_unknown_r01_20260929_184546_956.tar.xz::phase5_v12_hardware_unknown_r01_20260929_184546_956,426,14.2,,,1,328.5,427.0,0.0368189632258553,1.0947809241298405,1.0953998849240465,0.044970197356556246,1.0947809241298405,1.095704152811732,3870.0,14,60,74,0.8108108108108109,0.8716216216216216,0.9563820585691338,True,True,accepted,0.024854127317667007,1.0933371782302856,0.020116068422794342,0.0014437437057495117,0.0012555689318105578,0.0,0.0012555689318105578,0.3239492177963257,1,0,0.030550867319107056,1.0937460660934448,1.0941726612326026,-0.024507123976945877,-0.006246132776141167,0.0
phase5_v12_hardware_unknown_r01_20260929_184546_956,/home/robo25/Downloads/rokuga_phase5_v12_hardware_unknown_r01_20260929_184546_956.tar.xz::phase5_v12_hardware_unknown_r01_20260929_184546_956,427,14.233333333333333,,,1,320.0,427.5,-0.020782793494480107,1.091039928141972,1.0912378518478332,0.009966258283819201,1.091039928141972,1.0910854462892534,3860.5,14,60,74,0.8108108108108109,0.869481981981982,0.9555693069306931,True,True,accepted,0.029733963310718536,1.0935378074645996,-0.019767705351114273,-0.0024979114532470703,0.001255568815395236,0.0,0.001255568815395236,0.31619274616241455,1,0,0.024135880172252655,1.0928304195404053,1.0930969154583448,-0.05240087956190109,-0.009770878590643406,0.0
phase5_v12_hardware_unknown_r01_20260929_184546_956,/home/robo25/Downloads/rokuga_phase5_v12_hardware_unknown_r01_20260929_184546_956.tar.xz::phase5_v12_hardware_unknown_r01_20260929_184546_956,428,14.266666666666667,,,1,328.5,427.0,0.0368189632258553,1.096938618794003,1.0975563627690024,0.044970197356556246,1.096938618794003,1.0978600329969128,3832.0,14,59,73,0.8082191780821918,0.8897144183886696,0.9605213685925554,True,True,accepted,0.022389184683561325,1.0925047397613525,0.022581011056900024,0.004433870315551758,0.001255568815395236,0.0,0.001255568815395236,0.42177000641822815,1,0,0.028783978894352913,1.093760371208191,1.0941390528934016,-0.020537320524454117,-0.0035143434070050716,0.0
phase5_v12_hardware_unknown_r01_20260929_184546_956,/home/robo25/Downloads/rokuga_phase5_v12_hardware_unknown_r01_20260929_184546_956.tar.xz::phase5_v12_hardware_unknown_r01_20260929_184546_956,429,14.3,,,1,320.0,427.5,-0.020782793494480107,1.091039928141972,1.0912378518478332,0.009966258283819201,1.091039928141972,1.0910854462892534,3862.5,14,59,74,0.7972972972972973,0.8846770499312873,0.9605819447898533,True,True,accepted,0.02809940092265606,1.0936431884765625,-0.018133142963051796,-0.002603292465209961,0.001255568815395236,0.0,0.001255568815395236,0.26727965474128723,1,0,0.02296421490609646,1.0929059982299805,1.0931472344260509,-0.04612458869814873,-0.0071877907030284405,0.0
phase5_v12_hardware_unknown_r01_20260929_184546_956,/home/robo25/Downloads/rokuga_phase5_v12_hardware_unknown_r01_20260929_184546_956.tar.xz::phase5_v12_hardware_unknown_r01_20260929_184546_956,430,14.333333333333334,,,1,320.0,427.5,-0.020782793494480107,1.091039928141972,1.0912378518478332,0.009966258283819201,1.091039928141972,1.0910854462892534,3851.5,14,59,74,0.7972972972972973,0.8821575813101237,0.9589194572388896,True,True,accepted,0.02142672799527645,1.0926663875579834,-0.011460470035672188,-0.0016264915466308594,0.001255568815395236,0.0,0.001255568815395236,0.10671485960483551,1,0,0.018181199207901955,1.0922057628631592,1.0923570773497706,-0.06229619309306145,-0.009482895955443382,0.0
phase5_v12_hardware_unknown_r01_20260929_184546_956,/home/robo25/Downloads/rokuga_phase5_v12_hardware_unknown_r01_20260929_184546_956.tar.xz::phase5_v12_hardware_unknown_r01_20260929_184546_956,431,14.366666666666667,,,1,328.5,427.0,0.0368189632258553,1.0955271841610892,1.0961457235645962,0.044970197356556246,1.0955271841610892,1.0964497844799883,3862.5,14,59,74,0.7972972972972973,0.8846770499312873,0.9615384615384616,True,True,accepted,0.01610465906560421,1.0918896198272705,0.02886553667485714,0.003637552261352539,0.001255568815395236,0.0,0.001255568815395236,0.6741573810577393,1,0,0.024279188364744186,1.0929197072982788,1.0931893548642917,-0.021564718335866928,-0.004350032191723585,0.0
phase5_v12_hardware_unknown_r01_20260929_184546_956,/home/robo25/Downloads/rokuga_phase5_v12_hardware_unknown_r01_20260929_184546_956.tar.xz::phase5_v12_hardware_unknown_r01_20260929_184546_956,432,14.4,,,1,328.5,427.0,0.0368189632258553,1.096938618794003,1.0975563627690024,0.044970197356556246,1.096938618794003,1.0978600329969128,3842.0,14,59,73,0.8082191780821918,0.8920362201068028,0.9631486588117323,True,True,accepted,0.023560363799333572,1.092774748802185,0.021409831941127777,0.004163861274719238,0.0012555686989799142,0.0,0.0012555686989799142,0.37888699769973755,1,0,0.02962348610162735,1.0939539670944214,1.0943549849342469,0.008646178059279919,0.0015254918253049254,0.0
phase5_v12_hardware_unknown_r01_20260929_184546_956,/home/robo25/Downloads/rokuga_phase5_v12_hardware_unknown_r01_20260929_184546_956.tar.xz::phase5_v12_hardware_unknown_r01_20260929_184546_956,433,14.433333333333334,,,1,328.5,427.0,0.0368189632258553,1.0955271841610892,1.0961457235645962,0.044970197356556246,1.0955271841610892,1.0964497844799883,3841.0,14,59,74,0.7972972972972973,0.8797526339899221,0.9596502186133666,True,True,accepted,0.029911691322922707,1.0940048694610596,0.015058504417538643,0.0015223026275634766,0.0012555685825645924,0.0,0.0012555685825645924,0.18244798481464386,1,0,0.03417615965008736,1.0944359302520752,1.0949694129587153,0.029894864186644554,0.0036735758185386658,0.0
phase5_v12_hardware_unknown_r01_20260929_184546_956,/home/robo25/Downloads/rokuga_phase5_v12_hardware_unknown_r01_20260929_184546_956.tar.xz::phase5_v12_hardware_unknown_r01_20260929_184546_956,434,14.466666666666667,,,1,319.5,427.5,-0.024177131647027447,1.0910461084262173,1.0913139531806009,0.007903557202307081,1.0910461084262173,1.0910747348043777,3844.5,14,59,74,0.7972972972972973,0.880554283096656,0.961125,True,True,accepted,0.035172656178474426,1.0945583581924438,-0.02726909890770912,-0.003512263298034668,0.0012555684661492705,0.0,0.0012555684661492705,0.6020697355270386,1,0,0.027450231835246086,1.0935636758804321,1.0939081444220677,-0.008583882823586464,-0.0012824914883822203,0.0
phase5_v12_hardware_unknown_r01_20260929_184546_956,/home/robo25/Downloads/rokuga_phase5_v12_hardware_unknown_r01_20260929_184546_956.tar.xz::phase5_v12_hardware_unknown_r01_20260929_184546_956,435,14.5,,,1,320.0,427.5,-0.020782793494480107,1.091039928141972,1.0912378518478332,0.009966258283819201,1.091039928141972,1.0910854462892534,3853.5,14,59,74,0.7972972972972973,0.8826156665139716,0.9587013310113198,True,True,accepted,0.027164101600646973,1.0935208797454834,-0.01719784364104271,-0.0024809837341308594,0.0012555683497339487,0.0,0.0012555683497339487,0.2404657006263733,1,0,0.02229378931224346,1.092818260192871,1.0930456362169296,-0.03285132721066475,-0.00478334492072463,0.0
phase5_v12_hardware_unknown_r01_20260929_184546_956,/home/robo25/Downloads/rokuga_phase5_v12_hardware_unknown_r01_20260929_184546_956.tar.xz::phase5_v12_hardware_unknown_r01_20260929_184546_956,436,14.533333333333333,,,1,328.5,427.0,0.0368189632258553,1.096938618794003,1.0975563627690024,0.044970197356556246,1.096938618794003,1.0978600329969128,3842.5,14,60,73,0.821917808219178,0.877283105022831,0.960625,True,True,accepted,0.02119874581694603,1.0926587581634521,0.02377144992351532,0.0042798519134521484,0.0012555683497339487,0.0,0.0012555683497339487,0.4646492898464203,1,0,0.02793065831065178,1.093870759010315,1.094227288588376,0.0006919600418768823,0.0012558450689539313,0.0
phase5_v12_hardware_unknown_r01_20260929_184546_956,/home/robo25/Downloads/rokuga_phase5_v12_hardware_unknown_r01_20260929_184546_956.tar.xz::phase5_v12_hardware_unknown_r01_20260929_184546_956,437,14.566666666666666,,,1,328.5,427.0,0.0368189632258553,1.0955271841610892,1.0961457235645962,0.044970197356556246,1.0955271841610892,1.0964497844799883,3873.5,14,60,74,0.8108108108108109,0.87240990990991,0.9560656546957916,True,True,accepted,0.027953723445534706,1.0939126014709473,0.017016472294926643,0.0016145706176757812,0.0012555683497339487,0.0,0.0012555683497339487,0.23269714415073395,1,0,0.032772671431303024,1.094369888305664,1.0948604935894326,0.02470346912741661,0.003534124232828617,0.0
phase5_v12_hardware_unknown_r01_20260929_184546_956,/home/robo25/Downloads/rokuga_phase5_v12_hardware_unknown_r01_20260929_184546_956.tar.xz::phase5_v12_hardware_unknown_r01_20260929_184546_956,438,14.6,,,1,328.5,427.0,0.0368189632258553,1.096938618794003,1.0975563627690024,0.044970197356556246,1.096938618794003,1.0978600329969128,3865.0,14,59,73,0.8082191780821918,0.8973763640585094,0.9657671164417791,True,True,accepted,0.03359612077474594,1.0944876670837402,0.011374074965715408,0.0024509429931640625,0.0012555682333186269,0.0,0.0012555682333186269,0.10782106220722198,1,0,0.03681718185544014,1.0951817035675049,1.0958003781295198,0.04075313359498978,0.006992587354034185,0.0
phase5_v12_hardware_unknown_r01_20260929_184546_956,/home/robo25/Downloads/rokuga_phase5_v12_hardware_unknown_r01_20260929_184546_956.tar.xz::phase5_v12_hardware_unknown_r01_20260929_184546_956,439,14.633333333333333,,,1,328.5,427.0,0.0368189632258553,1.093207455319658,1.0938273064883273,0.044970197356556246,1.093207455319658,1.0941320116954671,3858.0,14,59,74,0.7972972972972973,0.8836463582226294,0.9600597237775289,True,True,accepted,0.03817562013864517,1.0954147577285767,0.006794575601816177,-0.0022072792053222656,0.0012555682333186269,0.0,0.0012555682333186269,0.040649592876434326,1,0,0.040099795907735825,1.0947896242141724,1.0955237628271013,0.05034078285098076,0.0038779524620622396,0.0
phase5_v12_hardware_unknown_r01_20260929_184546_956,/home/robo25/Downloads/rokuga_phase5_v12_hardware_unknown_r01_20260929_184546_956.tar.xz::phase5_v12_hardware_unknown_r01_20260929_184546_956,440,14.666666666666666,,,1,328.5,427.0,0.0368189632258553,1.096938618794003,1.0975563627690024,0.044970197356556246,1.096938618794003,1.0978600329969128,3843.5,14,59,73,0.8082191780821918,0.8923844903645228,0.9653396960944368,True,True,accepted,0.041777823120355606,1.0949188470840454,0.0031923726201057434,0.0020197629928588867,0.0012555682333186269,0.0,0.0012555682333186269,0.011365918442606926,1,0,0.04268188029527664,1.09549081325531,1.09632197133521,0.054845456033945084,0.00672798790037632,0.0
phase5_v12_hardware_unknown_r01_20260929_184546_956,/home/robo25/Downloads/rokuga_phase5_v12_hardware_unknown_r01_20260929_184546_956.tar.xz::phase5_v12_hardware_unknown_r01_20260929_184546_956,441,14.7,,,1,328.5,427.0,0.0368189632258553,1.096938618794003,1.0975563627690024,0.044970197356556246,1.096938618794003,1.0978600329969128,3830.0,14,59,73,0.8082191780821918,0.889250058045043,0.9646140284598917,True,True,accepted,0.04451006278395653,1.095715045928955,0.0004601329565048218,0.0012235641479492188,0.0012555682333186269,0.0,0.0012555682333186269,0.0013610024470835924,1,0,0.04464036971330643,1.0960615873336792,1.0969702666146266,0.05549473688006401,0.008454527705907822,0.0
phase5_v12_hardware_unknown_r01_20260929_184546_956,/home/robo25/Downloads/rokuga_phase5_v12_hardware_unknown_r01_20260929_184546_956.tar.xz::phase5_v12_hardware_unknown_r01_20260929_184546_956,442,14.733333333333333,,,1,328.5,427.0,0.0368189632258553,1.096938618794003,1.0975563627690024,0.044970197356556246,1.096938618794003,1.0978600329969128,3846.0,14,59,73,0.8082191780821918,0.8929649407940562,0.9649981181783966,True,True,accepted,0.04649019613862038,1.0963433980941772,-0.001520000398159027,0.0005952119827270508,0.0012555682333186269,0.0,0.0012555682333186269,0.00212228880263865,1,0,0.0460597425699234,1.096511960029602,1.0974789193299193,0.05334990471601486,0.009294415824115276,0.0
phase5_v12_hardware_unknown_r01_20260929_184546_956,/home/robo25/Downloads/rokuga_phase5_v12_hardware_unknown_r01_20260929_184546_956.tar.xz::phase5_v12_hardware_unknown_r01_20260929_184546_956,443,14.766666666666667,,,1,328.5,427.0,0.0368189632258553,1.096938618794003,1.0975563627690024,0.044970197356556246,1.096938618794003,1.0978600329969128,3849.0,14,59,73,0.8082191780821918,0.8936614813094962,0.9632132132132132,True,True,accepted,0.04783807322382927,1.0968217849731445,-0.00286787748336792,0.00011682510375976562,0.0012555682333186269,0.0,0.0012555682333186269,0.006561466958373785,1,0,0.04702591150999069,1.0968549251556396,1.0978625429403852,0.049303118139505386,0.009459264576435089,0.0
phase5_v12_hardware_unknown_r01_20260929_184546_956,/home/robo25/Downloads/rokuga_phase5_v12_hardware_unknown_r01_20260929_184546_956.tar.xz::phase5_v12_hardware_unknown_r01_20260929_184546_956,444,14.8,,,1,328.5,427.0,0.0368189632258553,1.096938618794003,1.0975563627690024,0.044970197356556246,1.096938618794003,1.0978600329969128,3848.0,14,59,73,0.8082191780821918,0.8934293011376828,0.9653788258906172,True,True,accepted,0.048669349402189255,1.0971702337265015,-0.0036991536617279053,-0.00023162364959716797,0.0012555682333186269,0.0,0.0012555682333186269,0.010941172018647194,1,0,0.047621775418519974,1.0971046686172485,1.0981377360767521,0.04408333823084831,0.009132426232099533,0.0
phase5_v12_hardware_unknown_r01_20260929_184546_956,/home/robo25/Downloads/rokuga_phase5_v12_hardware_unknown_r01_20260929_184546_956.tar.xz::phase5_v12_hardware_unknown_r01_20260929_184546_956,445,14.833333333333334,,,1,328.5,427.0,0.0368189632258553,1.0955271841610892,1.0961457235645962,0.044970197356556246,1.0955271841610892,1.0964497844799883,3859.5,14,59,74,0.7972972972972973,0.8839899221255153,0.9587628865979382,True,True,accepted,0.049091219902038574,1.0974091291427612,-0.004121024161577225,-0.0018819570541381836,0.0012555682333186269,0.0,0.0012555682333186269,0.01634686253964901,1,0,0.04792417585849762,1.0968761444091797,1.0979225850694865,0.03826826810836792,0.006476845126599073,0.0
phase5_v12_hardware_unknown_r01_20260929_184546_956,/home/robo25/Downloads/rokuga_phase5_v12_hardware_unknown_r01_20260929_184546_956.tar.xz::phase5_v12_hardware_unknown_r01_20260929_184546_956,446,14.866666666666667,,,1,328.5,427.0,0.0368189632258553,1.0940076722925733,1.0946270703248853,0.044970197356556246,1.0940076722925733,1.0949315529681762,3849.5,14,59,74,0.7972972972972973,0.8816994961062757,0.9602145173359941,True,True,accepted,0.04919978603720665,1.0970920324325562,-0.0042295902967453,-0.0030843019485473633,0.0012555682333186269,0.0,0.0012555682333186269,0.021824661642313004,1,0,0.04800199344754219,1.0962185859680176,1.0972690552442723,0.03230000287294388,0.0021246662363409996,0.0
phase5_v12_hardware_unknown_r01_20260929_184546_956,/home/robo25/Downloads/rokuga_phase5_v12_hardware_unknown_r01_20260929_184546_956.tar.xz::phase5_v12_hardware_unknown_r01_20260929_184546_956,447,14.9,,,1,312.5,428.0,-0.07159688844062229,1.0899647348152581,1.092313708407651,-0.020912895144900724,1.0899647348152581,1.0901653417368566,3855.5,14,59,74,0.7972972972972973,0.8830737517178195,0.9605132037867464,True,True,accepted,0.04907866194844246,1.0962893962860107,-0.06999155879020691,-0.006324648857116699,0.0012555682333186269,0.0,0.0012555682333186269,3.933533191680908,1,0,0.029257534071803093,1.0944982767105103,1.0948892551405551,-0.06646327674388885,-0.006799882277846336,0.0
phase5_v12_hardware_unknown_r01_20260929_184546_956,/home/robo25/Downloads/rokuga_phase5_v12_hardware_unknown_r01_20260929_184546_956.tar.xz::phase5_v12_hardware_unknown_r01_20260929_184546_956,448,14.933333333333334,,,1,328.5,427.0,0.0368189632258553,1.096938618794003,1.0975563627690024,0.044970197356556246,1.096938618794003,1.0978600329969128,3854.0,14,59,73,0.8082191780821918,0.8948223821685628,0.9657937601804285,True,True,accepted,0.027042090892791748,1.0942716598510742,0.0179281048476696,0.002666950225830078,0.0012555682333186269,0.0,0.0012555682333186269,0.26165807247161865,1,0,0.032119207084178925,1.095026969909668,1.0954979271058733,-0.041165392845869064,-0.0030366177670657635,0.0
phase5_v12_hardware_unknown_r01_20260929_184546_956,/home/robo25/Downloads/rokuga_phase5_v12_hardware_unknown_r01_20260929_184546_956.tar.xz::phase5_v12_hardware_unknown_r01_20260929_184546_956,449,14.966666666666667,,,1,328.5,427.0,0.0368189632258553,1.096938618794003,1.0975563627690024,0.044970197356556246,1.096938618794003,1.0978600329969128,3833.5,14,59,73,0.8082191780821918,0.8900626886463896,0.9624654782827015,True,True,accepted,0.030747028067708015,1.0949257612228394,0.014223167672753334,0.0020128488540649414,0.0012555682333186269,0.0,0.0012555682333186269,0.16434794664382935,1,0,0.03477493301033974,1.0954958200454712,1.0960476210927028,-0.02109544910490513,-0.0001963387621799484,0.0
phase5_v12_hardware_unknown_r01_20260929_184546_956,/home/robo25/Downloads/rokuga_phase5_v12_hardware_unknown_r01_20260929_184546_956.tar.xz::phase5_v12_hardware_unknown_r01_20260929_184546_956,450,15.0,,,1,328.5,427.0,0.0368189632258553,1.096938618794003,1.0975563627690024,0.044970197356556246,1.096938618794003,1.0978600329969128,3859.5,14,59,73,0.8082191780821918,0.8960993731135362,0.9654784240150094,True,True,accepted,0.034071750938892365,1.095489263534546,0.010898444801568985,0.0014493465423583984,0.0012555682333186269,0.0,0.0012555682333186269,0.09627251327037811,1,0,0.037158116698265076,1.0958997011184692,1.0965294708981206,-0.0057169352658092976,0.0018487967317923903,0.0
phase5_v12_hardware_unknown_r01_20260929_184546_956,/home/robo25/Downloads/rokuga_phase5_v12_hardware_unknown_r01_20260929_184546_956.tar.xz::phase5_v12_hardware_unknown_r01_20260929_184546_956,451,15.033333333333333,,,1,311.5,428.0,-0.07837752863169078,1.0900998709097465,1.0929138875281335,-0.025033413851902615,1.0900998709097465,1.0903872708201094,3886.5,14,60,74,0.8108108108108109,0.8753378378378378,0.9571481344661987,True,True,accepted,0.036967553198337555,1.095961332321167,-0.06200096756219864,-0.005861520767211914,0.0012555682333186269,0.0,0.0012555682333186269,3.0890214443206787,1,0,0.019409306347370148,1.0943013429641724,1.0944734580546378,-0.09320490062236786,-0.006422243546694517,0.0
phase5_v12_hardware_unknown_r01_20260929_184546_956,/home/robo25/Downloads/rokuga_phase5_v12_hardware_unknown_r01_20260929_184546_956.tar.xz::phase5_v12_hardware_unknown_r01_20260929_184546_956,452,15.066666666666666,,,1,328.5,427.0,0.0368189632258553,1.0955271841610892,1.0961457235645962,0.044970197356556246,1.0955271841610892,1.0964497844799883,3844.0,14,60,74,0.8108108108108109,0.8657657657657658,0.950779124412565,True,True,accepted,0.016302475705742836,1.0940872430801392,0.028667720034718513,0.0014399290084838867,0.0012555682333186269,0.0,0.0012555682333186269,0.6562060713768005,1,0,0.024420976638793945,1.0944950580596924,1.0947674713002218,-0.052752621471881866,-0.004390397109091282,0.0
phase5_v12_hardware_unknown_r01_20260929_184546_956,/home/robo25/Downloads/rokuga_phase5_v12_hardware_unknown_r01_20260929_184546_956.tar.xz::phase5_v12_hardware_unknown_r01_20260929_184546_956,453,15.1,,,1,326.5,427.0,0.023269115708241805,1.0982417495004286,1.0984882302927081,0.0367361075656111,1.0982417495004286,1.0988559878095192,3850.5,14,59,73,0.8082191780821918,0.8940097515672162,0.9651585411705728,True,True,accepted,0.022662555798888206,1.094348669052124,0.014073552563786507,0.003893136978149414,0.0012555682333186269,0.0,0.0012555682333186269,0.169820636510849,1,0,0.026648089289665222,1.0954512357711792,1.0957753102782493,-0.032893795520067215,0.0011031079338863492,0.0
phase5_v12_hardware_unknown_r01_20260929_184546_956,/home/robo25/Downloads/rokuga_phase5_v12_hardware_unknown_r01_20260929_184546_956.tar.xz::phase5_v12_hardware_unknown_r01_20260929_184546_956,454,15.133333333333333,,,1,328.5,427.0,0.0368189632258553,1.096938618794003,1.0975563627690024,0.044970197356556246,1.096938618794003,1.0978600329969128,3841.0,14,59,73,0.8082191780821918,0.8918040399349896,0.9649541514885065,True,True,accepted,0.025551630184054375,1.0954879522323608,0.019418565556406975,0.001450657844543457,0.0012555682333186269,0.0,0.0012555682333186269,0.30200275778770447,1,0,0.03105083480477333,1.0958987474441528,1.0963385512658652,-0.00549275940284133,0.003150093834847212,0.0
phase5_v12_hardware_unknown_r01_20260929_184546_956,/home/robo25/Downloads/rokuga_phase5_v12_hardware_unknown_r01_20260929_184546_956.tar.xz::phase5_v12_hardware_unknown_r01_20260929_184546_956,455,15.166666666666666,,,1,326.5,427.0,0.023269115708241805,1.0982417495004286,1.0984882302927081,0.0367361075656111,1.0982417495004286,1.0988559878095192,3836.5,14,59,73,0.8082191780821918,0.8907592291618296,0.9639447236180905,True,True,accepted,0.030867742374539375,1.096003770828247,0.005868365988135338,0.002238035202026367,0.0012555682333186269,0.0,0.0012555682333186269,0.03141726553440094,1,0,0.032529622316360474,1.0966376066207886,1.0971199645357916,0.002787940204143524,0.006308127660304308,0.0
phase5_v12_hardware_unknown_r01_20260929_184546_956,/home/robo25/Downloads/rokuga_phase5_v12_hardware_unknown_r01_20260929_184546_956.tar.xz::phase5_v12_hardware_unknown_r01_20260929_184546_956,456,15.2,,,1,328.5,427.0,0.0368189632258553,1.0955271841610892,1.0961457235645962,0.044970197356556246,1.0955271841610892,1.0964497844799883,3850.0,14,59,74,0.7972972972972973,0.8818140174072377,0.9593820084724645,True,True,accepted,0.032622553408145905,1.0968478918075562,0.012347642332315445,-0.0013207197189331055,0.0012555682333186269,0.0,0.0012555682333186269,0.12281973659992218,1,0,0.03611931949853897,1.0964739322662354,1.0970686803388465,0.02021137997508049,0.004444494377821684,0.0
phase5_v12_hardware_unknown_r01_20260929_184546_956,/home/robo25/Downloads/rokuga_phase5_v12_hardware_unknown_r01_20260929_184546_956.tar.xz::phase5_v12_hardware_unknown_r01_20260929_184546_956,457,15.233333333333333,,,1,328.5,427.0,0.0368189632258553,1.096938618794003,1.0975563627690024,0.044970197356556246,1.096938618794003,1.0978600329969128,3839.0,14,59,73,0.8082191780821918,0.8913396795913628,0.9638463469746422,True,True,accepted,0.03679303079843521,1.096622109413147,0.008177164942026138,0.0003165006637573242,0.0012555682333186269,0.0,0.0012555682333186269,0.05333537608385086,1,0,0.039108745753765106,1.0967117547988892,1.0974088422773398,0.031749967485666275,0.004891100339591503,0.0
phase5_v12_hardware_unknown_r01_20260929_184546_956,/home/robo25/Downloads/rokuga_phase5_v12_hardware_unknown_r01_20260929_184546_956.tar.xz::phase5_v12_hardware_unknown_r01_20260929_184546_956,458,15.266666666666667,,,1,328.5,427.0,0.0368189632258553,1.096938618794003,1.0975563627690024,0.044970197356556246,1.096938618794003,1.0978600329969128,3841.5,14,59,73,0.8082191780821918,0.8919201300208962,0.9652010050251256,True,True,accepted,0.040167078375816345,1.0968748331069946,0.004803117364645004,6.377696990966797e-05,0.0012555682333186269,0.0,0.0012555682333186269,0.018377339467406273,1,0,0.041527289897203445,1.0968929529190063,1.0976787626485192,0.03852752223610878,0.004981094505637884,0.0
phase5_v12_hardware_unknown_r01_20260929_184546_956,/home/robo25/Downloads/rokuga_phase5_v12_hardware_unknown_r01_20260929_184546_956.tar.xz::phase5_v12_hardware_unknown_r01_20260929_184546_956,459,15.3,,,1,328.5,427.0,0.0368189632258553,1.096938618794003,1.0975563627690024,0.044970197356556246,1.096938618794003,1.0978600329969128,3843.0,14,59,73,0.8082191780821918,0.8922684002786162,0.9621932899349024,True,True,accepted,0.04281153902411461,1.0970590114593506,0.0021586567163467407,-0.00012040138244628906,0.0012555682333186269,0.0,0.0012555682333186269,0.003722852561622858,1,0,0.04342285543680191,1.097024917602539,1.0978839711987525,0.04157354682683945,0.004811199381947517,0.0
phase5_v12_hardware_unknown_r01_20260929_184546_956,/home/robo25/Downloads/rokuga_phase5_v12_hardware_unknown_r01_20260929_184546_956.tar.xz::phase5_v12_hardware_unknown_r01_20260929_184546_956,460,15.333333333333334,,,1,328.5,427.0,0.0368189632258553,1.096938618794003,1.0975563627690024,0.044970197356556246,1.096938618794003,1.0978600329969128,3843.5,14,59,73,0.8082191780821918,0.8923844903645228,0.9602748282323548,True,True,accepted,0.04480864107608795,1.0971852540969849,0.00016155466437339783,-0.0002466440200805664,0.0012555682333186269,0.0,0.0012555682333186269,6.92381217959337e-05,1,0,0.04485439136624336,1.097115397453308,1.0980319265640532,0.041801512241363525,0.00446316646412015,0.0
phase5_v12_hardware_unknown_r01_20260929_184546_956,/home/robo25/Downloads/rokuga_phase5_v12_hardware_unknown_r01_20260929_184546_956.tar.xz::phase5_v12_hardware_unknown_r01_20260929_184546_956,461,15.366666666666667,,,1,328.5,427.0,0.0368189632258553,1.096938618794003,1.0975563627690024,0.044970197356556246,1.096938618794003,1.0978600329969128,3837.0,14,59,73,0.8082191780821918,0.8908753192477362,0.9622570532915361,True,True,accepted,0.046247776597738266,1.0972641706466675,-0.0012775808572769165,-0.0003255605697631836,0.0012555682333186269,0.0,0.0012555682333186269,0.0013843950582668185,1,0,0.045885972678661346,1.0971720218658447,1.0981311251639545,0.039998751133680344,0.004003776237368584,0.0
phase5_v12_hardware_unknown_r01_20260929_184546_956,/home/robo25/Downloads/rokuga_phase5_v12_hardware_unknown_r01_20260929_184546_956.tar.xz::phase5_v12_hardware_unknown_r01_20260929_184546_956,462,15.4,,,1,328.5,427.0,0.0368189632258553,1.096938618794003,1.0975563627690024,0.044970197356556246,1.096938618794003,1.0978600329969128,3839.5,14,59,73,0.8082191780821918,0.8914557696772696,0.9644561667922632,True,True,accepted,0.04721926525235176,1.0973055362701416,-0.0022490695118904114,-0.0003669261932373047,0.0012555682333186269,0.0,0.0012555682333186269,0.004135935101658106,1,0,0.04658234491944313,1.0972015857696533,1.0981899811387992,0.03682514652609825,0.0034860160667449236,0.0
phase5_v12_hardware_unknown_r01_20260929_184546_956,/home/robo25/Downloads/rokuga_phase5_v12_hardware_unknown_r01_20260929_184546_956.tar.xz::phase5_v12_hardware_unknown_r01_20260929_184546_956,463,15.433333333333334,,,1,320.0,427.5,-0.020782793494480107,1.091039928141972,1.0912378518478332,0.009966258283819201,1.091039928141972,1.0910854462892534,3868.5,14,59,74,0.7972972972972973,0.886051305542831,0.9611180124223603,True,True,accepted,0.04780985042452812,1.0973178148269653,-0.03784359246492386,-0.006277918815612793,0.0012555682333186269,0.0,0.0012555682333186269,1.1720188856124878,1,0,0.03709280490875244,1.095539927482605,1.096167691954379,-0.01657496951520443,-0.005372593179345131,0.0
phase5_v12_hardware_unknown_r01_20260929_184546_956,/home/robo25/Downloads/rokuga_phase5_v12_hardware_unknown_r01_20260929_184546_956.tar.xz::phase5_v12_hardware_unknown_r01_20260929_184546_956,464,15.466666666666667,,,1,328.5,427.0,0.0368189632258553,1.096938618794003,1.0975563627690024,0.044970197356556246,1.096938618794003,1.0978600329969128,3851.0,14,59,73,0.8082191780821918,0.8941258416531228,0.9633520950594121,True,True,accepted,0.036540307104587555,1.0953608751296997,0.008429888635873795,0.0015777349472045898,0.0012555682333186269,0.0,0.0012555682333186269,0.05858086049556732,1,0,0.0389275923371315,1.095807671546936,1.0964988875809603,-0.004679771605879068,-0.0031462921760976315,0.0
phase5_v12_hardware_unknown_r01_20260929_184546_956,/home/robo25/Downloads/rokuga_phase5_v12_hardware_unknown_r01_20260929_184546_956.tar.xz::phase5_v12_hardware_unknown_r01_20260929_184546_956,465,15.5,,,1,328.5,427.0,0.0368189632258553,1.0955271841610892,1.0961457235645962,0.044970197356556246,1.0955271841610892,1.0964497844799883,3842.0,14,59,74,0.7972972972972973,0.8799816765918461,0.9578658688606333,True,True,accepted,0.038771599531173706,1.0957027673721313,0.006198596209287643,-0.00017559528350830078,0.0012555682333186269,0.0,0.0012555682333186269,0.030626315623521805,1,0,0.04052700102329254,1.0956530570983887,1.0964023254905049,0.004066907335072756,-0.003394070081412792,0.0
phase5_v12_hardware_unknown_r01_20260929_184546_956,/home/robo25/Downloads/rokuga_phase5_v12_hardware_unknown_r01_20260929_184546_956.tar.xz::phase5_v12_hardware_unknown_r01_20260929_184546_956,466,15.533333333333333,,,1,328.5,427.0,0.0368189632258553,1.096938618794003,1.0975563627690024,0.044970197356556246,1.096938618794003,1.0978600329969128,3862.0,14,59,73,0.8082191780821918,0.8966798235430694,0.9656207025878235,True,True,accepted,0.04066256433725357,1.095539927482605,0.004307631403207779,0.0013986825942993164,0.0012555682333186269,0.0,0.0012555682333186269,0.016336826607584953,1,0,0.041882455348968506,1.0959360599517822,1.0967360610323227,0.010145294480025768,-0.0014204252511262894,0.0
phase5_v12_hardware_unknown_r01_20260929_184546_956,/home/robo25/Downloads/rokuga_phase5_v12_hardware_unknown_r01_20260929_184546_956.tar.xz::phase5_v12_hardware_unknown_r01_20260929_184546_956,467,15.566666666666666,,,1,327.5,427.0,0.030046860660591056,1.0947809241298405,1.095193172766405,0.04085486686863818,1.0947809241298405,1.095542966745459,3854.5,14,59,74,0.7972972972972973,0.8828447091158955,0.9594275046670815,True,True,accepted,0.04222063347697258,1.0958887338638306,-0.001365765929222107,-0.0011078119277954102,0.0012555682333186269,0.0,0.0012555682333186269,0.002463079057633877,1,0,0.04183385893702507,1.095574975013733,1.0963733842217733,0.008218097500503063,-0.002983629936352372,0.0
phase5_v12_hardware_unknown_r01_20260929_184546_956,/home/robo25/Downloads/rokuga_phase5_v12_hardware_unknown_r01_20260929_184546_956.tar.xz::phase5_v12_hardware_unknown_r01_20260929_184546_956,468,15.6,,,1,328.0,427.0,0.03343432370945203,1.097277950337726,1.0977872081142452,0.042913390027040685,1.097277950337726,1.0981167785536172,3846.0,15,59,73,0.8082191780821918,0.8929649407940562,0.9629444166249375,True,True,accepted,0.04210779443383217,1.0954755544662476,0.0008055940270423889,0.0018024444580078125,0.0012555682333186269,0.0,0.0012555682333186269,0.0031044012866914272,1,0,0.042335934937000275,1.095986008644104,1.096803383715889,0.00935485027730465,-0.0004402471240609884,0.0
phase5_v12_hardware_unknown_r01_20260929_184546_956,/home/robo25/Downloads/rokuga_phase5_v12_hardware_unknown_r01_20260929_184546_956.tar.xz::phase5_v12_hardware_unknown_r01_20260929_184546_956,469,15.633333333333333,,,1,328.5,427.0,0.0368189632258553,1.096938618794003,1.0975563627690024,0.044970197356556246,1.096938618794003,1.0978600329969128,3840.5,14,59,73,0.8082191780821918,0.8916879498490828,0.9648285391282502,True,True,accepted,0.04264776408672333,1.0959713459014893,0.002322431653738022,0.0009672641754150391,0.0012555682333186269,0.0,0.0012555682333186269,0.0050409757532179356,1,0,0.04330546036362648,1.096245288848877,1.097100312742943,0.012631973251700401,0.0009246343397535384,0.0
phase5_v12_hardware_unknown_r01_20260929_184546_956,/home/robo25/Downloads/rokuga_phase5_v12_hardware_unknown_r01_20260929_184546_956.tar.xz::phase5_v12_hardware_unknown_r01_20260929_184546_956,470,15.666666666666666,,,1,320.0,427.5,-0.020782793494480107,1.091039928141972,1.0912378518478332,0.009966258283819201,1.091039928141972,1.0910854462892534,3882.5,14,60,74,0.8108108108108109,0.8744369369369369,0.9578142346120636,True,True,accepted,0.04372652620077133,1.0962761640548706,-0.03376026824116707,-0.005236268043518066,0.0012555682333186269,0.0,0.0012555682333186269,0.9295983910560608,1,0,0.03416585177183151,1.0947933197021484,1.0953263067651327,-0.03500626981258392,-0.006464128382503986,0.0
phase5_v12_hardware_unknown_r01_20260929_184546_956,/home/robo25/Downloads/rokuga_phase5_v12_hardware_unknown_r01_20260929_184546_956.tar.xz::phase5_v12_hardware_unknown_r01_20260929_184546_956,471,15.7,,,1,328.5,427.0,0.0368189632258553,1.096938618794003,1.0975563627690024,0.044970197356556246,1.096938618794003,1.0978600329969128,3870.5,14,60,73,0.821917808219178,0.883675799086758,0.9606602134524695,True,True,accepted,0.03299897536635399,1.0945777893066406,0.01197122037410736,0.002360820770263672,0.0012555682333186269,0.0,0.0012555682333186269,0.11857865005731583,1,0,0.03638914227485657,1.0952463150024414,1.0958506559754968,-0.018113989382982254,-0.0031328352633863688,0.0
phase5_v12_hardware_unknown_r01_20260929_184546_956,/home/robo25/Downloads/rokuga_phase5_v12_hardware_unknown_r01_20260929_184546_956.tar.xz::phase5_v12_hardware_unknown_r01_20260929_184546_956,472,15.733333333333333,,,1,328.5,427.0,0.0368189632258553,1.096938618794003,1.0975563627690024,0.044970197356556246,1.096938618794003,1.0978600329969128,3845.5,14,59,73,0.8082191780821918,0.8928488507081496,0.9647516307074762,True,True,accepted,0.03578534349799156,1.095141887664795,0.009184852242469788,0.001796722412109375,0.0012555682333186269,0.0,0.0012555682333186269,0.0697610154747963,1,0,0.03838643059134483,1.0956506729125977,1.0963229064045739,-0.005153481848537922,-0.0005975266685709357,0.0
phase5_v12_hardware_unknown_r01_20260929_184546_956,/home/robo25/Downloads/rokuga_phase5_v12_hardware_unknown_r01_20260929_184546_956.tar.xz::phase5_v12_hardware_unknown_r01_20260929_184546_956,473,15.766666666666667,,,1,320.0,427.5,-0.020782793494480107,1.091039928141972,1.0912378518478332,0.009966258283819201,1.091039928141972,1.0910854462892534,3872.5,14,60,74,0.8108108108108109,0.8721846846846847,0.956054808048389,True,True,accepted,0.03821464627981186,1.0956307649612427,-0.028248388320207596,-0.004590868949890137,0.0012555682333186269,0.0,0.0012555682333186269,0.6523321866989136,1,0,0.03021489642560482,1.0943306684494019,1.094747711518469,-0.04501405358314514,-0.007075583096593618,0.0
phase5_v12_hardware_unknown_r01_20260929_184546_956,/home/robo25/Downloads/rokuga_phase5_v12_hardware_unknown_r01_20260929_184546_956.tar.xz::phase5_v12_hardware_unknown_r01_20260929_184546_956,474,15.8,,,1,328.5,427.0,0.0368189632258553,1.096938618794003,1.0975563627690024,0.044970197356556246,1.096938618794003,1.0978600329969128,3828.5,14,59,73,0.8082191780821918,0.888901787787323,0.9639934533551555,True,True,accepted,0.02871442772448063,1.0940948724746704,0.01625576801598072,0.0028437376022338867,0.0012555682333186269,0.0,0.0012555682333186269,0.21690326929092407,1,0,0.03331794962286949,1.0949002504348755,1.095407067792346,-0.02207595854997635,-0.0030628584790974855,0.0
phase5_v12_hardware_unknown_r01_20260929_184546_956,/home/robo25/Downloads/rokuga_phase5_v12_hardware_unknown_r01_20260929_184546_956.tar.xz::phase5_v12_hardware_unknown_r01_20260929_184546_956,475,15.833333333333334,,,1,328.5,427.0,0.0368189632258553,1.096938618794003,1.0975563627690024,0.044970197356556246,1.096938618794003,1.0978600329969128,3851.5,14,59,73,0.8082191780821918,0.8942419317390294,0.9644422186052335,True,True,accepted,0.03258208557963371,1.09479820728302,0.012388110160827637,0.0021404027938842773,0.0012555682333186269,0.0,0.0012555682333186269,0.1258765608072281,1,0,0.036090314388275146,1.0954043865203857,1.09599875948869,-0.004595416598021984,-4.259140041540377e-05,0.0
phase5_v12_hardware_unknown_r01_20260929_184546_956,/home/robo25/Downloads/rokuga_phase5_v12_hardware_unknown_r01_20260929_184546_956.tar.xz::phase5_v12_hardware_unknown_r01_20260929_184546_956,476,15.866666666666667,,,1,328.5,427.0,0.0368189632258553,1.096938618794003,1.0975563627690024,0.044970197356556246,1.096938618794003,1.0978600329969128,3842.5,14,59,73,0.8082191780821918,0.8921523101927096,0.9646039914647923,True,True,accepted,0.03593713417649269,1.0954029560089111,0.009033061563968658,0.001535654067993164,0.0012555682333186269,0.0,0.0012555682333186269,0.06686569005250931,1,0,0.03849523514509201,1.0958378314971924,1.0965137646511078,0.008150903508067131,0.002124330261722207,0.0
phase5_v12_hardware_unknown_r01_20260929_184546_956,/home/robo25/Downloads/rokuga_phase5_v12_hardware_unknown_r01_20260929_184546_956.tar.xz::phase5_v12_hardware_unknown_r01_20260929_184546_956,477,15.9,,,1,328.5,427.0,0.0368189632258553,1.096938618794003,1.0975563627690024,0.044970197356556246,1.096938618794003,1.0978600329969128,3835.0,14,59,73,0.8082191780821918,0.8904109589041096,0.9630838774485183,True,True,accepted,0.03876693174242973,1.0959086418151855,0.006203263998031616,0.00102996826171875,0.0012555682333186269,0.0,0.0012555682333186269,0.03149276599287987,1,0,0.040523651987314224,1.0962003469467163,1.096949117788282,0.01690416969358921,0.0035776919685304165,0.0
phase5_v12_hardware_unknown_r01_20260929_184546_956,/home/robo25/Downloads/rokuga_phase5_v12_hardware_unknown_r01_20260929_184546_956.tar.xz::phase5_v12_hardware_unknown_r01_20260929_184546_956,478,15.933333333333334,,,1,328.5,427.0,0.0368189632258553,1.096938618794003,1.0975563627690024,0.044970197356556246,1.096938618794003,1.0978600329969128,3852.5,14,59,73,0.8082191780821918,0.8944741119108428,0.965659857124953,True,True,accepted,0.04108712449669838,1.096319556236267,0.00388307124376297,0.000619053840637207,0.0012555682333186269,0.0,0.0012555682333186269,0.012314320541918278,1,0,0.04218678176403046,1.0964949131011963,1.0973061646652706,0.022383471950888634,0.004451222717761993,0.0
phase5_v12_hardware_unknown_r01_20260929_184546_956,/home/robo25/Downloads/rokuga_phase5_v12_hardware_unknown_r01_20260929_184546_956.tar.xz::phase5_v12_hardware_unknown_r01_20260929_184546_956,479,15.966666666666667,,,1,320.0,427.5,-0.020782793494480107,1.091039928141972,1.0912378518478332,0.009966258283819201,1.091039928141972,1.0910854462892534,3871.5,14,60,74,0.8108108108108109,0.8719594594594594,0.9529846153846154,True,True,accepted,0.0429328978061676,1.096643328666687,-0.03296663984656334,-0.005603432655334473,0.0012555682333186269,0.0,0.0012555682333186269,0.890591025352478,1,0,0.03359697386622429,1.0950565338134766,1.095571799975042,-0.02413490228354931,-0.0034556363243609667,0.0
phase5_v12_hardware_unknown_r01_20260929_184546_956,/home/robo25/Downloads/rokuga_phase5_v12_hardware_unknown_r01_20260929_184546_956.tar.xz::phase5_v12_hardware_unknown_r01_20260929_184546_956,480,16.0,,,1,328.5,427.0,0.0368189632258553,1.096938618794003,1.0975563627690024,0.044970197356556246,1.096938618794003,1.0978600329969128,3860.0,14,60,73,0.821917808219178,0.8812785388127854,0.9607965152457997,True,True,accepted,0.032792478799819946,1.0949413776397705,0.012177716940641403,0.001997232437133789,0.0012555682333186269,0.0,0.0012555682333186269,0.12128829210996628,1,0,0.03624112531542778,1.095507025718689,1.0961063190052034,-0.006951240357011557,-0.0006373932119458914,0.0
phase5_v12_hardware_unknown_r01_20260929_184546_956,/home/robo25/Downloads/rokuga_phase5_v12_hardware_unknown_r01_20260929_184546_956.tar.xz::phase5_v12_hardware_unknown_r01_20260929_184546_956,481,16.033333333333335,,,1,328.5,427.0,0.0368189632258553,1.096938618794003,1.0975563627690024,0.044970197356556246,1.096938618794003,1.0978600329969128,3836.5,14,59,74,0.7972972972972973,0.8787219422812643,0.960325406758448,True,True,accepted,0.03600941598415375,1.095485806465149,0.008960779756307602,0.001452803611755371,0.0012555682333186269,0.0,0.0012555682333186269,0.06563260406255722,1,0,0.03854704648256302,1.0958971977233887,1.0965749143448908,0.0056930845603346825,0.0014126204187050462,0.0
phase5_v12_hardware_unknown_r01_20260929_184546_956,/home/robo25/Downloads/rokuga_phase5_v12_hardware_unknown_r01_20260929_184546_956.tar.xz::phase5_v12_hardware_unknown_r01_20260929_184546_956,482,16.066666666666666,,,1,328.5,427.0,0.0368189632258553,1.096938618794003,1.0975563627690024,0.044970197356556246,1.096938618794003,1.0978600329969128,3839.0,14,59,73,0.8082191780821918,0.8913396795913628,0.9654218533886584,True,True,accepted,0.03873681649565697,1.0959442853927612,0.006233379244804382,0.0009943246841430664,0.0012555682333186269,0.0,0.0012555682333186269,0.03173359856009483,1,0,0.040502067655324936,1.0962258577346802,1.0969738140222363,0.014488845132291317,0.002815686399117112,0.0
phase5_v12_hardware_unknown_r01_20260929_184546_956,/home/robo25/Downloads/rokuga_phase5_v12_hardware_unknown_r01_20260929_184546_956.tar.xz::phase5_v12_hardware_unknown_r01_20260929_184546_956,483,16.1,,,1,328.5,427.0,0.0368189632258553,1.096938618794003,1.0975563627690024,0.044970197356556246,1.096938618794003,1.0978600329969128,3830.0,14,59,73,0.8082191780821918,0.889250058045043,0.965100163789845,True,True,accepted,0.04098502919077873,1.0963196754455566,0.003985166549682617,0.0006189346313476562,0.0012555682333186269,0.0,0.0012555682333186269,0.012954001314938068,1,0,0.04211360216140747,1.0964949131011963,1.097303353655592,0.020112210884690285,0.003689049044623971,0.0
phase5_v12_hardware_unknown_r01_20260929_184546_956,/home/robo25/Downloads/rokuga_phase5_v12_hardware_unknown_r01_20260929_184546_956.tar.xz::phase5_v12_hardware_unknown_r01_20260929_184546_956,484,16.133333333333333,,,1,327.5,427.0,0.030046860660591056,1.0976037367232512,1.0980149255380827,0.04085486686863818,1.0976037367232512,1.0983638208789008,3843.0,14,60,73,0.821917808219178,0.8773972602739726,0.9560890658042045,True,True,accepted,0.042784009128808975,1.0966179370880127,-0.0019291415810585022,0.0009857416152954102,0.0012555682333186269,0.0,0.0012555682333186269,0.0037379679270088673,1,0,0.04223768785595894,1.0968971252441406,1.0977100371429047,0.017390048131346703,0.005080003757029772,0.0
phase5_v12_hardware_unknown_r01_20260929_184546_956,/home/robo25/Downloads/rokuga_phase5_v12_hardware_unknown_r01_20260929_184546_956.tar.xz::phase5_v12_hardware_unknown_r01_20260929_184546_956,485,16.166666666666668,,,1,328.5,427.0,0.0368189632258553,1.096938618794003,1.0975563627690024,0.044970197356556246,1.096938618794003,1.0978600329969128,3844.0,14,60,73,0.821917808219178,0.8776255707762557,0.9575289575289575,True,True,accepted,0.042817357927560806,1.0970664024353027,0.002152837812900543,-0.0001277923583984375,0.0012555682333186269,0.0,0.0012555682333186269,0.003704332048073411,1,0,0.04342702776193619,1.0970301628112793,1.0978893773317866,0.02042786218225956,0.004899679217487574,0.0
phase5_v12_hardware_unknown_r01_20260929_184546_956,/home/robo25/Downloads/rokuga_phase5_v12_hardware_unknown_r01_20260929_184546_956.tar.xz::phase5_v12_hardware_unknown_r01_20260929_184546_956,486,16.2,,,1,328.5,427.0,0.0368189632258553,1.096938618794003,1.0975563627690024,0.044970197356556246,1.096938618794003,1.0978600329969128,3849.0,14,60,73,0.821917808219178,0.8787671232876713,0.9588938714499252,True,True,accepted,0.04410795494914055,1.0971934795379639,0.0008622407913208008,-0.0002548694610595703,0.0012555682333186269,0.0,0.0012555682333186269,0.0006438659620471299,1,0,0.04435213655233383,1.0971213579177856,1.0980174798317752,0.02164454758167267,0.0045400396920740604,0.0
phase5_v12_hardware_unknown_r01_20260929_184546_956,/home/robo25/Downloads/rokuga_phase5_v12_hardware_unknown_r01_20260929_184546_956.tar.xz::phase5_v12_hardware_unknown_r01_20260929_184546_956,487,16.233333333333334,,,1,328.5,427.0,0.0368189632258553,1.096938618794003,1.0975563627690024,0.044970197356556246,1.096938618794003,1.0978600329969128,3864.0,14,60,73,0.821917808219178,0.8821917808219178,0.9597615499254843,True,True,accepted,0.04507362097501755,1.0972726345062256,-0.00010342523455619812,-0.00033402442932128906,0.0012555682333186269,0.0,0.0012555682333186269,9.738148946780711e-05,1,0,0.04504433274269104,1.0971779823303223,1.0981022342307984,0.021498607471585274,0.004068706650286913,0.0
phase5_v12_hardware_unknown_r01_20260929_184546_956,/home/robo25/Downloads/rokuga_phase5_v12_hardware_unknown_r01_20260929_184546_956.tar.xz::phase5_v12_hardware_unknown_r01_20260929_184546_956,488,16.266666666666666,,,1,328.5,427.0,0.0368189632258553,1.093207455319658,1.0938273064883273,0.044970197356556246,1.093207455319658,1.0941320116954671,3860.0,14,60,74,0.8108108108108109,0.8693693693693694,0.9579352276957439,True,True,accepted,0.045760951936244965,1.097313642501831,-0.0007907561957836151,-0.00410616397857666,0.0012555682333186269,0.0,0.0012555682333186269,0.013926665298640728,1,0,0.045537013560533524,1.0961507558822632,1.0970962123830659,0.020382791757583618,-0.0017253952100872993,0.0
phase5_v12_hardware_unknown_r01_20260929_184546_956,/home/robo25/Downloads/rokuga_phase5_v12_hardware_unknown_r01_20260929_184546_956.tar.xz::phase5_v12_hardware_unknown_r01_20260929_184546_956,489,16.3,,,1,328.5,427.0,0.0368189632258553,1.096938618794003,1.0975563627690024,0.044970197356556246,1.096938618794003,1.0978600329969128,3853.0,14,60,73,0.821917808219178,0.8796803652968036,0.96120743420232,True,True,accepted,0.046216439455747604,1.0960932970046997,-0.0012462437152862549,0.0008453130722045898,0.0012555682333186269,0.0,0.0012555682333186269,0.001806096639484167,1,0,0.04586351290345192,1.0963326692581177,1.0972915672228938,0.01862424984574318,-0.0005325957899913192,0.0
phase5_v12_hardware_unknown_r01_20260929_184546_956,/home/robo25/Downloads/rokuga_phase5_v12_hardware_unknown_r01_20260929_184546_956.tar.xz::phase5_v12_hardware_unknown_r01_20260929_184546_956,490,16.333333333333332,,,1,328.5,427.0,0.0368189632258553,1.096938618794003,1.0975563627690024,0.044970197356556246,1.096938618794003,1.0978600329969128,3853.5,14,60,73,0.821917808219178,0.8797945205479452,0.957986326911125,True,True,accepted,0.0464843213558197,1.0963149070739746,-0.0015141256153583527,0.0006237030029296875,0.0012555682333186269,0.0,0.0012555682333186269,0.002135751536116004,1,0,0.04605553299188614,1.0964915752410889,1.0974583758365741,0.01648770645260811,0.00034749539918266237,0.0
phase5_v12_hardware_unknown_r01_20260929_184546_956,/home/robo25/Downloads/rokuga_phase5_v12_hardware_unknown_r01_20260929_184546_956.tar.xz::phase5_v12_hardware_unknown_r01_20260929_184546_956,491,16.366666666666667,,,1,328.5,427.0,0.0368189632258553,1.096938618794003,1.0975563627690024,0.044970197356556246,1.096938618794003,1.0978600329969128,3847.5,14,59,73,0.8082191780821918,0.8933132110517762,0.9638026052104208,True,True,accepted,0.046605125069618225,1.0965031385421753,-0.0016349293291568756,0.0004354715347290039,0.0012555682333186269,0.0,0.0012555682333186269,0.002279947279021144,1,0,0.04614212363958359,1.0966265201568604,1.0975968386822712,0.014180700294673443,0.0009619780466891825,0.0
phase5_v12_hardware_unknown_r01_20260929_184546_956,/home/robo25/Downloads/rokuga_phase5_v12_hardware_unknown_r01_20260929_184546_956.tar.xz::phase5_v12_hardware_unknown_r01_20260929_184546_956,492,16.4,,,1,328.5,427.0,0.0368189632258553,1.096938618794003,1.0975563627690024,0.044970197356556246,1.096938618794003,1.0978600329969128,3846.0,14,60,73,0.821917808219178,0.8780821917808219,0.9576693227091634,True,True,accepted,0.046614814549684525,1.0966585874557495,-0.001644618809223175,0.00028002262115478516,0.0012555682333186269,0.0,0.0012555682333186269,0.0022166725248098373,1,0,0.04614907130599022,1.0967378616333008,1.0977083738053521,0.011860021390020847,0.001357110682874918,0.0
phase5_v12_hardware_unknown_r01_20260929_184546_956,/home/robo25/Downloads/rokuga_phase5_v12_hardware_unknown_r01_20260929_184546_956.tar.xz::phase5_v12_hardware_unknown_r01_20260929_184546_956,493,16.433333333333334,,,1,328.5,427.0,0.0368189632258553,1.096938618794003,1.0975563627690024,0.044970197356556246,1.096938618794003,1.0978600329969128,3854.0,14,60,73,0.821917808219178,0.8799086757990867,0.961816820564013,True,True,accepted,0.046544406563043594,1.0967830419540405,-0.0015742108225822449,0.00015556812286376953,0.0012555682333186269,0.0,0.0012555682333186269,0.0019929951522499323,1,0,0.04609860107302666,1.0968271493911743,1.097795462125099,0.009638693183660507,0.0015766288852319121,0.0
phase5_v12_hardware_unknown_r01_20260929_184546_956,/home/robo25/Downloads/rokuga_phase5_v12_hardware_unknown_r01_20260929_184546_956.tar.xz::phase5_v12_hardware_unknown_r01_20260929_184546_956,494,16.466666666666665,,,1,326.0,427.0,0.019878833804753523,1.0985539758920808,1.098733819440239,0.034675871420986513,1.0985539758920808,1.0991011118214298,3840.5,15,60,73,0.821917808219178,0.8768264840182648,0.9496785361028685,True,True,accepted,0.0464198924601078,1.0968797206878662,-0.011744022369384766,0.0016742944717407227,0.0012555682333186269,0.0,0.0012555682333186269,0.11208098381757736,1,0,0.04309406504034996,1.0973538160324097,1.098199661265015,-0.006932993419468403,0.003939182497560978,0.0
phase5_v12_hardware_unknown_r01_20260929_184546_956,/home/robo25/Downloads/rokuga_phase5_v12_hardware_unknown_r01_20260929_184546_956.tar.xz::phase5_v12_hardware_unknown_r01_20260929_184546_956,495,16.5,,,1,326.5,427.0,0.023269115708241805,1.0982417495004286,1.0984882302927081,0.0367361075656111,1.0982417495004286,1.0988559878095192,3855.5,14,60,73,0.821917808219178,0.8802511415525114,0.955869592165613,True,True,accepted,0.042862966656684875,1.097485065460205,-0.006126858294010162,0.0007567405700683594,0.0012555682333186269,0.0,0.0012555682333186269,0.030353626236319542,1,0,0.04112788289785385,1.0976994037628174,1.098469609854048,-0.015578445047140121,0.005006999708712101,0.0
phase5_v12_hardware_unknown_r01_20260929_184546_956,/home/robo25/Downloads/rokuga_phase5_v12_hardware_unknown_r01_20260929_184546_956.tar.xz::phase5_v12_hardware_unknown_r01_20260929_184546_956,496,16.533333333333335,,,1,328.5,427.0,0.0368189632258553,1.096938618794003,1.0975563627690024,0.044970197356556246,1.096938618794003,1.0978600329969128,3828.5,14,60,73,0.821917808219178,0.8740867579908675,0.9598846684217124,True,True,accepted,0.04060859978199005,1.0978662967681885,0.004361595958471298,-0.0009276866912841797,0.0012555682333186269,0.0,0.0012555682333186269,0.015836751088500023,1,0,0.04184377193450928,1.0976035594940186,1.098400871751132,-0.009423909708857536,0.0036979650612920523,0.0
phase5_v12_hardware_unknown_r01_20260929_184546_956,/home/robo25/Downloads/rokuga_phase5_v12_hardware_unknown_r01_20260929_184546_956.tar.xz::phase5_v12_hardware_unknown_r01_20260929_184546_956,497,16.566666666666666,,,1,328.5,427.0,0.0368189632258553,1.096938618794003,1.0975563627690024,0.044970197356556246,1.096938618794003,1.0978600329969128,3855.5,14,60,73,0.821917808219178,0.8802511415525114,0.9572936064556177,True,True,accepted,0.041529640555381775,1.097726821899414,0.0034405551850795746,-0.0007882118225097656,0.0012555682333186269,0.0,0.0012555682333186269,0.009922756813466549,1,0,0.04250398278236389,1.097503662109375,1.098326398160334,-0.004569031298160553,0.002585739828646183,0.0
phase5_v12_hardware_unknown_r01_20260929_184546_956,/home/robo25/Downloads/rokuga_phase5_v12_hardware_unknown_r01_20260929_184546_956.tar.xz::phase5_v12_hardware_unknown_r01_20260929_184546_956,498,16.6,,,1,328.5,427.0,0.0368189632258553,1.0955271841610892,1.0961457235645962,0.044970197356556246,1.0955271841610892,1.0964497844799883,3860.5,14,60,74,0.8108108108108109,0.869481981981982,0.9545061194214365,True,True,accepted,0.04235168173909187,1.0975898504257202,0.0026185140013694763,-0.002062678337097168,0.0012555682333186269,0.0,0.0012555682333186269,0.008849584497511387,1,0,0.043093226850032806,1.0970057249069214,1.097851805426811,-0.000874113873578608,-0.00032485226984135807,0.0
phase5_v12_hardware_unknown_r01_20260929_184546_956,/home/robo25/Downloads/rokuga_phase5_v12_hardware_unknown_r01_20260929_184546_956.tar.xz::phase5_v12_hardware_unknown_r01_20260929_184546_956,499,16.633333333333333,,,1,328.5,427.0,0.0368189632258553,1.096938618794003,1.0975563627690024,0.044970197356556246,1.096938618794003,1.0978600329969128,3865.0,14,60,73,0.821917808219178,0.882420091324201,0.9603677475462791,True,True,accepted,0.043064091354608536,1.0969948768615723,0.0019061043858528137,-5.626678466796875e-05,0.0012555682333186269,0.0,0.0012555682333186269,0.0028962183278054,1,0,0.04360388591885567,1.0969789028167725,1.0978451676317178,0.0018155408324673772,-0.0004042488872073591,0.0
phase5_v12_hardware_unknown_r01_20260929_184546_956,/home/robo25/Downloads/rokuga_phase5_v12_hardware_unknown_r01_20260929_184546_956.tar.xz::phase5_v12_hardware_unknown_r01_20260929_184546_956,500,16.666666666666668,,,1,319.5,427.5,-0.024177131647027447,1.0910461084262173,1.0913139531806009,0.007903557202307081,1.0910461084262173,1.0910747348043777,3859.0,14,60,74,0.8108108108108109,0.8691441441441441,0.9536636599530458,True,True,accepted,0.04366440325975418,1.0969654321670532,-0.035760845988988876,-0.005919337272644043,0.0012555682333186269,0.0,0.0012555682333186269,1.0464398860931396,1,0,0.03353717923164368,1.0952891111373901,1.095802436284456,-0.048645664006471634,-0.008756873197853565,0.0
phase5_v12_hardware_unknown_r01_20260929_184546_956,/home/robo25/Downloads/rokuga_phase5_v12_hardware_unknown_r01_20260929_184546_956.tar.xz::phase5_v12_hardware_unknown_r01_20260929_184546_956,501,16.7,,,1,327.5,427.0,0.030046860660591056,1.0955271841610892,1.0959391520844037,0.04085486686863818,1.0955271841610892,1.0962887080430863,3866.0,14,60,74,0.8108108108108109,0.8707207207207207,0.9549215758923058,True,True,accepted,0.031915657222270966,1.0949971675872803,0.008939210325479507,0.0005300045013427734,0.0012555682333186269,0.0,0.0012555682333186269,0.06386779993772507,1,0,0.03444717824459076,1.0951472520828247,1.0956888754722194,-0.036031775176525116,-0.00800899788737297,0.0
phase5_v12_hardware_unknown_r01_20260929_184546_956,/home/robo25/Downloads/rokuga_phase5_v12_hardware_unknown_r01_20260929_184546_956.tar.xz::phase5_v12_hardware_unknown_r01_20260929_184546_956,502,16.733333333333334,,,1,328.5,427.0,0.0368189632258553,1.096938618794003,1.0975563627690024,0.044970197356556246,1.096938618794003,1.0978600329969128,3880.0,14,60,73,0.821917808219178,0.8858447488584474,0.9539028887523049,True,True,accepted,0.03324611857533455,1.0948803424835205,0.0117240771651268,0.002058267593383789,0.0012555682333186269,0.0,0.0012555682333186269,0.11284966766834259,1,0,0.036566294729709625,1.0954632759094238,1.0960733929698625,-0.01948823221027851,-0.005104629788547754,0.0
phase5_v12_hardware_unknown_r01_20260929_184546_956,/home/robo25/Downloads/rokuga_phase5_v12_hardware_unknown_r01_20260929_184546_956.tar.xz::phase5_v12_hardware_unknown_r01_20260929_184546_956,503,16.766666666666666,,,1,328.5,427.0,0.0368189632258553,1.096938618794003,1.0975563627690024,0.044970197356556246,1.096938618794003,1.0978600329969128,3878.5,14,60,73,0.821917808219178,0.8855022831050229,0.9621681964773009,True,True,accepted,0.035916686058044434,1.0952931642532349,0.009053509682416916,0.0016454458236694336,0.0012555682333186269,0.0,0.0012555682333186269,0.06743840873241425,1,0,0.03848057612776756,1.0957591533660889,1.096434620451531,-0.006713058799505234,-0.002782783703878522,0.0
phase5_v12_hardware_unknown_r01_20260929_184546_956,/home/robo25/Downloads/rokuga_phase5_v12_hardware_unknown_r01_20260929_184546_956.tar.xz::phase5_v12_hardware_unknown_r01_20260929_184546_956,504,16.8,,,1,328.5,427.0,0.0368189632258553,1.096938618794003,1.0975563627690024,0.044970197356556246,1.096938618794003,1.0978600329969128,3876.5,14,60,73,0.821917808219178,0.8850456621004567,0.9586991467787808,True,True,accepted,0.03825680911540985,1.0956664085388184,0.006713386625051498,0.0012722015380859375,0.0012555682333186269,0.0,0.0012555682333186269,0.03718480095267296,1,0,0.0401579923927784,1.0960266590118408,1.0967620989155653,0.0027600275352597237,-0.0009876129915937781,0.0
phase5_v12_hardware_unknown_r01_20260929_184546_956,/home/robo25/Downloads/rokuga_phase5_v12_hardware_unknown_r01_20260929_184546_956.tar.xz::phase5_v12_hardware_unknown_r01_20260929_184546_956,505,16.833333333333332,,,1,328.5,427.0,0.0368189632258553,1.096938618794003,1.0975563627690024,0.044970197356556246,1.096938618794003,1.0978600329969128,3878.5,14,60,73,0.821917808219178,0.8855022831050229,0.9606191950464397,True,True,accepted,0.04024999216198921,1.0959937572479248,0.0047202035784721375,0.0009448528289794922,0.0012555682333186269,0.0,0.0012555682333186269,0.018456239253282547,1,0,0.04158671945333481,1.0962613821029663,1.097049895458359,0.009420584887266159,0.00034564442466944456,0.0
phase5_v12_hardware_unknown_r01_20260929_184546_956,/home/robo25/Downloads/rokuga_phase5_v12_hardware_unknown_r01_20260929_184546_956.tar.xz::phase5_v12_hardware_unknown_r01_20260929_184546_956,506,16.866666666666667,,,1,328.5,427.0,0.0368189632258553,1.096938618794003,1.0975563627690024,0.044970197356556246,1.096938618794003,1.0978600329969128,3874.0,14,60,73,0.821917808219178,0.8844748858447489,0.95926705459948,True,True,accepted,0.04190073907375336,1.0962729454040527,0.0030694566667079926,0.0006656646728515625,0.0012555682333186269,0.0,0.0012555682333186269,0.007856740616261959,1,0,0.042769987136125565,1.0964614152908325,1.0972952688411628,0.013751816004514694,0.0012849466875195503,0.0
phase5_v12_hardware_unknown_r01_20260929_184546_956,/home/robo25/Downloads/rokuga_phase5_v12_hardware_unknown_r01_20260929_184546_956.tar.xz::phase5_v12_hardware_unknown_r01_20260929_184546_956,507,16.9,,,1,320.0,427.5,-0.020782793494480107,1.091039928141972,1.0912378518478332,0.009966258283819201,1.091039928141972,1.0910854462892534,3883.5,14,60,74,0.8108108108108109,0.8746621621621622,0.9535911602209944,True,True,accepted,0.043228380382061005,1.0965042114257812,-0.03326212242245674,-0.005464315414428711,0.0012555682333186269,0.0,0.0012555682333186269,0.9049507975578308,1,0,0.03380877524614334,1.0949567556381226,1.0954785849121869,-0.033183503895998,-0.006425607483834028,0.0
phase5_v12_hardware_unknown_r01_20260929_184546_956,/home/robo25/Downloads/rokuga_phase5_v12_hardware_unknown_r01_20260929_184546_956.tar.xz::phase5_v12_hardware_unknown_r01_20260929_184546_956,508,16.933333333333334,,,1,328.5,427.0,0.0368189632258553,1.0955271841610892,1.0961457235645962,0.044970197356556246,1.0955271841610892,1.0964497844799883,3882.0,14,60,74,0.8108108108108109,0.8743243243243243,0.953691192728166,True,True,accepted,0.03270265832543373,1.0947425365447998,0.012267537415027618,0.0007846355438232422,0.0012555682333186269,0.0,0.0012555682333186269,0.12035038322210312,1,0,0.03617674112319946,1.0949647426605225,1.095562204654724,-0.015873098745942116,-0.005318428389728069,0.0
phase5_v12_hardware_unknown_r01_20260929_184546_956,/home/robo25/Downloads/rokuga_phase5_v12_hardware_unknown_r01_20260929_184546_956.tar.xz::phase5_v12_hardware_unknown_r01_20260929_184546_956,509,16.966666666666665,,,1,312.5,428.0,-0.07159688844062229,1.0900460857196206,1.0923948843834108,-0.020912895144900724,1.0900460857196206,1.0902466776725386,3903.5,14,60,74,0.8108108108108109,0.8791666666666667,0.9600344318740777,True,True,accepted,0.03564763814210892,1.0947874784469604,-0.05656053125858307,-0.0047414302825927734,0.0012555682333186269,0.0,0.0012555682333186269,2.5658302307128906,1,0,0.019630085676908493,1.0934447050094604,1.0936208955469482,-0.09568420052528381,-0.012008938007056713,0.0
phase5_v12_hardware_unknown_r01_20260929_184546_956,/home/robo25/Downloads/rokuga_phase5_v12_hardware_unknown_r01_20260929_184546_956.tar.xz::phase5_v12_hardware_unknown_r01_20260929_184546_956,510,17.0,,,1,328.5,427.0,0.0368189632258553,1.096938618794003,1.0975563627690024,0.044970197356556246,1.096938618794003,1.0978600329969128,3872.0,14,60,73,0.821917808219178,0.8840182648401826,0.9625854568054693,True,True,accepted,0.016440611332654953,1.093044400215149,0.028529584407806396,0.003894209861755371,0.0012555682333186269,0.0,0.0012555682333186269,0.6603401303291321,1,0,0.024519992992281914,1.0941472053527832,1.0944219191142177,-0.055426839739084244,-0.006513919215649366,0.0
phase5_v12_hardware_unknown_r01_20260929_184546_956,/home/robo25/Downloads/rokuga_phase5_v12_hardware_unknown_r01_20260929_184546_956.tar.xz::phase5_v12_hardware_unknown_r01_20260929_184546_956,511,17.033333333333335,,,1,328.5,427.0,0.0368189632258553,1.092380299216027,1.0930006194729824,0.044970197356556246,1.092380299216027,1.0933055550785353,3892.0,14,60,74,0.8108108108108109,0.8765765765765766,0.9570884052625107,True,True,accepted,0.02267243154346943,1.0939301252365112,0.02229776419699192,-0.001549839973449707,0.0012555682333186269,0.0,0.0012555682333186269,0.397901326417923,1,0,0.028987005352973938,1.0934911966323853,1.0938753327467712,-0.023963041603565216,-0.008700858801603317,0.0
phase5_v12_hardware_unknown_r01_20260929_184546_956,/home/robo25/Downloads/rokuga_phase5_v12_hardware_unknown_r01_20260929_184546_956.tar.xz::phase5_v12_hardware_unknown_r01_20260929_184546_956,512,17.066666666666666,,,1,328.5,427.0,0.0368189632258553,1.096938618794003,1.0975563627690024,0.044970197356556246,1.096938618794003,1.0978600329969128,3871.5,14,60,73,0.821917808219178,0.8839041095890411,0.9579364097488556,True,True,accepted,0.02818823792040348,1.0932011604309082,0.01678195782005787,0.0037374496459960938,0.0012555682333186269,0.0,0.0012555682333186269,0.23543335497379303,1,0,0.03294077143073082,1.0942596197128296,1.094755319583567,-0.0002824545372277498,-0.0034270400647073984,0.0
phase5_v12_hardware_unknown_r01_20260929_184546_956,/home/robo25/Downloads/rokuga_phase5_v12_hardware_unknown_r01_20260929_184546_956.tar.xz::phase5_v12_hardware_unknown_r01_20260929_184546_956,513,17.1,,,1,328.5,427.0,0.0368189632258553,1.096938618794003,1.0975563627690024,0.044970197356556246,1.096938618794003,1.0978600329969128,3889.0,14,60,73,0.821917808219178,0.8878995433789955,0.9601283792124429,True,True,accepted,0.032931357622146606,1.09414541721344,0.012038838118314743,0.0027931928634643555,0.0012555682333186269,0.0,0.0012555682333186269,0.12164654582738876,1,0,0.03634067252278328,1.0949363708496094,1.0955392739143228,0.016705239191651344,0.0005143622402101755,0.0
phase5_v12_hardware_unknown_r01_20260929_184546_956,/home/robo25/Downloads/rokuga_phase5_v12_hardware_unknown_r01_20260929_184546_956.tar.xz::phase5_v12_hardware_unknown_r01_20260929_184546_956,514,17.133333333333333,,,1,328.5,427.0,0.0368189632258553,1.0955271841610892,1.0961457235645962,0.044970197356556246,1.0955271841610892,1.0964497844799883,3904.0,14,60,74,0.8108108108108109,0.8792792792792793,0.9579192737087474,True,True,accepted,0.03689751401543617,1.0949535369873047,0.008072681725025177,0.0005736351013183594,0.0012555682333186269,0.0,0.0012555682333186269,0.05216541886329651,1,0,0.03918364271521568,1.0951160192489624,1.0958167974037119,0.028096390888094902,0.0013238039100542665,0.0
phase5_v12_hardware_unknown_r01_20260929_184546_956,/home/robo25/Downloads/rokuga_phase5_v12_hardware_unknown_r01_20260929_184546_956.tar.xz::phase5_v12_hardware_unknown_r01_20260929_184546_956,515,17.166666666666668,,,1,328.5,427.0,0.0368189632258553,1.096938618794003,1.0975563627690024,0.044970197356556246,1.096938618794003,1.0978600329969128,3883.5,14,60,73,0.821917808219178,0.8866438356164383,0.9611434228437075,True,True,accepted,0.040120188146829605,1.0951601266860962,0.004850007593631744,0.0017784833908081055,0.0012555682333186269,0.0,0.0012555682333186269,0.021253785118460655,1,0,0.041493676602840424,1.0956637859344482,1.096449204024623,0.03494011238217354,0.003833375871181488,0.0
phase5_v12_hardware_unknown_r01_20260929_184546_956,/home/robo25/Downloads/rokuga_phase5_v12_hardware_unknown_r01_20260929_184546_956.tar.xz::phase5_v12_hardware_unknown_r01_20260929_184546_956,516,17.2,,,1,328.5,427.0,0.0368189632258553,1.096938618794003,1.0975563627690024,0.044970197356556246,1.096938618794003,1.0978600329969128,3911.0,14,60,73,0.821917808219178,0.8929223744292237,0.9599901816396662,True,True,accepted,0.04265834763646126,1.0957915782928467,0.0023118481040000916,0.0011470317840576172,0.0012555682333186269,0.0,0.0012555682333186269,0.005304628983139992,1,0,0.04331304877996445,1.0961164236068726,1.096971847540007,0.038202300667762756,0.00545192277058959,0.0
phase5_v12_hardware_unknown_r01_20260929_184546_956,/home/robo25/Downloads/rokuga_phase5_v12_hardware_unknown_r01_20260929_184546_956.tar.xz::phase5_v12_hardware_unknown_r01_20260929_184546_956,517,17.233333333333334,,,1,320.0,427.5,-0.020782793494480107,1.091039928141972,1.0912378518478332,0.009966258283819201,1.091039928141972,1.0910854462892534,3904.5,14,60,74,0.8108108108108109,0.8793918918918919,0.9586300024551927,True,True,accepted,0.044586457312107086,1.096298098564148,-0.03462019935250282,-0.00525820255279541,0.0012555682333186269,0.0,0.0012555682333186269,0.9766151309013367,1,0,0.03478225693106651,1.0948090553283691,1.095361434881754,-0.010649368166923523,-0.0019677910022437572,0.0
phase5_v12_hardware_unknown_r01_20260929_184546_956,/home/robo25/Downloads/rokuga_phase5_v12_hardware_unknown_r01_20260929_184546_956.tar.xz::phase5_v12_hardware_unknown_r01_20260929_184546_956,518,17.266666666666666,,,1,328.5,427.0,0.0368189632258553,1.096938618794003,1.0975563627690024,0.044970197356556246,1.096938618794003,1.0978600329969128,3878.5,14,60,73,0.821917808219178,0.8855022831050229,0.954120541205412,True,True,accepted,0.034427277743816376,1.0947434902191162,0.010542917996644974,0.002195119857788086,0.0012555682333186269,0.0,0.0012555682333186269,0.09236588329076767,1,0,0.03741296008229256,1.0953651666641235,1.0960039132791646,0.004227471072226763,0.001129685901105404,0.0
phase5_v12_hardware_unknown_r01_20260929_184546_956,/home/robo25/Downloads/rokuga_phase5_v12_hardware_unknown_r01_20260929_184546_956.tar.xz::phase5_v12_hardware_unknown_r01_20260929_184546_956,519,17.3,,,1,311.0,428.0,-0.0817691897312188,1.0901322272618614,1.0931946182195587,-0.027094488118433416,1.0901322272618614,1.090468882729492,3913.5,15,60,74,0.8108108108108109,0.8814189189189189,0.9538142822325127,True,True,accepted,0.037553876638412476,1.0954028367996216,-0.06464836746454239,-0.005270600318908691,0.0012555682333186269,0.0,0.0012555682333186269,3.3508260250091553,1,0,0.019245903939008713,1.0939102172851562,1.094079507302503,-0.0869961678981781,-0.006307521834969521,0.0
phase5_v12_hardware_unknown_r01_20260929_184546_956,/home/robo25/Downloads/rokuga_phase5_v12_hardware_unknown_r01_20260929_184546_956.tar.xz::phase5_v12_hardware_unknown_r01_20260929_184546_956,520,17.333333333333332,,,1,311.0,428.0,-0.0817691897312188,1.0901322272618614,1.0931946182195587,-0.027094488118433416,1.0901322272618614,1.090468882729492,3907.0,15,60,74,0.8108108108108109,0.8799549549549549,0.9521140489825759,True,True,accepted,0.016346031799912453,1.0936999320983887,-0.04344052076339722,-0.0035676956176757812,0.0012555682333186269,0.0,0.0012555682333186269,1.5131056308746338,1,0,0.004043975379317999,1.0926896333694458,1.0926971165926642,-0.14829395711421967,-0.011341804638504982,0.0
phase5_v12_hardware_unknown_r01_20260929_184546_956,/home/robo25/Downloads/rokuga_phase5_v12_hardware_unknown_r01_20260929_184546_956.tar.xz::phase5_v12_hardware_unknown_r01_20260929_184546_956,521,17.366666666666667,,,1,328.5,427.0,0.0368189632258553,1.096938618794003,1.0975563627690024,0.044970197356556246,1.096938618794003,1.0978600329969128,3864.0,14,59,73,0.8082191780821918,0.897144183886696,0.9646735738359755,True,True,accepted,-0.0008991565555334091,1.0923116207122803,0.04586935043334961,0.0046269893646240234,0.0012555682333186269,0.0,0.0012555682333186269,1.692784309387207,1,0,0.012090727686882019,1.0936219692230225,1.0936888027511482,-0.08356890082359314,-0.0048127793706953526,0.0
phase5_v12_hardware_unknown_r01_20260929_184546_956,/home/robo25/Downloads/rokuga_phase5_v12_hardware_unknown_r01_20260929_184546_956.tar.xz::phase5_v12_hardware_unknown_r01_20260929_184546_956,522,17.4,,,1,328.5,427.0,0.0368189632258553,1.096938618794003,1.0975563627690024,0.044970197356556246,1.096938618794003,1.0978600329969128,3891.5,14,60,73,0.821917808219178,0.8884703196347032,0.9530982120989469,True,True,accepted,0.009305097162723541,1.093461513519287,0.03566509857773781,0.0034770965576171875,0.0012555682333186269,0.0,0.0012555682333186269,1.0227158069610596,1,0,0.01940520666539669,1.0944461822509766,1.0946182018811237,-0.03324280306696892,9.36617361730896e-05,0.0
phase5_v12_hardware_unknown_r01_20260929_184546_956,/home/robo25/Downloads/rokuga_phase5_v12_hardware_unknown_r01_20260929_184546_956.tar.xz::phase5_v12_hardware_unknown_r01_20260929_184546_956,523,17.433333333333334,,,1,328.5,427.0,0.0368189632258553,1.0955271841610892,1.0961457235645962,0.044970197356556246,1.0955271841610892,1.0964497844799883,3550.5,14,60,69,0.8695652173913043,0.8576086956521739,0.9309124278972207,True,True,accepted,0.018297113478183746,1.0944492816925049,0.026673082262277603,0.001077890396118164,0.0012555682333186269,0.0,0.0012555682333186269,0.5675638914108276,1,0,0.025850746780633926,1.0947545766830444,1.0950597446156023,0.004394894000142813,0.0016146450070664287,0.0
phase5_v12_hardware_unknown_r01_20260929_184546_956,/home/robo25/Downloads/rokuga_phase5_v12_hardware_unknown_r01_20260929_184546_956.tar.xz::phase5_v12_hardware_unknown_r01_20260929_184546_956,524,17.466666666666665,,,1,326.5,427.0,0.023269115708241805,1.0982417495004286,1.0984882302927081,0.0367361075656111,1.0982417495004286,1.0988559878095192,2994.0,18,58,58,1.0,0.8900118906064209,0.9608472400513479,True,True,accepted,0.02599724382162094,1.0948083400726318,0.010738864541053772,0.0034334659576416016,0.0012555682333186269,0.0,0.0012555682333186269,0.10123854875564575,1,0,0.02903841622173786,1.0957807302474976,1.09616542474136,0.01954822801053524,0.006459520198404789,0.0
phase5_v12_hardware_unknown_r01_20260929_184546_956,/home/robo25/Downloads/rokuga_phase5_v12_hardware_unknown_r01_20260929_184546_956.tar.xz::phase5_v12_hardware_unknown_r01_20260929_184546_956,525,17.5,,,1,327.0,427.0,0.026659397611730085,1.0919599895905732,1.0922853758737525,0.03879634371023567,1.0919599895905732,1.0926489716061272,2516.5,17,57,51,1.1176470588235294,0.8656690746474028,0.9456971063509959,True,True,accepted,0.029690023511648178,1.0959960222244263,0.009106319397687912,-0.004036068916320801,0.0012555682333186269,0.0,0.0012555682333186269,0.0790199264883995,1,0,0.03226887062191963,1.0948530435562134,1.0953284744749028,0.03239791840314865,0.0007643276476301253,0.0
phase5_v12_hardware_unknown_r01_20260929_184546_956,/home/robo25/Downloads/rokuga_phase5_v12_hardware_unknown_r01_20260929_184546_956.tar.xz::phase5_v12_hardware_unknown_r01_20260929_184546_956,526,17.533333333333335,,,1,327.5,427.0,0.030046860660591056,1.0976037367232512,1.0980149255380827,0.04085486686863818,1.0976037367232512,1.0983638208789008,1934.0,16,56,42,1.3333333333333333,0.8222789115646258,0.9144208037825059,True,True,accepted,0.03334880247712135,1.0948785543441772,0.00750606507062912,0.0027251243591308594,0.0012555682333186269,0.0,0.0012555682333186269,0.05078761279582977,1,0,0.035474468022584915,1.095650315284729,1.0962244529588872,0.04298953339457512,0.0046096802689135075,0.0
phase5_v12_hardware_unknown_r01_20260929_184546_956,/home/robo25/Downloads/rokuga_phase5_v12_hardware_unknown_r01_20260929_184546_956.tar.xz::phase5_v12_hardware_unknown_r01_20260929_184546_956,527,17.566666666666666,,,1,328.0,427.0,0.03343432370945203,1.097277950337726,1.0977872081142452,0.042913390027040685,1.097277950337726,1.0981167785536172,1599.0,15,54,36,1.5,0.8225308641975309,0.909556313993174,True,True,accepted,0.03690745308995247,1.09580397605896,0.006005935370922089,0.0014740228652954102,0.0012555682333186269,0.0,0.0012555682333186269,0.03045951947569847,1,0,0.03860829398036003,1.0962214469909668,1.0969011173333005,0.05146435275673866,0.0066896360367536545,0.0
phase5_v12_hardware_unknown_r01_20260929_184546_956,/home/robo25/Downloads/rokuga_phase5_v12_hardware_unknown_r01_20260929_184546_956.tar.xz::phase5_v12_hardware_unknown_r01_20260929_184546_956,528,17.6,,,0,,,,,,,,,,,,,,,,False,False,no_detection,0.04032377153635025,1.0964444875717163,,,,,,,1,1,0.04032377153635025,1.0964444875717163,1.097185727612841,0.05146435275673866,0.0066896360367536545,0.03333333333333499
phase5_v12_hardware_unknown_r01_20260929_184546_956,/home/robo25/Downloads/rokuga_phase5_v12_hardware_unknown_r01_20260929_184546_956.tar.xz::phase5_v12_hardware_unknown_r01_20260929_184546_956,529,17.633333333333333,,,0,,,,,,,,,,,,,,,,False,False,no_detection,0.04203924909234047,1.0966675281524658,,,,,,,1,1,0.04203924909234047,1.0966675281524658,1.0974729909060574,0.05146435275673866,0.0066896360367536545,0.06666666666666643
phase5_v12_hardware_unknown_r01_20260929_184546_956,/home/robo25/Downloads/rokuga_phase5_v12_hardware_unknown_r01_20260929_184546_956.tar.xz::phase5_v12_hardware_unknown_r01_20260929_184546_956,530,17.666666666666668,,,1,326.5,427.0,0.023269115708241805,1.0982417495004286,1.0984882302927081,0.0367361075656111,1.0982417495004286,1.0988559878095192,1030.5,14,52,40,1.3,0.4954326923076923,0.7355460385438972,True,True,accepted,0.04375472664833069,1.0968905687332153,-0.007018618285655975,0.0013512372970581055,0.0015711926389485598,0.0,0.0015711926389485598,0.03251469135284424,1,0,0.0407564677298069,1.0974677801132202,1.0982243022481566,0.03795074298977852,0.009291301481425762,0.0
phase5_v12_hardware_unknown_r01_20260929_184546_956,/home/robo25/Downloads/rokuga_phase5_v12_hardware_unknown_r01_20260929_184546_956.tar.xz::phase5_v12_hardware_unknown_r01_20260929_184546_956,531,17.7,,,1,328.5,427.0,0.0368189632258553,1.096938618794003,1.0975563627690024,0.044970197356556246,1.096938618794003,1.0978600329969128,930.0,14,50,40,1.25,0.465,0.6853352984524687,True,True,accepted,0.042021494358778,1.0977774858474731,0.0029487013816833496,-0.0008388757705688477,0.0014178832061588764,0.0,0.0014178832061588764,0.006628579925745726,1,0,0.043098509311676025,1.0974711179733276,1.0983170472548054,0.04271404445171356,0.007936189882457256,0.0
phase5_v12_hardware_unknown_r01_20260929_184546_956,/home/robo25/Downloads/rokuga_phase5_v12_hardware_unknown_r01_20260929_184546_956.tar.xz::phase5_v12_hardware_unknown_r01_20260929_184546_956,532,17.733333333333334,,,1,328.5,427.0,0.0368189632258553,1.096938618794003,1.0975563627690024,0.044970197356556246,1.096938618794003,1.0978600329969128,794.5,14,50,42,1.1904761904761905,0.37833333333333335,0.6034941131788834,True,True,accepted,0.04452231153845787,1.0977356433868408,0.000447884202003479,-0.0007970333099365234,0.0013422075426205993,0.0,0.0013422075426205993,0.0006227519479580224,1,0,0.044669874012470245,1.0974730253219604,1.0983817364439499,0.04337189719080925,0.006765509489923716,0.0
phase5_v12_hardware_unknown_r01_20260929_184546_956,/home/robo25/Downloads/rokuga_phase5_v12_hardware_unknown_r01_20260929_184546_956.tar.xz::phase5_v12_hardware_unknown_r01_20260929_184546_956,533,17.766666666666666,,,1,325.5,427.0,0.016485737743496934,1.098852627119832,1.0989762853115184,0.0326139251443682,1.098852627119832,1.0993365109198725,680.0,14,50,40,1.25,0.34,0.5631469979296067,True,True,accepted,0.04611560329794884,1.0976985692977905,-0.01350167766213417,0.0011540651321411133,0.0013007631059736013,0.0,0.0013007631059736013,0.14116880297660828,1,0,0.04195575788617134,1.0980541706085205,1.0988554259822212,0.024415139108896255,0.008385851047933102,0.0
phase5_v12_hardware_unknown_r01_20260929_184546_956,/home/robo25/Downloads/rokuga_phase5_v12_hardware_unknown_r01_20260929_184546_956.tar.xz::phase5_v12_hardware_unknown_r01_20260929_184546_956,534,17.8,,,1,327.0,427.0,0.026659397611730085,1.0979295231087762,1.0982531407625862,0.03879634371023567,1.0979295231087762,1.0986147614150956,533.0,13,48,40,1.2,0.27760416666666665,0.482571299230421,True,True,accepted,0.042769595980644226,1.098333716392517,-0.003973253071308136,-0.0004042387008666992,0.0012775777140632272,0.0,0.0012775777140632272,0.01248467992991209,1,0,0.04159533232450485,1.0982142686843872,1.0990017068290518,0.01892327144742012,0.007827108725905418,0.0
phase5_v12_hardware_unknown_r01_20260929_184546_956,/home/robo25/Downloads/rokuga_phase5_v12_hardware_unknown_r01_20260929_184546_956.tar.xz::phase5_v12_hardware_unknown_r01_20260929_184546_956,535,17.833333333333332,,,1,326.5,427.0,0.023269115708241805,1.0982417495004286,1.0984882302927081,0.0367361075656111,1.0982417495004286,1.0988559878095192,465.5,14,50,40,1.25,0.23275,0.4197475202885482,True,True,accepted,0.04222610965371132,1.0984752178192139,-0.005490001291036606,-0.0002334117889404297,0.0012650333810597658,0.0,0.0012650333810597658,0.023868614807724953,1,0,0.04064193367958069,1.0984078645706177,1.0991594987643056,0.011336359195411205,0.007504545152187347,0.0
phase5_v12_hardware_unknown_r01_20260929_184546_956,/home/robo25/Downloads/rokuga_phase5_v12_hardware_unknown_r01_20260929_184546_956.tar.xz::phase5_v12_hardware_unknown_r01_20260929_184546_956,536,17.866666666666667,,,1,323.5,427.0,0.002902120468446068,1.099992853516228,1.0999966818540805,0.024359313852011587,1.099992853516228,1.1002625386507143,329.5,12,40,40,1.0,0.2059375,0.372737556561086,True,True,accepted,0.04101981222629547,1.0986579656600952,-0.016660498455166817,0.0013349056243896484,0.0012588242534548044,0.0,0.0012588242534548044,0.22191675007343292,1,0,0.036270786076784134,1.0990384817123413,1.0996368283243318,-0.011835198849439621,0.009361143223941326,0.0
phase5_v12_hardware_unknown_r01_20260929_184546_956,/home/robo25/Downloads/rokuga_phase5_v12_hardware_unknown_r01_20260929_184546_956.tar.xz::phase5_v12_hardware_unknown_r01_20260929_184546_956,537,17.9,,,0,,,,,,,,,,,,,,,,False,False,no_detection,0.03587627783417702,1.0993505716323853,,,,,,,1,1,0.03587627783417702,1.0993505716323853,1.0999358102451648,-0.011835198849439621,0.009361143223941326,0.03333333333333144
phase5_v12_hardware_unknown_r01_20260929_184546_956,/home/robo25/Downloads/rokuga_phase5_v12_hardware_unknown_r01_20260929_184546_956.tar.xz::phase5_v12_hardware_unknown_r01_20260929_184546_956,538,17.933333333333334,,,0,,,,,,,,,,,,,,,,False,False,no_detection,0.0354817695915699,1.0996626615524292,,,,,,,1,1,0.0354817695915699,1.0996626615524292,1.1002349409039516,-0.011835198849439621,0.009361143223941326,0.06666666666666643
phase5_v12_hardware_unknown_r01_20260929_184546_956,/home/robo25/Downloads/rokuga_phase5_v12_hardware_unknown_r01_20260929_184546_956.tar.xz::phase5_v12_hardware_unknown_r01_20260929_184546_956,539,17.966666666666665,,,0,,,,,,,,,,,,,,,,False,False,no_detection,0.035087261348962784,1.0999747514724731,,,,,,,1,1,0.035087261348962784,1.0999747514724731,1.1005342201794088,-0.011835198849439621,0.009361143223941326,0.09999999999999787
phase5_v12_hardware_unknown_r01_20260929_184546_956,/home/robo25/Downloads/rokuga_phase5_v12_hardware_unknown_r01_20260929_184546_956.tar.xz::phase5_v12_hardware_unknown_r01_20260929_184546_956,540,18.0,,,0,,,,,,,,,,,,,,,,False,False,no_detection,0.03469275310635567,1.100286841392517,,,,,,,1,1,0.03469275310635567,1.100286841392517,1.1008336479503253,-0.011835198849439621,0.009361143223941326,0.13333333333333286
phase5_v12_hardware_unknown_r01_20260929_184546_956,/home/robo25/Downloads/rokuga_phase5_v12_hardware_unknown_r01_20260929_184546_956.tar.xz::phase5_v12_hardware_unknown_r01_20260929_184546_956,541,18.033333333333335,,,0,,,,,,,,,,,,,,,,False,False,no_detection,0.03429824486374855,1.100598931312561,,,,,,,1,1,0.03429824486374855,1.100598931312561,1.1011332240955611,-0.011835198849439621,0.009361143223941326,0.16666666666666785
phase5_v12_hardware_unknown_r01_20260929_184546_956,/home/robo25/Downloads/rokuga_phase5_v12_hardware_unknown_r01_20260929_184546_956.tar.xz::phase5_v12_hardware_unknown_r01_20260929_184546_956,542,18.066666666666666,,,0,,,,,,,,,,,,,,,,False,False,no_detection,0.033903736621141434,1.100911021232605,,,,,,,1,1,0.033903736621141434,1.100911021232605,1.1014329484940484,-0.011835198849439621,0.009361143223941326,0.1999999999999993
phase5_v12_hardware_unknown_r01_20260929_184546_956,/home/robo25/Downloads/rokuga_phase5_v12_hardware_unknown_r01_20260929_184546_956.tar.xz::phase5_v12_hardware_unknown_r01_20260929_184546_956,543,18.1,,,0,,,,,,,,,,,,,,,,False,False,no_detection,0.03350922837853432,1.101223111152649,,,,,,,1,1,0.03350922837853432,1.101223111152649,1.101732821024791,-0.011835198849439621,0.009361143223941326,0.23333333333333428
phase5_v12_hardware_unknown_r01_20260929_184546_956,/home/robo25/Downloads/rokuga_phase5_v12_hardware_unknown_r01_20260929_184546_956.tar.xz::phase5_v12_hardware_unknown_r01_20260929_184546_956,544,18.133333333333333,,,0,,,,,,,,,,,,,,,,False,False,track_expired,0.0331147201359272,1.1015352010726929,,,,,,,0,,,,,,,
phase5_v12_hardware_unknown_r01_20260929_184546_956,/home/robo25/Downloads/rokuga_phase5_v12_hardware_unknown_r01_20260929_184546_956.tar.xz::phase5_v12_hardware_unknown_r01_20260929_184546_956,545,18.166666666666668,,,0,,,,,,,,,,,,,,,,False,False,no_detection,,,,,,,,,0,,,,,,,
phase5_v12_hardware_unknown_r01_20260929_184546_956,/home/robo25/Downloads/rokuga_phase5_v12_hardware_unknown_r01_20260929_184546_956.tar.xz::phase5_v12_hardware_unknown_r01_20260929_184546_956,546,18.2,,,0,,,,,,,,,,,,,,,,False,False,no_detection,,,,,,,,,0,,,,,,,
phase5_v12_hardware_unknown_r01_20260929_184546_956,/home/robo25/Downloads/rokuga_phase5_v12_hardware_unknown_r01_20260929_184546_956.tar.xz::phase5_v12_hardware_unknown_r01_20260929_184546_956,547,18.233333333333334,,,0,,,,,,,,,,,,,,,,False,False,no_detection,,,,,,,,,0,,,,,,,
phase5_v12_hardware_unknown_r01_20260929_184546_956,/home/robo25/Downloads/rokuga_phase5_v12_hardware_unknown_r01_20260929_184546_956.tar.xz::phase5_v12_hardware_unknown_r01_20260929_184546_956,548,18.266666666666666,,,0,,,,,,,,,,,,,,,,False,False,no_detection,,,,,,,,,0,,,,,,,
phase5_v12_hardware_unknown_r01_20260929_184546_956,/home/robo25/Downloads/rokuga_phase5_v12_hardware_unknown_r01_20260929_184546_956.tar.xz::phase5_v12_hardware_unknown_r01_20260929_184546_956,549,18.3,,,0,,,,,,,,,,,,,,,,False,False,no_detection,,,,,,,,,0,,,,,,,
phase5_v12_hardware_unknown_r01_20260929_184546_956,/home/robo25/Downloads/rokuga_phase5_v12_hardware_unknown_r01_20260929_184546_956.tar.xz::phase5_v12_hardware_unknown_r01_20260929_184546_956,550,18.333333333333332,,,0,,,,,,,,,,,,,,,,False,False,no_detection,,,,,,,,,0,,,,,,,
phase5_v12_hardware_unknown_r01_20260929_184546_956,/home/robo25/Downloads/rokuga_phase5_v12_hardware_unknown_r01_20260929_184546_956.tar.xz::phase5_v12_hardware_unknown_r01_20260929_184546_956,551,18.366666666666667,,,0,,,,,,,,,,,,,,,,False,False,no_detection,,,,,,,,,0,,,,,,,
phase5_v12_hardware_unknown_r01_20260929_184546_956,/home/robo25/Downloads/rokuga_phase5_v12_hardware_unknown_r01_20260929_184546_956.tar.xz::phase5_v12_hardware_unknown_r01_20260929_184546_956,552,18.4,,,0,,,,,,,,,,,,,,,,False,False,no_detection,,,,,,,,,0,,,,,,,
phase5_v12_hardware_unknown_r01_20260929_184546_956,/home/robo25/Downloads/rokuga_phase5_v12_hardware_unknown_r01_20260929_184546_956.tar.xz::phase5_v12_hardware_unknown_r01_20260929_184546_956,553,18.433333333333334,,,0,,,,,,,,,,,,,,,,False,False,no_detection,,,,,,,,,0,,,,,,,
phase5_v12_hardware_unknown_r01_20260929_184546_956,/home/robo25/Downloads/rokuga_phase5_v12_hardware_unknown_r01_20260929_184546_956.tar.xz::phase5_v12_hardware_unknown_r01_20260929_184546_956,554,18.466666666666665,,,0,,,,,,,,,,,,,,,,False,False,no_detection,,,,,,,,,0,,,,,,,
phase5_v12_hardware_unknown_r01_20260929_184546_956,/home/robo25/Downloads/rokuga_phase5_v12_hardware_unknown_r01_20260929_184546_956.tar.xz::phase5_v12_hardware_unknown_r01_20260929_184546_956,555,18.5,,,0,,,,,,,,,,,,,,,,False,False,no_detection,,,,,,,,,0,,,,,,,
phase5_v12_hardware_unknown_r01_20260929_184546_956,/home/robo25/Downloads/rokuga_phase5_v12_hardware_unknown_r01_20260929_184546_956.tar.xz::phase5_v12_hardware_unknown_r01_20260929_184546_956,556,18.533333333333335,,,0,,,,,,,,,,,,,,,,False,False,no_detection,,,,,,,,,0,,,,,,,
phase5_v12_hardware_unknown_r01_20260929_184546_956,/home/robo25/Downloads/rokuga_phase5_v12_hardware_unknown_r01_20260929_184546_956.tar.xz::phase5_v12_hardware_unknown_r01_20260929_184546_956,557,18.566666666666666,,,0,,,,,,,,,,,,,,,,False,False,no_detection,,,,,,,,,0,,,,,,,
phase5_v12_hardware_unknown_r01_20260929_184546_956,/home/robo25/Downloads/rokuga_phase5_v12_hardware_unknown_r01_20260929_184546_956.tar.xz::phase5_v12_hardware_unknown_r01_20260929_184546_956,558,18.6,,,0,,,,,,,,,,,,,,,,False,False,no_detection,,,,,,,,,0,,,,,,,
phase5_v12_hardware_unknown_r01_20260929_184546_956,/home/robo25/Downloads/rokuga_phase5_v12_hardware_unknown_r01_20260929_184546_956.tar.xz::phase5_v12_hardware_unknown_r01_20260929_184546_956,559,18.633333333333333,,,0,,,,,,,,,,,,,,,,False,False,no_detection,,,,,,,,,0,,,,,,,
phase5_v12_hardware_unknown_r01_20260929_184546_956,/home/robo25/Downloads/rokuga_phase5_v12_hardware_unknown_r01_20260929_184546_956.tar.xz::phase5_v12_hardware_unknown_r01_20260929_184546_956,560,18.666666666666668,,,0,,,,,,,,,,,,,,,,False,False,no_detection,,,,,,,,,0,,,,,,,
phase5_v12_hardware_unknown_r01_20260929_184546_956,/home/robo25/Downloads/rokuga_phase5_v12_hardware_unknown_r01_20260929_184546_956.tar.xz::phase5_v12_hardware_unknown_r01_20260929_184546_956,561,18.7,,,0,,,,,,,,,,,,,,,,False,False,no_detection,,,,,,,,,0,,,,,,,
phase5_v12_hardware_unknown_r01_20260929_184546_956,/home/robo25/Downloads/rokuga_phase5_v12_hardware_unknown_r01_20260929_184546_956.tar.xz::phase5_v12_hardware_unknown_r01_20260929_184546_956,562,18.733333333333334,,,0,,,,,,,,,,,,,,,,False,False,no_detection,,,,,,,,,0,,,,,,,
phase5_v12_hardware_unknown_r01_20260929_184546_956,/home/robo25/Downloads/rokuga_phase5_v12_hardware_unknown_r01_20260929_184546_956.tar.xz::phase5_v12_hardware_unknown_r01_20260929_184546_956,563,18.766666666666666,,,0,,,,,,,,,,,,,,,,False,False,no_detection,,,,,,,,,0,,,,,,,
phase5_v12_hardware_unknown_r01_20260929_184546_956,/home/robo25/Downloads/rokuga_phase5_v12_hardware_unknown_r01_20260929_184546_956.tar.xz::phase5_v12_hardware_unknown_r01_20260929_184546_956,564,18.8,,,0,,,,,,,,,,,,,,,,False,False,no_detection,,,,,,,,,0,,,,,,,
phase5_v12_hardware_unknown_r01_20260929_184546_956,/home/robo25/Downloads/rokuga_phase5_v12_hardware_unknown_r01_20260929_184546_956.tar.xz::phase5_v12_hardware_unknown_r01_20260929_184546_956,565,18.833333333333332,,,0,,,,,,,,,,,,,,,,False,False,no_detection,,,,,,,,,0,,,,,,,
phase5_v12_hardware_unknown_r01_20260929_184546_956,/home/robo25/Downloads/rokuga_phase5_v12_hardware_unknown_r01_20260929_184546_956.tar.xz::phase5_v12_hardware_unknown_r01_20260929_184546_956,566,18.866666666666667,,,0,,,,,,,,,,,,,,,,False,False,no_detection,,,,,,,,,0,,,,,,,
phase5_v12_hardware_unknown_r01_20260929_184546_956,/home/robo25/Downloads/rokuga_phase5_v12_hardware_unknown_r01_20260929_184546_956.tar.xz::phase5_v12_hardware_unknown_r01_20260929_184546_956,567,18.9,,,0,,,,,,,,,,,,,,,,False,False,no_detection,,,,,,,,,0,,,,,,,
phase5_v12_hardware_unknown_r01_20260929_184546_956,/home/robo25/Downloads/rokuga_phase5_v12_hardware_unknown_r01_20260929_184546_956.tar.xz::phase5_v12_hardware_unknown_r01_20260929_184546_956,568,18.933333333333334,,,0,,,,,,,,,,,,,,,,False,False,no_detection,,,,,,,,,0,,,,,,,
phase5_v12_hardware_unknown_r01_20260929_184546_956,/home/robo25/Downloads/rokuga_phase5_v12_hardware_unknown_r01_20260929_184546_956.tar.xz::phase5_v12_hardware_unknown_r01_20260929_184546_956,569,18.966666666666665,,,0,,,,,,,,,,,,,,,,False,False,no_detection,,,,,,,,,0,,,,,,,
phase5_v12_hardware_unknown_r01_20260929_184546_956,/home/robo25/Downloads/rokuga_phase5_v12_hardware_unknown_r01_20260929_184546_956.tar.xz::phase5_v12_hardware_unknown_r01_20260929_184546_956,570,19.0,,,0,,,,,,,,,,,,,,,,False,False,no_detection,,,,,,,,,0,,,,,,,
phase5_v12_hardware_unknown_r01_20260929_184546_956,/home/robo25/Downloads/rokuga_phase5_v12_hardware_unknown_r01_20260929_184546_956.tar.xz::phase5_v12_hardware_unknown_r01_20260929_184546_956,571,19.033333333333335,,,0,,,,,,,,,,,,,,,,False,False,no_detection,,,,,,,,,0,,,,,,,
phase5_v12_hardware_unknown_r01_20260929_184546_956,/home/robo25/Downloads/rokuga_phase5_v12_hardware_unknown_r01_20260929_184546_956.tar.xz::phase5_v12_hardware_unknown_r01_20260929_184546_956,572,19.066666666666666,,,0,,,,,,,,,,,,,,,,False,False,no_detection,,,,,,,,,0,,,,,,,
phase5_v12_hardware_unknown_r01_20260929_184546_956,/home/robo25/Downloads/rokuga_phase5_v12_hardware_unknown_r01_20260929_184546_956.tar.xz::phase5_v12_hardware_unknown_r01_20260929_184546_956,573,19.1,,,0,,,,,,,,,,,,,,,,False,False,no_detection,,,,,,,,,0,,,,,,,
phase5_v12_hardware_unknown_r01_20260929_184546_956,/home/robo25/Downloads/rokuga_phase5_v12_hardware_unknown_r01_20260929_184546_956.tar.xz::phase5_v12_hardware_unknown_r01_20260929_184546_956,574,19.133333333333333,,,0,,,,,,,,,,,,,,,,False,False,no_detection,,,,,,,,,0,,,,,,,
phase5_v12_hardware_unknown_r01_20260929_184546_956,/home/robo25/Downloads/rokuga_phase5_v12_hardware_unknown_r01_20260929_184546_956.tar.xz::phase5_v12_hardware_unknown_r01_20260929_184546_956,575,19.166666666666668,,,0,,,,,,,,,,,,,,,,False,False,no_detection,,,,,,,,,0,,,,,,,
phase5_v12_hardware_unknown_r01_20260929_184546_956,/home/robo25/Downloads/rokuga_phase5_v12_hardware_unknown_r01_20260929_184546_956.tar.xz::phase5_v12_hardware_unknown_r01_20260929_184546_956,576,19.2,,,0,,,,,,,,,,,,,,,,False,False,no_detection,,,,,,,,,0,,,,,,,
phase5_v12_hardware_unknown_r01_20260929_184546_956,/home/robo25/Downloads/rokuga_phase5_v12_hardware_unknown_r01_20260929_184546_956.tar.xz::phase5_v12_hardware_unknown_r01_20260929_184546_956,577,19.233333333333334,,,0,,,,,,,,,,,,,,,,False,False,no_detection,,,,,,,,,0,,,,,,,
phase5_v12_hardware_unknown_r01_20260929_184546_956,/home/robo25/Downloads/rokuga_phase5_v12_hardware_unknown_r01_20260929_184546_956.tar.xz::phase5_v12_hardware_unknown_r01_20260929_184546_956,578,19.266666666666666,,,0,,,,,,,,,,,,,,,,False,False,no_detection,,,,,,,,,0,,,,,,,
phase5_v12_hardware_unknown_r01_20260929_184546_956,/home/robo25/Downloads/rokuga_phase5_v12_hardware_unknown_r01_20260929_184546_956.tar.xz::phase5_v12_hardware_unknown_r01_20260929_184546_956,579,19.3,,,0,,,,,,,,,,,,,,,,False,False,no_detection,,,,,,,,,0,,,,,,,
phase5_v12_hardware_unknown_r01_20260929_184546_956,/home/robo25/Downloads/rokuga_phase5_v12_hardware_unknown_r01_20260929_184546_956.tar.xz::phase5_v12_hardware_unknown_r01_20260929_184546_956,580,19.333333333333332,,,0,,,,,,,,,,,,,,,,False,False,no_detection,,,,,,,,,0,,,,,,,
phase5_v12_hardware_unknown_r01_20260929_184546_956,/home/robo25/Downloads/rokuga_phase5_v12_hardware_unknown_r01_20260929_184546_956.tar.xz::phase5_v12_hardware_unknown_r01_20260929_184546_956,581,19.366666666666667,,,0,,,,,,,,,,,,,,,,False,False,no_detection,,,,,,,,,0,,,,,,,
phase5_v12_hardware_unknown_r01_20260929_184546_956,/home/robo25/Downloads/rokuga_phase5_v12_hardware_unknown_r01_20260929_184546_956.tar.xz::phase5_v12_hardware_unknown_r01_20260929_184546_956,582,19.4,,,0,,,,,,,,,,,,,,,,False,False,no_detection,,,,,,,,,0,,,,,,,
phase5_v12_hardware_unknown_r01_20260929_184546_956,/home/robo25/Downloads/rokuga_phase5_v12_hardware_unknown_r01_20260929_184546_956.tar.xz::phase5_v12_hardware_unknown_r01_20260929_184546_956,583,19.433333333333334,,,0,,,,,,,,,,,,,,,,False,False,no_detection,,,,,,,,,0,,,,,,,
phase5_v12_hardware_unknown_r01_20260929_184546_956,/home/robo25/Downloads/rokuga_phase5_v12_hardware_unknown_r01_20260929_184546_956.tar.xz::phase5_v12_hardware_unknown_r01_20260929_184546_956,584,19.466666666666665,,,0,,,,,,,,,,,,,,,,False,False,no_detection,,,,,,,,,0,,,,,,,
phase5_v12_hardware_unknown_r01_20260929_184546_956,/home/robo25/Downloads/rokuga_phase5_v12_hardware_unknown_r01_20260929_184546_956.tar.xz::phase5_v12_hardware_unknown_r01_20260929_184546_956,585,19.5,,,0,,,,,,,,,,,,,,,,False,False,no_detection,,,,,,,,,0,,,,,,,
phase5_v12_hardware_unknown_r01_20260929_184546_956,/home/robo25/Downloads/rokuga_phase5_v12_hardware_unknown_r01_20260929_184546_956.tar.xz::phase5_v12_hardware_unknown_r01_20260929_184546_956,586,19.533333333333335,,,0,,,,,,,,,,,,,,,,False,False,no_detection,,,,,,,,,0,,,,,,,
phase5_v12_hardware_unknown_r01_20260929_184546_956,/home/robo25/Downloads/rokuga_phase5_v12_hardware_unknown_r01_20260929_184546_956.tar.xz::phase5_v12_hardware_unknown_r01_20260929_184546_956,587,19.566666666666666,,,0,,,,,,,,,,,,,,,,False,False,no_detection,,,,,,,,,0,,,,,,,
phase5_v12_hardware_unknown_r01_20260929_184546_956,/home/robo25/Downloads/rokuga_phase5_v12_hardware_unknown_r01_20260929_184546_956.tar.xz::phase5_v12_hardware_unknown_r01_20260929_184546_956,588,19.6,,,0,,,,,,,,,,,,,,,,False,False,no_detection,,,,,,,,,0,,,,,,,
phase5_v12_hardware_unknown_r01_20260929_184546_956,/home/robo25/Downloads/rokuga_phase5_v12_hardware_unknown_r01_20260929_184546_956.tar.xz::phase5_v12_hardware_unknown_r01_20260929_184546_956,589,19.633333333333333,,,0,,,,,,,,,,,,,,,,False,False,no_detection,,,,,,,,,0,,,,,,,
phase5_v12_hardware_unknown_r01_20260929_184546_956,/home/robo25/Downloads/rokuga_phase5_v12_hardware_unknown_r01_20260929_184546_956.tar.xz::phase5_v12_hardware_unknown_r01_20260929_184546_956,590,19.666666666666668,,,0,,,,,,,,,,,,,,,,False,False,no_detection,,,,,,,,,0,,,,,,,
phase5_v12_hardware_unknown_r01_20260929_184546_956,/home/robo25/Downloads/rokuga_phase5_v12_hardware_unknown_r01_20260929_184546_956.tar.xz::phase5_v12_hardware_unknown_r01_20260929_184546_956,591,19.7,,,0,,,,,,,,,,,,,,,,False,False,no_detection,,,,,,,,,0,,,,,,,
phase5_v12_hardware_unknown_r01_20260929_184546_956,/home/robo25/Downloads/rokuga_phase5_v12_hardware_unknown_r01_20260929_184546_956.tar.xz::phase5_v12_hardware_unknown_r01_20260929_184546_956,592,19.733333333333334,,,0,,,,,,,,,,,,,,,,False,False,no_detection,,,,,,,,,0,,,,,,,
phase5_v12_hardware_unknown_r01_20260929_184546_956,/home/robo25/Downloads/rokuga_phase5_v12_hardware_unknown_r01_20260929_184546_956.tar.xz::phase5_v12_hardware_unknown_r01_20260929_184546_956,593,19.766666666666666,,,0,,,,,,,,,,,,,,,,False,False,no_detection,,,,,,,,,0,,,,,,,
phase5_v12_hardware_unknown_r01_20260929_184546_956,/home/robo25/Downloads/rokuga_phase5_v12_hardware_unknown_r01_20260929_184546_956.tar.xz::phase5_v12_hardware_unknown_r01_20260929_184546_956,594,19.8,,,0,,,,,,,,,,,,,,,,False,False,no_detection,,,,,,,,,0,,,,,,,
phase5_v12_hardware_unknown_r01_20260929_184546_956,/home/robo25/Downloads/rokuga_phase5_v12_hardware_unknown_r01_20260929_184546_956.tar.xz::phase5_v12_hardware_unknown_r01_20260929_184546_956,595,19.833333333333332,,,0,,,,,,,,,,,,,,,,False,False,no_detection,,,,,,,,,0,,,,,,,
phase5_v12_hardware_unknown_r01_20260929_184546_956,/home/robo25/Downloads/rokuga_phase5_v12_hardware_unknown_r01_20260929_184546_956.tar.xz::phase5_v12_hardware_unknown_r01_20260929_184546_956,596,19.866666666666667,,,0,,,,,,,,,,,,,,,,False,False,no_detection,,,,,,,,,0,,,,,,,
phase5_v12_hardware_unknown_r01_20260929_184546_956,/home/robo25/Downloads/rokuga_phase5_v12_hardware_unknown_r01_20260929_184546_956.tar.xz::phase5_v12_hardware_unknown_r01_20260929_184546_956,597,19.9,,,0,,,,,,,,,,,,,,,,False,False,no_detection,,,,,,,,,0,,,,,,,
phase5_v12_hardware_unknown_r01_20260929_184546_956,/home/robo25/Downloads/rokuga_phase5_v12_hardware_unknown_r01_20260929_184546_956.tar.xz::phase5_v12_hardware_unknown_r01_20260929_184546_956,598,19.933333333333334,,,0,,,,,,,,,,,,,,,,False,False,no_detection,,,,,,,,,0,,,,,,,
phase5_v12_hardware_unknown_r01_20260929_184546_956,/home/robo25/Downloads/rokuga_phase5_v12_hardware_unknown_r01_20260929_184546_956.tar.xz::phase5_v12_hardware_unknown_r01_20260929_184546_956,599,19.966666666666665,,,0,,,,,,,,,,,,,,,,False,False,no_detection,,,,,,,,,0,,,,,,,
phase5_v12_hardware_unknown_r01_20260929_184546_956,/home/robo25/Downloads/rokuga_phase5_v12_hardware_unknown_r01_20260929_184546_956.tar.xz::phase5_v12_hardware_unknown_r01_20260929_184546_956,600,20.0,,,0,,,,,,,,,,,,,,,,False,False,no_detection,,,,,,,,,0,,,,,,,
phase5_v12_hardware_unknown_r01_20260929_184546_956,/home/robo25/Downloads/rokuga_phase5_v12_hardware_unknown_r01_20260929_184546_956.tar.xz::phase5_v12_hardware_unknown_r01_20260929_184546_956,601,20.033333333333335,,,0,,,,,,,,,,,,,,,,False,False,no_detection,,,,,,,,,0,,,,,,,
phase5_v12_hardware_unknown_r01_20260929_184546_956,/home/robo25/Downloads/rokuga_phase5_v12_hardware_unknown_r01_20260929_184546_956.tar.xz::phase5_v12_hardware_unknown_r01_20260929_184546_956,602,20.066666666666666,,,0,,,,,,,,,,,,,,,,False,False,no_detection,,,,,,,,,0,,,,,,,
phase5_v12_hardware_unknown_r01_20260929_184546_956,/home/robo25/Downloads/rokuga_phase5_v12_hardware_unknown_r01_20260929_184546_956.tar.xz::phase5_v12_hardware_unknown_r01_20260929_184546_956,603,20.1,,,0,,,,,,,,,,,,,,,,False,False,no_detection,,,,,,,,,0,,,,,,,
phase5_v12_hardware_unknown_r01_20260929_184546_956,/home/robo25/Downloads/rokuga_phase5_v12_hardware_unknown_r01_20260929_184546_956.tar.xz::phase5_v12_hardware_unknown_r01_20260929_184546_956,604,20.133333333333333,,,0,,,,,,,,,,,,,,,,False,False,no_detection,,,,,,,,,0,,,,,,,
phase5_v12_hardware_unknown_r01_20260929_184546_956,/home/robo25/Downloads/rokuga_phase5_v12_hardware_unknown_r01_20260929_184546_956.tar.xz::phase5_v12_hardware_unknown_r01_20260929_184546_956,605,20.166666666666668,,,0,,,,,,,,,,,,,,,,False,False,no_detection,,,,,,,,,0,,,,,,,
phase5_v12_hardware_unknown_r01_20260929_184546_956,/home/robo25/Downloads/rokuga_phase5_v12_hardware_unknown_r01_20260929_184546_956.tar.xz::phase5_v12_hardware_unknown_r01_20260929_184546_956,606,20.2,,,0,,,,,,,,,,,,,,,,False,False,no_detection,,,,,,,,,0,,,,,,,
phase5_v12_hardware_unknown_r01_20260929_184546_956,/home/robo25/Downloads/rokuga_phase5_v12_hardware_unknown_r01_20260929_184546_956.tar.xz::phase5_v12_hardware_unknown_r01_20260929_184546_956,607,20.233333333333334,,,0,,,,,,,,,,,,,,,,False,False,no_detection,,,,,,,,,0,,,,,,,
phase5_v12_hardware_unknown_r01_20260929_184546_956,/home/robo25/Downloads/rokuga_phase5_v12_hardware_unknown_r01_20260929_184546_956.tar.xz::phase5_v12_hardware_unknown_r01_20260929_184546_956,608,20.266666666666666,,,0,,,,,,,,,,,,,,,,False,False,no_detection,,,,,,,,,0,,,,,,,
phase5_v12_hardware_unknown_r01_20260929_184546_956,/home/robo25/Downloads/rokuga_phase5_v12_hardware_unknown_r01_20260929_184546_956.tar.xz::phase5_v12_hardware_unknown_r01_20260929_184546_956,609,20.3,,,0,,,,,,,,,,,,,,,,False,False,no_detection,,,,,,,,,0,,,,,,,
phase5_v12_hardware_unknown_r01_20260929_184546_956,/home/robo25/Downloads/rokuga_phase5_v12_hardware_unknown_r01_20260929_184546_956.tar.xz::phase5_v12_hardware_unknown_r01_20260929_184546_956,610,20.333333333333332,,,0,,,,,,,,,,,,,,,,False,False,no_detection,,,,,,,,,0,,,,,,,
phase5_v12_hardware_unknown_r01_20260929_184546_956,/home/robo25/Downloads/rokuga_phase5_v12_hardware_unknown_r01_20260929_184546_956.tar.xz::phase5_v12_hardware_unknown_r01_20260929_184546_956,611,20.366666666666667,,,0,,,,,,,,,,,,,,,,False,False,no_detection,,,,,,,,,0,,,,,,,
phase5_v12_hardware_unknown_r01_20260929_184546_956,/home/robo25/Downloads/rokuga_phase5_v12_hardware_unknown_r01_20260929_184546_956.tar.xz::phase5_v12_hardware_unknown_r01_20260929_184546_956,612,20.4,,,0,,,,,,,,,,,,,,,,False,False,no_detection,,,,,,,,,0,,,,,,,
phase5_v12_hardware_unknown_r01_20260929_184546_956,/home/robo25/Downloads/rokuga_phase5_v12_hardware_unknown_r01_20260929_184546_956.tar.xz::phase5_v12_hardware_unknown_r01_20260929_184546_956,613,20.433333333333334,,,0,,,,,,,,,,,,,,,,False,False,no_detection,,,,,,,,,0,,,,,,,
phase5_v12_hardware_unknown_r01_20260929_184546_956,/home/robo25/Downloads/rokuga_phase5_v12_hardware_unknown_r01_20260929_184546_956.tar.xz::phase5_v12_hardware_unknown_r01_20260929_184546_956,614,20.466666666666665,,,0,,,,,,,,,,,,,,,,False,False,no_detection,,,,,,,,,0,,,,,,,
phase5_v12_hardware_unknown_r01_20260929_184546_956,/home/robo25/Downloads/rokuga_phase5_v12_hardware_unknown_r01_20260929_184546_956.tar.xz::phase5_v12_hardware_unknown_r01_20260929_184546_956,615,20.5,,,0,,,,,,,,,,,,,,,,False,False,no_detection,,,,,,,,,0,,,,,,,
phase5_v12_hardware_unknown_r01_20260929_184546_956,/home/robo25/Downloads/rokuga_phase5_v12_hardware_unknown_r01_20260929_184546_956.tar.xz::phase5_v12_hardware_unknown_r01_20260929_184546_956,616,20.533333333333335,,,1,326.0,427.0,0.019878833804753523,1.0958935628498092,1.0960738429180243,0.034675871420986513,1.0958935628498092,1.0964420263536296,1742.5,19,54,53,1.0188679245283019,0.6088399720475192,0.7478540772532188,True,True,initialized,,,,,,,,,1,0,0.03467587009072304,1.0958936214447021,1.0964420848771415,0.0,0.0,0.0
phase5_v12_hardware_unknown_r01_20260929_184546_956,/home/robo25/Downloads/rokuga_phase5_v12_hardware_unknown_r01_20260929_184546_956.tar.xz::phase5_v12_hardware_unknown_r01_20260929_184546_956,617,20.566666666666666,,,1,326.0,427.0,0.019878833804753523,1.0944010427873117,1.0945815686769955,0.034675871420986513,1.0944010427873117,1.094950253898669,2496.5,19,54,59,0.9152542372881356,0.7835844318895167,0.8873289497067709,True,True,accepted,0.03467587009072304,1.0958936214447021,0.0,-0.001492619514465332,0.0020784721709787846,0.0,0.0020784721709787846,0.0010718994308263063,1,0,0.03467587009072304,1.0950473546981812,1.0955962417779794,0.0,-0.006014364305883646,0.0
phase5_v12_hardware_unknown_r01_20260929_184546_956,/home/robo25/Downloads/rokuga_phase5_v12_hardware_unknown_r01_20260929_184546_956.tar.xz::phase5_v12_hardware_unknown_r01_20260929_184546_956,618,20.6,,,1,328.5,427.0,0.0368189632258553,1.0955271841610892,1.0961457235645962,0.044970197356556246,1.0955271841610892,1.0964497844799883,3529.5,14,58,73,0.7945205479452054,0.8336088804912613,0.9280830922955562,True,True,accepted,0.03467587009072304,1.0948468446731567,0.010294325649738312,0.0006803274154663086,0.001895808964036405,0.0,0.001895808964036405,0.05614277720451355,1,0,0.040083155035972595,1.09520423412323,1.0959374862459486,0.059512846171855927,-0.0020813022274523973,0.0
phase5_v12_hardware_unknown_r01_20260929_184546_956,/home/robo25/Downloads/rokuga_phase5_v12_hardware_unknown_r01_20260929_184546_956.tar.xz::phase5_v12_hardware_unknown_r01_20260929_184546_956,619,20.633333333333333,,,1,328.0,427.0,0.03343432370945203,1.097277950337726,1.0977872081142452,0.042913390027040685,1.097277950337726,1.0981167785536172,3757.5,15,58,73,0.7945205479452054,0.8874586679263108,0.9531963470319634,True,True,accepted,0.042066916823387146,1.0951348543167114,0.0008464716374874115,0.0021431446075439453,0.0018957407446578145,0.0,0.0018957407446578145,0.0028007959481328726,1,0,0.04251152649521828,1.0962605476379395,1.0970845082273237,0.06420470029115677,0.00979780312627554,0.0
phase5_v12_hardware_unknown_r01_20260929_184546_956,/home/robo25/Downloads/rokuga_phase5_v12_hardware_unknown_r01_20260929_184546_956.tar.xz::phase5_v12_hardware_unknown_r01_20260929_184546_956,620,20.666666666666668,,,1,320.0,427.5,-0.020782793494480107,1.091039928141972,1.0912378518478332,0.009966258283819201,1.091039928141972,1.0910854462892534,3820.0,14,59,74,0.7972972972972973,0.874942739349519,0.9560755850331623,True,True,accepted,0.044651683419942856,1.0965871810913086,-0.03468542546033859,-0.005547285079956055,0.0018194911535829306,0.0,0.0018194911535829306,0.6781297326087952,1,0,0.027123188599944115,1.0937838554382324,1.0941200984248267,-0.09659809619188309,-0.015919595956802368,0.0
phase5_v12_hardware_unknown_r01_20260929_184546_956,/home/robo25/Downloads/rokuga_phase5_v12_hardware_unknown_r01_20260929_184546_956.tar.xz::phase5_v12_hardware_unknown_r01_20260929_184546_956,621,20.7,,,1,320.0,427.5,-0.020782793494480107,1.091039928141972,1.0912378518478332,0.009966258283819201,1.091039928141972,1.0910854462892534,3889.5,14,59,74,0.7972972972972973,0.8908612001832341,0.9644185469873543,True,True,accepted,0.02390325255692005,1.093253254890442,-0.013936994597315788,-0.0022133588790893555,0.0017065037973225117,0.0,0.0017065037973225117,0.11669401079416275,1,0,0.0173165462911129,1.0922071933746338,1.0923444585087374,-0.14885783195495605,-0.024219056591391563,0.0
phase5_v12_hardware_unknown_r01_20260929_184546_956,/home/robo25/Downloads/rokuga_phase5_v12_hardware_unknown_r01_20260929_184546_956.tar.xz::phase5_v12_hardware_unknown_r01_20260929_184546_956,622,20.733333333333334,,,1,312.5,428.0,-0.07159688844062229,1.0900460857196206,1.0923948843834108,-0.020912895144900724,1.0900460857196206,1.0902466776725386,3884.5,14,59,74,0.7972972972972973,0.8897159871736143,0.9570091155457009,True,True,accepted,0.012354617938399315,1.091399908065796,-0.033267512917518616,-0.0013538599014282227,0.0015999670140445232,0.0,0.0015999670140445232,0.6928644776344299,1,0,-0.0021995343267917633,1.090807557106018,1.090809774704487,-0.25042444467544556,-0.02835242822766304,0.0
phase5_v12_hardware_unknown_r01_20260929_184546_956,/home/robo25/Downloads/rokuga_phase5_v12_hardware_unknown_r01_20260929_184546_956.tar.xz::phase5_v12_hardware_unknown_r01_20260929_184546_956,623,20.766666666666666,,,1,328.5,427.0,0.0368189632258553,1.093207455319658,1.0938273064883273,0.044970197356556246,1.093207455319658,1.0941320116954671,3881.5,14,59,74,0.7972972972972973,0.8890288593678424,0.9623156067931077,True,True,accepted,-0.010547015815973282,1.0898624658584595,0.05551721155643463,0.003345012664794922,0.0015127676306292415,0.0,0.0015127676306292415,2.044828176498413,1,0,0.011941005475819111,1.0912173986434937,1.0912827308786879,-0.10935492813587189,-0.019852733239531517,0.0
phase5_v12_hardware_unknown_r01_20260929_184546_956,/home/robo25/Downloads/rokuga_phase5_v12_hardware_unknown_r01_20260929_184546_956.tar.xz::phase5_v12_hardware_unknown_r01_20260929_184546_956,624,20.8,,,1,320.0,427.5,-0.020782793494480107,1.091039928141972,1.0912378518478332,0.009966258283819201,1.091039928141972,1.0910854462892534,3872.0,14,59,74,0.7972972972972973,0.8868529546495648,0.9607940446650124,True,True,accepted,0.00829584151506424,1.0905556678771973,0.0016704164445400238,0.00048422813415527344,0.0014447893481701612,0.0,0.0014447893481701612,0.0020935703068971634,1,0,0.008925708010792732,1.090738296508789,1.0907748162358668,-0.1057235524058342,-0.018800051882863045,0.0
phase5_v12_hardware_unknown_r01_20260929_184546_956,/home/robo25/Downloads/rokuga_phase5_v12_hardware_unknown_r01_20260929_184546_956.tar.xz::phase5_v12_hardware_unknown_r01_20260929_184546_956,625,20.833333333333332,,,1,328.5,427.0,0.0368189632258553,1.096938618794003,1.0975563627690024,0.044970197356556246,1.096938618794003,1.0978600329969128,3850.5,14,59,73,0.8082191780821918,0.8940097515672162,0.965400526513727,True,True,accepted,0.0054015894420444965,1.0901116132736206,0.03956860676407814,0.006826996803283691,0.001392763340845704,0.0,0.001392763340845704,1.1576141119003296,1,0,0.0194010678678751,1.0925270318984985,1.0926992801605375,-0.02997499331831932,-0.005730722099542618,0.0
phase5_v12_hardware_unknown_r01_20260929_184546_956,/home/robo25/Downloads/rokuga_phase5_v12_hardware_unknown_r01_20260929_184546_956.tar.xz::phase5_v12_hardware_unknown_r01_20260929_184546_956,626,20.866666666666667,,,1,328.5,427.0,0.0368189632258553,1.0955271841610892,1.0961457235645962,0.044970197356556246,1.0955271841610892,1.0964497844799883,3882.0,14,59,74,0.7972972972972973,0.8891433806688044,0.9618434093161546,True,True,accepted,0.01840190216898918,1.0923360586166382,0.026568293571472168,0.0031911134719848633,0.0013533529127016664,0.0,0.0013533529127016664,0.5290988087654114,1,0,0.027301883324980736,1.09340500831604,1.093745813726247,0.016076987609267235,-0.00019942598009947687,0.0
phase5_v12_hardware_unknown_r01_20260929_184546_956,/home/robo25/Downloads/rokuga_phase5_v12_hardware_unknown_r01_20260929_184546_956.tar.xz::phase5_v12_hardware_unknown_r01_20260929_184546_956,627,20.9,,,1,320.0,427.5,-0.020782793494480107,1.091039928141972,1.0912378518478332,0.009966258283819201,1.091039928141972,1.0910854462892534,3874.5,14,59,74,0.7972972972972973,0.8874255611543748,0.9608183508989461,True,True,accepted,0.027837783098220825,1.0933983325958252,-0.017871525138616562,-0.0023584365844726562,0.0013238159008324146,0.0,0.0013238159008324146,0.2454673945903778,1,0,0.022116264328360558,1.0926432609558105,1.0928670664174986,-0.012687567621469498,-0.003995373845100403,0.0
phase5_v12_hardware_unknown_r01_20260929_184546_956,/home/robo25/Downloads/rokuga_phase5_v12_hardware_unknown_r01_20260929_184546_956.tar.xz::phase5_v12_hardware_unknown_r01_20260929_184546_956,628,20.933333333333334,,,1,328.5,427.0,0.0368189632258553,1.096938618794003,1.0975563627690024,0.044970197356556246,1.096938618794003,1.0978600329969128,3854.0,14,59,73,0.8082191780821918,0.8948223821685628,0.9633795775528059,True,True,accepted,0.02169334515929222,1.0925101041793823,0.02327685058116913,0.004428505897521973,0.001301999669522047,0.0,0.001301999669522047,0.43120089173316956,1,0,0.028880203142762184,1.0938774347305298,1.0942586112735013,0.0228585135191679,0.002767397789284587,0.0
phase5_v12_hardware_unknown_r01_20260929_184546_956,/home/robo25/Downloads/rokuga_phase5_v12_hardware_unknown_r01_20260929_184546_956.tar.xz::phase5_v12_hardware_unknown_r01_20260929_184546_956,629,20.966666666666665,,,1,328.5,427.0,0.0368189632258553,1.096938618794003,1.0975563627690024,0.044970197356556246,1.096938618794003,1.0978600329969128,3864.5,14,59,73,0.8082191780821918,0.8972602739726028,0.96395609877775,True,True,accepted,0.029642153531312943,1.093969702720642,0.015328042209148407,0.002968907356262207,0.0012862063013017178,0.0,0.0012862063013017178,0.18952113389968872,1,0,0.03424467146396637,1.0948611497879028,1.095396565102595,0.04545636102557182,0.007144402712583542,0.0
phase5_v12_hardware_unknown_r01_20260929_184546_956,/home/robo25/Downloads/rokuga_phase5_v12_hardware_unknown_r01_20260929_184546_956.tar.xz::phase5_v12_hardware_unknown_r01_20260929_184546_956,630,21.0,,,1,328.5,427.0,0.0368189632258553,1.096938618794003,1.0975563627690024,0.044970197356556246,1.096938618794003,1.0978600329969128,3855.5,14,59,73,0.8082191780821918,0.8951706524262828,0.9654438462501566,True,True,accepted,0.03575988486409187,1.0950993299484253,0.009210310876369476,0.001839280128479004,0.0012750697787851095,0.0,0.0012750697787851095,0.06918270885944366,1,0,0.03846915438771248,1.0956404209136963,1.0963155603106467,0.05873900279402733,0.00979691930115223,0.0
phase5_v12_hardware_unknown_r01_20260929_184546_956,/home/robo25/Downloads/rokuga_phase5_v12_hardware_unknown_r01_20260929_184546_956.tar.xz::phase5_v12_hardware_unknown_r01_20260929_184546_956,631,21.033333333333335,,,1,328.5,427.0,0.0368189632258553,1.0955271841610892,1.0961457235645962,0.044970197356556246,1.0955271841610892,1.0964497844799883,3853.5,14,59,74,0.7972972972972973,0.8826156665139716,0.9595368525896414,True,True,accepted,0.04042712226510048,1.0959669351577759,0.00454307347536087,-0.00043976306915283203,0.0012674726312980056,0.0,0.0012674726312980056,0.01643657498061657,1,0,0.04174427688121796,1.0958393812179565,1.0966341842567602,0.06520826369524002,0.009170704521238804,0.0
phase5_v12_hardware_unknown_r01_20260929_184546_956,/home/robo25/Downloads/rokuga_phase5_v12_hardware_unknown_r01_20260929_184546_956.tar.xz::phase5_v12_hardware_unknown_r01_20260929_184546_956,632,21.066666666666666,,,1,328.5,427.0,0.0368189632258553,1.096938618794003,1.0975563627690024,0.044970197356556246,1.096938618794003,1.0978600329969128,3840.5,14,60,73,0.821917808219178,0.8768264840182648,0.9576112704151603,True,True,accepted,0.04391788691282272,1.0961450338363647,0.001052308827638626,0.0007935762405395508,0.0012624971568584442,0.0,0.0012624971568584442,0.0013759373687207699,1,0,0.044220034033060074,1.0963728427886963,1.0972642442978138,0.06669706106185913,0.010293451137840748,0.0
phase5_v12_hardware_unknown_r01_20260929_184546_956,/home/robo25/Downloads/rokuga_phase5_v12_hardware_unknown_r01_20260929_184546_956.tar.xz::phase5_v12_hardware_unknown_r01_20260929_184546_956,633,21.1,,,1,328.5,427.0,0.0368189632258553,1.0955271841610892,1.0961457235645962,0.044970197356556246,1.0955271841610892,1.0964497844799883,3859.5,14,59,74,0.7972972972972973,0.8839899221255153,0.9616295004360284,True,True,accepted,0.04644326865673065,1.0967159271240234,-0.0014730729162693024,-0.0011887550354003906,0.0012593971332535148,0.0,0.0012593971332535148,0.002845077309757471,1,0,0.046022895723581314,1.096376657485962,1.0973421900259162,0.0646185651421547,0.008616126142442226,0.0
phase5_v12_hardware_unknown_r01_20260929_184546_956,/home/robo25/Downloads/rokuga_phase5_v12_hardware_unknown_r01_20260929_184546_956.tar.xz::phase5_v12_hardware_unknown_r01_20260929_184546_956,634,21.133333333333333,,,1,328.0,427.0,0.03343432370945203,1.097277950337726,1.0977872081142452,0.042913390027040685,1.097277950337726,1.0981167785536172,3836.0,15,59,73,0.8082191780821918,0.890643139075923,0.960320440605833,True,True,accepted,0.0481768473982811,1.0966638326644897,-0.00526345893740654,0.000614166259765625,0.0012575816363096237,0.0,0.0012575816363096237,0.022329524159431458,1,0,0.046680230647325516,1.0968384742736816,1.0978313543437832,0.0571964792907238,0.009482171386480331,0.0
phase5_v12_hardware_unknown_r01_20260929_184546_956,/home/robo25/Downloads/rokuga_phase5_v12_hardware_unknown_r01_20260929_184546_956.tar.xz::phase5_v12_hardware_unknown_r01_20260929_184546_956,635,21.166666666666668,,,1,328.5,427.0,0.0368189632258553,1.096938618794003,1.0975563627690024,0.044970197356556246,1.096938618794003,1.0978600329969128,3848.5,14,59,73,0.8082191780821918,0.8935453912235896,0.9648990848689983,True,True,accepted,0.048586778342723846,1.0971544981002808,-0.003616582602262497,-0.00021588802337646484,0.0012565999059006572,0.0,0.0012565999059006572,0.010445868596434593,1,0,0.04756045714020729,1.0970932245254517,1.0981236453073209,0.05209502577781677,0.009177645668387413,0.0
phase5_v12_hardware_unknown_r01_20260929_184546_956,/home/robo25/Downloads/rokuga_phase5_v12_hardware_unknown_r01_20260929_184546_956.tar.xz::phase5_v12_hardware_unknown_r01_20260929_184546_956,636,21.2,,,1,328.5,427.0,0.0368189632258553,1.096938618794003,1.0975563627690024,0.044970197356556246,1.096938618794003,1.0978600329969128,3832.5,14,60,73,0.821917808219178,0.875,0.9582447805975747,True,True,accepted,0.04929695650935173,1.097399115562439,-0.004326760768890381,-0.00046050548553466797,0.001256123767234385,0.0,0.001256123767234385,0.01507249940186739,1,0,0.0480702742934227,1.0972685813903809,1.0983210327482142,0.045988116413354874,0.00852767564356327,0.0
phase5_v12_hardware_unknown_r01_20260929_184546_956,/home/robo25/Downloads/rokuga_phase5_v12_hardware_unknown_r01_20260929_184546_956.tar.xz::phase5_v12_hardware_unknown_r01_20260929_184546_956,637,21.233333333333334,,,1,328.5,427.0,0.0368189632258553,1.096938618794003,1.0975563627690024,0.044970197356556246,1.096938618794003,1.0978600329969128,3857.0,14,59,73,0.8082191780821918,0.8955189226840028,0.9653360030033789,True,True,accepted,0.049603212624788284,1.0975528955459595,-0.004633016884326935,-0.0006142854690551758,0.001255928073078394,0.0,0.001255928073078394,0.017391275614500046,1,0,0.04829022288322449,1.0973788499832153,1.0984408432030355,0.03944538161158562,0.007660183124244213,0.0
phase5_v12_hardware_unknown_r01_20260929_184546_956,/home/robo25/Downloads/rokuga_phase5_v12_hardware_unknown_r01_20260929_184546_956.tar.xz::phase5_v12_hardware_unknown_r01_20260929_184546_956,638,21.266666666666666,,,1,328.5,427.0,0.0368189632258553,1.096938618794003,1.0975563627690024,0.044970197356556246,1.096938618794003,1.0978600329969128,3833.0,14,59,73,0.8082191780821918,0.889946598560483,0.9606516290726818,True,True,accepted,0.04960506781935692,1.097634196281433,-0.004634872078895569,-0.0006955862045288086,0.0012558685848489404,0.0,0.0012558685848489404,0.017490588128566742,1,0,0.048291709274053574,1.0974371433258057,1.0984991455325372,0.03289773687720299,0.006677534431219101,0.0
phase5_v12_hardware_unknown_r01_20260929_184546_956,/home/robo25/Downloads/rokuga_phase5_v12_hardware_unknown_r01_20260929_184546_956.tar.xz::phase5_v12_hardware_unknown_r01_20260929_184546_956,639,21.3,,,1,328.5,427.0,0.0368189632258553,1.096938618794003,1.0975563627690024,0.044970197356556246,1.096938618794003,1.0978600329969128,3864.5,14,60,73,0.821917808219178,0.8823059360730594,0.961318407960199,True,True,accepted,0.049388300627470016,1.097659707069397,-0.004418104887008667,-0.0007210969924926758,0.0012558606686070561,0.0,0.0012558606686070561,0.01595688983798027,1,0,0.0481363870203495,1.097455382347107,1.0985105497891259,0.02665545791387558,0.005658706650137901,0.0
phase5_v12_hardware_unknown_r01_20260929_184546_956,/home/robo25/Downloads/rokuga_phase5_v12_hardware_unknown_r01_20260929_184546_956.tar.xz::phase5_v12_hardware_unknown_r01_20260929_184546_956,640,21.333333333333332,,,1,328.5,427.0,0.0368189632258553,1.096938618794003,1.0975563627690024,0.044970197356556246,1.096938618794003,1.0978600329969128,3865.0,14,59,73,0.8082191780821918,0.8973763640585094,0.9649232305579828,True,True,accepted,0.049024902284145355,1.0976439714431763,-0.004054706543684006,-0.0007053613662719727,0.0012558605521917343,0.0,0.0012558605521917343,0.013487309217453003,1,0,0.04787595942616463,1.0974440574645996,1.0984878546234997,0.020926807075738907,0.004662143997848034,0.0
phase5_v12_hardware_unknown_r01_20260929_184546_956,/home/robo25/Downloads/rokuga_phase5_v12_hardware_unknown_r01_20260929_184546_956.tar.xz::phase5_v12_hardware_unknown_r01_20260929_184546_956,641,21.366666666666667,,,1,312.5,428.0,-0.07159688844062229,1.0900460857196206,1.0923948843834108,-0.020912895144900724,1.0900460857196206,1.0902466776725386,3879.0,14,59,74,0.7972972972972973,0.8884562528630325,0.9622922351773754,True,True,accepted,0.04857352003455162,1.0975995063781738,-0.06948641687631607,-0.007553458213806152,0.0012558500748127699,0.0,0.0012558500748127699,3.890127420425415,1,0,0.028884271159768105,1.095459222793579,1.0958399563457901,-0.07723227143287659,-0.006008149590343237,0.0
phase5_v12_hardware_unknown_r01_20260929_184546_956,/home/robo25/Downloads/rokuga_phase5_v12_hardware_unknown_r01_20260929_184546_956.tar.xz::phase5_v12_hardware_unknown_r01_20260929_184546_956,642,21.4,,,1,328.5,427.0,0.0368189632258553,1.096938618794003,1.0975563627690024,0.044970197356556246,1.096938618794003,1.0978600329969128,3836.0,14,59,74,0.7972972972972973,0.8786074209803023,0.9588801399825022,True,True,accepted,0.026309862732887268,1.0952589511871338,0.01866033300757408,0.0016796588897705078,0.0012558256275951862,0.0,0.0012558256275951862,0.279520720243454,1,0,0.0315970815718174,1.0957348346710205,1.0961903135292634,-0.050877220928668976,-0.0036358716897666454,0.0
phase5_v12_hardware_unknown_r01_20260929_184546_956,/home/robo25/Downloads/rokuga_phase5_v12_hardware_unknown_r01_20260929_184546_956.tar.xz::phase5_v12_hardware_unknown_r01_20260929_184546_956,643,21.433333333333334,,,1,328.5,427.0,0.0368189632258553,1.096938618794003,1.0975563627690024,0.044970197356556246,1.096938618794003,1.0978600329969128,3845.0,14,59,73,0.8082191780821918,0.8927327606222428,0.9618511569731082,True,True,accepted,0.02990117482841015,1.0956135988235474,0.0150690209120512,0.0013250112533569336,0.0012557907029986382,0.0,0.0012557907029986382,0.1822206825017929,1,0,0.03417053073644638,1.0959889888763428,1.0965215405585969,-0.029598843306303024,-0.001764874905347824,0.0
phase5_v12_hardware_unknown_r01_20260929_184546_956,/home/robo25/Downloads/rokuga_phase5_v12_hardware_unknown_r01_20260929_184546_956.tar.xz::phase5_v12_hardware_unknown_r01_20260929_184546_956,644,21.466666666666665,,,1,328.5,427.0,0.0368189632258553,1.096938618794003,1.0975563627690024,0.044970197356556246,1.096938618794003,1.0978600329969128,3862.0,14,59,73,0.8082191780821918,0.8966798235430694,0.9651380732225415,True,True,accepted,0.033183902502059937,1.0959302186965942,0.011786293238401413,0.0010083913803100586,0.0012557506561279297,0.0,0.0012557506561279297,0.11143419146537781,1,0,0.03652292862534523,1.096215844154358,1.0968240976977226,-0.012959077954292297,-0.00034123851219192147,0.0
phase5_v12_hardware_unknown_r01_20260929_184546_956,/home/robo25/Downloads/rokuga_phase5_v12_hardware_unknown_r01_20260929_184546_956.tar.xz::phase5_v12_hardware_unknown_r01_20260929_184546_956,645,21.5,,,1,328.5,427.0,0.0368189632258553,1.0955271841610892,1.0961457235645962,0.044970197356556246,1.0955271841610892,1.0964497844799883,3843.5,14,59,74,0.7972972972972973,0.880325240494732,0.9601548838371221,True,True,accepted,0.03609095886349678,1.0962045192718506,0.008879236876964569,-0.0006773471832275391,0.0012557106092572212,0.0,0.0012557106092572212,0.06315121054649353,1,0,0.03860621899366379,1.0960125923156738,1.0966923190482871,-0.0004254764353390783,-0.0012973566772416234,0.0
phase5_v12_hardware_unknown_r01_20260929_184546_956,/home/robo25/Downloads/rokuga_phase5_v12_hardware_unknown_r01_20260929_184546_956.tar.xz::phase5_v12_hardware_unknown_r01_20260929_184546_956,646,21.533333333333335,,,1,328.5,427.0,0.0368189632258553,1.096938618794003,1.0975563627690024,0.044970197356556246,1.096938618794003,1.0978600329969128,3857.5,14,59,73,0.8082191780821918,0.8956350127699094,0.9647367762911092,True,True,accepted,0.03859203681349754,1.095969319343567,0.006378158926963806,0.0009692907333374023,0.0012556741712614894,0.0,0.0012556741712614894,0.03314588963985443,1,0,0.040398672223091125,1.0962438583374023,1.0969879897518766,0.008576580323278904,7.068867125781253e-05,0.0
phase5_v12_hardware_unknown_r01_20260929_184546_956,/home/robo25/Downloads/rokuga_phase5_v12_hardware_unknown_r01_20260929_184546_956.tar.xz::phase5_v12_hardware_unknown_r01_20260929_184546_956,647,21.566666666666666,,,1,328.5,427.0,0.0368189632258553,1.096938618794003,1.0975563627690024,0.044970197356556246,1.096938618794003,1.0978600329969128,3848.5,14,59,73,0.8082191780821918,0.8935453912235896,0.9632086096858966,True,True,accepted,0.04068455845117569,1.0962462425231934,0.00428563728928566,0.0006923675537109375,0.001255643554031849,0.0,0.001255643554031849,0.015009083785116673,1,0,0.04189840704202652,1.0964423418045044,1.0972425827566141,0.014624737203121185,0.0010478007607161999,0.0
phase5_v12_hardware_unknown_r01_20260929_184546_956,/home/robo25/Downloads/rokuga_phase5_v12_hardware_unknown_r01_20260929_184546_956.tar.xz::phase5_v12_hardware_unknown_r01_20260929_184546_956,648,21.6,,,1,328.5,427.0,0.0368189632258553,1.096938618794003,1.0975563627690024,0.044970197356556246,1.096938618794003,1.0978600329969128,3854.0,14,59,73,0.8082191780821918,0.8948223821685628,0.9653099561678147,True,True,accepted,0.042385898530483246,1.0964772701263428,0.0025842972099781036,0.00046133995056152344,0.001255619339644909,0.0,0.001255619339644909,0.005488468334078789,1,0,0.04311782866716385,1.0966079235076904,1.0974552770153414,0.018271638080477715,0.001698833191767335,0.0
phase5_v12_hardware_unknown_r01_20260929_184546_956,/home/robo25/Downloads/rokuga_phase5_v12_hardware_unknown_r01_20260929_184546_956.tar.xz::phase5_v12_hardware_unknown_r01_20260929_184546_956,649,21.633333333333333,,,1,328.0,427.0,0.03343432370945203,1.0951608054723694,1.0956710472786972,0.042913390027040685,1.0951608054723694,1.0960012540533437,3842.0,15,59,74,0.7972972972972973,0.8799816765918461,0.9550086999751429,True,True,accepted,0.043726883828639984,1.096664547920227,-0.0008134953677654266,-0.0015037059783935547,0.001255601178854704,0.0,0.001255601178854704,0.0023278940934687853,1,0,0.04349649325013161,1.0962387323379517,1.0971013185676963,0.017123695462942123,-0.000423083285568282,0.0
phase5_v12_hardware_unknown_r01_20260929_184546_956,/home/robo25/Downloads/rokuga_phase5_v12_hardware_unknown_r01_20260929_184546_956.tar.xz::phase5_v12_hardware_unknown_r01_20260929_184546_956,650,21.666666666666668,,,1,328.5,427.0,0.0368189632258553,1.096938618794003,1.0975563627690024,0.044970197356556246,1.096938618794003,1.0978600329969128,3841.0,14,59,73,0.8082191780821918,0.8918040399349896,0.9631394182547643,True,True,accepted,0.04406728222966194,1.0962246656417847,0.000902913510799408,0.0007139444351196289,0.0012555884895846248,0.0,0.0012555884895846248,0.0010552577441558242,1,0,0.044322989881038666,1.0964268445968628,1.0973223560032976,0.01839779131114483,0.0005843598046340048,0.0
phase5_v12_hardware_unknown_r01_20260929_184546_956,/home/robo25/Downloads/rokuga_phase5_v12_hardware_unknown_r01_20260929_184546_956.tar.xz::phase5_v12_hardware_unknown_r01_20260929_184546_956,651,21.7,,,1,328.5,427.0,0.0368189632258553,1.096938618794003,1.0975563627690024,0.044970197356556246,1.096938618794003,1.0978600329969128,3838.5,14,59,73,0.8082191780821918,0.8912235895054562,0.9628747021196539,True,True,accepted,0.044936250895261765,1.0964462757110596,3.394484519958496e-05,0.0004923343658447266,0.0012555799912661314,0.0,0.0012555799912661314,0.00019397042342461646,1,0,0.044945865869522095,1.096585750579834,1.097506464324242,0.018445691093802452,0.0012790828477591276,0.0
phase5_v12_hardware_unknown_r01_20260929_184546_956,/home/robo25/Downloads/rokuga_phase5_v12_hardware_unknown_r01_20260929_184546_956.tar.xz::phase5_v12_hardware_unknown_r01_20260929_184546_956,652,21.733333333333334,,,1,328.5,427.0,0.0368189632258553,1.096938618794003,1.0975563627690024,0.044970197356556246,1.096938618794003,1.0978600329969128,3843.5,14,59,73,0.8082191780821918,0.8923844903645228,0.9631625109635384,True,True,accepted,0.045560721307992935,1.0966284275054932,-0.0005905255675315857,0.0003101825714111328,0.0012555747525766492,0.0,0.0012555747525766492,0.0003543665516190231,1,0,0.04539348557591438,1.096716284751892,1.0976553091807664,0.017612416297197342,0.001716773258522153,0.0
phase5_v12_hardware_unknown_r01_20260929_184546_956,/home/robo25/Downloads/rokuga_phase5_v12_hardware_unknown_r01_20260929_184546_956.tar.xz::phase5_v12_hardware_unknown_r01_20260929_184546_956,653,21.766666666666666,,,1,328.5,427.0,0.0368189632258553,1.096938618794003,1.0975563627690024,0.044970197356556246,1.096938618794003,1.0978600329969128,3851.5,14,59,73,0.8082191780821918,0.8942419317390294,0.9644422186052335,True,True,accepted,0.04598056524991989,1.0967735052108765,-0.0010103695094585419,0.00016510486602783203,0.0012555716093629599,0.0,0.0012555716093629599,0.0008347641560249031,1,0,0.04569443315267563,1.0968202352523804,1.0977716564387292,0.016186712309718132,0.001949748257175088,0.0
phase5_v12_hardware_unknown_r01_20260929_184546_956,/home/robo25/Downloads/rokuga_phase5_v12_hardware_unknown_r01_20260929_184546_956.tar.xz::phase5_v12_hardware_unknown_r01_20260929_184546_956,654,21.8,,,1,328.5,427.0,0.0368189632258553,1.096938618794003,1.0975563627690024,0.044970197356556246,1.096938618794003,1.0978600329969128,3842.5,14,59,73,0.8082191780821918,0.8921523101927096,0.9654522613065326,True,True,accepted,0.04623398929834366,1.0968852043151855,-0.001263793557882309,5.340576171875e-05,0.0012555699795484543,0.0,0.0012555699795484543,0.0012743426486849785,1,0,0.04587608948349953,1.0969003438949585,1.097859271502125,0.014403406530618668,0.0020251076202839613,0.0
phase5_v12_hardware_unknown_r01_20260929_184546_956,/home/robo25/Downloads/rokuga_phase5_v12_hardware_unknown_r01_20260929_184546_956.tar.xz::phase5_v12_hardware_unknown_r01_20260929_184546_956,655,21.833333333333332,,,1,328.5,427.0,0.0368189632258553,1.096938618794003,1.0975563627690024,0.044970197356556246,1.096938618794003,1.0978600329969128,3841.5,14,59,73,0.8082191780821918,0.8919201300208962,0.9626613206365117,True,True,accepted,0.0463562048971653,1.0969678163528442,-0.001386009156703949,-2.9206275939941406e-05,0.0012555692810565233,0.0,0.0012555692810565233,0.0015306796412914991,1,0,0.045963697135448456,1.0969595909118652,1.097922130912701,0.012447644025087357,0.001983895432204008,0.0
phase5_v12_hardware_unknown_r01_20260929_184546_956,/home/robo25/Downloads/rokuga_phase5_v12_hardware_unknown_r01_20260929_184546_956.tar.xz::phase5_v12_hardware_unknown_r01_20260929_184546_956,656,21.866666666666667,,,1,328.5,427.0,0.0368189632258553,1.093207455319658,1.0938273064883273,0.044970197356556246,1.093207455319658,1.0941320116954671,3855.5,14,60,74,0.8108108108108109,0.8683558558558558,0.9525633106856084,True,True,accepted,0.046378619968891144,1.097025752067566,-0.0014084242284297943,-0.0038182735443115234,0.0012555689318105578,0.0,0.0012555689318105578,0.013191526755690575,1,0,0.04597976431250572,1.0959444046020508,1.0969085088122787,0.010460250079631805,-0.003403979819267988,0.0
phase5_v12_hardware_unknown_r01_20260929_184546_956,/home/robo25/Downloads/rokuga_phase5_v12_hardware_unknown_r01_20260929_184546_956.tar.xz::phase5_v12_hardware_unknown_r01_20260929_184546_956,657,21.9,,,1,328.5,427.0,0.0368189632258553,1.096938618794003,1.0975563627690024,0.044970197356556246,1.096938618794003,1.0978600329969128,3829.5,14,60,73,0.821917808219178,0.8743150684931507,0.9603761755485893,True,True,accepted,0.04632844030857086,1.0958309173583984,-0.0013582445681095123,0.0011076927185058594,0.001255568815395236,0.0,0.001255568815395236,0.0024465497117489576,1,0,0.045943792909383774,1.0961445569992065,1.0971069783507381,0.008543661795556545,-0.0018409399781376123,0.0
phase5_v12_hardware_unknown_r01_20260929_184546_956,/home/robo25/Downloads/rokuga_phase5_v12_hardware_unknown_r01_20260929_184546_956.tar.xz::phase5_v12_hardware_unknown_r01_20260929_184546_956,658,21.933333333333334,,,1,328.5,427.0,0.0368189632258553,1.096938618794003,1.0975563627690024,0.044970197356556246,1.096938618794003,1.0978600329969128,3840.0,14,59,73,0.8082191780821918,0.8915718597631762,0.9620443442314919,True,True,accepted,0.04622858017683029,1.096083164215088,-0.0012583844363689423,0.0008554458618164062,0.001255568815395236,0.0,0.001255568815395236,0.0018440400017425418,1,0,0.04587221518158913,1.096325397491455,1.0972846655770156,0.006767983548343182,-0.0006338394596241415,0.0
phase5_v12_hardware_unknown_r01_20260929_184546_956,/home/robo25/Downloads/rokuga_phase5_v12_hardware_unknown_r01_20260929_184546_956.tar.xz::phase5_v12_hardware_unknown_r01_20260929_184546_956,659,21.966666666666665,,,1,328.5,427.0,0.0368189632258553,1.0955271841610892,1.0961457235645962,0.044970197356556246,1.0955271841610892,1.0964497844799883,3834.5,14,59,74,0.7972972972972973,0.8782638570774164,0.9580262336039975,True,True,accepted,0.04609781503677368,1.0963042974472046,-0.0011276192963123322,-0.000777125358581543,0.001255568815395236,0.0,0.001255568815395236,0.0014937047380954027,1,0,0.04577847942709923,1.0960842370986938,1.0970398005518682,0.005176825448870659,-0.0017304235370829701,0.0
phase5_v12_hardware_unknown_r01_20260929_184546_956,/home/robo25/Downloads/rokuga_phase5_v12_hardware_unknown_r01_20260929_184546_956.tar.xz::phase5_v12_hardware_unknown_r01_20260929_184546_956,660,22.0,,,1,320.0,427.5,-0.020782793494480107,1.091039928141972,1.0912378518478332,0.009966258283819201,1.091039928141972,1.0910854462892534,3858.0,14,59,74,0.7972972972972973,0.8836463582226294,0.9598208732429406,True,True,accepted,0.04595103859901428,1.0960265398025513,-0.03598478063941002,-0.0049866437911987305,0.001255568815395236,0.0,0.001255568815395236,1.0511339902877808,1,0,0.03576038405299187,1.0946143865585327,1.0951983657440922,-0.045600470155477524,-0.008766962215304375,0.0
phase5_v12_hardware_unknown_r01_20260929_184546_956,/home/robo25/Downloads/rokuga_phase5_v12_hardware_unknown_r01_20260929_184546_956.tar.xz::phase5_v12_hardware_unknown_r01_20260929_184546_956,661,22.033333333333335,,,1,328.5,427.0,0.0368189632258553,1.096938618794003,1.0975563627690024,0.044970197356556246,1.096938618794003,1.0978600329969128,3851.5,14,59,73,0.8082191780821918,0.8942419317390294,0.9645629852241423,True,True,accepted,0.034240368753671646,1.0943222045898438,0.010729826986789703,0.002616405487060547,0.001255568815395236,0.0,0.001255568815395236,0.09714701771736145,1,0,0.03727898374199867,1.0950632095336914,1.0956975657101122,-0.030459865927696228,-0.005075014196336269,0.0
phase5_v12_hardware_unknown_r01_20260929_184546_956,/home/robo25/Downloads/rokuga_phase5_v12_hardware_unknown_r01_20260929_184546_956.tar.xz::phase5_v12_hardware_unknown_r01_20260929_184546_956,662,22.066666666666666,,,1,328.5,427.0,0.0368189632258553,1.096938618794003,1.0975563627690024,0.044970197356556246,1.096938618794003,1.0978600329969128,3846.5,14,59,73,0.8082191780821918,0.8930810308799628,0.9658505963590709,True,True,accepted,0.03626365587115288,1.0948940515518188,0.008706539869308472,0.0020445585250854492,0.0012555686989799142,0.0,0.0012555686989799142,0.06370344758033752,1,0,0.038729291409254074,1.095473051071167,1.0961574538524266,-0.018174277618527412,-0.0021899871062487364,0.0
phase5_v12_hardware_unknown_r01_20260929_184546_956,/home/robo25/Downloads/rokuga_phase5_v12_hardware_unknown_r01_20260929_184546_956.tar.xz::phase5_v12_hardware_unknown_r01_20260929_184546_956,663,22.1,,,1,328.5,427.0,0.0368189632258553,1.096938618794003,1.0975563627690024,0.044970197356556246,1.096938618794003,1.0978600329969128,3848.0,14,59,73,0.8082191780821918,0.8934293011376828,0.9628424871762793,True,True,accepted,0.0381234809756279,1.095400094985962,0.00684671476483345,0.0015385150909423828,0.0012555685825645924,0.0,0.0012555685825645924,0.0392209030687809,1,0,0.040062423795461655,1.09583580493927,1.0965678771454437,-0.00851304642856121,-1.9026196241611615e-05,0.0
phase5_v12_hardware_unknown_r01_20260929_184546_956,/home/robo25/Downloads/rokuga_phase5_v12_hardware_unknown_r01_20260929_184546_956.tar.xz::phase5_v12_hardware_unknown_r01_20260929_184546_956,664,22.133333333333333,,,1,328.5,427.0,0.0368189632258553,1.096938618794003,1.0975563627690024,0.044970197356556246,1.096938618794003,1.0978600329969128,3834.0,14,59,73,0.8082191780821918,0.8901787787322962,0.9640432486799094,True,True,accepted,0.039778657257556915,1.0958352088928223,0.005191538482904434,0.0011034011840820312,0.0012555684661492705,0.0,0.0012555684661492705,0.022435706108808517,1,0,0.0412488654255867,1.0961476564407349,1.096923494879845,-0.0011873956536874175,0.0015379557153210044,0.0
phase5_v12_hardware_unknown_r01_20260929_184546_956,/home/robo25/Downloads/rokuga_phase5_v12_hardware_unknown_r01_20260929_184546_956.tar.xz::phase5_v12_hardware_unknown_r01_20260929_184546_956,665,22.166666666666668,,,1,328.5,427.0,0.0368189632258553,1.096938618794003,1.0975563627690024,0.044970197356556246,1.096938618794003,1.0978600329969128,3846.5,14,59,73,0.8082191780821918,0.8930810308799628,0.9623467600700525,True,True,accepted,0.04120928421616554,1.0961989164352417,0.003760911524295807,0.0007396936416625977,0.0012555683497339487,0.0,0.0012555683497339487,0.011701156385242939,1,0,0.0422743484377861,1.0964083671569824,1.0972230530332836,0.004119531717151403,0.0025817188434302807,0.0
phase5_v12_hardware_unknown_r01_20260929_184546_956,/home/robo25/Downloads/rokuga_phase5_v12_hardware_unknown_r01_20260929_184546_956.tar.xz::phase5_v12_hardware_unknown_r01_20260929_184546_956,666,22.2,,,1,328.5,427.0,0.0368189632258553,1.096938618794003,1.0975563627690024,0.044970197356556246,1.096938618794003,1.0978600329969128,3839.0,14,59,73,0.8082191780821918,0.8913396795913628,0.9632417513486388,True,True,accepted,0.04241166636347771,1.096494436264038,0.0025585293769836426,0.00044417381286621094,0.0012555683497339487,0.0,0.0012555683497339487,0.005370764993131161,1,0,0.043136224150657654,1.0966202020645142,1.0974682689763708,0.007729807402938604,0.00320848124101758,0.0
phase5_v12_hardware_unknown_r01_20260929_184546_956,/home/robo25/Downloads/rokuga_phase5_v12_hardware_unknown_r01_20260929_184546_956.tar.xz::phase5_v12_hardware_unknown_r01_20260929_184546_956,667,22.233333333333334,,,1,319.5,427.5,-0.024177131647027447,1.0910461084262173,1.0913139531806009,0.007903557202307081,1.0910461084262173,1.0910747348043777,3857.0,14,59,74,0.7972972972972973,0.8834173156207055,0.960527954177562,True,True,accepted,0.04339388385415077,1.0967271327972412,-0.03549032658338547,-0.005681037902832031,0.0012555683497339487,0.0,0.0012555683497339487,1.0288866758346558,1,0,0.03334326669573784,1.0951182842254639,1.09562577090851,-0.0423496849834919,-0.0048078857362270355,0.0
phase5_v12_hardware_unknown_r01_20260929_184546_956,/home/robo25/Downloads/rokuga_phase5_v12_hardware_unknown_r01_20260929_184546_956.tar.xz::phase5_v12_hardware_unknown_r01_20260929_184546_956,668,22.266666666666666,,,1,328.5,427.0,0.0368189632258553,1.096938618794003,1.0975563627690024,0.044970197356556246,1.096938618794003,1.0978600329969128,3846.0,14,59,73,0.8082191780821918,0.8929649407940562,0.9623420492931315,True,True,accepted,0.03193160891532898,1.0949580669403076,0.01303858682513237,0.0019805431365966797,0.0012555682333186269,0.0,0.0012555682333186269,0.13852475583553314,1,0,0.03562404587864876,1.095518946647644,1.0960980043357107,-0.023951269686222076,-0.002013192046433687,0.0
phase5_v12_hardware_unknown_r01_20260929_184546_956,/home/robo25/Downloads/rokuga_phase5_v12_hardware_unknown_r01_20260929_184546_956.tar.xz::phase5_v12_hardware_unknown_r01_20260929_184546_956,669,22.3,,,1,328.5,427.0,0.0368189632258553,1.096938618794003,1.0975563627690024,0.044970197356556246,1.096938618794003,1.0978600329969128,3851.5,14,59,73,0.8082191780821918,0.8942419317390294,0.964321482223335,True,True,accepted,0.03482567146420479,1.095451831817627,0.010144524276256561,0.0014867782592773438,0.0012555682333186269,0.0,0.0012555682333186269,0.08372454345226288,1,0,0.03769852966070175,1.0958728790283203,1.0965211106624433,-0.009636592119932175,8.476251969113946e-05,0.0
phase5_v12_hardware_unknown_r01_20260929_184546_956,/home/robo25/Downloads/rokuga_phase5_v12_hardware_unknown_r01_20260929_184546_956.tar.xz::phase5_v12_hardware_unknown_r01_20260929_184546_956,670,22.333333333333332,,,1,328.5,427.0,0.0368189632258553,1.0955271841610892,1.0961457235645962,0.044970197356556246,1.0955271841610892,1.0964497844799883,3867.5,14,60,74,0.8108108108108109,0.8710585585585585,0.9548203925441303,True,True,accepted,0.037377309054136276,1.0958757400512695,0.007592886686325073,-0.0003485679626464844,0.0012555682333186269,0.0,0.0012555682333186269,0.04601376876235008,1,0,0.03952756151556969,1.0957770347595215,1.0964897345738065,0.0010775349801406264,-0.0004070927680004388,0.0
phase5_v12_hardware_unknown_r01_20260929_184546_956,/home/robo25/Downloads/rokuga_phase5_v12_hardware_unknown_r01_20260929_184546_956.tar.xz::phase5_v12_hardware_unknown_r01_20260929_184546_956,671,22.366666666666667,,,1,328.5,427.0,0.0368189632258553,1.096938618794003,1.0975563627690024,0.044970197356556246,1.096938618794003,1.0978600329969128,3859.0,14,60,73,0.821917808219178,0.8810502283105023,0.9591151982105133,True,True,accepted,0.03956348076462746,1.0957634449005127,0.005406714975833893,0.0011751651763916016,0.0012555682333186269,0.0,0.0012555682333186269,0.024382250383496284,1,0,0.04109462350606918,1.0960962772369385,1.096866362440649,0.008706810884177685,0.0012511524837464094,0.0
phase5_v12_hardware_unknown_r01_20260929_184546_956,/home/robo25/Downloads/rokuga_phase5_v12_hardware_unknown_r01_20260929_184546_956.tar.xz::phase5_v12_hardware_unknown_r01_20260929_184546_956,672,22.4,,,1,328.5,427.0,0.0368189632258553,1.096938618794003,1.0975563627690024,0.044970197356556246,1.096938618794003,1.0978600329969128,3838.5,14,59,73,0.8082191780821918,0.8912235895054562,0.9632371392722711,True,True,accepted,0.041384849697351456,1.0961380004882812,0.003585346043109894,0.0008006095886230469,0.0012555682333186269,0.0,0.0012555682333186269,0.01074866484850645,1,0,0.04240019619464874,1.0963647365570068,1.097184310953752,0.013766000047326088,0.0023808719124644995,0.0
phase5_v12_hardware_unknown_r01_20260929_184546_956,/home/robo25/Downloads/rokuga_phase5_v12_hardware_unknown_r01_20260929_184546_956.tar.xz::phase5_v12_hardware_unknown_r01_20260929_184546_956,673,22.433333333333334,,,1,328.5,427.0,0.0368189632258553,1.096938618794003,1.0975563627690024,0.044970197356556246,1.096938618794003,1.0978600329969128,3849.0,14,59,73,0.8082191780821918,0.8936614813094962,0.9645407843628618,True,True,accepted,0.04285906255245209,1.0964441299438477,0.002111133188009262,0.0004944801330566406,0.0012555682333186269,0.0,0.0012555682333186269,0.003744435263797641,1,0,0.043456919491291046,1.0965842008590698,1.097444947787996,0.016744965687394142,0.0030786199495196342,0.0
phase5_v12_hardware_unknown_r01_20260929_184546_956,/home/robo25/Downloads/rokuga_phase5_v12_hardware_unknown_r01_20260929_184546_956.tar.xz::phase5_v12_hardware_unknown_r01_20260929_184546_956,674,22.466666666666665,,,1,328.5,427.0,0.0368189632258553,1.096938618794003,1.0975563627690024,0.044970197356556246,1.096938618794003,1.0978600329969128,3847.5,14,59,73,0.8082191780821918,0.8933132110517762,0.9623561780890445,True,True,accepted,0.04401508346199989,1.096686840057373,0.0009551122784614563,0.00025177001953125,0.0012555682333186269,0.0,0.0012555682333186269,0.0007770406664349139,1,0,0.04428556561470032,1.0967581272125244,1.097651857798518,0.018092699348926544,0.003433886216953397,0.0
phase5_v12_hardware_unknown_r01_20260929_184546_956,/home/robo25/Downloads/rokuga_phase5_v12_hardware_unknown_r01_20260929_184546_956.tar.xz::phase5_v12_hardware_unknown_r01_20260929_184546_956,675,22.5,,,1,328.5,427.0,0.0368189632258553,1.096938618794003,1.0975563627690024,0.044970197356556246,1.096938618794003,1.0978600329969128,3833.0,14,59,73,0.8082191780821918,0.889946598560483,0.9647621444752077,True,True,accepted,0.044888656586408615,1.0968725681304932,8.153915405273438e-05,6.604194641113281e-05,0.0012555682333186269,0.0,0.0012555682333186269,8.769075066084042e-06,1,0,0.04491174966096878,1.0968912839889526,1.0978103452548362,0.01820775680243969,0.003527076216414571,0.0
phase5_v12_hardware_unknown_r01_20260929_184546_956,/home/robo25/Downloads/rokuga_phase5_v12_hardware_unknown_r01_20260929_184546_956.tar.xz::phase5_v12_hardware_unknown_r01_20260929_184546_956,676,22.533333333333335,,,1,320.0,427.5,-0.020782793494480107,1.091039928141972,1.0912378518478332,0.009966258283819201,1.091039928141972,1.0910854462892534,3849.5,14,60,74,0.8108108108108109,0.8670045045045045,0.9562787231399826,True,True,accepted,0.045518673956394196,1.0970088243484497,-0.03555241599678993,-0.005968928337097168,0.0012555682333186269,0.0,0.0012555682333186269,1.0350711345672607,1,0,0.03545047342777252,1.0953184366226196,1.0958919717160414,-0.03195933997631073,-0.004895524121820927,0.0
phase5_v12_hardware_unknown_r01_20260929_184546_956,/home/robo25/Downloads/rokuga_phase5_v12_hardware_unknown_r01_20260929_184546_956.tar.xz::phase5_v12_hardware_unknown_r01_20260929_184546_956,677,22.566666666666666,,,1,328.5,427.0,0.0368189632258553,1.096938618794003,1.0975563627690024,0.044970197356556246,1.096938618794003,1.0978600329969128,3852.0,14,60,73,0.821917808219178,0.8794520547945206,0.9586859133897462,True,True,accepted,0.034385163336992264,1.0951552391052246,0.010585032403469086,0.0017833709716796875,0.0012555682333186269,0.0,0.0012555682333186269,0.09176985919475555,1,0,0.03738277032971382,1.0956603288650513,1.096297873648488,-0.017023073509335518,-0.002379055367782712,0.0
phase5_v12_hardware_unknown_r01_20260929_184546_956,/home/robo25/Downloads/rokuga_phase5_v12_hardware_unknown_r01_20260929_184546_956.tar.xz::phase5_v12_hardware_unknown_r01_20260929_184546_956,678,22.6,,,1,328.5,427.0,0.0368189632258553,1.096938618794003,1.0975563627690024,0.044970197356556246,1.096938618794003,1.0978600329969128,3835.0,14,59,73,0.8082191780821918,0.8904109589041096,0.9635678391959799,True,True,accepted,0.0368153341114521,1.0955810546875,0.008154861629009247,0.0013575553894042969,0.0012555682333186269,0.0,0.0012555682333186269,0.05443330481648445,1,0,0.039124734699726105,1.0959655046463013,1.0966636367820106,-0.0055159591138362885,-0.00046344404108822346,0.0
phase5_v12_hardware_unknown_r01_20260929_184546_956,/home/robo25/Downloads/rokuga_phase5_v12_hardware_unknown_r01_20260929_184546_956.tar.xz::phase5_v12_hardware_unknown_r01_20260929_184546_956,679,22.633333333333333,,,1,328.5,427.0,0.0368189632258553,1.0955271841610892,1.0961457235645962,0.044970197356556246,1.0955271841610892,1.0964497844799883,3835.5,14,59,74,0.7972972972972973,0.8784928996793404,0.9593546773386693,True,True,accepted,0.03894086927175522,1.0959500074386597,0.006029326468706131,-0.0004228353500366211,0.0012555682333186269,0.0,0.0012555682333186269,0.029095645993947983,1,0,0.040648333728313446,1.0958303213119507,1.0965839594584363,0.0029918677173554897,-0.0010600960813462734,0.0
phase5_v12_hardware_unknown_r01_20260929_184546_956,/home/robo25/Downloads/rokuga_phase5_v12_hardware_unknown_r01_20260929_184546_956.tar.xz::phase5_v12_hardware_unknown_r01_20260929_184546_956,680,22.666666666666668,,,1,328.5,427.0,0.0368189632258553,1.096938618794003,1.0975563627690024,0.044970197356556246,1.096938618794003,1.0978600329969128,3834.0,14,59,73,0.8082191780821918,0.8901787787322962,0.9618665328650275,True,True,accepted,0.04074806347489357,1.0957950353622437,0.0042221322655677795,0.0011435747146606445,0.0012555682333186269,0.0,0.0012555682333186269,0.015239445492625237,1,0,0.0419437438249588,1.0961189270019531,1.096921136535333,0.008949609473347664,0.0005535726668313146,0.0
phase5_v12_hardware_unknown_r01_20260929_184546_956,/home/robo25/Downloads/rokuga_phase5_v12_hardware_unknown_r01_20260929_184546_956.tar.xz::phase5_v12_hardware_unknown_r01_20260929_184546_956,681,22.7,,,1,328.5,427.0,0.0368189632258553,1.096938618794003,1.0975563627690024,0.044970197356556246,1.096938618794003,1.0978600329969128,3821.0,14,59,73,0.8082191780821918,0.887160436498723,0.9635607111335267,True,True,accepted,0.04224206507205963,1.0961374044418335,0.002728130668401718,0.0008012056350708008,0.0012555682333186269,0.0,0.0012555682333186269,0.0064390189945697784,1,0,0.04301465302705765,1.0963642597198486,1.0972077516888448,0.01279920432716608,0.0016841331962496042,0.0
phase5_v12_hardware_unknown_r01_20260929_184546_956,/home/robo25/Downloads/rokuga_phase5_v12_hardware_unknown_r01_20260929_184546_956.tar.xz::phase5_v12_hardware_unknown_r01_20260929_184546_956,682,22.733333333333334,,,1,328.5,427.0,0.0368189632258553,1.096938618794003,1.0975563627690024,0.044970197356556246,1.096938618794003,1.0978600329969128,3823.5,14,59,73,0.8082191780821918,0.8877408869282564,0.9635836693548387,True,True,accepted,0.043441291898489,1.096420407295227,0.001528903841972351,0.0005182027816772461,0.0012555682333186269,0.0,0.0012555682333186269,0.0020756188314408064,1,0,0.04387426748871803,1.096567153930664,1.0974445199768725,0.014956600964069366,0.002415355760604143,0.0
phase5_v12_hardware_unknown_r01_20260929_184546_956,/home/robo25/Downloads/rokuga_phase5_v12_hardware_unknown_r01_20260929_184546_956.tar.xz::phase5_v12_hardware_unknown_r01_20260929_184546_956,683,22.766666666666666,,,1,328.5,427.0,0.0368189632258553,1.096938618794003,1.0975563627690024,0.044970197356556246,1.096938618794003,1.0978600329969128,3830.0,14,59,73,0.8082191780821918,0.889250058045043,0.965100163789845,True,True,accepted,0.04437281936407089,1.0966476202011108,0.0005973763763904572,0.00029098987579345703,0.0012555682333186269,0.0,0.0012555682333186269,0.00035166041925549507,1,0,0.044541992247104645,1.0967299938201904,1.097634123202343,0.015799542888998985,0.0028259640093892813,0.0
phase5_v12_hardware_unknown_r01_20260929_184546_956,/home/robo25/Downloads/rokuga_phase5_v12_hardware_unknown_r01_20260929_184546_956.tar.xz::phase5_v12_hardware_unknown_r01_20260929_184546_956,684,22.8,,,1,328.5,427.0,0.0368189632258553,1.0955271841610892,1.0961457235645962,0.044970197356556246,1.0955271841610892,1.0964497844799883,3828.0,14,59,74,0.7972972972972973,0.8767750801649107,0.9597593080105302,True,True,accepted,0.0450686439871788,1.0968241691589355,-9.8448246717453e-05,-0.0012969970703125,0.0012555682333186269,0.0,0.0012555682333186269,0.0013475121231749654,1,0,0.045040763914585114,1.0964568853378296,1.0973815980864376,0.01566062495112419,0.0009958049049600959,0.0
phase5_v12_hardware_unknown_r01_20260929_184546_956,/home/robo25/Downloads/rokuga_phase5_v12_hardware_unknown_r01_20260929_184546_956.tar.xz::phase5_v12_hardware_unknown_r01_20260929_184546_956,685,22.833333333333332,,,1,328.5,427.0,0.0368189632258553,1.0955271841610892,1.0961457235645962,0.044970197356556246,1.0955271841610892,1.0964497844799883,3857.5,14,59,74,0.7972972972972973,0.8835318369216675,0.9595771144278606,True,True,accepted,0.04556278511881828,1.0964900255203247,-0.0005925893783569336,-0.0009628534317016602,0.0012555682333186269,0.0,0.0012555682333186269,0.001018064096570015,1,0,0.04539496824145317,1.096217393875122,1.0971569066346012,0.014824436977505684,-0.0003628527047112584,0.0
phase5_v12_hardware_unknown_r01_20260929_184546_956,/home/robo25/Downloads/rokuga_phase5_v12_hardware_unknown_r01_20260929_184546_956.tar.xz::phase5_v12_hardware_unknown_r01_20260929_184546_956,686,22.866666666666667,,,1,328.5,427.0,0.0368189632258553,1.0962464250500448,1.0968645588622281,0.044970197356556246,1.0962464250500448,1.0971684205650885,3850.0,14,59,74,0.7972972972972973,0.8818140174072377,0.9599800523625484,True,True,accepted,0.04588911682367325,1.0962053537368774,-0.0009189210832118988,4.112720489501953e-05,0.0012555682333186269,0.0,0.0012555682333186269,0.0006738840602338314,1,0,0.04562888294458389,1.0962170362472534,1.0971662524510506,0.013527771458029747,-0.00030481917201541364,0.0
phase5_v12_hardware_unknown_r01_20260929_184546_956,/home/robo25/Downloads/rokuga_phase5_v12_hardware_unknown_r01_20260929_184546_956.tar.xz::phase5_v12_hardware_unknown_r01_20260929_184546_956,687,22.9,,,1,328.0,427.0,0.03343432370945203,1.097277950337726,1.0977872081142452,0.042913390027040685,1.097277950337726,1.0981167785536172,3833.5,15,59,73,0.8082191780821918,0.8900626886463896,0.9588544272136068,True,True,accepted,0.04607980698347092,1.0962069034576416,-0.0031664185225963593,0.0010710954666137695,0.0012555682333186269,0.0,0.0012555682333186269,0.008899119682610035,1,0,0.045183099806308746,1.0965101718902588,1.09744069068306,0.009059719741344452,0.0012065760092809796,0.0
phase5_v12_hardware_unknown_r01_20260929_184546_956,/home/robo25/Downloads/rokuga_phase5_v12_hardware_unknown_r01_20260929_184546_956.tar.xz::phase5_v12_hardware_unknown_r01_20260929_184546_956,688,22.933333333333334,,,1,328.5,427.0,0.0368189632258553,1.096938618794003,1.0975563627690024,0.044970197356556246,1.096938618794003,1.0978600329969128,3851.5,14,59,73,0.8082191780821918,0.8942419317390294,0.9666206550382733,True,True,accepted,0.04548509046435356,1.0965503454208374,-0.0005148947238922119,0.00038826465606689453,0.0012555682333186269,0.0,0.0012555682333186269,0.0003312173648737371,1,0,0.045339275151491165,1.0966602563858032,1.097597088100838,0.00833316519856453,0.0017544461879879236,0.0
phase5_v12_hardware_unknown_r01_20260929_184546_956,/home/robo25/Downloads/rokuga_phase5_v12_hardware_unknown_r01_20260929_184546_956.tar.xz::phase5_v12_hardware_unknown_r01_20260929_184546_956,689,22.966666666666665,,,1,328.5,427.0,0.0368189632258553,1.0955271841610892,1.0961457235645962,0.044970197356556246,1.0955271841610892,1.0964497844799883,3837.0,14,59,74,0.7972972972972973,0.8788364635822263,0.9596098536951356,True,True,accepted,0.04561704769730568,1.0967187881469727,-0.0006468519568443298,-0.0011916160583496094,0.0012555682333186269,0.0,0.0012555682333186269,0.0014641707530245185,1,0,0.04543386399745941,1.0963813066482544,1.097322288831077,0.007420409005135298,7.298756099771708e-05,0.0
phase5_v12_hardware_unknown_r01_20260929_184546_956,/home/robo25/Downloads/rokuga_phase5_v12_hardware_unknown_r01_20260929_184546_956.tar.xz::phase5_v12_hardware_unknown_r01_20260929_184546_956,690,23.0,,,1,328.5,427.0,0.0368189632258553,1.0955271841610892,1.0961457235645962,0.044970197356556246,1.0955271841610892,1.0964497844799883,3828.5,14,59,74,0.7972972972972973,0.8768896014658727,0.9591632218464237,True,True,accepted,0.04568121209740639,1.0963836908340454,-0.0007110163569450378,-0.0008565187454223633,0.0012555682333186269,0.0,0.0012555682333186269,0.0009869384812191129,1,0,0.04547985643148422,1.0961410999298096,1.097084193804815,0.006417112424969673,-0.0011356238974258304,0.0
phase5_v12_hardware_unknown_r01_20260929_184546_956,/home/robo25/Downloads/rokuga_phase5_v12_hardware_unknown_r01_20260929_184546_956.tar.xz::phase5_v12_hardware_unknown_r01_20260929_184546_956,691,23.033333333333335,,,1,328.5,427.0,0.0368189632258553,1.096938618794003,1.0975563627690024,0.044970197356556246,1.096938618794003,1.0978600329969128,3834.5,14,59,73,0.8082191780821918,0.890294868818203,0.9634422110552764,True,True,accepted,0.04569375887513161,1.0961031913757324,-0.0007235631346702576,0.000835418701171875,0.0012555682333186269,0.0,0.0012555682333186269,0.0009728408185765147,1,0,0.04548884928226471,1.0963398218154907,1.0972831176626416,0.005396111402660608,4.321384767536074e-05,0.0
phase5_v12_hardware_unknown_r01_20260929_184546_956,/home/robo25/Downloads/rokuga_phase5_v12_hardware_unknown_r01_20260929_184546_956.tar.xz::phase5_v12_hardware_unknown_r01_20260929_184546_956,692,23.066666666666666,,,1,328.5,427.0,0.0368189632258553,1.096938618794003,1.0975563627690024,0.044970197356556246,1.096938618794003,1.0978600329969128,3828.5,14,60,73,0.821917808219178,0.8740867579908675,0.9592833876221498,True,True,accepted,0.045668721199035645,1.0963412523269653,-0.000698525458574295,0.0005973577499389648,0.0012555682333186269,0.0,0.0012555682333186269,0.0006728221196681261,1,0,0.04547090455889702,1.096510410308838,1.0974528158773207,0.004410440102219582,0.0008861299138516188,0.0
phase5_v12_hardware_unknown_r01_20260929_184546_956,/home/robo25/Downloads/rokuga_phase5_v12_hardware_unknown_r01_20260929_184546_956.tar.xz::phase5_v12_hardware_unknown_r01_20260929_184546_956,693,23.1,,,1,328.5,427.0,0.0368189632258553,1.096938618794003,1.0975563627690024,0.044970197356556246,1.096938618794003,1.0978600329969128,3851.0,14,59,73,0.8082191780821918,0.8941258416531228,0.9638343136028031,True,True,accepted,0.04561791941523552,1.0965399742126465,-0.0006477236747741699,0.0003986358642578125,0.0012555682333186269,0.0,0.0012555682333186269,0.00046071293763816357,1,0,0.04543448984622955,1.096652865409851,1.0975936406882212,0.0034964538644999266,0.0014486346626654267,0.0
phase5_v12_hardware_unknown_r01_20260929_184546_956,/home/robo25/Downloads/rokuga_phase5_v12_hardware_unknown_r01_20260929_184546_956.tar.xz::phase5_v12_hardware_unknown_r01_20260929_184546_956,694,23.133333333333333,,,1,328.5,427.0,0.0368189632258553,1.096938618794003,1.0975563627690024,0.044970197356556246,1.096938618794003,1.0978600329969128,3835.0,14,60,73,0.821917808219178,0.8755707762557078,0.9599499374217773,True,True,accepted,0.04555103927850723,1.0967011451721191,-0.0005808435380458832,0.00023746490478515625,0.0012555682333186269,0.0,0.0012555682333186269,0.0003136180166620761,1,0,0.04538654908537865,1.0967683792114258,1.0977070722537672,0.002676840638741851,0.0017837152117863297,0.0
phase5_v12_hardware_unknown_r01_20260929_184546_956,/home/robo25/Downloads/rokuga_phase5_v12_hardware_unknown_r01_20260929_184546_956.tar.xz::phase5_v12_hardware_unknown_r01_20260929_184546_956,695,23.166666666666668,,,1,311.0,428.0,-0.0817691897312188,1.0901322272618614,1.0931946182195587,-0.027094488118433416,1.0901322272618614,1.090468882729492,3844.5,15,60,74,0.8108108108108109,0.8658783783783783,0.9487907206317868,True,True,accepted,0.04547577723860741,1.0968278646469116,-0.07257026433944702,-0.0066956281661987305,0.0012555682333186269,0.0,0.0012555682333186269,4.230175971984863,1,0,0.024924378842115402,1.094931721687317,1.095215366865265,-0.09972518682479858,-0.007664312608540058,0.0
phase5_v12_hardware_unknown_r01_20260929_184546_956,/home/robo25/Downloads/rokuga_phase5_v12_hardware_unknown_r01_20260929_184546_956.tar.xz::phase5_v12_hardware_unknown_r01_20260929_184546_956,696,23.2,,,1,328.5,427.0,0.0368189632258553,1.0940076722925733,1.0946270703248853,0.044970197356556246,1.0940076722925733,1.0949315529681762,3860.5,14,59,74,0.7972972972972973,0.8842189647274393,0.9587731280268224,True,True,accepted,0.021600205451250076,1.0946762561798096,0.023369990289211273,-0.0006685256958007812,0.0012555682333186269,0.0,0.0012555682333186269,0.4353434443473816,1,0,0.028218425810337067,1.094486951828003,1.0948506598056955,-0.06674839556217194,-0.0086076520383358,0.0
phase5_v12_hardware_unknown_r01_20260929_184546_956,/home/robo25/Downloads/rokuga_phase5_v12_hardware_unknown_r01_20260929_184546_956.tar.xz::phase5_v12_hardware_unknown_r01_20260929_184546_956,697,23.233333333333334,,,1,328.5,427.0,0.0368189632258553,1.096938618794003,1.0975563627690024,0.044970197356556246,1.096938618794003,1.0978600329969128,3847.0,14,59,73,0.8082191780821918,0.8931971209658696,0.9660974384731291,True,True,accepted,0.025993479415774345,1.0942000150680542,0.018976716324687004,0.0027385950088500977,0.0012555682333186269,0.0,0.0012555682333186269,0.2927882671356201,1,0,0.031367555260658264,1.0949755907058716,1.0954247887302455,-0.03997084125876427,-0.0047432915307581425,0.0
phase5_v12_hardware_unknown_r01_20260929_184546_956,/home/robo25/Downloads/rokuga_phase5_v12_hardware_unknown_r01_20260929_184546_956.tar.xz::phase5_v12_hardware_unknown_r01_20260929_184546_956,698,23.266666666666666,,,1,328.5,427.0,0.0368189632258553,1.096938618794003,1.0975563627690024,0.044970197356556246,1.096938618794003,1.0978600329969128,3828.0,14,59,73,0.8082191780821918,0.8887856977014162,0.9637462235649547,True,True,accepted,0.030035194009542465,1.0948175191879272,0.014935001730918884,0.0021210908889770508,0.0012555682333186269,0.0,0.0012555682333186269,0.18123529851436615,1,0,0.03426468372344971,1.0954182147979736,1.0959539834600025,-0.018896445631980896,-0.0017502750270068645,0.0
phase5_v12_hardware_unknown_r01_20260929_184546_956,/home/robo25/Downloads/rokuga_phase5_v12_hardware_unknown_r01_20260929_184546_956.tar.xz::phase5_v12_hardware_unknown_r01_20260929_184546_956,699,23.3,,,1,328.5,427.0,0.0368189632258553,1.0955271841610892,1.0961457235645962,0.044970197356556246,1.0955271841610892,1.0964497844799883,3838.0,14,59,74,0.7972972972972973,0.8790655061841502,0.9561534628799203,True,True,accepted,0.03363480046391487,1.0953599214553833,0.011335395276546478,0.0001672506332397461,0.0012555682333186269,0.0,0.0012555682333186269,0.1023593619465828,1,0,0.03684490546584129,1.095407247543335,1.096026726421054,-0.002901362255215645,-0.0015142719494178891,0.0
phase5_v12_hardware_unknown_r01_20260929_184546_956,/home/robo25/Downloads/rokuga_phase5_v12_hardware_unknown_r01_20260929_184546_956.tar.xz::phase5_v12_hardware_unknown_r01_20260929_184546_956,700,23.333333333333332,,,1,328.5,427.0,0.0368189632258553,1.096938618794003,1.0975563627690024,0.044970197356556246,1.096938618794003,1.0978600329969128,3825.0,14,59,73,0.8082191780821918,0.8880891571859764,0.9652996845425867,True,True,accepted,0.036748193204402924,1.095356822013855,0.008222002536058426,0.0015817880630493164,0.0012555682333186269,0.0,0.0012555682333186269,0.05583398416638374,1,0,0.039076607674360275,1.0958048105239868,1.0965013287884546,0.008700492791831493,0.000717748305760324,0.0
phase5_v12_hardware_unknown_r01_20260929_184546_956,/home/robo25/Downloads/rokuga_phase5_v12_hardware_unknown_r01_20260929_184546_956.tar.xz::phase5_v12_hardware_unknown_r01_20260929_184546_956,701,23.366666666666667,,,1,328.5,427.0,0.0368189632258553,1.0940076722925733,1.0946270703248853,0.044970197356556246,1.0940076722925733,1.0949315529681762,3845.5,14,59,74,0.7972972972972973,0.88078332569858,0.9583800623052959,True,True,accepted,0.039366625249385834,1.0958287715911865,0.005603570491075516,-0.0018210411071777344,0.0012555682333186269,0.0,0.0012555682333186269,0.027649786323308945,1,0,0.04095351696014404,1.0953130722045898,1.096078426342596,0.01660754717886448,-0.001851875800639391,0.0
phase5_v12_hardware_unknown_r01_20260929_184546_956,/home/robo25/Downloads/rokuga_phase5_v12_hardware_unknown_r01_20260929_184546_956.tar.xz::phase5_v12_hardware_unknown_r01_20260929_184546_956,702,23.4,,,1,328.5,427.0,0.0368189632258553,1.096938618794003,1.0975563627690024,0.044970197356556246,1.096938618794003,1.0978600329969128,3849.0,14,60,73,0.821917808219178,0.8787671232876713,0.9574626865671642,True,True,accepted,0.04150710254907608,1.0952513217926025,0.003463093191385269,0.0016872882843017578,0.0012555682333186269,0.0,0.0012555682333186269,0.011819315142929554,1,0,0.04248782619833946,1.095729112625122,1.0965525539750922,0.021494228392839432,0.0005290131084620953,0.0
phase5_v12_hardware_unknown_r01_20260929_184546_956,/home/robo25/Downloads/rokuga_phase5_v12_hardware_unknown_r01_20260929_184546_956.tar.xz::phase5_v12_hardware_unknown_r01_20260929_184546_956,703,23.433333333333334,,,1,328.5,427.0,0.0368189632258553,1.0947809241298405,1.0953998849240465,0.044970197356556246,1.0947809241298405,1.095704152811732,3847.5,14,59,74,0.7972972972972973,0.8812414109024278,0.9597156398104265,True,True,accepted,0.04320430010557175,1.0957467555999756,0.0017658956348896027,-0.0009658336639404297,0.0012555682333186269,0.0,0.0012555682333186269,0.0032266045454889536,1,0,0.04370439052581787,1.095473289489746,1.0963447458426197,0.02398603782057762,-0.0008338498300872743,0.0
phase5_v12_hardware_unknown_r01_20260929_184546_956,/home/robo25/Downloads/rokuga_phase5_v12_hardware_unknown_r01_20260929_184546_956.tar.xz::phase5_v12_hardware_unknown_r01_20260929_184546_956,704,23.466666666666665,,,1,328.5,427.0,0.0368189632258553,1.096938618794003,1.0975563627690024,0.044970197356556246,1.096938618794003,1.0978600329969128,3839.0,14,59,73,0.8082191780821918,0.8913396795913628,0.9632417513486388,True,True,accepted,0.04450392350554466,1.0954455137252808,0.000466272234916687,0.0014930963516235352,0.0012555682333186269,0.0,0.0012555682333186269,0.0019487164681777358,1,0,0.044635970145463943,1.0958683490753174,1.0967770093942928,0.02464398182928562,0.001273019821383059,0.0
phase5_v12_hardware_unknown_r01_20260929_184546_956,/home/robo25/Downloads/rokuga_phase5_v12_hardware_unknown_r01_20260929_184546_956.tar.xz::phase5_v12_hardware_unknown_r01_20260929_184546_956,705,23.5,,,1,328.5,427.0,0.0368189632258553,1.096938618794003,1.0975563627690024,0.044970197356556246,1.096938618794003,1.0978600329969128,3837.5,14,59,73,0.8082191780821918,0.890991409333643,0.9654088050314465,True,True,accepted,0.04545743763446808,1.0959107875823975,-0.0004872418940067291,0.001027822494506836,0.0012555682333186269,0.0,0.0012555682333186269,0.001030468731187284,1,0,0.04531945288181305,1.0962018966674805,1.0971383007929714,0.02395644783973694,0.0027233536820858717,0.0
phase5_v12_hardware_unknown_r01_20260929_184546_956,/home/robo25/Downloads/rokuga_phase5_v12_hardware_unknown_r01_20260929_184546_956.tar.xz::phase5_v12_hardware_unknown_r01_20260929_184546_956,706,23.533333333333335,,,1,328.5,427.0,0.0368189632258553,1.0955271841610892,1.0961457235645962,0.044970197356556246,1.0955271841610892,1.0964497844799883,3852.0,14,59,74,0.7972972972972973,0.8822721026110857,0.9591633466135459,True,True,accepted,0.04611800238490105,1.0962927341461182,-0.0011478066444396973,-0.0007655620574951172,0.0012555682333186269,0.0,0.0012555682333186269,0.001516082789748907,1,0,0.04579295217990875,1.0960758924484253,1.097032067204949,0.02233680710196495,0.0016430888790637255,0.0
phase5_v12_hardware_unknown_r01_20260929_184546_956,/home/robo25/Downloads/rokuga_phase5_v12_hardware_unknown_r01_20260929_184546_956.tar.xz::phase5_v12_hardware_unknown_r01_20260929_184546_956,707,23.566666666666666,,,1,328.5,427.0,0.0368189632258553,1.096938618794003,1.0975563627690024,0.044970197356556246,1.096938618794003,1.0978600329969128,3848.5,14,59,73,0.8082191780821918,0.8935453912235896,0.9626063031515758,True,True,accepted,0.04653751105070114,1.096130609512329,-0.0015673153102397919,0.0008080005645751953,0.0012555682333186269,0.0,0.0012555682333186269,0.002476442139595747,1,0,0.0460936576128006,1.096359372138977,1.0973278899896322,0.02012520842254162,0.0027832374908030033,0.0
phase5_v12_hardware_unknown_r01_20260929_184546_956,/home/robo25/Downloads/rokuga_phase5_v12_hardware_unknown_r01_20260929_184546_956.tar.xz::phase5_v12_hardware_unknown_r01_20260929_184546_956,708,23.6,,,1,328.5,427.0,0.0368189632258553,1.096938618794003,1.0975563627690024,0.044970197356556246,1.096938618794003,1.0978600329969128,3833.0,14,59,73,0.8082191780821918,0.889946598560483,0.9646407449351957,True,True,accepted,0.046764496713876724,1.0964521169662476,-0.0017943009734153748,0.0004864931106567383,0.0012555682333186269,0.0,0.0012555682333186269,0.002752691274508834,1,0,0.04625636339187622,1.0965899229049683,1.0975650824306344,0.017593316733837128,0.0034697153605520725,0.0
phase5_v12_hardware_unknown_r01_20260929_184546_956,/home/robo25/Downloads/rokuga_phase5_v12_hardware_unknown_r01_20260929_184546_956.tar.xz::phase5_v12_hardware_unknown_r01_20260929_184546_956,709,23.633333333333333,,,1,328.5,427.0,0.0368189632258553,1.096938618794003,1.0975563627690024,0.044970197356556246,1.096938618794003,1.0978600329969128,3832.5,14,59,73,0.8082191780821918,0.8898305084745762,0.9634238310708899,True,True,accepted,0.04684280604124069,1.0967055559158325,-0.0018726103007793427,0.00023305416107177734,0.0012555682333186269,0.0,0.0012555682333186269,0.002836153144016862,1,0,0.046312496066093445,1.0967715978622437,1.0977489627274402,0.014950924552977085,0.003798572113737464,0.0
phase5_v12_hardware_unknown_r01_20260929_184546_956,/home/robo25/Downloads/rokuga_phase5_v12_hardware_unknown_r01_20260929_184546_956.tar.xz::phase5_v12_hardware_unknown_r01_20260929_184546_956,710,23.666666666666668,,,1,328.5,427.0,0.0368189632258553,1.096938618794003,1.0975563627690024,0.044970197356556246,1.096938618794003,1.0978600329969128,3846.0,14,59,73,0.8082191780821918,0.8929649407940562,0.9652403061864726,True,True,accepted,0.04681086167693138,1.0968981981277466,-0.0018406659364700317,4.0411949157714844e-05,0.0012555682333186269,0.0,0.0012555682333186269,0.0026997211389243603,1,0,0.0462895967066288,1.0969096422195435,1.0978859184621457,0.012353608384728432,0.0038555962964892387,0.0
phase5_v12_hardware_unknown_r01_20260929_184546_956,/home/robo25/Downloads/rokuga_phase5_v12_hardware_unknown_r01_20260929_184546_956.tar.xz::phase5_v12_hardware_unknown_r01_20260929_184546_956,711,23.7,,,1,328.5,427.0,0.0368189632258553,1.096938618794003,1.0975563627690024,0.044970197356556246,1.096938618794003,1.0978600329969128,3835.5,14,59,73,0.8082191780821918,0.8905270489900162,0.9612781954887218,True,True,accepted,0.04670138284564018,1.0970381498336792,-0.001731187105178833,-9.953975677490234e-05,0.0012555682333186269,0.0,0.0012555682333186269,0.0023948652669787407,1,0,0.0462111234664917,1.0970100164413452,1.0979828979108353,0.00991077534854412,0.003715138416737318,0.0
phase5_v12_hardware_unknown_r01_20260929_184546_956,/home/robo25/Downloads/rokuga_phase5_v12_hardware_unknown_r01_20260929_184546_956.tar.xz::phase5_v12_hardware_unknown_r01_20260929_184546_956,712,23.733333333333334,,,1,328.5,427.0,0.0368189632258553,1.0955271841610892,1.0961457235645962,0.044970197356556246,1.0955271841610892,1.0964497844799883,3845.5,14,59,74,0.7972972972972973,0.88078332569858,0.959336410128477,True,True,accepted,0.0465414822101593,1.0971338748931885,-0.0015712864696979523,-0.0016067028045654297,0.0012555682333186269,0.0,0.0012555682333186269,0.004022429697215557,1,0,0.04609650373458862,1.0966788530349731,1.0976472085103925,0.007693573832511902,0.0014479615492746234,0.0
phase5_v12_hardware_unknown_r01_20260929_184546_956,/home/robo25/Downloads/rokuga_phase5_v12_hardware_unknown_r01_20260929_184546_956.tar.xz::phase5_v12_hardware_unknown_r01_20260929_184546_956,713,23.766666666666666,,,1,328.5,427.0,0.0368189632258553,1.096938618794003,1.0975563627690024,0.044970197356556246,1.096938618794003,1.0978600329969128,3832.0,14,60,73,0.821917808219178,0.8748858447488584,0.9591989987484355,True,True,accepted,0.04635295644402504,1.0967271327972412,-0.0013827607035636902,0.00021147727966308594,0.0012555682333186269,0.0,0.0012555682333186269,0.0015584576176479459,1,0,0.04596136882901192,1.0967869758605957,1.0977495697298485,0.0057423957623541355,0.0017463716212660074,0.0
phase5_v12_hardware_unknown_r01_20260929_184546_956,/home/robo25/Downloads/rokuga_phase5_v12_hardware_unknown_r01_20260929_184546_956.tar.xz::phase5_v12_hardware_unknown_r01_20260929_184546_956,714,23.8,,,1,328.5,427.0,0.0368189632258553,1.096938618794003,1.0975563627690024,0.044970197356556246,1.096938618794003,1.0978600329969128,3849.0,14,60,73,0.821917808219178,0.8787671232876713,0.9598503740648379,True,True,accepted,0.04615278169512749,1.0968451499938965,-0.0011825859546661377,9.34600830078125e-05,0.0012555682333186269,0.0,0.0012555682333186269,0.0011208028299733996,1,0,0.04581788182258606,1.0968716144561768,1.0978281363193458,0.004073679447174072,0.0018782507395371795,0.0
phase5_v12_hardware_unknown_r01_20260929_184546_956,/home/robo25/Downloads/rokuga_phase5_v12_hardware_unknown_r01_20260929_184546_956.tar.xz::phase5_v12_hardware_unknown_r01_20260929_184546_956,715,23.833333333333332,,,1,328.5,427.0,0.0368189632258553,1.096938618794003,1.0975563627690024,0.044970197356556246,1.096938618794003,1.0978600329969128,3847.5,14,59,73,0.8082191780821918,0.8933132110517762,0.9628378378378378,True,True,accepted,0.045953672379255295,1.096934199333191,-0.0009834766387939453,4.410743713378906e-06,0.0012555682333186269,0.0,0.0012555682333186269,0.0007703649462200701,1,0,0.04567515850067139,1.0969353914260864,1.0978859107699501,0.0026859210338443518,0.0018844746518880129,0.0
phase5_v12_hardware_unknown_r01_20260929_184546_956,/home/robo25/Downloads/rokuga_phase5_v12_hardware_unknown_r01_20260929_184546_956.tar.xz::phase5_v12_hardware_unknown_r01_20260929_184546_956,716,23.866666666666667,,,1,319.5,427.5,-0.024177131647027447,1.0910461084262173,1.0913139531806009,0.007903557202307081,1.0910461084262173,1.0910747348043777,3849.5,14,59,74,0.7972972972972973,0.8816994961062757,0.957825329684001,True,True,accepted,0.04576468840241432,1.0969982147216797,-0.03786113113164902,-0.005952119827270508,0.0012555682333186269,0.0,0.0012555682333186269,1.1699029207229614,1,0,0.03504267707467079,1.0953125953674316,1.0958730176380376,-0.05073894187808037,-0.006514407694339752,0.0
phase5_v12_hardware_unknown_r01_20260929_184546_956,/home/robo25/Downloads/rokuga_phase5_v12_hardware_unknown_r01_20260929_184546_956.tar.xz::phase5_v12_hardware_unknown_r01_20260929_184546_956,717,23.9,,,1,328.5,427.0,0.0368189632258553,1.096938618794003,1.0975563627690024,0.044970197356556246,1.096938618794003,1.0978600329969128,3855.0,14,60,73,0.821917808219178,0.8801369863013698,0.9602690247851539,True,True,accepted,0.03335138037800789,1.0950953960418701,0.01161881536245346,0.0018432140350341797,0.0012555682333186269,0.0,0.0012555682333186269,0.11022443324327469,1,0,0.03664175048470497,1.095617413520813,1.0962299643271112,-0.03434393182396889,-0.003913496155291796,0.0
phase5_v12_hardware_unknown_r01_20260929_184546_956,/home/robo25/Downloads/rokuga_phase5_v12_hardware_unknown_r01_20260929_184546_956.tar.xz::phase5_v12_hardware_unknown_r01_20260929_184546_956,718,23.933333333333334,,,1,328.5,427.0,0.0368189632258553,1.096938618794003,1.0975563627690024,0.044970197356556246,1.096938618794003,1.0978600329969128,3843.5,14,60,73,0.821917808219178,0.8775114155251141,0.9595556110348271,True,True,accepted,0.03549695387482643,1.0954869985580444,0.009473241865634918,0.0014516115188598633,0.0012555682333186269,0.0,0.0012555682333186269,0.07315371930599213,1,0,0.03817971050739288,1.0958980321884155,1.0965628970783525,-0.020976485684514046,-0.0018651646096259356,0.0
phase5_v12_hardware_unknown_r01_20260929_184546_956,/home/robo25/Downloads/rokuga_phase5_v12_hardware_unknown_r01_20260929_184546_956.tar.xz::phase5_v12_hardware_unknown_r01_20260929_184546_956,719,23.966666666666665,,,1,328.5,427.0,0.0368189632258553,1.096938618794003,1.0975563627690024,0.044970197356556246,1.096938618794003,1.0978600329969128,3856.0,14,59,73,0.8082191780821918,0.8952867425121894,0.964964964964965,True,True,accepted,0.03748049587011337,1.09583580493927,0.007489699870347977,0.0011028051376342773,0.0012555682333186269,0.0,0.0012555682333186269,0.04564609378576279,1,0,0.03960152715444565,1.096148133277893,1.0968632599561232,-0.010407963767647743,-0.00030902476282790303,0.0
phase5_v12_hardware_unknown_r01_20260929_184546_956,/home/robo25/Downloads/rokuga_phase5_v12_hardware_unknown_r01_20260929_184546_956.tar.xz::phase5_v12_hardware_unknown_r01_20260929_184546_956,720,24.0,,,1,328.5,427.0,0.0368189632258553,1.096938618794003,1.0975563627690024,0.044970197356556246,1.096938618794003,1.0978600329969128,3846.0,14,60,73,0.821917808219178,0.8780821917808219,0.9613798275215598,True,True,accepted,0.03925459459424019,1.0961378812789917,0.005715601146221161,0.0008007287979125977,0.0012555682333186269,0.0,0.0012555682333186269,0.026529233902692795,1,0,0.0408732146024704,1.0963646173477173,1.0971262433484792,-0.002342826686799526,0.0008208629442378879,0.0
phase5_v12_hardware_unknown_r01_20260929_184546_956,/home/robo25/Downloads/rokuga_phase5_v12_hardware_unknown_r01_20260929_184546_956.tar.xz::phase5_v12_hardware_unknown_r01_20260929_184546_956,721,24.033333333333335,,,1,328.5,427.0,0.0368189632258553,1.096938618794003,1.0975563627690024,0.044970197356556246,1.096938618794003,1.0978600329969128,3828.0,14,59,73,0.8082191780821918,0.8887856977014162,0.9630188679245283,True,True,accepted,0.04079512134194374,1.096392035484314,0.004175074398517609,0.000546574592590332,0.0012555682333186269,0.0,0.0012555682333186269,0.014121088199317455,1,0,0.041977472603321075,1.0965467691421509,1.0973499556304962,0.0035485129337757826,0.0015921202721074224,0.0
phase5_v12_hardware_unknown_r01_20260929_184546_956,/home/robo25/Downloads/rokuga_phase5_v12_hardware_unknown_r01_20260929_184546_956.tar.xz::phase5_v12_hardware_unknown_r01_20260929_184546_956,722,24.066666666666666,,,1,326.5,427.0,0.023269115708241805,1.096938618794003,1.0971853923323707,0.0367361075656111,1.096938618794003,1.097553586391465,3867.0,14,59,74,0.7972972972972973,0.885707741639945,0.9611035168385734,True,True,accepted,0.04209575802087784,1.096599817276001,-0.005359649658203125,0.0003387928009033203,0.0012555682333186269,0.0,0.0012555682333186269,0.022970177233219147,1,0,0.04057794064283371,1.0966957807540894,1.0974462195436434,-0.0040143500082194805,0.002070182003080845,0.0
phase5_v12_hardware_unknown_r01_20260929_184546_956,/home/robo25/Downloads/rokuga_phase5_v12_hardware_unknown_r01_20260929_184546_956.tar.xz::phase5_v12_hardware_unknown_r01_20260929_184546_956,723,24.1,,,1,328.5,427.0,0.0368189632258553,1.096938618794003,1.0975563627690024,0.044970197356556246,1.096938618794003,1.0978600329969128,3848.0,14,59,73,0.8082191780821918,0.8934293011376828,0.9653788258906172,True,True,accepted,0.04044412821531296,1.0967648029327393,0.004526067525148392,0.00017380714416503906,0.0012555682333186269,0.0,0.0012555682333186269,0.016339611262083054,1,0,0.04172587767243385,1.0968140363693237,1.0976074340329074,0.0023722669575363398,0.0023154367227107286,0.0
phase5_v12_hardware_unknown_r01_20260929_184546_956,/home/robo25/Downloads/rokuga_phase5_v12_hardware_unknown_r01_20260929_184546_956.tar.xz::phase5_v12_hardware_unknown_r01_20260929_184546_956,724,24.133333333333333,,,1,326.5,427.0,0.023269115708241805,1.0982417495004286,1.0984882302927081,0.0367361075656111,1.0982417495004286,1.0988559878095192,3846.5,14,59,73,0.8082191780821918,0.8930810308799628,0.966093180961949,True,True,accepted,0.041804954409599304,1.096891164779663,-0.005068846046924591,0.0013506412506103516,0.0012555682333186269,0.0,0.0012555682333186269,0.02191631682217121,1,0,0.04036949202418327,1.0972737073898315,1.098016067648974,-0.00478025060147047,0.004221291746944189,0.0
phase5_v12_hardware_unknown_r01_20260929_184546_956,/home/robo25/Downloads/rokuga_phase5_v12_hardware_unknown_r01_20260929_184546_956.tar.xz::phase5_v12_hardware_unknown_r01_20260929_184546_956,725,24.166666666666668,,,1,320.0,427.5,-0.020782793494480107,1.091039928141972,1.0912378518478332,0.009966258283819201,1.091039928141972,1.0910854462892534,3876.0,14,60,74,0.8108108108108109,0.8729729729729729,0.9571552043462156,True,True,accepted,0.04021015018224716,1.0974143743515015,-0.0302438922226429,-0.006374478340148926,0.0012555682333186269,0.0,0.0012555682333186269,0.7608721852302551,1,0,0.031645286828279495,1.095609188079834,1.096066109859892,-0.04745662584900856,-0.004773569758981466,0.0
phase5_v12_hardware_unknown_r01_20260929_184546_956,/home/robo25/Downloads/rokuga_phase5_v12_hardware_unknown_r01_20260929_184546_956.tar.xz::phase5_v12_hardware_unknown_r01_20260929_184546_956,726,24.2,,,1,328.5,427.0,0.0368189632258553,1.096938618794003,1.0975563627690024,0.044970197356556246,1.096938618794003,1.0978600329969128,3860.5,14,59,73,0.8082191780821918,0.8963315532853494,0.964763213794827,True,True,accepted,0.03006340004503727,1.0954500436782837,0.01490679569542408,0.0014885663986206055,0.0012555682333186269,0.0,0.0012555682333186269,0.17874646186828613,1,0,0.03428490087389946,1.0958715677261353,1.0964077468617552,-0.026422031223773956,-0.0026730920653790236,0.0
phase5_v12_hardware_unknown_r01_20260929_184546_956,/home/robo25/Downloads/rokuga_phase5_v12_hardware_unknown_r01_20260929_184546_956.tar.xz::phase5_v12_hardware_unknown_r01_20260929_184546_956,727,24.233333333333334,,,1,326.5,427.0,0.023269115708241805,1.0982417495004286,1.0984882302927081,0.0367361075656111,1.0982417495004286,1.0988559878095192,3843.0,14,60,73,0.821917808219178,0.8773972602739726,0.9575183754827458,True,True,accepted,0.033404167741537094,1.0957825183868408,0.003331940621137619,0.002459287643432617,0.0012555682333186269,0.0,0.0012555682333186269,0.013659093528985977,1,0,0.03434775024652481,1.0964789390563965,1.0970167873561636,-0.021720414981245995,0.0007971451850607991,0.0
phase5_v12_hardware_unknown_r01_20260929_184546_956,/home/robo25/Downloads/rokuga_phase5_v12_hardware_unknown_r01_20260929_184546_956.tar.xz::phase5_v12_hardware_unknown_r01_20260929_184546_956,728,24.266666666666666,,,1,328.5,427.0,0.0368189632258553,1.0955271841610892,1.0961457235645962,0.044970197356556246,1.0955271841610892,1.0964497844799883,3847.0,14,59,74,0.7972972972972973,0.8811268896014659,0.9613894789453955,True,True,accepted,0.03362373635172844,1.0965055227279663,0.01134645938873291,-0.0009783506393432617,0.0012555682333186269,0.0,0.0012555682333186269,0.10329929739236832,1,0,0.03683697432279587,1.0962284803390503,1.0968472290085443,-0.005709719378501177,-0.0005833801114931703,0.0
phase5_v12_hardware_unknown_r01_20260929_184546_956,/home/robo25/Downloads/rokuga_phase5_v12_hardware_unknown_r01_20260929_184546_956.tar.xz::phase5_v12_hardware_unknown_r01_20260929_184546_956,729,24.3,,,1,328.5,427.0,0.0368189632258553,1.0955271841610892,1.0961457235645962,0.044970197356556246,1.0955271841610892,1.0964497844799883,3846.5,14,59,74,0.7972972972972973,0.8810123683005039,0.958151700087184,True,True,accepted,0.03664664924144745,1.0962090492248535,0.0083235464990139,-0.0006818771362304688,0.0012555682333186269,0.0,0.0012555682333186269,0.055549655109643936,1,0,0.03900381922721863,1.0960159301757812,1.0967097232692853,0.006035421974956989,-0.0015455592656508088,0.0
phase5_v12_hardware_unknown_r01_20260929_184546_956,/home/robo25/Downloads/rokuga_phase5_v12_hardware_unknown_r01_20260929_184546_956.tar.xz::phase5_v12_hardware_unknown_r01_20260929_184546_956,730,24.333333333333332,,,1,328.5,427.0,0.0368189632258553,1.096938618794003,1.0975563627690024,0.044970197356556246,1.096938618794003,1.0978600329969128,3853.5,14,60,73,0.821917808219178,0.8797945205479452,0.960134545907562,True,True,accepted,0.039204999804496765,1.0959644317626953,0.005765195935964584,0.0009741783142089844,0.0012555682333186269,0.0,0.0012555682333186269,0.027227915823459625,1,0,0.040837664157152176,1.0962402820587158,1.0970006703835624,0.014170541428029537,-0.00017092141206376255,0.0
phase5_v12_hardware_unknown_r01_20260929_184546_956,/home/robo25/Downloads/rokuga_phase5_v12_hardware_unknown_r01_20260929_184546_956.tar.xz::phase5_v12_hardware_unknown_r01_20260929_184546_956,731,24.366666666666667,,,1,326.5,427.0,0.023269115708241805,1.0982417495004286,1.0984882302927081,0.0367361075656111,1.0982417495004286,1.0988559878095192,3845.0,14,59,73,0.8082191780821918,0.8927327606222428,0.9657164385281929,True,True,accepted,0.04131001606583595,1.0962345600128174,-0.00457390770316124,0.0020072460174560547,0.0012555682333186269,0.0,0.0012555682333186269,0.019871216267347336,1,0,0.04001471772789955,1.0968029499053955,1.0975326366700997,0.007716418243944645,0.0026614514645189047,0.0
phase5_v12_hardware_unknown_r01_20260929_184546_956,/home/robo25/Downloads/rokuga_phase5_v12_hardware_unknown_r01_20260929_184546_956.tar.xz::phase5_v12_hardware_unknown_r01_20260929_184546_956,732,24.4,,,1,320.0,427.5,-0.020782793494480107,1.091039928141972,1.0912378518478332,0.009966258283819201,1.091039928141972,1.0910854462892534,3851.5,14,59,74,0.7972972972972973,0.8821575813101237,0.9593971852036368,True,True,accepted,0.040271930396556854,1.0968916416168213,-0.03030567243695259,-0.00585174560546875,0.0012555682333186269,0.0,0.0012555682333186269,0.758761465549469,1,0,0.03168957307934761,1.0952345132827759,1.0956928712589629,-0.03504713252186775,-0.005595795344561338,0.0
phase5_v12_hardware_unknown_r01_20260929_184546_956,/home/robo25/Downloads/rokuga_phase5_v12_hardware_unknown_r01_20260929_184546_956.tar.xz::phase5_v12_hardware_unknown_r01_20260929_184546_956,733,24.433333333333334,,,1,326.5,427.0,0.023269115708241805,1.0982417495004286,1.0984882302927081,0.0367361075656111,1.0982417495004286,1.0988559878095192,3833.5,14,59,73,0.8082191780821918,0.8900626886463896,0.9642812224877374,True,True,accepted,0.030521335080266,1.095047950744629,0.006214773282408714,0.0031938552856445312,0.0012555682333186269,0.0,0.0012555682333186269,0.03888607397675514,1,0,0.03228131681680679,1.0959523916244507,1.0964277122194515,-0.026277625933289528,-0.0010890286648645997,0.0
phase5_v12_hardware_unknown_r01_20260929_184546_956,/home/robo25/Downloads/rokuga_phase5_v12_hardware_unknown_r01_20260929_184546_956.tar.xz::phase5_v12_hardware_unknown_r01_20260929_184546_956,734,24.466666666666665,,,1,328.5,427.0,0.0368189632258553,1.096938618794003,1.0975563627690024,0.044970197356556246,1.096938618794003,1.0978600329969128,3845.0,14,59,73,0.8082191780821918,0.8927327606222428,0.9647472086312884,True,True,accepted,0.03140539675951004,1.0959160327911377,0.01356479898095131,0.0010225772857666016,0.0012555682333186269,0.0,0.0012555682333186269,0.14738301932811737,1,0,0.03524685278534889,1.0962055921554565,1.0967721007138025,-0.007136688567698002,0.00035390371340326965,0.0
phase5_v12_hardware_unknown_r01_20260929_184546_956,/home/robo25/Downloads/rokuga_phase5_v12_hardware_unknown_r01_20260929_184546_956.tar.xz::phase5_v12_hardware_unknown_r01_20260929_184546_956,735,24.5,,,1,328.5,427.0,0.0368189632258553,1.096938618794003,1.0975563627690024,0.044970197356556246,1.096938618794003,1.0978600329969128,3823.0,14,59,73,0.8082191780821918,0.8876247968423496,0.9605527638190955,True,True,accepted,0.03500896319746971,1.096217393875122,0.009961232542991638,0.0007212162017822266,0.0012555682333186269,0.0,0.0012555682333186269,0.07944315671920776,1,0,0.037829916924238205,1.0964215993881226,1.0970740295072632,0.006919349078088999,0.001371593214571476,0.0
phase5_v12_hardware_unknown_r01_20260929_184546_956,/home/robo25/Downloads/rokuga_phase5_v12_hardware_unknown_r01_20260929_184546_956.tar.xz::phase5_v12_hardware_unknown_r01_20260929_184546_956,736,24.533333333333335,,,1,326.5,427.0,0.023269115708241805,1.0982417495004286,1.0984882302927081,0.0367361075656111,1.0982417495004286,1.0988559878095192,3815.5,14,59,73,0.8082191780821918,0.8858834455537498,0.9624164459578761,True,True,accepted,0.03806056082248688,1.09646737575531,-0.0013244524598121643,0.001774430274963379,0.0012555682333186269,0.0,0.0012555682333186269,0.003904827404767275,1,0,0.03768548369407654,1.0969698429107666,1.097616978702921,0.00505044823512435,0.0038754460401833057,0.0
phase5_v12_hardware_unknown_r01_20260929_184546_956,/home/robo25/Downloads/rokuga_phase5_v12_hardware_unknown_r01_20260929_184546_956.tar.xz::phase5_v12_hardware_unknown_r01_20260929_184546_956,737,24.566666666666666,,,1,326.5,427.0,0.023269115708241805,1.0982417495004286,1.0984882302927081,0.0367361075656111,1.0982417495004286,1.0988559878095192,3802.0,14,59,73,0.8082191780821918,0.8827490132342698,0.9580446012347235,True,True,accepted,0.03785383328795433,1.0970990657806396,-0.0011177249252796173,0.001142740249633789,0.0012555682333186269,0.0,0.0012555682333186269,0.002035066019743681,1,0,0.03753730282187462,1.09742271900177,1.0980645123508814,0.0034732555504888296,0.005487937480211258,0.0
phase5_v12_hardware_unknown_r01_20260929_184546_956,/home/robo25/Downloads/rokuga_phase5_v12_hardware_unknown_r01_20260929_184546_956.tar.xz::phase5_v12_hardware_unknown_r01_20260929_184546_956,738,24.6,,,1,326.5,427.0,0.023269115708241805,1.0982417495004286,1.0984882302927081,0.0367361075656111,1.0982417495004286,1.0988559878095192,3793.5,14,59,73,0.8082191780821918,0.8807754817738566,0.9578336068678197,True,True,accepted,0.03765307739377022,1.0976057052612305,-0.0009169690310955048,0.0006361007690429688,0.0012555682333186269,0.0,0.0012555682333186269,0.000991946435533464,1,0,0.03739339858293533,1.0977858304977417,1.0984225033652573,0.0021793441846966743,0.006385522894561291,0.0
phase5_v12_hardware_unknown_r01_20260929_184546_956,/home/robo25/Downloads/rokuga_phase5_v12_hardware_unknown_r01_20260929_184546_956.tar.xz::phase5_v12_hardware_unknown_r01_20260929_184546_956,739,24.633333333333333,,,1,326.5,427.0,0.023269115708241805,1.0982417495004286,1.0984882302927081,0.0367361075656111,1.0982417495004286,1.0988559878095192,3673.0,14,59,74,0.7972972972972973,0.8412734768666972,0.933418043202033,True,True,accepted,0.03746604174375534,1.0979987382888794,-0.0007299333810806274,0.00024306774139404297,0.0012555682333186269,0.0,0.0012555682333186269,0.00047140780952759087,1,0,0.03725932911038399,1.0980675220489502,1.0986994769200893,0.0011493540368974209,0.0067285094410181046,0.0
phase5_v12_hardware_unknown_r01_20260929_184546_956,/home/robo25/Downloads/rokuga_phase5_v12_hardware_unknown_r01_20260929_184546_956.tar.xz::phase5_v12_hardware_unknown_r01_20260929_184546_956,740,24.666666666666668,,,1,326.0,427.0,0.019878833804753523,1.0985539758920808,1.098733819440239,0.034675871420986513,1.0985539758920808,1.0991011118214298,3091.0,15,56,63,0.8888888888888888,0.8761337868480725,0.9583010385986669,True,True,accepted,0.03729763999581337,1.0982917547225952,-0.002621769905090332,0.00026226043701171875,0.0012555682333186269,0.0,0.0012555682333186269,0.005529335699975491,1,0,0.03655517101287842,1.0983660221099854,1.0989741575912937,-0.002550157718360424,0.007098578382283449,0.0
phase5_v12_hardware_unknown_r01_20260929_184546_956,/home/robo25/Downloads/rokuga_phase5_v12_hardware_unknown_r01_20260929_184546_956.tar.xz::phase5_v12_hardware_unknown_r01_20260929_184546_956,741,24.7,,,1,327.0,427.0,0.026659397611730085,1.0979295231087762,1.0982531407625862,0.03879634371023567,1.0979295231087762,1.0986147614150956,2597.0,17,54,54,1.0,0.8906035665294925,0.9609620721554116,True,True,accepted,0.036470167338848114,1.0986026525497437,0.002326175570487976,-0.0006731748580932617,0.0012555682333186269,0.0,0.0012555682333186269,0.004670599941164255,1,0,0.03712892532348633,1.098412036895752,1.099039380501514,0.0007322485325857997,0.006148678716272116,0.0
phase5_v12_hardware_unknown_r01_20260929_184546_956,/home/robo25/Downloads/rokuga_phase5_v12_hardware_unknown_r01_20260929_184546_956.tar.xz::phase5_v12_hardware_unknown_r01_20260929_184546_956,742,24.733333333333334,,,1,323.5,427.0,0.002902120468446068,1.099992853516228,1.0999966818540805,0.024359313852011587,1.099992853516228,1.1002625386507143,1975.5,18,56,46,1.2173913043478262,0.7668866459627329,0.8484002576766159,True,True,accepted,0.03715333342552185,1.0986169576644897,-0.012794019654393196,0.0013759136199951172,0.0012555682333186269,0.0,0.0012555682333186269,0.131876602768898,1,0,0.03353015333414078,1.0990066528320312,1.0995180281158086,-0.017321061342954636,0.008090195246040821,0.0
phase5_v12_hardware_unknown_r01_20260929_184546_956,/home/robo25/Downloads/rokuga_phase5_v12_hardware_unknown_r01_20260929_184546_956.tar.xz::phase5_v12_hardware_unknown_r01_20260929_184546_956,743,24.766666666666666,,,1,324.5,427.0,0.00969673617947174,1.0994363389066648,1.0994790993925374,0.02848832532515368,1.0994363389066648,1.0998053682303621,1690.5,16,52,40,1.3,0.8127403846153847,0.8968169761273209,True,True,accepted,0.03295278549194336,1.0992763042449951,-0.004464460536837578,0.00015997886657714844,0.0012555682333186269,0.0,0.0012555682333186269,0.015894794836640358,1,0,0.03168848156929016,1.0993216037750244,1.0997782269124348,-0.02362074702978134,0.008315937593579292,0.0
phase5_v12_hardware_unknown_r01_20260929_184546_956,/home/robo25/Downloads/rokuga_phase5_v12_hardware_unknown_r01_20260929_184546_956.tar.xz::phase5_v12_hardware_unknown_r01_20260929_184546_956,744,24.8,,,0,,,,,,,,,,,,,,,,False,False,no_detection,0.030901122838258743,1.09959876537323,,,,,,,1,1,0.030901122838258743,1.09959876537323,1.1000328741464942,-0.02362074702978134,0.008315937593579292,0.03333333333333499
phase5_v12_hardware_unknown_r01_20260929_184546_956,/home/robo25/Downloads/rokuga_phase5_v12_hardware_unknown_r01_20260929_184546_956.tar.xz::phase5_v12_hardware_unknown_r01_20260929_184546_956,745,24.833333333333332,,,0,,,,,,,,,,,,,,,,False,False,no_detection,0.030113764107227325,1.0998759269714355,,,,,,,1,1,0.030113764107227325,1.0998759269714355,1.1002880956912968,-0.02362074702978134,0.008315937593579292,0.06666666666666643
phase5_v12_hardware_unknown_r01_20260929_184546_956,/home/robo25/Downloads/rokuga_phase5_v12_hardware_unknown_r01_20260929_184546_956.tar.xz::phase5_v12_hardware_unknown_r01_20260929_184546_956,746,24.866666666666667,,,0,,,,,,,,,,,,,,,,False,False,no_detection,0.029326405376195908,1.1001530885696411,,,,,,,1,1,0.029326405376195908,1.1001530885696411,1.1005438911472862,-0.02362074702978134,0.008315937593579292,0.10000000000000142
phase5_v12_hardware_unknown_r01_20260929_184546_956,/home/robo25/Downloads/rokuga_phase5_v12_hardware_unknown_r01_20260929_184546_956.tar.xz::phase5_v12_hardware_unknown_r01_20260929_184546_956,747,24.9,,,0,,,,,,,,,,,,,,,,False,False,no_detection,0.02853904664516449,1.1004302501678467,,,,,,,1,1,0.02853904664516449,1.1004302501678467,1.100800260114379,-0.02362074702978134,0.008315937593579292,0.13333333333333286
phase5_v12_hardware_unknown_r01_20260929_184546_956,/home/robo25/Downloads/rokuga_phase5_v12_hardware_unknown_r01_20260929_184546_956.tar.xz::phase5_v12_hardware_unknown_r01_20260929_184546_956,748,24.933333333333334,,,0,,,,,,,,,,,,,,,,False,False,no_detection,0.027751687914133072,1.1007074117660522,,,,,,,1,1,0.027751687914133072,1.1007074117660522,1.1010572021919685,-0.02362074702978134,0.008315937593579292,0.16666666666666785
phase5_v12_hardware_unknown_r01_20260929_184546_956,/home/robo25/Downloads/rokuga_phase5_v12_hardware_unknown_r01_20260929_184546_956.tar.xz::phase5_v12_hardware_unknown_r01_20260929_184546_956,749,24.966666666666665,,,0,,,,,,,,,,,,,,,,False,False,no_detection,0.026964329183101654,1.1009845733642578,,,,,,,1,1,0.026964329183101654,1.1009845733642578,1.101314716978926,-0.02362074702978134,0.008315937593579292,0.1999999999999993
phase5_v12_hardware_unknown_r01_20260929_184546_956,/home/robo25/Downloads/rokuga_phase5_v12_hardware_unknown_r01_20260929_184546_956.tar.xz::phase5_v12_hardware_unknown_r01_20260929_184546_956,750,25.0,,,0,,,,,,,,,,,,,,,,False,False,no_detection,0.026176970452070236,1.1012617349624634,,,,,,,1,1,0.026176970452070236,1.1012617349624634,1.1015728040736044,-0.02362074702978134,0.008315937593579292,0.23333333333333428
phase5_v12_hardware_unknown_r01_20260929_184546_956,/home/robo25/Downloads/rokuga_phase5_v12_hardware_unknown_r01_20260929_184546_956.tar.xz::phase5_v12_hardware_unknown_r01_20260929_184546_956,751,25.033333333333335,,,0,,,,,,,,,,,,,,,,False,False,track_expired,0.02538961172103882,1.101538896560669,,,,,,,0,,,,,,,
phase5_v12_hardware_unknown_r01_20260929_184546_956,/home/robo25/Downloads/rokuga_phase5_v12_hardware_unknown_r01_20260929_184546_956.tar.xz::phase5_v12_hardware_unknown_r01_20260929_184546_956,752,25.066666666666666,,,0,,,,,,,,,,,,,,,,False,False,no_detection,,,,,,,,,0,,,,,,,
phase5_v12_hardware_unknown_r01_20260929_184546_956,/home/robo25/Downloads/rokuga_phase5_v12_hardware_unknown_r01_20260929_184546_956.tar.xz::phase5_v12_hardware_unknown_r01_20260929_184546_956,753,25.1,,,0,,,,,,,,,,,,,,,,False,False,no_detection,,,,,,,,,0,,,,,,,
phase5_v12_hardware_unknown_r01_20260929_184546_956,/home/robo25/Downloads/rokuga_phase5_v12_hardware_unknown_r01_20260929_184546_956.tar.xz::phase5_v12_hardware_unknown_r01_20260929_184546_956,754,25.133333333333333,,,0,,,,,,,,,,,,,,,,False,False,no_detection,,,,,,,,,0,,,,,,,
phase5_v12_hardware_unknown_r01_20260929_184546_956,/home/robo25/Downloads/rokuga_phase5_v12_hardware_unknown_r01_20260929_184546_956.tar.xz::phase5_v12_hardware_unknown_r01_20260929_184546_956,755,25.166666666666668,,,0,,,,,,,,,,,,,,,,False,False,no_detection,,,,,,,,,0,,,,,,,
phase5_v12_hardware_unknown_r01_20260929_184546_956,/home/robo25/Downloads/rokuga_phase5_v12_hardware_unknown_r01_20260929_184546_956.tar.xz::phase5_v12_hardware_unknown_r01_20260929_184546_956,756,25.2,,,0,,,,,,,,,,,,,,,,False,False,no_detection,,,,,,,,,0,,,,,,,
phase5_v12_hardware_unknown_r01_20260929_184546_956,/home/robo25/Downloads/rokuga_phase5_v12_hardware_unknown_r01_20260929_184546_956.tar.xz::phase5_v12_hardware_unknown_r01_20260929_184546_956,757,25.233333333333334,,,0,,,,,,,,,,,,,,,,False,False,no_detection,,,,,,,,,0,,,,,,,
phase5_v12_hardware_unknown_r01_20260929_184546_956,/home/robo25/Downloads/rokuga_phase5_v12_hardware_unknown_r01_20260929_184546_956.tar.xz::phase5_v12_hardware_unknown_r01_20260929_184546_956,758,25.266666666666666,,,0,,,,,,,,,,,,,,,,False,False,no_detection,,,,,,,,,0,,,,,,,
phase5_v12_hardware_unknown_r01_20260929_184546_956,/home/robo25/Downloads/rokuga_phase5_v12_hardware_unknown_r01_20260929_184546_956.tar.xz::phase5_v12_hardware_unknown_r01_20260929_184546_956,759,25.3,,,0,,,,,,,,,,,,,,,,False,False,no_detection,,,,,,,,,0,,,,,,,
phase5_v12_hardware_unknown_r01_20260929_184546_956,/home/robo25/Downloads/rokuga_phase5_v12_hardware_unknown_r01_20260929_184546_956.tar.xz::phase5_v12_hardware_unknown_r01_20260929_184546_956,760,25.333333333333332,,,0,,,,,,,,,,,,,,,,False,False,no_detection,,,,,,,,,0,,,,,,,
phase5_v12_hardware_unknown_r01_20260929_184546_956,/home/robo25/Downloads/rokuga_phase5_v12_hardware_unknown_r01_20260929_184546_956.tar.xz::phase5_v12_hardware_unknown_r01_20260929_184546_956,761,25.366666666666667,,,0,,,,,,,,,,,,,,,,False,False,no_detection,,,,,,,,,0,,,,,,,
phase5_v12_hardware_unknown_r01_20260929_184546_956,/home/robo25/Downloads/rokuga_phase5_v12_hardware_unknown_r01_20260929_184546_956.tar.xz::phase5_v12_hardware_unknown_r01_20260929_184546_956,762,25.4,,,0,,,,,,,,,,,,,,,,False,False,no_detection,,,,,,,,,0,,,,,,,
phase5_v12_hardware_unknown_r01_20260929_184546_956,/home/robo25/Downloads/rokuga_phase5_v12_hardware_unknown_r01_20260929_184546_956.tar.xz::phase5_v12_hardware_unknown_r01_20260929_184546_956,763,25.433333333333334,,,0,,,,,,,,,,,,,,,,False,False,no_detection,,,,,,,,,0,,,,,,,
phase5_v12_hardware_unknown_r01_20260929_184546_956,/home/robo25/Downloads/rokuga_phase5_v12_hardware_unknown_r01_20260929_184546_956.tar.xz::phase5_v12_hardware_unknown_r01_20260929_184546_956,764,25.466666666666665,,,0,,,,,,,,,,,,,,,,False,False,no_detection,,,,,,,,,0,,,,,,,
phase5_v12_hardware_unknown_r01_20260929_184546_956,/home/robo25/Downloads/rokuga_phase5_v12_hardware_unknown_r01_20260929_184546_956.tar.xz::phase5_v12_hardware_unknown_r01_20260929_184546_956,765,25.5,,,0,,,,,,,,,,,,,,,,False,False,no_detection,,,,,,,,,0,,,,,,,
phase5_v12_hardware_unknown_r01_20260929_184546_956,/home/robo25/Downloads/rokuga_phase5_v12_hardware_unknown_r01_20260929_184546_956.tar.xz::phase5_v12_hardware_unknown_r01_20260929_184546_956,766,25.533333333333335,,,0,,,,,,,,,,,,,,,,False,False,no_detection,,,,,,,,,0,,,,,,,
phase5_v12_hardware_unknown_r01_20260929_184546_956,/home/robo25/Downloads/rokuga_phase5_v12_hardware_unknown_r01_20260929_184546_956.tar.xz::phase5_v12_hardware_unknown_r01_20260929_184546_956,767,25.566666666666666,,,0,,,,,,,,,,,,,,,,False,False,no_detection,,,,,,,,,0,,,,,,,
phase5_v12_hardware_unknown_r01_20260929_184546_956,/home/robo25/Downloads/rokuga_phase5_v12_hardware_unknown_r01_20260929_184546_956.tar.xz::phase5_v12_hardware_unknown_r01_20260929_184546_956,768,25.6,,,0,,,,,,,,,,,,,,,,False,False,no_detection,,,,,,,,,0,,,,,,,
phase5_v12_hardware_unknown_r01_20260929_184546_956,/home/robo25/Downloads/rokuga_phase5_v12_hardware_unknown_r01_20260929_184546_956.tar.xz::phase5_v12_hardware_unknown_r01_20260929_184546_956,769,25.633333333333333,,,0,,,,,,,,,,,,,,,,False,False,no_detection,,,,,,,,,0,,,,,,,
phase5_v12_hardware_unknown_r01_20260929_184546_956,/home/robo25/Downloads/rokuga_phase5_v12_hardware_unknown_r01_20260929_184546_956.tar.xz::phase5_v12_hardware_unknown_r01_20260929_184546_956,770,25.666666666666668,,,0,,,,,,,,,,,,,,,,False,False,no_detection,,,,,,,,,0,,,,,,,
phase5_v12_hardware_unknown_r01_20260929_184546_956,/home/robo25/Downloads/rokuga_phase5_v12_hardware_unknown_r01_20260929_184546_956.tar.xz::phase5_v12_hardware_unknown_r01_20260929_184546_956,771,25.7,,,0,,,,,,,,,,,,,,,,False,False,no_detection,,,,,,,,,0,,,,,,,
phase5_v12_hardware_unknown_r01_20260929_184546_956,/home/robo25/Downloads/rokuga_phase5_v12_hardware_unknown_r01_20260929_184546_956.tar.xz::phase5_v12_hardware_unknown_r01_20260929_184546_956,772,25.733333333333334,,,0,,,,,,,,,,,,,,,,False,False,no_detection,,,,,,,,,0,,,,,,,
phase5_v12_hardware_unknown_r01_20260929_184546_956,/home/robo25/Downloads/rokuga_phase5_v12_hardware_unknown_r01_20260929_184546_956.tar.xz::phase5_v12_hardware_unknown_r01_20260929_184546_956,773,25.766666666666666,,,0,,,,,,,,,,,,,,,,False,False,no_detection,,,,,,,,,0,,,,,,,
phase5_v12_hardware_unknown_r01_20260929_184546_956,/home/robo25/Downloads/rokuga_phase5_v12_hardware_unknown_r01_20260929_184546_956.tar.xz::phase5_v12_hardware_unknown_r01_20260929_184546_956,774,25.8,,,0,,,,,,,,,,,,,,,,False,False,no_detection,,,,,,,,,0,,,,,,,
phase5_v12_hardware_unknown_r01_20260929_184546_956,/home/robo25/Downloads/rokuga_phase5_v12_hardware_unknown_r01_20260929_184546_956.tar.xz::phase5_v12_hardware_unknown_r01_20260929_184546_956,775,25.833333333333332,,,0,,,,,,,,,,,,,,,,False,False,no_detection,,,,,,,,,0,,,,,,,
phase5_v12_hardware_unknown_r01_20260929_184546_956,/home/robo25/Downloads/rokuga_phase5_v12_hardware_unknown_r01_20260929_184546_956.tar.xz::phase5_v12_hardware_unknown_r01_20260929_184546_956,776,25.866666666666667,,,0,,,,,,,,,,,,,,,,False,False,no_detection,,,,,,,,,0,,,,,,,
phase5_v12_hardware_unknown_r01_20260929_184546_956,/home/robo25/Downloads/rokuga_phase5_v12_hardware_unknown_r01_20260929_184546_956.tar.xz::phase5_v12_hardware_unknown_r01_20260929_184546_956,777,25.9,,,0,,,,,,,,,,,,,,,,False,False,no_detection,,,,,,,,,0,,,,,,,
phase5_v12_hardware_unknown_r01_20260929_184546_956,/home/robo25/Downloads/rokuga_phase5_v12_hardware_unknown_r01_20260929_184546_956.tar.xz::phase5_v12_hardware_unknown_r01_20260929_184546_956,778,25.933333333333334,,,0,,,,,,,,,,,,,,,,False,False,no_detection,,,,,,,,,0,,,,,,,
phase5_v12_hardware_unknown_r01_20260929_184546_956,/home/robo25/Downloads/rokuga_phase5_v12_hardware_unknown_r01_20260929_184546_956.tar.xz::phase5_v12_hardware_unknown_r01_20260929_184546_956,779,25.966666666666665,,,0,,,,,,,,,,,,,,,,False,False,no_detection,,,,,,,,,0,,,,,,,
phase5_v12_hardware_unknown_r01_20260929_184546_956,/home/robo25/Downloads/rokuga_phase5_v12_hardware_unknown_r01_20260929_184546_956.tar.xz::phase5_v12_hardware_unknown_r01_20260929_184546_956,780,26.0,,,0,,,,,,,,,,,,,,,,False,False,no_detection,,,,,,,,,0,,,,,,,
phase5_v12_hardware_unknown_r01_20260929_184546_956,/home/robo25/Downloads/rokuga_phase5_v12_hardware_unknown_r01_20260929_184546_956.tar.xz::phase5_v12_hardware_unknown_r01_20260929_184546_956,781,26.033333333333335,,,0,,,,,,,,,,,,,,,,False,False,no_detection,,,,,,,,,0,,,,,,,
phase5_v12_hardware_unknown_r01_20260929_184546_956,/home/robo25/Downloads/rokuga_phase5_v12_hardware_unknown_r01_20260929_184546_956.tar.xz::phase5_v12_hardware_unknown_r01_20260929_184546_956,782,26.066666666666666,,,0,,,,,,,,,,,,,,,,False,False,no_detection,,,,,,,,,0,,,,,,,
phase5_v12_hardware_unknown_r01_20260929_184546_956,/home/robo25/Downloads/rokuga_phase5_v12_hardware_unknown_r01_20260929_184546_956.tar.xz::phase5_v12_hardware_unknown_r01_20260929_184546_956,783,26.1,,,0,,,,,,,,,,,,,,,,False,False,no_detection,,,,,,,,,0,,,,,,,
phase5_v12_hardware_unknown_r01_20260929_184546_956,/home/robo25/Downloads/rokuga_phase5_v12_hardware_unknown_r01_20260929_184546_956.tar.xz::phase5_v12_hardware_unknown_r01_20260929_184546_956,784,26.133333333333333,,,0,,,,,,,,,,,,,,,,False,False,no_detection,,,,,,,,,0,,,,,,,
phase5_v12_hardware_unknown_r01_20260929_184546_956,/home/robo25/Downloads/rokuga_phase5_v12_hardware_unknown_r01_20260929_184546_956.tar.xz::phase5_v12_hardware_unknown_r01_20260929_184546_956,785,26.166666666666668,,,0,,,,,,,,,,,,,,,,False,False,no_detection,,,,,,,,,0,,,,,,,
phase5_v12_hardware_unknown_r01_20260929_184546_956,/home/robo25/Downloads/rokuga_phase5_v12_hardware_unknown_r01_20260929_184546_956.tar.xz::phase5_v12_hardware_unknown_r01_20260929_184546_956,786,26.2,,,0,,,,,,,,,,,,,,,,False,False,no_detection,,,,,,,,,0,,,,,,,
phase5_v12_hardware_unknown_r01_20260929_184546_956,/home/robo25/Downloads/rokuga_phase5_v12_hardware_unknown_r01_20260929_184546_956.tar.xz::phase5_v12_hardware_unknown_r01_20260929_184546_956,787,26.233333333333334,,,0,,,,,,,,,,,,,,,,False,False,no_detection,,,,,,,,,0,,,,,,,
phase5_v12_hardware_unknown_r01_20260929_184546_956,/home/robo25/Downloads/rokuga_phase5_v12_hardware_unknown_r01_20260929_184546_956.tar.xz::phase5_v12_hardware_unknown_r01_20260929_184546_956,788,26.266666666666666,,,0,,,,,,,,,,,,,,,,False,False,no_detection,,,,,,,,,0,,,,,,,
phase5_v12_hardware_unknown_r01_20260929_184546_956,/home/robo25/Downloads/rokuga_phase5_v12_hardware_unknown_r01_20260929_184546_956.tar.xz::phase5_v12_hardware_unknown_r01_20260929_184546_956,789,26.3,,,0,,,,,,,,,,,,,,,,False,False,no_detection,,,,,,,,,0,,,,,,,
phase5_v12_hardware_unknown_r01_20260929_184546_956,/home/robo25/Downloads/rokuga_phase5_v12_hardware_unknown_r01_20260929_184546_956.tar.xz::phase5_v12_hardware_unknown_r01_20260929_184546_956,790,26.333333333333332,,,0,,,,,,,,,,,,,,,,False,False,no_detection,,,,,,,,,0,,,,,,,
phase5_v12_hardware_unknown_r01_20260929_184546_956,/home/robo25/Downloads/rokuga_phase5_v12_hardware_unknown_r01_20260929_184546_956.tar.xz::phase5_v12_hardware_unknown_r01_20260929_184546_956,791,26.366666666666667,,,0,,,,,,,,,,,,,,,,False,False,no_detection,,,,,,,,,0,,,,,,,
phase5_v12_hardware_unknown_r01_20260929_184546_956,/home/robo25/Downloads/rokuga_phase5_v12_hardware_unknown_r01_20260929_184546_956.tar.xz::phase5_v12_hardware_unknown_r01_20260929_184546_956,792,26.4,,,0,,,,,,,,,,,,,,,,False,False,no_detection,,,,,,,,,0,,,,,,,
phase5_v12_hardware_unknown_r01_20260929_184546_956,/home/robo25/Downloads/rokuga_phase5_v12_hardware_unknown_r01_20260929_184546_956.tar.xz::phase5_v12_hardware_unknown_r01_20260929_184546_956,793,26.433333333333334,,,0,,,,,,,,,,,,,,,,False,False,no_detection,,,,,,,,,0,,,,,,,
phase5_v12_hardware_unknown_r01_20260929_184546_956,/home/robo25/Downloads/rokuga_phase5_v12_hardware_unknown_r01_20260929_184546_956.tar.xz::phase5_v12_hardware_unknown_r01_20260929_184546_956,794,26.466666666666665,,,0,,,,,,,,,,,,,,,,False,False,no_detection,,,,,,,,,0,,,,,,,
phase5_v12_hardware_unknown_r01_20260929_184546_956,/home/robo25/Downloads/rokuga_phase5_v12_hardware_unknown_r01_20260929_184546_956.tar.xz::phase5_v12_hardware_unknown_r01_20260929_184546_956,795,26.5,,,0,,,,,,,,,,,,,,,,False,False,no_detection,,,,,,,,,0,,,,,,,
phase5_v12_hardware_unknown_r01_20260929_184546_956,/home/robo25/Downloads/rokuga_phase5_v12_hardware_unknown_r01_20260929_184546_956.tar.xz::phase5_v12_hardware_unknown_r01_20260929_184546_956,796,26.533333333333335,,,0,,,,,,,,,,,,,,,,False,False,no_detection,,,,,,,,,0,,,,,,,
phase5_v12_hardware_unknown_r01_20260929_184546_956,/home/robo25/Downloads/rokuga_phase5_v12_hardware_unknown_r01_20260929_184546_956.tar.xz::phase5_v12_hardware_unknown_r01_20260929_184546_956,797,26.566666666666666,,,0,,,,,,,,,,,,,,,,False,False,no_detection,,,,,,,,,0,,,,,,,
phase5_v12_hardware_unknown_r01_20260929_184546_956,/home/robo25/Downloads/rokuga_phase5_v12_hardware_unknown_r01_20260929_184546_956.tar.xz::phase5_v12_hardware_unknown_r01_20260929_184546_956,798,26.6,,,0,,,,,,,,,,,,,,,,False,False,no_detection,,,,,,,,,0,,,,,,,
phase5_v12_hardware_unknown_r01_20260929_184546_956,/home/robo25/Downloads/rokuga_phase5_v12_hardware_unknown_r01_20260929_184546_956.tar.xz::phase5_v12_hardware_unknown_r01_20260929_184546_956,799,26.633333333333333,,,0,,,,,,,,,,,,,,,,False,False,no_detection,,,,,,,,,0,,,,,,,
phase5_v12_hardware_unknown_r01_20260929_184546_956,/home/robo25/Downloads/rokuga_phase5_v12_hardware_unknown_r01_20260929_184546_956.tar.xz::phase5_v12_hardware_unknown_r01_20260929_184546_956,800,26.666666666666668,,,0,,,,,,,,,,,,,,,,False,False,no_detection,,,,,,,,,0,,,,,,,
phase5_v12_hardware_unknown_r01_20260929_184546_956,/home/robo25/Downloads/rokuga_phase5_v12_hardware_unknown_r01_20260929_184546_956.tar.xz::phase5_v12_hardware_unknown_r01_20260929_184546_956,801,26.7,,,0,,,,,,,,,,,,,,,,False,False,no_detection,,,,,,,,,0,,,,,,,
phase5_v12_hardware_unknown_r01_20260929_184546_956,/home/robo25/Downloads/rokuga_phase5_v12_hardware_unknown_r01_20260929_184546_956.tar.xz::phase5_v12_hardware_unknown_r01_20260929_184546_956,802,26.733333333333334,,,0,,,,,,,,,,,,,,,,False,False,no_detection,,,,,,,,,0,,,,,,,
phase5_v12_hardware_unknown_r01_20260929_184546_956,/home/robo25/Downloads/rokuga_phase5_v12_hardware_unknown_r01_20260929_184546_956.tar.xz::phase5_v12_hardware_unknown_r01_20260929_184546_956,803,26.766666666666666,,,0,,,,,,,,,,,,,,,,False,False,no_detection,,,,,,,,,0,,,,,,,
phase5_v12_hardware_unknown_r01_20260929_184546_956,/home/robo25/Downloads/rokuga_phase5_v12_hardware_unknown_r01_20260929_184546_956.tar.xz::phase5_v12_hardware_unknown_r01_20260929_184546_956,804,26.8,,,0,,,,,,,,,,,,,,,,False,False,no_detection,,,,,,,,,0,,,,,,,
phase5_v12_hardware_unknown_r01_20260929_184546_956,/home/robo25/Downloads/rokuga_phase5_v12_hardware_unknown_r01_20260929_184546_956.tar.xz::phase5_v12_hardware_unknown_r01_20260929_184546_956,805,26.833333333333332,,,0,,,,,,,,,,,,,,,,False,False,no_detection,,,,,,,,,0,,,,,,,
phase5_v12_hardware_unknown_r01_20260929_184546_956,/home/robo25/Downloads/rokuga_phase5_v12_hardware_unknown_r01_20260929_184546_956.tar.xz::phase5_v12_hardware_unknown_r01_20260929_184546_956,806,26.866666666666667,,,0,,,,,,,,,,,,,,,,False,False,no_detection,,,,,,,,,0,,,,,,,
phase5_v12_hardware_unknown_r01_20260929_184546_956,/home/robo25/Downloads/rokuga_phase5_v12_hardware_unknown_r01_20260929_184546_956.tar.xz::phase5_v12_hardware_unknown_r01_20260929_184546_956,807,26.9,,,0,,,,,,,,,,,,,,,,False,False,no_detection,,,,,,,,,0,,,,,,,
phase5_v12_hardware_unknown_r01_20260929_184546_956,/home/robo25/Downloads/rokuga_phase5_v12_hardware_unknown_r01_20260929_184546_956.tar.xz::phase5_v12_hardware_unknown_r01_20260929_184546_956,808,26.933333333333334,,,0,,,,,,,,,,,,,,,,False,False,no_detection,,,,,,,,,0,,,,,,,
phase5_v12_hardware_unknown_r01_20260929_184546_956,/home/robo25/Downloads/rokuga_phase5_v12_hardware_unknown_r01_20260929_184546_956.tar.xz::phase5_v12_hardware_unknown_r01_20260929_184546_956,809,26.966666666666665,,,0,,,,,,,,,,,,,,,,False,False,no_detection,,,,,,,,,0,,,,,,,
phase5_v12_hardware_unknown_r01_20260929_184546_956,/home/robo25/Downloads/rokuga_phase5_v12_hardware_unknown_r01_20260929_184546_956.tar.xz::phase5_v12_hardware_unknown_r01_20260929_184546_956,810,27.0,,,0,,,,,,,,,,,,,,,,False,False,no_detection,,,,,,,,,0,,,,,,,
phase5_v12_hardware_unknown_r01_20260929_184546_956,/home/robo25/Downloads/rokuga_phase5_v12_hardware_unknown_r01_20260929_184546_956.tar.xz::phase5_v12_hardware_unknown_r01_20260929_184546_956,811,27.033333333333335,,,0,,,,,,,,,,,,,,,,False,False,no_detection,,,,,,,,,0,,,,,,,
phase5_v12_hardware_unknown_r01_20260929_184546_956,/home/robo25/Downloads/rokuga_phase5_v12_hardware_unknown_r01_20260929_184546_956.tar.xz::phase5_v12_hardware_unknown_r01_20260929_184546_956,812,27.066666666666666,,,0,,,,,,,,,,,,,,,,False,False,no_detection,,,,,,,,,0,,,,,,,
phase5_v12_hardware_unknown_r01_20260929_184546_956,/home/robo25/Downloads/rokuga_phase5_v12_hardware_unknown_r01_20260929_184546_956.tar.xz::phase5_v12_hardware_unknown_r01_20260929_184546_956,813,27.1,,,0,,,,,,,,,,,,,,,,False,False,no_detection,,,,,,,,,0,,,,,,,
phase5_v12_hardware_unknown_r01_20260929_184546_956,/home/robo25/Downloads/rokuga_phase5_v12_hardware_unknown_r01_20260929_184546_956.tar.xz::phase5_v12_hardware_unknown_r01_20260929_184546_956,814,27.133333333333333,,,0,,,,,,,,,,,,,,,,False,False,no_detection,,,,,,,,,0,,,,,,,
phase5_v12_hardware_unknown_r01_20260929_184546_956,/home/robo25/Downloads/rokuga_phase5_v12_hardware_unknown_r01_20260929_184546_956.tar.xz::phase5_v12_hardware_unknown_r01_20260929_184546_956,815,27.166666666666668,,,0,,,,,,,,,,,,,,,,False,False,no_detection,,,,,,,,,0,,,,,,,
phase5_v12_hardware_unknown_r01_20260929_184546_956,/home/robo25/Downloads/rokuga_phase5_v12_hardware_unknown_r01_20260929_184546_956.tar.xz::phase5_v12_hardware_unknown_r01_20260929_184546_956,816,27.2,,,0,,,,,,,,,,,,,,,,False,False,no_detection,,,,,,,,,0,,,,,,,
phase5_v12_hardware_unknown_r01_20260929_184546_956,/home/robo25/Downloads/rokuga_phase5_v12_hardware_unknown_r01_20260929_184546_956.tar.xz::phase5_v12_hardware_unknown_r01_20260929_184546_956,817,27.233333333333334,,,0,,,,,,,,,,,,,,,,False,False,no_detection,,,,,,,,,0,,,,,,,
phase5_v12_hardware_unknown_r01_20260929_184546_956,/home/robo25/Downloads/rokuga_phase5_v12_hardware_unknown_r01_20260929_184546_956.tar.xz::phase5_v12_hardware_unknown_r01_20260929_184546_956,818,27.266666666666666,,,0,,,,,,,,,,,,,,,,False,False,no_detection,,,,,,,,,0,,,,,,,
phase5_v12_hardware_unknown_r01_20260929_184546_956,/home/robo25/Downloads/rokuga_phase5_v12_hardware_unknown_r01_20260929_184546_956.tar.xz::phase5_v12_hardware_unknown_r01_20260929_184546_956,819,27.3,,,0,,,,,,,,,,,,,,,,False,False,no_detection,,,,,,,,,0,,,,,,,
phase5_v12_hardware_unknown_r01_20260929_184546_956,/home/robo25/Downloads/rokuga_phase5_v12_hardware_unknown_r01_20260929_184546_956.tar.xz::phase5_v12_hardware_unknown_r01_20260929_184546_956,820,27.333333333333332,,,0,,,,,,,,,,,,,,,,False,False,no_detection,,,,,,,,,0,,,,,,,
phase5_v12_hardware_unknown_r01_20260929_184546_956,/home/robo25/Downloads/rokuga_phase5_v12_hardware_unknown_r01_20260929_184546_956.tar.xz::phase5_v12_hardware_unknown_r01_20260929_184546_956,821,27.366666666666667,,,0,,,,,,,,,,,,,,,,False,False,no_detection,,,,,,,,,0,,,,,,,
phase5_v12_hardware_unknown_r01_20260929_184546_956,/home/robo25/Downloads/rokuga_phase5_v12_hardware_unknown_r01_20260929_184546_956.tar.xz::phase5_v12_hardware_unknown_r01_20260929_184546_956,822,27.4,,,0,,,,,,,,,,,,,,,,False,False,no_detection,,,,,,,,,0,,,,,,,
phase5_v12_hardware_unknown_r01_20260929_184546_956,/home/robo25/Downloads/rokuga_phase5_v12_hardware_unknown_r01_20260929_184546_956.tar.xz::phase5_v12_hardware_unknown_r01_20260929_184546_956,823,27.433333333333334,,,0,,,,,,,,,,,,,,,,False,False,no_detection,,,,,,,,,0,,,,,,,
phase5_v12_hardware_unknown_r01_20260929_184546_956,/home/robo25/Downloads/rokuga_phase5_v12_hardware_unknown_r01_20260929_184546_956.tar.xz::phase5_v12_hardware_unknown_r01_20260929_184546_956,824,27.466666666666665,,,0,,,,,,,,,,,,,,,,False,False,no_detection,,,,,,,,,0,,,,,,,
phase5_v12_hardware_unknown_r01_20260929_184546_956,/home/robo25/Downloads/rokuga_phase5_v12_hardware_unknown_r01_20260929_184546_956.tar.xz::phase5_v12_hardware_unknown_r01_20260929_184546_956,825,27.5,,,0,,,,,,,,,,,,,,,,False,False,no_detection,,,,,,,,,0,,,,,,,
phase5_v12_hardware_unknown_r01_20260929_184546_956,/home/robo25/Downloads/rokuga_phase5_v12_hardware_unknown_r01_20260929_184546_956.tar.xz::phase5_v12_hardware_unknown_r01_20260929_184546_956,826,27.533333333333335,,,0,,,,,,,,,,,,,,,,False,False,no_detection,,,,,,,,,0,,,,,,,
phase5_v12_hardware_unknown_r01_20260929_184546_956,/home/robo25/Downloads/rokuga_phase5_v12_hardware_unknown_r01_20260929_184546_956.tar.xz::phase5_v12_hardware_unknown_r01_20260929_184546_956,827,27.566666666666666,,,0,,,,,,,,,,,,,,,,False,False,no_detection,,,,,,,,,0,,,,,,,
phase5_v12_hardware_unknown_r01_20260929_184546_956,/home/robo25/Downloads/rokuga_phase5_v12_hardware_unknown_r01_20260929_184546_956.tar.xz::phase5_v12_hardware_unknown_r01_20260929_184546_956,828,27.6,,,0,,,,,,,,,,,,,,,,False,False,no_detection,,,,,,,,,0,,,,,,,
phase5_v12_hardware_unknown_r01_20260929_184546_956,/home/robo25/Downloads/rokuga_phase5_v12_hardware_unknown_r01_20260929_184546_956.tar.xz::phase5_v12_hardware_unknown_r01_20260929_184546_956,829,27.633333333333333,,,0,,,,,,,,,,,,,,,,False,False,no_detection,,,,,,,,,0,,,,,,,
phase5_v12_hardware_unknown_r01_20260929_184546_956,/home/robo25/Downloads/rokuga_phase5_v12_hardware_unknown_r01_20260929_184546_956.tar.xz::phase5_v12_hardware_unknown_r01_20260929_184546_956,830,27.666666666666668,,,0,,,,,,,,,,,,,,,,False,False,no_detection,,,,,,,,,0,,,,,,,
phase5_v12_hardware_unknown_r01_20260929_184546_956,/home/robo25/Downloads/rokuga_phase5_v12_hardware_unknown_r01_20260929_184546_956.tar.xz::phase5_v12_hardware_unknown_r01_20260929_184546_956,831,27.7,,,0,,,,,,,,,,,,,,,,False,False,no_detection,,,,,,,,,0,,,,,,,
phase5_v12_hardware_unknown_r01_20260929_184546_956,/home/robo25/Downloads/rokuga_phase5_v12_hardware_unknown_r01_20260929_184546_956.tar.xz::phase5_v12_hardware_unknown_r01_20260929_184546_956,832,27.733333333333334,,,0,,,,,,,,,,,,,,,,False,False,no_detection,,,,,,,,,0,,,,,,,
phase5_v12_hardware_unknown_r01_20260929_184546_956,/home/robo25/Downloads/rokuga_phase5_v12_hardware_unknown_r01_20260929_184546_956.tar.xz::phase5_v12_hardware_unknown_r01_20260929_184546_956,833,27.766666666666666,,,0,,,,,,,,,,,,,,,,False,False,no_detection,,,,,,,,,0,,,,,,,
phase5_v12_hardware_unknown_r01_20260929_184546_956,/home/robo25/Downloads/rokuga_phase5_v12_hardware_unknown_r01_20260929_184546_956.tar.xz::phase5_v12_hardware_unknown_r01_20260929_184546_956,834,27.8,,,1,334.0,405.0,0.10670152009921795,1.5325269716909389,1.5362370042905762,0.08743704042383874,1.5325269716909389,1.5350192686081434,323.5,7,12,51,0.23529411764705882,0.5285947712418301,0.7602820211515864,True,True,initialized,,,,,,,,,1,0,0.08743704110383987,1.532526969909668,1.5350192668684985,0.0,0.0,0.0
phase5_v12_hardware_unknown_r01_20260929_184546_956,/home/robo25/Downloads/rokuga_phase5_v12_hardware_unknown_r01_20260929_184546_956.tar.xz::phase5_v12_hardware_unknown_r01_20260929_184546_956,835,27.833333333333332,,,1,334.0,405.0,0.10670152009921795,1.5325269716909389,1.5362370042905762,0.08743704042383874,1.5325269716909389,1.5350192686081434,315.0,7,12,51,0.23529411764705882,0.5147058823529411,0.7904642409033877,True,True,accepted,0.08743704110383987,1.532526969909668,0.0,0.0,0.0020784721709787846,0.0,0.0020784721709787846,0.0,1,0,0.08743704110383987,1.532526969909668,1.5350192668684985,0.0,0.0,0.0
phase5_v12_hardware_unknown_r01_20260929_184546_956,/home/robo25/Downloads/rokuga_phase5_v12_hardware_unknown_r01_20260929_184546_956.tar.xz::phase5_v12_hardware_unknown_r01_20260929_184546_956,836,27.866666666666667,,,0,,,,,,,,,,,,,,,,False,False,no_detection,0.08743704110383987,1.532526969909668,,,,,,,1,1,0.08743704110383987,1.532526969909668,1.5350192668684985,0.0,0.0,0.03333333333333499
phase5_v12_hardware_unknown_r01_20260929_184546_956,/home/robo25/Downloads/rokuga_phase5_v12_hardware_unknown_r01_20260929_184546_956.tar.xz::phase5_v12_hardware_unknown_r01_20260929_184546_956,837,27.9,,,1,334.0,405.0,0.10670152009921795,1.5325269716909389,1.5362370042905762,0.08743704042383874,1.5325269716909389,1.5350192686081434,306.5,7,11,51,0.21568627450980393,0.5463458110516934,0.8129973474801061,True,True,accepted,0.08743704110383987,1.532526969909668,0.0,0.0,0.002873002551496029,0.0,0.002873002551496029,0.0,1,0,0.08743704110383987,1.532526969909668,1.5350192668684985,0.0,0.0,0.0
phase5_v12_hardware_unknown_r01_20260929_184546_956,/home/robo25/Downloads/rokuga_phase5_v12_hardware_unknown_r01_20260929_184546_956.tar.xz::phase5_v12_hardware_unknown_r01_20260929_184546_956,838,27.933333333333334,,,1,334.0,405.0,0.10670152009921795,1.5325269716909389,1.5362370042905762,0.08743704042383874,1.5325269716909389,1.5350192686081434,317.0,7,11,51,0.21568627450980393,0.5650623885918004,0.7875776397515528,True,True,accepted,0.08743704110383987,1.532526969909668,0.0,0.0,0.0020205513574182987,0.0,0.0020205513574182987,0.0,1,0,0.08743704110383987,1.532526969909668,1.5350192668684985,0.0,0.0,0.0
phase5_v12_hardware_unknown_r01_20260929_184546_956,/home/robo25/Downloads/rokuga_phase5_v12_hardware_unknown_r01_20260929_184546_956.tar.xz::phase5_v12_hardware_unknown_r01_20260929_184546_956,839,27.966666666666665,,,0,,,,,,,,,,,,,,,,False,False,no_detection,0.08743704110383987,1.532526969909668,,,,,,,1,1,0.08743704110383987,1.532526969909668,1.5350192668684985,0.0,0.0,0.03333333333333144
phase5_v12_hardware_unknown_r01_20260929_184546_956,/home/robo25/Downloads/rokuga_phase5_v12_hardware_unknown_r01_20260929_184546_956.tar.xz::phase5_v12_hardware_unknown_r01_20260929_184546_956,840,28.0,,,0,,,,,,,,,,,,,,,,False,False,no_detection,0.08743704110383987,1.532526969909668,,,,,,,1,1,0.08743704110383987,1.532526969909668,1.5350192668684985,0.0,0.0,0.06666666666666643
phase5_v12_hardware_unknown_r01_20260929_184546_956,/home/robo25/Downloads/rokuga_phase5_v12_hardware_unknown_r01_20260929_184546_956.tar.xz::phase5_v12_hardware_unknown_r01_20260929_184546_956,841,28.033333333333335,,,0,,,,,,,,,,,,,,,,False,False,no_detection,0.08743704110383987,1.532526969909668,,,,,,,1,1,0.08743704110383987,1.532526969909668,1.5350192668684985,0.0,0.0,0.10000000000000142
phase5_v12_hardware_unknown_r01_20260929_184546_956,/home/robo25/Downloads/rokuga_phase5_v12_hardware_unknown_r01_20260929_184546_956.tar.xz::phase5_v12_hardware_unknown_r01_20260929_184546_956,842,28.066666666666666,,,0,,,,,,,,,,,,,,,,False,False,no_detection,0.08743704110383987,1.532526969909668,,,,,,,1,1,0.08743704110383987,1.532526969909668,1.5350192668684985,0.0,0.0,0.13333333333333286
phase5_v12_hardware_unknown_r01_20260929_184546_956,/home/robo25/Downloads/rokuga_phase5_v12_hardware_unknown_r01_20260929_184546_956.tar.xz::phase5_v12_hardware_unknown_r01_20260929_184546_956,843,28.1,,,0,,,,,,,,,,,,,,,,False,False,no_detection,0.08743704110383987,1.532526969909668,,,,,,,1,1,0.08743704110383987,1.532526969909668,1.5350192668684985,0.0,0.0,0.16666666666666785
phase5_v12_hardware_unknown_r01_20260929_184546_956,/home/robo25/Downloads/rokuga_phase5_v12_hardware_unknown_r01_20260929_184546_956.tar.xz::phase5_v12_hardware_unknown_r01_20260929_184546_956,844,28.133333333333333,,,0,,,,,,,,,,,,,,,,False,False,no_detection,0.08743704110383987,1.532526969909668,,,,,,,1,1,0.08743704110383987,1.532526969909668,1.5350192668684985,0.0,0.0,0.1999999999999993
phase5_v12_hardware_unknown_r01_20260929_184546_956,/home/robo25/Downloads/rokuga_phase5_v12_hardware_unknown_r01_20260929_184546_956.tar.xz::phase5_v12_hardware_unknown_r01_20260929_184546_956,845,28.166666666666668,,,0,,,,,,,,,,,,,,,,False,False,no_detection,0.08743704110383987,1.532526969909668,,,,,,,1,1,0.08743704110383987,1.532526969909668,1.5350192668684985,0.0,0.0,0.23333333333333428
phase5_v12_hardware_unknown_r01_20260929_184546_956,/home/robo25/Downloads/rokuga_phase5_v12_hardware_unknown_r01_20260929_184546_956.tar.xz::phase5_v12_hardware_unknown_r01_20260929_184546_956,846,28.2,,,0,,,,,,,,,,,,,,,,False,False,track_expired,0.08743704110383987,1.532526969909668,,,,,,,0,,,,,,,
phase5_v12_hardware_unknown_r01_20260929_184546_956,/home/robo25/Downloads/rokuga_phase5_v12_hardware_unknown_r01_20260929_184546_956.tar.xz::phase5_v12_hardware_unknown_r01_20260929_184546_956,847,28.233333333333334,,,0,,,,,,,,,,,,,,,,False,False,no_detection,,,,,,,,,0,,,,,,,
phase5_v12_hardware_unknown_r01_20260929_184546_956,/home/robo25/Downloads/rokuga_phase5_v12_hardware_unknown_r01_20260929_184546_956.tar.xz::phase5_v12_hardware_unknown_r01_20260929_184546_956,848,28.266666666666666,,,0,,,,,,,,,,,,,,,,False,False,no_detection,,,,,,,,,0,,,,,,,
phase5_v12_hardware_unknown_r01_20260929_184546_956,/home/robo25/Downloads/rokuga_phase5_v12_hardware_unknown_r01_20260929_184546_956.tar.xz::phase5_v12_hardware_unknown_r01_20260929_184546_956,849,28.3,,,0,,,,,,,,,,,,,,,,False,False,no_detection,,,,,,,,,0,,,,,,,
phase5_v12_hardware_unknown_r01_20260929_184546_956,/home/robo25/Downloads/rokuga_phase5_v12_hardware_unknown_r01_20260929_184546_956.tar.xz::phase5_v12_hardware_unknown_r01_20260929_184546_956,850,28.333333333333332,,,0,,,,,,,,,,,,,,,,False,False,no_detection,,,,,,,,,0,,,,,,,
phase5_v12_hardware_unknown_r01_20260929_184546_956,/home/robo25/Downloads/rokuga_phase5_v12_hardware_unknown_r01_20260929_184546_956.tar.xz::phase5_v12_hardware_unknown_r01_20260929_184546_956,851,28.366666666666667,,,0,,,,,,,,,,,,,,,,False,False,no_detection,,,,,,,,,0,,,,,,,
phase5_v12_hardware_unknown_r01_20260929_184546_956,/home/robo25/Downloads/rokuga_phase5_v12_hardware_unknown_r01_20260929_184546_956.tar.xz::phase5_v12_hardware_unknown_r01_20260929_184546_956,852,28.4,,,0,,,,,,,,,,,,,,,,False,False,no_detection,,,,,,,,,0,,,,,,,
phase5_v12_hardware_unknown_r01_20260929_184546_956,/home/robo25/Downloads/rokuga_phase5_v12_hardware_unknown_r01_20260929_184546_956.tar.xz::phase5_v12_hardware_unknown_r01_20260929_184546_956,853,28.433333333333334,,,0,,,,,,,,,,,,,,,,False,False,no_detection,,,,,,,,,0,,,,,,,
phase5_v12_hardware_unknown_r01_20260929_184546_956,/home/robo25/Downloads/rokuga_phase5_v12_hardware_unknown_r01_20260929_184546_956.tar.xz::phase5_v12_hardware_unknown_r01_20260929_184546_956,854,28.466666666666665,,,0,,,,,,,,,,,,,,,,False,False,no_detection,,,,,,,,,0,,,,,,,
phase5_v12_hardware_unknown_r01_20260929_184546_956,/home/robo25/Downloads/rokuga_phase5_v12_hardware_unknown_r01_20260929_184546_956.tar.xz::phase5_v12_hardware_unknown_r01_20260929_184546_956,855,28.5,,,0,,,,,,,,,,,,,,,,False,False,no_detection,,,,,,,,,0,,,,,,,
phase5_v12_hardware_unknown_r01_20260929_184546_956,/home/robo25/Downloads/rokuga_phase5_v12_hardware_unknown_r01_20260929_184546_956.tar.xz::phase5_v12_hardware_unknown_r01_20260929_184546_956,856,28.533333333333335,,,0,,,,,,,,,,,,,,,,False,False,no_detection,,,,,,,,,0,,,,,,,
phase5_v12_hardware_unknown_r01_20260929_184546_956,/home/robo25/Downloads/rokuga_phase5_v12_hardware_unknown_r01_20260929_184546_956.tar.xz::phase5_v12_hardware_unknown_r01_20260929_184546_956,857,28.566666666666666,,,0,,,,,,,,,,,,,,,,False,False,no_detection,,,,,,,,,0,,,,,,,
phase5_v12_hardware_unknown_r01_20260929_184546_956,/home/robo25/Downloads/rokuga_phase5_v12_hardware_unknown_r01_20260929_184546_956.tar.xz::phase5_v12_hardware_unknown_r01_20260929_184546_956,858,28.6,,,0,,,,,,,,,,,,,,,,False,False,no_detection,,,,,,,,,0,,,,,,,
phase5_v12_hardware_unknown_r01_20260929_184546_956,/home/robo25/Downloads/rokuga_phase5_v12_hardware_unknown_r01_20260929_184546_956.tar.xz::phase5_v12_hardware_unknown_r01_20260929_184546_956,859,28.633333333333333,,,0,,,,,,,,,,,,,,,,False,False,no_detection,,,,,,,,,0,,,,,,,
phase5_v12_hardware_unknown_r01_20260929_184546_956,/home/robo25/Downloads/rokuga_phase5_v12_hardware_unknown_r01_20260929_184546_956.tar.xz::phase5_v12_hardware_unknown_r01_20260929_184546_956,860,28.666666666666668,,,0,,,,,,,,,,,,,,,,False,False,no_detection,,,,,,,,,0,,,,,,,
phase5_v12_hardware_unknown_r01_20260929_184546_956,/home/robo25/Downloads/rokuga_phase5_v12_hardware_unknown_r01_20260929_184546_956.tar.xz::phase5_v12_hardware_unknown_r01_20260929_184546_956,861,28.7,,,0,,,,,,,,,,,,,,,,False,False,no_detection,,,,,,,,,0,,,,,,,
phase5_v12_hardware_unknown_r01_20260929_184546_956,/home/robo25/Downloads/rokuga_phase5_v12_hardware_unknown_r01_20260929_184546_956.tar.xz::phase5_v12_hardware_unknown_r01_20260929_184546_956,862,28.733333333333334,,,0,,,,,,,,,,,,,,,,False,False,no_detection,,,,,,,,,0,,,,,,,
phase5_v12_hardware_unknown_r01_20260929_184546_956,/home/robo25/Downloads/rokuga_phase5_v12_hardware_unknown_r01_20260929_184546_956.tar.xz::phase5_v12_hardware_unknown_r01_20260929_184546_956,863,28.766666666666666,,,0,,,,,,,,,,,,,,,,False,False,no_detection,,,,,,,,,0,,,,,,,
phase5_v12_hardware_unknown_r01_20260929_184546_956,/home/robo25/Downloads/rokuga_phase5_v12_hardware_unknown_r01_20260929_184546_956.tar.xz::phase5_v12_hardware_unknown_r01_20260929_184546_956,864,28.8,,,0,,,,,,,,,,,,,,,,False,False,no_detection,,,,,,,,,0,,,,,,,
phase5_v12_hardware_unknown_r01_20260929_184546_956,/home/robo25/Downloads/rokuga_phase5_v12_hardware_unknown_r01_20260929_184546_956.tar.xz::phase5_v12_hardware_unknown_r01_20260929_184546_956,865,28.833333333333332,,,0,,,,,,,,,,,,,,,,False,False,no_detection,,,,,,,,,0,,,,,,,
phase5_v12_hardware_unknown_r01_20260929_184546_956,/home/robo25/Downloads/rokuga_phase5_v12_hardware_unknown_r01_20260929_184546_956.tar.xz::phase5_v12_hardware_unknown_r01_20260929_184546_956,866,28.866666666666667,,,0,,,,,,,,,,,,,,,,False,False,no_detection,,,,,,,,,0,,,,,,,
phase5_v12_hardware_unknown_r01_20260929_184546_956,/home/robo25/Downloads/rokuga_phase5_v12_hardware_unknown_r01_20260929_184546_956.tar.xz::phase5_v12_hardware_unknown_r01_20260929_184546_956,867,28.9,,,0,,,,,,,,,,,,,,,,False,False,no_detection,,,,,,,,,0,,,,,,,
phase5_v12_hardware_unknown_r01_20260929_184546_956,/home/robo25/Downloads/rokuga_phase5_v12_hardware_unknown_r01_20260929_184546_956.tar.xz::phase5_v12_hardware_unknown_r01_20260929_184546_956,868,28.933333333333334,,,0,,,,,,,,,,,,,,,,False,False,no_detection,,,,,,,,,0,,,,,,,
phase5_v12_hardware_unknown_r01_20260929_184546_956,/home/robo25/Downloads/rokuga_phase5_v12_hardware_unknown_r01_20260929_184546_956.tar.xz::phase5_v12_hardware_unknown_r01_20260929_184546_956,869,28.966666666666665,,,0,,,,,,,,,,,,,,,,False,False,no_detection,,,,,,,,,0,,,,,,,
phase5_v12_hardware_unknown_r01_20260929_184546_956,/home/robo25/Downloads/rokuga_phase5_v12_hardware_unknown_r01_20260929_184546_956.tar.xz::phase5_v12_hardware_unknown_r01_20260929_184546_956,870,29.0,,,0,,,,,,,,,,,,,,,,False,False,no_detection,,,,,,,,,0,,,,,,,
phase5_v12_hardware_unknown_r01_20260929_184546_956,/home/robo25/Downloads/rokuga_phase5_v12_hardware_unknown_r01_20260929_184546_956.tar.xz::phase5_v12_hardware_unknown_r01_20260929_184546_956,871,29.033333333333335,,,0,,,,,,,,,,,,,,,,False,False,no_detection,,,,,,,,,0,,,,,,,
phase5_v12_hardware_unknown_r01_20260929_184546_956,/home/robo25/Downloads/rokuga_phase5_v12_hardware_unknown_r01_20260929_184546_956.tar.xz::phase5_v12_hardware_unknown_r01_20260929_184546_956,872,29.066666666666666,,,0,,,,,,,,,,,,,,,,False,False,no_detection,,,,,,,,,0,,,,,,,
phase5_v12_hardware_unknown_r01_20260929_184546_956,/home/robo25/Downloads/rokuga_phase5_v12_hardware_unknown_r01_20260929_184546_956.tar.xz::phase5_v12_hardware_unknown_r01_20260929_184546_956,873,29.1,,,0,,,,,,,,,,,,,,,,False,False,no_detection,,,,,,,,,0,,,,,,,
phase5_v12_hardware_unknown_r01_20260929_184546_956,/home/robo25/Downloads/rokuga_phase5_v12_hardware_unknown_r01_20260929_184546_956.tar.xz::phase5_v12_hardware_unknown_r01_20260929_184546_956,874,29.133333333333333,,,1,334.0,405.0,0.10670152009921795,1.5325269716909389,1.5362370042905762,0.08743704042383874,1.5325269716909389,1.5350192686081434,313.5,7,12,50,0.24,0.5225,0.7527010804321729,True,True,initialized,,,,,,,,,1,0,0.08743704110383987,1.532526969909668,1.5350192668684985,0.0,0.0,0.0
phase5_v12_hardware_unknown_r01_20260929_184546_956,/home/robo25/Downloads/rokuga_phase5_v12_hardware_unknown_r01_20260929_184546_956.tar.xz::phase5_v12_hardware_unknown_r01_20260929_184546_956,875,29.166666666666668,,,1,333.5,406.5,0.09841915946020718,1.4919149263511224,1.4951576767746366,0.082403943107138,1.4919149263511224,1.494188929589856,313.0,8,12,52,0.23076923076923078,0.5016025641025641,0.7146118721461188,True,True,accepted,0.08743704110383987,1.532526969909668,-0.0050330981612205505,-0.040612101554870605,0.0020784721709787846,0.0,0.0020784721709787846,0.805724024772644,1,0,0.0845833271741867,1.5095003843307495,1.5118682976802365,-0.020280377939343452,-0.1636424958705902,0.0
phase5_v12_hardware_unknown_r01_20260929_184546_956,/home/robo25/Downloads/rokuga_phase5_v12_hardware_unknown_r01_20260929_184546_956.tar.xz::phase5_v12_hardware_unknown_r01_20260929_184546_956,876,29.2,,,0,,,,,,,,,,,,,,,,False,False,no_detection,0.08390731364488602,1.5040456056594849,,,,,,,1,1,0.08390731364488602,1.5040456056594849,1.5063842873538968,-0.020280377939343452,-0.1636424958705902,0.03333333333333144
phase5_v12_hardware_unknown_r01_20260929_184546_956,/home/robo25/Downloads/rokuga_phase5_v12_hardware_unknown_r01_20260929_184546_956.tar.xz::phase5_v12_hardware_unknown_r01_20260929_184546_956,877,29.233333333333334,,,1,334.0,407.0,0.10281549811468571,1.4812329214127455,1.4847969538389778,0.08507554861305405,1.4812329214127455,1.4836740937445625,310.0,7,12,53,0.22641509433962265,0.48742138364779874,0.7515151515151515,True,True,accepted,0.08323130011558533,1.4985908269882202,0.001844249665737152,-0.017357945442199707,0.002873002551496029,0.0,0.002873002551496029,0.10605612397193909,1,0,0.08449781686067581,1.4866704940795898,1.4890698569983452,-0.00848392304033041,-0.274669885635376,0.0
phase5_v12_hardware_unknown_r01_20260929_184546_956,/home/robo25/Downloads/rokuga_phase5_v12_hardware_unknown_r01_20260929_184546_956.tar.xz::phase5_v12_hardware_unknown_r01_20260929_184546_956,878,29.266666666666666,,,1,334.5,408.0,0.10342203304097945,1.4542386807336247,1.4579116082466053,0.08544413305933324,1.4542386807336247,1.4567466630873518,335.0,8,11,54,0.2037037037037037,0.563973063973064,0.7919621749408984,True,True,accepted,0.08421502262353897,1.4775148630142212,0.00122910737991333,-0.023276209831237793,0.0020205513574182987,0.0,0.0020205513574182987,0.2688833773136139,1,0,0.08489665389060974,1.4646064043045044,1.4670648797417214,-0.0028031577821820974,-0.3822493255138397,0.0
phase5_v12_hardware_unknown_r01_20260929_184546_956,/home/robo25/Downloads/rokuga_phase5_v12_hardware_unknown_r01_20260929_184546_956.tar.xz::phase5_v12_hardware_unknown_r01_20260929_184546_956,879,29.3,,,1,334.0,415.0,0.08791340654799602,1.3017322278593468,1.3046974975443664,0.07601971533718105,1.3017322278593468,1.3039500719611945,339.0,9,10,61,0.16393442622950818,0.5557377049180328,0.8061831153388823,True,True,accepted,0.08480321615934372,1.4518647193908691,-0.008783504366874695,-0.15013253688812256,0.0017499562818557024,0.0,0.0017499562818557024,12.92428207397461,1,0,0.08053705841302872,1.3789451122283936,1.381294986712252,-0.03485755994915962,-0.9301409721374512,0.0
phase5_v12_hardware_unknown_r01_20260929_184546_956,/home/robo25/Downloads/rokuga_phase5_v12_hardware_unknown_r01_20260929_184546_956.tar.xz::phase5_v12_hardware_unknown_r01_20260929_184546_956,880,29.333333333333332,,,1,334.0,407.0,0.10281549811468571,1.4812329214127455,1.4847969538389778,0.08507554861305405,1.4812329214127455,1.4836740937445625,311.5,7,11,53,0.20754716981132076,0.5343053173241853,0.7719950433705081,True,True,accepted,0.07937514036893845,1.347940444946289,0.005700409412384033,0.13329243659973145,0.0016065019881352782,0.0,0.0016065019881352782,11.079581260681152,1,0,0.081882044672966,1.4065593481063843,1.408940690371771,-0.017763422802090645,-0.530429482460022,0.0
phase5_v12_hardware_unknown_r01_20260929_184546_956,/home/robo25/Downloads/rokuga_phase5_v12_hardware_unknown_r01_20260929_184546_956.tar.xz::phase5_v12_hardware_unknown_r01_20260929_184546_956,881,29.366666666666667,,,0,,,,,,,,,,,,,,,,False,False,no_detection,0.08128993213176727,1.388878345489502,,,,,,,1,1,0.08128993213176727,1.388878345489502,1.3912552287900462,-0.017763422802090645,-0.530429482460022,0.03333333333333499
phase5_v12_hardware_unknown_r01_20260929_184546_956,/home/robo25/Downloads/rokuga_phase5_v12_hardware_unknown_r01_20260929_184546_956.tar.xz::phase5_v12_hardware_unknown_r01_20260929_184546_956,882,29.4,,,0,,,,,,,,,,,,,,,,False,False,no_detection,0.08069781959056854,1.3711973428726196,,,,,,,1,1,0.08069781959056854,1.3711973428726196,1.3735699076448946,-0.017763422802090645,-0.530429482460022,0.06666666666666643
phase5_v12_hardware_unknown_r01_20260929_184546_956,/home/robo25/Downloads/rokuga_phase5_v12_hardware_unknown_r01_20260929_184546_956.tar.xz::phase5_v12_hardware_unknown_r01_20260929_184546_956,883,29.433333333333334,,,0,,,,,,,,,,,,,,,,False,False,no_detection,0.08010570704936981,1.3535163402557373,,,,,,,1,1,0.08010570704936981,1.3535163402557373,1.3558847324316194,-0.017763422802090645,-0.530429482460022,0.10000000000000142
phase5_v12_hardware_unknown_r01_20260929_184546_956,/home/robo25/Downloads/rokuga_phase5_v12_hardware_unknown_r01_20260929_184546_956.tar.xz::phase5_v12_hardware_unknown_r01_20260929_184546_956,884,29.466666666666665,,,0,,,,,,,,,,,,,,,,False,False,no_detection,0.07951359450817108,1.335835337638855,,,,,,,1,1,0.07951359450817108,1.335835337638855,1.3381997089359732,-0.017763422802090645,-0.530429482460022,0.13333333333333286
phase5_v12_hardware_unknown_r01_20260929_184546_956,/home/robo25/Downloads/rokuga_phase5_v12_hardware_unknown_r01_20260929_184546_956.tar.xz::phase5_v12_hardware_unknown_r01_20260929_184546_956,885,29.5,,,0,,,,,,,,,,,,,,,,False,False,no_detection,0.07892148196697235,1.3181543350219727,,,,,,,1,1,0.07892148196697235,1.3181543350219727,1.320514843253601,-0.017763422802090645,-0.530429482460022,0.16666666666666785
phase5_v12_hardware_unknown_r01_20260929_184546_956,/home/robo25/Downloads/rokuga_phase5_v12_hardware_unknown_r01_20260929_184546_956.tar.xz::phase5_v12_hardware_unknown_r01_20260929_184546_956,886,29.533333333333335,,,0,,,,,,,,,,,,,,,,False,False,no_detection,0.07832936942577362,1.3004733324050903,,,,,,,1,1,0.07832936942577362,1.3004733324050903,1.302830141811065,-0.017763422802090645,-0.530429482460022,0.20000000000000284
phase5_v12_hardware_unknown_r01_20260929_184546_956,/home/robo25/Downloads/rokuga_phase5_v12_hardware_unknown_r01_20260929_184546_956.tar.xz::phase5_v12_hardware_unknown_r01_20260929_184546_956,887,29.566666666666666,,,0,,,,,,,,,,,,,,,,False,False,no_detection,0.07773725688457489,1.282792329788208,,,,,,,1,1,0.07773725688457489,1.282792329788208,1.2851456113886073,-0.017763422802090645,-0.530429482460022,0.23333333333333428
phase5_v12_hardware_unknown_r01_20260929_184546_956,/home/robo25/Downloads/rokuga_phase5_v12_hardware_unknown_r01_20260929_184546_956.tar.xz::phase5_v12_hardware_unknown_r01_20260929_184546_956,888,29.6,,,0,,,,,,,,,,,,,,,,False,False,track_expired,0.07714514434337616,1.2651113271713257,,,,,,,0,,,,,,,
phase5_v12_hardware_unknown_r01_20260929_184546_956,/home/robo25/Downloads/rokuga_phase5_v12_hardware_unknown_r01_20260929_184546_956.tar.xz::phase5_v12_hardware_unknown_r01_20260929_184546_956,889,29.633333333333333,,,0,,,,,,,,,,,,,,,,False,False,no_detection,,,,,,,,,0,,,,,,,
phase5_v12_hardware_unknown_r01_20260929_184546_956,/home/robo25/Downloads/rokuga_phase5_v12_hardware_unknown_r01_20260929_184546_956.tar.xz::phase5_v12_hardware_unknown_r01_20260929_184546_956,890,29.666666666666668,,,0,,,,,,,,,,,,,,,,False,False,no_detection,,,,,,,,,0,,,,,,,
phase5_v12_hardware_unknown_r01_20260929_184546_956,/home/robo25/Downloads/rokuga_phase5_v12_hardware_unknown_r01_20260929_184546_956.tar.xz::phase5_v12_hardware_unknown_r01_20260929_184546_956,891,29.7,,,0,,,,,,,,,,,,,,,,False,False,no_detection,,,,,,,,,0,,,,,,,
phase5_v12_hardware_unknown_r01_20260929_184546_956,/home/robo25/Downloads/rokuga_phase5_v12_hardware_unknown_r01_20260929_184546_956.tar.xz::phase5_v12_hardware_unknown_r01_20260929_184546_956,892,29.733333333333334,,,0,,,,,,,,,,,,,,,,False,False,no_detection,,,,,,,,,0,,,,,,,
phase5_v12_hardware_unknown_r01_20260929_184546_956,/home/robo25/Downloads/rokuga_phase5_v12_hardware_unknown_r01_20260929_184546_956.tar.xz::phase5_v12_hardware_unknown_r01_20260929_184546_956,893,29.766666666666666,,,0,,,,,,,,,,,,,,,,False,False,no_detection,,,,,,,,,0,,,,,,,
phase5_v12_hardware_unknown_r01_20260929_184546_956,/home/robo25/Downloads/rokuga_phase5_v12_hardware_unknown_r01_20260929_184546_956.tar.xz::phase5_v12_hardware_unknown_r01_20260929_184546_956,894,29.8,,,0,,,,,,,,,,,,,,,,False,False,no_detection,,,,,,,,,0,,,,,,,
phase5_v12_hardware_unknown_r01_20260929_184546_956,/home/robo25/Downloads/rokuga_phase5_v12_hardware_unknown_r01_20260929_184546_956.tar.xz::phase5_v12_hardware_unknown_r01_20260929_184546_956,895,29.833333333333332,,,0,,,,,,,,,,,,,,,,False,False,no_detection,,,,,,,,,0,,,,,,,
phase5_v12_hardware_unknown_r01_20260929_184546_956,/home/robo25/Downloads/rokuga_phase5_v12_hardware_unknown_r01_20260929_184546_956.tar.xz::phase5_v12_hardware_unknown_r01_20260929_184546_956,896,29.866666666666667,,,0,,,,,,,,,,,,,,,,False,False,no_detection,,,,,,,,,0,,,,,,,
phase5_v12_hardware_unknown_r01_20260929_184546_956,/home/robo25/Downloads/rokuga_phase5_v12_hardware_unknown_r01_20260929_184546_956.tar.xz::phase5_v12_hardware_unknown_r01_20260929_184546_956,897,29.9,,,0,,,,,,,,,,,,,,,,False,False,no_detection,,,,,,,,,0,,,,,,,
phase5_v12_hardware_unknown_r01_20260929_184546_956,/home/robo25/Downloads/rokuga_phase5_v12_hardware_unknown_r01_20260929_184546_956.tar.xz::phase5_v12_hardware_unknown_r01_20260929_184546_956,898,29.933333333333334,,,0,,,,,,,,,,,,,,,,False,False,no_detection,,,,,,,,,0,,,,,,,
phase5_v12_hardware_unknown_r01_20260929_184546_956,/home/robo25/Downloads/rokuga_phase5_v12_hardware_unknown_r01_20260929_184546_956.tar.xz::phase5_v12_hardware_unknown_r01_20260929_184546_956,899,29.966666666666665,,,0,,,,,,,,,,,,,,,,False,False,no_detection,,,,,,,,,0,,,,,,,
phase5_v12_hardware_unknown_r01_20260929_184546_956,/home/robo25/Downloads/rokuga_phase5_v12_hardware_unknown_r01_20260929_184546_956.tar.xz::phase5_v12_hardware_unknown_r01_20260929_184546_956,900,30.0,,,0,,,,,,,,,,,,,,,,False,False,no_detection,,,,,,,,,0,,,,,,,
phase5_v12_hardware_unknown_r01_20260929_184546_956,/home/robo25/Downloads/rokuga_phase5_v12_hardware_unknown_r01_20260929_184546_956.tar.xz::phase5_v12_hardware_unknown_r01_20260929_184546_956,901,30.033333333333335,,,0,,,,,,,,,,,,,,,,False,False,no_detection,,,,,,,,,0,,,,,,,
phase5_v12_hardware_unknown_r01_20260929_184546_956,/home/robo25/Downloads/rokuga_phase5_v12_hardware_unknown_r01_20260929_184546_956.tar.xz::phase5_v12_hardware_unknown_r01_20260929_184546_956,902,30.066666666666666,,,0,,,,,,,,,,,,,,,,False,False,no_detection,,,,,,,,,0,,,,,,,
phase5_v12_hardware_unknown_r01_20260929_184546_956,/home/robo25/Downloads/rokuga_phase5_v12_hardware_unknown_r01_20260929_184546_956.tar.xz::phase5_v12_hardware_unknown_r01_20260929_184546_956,903,30.1,,,0,,,,,,,,,,,,,,,,False,False,no_detection,,,,,,,,,0,,,,,,,
phase5_v12_hardware_unknown_r01_20260929_184546_956,/home/robo25/Downloads/rokuga_phase5_v12_hardware_unknown_r01_20260929_184546_956.tar.xz::phase5_v12_hardware_unknown_r01_20260929_184546_956,904,30.133333333333333,,,0,,,,,,,,,,,,,,,,False,False,no_detection,,,,,,,,,0,,,,,,,
phase5_v12_hardware_unknown_r01_20260929_184546_956,/home/robo25/Downloads/rokuga_phase5_v12_hardware_unknown_r01_20260929_184546_956.tar.xz::phase5_v12_hardware_unknown_r01_20260929_184546_956,905,30.166666666666668,,,0,,,,,,,,,,,,,,,,False,False,no_detection,,,,,,,,,0,,,,,,,
phase5_v12_hardware_unknown_r01_20260929_184546_956,/home/robo25/Downloads/rokuga_phase5_v12_hardware_unknown_r01_20260929_184546_956.tar.xz::phase5_v12_hardware_unknown_r01_20260929_184546_956,906,30.2,,,0,,,,,,,,,,,,,,,,False,False,no_detection,,,,,,,,,0,,,,,,,
phase5_v12_hardware_unknown_r01_20260929_184546_956,/home/robo25/Downloads/rokuga_phase5_v12_hardware_unknown_r01_20260929_184546_956.tar.xz::phase5_v12_hardware_unknown_r01_20260929_184546_956,907,30.233333333333334,,,0,,,,,,,,,,,,,,,,False,False,no_detection,,,,,,,,,0,,,,,,,
phase5_v12_hardware_unknown_r01_20260929_184546_956,/home/robo25/Downloads/rokuga_phase5_v12_hardware_unknown_r01_20260929_184546_956.tar.xz::phase5_v12_hardware_unknown_r01_20260929_184546_956,908,30.266666666666666,,,0,,,,,,,,,,,,,,,,False,False,no_detection,,,,,,,,,0,,,,,,,
phase5_v12_hardware_unknown_r01_20260929_184546_956,/home/robo25/Downloads/rokuga_phase5_v12_hardware_unknown_r01_20260929_184546_956.tar.xz::phase5_v12_hardware_unknown_r01_20260929_184546_956,909,30.3,,,0,,,,,,,,,,,,,,,,False,False,no_detection,,,,,,,,,0,,,,,,,
phase5_v12_hardware_unknown_r01_20260929_184546_956,/home/robo25/Downloads/rokuga_phase5_v12_hardware_unknown_r01_20260929_184546_956.tar.xz::phase5_v12_hardware_unknown_r01_20260929_184546_956,910,30.333333333333332,,,0,,,,,,,,,,,,,,,,False,False,no_detection,,,,,,,,,0,,,,,,,
phase5_v12_hardware_unknown_r01_20260929_184546_956,/home/robo25/Downloads/rokuga_phase5_v12_hardware_unknown_r01_20260929_184546_956.tar.xz::phase5_v12_hardware_unknown_r01_20260929_184546_956,911,30.366666666666667,,,0,,,,,,,,,,,,,,,,False,False,no_detection,,,,,,,,,0,,,,,,,
phase5_v12_hardware_unknown_r01_20260929_184546_956,/home/robo25/Downloads/rokuga_phase5_v12_hardware_unknown_r01_20260929_184546_956.tar.xz::phase5_v12_hardware_unknown_r01_20260929_184546_956,912,30.4,,,0,,,,,,,,,,,,,,,,False,False,no_detection,,,,,,,,,0,,,,,,,
phase5_v12_hardware_unknown_r01_20260929_184546_956,/home/robo25/Downloads/rokuga_phase5_v12_hardware_unknown_r01_20260929_184546_956.tar.xz::phase5_v12_hardware_unknown_r01_20260929_184546_956,913,30.433333333333334,,,0,,,,,,,,,,,,,,,,False,False,no_detection,,,,,,,,,0,,,,,,,
phase5_v12_hardware_unknown_r01_20260929_184546_956,/home/robo25/Downloads/rokuga_phase5_v12_hardware_unknown_r01_20260929_184546_956.tar.xz::phase5_v12_hardware_unknown_r01_20260929_184546_956,914,30.466666666666665,,,0,,,,,,,,,,,,,,,,False,False,no_detection,,,,,,,,,0,,,,,,,
phase5_v12_hardware_unknown_r01_20260929_184546_956,/home/robo25/Downloads/rokuga_phase5_v12_hardware_unknown_r01_20260929_184546_956.tar.xz::phase5_v12_hardware_unknown_r01_20260929_184546_956,915,30.5,,,0,,,,,,,,,,,,,,,,False,False,no_detection,,,,,,,,,0,,,,,,,
phase5_v12_hardware_unknown_r01_20260929_184546_956,/home/robo25/Downloads/rokuga_phase5_v12_hardware_unknown_r01_20260929_184546_956.tar.xz::phase5_v12_hardware_unknown_r01_20260929_184546_956,916,30.533333333333335,,,0,,,,,,,,,,,,,,,,False,False,no_detection,,,,,,,,,0,,,,,,,
phase5_v12_hardware_unknown_r01_20260929_184546_956,/home/robo25/Downloads/rokuga_phase5_v12_hardware_unknown_r01_20260929_184546_956.tar.xz::phase5_v12_hardware_unknown_r01_20260929_184546_956,917,30.566666666666666,,,0,,,,,,,,,,,,,,,,False,False,no_detection,,,,,,,,,0,,,,,,,
phase5_v12_hardware_unknown_r01_20260929_184546_956,/home/robo25/Downloads/rokuga_phase5_v12_hardware_unknown_r01_20260929_184546_956.tar.xz::phase5_v12_hardware_unknown_r01_20260929_184546_956,918,30.6,,,0,,,,,,,,,,,,,,,,False,False,no_detection,,,,,,,,,0,,,,,,,
phase5_v12_hardware_unknown_r01_20260929_184546_956,/home/robo25/Downloads/rokuga_phase5_v12_hardware_unknown_r01_20260929_184546_956.tar.xz::phase5_v12_hardware_unknown_r01_20260929_184546_956,919,30.633333333333333,,,0,,,,,,,,,,,,,,,,False,False,no_detection,,,,,,,,,0,,,,,,,
phase5_v12_hardware_unknown_r01_20260929_184546_956,/home/robo25/Downloads/rokuga_phase5_v12_hardware_unknown_r01_20260929_184546_956.tar.xz::phase5_v12_hardware_unknown_r01_20260929_184546_956,920,30.666666666666668,,,0,,,,,,,,,,,,,,,,False,False,no_detection,,,,,,,,,0,,,,,,,
phase5_v12_hardware_unknown_r01_20260929_184546_956,/home/robo25/Downloads/rokuga_phase5_v12_hardware_unknown_r01_20260929_184546_956.tar.xz::phase5_v12_hardware_unknown_r01_20260929_184546_956,921,30.7,,,0,,,,,,,,,,,,,,,,False,False,no_detection,,,,,,,,,0,,,,,,,
phase5_v12_hardware_unknown_r01_20260929_184546_956,/home/robo25/Downloads/rokuga_phase5_v12_hardware_unknown_r01_20260929_184546_956.tar.xz::phase5_v12_hardware_unknown_r01_20260929_184546_956,922,30.733333333333334,,,0,,,,,,,,,,,,,,,,False,False,no_detection,,,,,,,,,0,,,,,,,
phase5_v12_hardware_unknown_r01_20260929_184546_956,/home/robo25/Downloads/rokuga_phase5_v12_hardware_unknown_r01_20260929_184546_956.tar.xz::phase5_v12_hardware_unknown_r01_20260929_184546_956,923,30.766666666666666,,,0,,,,,,,,,,,,,,,,False,False,no_detection,,,,,,,,,0,,,,,,,
phase5_v12_hardware_unknown_r01_20260929_184546_956,/home/robo25/Downloads/rokuga_phase5_v12_hardware_unknown_r01_20260929_184546_956.tar.xz::phase5_v12_hardware_unknown_r01_20260929_184546_956,924,30.8,,,0,,,,,,,,,,,,,,,,False,False,no_detection,,,,,,,,,0,,,,,,,
phase5_v12_hardware_unknown_r01_20260929_184546_956,/home/robo25/Downloads/rokuga_phase5_v12_hardware_unknown_r01_20260929_184546_956.tar.xz::phase5_v12_hardware_unknown_r01_20260929_184546_956,925,30.833333333333332,,,0,,,,,,,,,,,,,,,,False,False,no_detection,,,,,,,,,0,,,,,,,
phase5_v12_hardware_unknown_r01_20260929_184546_956,/home/robo25/Downloads/rokuga_phase5_v12_hardware_unknown_r01_20260929_184546_956.tar.xz::phase5_v12_hardware_unknown_r01_20260929_184546_956,926,30.866666666666667,,,0,,,,,,,,,,,,,,,,False,False,no_detection,,,,,,,,,0,,,,,,,
phase5_v12_hardware_unknown_r01_20260929_184546_956,/home/robo25/Downloads/rokuga_phase5_v12_hardware_unknown_r01_20260929_184546_956.tar.xz::phase5_v12_hardware_unknown_r01_20260929_184546_956,927,30.9,,,0,,,,,,,,,,,,,,,,False,False,no_detection,,,,,,,,,0,,,,,,,
phase5_v12_hardware_unknown_r01_20260929_184546_956,/home/robo25/Downloads/rokuga_phase5_v12_hardware_unknown_r01_20260929_184546_956.tar.xz::phase5_v12_hardware_unknown_r01_20260929_184546_956,928,30.933333333333334,,,0,,,,,,,,,,,,,,,,False,False,no_detection,,,,,,,,,0,,,,,,,
phase5_v12_hardware_unknown_r01_20260929_184546_956,/home/robo25/Downloads/rokuga_phase5_v12_hardware_unknown_r01_20260929_184546_956.tar.xz::phase5_v12_hardware_unknown_r01_20260929_184546_956,929,30.966666666666665,,,0,,,,,,,,,,,,,,,,False,False,no_detection,,,,,,,,,0,,,,,,,
phase5_v12_hardware_unknown_r01_20260929_184546_956,/home/robo25/Downloads/rokuga_phase5_v12_hardware_unknown_r01_20260929_184546_956.tar.xz::phase5_v12_hardware_unknown_r01_20260929_184546_956,930,31.0,,,0,,,,,,,,,,,,,,,,False,False,no_detection,,,,,,,,,0,,,,,,,
phase5_v12_hardware_unknown_r01_20260929_184546_956,/home/robo25/Downloads/rokuga_phase5_v12_hardware_unknown_r01_20260929_184546_956.tar.xz::phase5_v12_hardware_unknown_r01_20260929_184546_956,931,31.033333333333335,,,0,,,,,,,,,,,,,,,,False,False,no_detection,,,,,,,,,0,,,,,,,
phase5_v12_hardware_unknown_r01_20260929_184546_956,/home/robo25/Downloads/rokuga_phase5_v12_hardware_unknown_r01_20260929_184546_956.tar.xz::phase5_v12_hardware_unknown_r01_20260929_184546_956,932,31.066666666666666,,,0,,,,,,,,,,,,,,,,False,False,no_detection,,,,,,,,,0,,,,,,,
phase5_v12_hardware_unknown_r01_20260929_184546_956,/home/robo25/Downloads/rokuga_phase5_v12_hardware_unknown_r01_20260929_184546_956.tar.xz::phase5_v12_hardware_unknown_r01_20260929_184546_956,933,31.1,,,0,,,,,,,,,,,,,,,,False,False,no_detection,,,,,,,,,0,,,,,,,
phase5_v12_hardware_unknown_r01_20260929_184546_956,/home/robo25/Downloads/rokuga_phase5_v12_hardware_unknown_r01_20260929_184546_956.tar.xz::phase5_v12_hardware_unknown_r01_20260929_184546_956,934,31.133333333333333,,,0,,,,,,,,,,,,,,,,False,False,no_detection,,,,,,,,,0,,,,,,,
phase5_v12_hardware_unknown_r01_20260929_184546_956,/home/robo25/Downloads/rokuga_phase5_v12_hardware_unknown_r01_20260929_184546_956.tar.xz::phase5_v12_hardware_unknown_r01_20260929_184546_956,935,31.166666666666668,,,0,,,,,,,,,,,,,,,,False,False,no_detection,,,,,,,,,0,,,,,,,
phase5_v12_hardware_unknown_r01_20260929_184546_956,/home/robo25/Downloads/rokuga_phase5_v12_hardware_unknown_r01_20260929_184546_956.tar.xz::phase5_v12_hardware_unknown_r01_20260929_184546_956,936,31.2,,,0,,,,,,,,,,,,,,,,False,False,no_detection,,,,,,,,,0,,,,,,,
phase5_v12_hardware_unknown_r01_20260929_184546_956,/home/robo25/Downloads/rokuga_phase5_v12_hardware_unknown_r01_20260929_184546_956.tar.xz::phase5_v12_hardware_unknown_r01_20260929_184546_956,937,31.233333333333334,,,0,,,,,,,,,,,,,,,,False,False,no_detection,,,,,,,,,0,,,,,,,
phase5_v12_hardware_unknown_r01_20260929_184546_956,/home/robo25/Downloads/rokuga_phase5_v12_hardware_unknown_r01_20260929_184546_956.tar.xz::phase5_v12_hardware_unknown_r01_20260929_184546_956,938,31.266666666666666,,,0,,,,,,,,,,,,,,,,False,False,no_detection,,,,,,,,,0,,,,,,,
phase5_v12_hardware_unknown_r01_20260929_184546_956,/home/robo25/Downloads/rokuga_phase5_v12_hardware_unknown_r01_20260929_184546_956.tar.xz::phase5_v12_hardware_unknown_r01_20260929_184546_956,939,31.3,,,0,,,,,,,,,,,,,,,,False,False,no_detection,,,,,,,,,0,,,,,,,
phase5_v12_hardware_unknown_r01_20260929_184546_956,/home/robo25/Downloads/rokuga_phase5_v12_hardware_unknown_r01_20260929_184546_956.tar.xz::phase5_v12_hardware_unknown_r01_20260929_184546_956,940,31.333333333333332,,,0,,,,,,,,,,,,,,,,False,False,no_detection,,,,,,,,,0,,,,,,,
phase5_v12_hardware_unknown_r01_20260929_184546_956,/home/robo25/Downloads/rokuga_phase5_v12_hardware_unknown_r01_20260929_184546_956.tar.xz::phase5_v12_hardware_unknown_r01_20260929_184546_956,941,31.366666666666667,,,0,,,,,,,,,,,,,,,,False,False,no_detection,,,,,,,,,0,,,,,,,
phase5_v12_hardware_unknown_r01_20260929_184546_956,/home/robo25/Downloads/rokuga_phase5_v12_hardware_unknown_r01_20260929_184546_956.tar.xz::phase5_v12_hardware_unknown_r01_20260929_184546_956,942,31.4,,,0,,,,,,,,,,,,,,,,False,False,no_detection,,,,,,,,,0,,,,,,,
phase5_v12_hardware_unknown_r01_20260929_184546_956,/home/robo25/Downloads/rokuga_phase5_v12_hardware_unknown_r01_20260929_184546_956.tar.xz::phase5_v12_hardware_unknown_r01_20260929_184546_956,943,31.433333333333334,,,0,,,,,,,,,,,,,,,,False,False,no_detection,,,,,,,,,0,,,,,,,
phase5_v12_hardware_unknown_r01_20260929_184546_956,/home/robo25/Downloads/rokuga_phase5_v12_hardware_unknown_r01_20260929_184546_956.tar.xz::phase5_v12_hardware_unknown_r01_20260929_184546_956,944,31.466666666666665,,,0,,,,,,,,,,,,,,,,False,False,no_detection,,,,,,,,,0,,,,,,,
phase5_v12_hardware_unknown_r01_20260929_184546_956,/home/robo25/Downloads/rokuga_phase5_v12_hardware_unknown_r01_20260929_184546_956.tar.xz::phase5_v12_hardware_unknown_r01_20260929_184546_956,945,31.5,,,0,,,,,,,,,,,,,,,,False,False,no_detection,,,,,,,,,0,,,,,,,
phase5_v12_hardware_unknown_r01_20260929_184546_956,/home/robo25/Downloads/rokuga_phase5_v12_hardware_unknown_r01_20260929_184546_956.tar.xz::phase5_v12_hardware_unknown_r01_20260929_184546_956,946,31.533333333333335,,,0,,,,,,,,,,,,,,,,False,False,no_detection,,,,,,,,,0,,,,,,,
phase5_v12_hardware_unknown_r01_20260929_184546_956,/home/robo25/Downloads/rokuga_phase5_v12_hardware_unknown_r01_20260929_184546_956.tar.xz::phase5_v12_hardware_unknown_r01_20260929_184546_956,947,31.566666666666666,,,0,,,,,,,,,,,,,,,,False,False,no_detection,,,,,,,,,0,,,,,,,
phase5_v12_hardware_unknown_r01_20260929_184546_956,/home/robo25/Downloads/rokuga_phase5_v12_hardware_unknown_r01_20260929_184546_956.tar.xz::phase5_v12_hardware_unknown_r01_20260929_184546_956,948,31.6,,,0,,,,,,,,,,,,,,,,False,False,no_detection,,,,,,,,,0,,,,,,,
phase5_v12_hardware_unknown_r01_20260929_184546_956,/home/robo25/Downloads/rokuga_phase5_v12_hardware_unknown_r01_20260929_184546_956.tar.xz::phase5_v12_hardware_unknown_r01_20260929_184546_956,949,31.633333333333333,,,0,,,,,,,,,,,,,,,,False,False,no_detection,,,,,,,,,0,,,,,,,
phase5_v12_hardware_unknown_r01_20260929_184546_956,/home/robo25/Downloads/rokuga_phase5_v12_hardware_unknown_r01_20260929_184546_956.tar.xz::phase5_v12_hardware_unknown_r01_20260929_184546_956,950,31.666666666666668,,,0,,,,,,,,,,,,,,,,False,False,no_detection,,,,,,,,,0,,,,,,,
phase5_v12_hardware_unknown_r01_20260929_184546_956,/home/robo25/Downloads/rokuga_phase5_v12_hardware_unknown_r01_20260929_184546_956.tar.xz::phase5_v12_hardware_unknown_r01_20260929_184546_956,951,31.7,,,0,,,,,,,,,,,,,,,,False,False,no_detection,,,,,,,,,0,,,,,,,
phase5_v12_hardware_unknown_r01_20260929_184546_956,/home/robo25/Downloads/rokuga_phase5_v12_hardware_unknown_r01_20260929_184546_956.tar.xz::phase5_v12_hardware_unknown_r01_20260929_184546_956,952,31.733333333333334,,,0,,,,,,,,,,,,,,,,False,False,no_detection,,,,,,,,,0,,,,,,,
phase5_v12_hardware_unknown_r01_20260929_184546_956,/home/robo25/Downloads/rokuga_phase5_v12_hardware_unknown_r01_20260929_184546_956.tar.xz::phase5_v12_hardware_unknown_r01_20260929_184546_956,953,31.766666666666666,,,0,,,,,,,,,,,,,,,,False,False,no_detection,,,,,,,,,0,,,,,,,
phase5_v12_hardware_unknown_r01_20260929_184546_956,/home/robo25/Downloads/rokuga_phase5_v12_hardware_unknown_r01_20260929_184546_956.tar.xz::phase5_v12_hardware_unknown_r01_20260929_184546_956,954,31.8,,,0,,,,,,,,,,,,,,,,False,False,no_detection,,,,,,,,,0,,,,,,,
phase5_v12_hardware_unknown_r01_20260929_184546_956,/home/robo25/Downloads/rokuga_phase5_v12_hardware_unknown_r01_20260929_184546_956.tar.xz::phase5_v12_hardware_unknown_r01_20260929_184546_956,955,31.833333333333332,,,0,,,,,,,,,,,,,,,,False,False,no_detection,,,,,,,,,0,,,,,,,
phase5_v12_hardware_unknown_r01_20260929_184546_956,/home/robo25/Downloads/rokuga_phase5_v12_hardware_unknown_r01_20260929_184546_956.tar.xz::phase5_v12_hardware_unknown_r01_20260929_184546_956,956,31.866666666666667,,,0,,,,,,,,,,,,,,,,False,False,no_detection,,,,,,,,,0,,,,,,,
phase5_v12_hardware_unknown_r01_20260929_184546_956,/home/robo25/Downloads/rokuga_phase5_v12_hardware_unknown_r01_20260929_184546_956.tar.xz::phase5_v12_hardware_unknown_r01_20260929_184546_956,957,31.9,,,0,,,,,,,,,,,,,,,,False,False,no_detection,,,,,,,,,0,,,,,,,
phase5_v12_hardware_unknown_r01_20260929_184546_956,/home/robo25/Downloads/rokuga_phase5_v12_hardware_unknown_r01_20260929_184546_956.tar.xz::phase5_v12_hardware_unknown_r01_20260929_184546_956,958,31.933333333333334,,,0,,,,,,,,,,,,,,,,False,False,no_detection,,,,,,,,,0,,,,,,,
phase5_v12_hardware_unknown_r01_20260929_184546_956,/home/robo25/Downloads/rokuga_phase5_v12_hardware_unknown_r01_20260929_184546_956.tar.xz::phase5_v12_hardware_unknown_r01_20260929_184546_956,959,31.966666666666665,,,0,,,,,,,,,,,,,,,,False,False,no_detection,,,,,,,,,0,,,,,,,
phase5_v12_hardware_unknown_r01_20260929_184546_956,/home/robo25/Downloads/rokuga_phase5_v12_hardware_unknown_r01_20260929_184546_956.tar.xz::phase5_v12_hardware_unknown_r01_20260929_184546_956,960,32.0,,,0,,,,,,,,,,,,,,,,False,False,no_detection,,,,,,,,,0,,,,,,,
phase5_v12_hardware_unknown_r01_20260929_184546_956,/home/robo25/Downloads/rokuga_phase5_v12_hardware_unknown_r01_20260929_184546_956.tar.xz::phase5_v12_hardware_unknown_r01_20260929_184546_956,961,32.03333333333333,,,0,,,,,,,,,,,,,,,,False,False,no_detection,,,,,,,,,0,,,,,,,
phase5_v12_hardware_unknown_r01_20260929_184546_956,/home/robo25/Downloads/rokuga_phase5_v12_hardware_unknown_r01_20260929_184546_956.tar.xz::phase5_v12_hardware_unknown_r01_20260929_184546_956,962,32.06666666666667,,,0,,,,,,,,,,,,,,,,False,False,no_detection,,,,,,,,,0,,,,,,,
phase5_v12_hardware_unknown_r01_20260929_184546_956,/home/robo25/Downloads/rokuga_phase5_v12_hardware_unknown_r01_20260929_184546_956.tar.xz::phase5_v12_hardware_unknown_r01_20260929_184546_956,963,32.1,,,0,,,,,,,,,,,,,,,,False,False,no_detection,,,,,,,,,0,,,,,,,
phase5_v12_hardware_unknown_r01_20260929_184546_956,/home/robo25/Downloads/rokuga_phase5_v12_hardware_unknown_r01_20260929_184546_956.tar.xz::phase5_v12_hardware_unknown_r01_20260929_184546_956,964,32.13333333333333,,,0,,,,,,,,,,,,,,,,False,False,no_detection,,,,,,,,,0,,,,,,,
phase5_v12_hardware_unknown_r01_20260929_184546_956,/home/robo25/Downloads/rokuga_phase5_v12_hardware_unknown_r01_20260929_184546_956.tar.xz::phase5_v12_hardware_unknown_r01_20260929_184546_956,965,32.166666666666664,,,0,,,,,,,,,,,,,,,,False,False,no_detection,,,,,,,,,0,,,,,,,
phase5_v12_hardware_unknown_r01_20260929_184546_956,/home/robo25/Downloads/rokuga_phase5_v12_hardware_unknown_r01_20260929_184546_956.tar.xz::phase5_v12_hardware_unknown_r01_20260929_184546_956,966,32.2,,,0,,,,,,,,,,,,,,,,False,False,no_detection,,,,,,,,,0,,,,,,,
phase5_v12_hardware_unknown_r01_20260929_184546_956,/home/robo25/Downloads/rokuga_phase5_v12_hardware_unknown_r01_20260929_184546_956.tar.xz::phase5_v12_hardware_unknown_r01_20260929_184546_956,967,32.233333333333334,,,0,,,,,,,,,,,,,,,,False,False,no_detection,,,,,,,,,0,,,,,,,
phase5_v12_hardware_unknown_r01_20260929_184546_956,/home/robo25/Downloads/rokuga_phase5_v12_hardware_unknown_r01_20260929_184546_956.tar.xz::phase5_v12_hardware_unknown_r01_20260929_184546_956,968,32.266666666666666,,,0,,,,,,,,,,,,,,,,False,False,no_detection,,,,,,,,,0,,,,,,,
phase5_v12_hardware_unknown_r01_20260929_184546_956,/home/robo25/Downloads/rokuga_phase5_v12_hardware_unknown_r01_20260929_184546_956.tar.xz::phase5_v12_hardware_unknown_r01_20260929_184546_956,969,32.3,,,0,,,,,,,,,,,,,,,,False,False,no_detection,,,,,,,,,0,,,,,,,
phase5_v12_hardware_unknown_r01_20260929_184546_956,/home/robo25/Downloads/rokuga_phase5_v12_hardware_unknown_r01_20260929_184546_956.tar.xz::phase5_v12_hardware_unknown_r01_20260929_184546_956,970,32.333333333333336,,,0,,,,,,,,,,,,,,,,False,False,no_detection,,,,,,,,,0,,,,,,,
phase5_v12_hardware_unknown_r01_20260929_184546_956,/home/robo25/Downloads/rokuga_phase5_v12_hardware_unknown_r01_20260929_184546_956.tar.xz::phase5_v12_hardware_unknown_r01_20260929_184546_956,971,32.36666666666667,,,0,,,,,,,,,,,,,,,,False,False,no_detection,,,,,,,,,0,,,,,,,
phase5_v12_hardware_unknown_r01_20260929_184546_956,/home/robo25/Downloads/rokuga_phase5_v12_hardware_unknown_r01_20260929_184546_956.tar.xz::phase5_v12_hardware_unknown_r01_20260929_184546_956,972,32.4,,,0,,,,,,,,,,,,,,,,False,False,no_detection,,,,,,,,,0,,,,,,,
phase5_v12_hardware_unknown_r01_20260929_184546_956,/home/robo25/Downloads/rokuga_phase5_v12_hardware_unknown_r01_20260929_184546_956.tar.xz::phase5_v12_hardware_unknown_r01_20260929_184546_956,973,32.43333333333333,,,0,,,,,,,,,,,,,,,,False,False,no_detection,,,,,,,,,0,,,,,,,
phase5_v12_hardware_unknown_r01_20260929_184546_956,/home/robo25/Downloads/rokuga_phase5_v12_hardware_unknown_r01_20260929_184546_956.tar.xz::phase5_v12_hardware_unknown_r01_20260929_184546_956,974,32.46666666666667,,,0,,,,,,,,,,,,,,,,False,False,no_detection,,,,,,,,,0,,,,,,,
phase5_v12_hardware_unknown_r01_20260929_184546_956,/home/robo25/Downloads/rokuga_phase5_v12_hardware_unknown_r01_20260929_184546_956.tar.xz::phase5_v12_hardware_unknown_r01_20260929_184546_956,975,32.5,,,0,,,,,,,,,,,,,,,,False,False,no_detection,,,,,,,,,0,,,,,,,
phase5_v12_hardware_unknown_r01_20260929_184546_956,/home/robo25/Downloads/rokuga_phase5_v12_hardware_unknown_r01_20260929_184546_956.tar.xz::phase5_v12_hardware_unknown_r01_20260929_184546_956,976,32.53333333333333,,,0,,,,,,,,,,,,,,,,False,False,no_detection,,,,,,,,,0,,,,,,,
phase5_v12_hardware_unknown_r01_20260929_184546_956,/home/robo25/Downloads/rokuga_phase5_v12_hardware_unknown_r01_20260929_184546_956.tar.xz::phase5_v12_hardware_unknown_r01_20260929_184546_956,977,32.56666666666667,,,0,,,,,,,,,,,,,,,,False,False,no_detection,,,,,,,,,0,,,,,,,
phase5_v12_hardware_unknown_r01_20260929_184546_956,/home/robo25/Downloads/rokuga_phase5_v12_hardware_unknown_r01_20260929_184546_956.tar.xz::phase5_v12_hardware_unknown_r01_20260929_184546_956,978,32.6,,,0,,,,,,,,,,,,,,,,False,False,no_detection,,,,,,,,,0,,,,,,,
phase5_v12_hardware_unknown_r01_20260929_184546_956,/home/robo25/Downloads/rokuga_phase5_v12_hardware_unknown_r01_20260929_184546_956.tar.xz::phase5_v12_hardware_unknown_r01_20260929_184546_956,979,32.63333333333333,,,0,,,,,,,,,,,,,,,,False,False,no_detection,,,,,,,,,0,,,,,,,
phase5_v12_hardware_unknown_r01_20260929_184546_956,/home/robo25/Downloads/rokuga_phase5_v12_hardware_unknown_r01_20260929_184546_956.tar.xz::phase5_v12_hardware_unknown_r01_20260929_184546_956,980,32.666666666666664,,,0,,,,,,,,,,,,,,,,False,False,no_detection,,,,,,,,,0,,,,,,,
phase5_v12_hardware_unknown_r01_20260929_184546_956,/home/robo25/Downloads/rokuga_phase5_v12_hardware_unknown_r01_20260929_184546_956.tar.xz::phase5_v12_hardware_unknown_r01_20260929_184546_956,981,32.7,,,0,,,,,,,,,,,,,,,,False,False,no_detection,,,,,,,,,0,,,,,,,
phase5_v12_hardware_unknown_r01_20260929_184546_956,/home/robo25/Downloads/rokuga_phase5_v12_hardware_unknown_r01_20260929_184546_956.tar.xz::phase5_v12_hardware_unknown_r01_20260929_184546_956,982,32.733333333333334,,,0,,,,,,,,,,,,,,,,False,False,no_detection,,,,,,,,,0,,,,,,,
phase5_v12_hardware_unknown_r01_20260929_184546_956,/home/robo25/Downloads/rokuga_phase5_v12_hardware_unknown_r01_20260929_184546_956.tar.xz::phase5_v12_hardware_unknown_r01_20260929_184546_956,983,32.766666666666666,,,0,,,,,,,,,,,,,,,,False,False,no_detection,,,,,,,,,0,,,,,,,
phase5_v12_hardware_unknown_r01_20260929_184546_956,/home/robo25/Downloads/rokuga_phase5_v12_hardware_unknown_r01_20260929_184546_956.tar.xz::phase5_v12_hardware_unknown_r01_20260929_184546_956,984,32.8,,,0,,,,,,,,,,,,,,,,False,False,no_detection,,,,,,,,,0,,,,,,,
phase5_v12_hardware_unknown_r01_20260929_184546_956,/home/robo25/Downloads/rokuga_phase5_v12_hardware_unknown_r01_20260929_184546_956.tar.xz::phase5_v12_hardware_unknown_r01_20260929_184546_956,985,32.833333333333336,,,0,,,,,,,,,,,,,,,,False,False,no_detection,,,,,,,,,0,,,,,,,
phase5_v12_hardware_unknown_r01_20260929_184546_956,/home/robo25/Downloads/rokuga_phase5_v12_hardware_unknown_r01_20260929_184546_956.tar.xz::phase5_v12_hardware_unknown_r01_20260929_184546_956,986,32.86666666666667,,,0,,,,,,,,,,,,,,,,False,False,no_detection,,,,,,,,,0,,,,,,,
phase5_v12_hardware_unknown_r01_20260929_184546_956,/home/robo25/Downloads/rokuga_phase5_v12_hardware_unknown_r01_20260929_184546_956.tar.xz::phase5_v12_hardware_unknown_r01_20260929_184546_956,987,32.9,,,0,,,,,,,,,,,,,,,,False,False,no_detection,,,,,,,,,0,,,,,,,
phase5_v12_hardware_unknown_r01_20260929_184546_956,/home/robo25/Downloads/rokuga_phase5_v12_hardware_unknown_r01_20260929_184546_956.tar.xz::phase5_v12_hardware_unknown_r01_20260929_184546_956,988,32.93333333333333,,,0,,,,,,,,,,,,,,,,False,False,no_detection,,,,,,,,,0,,,,,,,
phase5_v12_hardware_unknown_r01_20260929_184546_956,/home/robo25/Downloads/rokuga_phase5_v12_hardware_unknown_r01_20260929_184546_956.tar.xz::phase5_v12_hardware_unknown_r01_20260929_184546_956,989,32.96666666666667,,,0,,,,,,,,,,,,,,,,False,False,no_detection,,,,,,,,,0,,,,,,,
phase5_v12_hardware_unknown_r01_20260929_184546_956,/home/robo25/Downloads/rokuga_phase5_v12_hardware_unknown_r01_20260929_184546_956.tar.xz::phase5_v12_hardware_unknown_r01_20260929_184546_956,990,33.0,,,0,,,,,,,,,,,,,,,,False,False,no_detection,,,,,,,,,0,,,,,,,
phase5_v12_hardware_unknown_r01_20260929_184546_956,/home/robo25/Downloads/rokuga_phase5_v12_hardware_unknown_r01_20260929_184546_956.tar.xz::phase5_v12_hardware_unknown_r01_20260929_184546_956,991,33.03333333333333,,,0,,,,,,,,,,,,,,,,False,False,no_detection,,,,,,,,,0,,,,,,,
phase5_v12_hardware_unknown_r01_20260929_184546_956,/home/robo25/Downloads/rokuga_phase5_v12_hardware_unknown_r01_20260929_184546_956.tar.xz::phase5_v12_hardware_unknown_r01_20260929_184546_956,992,33.06666666666667,,,0,,,,,,,,,,,,,,,,False,False,no_detection,,,,,,,,,0,,,,,,,
phase5_v12_hardware_unknown_r01_20260929_184546_956,/home/robo25/Downloads/rokuga_phase5_v12_hardware_unknown_r01_20260929_184546_956.tar.xz::phase5_v12_hardware_unknown_r01_20260929_184546_956,993,33.1,,,0,,,,,,,,,,,,,,,,False,False,no_detection,,,,,,,,,0,,,,,,,
phase5_v12_hardware_unknown_r01_20260929_184546_956,/home/robo25/Downloads/rokuga_phase5_v12_hardware_unknown_r01_20260929_184546_956.tar.xz::phase5_v12_hardware_unknown_r01_20260929_184546_956,994,33.13333333333333,,,0,,,,,,,,,,,,,,,,False,False,no_detection,,,,,,,,,0,,,,,,,
phase5_v12_hardware_unknown_r01_20260929_184546_956,/home/robo25/Downloads/rokuga_phase5_v12_hardware_unknown_r01_20260929_184546_956.tar.xz::phase5_v12_hardware_unknown_r01_20260929_184546_956,995,33.166666666666664,,,0,,,,,,,,,,,,,,,,False,False,no_detection,,,,,,,,,0,,,,,,,
phase5_v12_hardware_unknown_r01_20260929_184546_956,/home/robo25/Downloads/rokuga_phase5_v12_hardware_unknown_r01_20260929_184546_956.tar.xz::phase5_v12_hardware_unknown_r01_20260929_184546_956,996,33.2,,,0,,,,,,,,,,,,,,,,False,False,no_detection,,,,,,,,,0,,,,,,,
phase5_v12_hardware_unknown_r01_20260929_184546_956,/home/robo25/Downloads/rokuga_phase5_v12_hardware_unknown_r01_20260929_184546_956.tar.xz::phase5_v12_hardware_unknown_r01_20260929_184546_956,997,33.233333333333334,,,0,,,,,,,,,,,,,,,,False,False,no_detection,,,,,,,,,0,,,,,,,
phase5_v12_hardware_unknown_r01_20260929_184546_956,/home/robo25/Downloads/rokuga_phase5_v12_hardware_unknown_r01_20260929_184546_956.tar.xz::phase5_v12_hardware_unknown_r01_20260929_184546_956,998,33.266666666666666,,,0,,,,,,,,,,,,,,,,False,False,no_detection,,,,,,,,,0,,,,,,,
phase5_v12_hardware_unknown_r01_20260929_184546_956,/home/robo25/Downloads/rokuga_phase5_v12_hardware_unknown_r01_20260929_184546_956.tar.xz::phase5_v12_hardware_unknown_r01_20260929_184546_956,999,33.3,,,0,,,,,,,,,,,,,,,,False,False,no_detection,,,,,,,,,0,,,,,,,
phase5_v12_hardware_unknown_r01_20260929_184546_956,/home/robo25/Downloads/rokuga_phase5_v12_hardware_unknown_r01_20260929_184546_956.tar.xz::phase5_v12_hardware_unknown_r01_20260929_184546_956,1000,33.333333333333336,,,0,,,,,,,,,,,,,,,,False,False,no_detection,,,,,,,,,0,,,,,,,
phase5_v12_hardware_unknown_r01_20260929_184546_956,/home/robo25/Downloads/rokuga_phase5_v12_hardware_unknown_r01_20260929_184546_956.tar.xz::phase5_v12_hardware_unknown_r01_20260929_184546_956,1001,33.36666666666667,,,0,,,,,,,,,,,,,,,,False,False,no_detection,,,,,,,,,0,,,,,,,
phase5_v12_hardware_unknown_r01_20260929_184546_956,/home/robo25/Downloads/rokuga_phase5_v12_hardware_unknown_r01_20260929_184546_956.tar.xz::phase5_v12_hardware_unknown_r01_20260929_184546_956,1002,33.4,,,0,,,,,,,,,,,,,,,,False,False,no_detection,,,,,,,,,0,,,,,,,
phase5_v12_hardware_unknown_r01_20260929_184546_956,/home/robo25/Downloads/rokuga_phase5_v12_hardware_unknown_r01_20260929_184546_956.tar.xz::phase5_v12_hardware_unknown_r01_20260929_184546_956,1003,33.43333333333333,,,0,,,,,,,,,,,,,,,,False,False,no_detection,,,,,,,,,0,,,,,,,
phase5_v12_hardware_unknown_r01_20260929_184546_956,/home/robo25/Downloads/rokuga_phase5_v12_hardware_unknown_r01_20260929_184546_956.tar.xz::phase5_v12_hardware_unknown_r01_20260929_184546_956,1004,33.46666666666667,,,0,,,,,,,,,,,,,,,,False,False,no_detection,,,,,,,,,0,,,,,,,
phase5_v12_hardware_unknown_r01_20260929_184546_956,/home/robo25/Downloads/rokuga_phase5_v12_hardware_unknown_r01_20260929_184546_956.tar.xz::phase5_v12_hardware_unknown_r01_20260929_184546_956,1005,33.5,,,0,,,,,,,,,,,,,,,,False,False,no_detection,,,,,,,,,0,,,,,,,
phase5_v12_hardware_unknown_r01_20260929_184546_956,/home/robo25/Downloads/rokuga_phase5_v12_hardware_unknown_r01_20260929_184546_956.tar.xz::phase5_v12_hardware_unknown_r01_20260929_184546_956,1006,33.53333333333333,,,0,,,,,,,,,,,,,,,,False,False,no_detection,,,,,,,,,0,,,,,,,
phase5_v12_hardware_unknown_r01_20260929_184546_956,/home/robo25/Downloads/rokuga_phase5_v12_hardware_unknown_r01_20260929_184546_956.tar.xz::phase5_v12_hardware_unknown_r01_20260929_184546_956,1007,33.56666666666667,,,0,,,,,,,,,,,,,,,,False,False,no_detection,,,,,,,,,0,,,,,,,
phase5_v12_hardware_unknown_r01_20260929_184546_956,/home/robo25/Downloads/rokuga_phase5_v12_hardware_unknown_r01_20260929_184546_956.tar.xz::phase5_v12_hardware_unknown_r01_20260929_184546_956,1008,33.6,,,0,,,,,,,,,,,,,,,,False,False,no_detection,,,,,,,,,0,,,,,,,
phase5_v12_hardware_unknown_r01_20260929_184546_956,/home/robo25/Downloads/rokuga_phase5_v12_hardware_unknown_r01_20260929_184546_956.tar.xz::phase5_v12_hardware_unknown_r01_20260929_184546_956,1009,33.63333333333333,,,0,,,,,,,,,,,,,,,,False,False,no_detection,,,,,,,,,0,,,,,,,
phase5_v12_hardware_unknown_r01_20260929_184546_956,/home/robo25/Downloads/rokuga_phase5_v12_hardware_unknown_r01_20260929_184546_956.tar.xz::phase5_v12_hardware_unknown_r01_20260929_184546_956,1010,33.666666666666664,,,0,,,,,,,,,,,,,,,,False,False,no_detection,,,,,,,,,0,,,,,,,
phase5_v12_hardware_unknown_r01_20260929_184546_956,/home/robo25/Downloads/rokuga_phase5_v12_hardware_unknown_r01_20260929_184546_956.tar.xz::phase5_v12_hardware_unknown_r01_20260929_184546_956,1011,33.7,,,0,,,,,,,,,,,,,,,,False,False,no_detection,,,,,,,,,0,,,,,,,
phase5_v12_hardware_unknown_r01_20260929_184546_956,/home/robo25/Downloads/rokuga_phase5_v12_hardware_unknown_r01_20260929_184546_956.tar.xz::phase5_v12_hardware_unknown_r01_20260929_184546_956,1012,33.733333333333334,,,0,,,,,,,,,,,,,,,,False,False,no_detection,,,,,,,,,0,,,,,,,
phase5_v12_hardware_unknown_r01_20260929_184546_956,/home/robo25/Downloads/rokuga_phase5_v12_hardware_unknown_r01_20260929_184546_956.tar.xz::phase5_v12_hardware_unknown_r01_20260929_184546_956,1013,33.766666666666666,,,0,,,,,,,,,,,,,,,,False,False,no_detection,,,,,,,,,0,,,,,,,
phase5_v12_hardware_unknown_r01_20260929_184546_956,/home/robo25/Downloads/rokuga_phase5_v12_hardware_unknown_r01_20260929_184546_956.tar.xz::phase5_v12_hardware_unknown_r01_20260929_184546_956,1014,33.8,,,0,,,,,,,,,,,,,,,,False,False,no_detection,,,,,,,,,0,,,,,,,
phase5_v12_hardware_unknown_r01_20260929_184546_956,/home/robo25/Downloads/rokuga_phase5_v12_hardware_unknown_r01_20260929_184546_956.tar.xz::phase5_v12_hardware_unknown_r01_20260929_184546_956,1015,33.833333333333336,,,0,,,,,,,,,,,,,,,,False,False,no_detection,,,,,,,,,0,,,,,,,
phase5_v12_hardware_unknown_r01_20260929_184546_956,/home/robo25/Downloads/rokuga_phase5_v12_hardware_unknown_r01_20260929_184546_956.tar.xz::phase5_v12_hardware_unknown_r01_20260929_184546_956,1016,33.86666666666667,,,0,,,,,,,,,,,,,,,,False,False,no_detection,,,,,,,,,0,,,,,,,
phase5_v12_hardware_unknown_r01_20260929_184546_956,/home/robo25/Downloads/rokuga_phase5_v12_hardware_unknown_r01_20260929_184546_956.tar.xz::phase5_v12_hardware_unknown_r01_20260929_184546_956,1017,33.9,,,0,,,,,,,,,,,,,,,,False,False,no_detection,,,,,,,,,0,,,,,,,
phase5_v12_hardware_unknown_r01_20260929_184546_956,/home/robo25/Downloads/rokuga_phase5_v12_hardware_unknown_r01_20260929_184546_956.tar.xz::phase5_v12_hardware_unknown_r01_20260929_184546_956,1018,33.93333333333333,,,0,,,,,,,,,,,,,,,,False,False,no_detection,,,,,,,,,0,,,,,,,
phase5_v12_hardware_unknown_r01_20260929_184546_956,/home/robo25/Downloads/rokuga_phase5_v12_hardware_unknown_r01_20260929_184546_956.tar.xz::phase5_v12_hardware_unknown_r01_20260929_184546_956,1019,33.96666666666667,,,0,,,,,,,,,,,,,,,,False,False,no_detection,,,,,,,,,0,,,,,,,
phase5_v12_hardware_unknown_r01_20260929_184546_956,/home/robo25/Downloads/rokuga_phase5_v12_hardware_unknown_r01_20260929_184546_956.tar.xz::phase5_v12_hardware_unknown_r01_20260929_184546_956,1020,34.0,,,0,,,,,,,,,,,,,,,,False,False,no_detection,,,,,,,,,0,,,,,,,
phase5_v12_hardware_unknown_r01_20260929_184546_956,/home/robo25/Downloads/rokuga_phase5_v12_hardware_unknown_r01_20260929_184546_956.tar.xz::phase5_v12_hardware_unknown_r01_20260929_184546_956,1021,34.03333333333333,,,0,,,,,,,,,,,,,,,,False,False,no_detection,,,,,,,,,0,,,,,,,
phase5_v12_hardware_unknown_r01_20260929_184546_956,/home/robo25/Downloads/rokuga_phase5_v12_hardware_unknown_r01_20260929_184546_956.tar.xz::phase5_v12_hardware_unknown_r01_20260929_184546_956,1022,34.06666666666667,,,0,,,,,,,,,,,,,,,,False,False,no_detection,,,,,,,,,0,,,,,,,
phase5_v12_hardware_unknown_r01_20260929_184546_956,/home/robo25/Downloads/rokuga_phase5_v12_hardware_unknown_r01_20260929_184546_956.tar.xz::phase5_v12_hardware_unknown_r01_20260929_184546_956,1023,34.1,,,0,,,,,,,,,,,,,,,,False,False,no_detection,,,,,,,,,0,,,,,,,
phase5_v12_hardware_unknown_r01_20260929_184546_956,/home/robo25/Downloads/rokuga_phase5_v12_hardware_unknown_r01_20260929_184546_956.tar.xz::phase5_v12_hardware_unknown_r01_20260929_184546_956,1024,34.13333333333333,,,0,,,,,,,,,,,,,,,,False,False,no_detection,,,,,,,,,0,,,,,,,
phase5_v12_hardware_unknown_r01_20260929_184546_956,/home/robo25/Downloads/rokuga_phase5_v12_hardware_unknown_r01_20260929_184546_956.tar.xz::phase5_v12_hardware_unknown_r01_20260929_184546_956,1025,34.166666666666664,,,0,,,,,,,,,,,,,,,,False,False,no_detection,,,,,,,,,0,,,,,,,
phase5_v12_hardware_unknown_r01_20260929_184546_956,/home/robo25/Downloads/rokuga_phase5_v12_hardware_unknown_r01_20260929_184546_956.tar.xz::phase5_v12_hardware_unknown_r01_20260929_184546_956,1026,34.2,,,0,,,,,,,,,,,,,,,,False,False,no_detection,,,,,,,,,0,,,,,,,
phase5_v12_hardware_unknown_r01_20260929_184546_956,/home/robo25/Downloads/rokuga_phase5_v12_hardware_unknown_r01_20260929_184546_956.tar.xz::phase5_v12_hardware_unknown_r01_20260929_184546_956,1027,34.233333333333334,,,0,,,,,,,,,,,,,,,,False,False,no_detection,,,,,,,,,0,,,,,,,
phase5_v12_hardware_unknown_r01_20260929_184546_956,/home/robo25/Downloads/rokuga_phase5_v12_hardware_unknown_r01_20260929_184546_956.tar.xz::phase5_v12_hardware_unknown_r01_20260929_184546_956,1028,34.266666666666666,,,0,,,,,,,,,,,,,,,,False,False,no_detection,,,,,,,,,0,,,,,,,
phase5_v12_hardware_unknown_r01_20260929_184546_956,/home/robo25/Downloads/rokuga_phase5_v12_hardware_unknown_r01_20260929_184546_956.tar.xz::phase5_v12_hardware_unknown_r01_20260929_184546_956,1029,34.3,,,0,,,,,,,,,,,,,,,,False,False,no_detection,,,,,,,,,0,,,,,,,
phase5_v12_hardware_unknown_r01_20260929_184546_956,/home/robo25/Downloads/rokuga_phase5_v12_hardware_unknown_r01_20260929_184546_956.tar.xz::phase5_v12_hardware_unknown_r01_20260929_184546_956,1030,34.333333333333336,,,0,,,,,,,,,,,,,,,,False,False,no_detection,,,,,,,,,0,,,,,,,
phase5_v12_hardware_unknown_r01_20260929_184546_956,/home/robo25/Downloads/rokuga_phase5_v12_hardware_unknown_r01_20260929_184546_956.tar.xz::phase5_v12_hardware_unknown_r01_20260929_184546_956,1031,34.36666666666667,,,0,,,,,,,,,,,,,,,,False,False,no_detection,,,,,,,,,0,,,,,,,
phase5_v12_hardware_unknown_r01_20260929_184546_956,/home/robo25/Downloads/rokuga_phase5_v12_hardware_unknown_r01_20260929_184546_956.tar.xz::phase5_v12_hardware_unknown_r01_20260929_184546_956,1032,34.4,,,0,,,,,,,,,,,,,,,,False,False,no_detection,,,,,,,,,0,,,,,,,
phase5_v12_hardware_unknown_r01_20260929_184546_956,/home/robo25/Downloads/rokuga_phase5_v12_hardware_unknown_r01_20260929_184546_956.tar.xz::phase5_v12_hardware_unknown_r01_20260929_184546_956,1033,34.43333333333333,,,0,,,,,,,,,,,,,,,,False,False,no_detection,,,,,,,,,0,,,,,,,
phase5_v12_hardware_unknown_r01_20260929_184546_956,/home/robo25/Downloads/rokuga_phase5_v12_hardware_unknown_r01_20260929_184546_956.tar.xz::phase5_v12_hardware_unknown_r01_20260929_184546_956,1034,34.46666666666667,,,0,,,,,,,,,,,,,,,,False,False,no_detection,,,,,,,,,0,,,,,,,
phase5_v12_hardware_unknown_r01_20260929_184546_956,/home/robo25/Downloads/rokuga_phase5_v12_hardware_unknown_r01_20260929_184546_956.tar.xz::phase5_v12_hardware_unknown_r01_20260929_184546_956,1035,34.5,,,0,,,,,,,,,,,,,,,,False,False,no_detection,,,,,,,,,0,,,,,,,
phase5_v12_hardware_unknown_r01_20260929_184546_956,/home/robo25/Downloads/rokuga_phase5_v12_hardware_unknown_r01_20260929_184546_956.tar.xz::phase5_v12_hardware_unknown_r01_20260929_184546_956,1036,34.53333333333333,,,0,,,,,,,,,,,,,,,,False,False,no_detection,,,,,,,,,0,,,,,,,
phase5_v12_hardware_unknown_r01_20260929_184546_956,/home/robo25/Downloads/rokuga_phase5_v12_hardware_unknown_r01_20260929_184546_956.tar.xz::phase5_v12_hardware_unknown_r01_20260929_184546_956,1037,34.56666666666667,,,0,,,,,,,,,,,,,,,,False,False,no_detection,,,,,,,,,0,,,,,,,
phase5_v12_hardware_unknown_r01_20260929_184546_956,/home/robo25/Downloads/rokuga_phase5_v12_hardware_unknown_r01_20260929_184546_956.tar.xz::phase5_v12_hardware_unknown_r01_20260929_184546_956,1038,34.6,,,0,,,,,,,,,,,,,,,,False,False,no_detection,,,,,,,,,0,,,,,,,
phase5_v12_hardware_unknown_r01_20260929_184546_956,/home/robo25/Downloads/rokuga_phase5_v12_hardware_unknown_r01_20260929_184546_956.tar.xz::phase5_v12_hardware_unknown_r01_20260929_184546_956,1039,34.63333333333333,,,0,,,,,,,,,,,,,,,,False,False,no_detection,,,,,,,,,0,,,,,,,
phase5_v12_hardware_unknown_r01_20260929_184546_956,/home/robo25/Downloads/rokuga_phase5_v12_hardware_unknown_r01_20260929_184546_956.tar.xz::phase5_v12_hardware_unknown_r01_20260929_184546_956,1040,34.666666666666664,,,0,,,,,,,,,,,,,,,,False,False,no_detection,,,,,,,,,0,,,,,,,
phase5_v12_hardware_unknown_r01_20260929_184546_956,/home/robo25/Downloads/rokuga_phase5_v12_hardware_unknown_r01_20260929_184546_956.tar.xz::phase5_v12_hardware_unknown_r01_20260929_184546_956,1041,34.7,,,0,,,,,,,,,,,,,,,,False,False,no_detection,,,,,,,,,0,,,,,,,
phase5_v12_hardware_unknown_r01_20260929_184546_956,/home/robo25/Downloads/rokuga_phase5_v12_hardware_unknown_r01_20260929_184546_956.tar.xz::phase5_v12_hardware_unknown_r01_20260929_184546_956,1042,34.733333333333334,,,0,,,,,,,,,,,,,,,,False,False,no_detection,,,,,,,,,0,,,,,,,
phase5_v12_hardware_unknown_r01_20260929_184546_956,/home/robo25/Downloads/rokuga_phase5_v12_hardware_unknown_r01_20260929_184546_956.tar.xz::phase5_v12_hardware_unknown_r01_20260929_184546_956,1043,34.766666666666666,,,0,,,,,,,,,,,,,,,,False,False,no_detection,,,,,,,,,0,,,,,,,
phase5_v12_hardware_unknown_r01_20260929_184546_956,/home/robo25/Downloads/rokuga_phase5_v12_hardware_unknown_r01_20260929_184546_956.tar.xz::phase5_v12_hardware_unknown_r01_20260929_184546_956,1044,34.8,,,0,,,,,,,,,,,,,,,,False,False,no_detection,,,,,,,,,0,,,,,,,
phase5_v12_hardware_unknown_r01_20260929_184546_956,/home/robo25/Downloads/rokuga_phase5_v12_hardware_unknown_r01_20260929_184546_956.tar.xz::phase5_v12_hardware_unknown_r01_20260929_184546_956,1045,34.833333333333336,,,0,,,,,,,,,,,,,,,,False,False,no_detection,,,,,,,,,0,,,,,,,
phase5_v12_hardware_unknown_r01_20260929_184546_956,/home/robo25/Downloads/rokuga_phase5_v12_hardware_unknown_r01_20260929_184546_956.tar.xz::phase5_v12_hardware_unknown_r01_20260929_184546_956,1046,34.86666666666667,,,0,,,,,,,,,,,,,,,,False,False,no_detection,,,,,,,,,0,,,,,,,
phase5_v12_hardware_unknown_r01_20260929_184546_956,/home/robo25/Downloads/rokuga_phase5_v12_hardware_unknown_r01_20260929_184546_956.tar.xz::phase5_v12_hardware_unknown_r01_20260929_184546_956,1047,34.9,,,0,,,,,,,,,,,,,,,,False,False,no_detection,,,,,,,,,0,,,,,,,
phase5_v12_hardware_unknown_r01_20260929_184546_956,/home/robo25/Downloads/rokuga_phase5_v12_hardware_unknown_r01_20260929_184546_956.tar.xz::phase5_v12_hardware_unknown_r01_20260929_184546_956,1048,34.93333333333333,,,0,,,,,,,,,,,,,,,,False,False,no_detection,,,,,,,,,0,,,,,,,
phase5_v12_hardware_unknown_r01_20260929_184546_956,/home/robo25/Downloads/rokuga_phase5_v12_hardware_unknown_r01_20260929_184546_956.tar.xz::phase5_v12_hardware_unknown_r01_20260929_184546_956,1049,34.96666666666667,,,0,,,,,,,,,,,,,,,,False,False,no_detection,,,,,,,,,0,,,,,,,
phase5_v12_hardware_unknown_r01_20260929_184546_956,/home/robo25/Downloads/rokuga_phase5_v12_hardware_unknown_r01_20260929_184546_956.tar.xz::phase5_v12_hardware_unknown_r01_20260929_184546_956,1050,35.0,,,0,,,,,,,,,,,,,,,,False,False,no_detection,,,,,,,,,0,,,,,,,
phase5_v12_hardware_unknown_r01_20260929_184546_956,/home/robo25/Downloads/rokuga_phase5_v12_hardware_unknown_r01_20260929_184546_956.tar.xz::phase5_v12_hardware_unknown_r01_20260929_184546_956,1051,35.03333333333333,,,0,,,,,,,,,,,,,,,,False,False,no_detection,,,,,,,,,0,,,,,,,
phase5_v12_hardware_unknown_r01_20260929_184546_956,/home/robo25/Downloads/rokuga_phase5_v12_hardware_unknown_r01_20260929_184546_956.tar.xz::phase5_v12_hardware_unknown_r01_20260929_184546_956,1052,35.06666666666667,,,0,,,,,,,,,,,,,,,,False,False,no_detection,,,,,,,,,0,,,,,,,
phase5_v12_hardware_unknown_r01_20260929_184546_956,/home/robo25/Downloads/rokuga_phase5_v12_hardware_unknown_r01_20260929_184546_956.tar.xz::phase5_v12_hardware_unknown_r01_20260929_184546_956,1053,35.1,,,0,,,,,,,,,,,,,,,,False,False,no_detection,,,,,,,,,0,,,,,,,
phase5_v12_hardware_unknown_r01_20260929_184546_956,/home/robo25/Downloads/rokuga_phase5_v12_hardware_unknown_r01_20260929_184546_956.tar.xz::phase5_v12_hardware_unknown_r01_20260929_184546_956,1054,35.13333333333333,,,0,,,,,,,,,,,,,,,,False,False,no_detection,,,,,,,,,0,,,,,,,
phase5_v12_hardware_unknown_r01_20260929_184546_956,/home/robo25/Downloads/rokuga_phase5_v12_hardware_unknown_r01_20260929_184546_956.tar.xz::phase5_v12_hardware_unknown_r01_20260929_184546_956,1055,35.166666666666664,,,0,,,,,,,,,,,,,,,,False,False,no_detection,,,,,,,,,0,,,,,,,
phase5_v12_hardware_unknown_r01_20260929_184546_956,/home/robo25/Downloads/rokuga_phase5_v12_hardware_unknown_r01_20260929_184546_956.tar.xz::phase5_v12_hardware_unknown_r01_20260929_184546_956,1056,35.2,,,0,,,,,,,,,,,,,,,,False,False,no_detection,,,,,,,,,0,,,,,,,
phase5_v12_hardware_unknown_r01_20260929_184546_956,/home/robo25/Downloads/rokuga_phase5_v12_hardware_unknown_r01_20260929_184546_956.tar.xz::phase5_v12_hardware_unknown_r01_20260929_184546_956,1057,35.233333333333334,,,0,,,,,,,,,,,,,,,,False,False,no_detection,,,,,,,,,0,,,,,,,
phase5_v12_hardware_unknown_r01_20260929_184546_956,/home/robo25/Downloads/rokuga_phase5_v12_hardware_unknown_r01_20260929_184546_956.tar.xz::phase5_v12_hardware_unknown_r01_20260929_184546_956,1058,35.266666666666666,,,0,,,,,,,,,,,,,,,,False,False,no_detection,,,,,,,,,0,,,,,,,
phase5_v12_hardware_unknown_r01_20260929_184546_956,/home/robo25/Downloads/rokuga_phase5_v12_hardware_unknown_r01_20260929_184546_956.tar.xz::phase5_v12_hardware_unknown_r01_20260929_184546_956,1059,35.3,,,0,,,,,,,,,,,,,,,,False,False,no_detection,,,,,,,,,0,,,,,,,
phase5_v12_hardware_unknown_r01_20260929_184546_956,/home/robo25/Downloads/rokuga_phase5_v12_hardware_unknown_r01_20260929_184546_956.tar.xz::phase5_v12_hardware_unknown_r01_20260929_184546_956,1060,35.333333333333336,,,0,,,,,,,,,,,,,,,,False,False,no_detection,,,,,,,,,0,,,,,,,
phase5_v12_hardware_unknown_r01_20260929_184546_956,/home/robo25/Downloads/rokuga_phase5_v12_hardware_unknown_r01_20260929_184546_956.tar.xz::phase5_v12_hardware_unknown_r01_20260929_184546_956,1061,35.36666666666667,,,0,,,,,,,,,,,,,,,,False,False,no_detection,,,,,,,,,0,,,,,,,
phase5_v12_hardware_unknown_r01_20260929_184546_956,/home/robo25/Downloads/rokuga_phase5_v12_hardware_unknown_r01_20260929_184546_956.tar.xz::phase5_v12_hardware_unknown_r01_20260929_184546_956,1062,35.4,,,0,,,,,,,,,,,,,,,,False,False,no_detection,,,,,,,,,0,,,,,,,
phase5_v12_hardware_unknown_r01_20260929_184546_956,/home/robo25/Downloads/rokuga_phase5_v12_hardware_unknown_r01_20260929_184546_956.tar.xz::phase5_v12_hardware_unknown_r01_20260929_184546_956,1063,35.43333333333333,,,0,,,,,,,,,,,,,,,,False,False,no_detection,,,,,,,,,0,,,,,,,
phase5_v12_hardware_unknown_r01_20260929_184546_956,/home/robo25/Downloads/rokuga_phase5_v12_hardware_unknown_r01_20260929_184546_956.tar.xz::phase5_v12_hardware_unknown_r01_20260929_184546_956,1064,35.46666666666667,,,0,,,,,,,,,,,,,,,,False,False,no_detection,,,,,,,,,0,,,,,,,
phase5_v12_hardware_unknown_r01_20260929_184546_956,/home/robo25/Downloads/rokuga_phase5_v12_hardware_unknown_r01_20260929_184546_956.tar.xz::phase5_v12_hardware_unknown_r01_20260929_184546_956,1065,35.5,,,0,,,,,,,,,,,,,,,,False,False,no_detection,,,,,,,,,0,,,,,,,
phase5_v12_hardware_unknown_r01_20260929_184546_956,/home/robo25/Downloads/rokuga_phase5_v12_hardware_unknown_r01_20260929_184546_956.tar.xz::phase5_v12_hardware_unknown_r01_20260929_184546_956,1066,35.53333333333333,,,0,,,,,,,,,,,,,,,,False,False,no_detection,,,,,,,,,0,,,,,,,
phase5_v12_hardware_unknown_r01_20260929_184546_956,/home/robo25/Downloads/rokuga_phase5_v12_hardware_unknown_r01_20260929_184546_956.tar.xz::phase5_v12_hardware_unknown_r01_20260929_184546_956,1067,35.56666666666667,,,0,,,,,,,,,,,,,,,,False,False,no_detection,,,,,,,,,0,,,,,,,
phase5_v12_hardware_unknown_r01_20260929_184546_956,/home/robo25/Downloads/rokuga_phase5_v12_hardware_unknown_r01_20260929_184546_956.tar.xz::phase5_v12_hardware_unknown_r01_20260929_184546_956,1068,35.6,,,0,,,,,,,,,,,,,,,,False,False,no_detection,,,,,,,,,0,,,,,,,
phase5_v12_hardware_unknown_r01_20260929_184546_956,/home/robo25/Downloads/rokuga_phase5_v12_hardware_unknown_r01_20260929_184546_956.tar.xz::phase5_v12_hardware_unknown_r01_20260929_184546_956,1069,35.63333333333333,,,0,,,,,,,,,,,,,,,,False,False,no_detection,,,,,,,,,0,,,,,,,
phase5_v12_hardware_unknown_r01_20260929_184546_956,/home/robo25/Downloads/rokuga_phase5_v12_hardware_unknown_r01_20260929_184546_956.tar.xz::phase5_v12_hardware_unknown_r01_20260929_184546_956,1070,35.666666666666664,,,0,,,,,,,,,,,,,,,,False,False,no_detection,,,,,,,,,0,,,,,,,
phase5_v12_hardware_unknown_r01_20260929_184546_956,/home/robo25/Downloads/rokuga_phase5_v12_hardware_unknown_r01_20260929_184546_956.tar.xz::phase5_v12_hardware_unknown_r01_20260929_184546_956,1071,35.7,,,0,,,,,,,,,,,,,,,,False,False,no_detection,,,,,,,,,0,,,,,,,
phase5_v12_hardware_unknown_r01_20260929_184546_956,/home/robo25/Downloads/rokuga_phase5_v12_hardware_unknown_r01_20260929_184546_956.tar.xz::phase5_v12_hardware_unknown_r01_20260929_184546_956,1072,35.733333333333334,,,0,,,,,,,,,,,,,,,,False,False,no_detection,,,,,,,,,0,,,,,,,
phase5_v12_hardware_unknown_r01_20260929_184546_956,/home/robo25/Downloads/rokuga_phase5_v12_hardware_unknown_r01_20260929_184546_956.tar.xz::phase5_v12_hardware_unknown_r01_20260929_184546_956,1073,35.766666666666666,,,0,,,,,,,,,,,,,,,,False,False,no_detection,,,,,,,,,0,,,,,,,
phase5_v12_hardware_unknown_r01_20260929_184546_956,/home/robo25/Downloads/rokuga_phase5_v12_hardware_unknown_r01_20260929_184546_956.tar.xz::phase5_v12_hardware_unknown_r01_20260929_184546_956,1074,35.8,,,0,,,,,,,,,,,,,,,,False,False,no_detection,,,,,,,,,0,,,,,,,
phase5_v12_hardware_unknown_r01_20260929_184546_956,/home/robo25/Downloads/rokuga_phase5_v12_hardware_unknown_r01_20260929_184546_956.tar.xz::phase5_v12_hardware_unknown_r01_20260929_184546_956,1075,35.833333333333336,,,0,,,,,,,,,,,,,,,,False,False,no_detection,,,,,,,,,0,,,,,,,
phase5_v12_hardware_unknown_r01_20260929_184546_956,/home/robo25/Downloads/rokuga_phase5_v12_hardware_unknown_r01_20260929_184546_956.tar.xz::phase5_v12_hardware_unknown_r01_20260929_184546_956,1076,35.86666666666667,,,0,,,,,,,,,,,,,,,,False,False,no_detection,,,,,,,,,0,,,,,,,
phase5_v12_hardware_unknown_r01_20260929_184546_956,/home/robo25/Downloads/rokuga_phase5_v12_hardware_unknown_r01_20260929_184546_956.tar.xz::phase5_v12_hardware_unknown_r01_20260929_184546_956,1077,35.9,,,0,,,,,,,,,,,,,,,,False,False,no_detection,,,,,,,,,0,,,,,,,
phase5_v12_hardware_unknown_r01_20260929_184546_956,/home/robo25/Downloads/rokuga_phase5_v12_hardware_unknown_r01_20260929_184546_956.tar.xz::phase5_v12_hardware_unknown_r01_20260929_184546_956,1078,35.93333333333333,,,0,,,,,,,,,,,,,,,,False,False,no_detection,,,,,,,,,0,,,,,,,
phase5_v12_hardware_unknown_r01_20260929_184546_956,/home/robo25/Downloads/rokuga_phase5_v12_hardware_unknown_r01_20260929_184546_956.tar.xz::phase5_v12_hardware_unknown_r01_20260929_184546_956,1079,35.96666666666667,,,0,,,,,,,,,,,,,,,,False,False,no_detection,,,,,,,,,0,,,,,,,
phase5_v12_hardware_unknown_r01_20260929_184546_956,/home/robo25/Downloads/rokuga_phase5_v12_hardware_unknown_r01_20260929_184546_956.tar.xz::phase5_v12_hardware_unknown_r01_20260929_184546_956,1080,36.0,,,0,,,,,,,,,,,,,,,,False,False,no_detection,,,,,,,,,0,,,,,,,
phase5_v12_hardware_unknown_r01_20260929_184546_956,/home/robo25/Downloads/rokuga_phase5_v12_hardware_unknown_r01_20260929_184546_956.tar.xz::phase5_v12_hardware_unknown_r01_20260929_184546_956,1081,36.03333333333333,,,0,,,,,,,,,,,,,,,,False,False,no_detection,,,,,,,,,0,,,,,,,
phase5_v12_hardware_unknown_r01_20260929_184546_956,/home/robo25/Downloads/rokuga_phase5_v12_hardware_unknown_r01_20260929_184546_956.tar.xz::phase5_v12_hardware_unknown_r01_20260929_184546_956,1082,36.06666666666667,,,0,,,,,,,,,,,,,,,,False,False,no_detection,,,,,,,,,0,,,,,,,
phase5_v12_hardware_unknown_r01_20260929_184546_956,/home/robo25/Downloads/rokuga_phase5_v12_hardware_unknown_r01_20260929_184546_956.tar.xz::phase5_v12_hardware_unknown_r01_20260929_184546_956,1083,36.1,,,0,,,,,,,,,,,,,,,,False,False,no_detection,,,,,,,,,0,,,,,,,
phase5_v12_hardware_unknown_r01_20260929_184546_956,/home/robo25/Downloads/rokuga_phase5_v12_hardware_unknown_r01_20260929_184546_956.tar.xz::phase5_v12_hardware_unknown_r01_20260929_184546_956,1084,36.13333333333333,,,0,,,,,,,,,,,,,,,,False,False,no_detection,,,,,,,,,0,,,,,,,
phase5_v12_hardware_unknown_r01_20260929_184546_956,/home/robo25/Downloads/rokuga_phase5_v12_hardware_unknown_r01_20260929_184546_956.tar.xz::phase5_v12_hardware_unknown_r01_20260929_184546_956,1085,36.166666666666664,,,0,,,,,,,,,,,,,,,,False,False,no_detection,,,,,,,,,0,,,,,,,
phase5_v12_hardware_unknown_r01_20260929_184546_956,/home/robo25/Downloads/rokuga_phase5_v12_hardware_unknown_r01_20260929_184546_956.tar.xz::phase5_v12_hardware_unknown_r01_20260929_184546_956,1086,36.2,,,0,,,,,,,,,,,,,,,,False,False,no_detection,,,,,,,,,0,,,,,,,
phase5_v12_hardware_unknown_r01_20260929_184546_956,/home/robo25/Downloads/rokuga_phase5_v12_hardware_unknown_r01_20260929_184546_956.tar.xz::phase5_v12_hardware_unknown_r01_20260929_184546_956,1087,36.233333333333334,,,0,,,,,,,,,,,,,,,,False,False,no_detection,,,,,,,,,0,,,,,,,
phase5_v12_hardware_unknown_r01_20260929_184546_956,/home/robo25/Downloads/rokuga_phase5_v12_hardware_unknown_r01_20260929_184546_956.tar.xz::phase5_v12_hardware_unknown_r01_20260929_184546_956,1088,36.266666666666666,,,0,,,,,,,,,,,,,,,,False,False,no_detection,,,,,,,,,0,,,,,,,
phase5_v12_hardware_unknown_r01_20260929_184546_956,/home/robo25/Downloads/rokuga_phase5_v12_hardware_unknown_r01_20260929_184546_956.tar.xz::phase5_v12_hardware_unknown_r01_20260929_184546_956,1089,36.3,,,0,,,,,,,,,,,,,,,,False,False,no_detection,,,,,,,,,0,,,,,,,
phase5_v12_hardware_unknown_r01_20260929_184546_956,/home/robo25/Downloads/rokuga_phase5_v12_hardware_unknown_r01_20260929_184546_956.tar.xz::phase5_v12_hardware_unknown_r01_20260929_184546_956,1090,36.333333333333336,,,0,,,,,,,,,,,,,,,,False,False,no_detection,,,,,,,,,0,,,,,,,
phase5_v12_hardware_unknown_r01_20260929_184546_956,/home/robo25/Downloads/rokuga_phase5_v12_hardware_unknown_r01_20260929_184546_956.tar.xz::phase5_v12_hardware_unknown_r01_20260929_184546_956,1091,36.36666666666667,,,0,,,,,,,,,,,,,,,,False,False,no_detection,,,,,,,,,0,,,,,,,
phase5_v12_hardware_unknown_r01_20260929_184546_956,/home/robo25/Downloads/rokuga_phase5_v12_hardware_unknown_r01_20260929_184546_956.tar.xz::phase5_v12_hardware_unknown_r01_20260929_184546_956,1092,36.4,,,0,,,,,,,,,,,,,,,,False,False,no_detection,,,,,,,,,0,,,,,,,
phase5_v12_hardware_unknown_r01_20260929_184546_956,/home/robo25/Downloads/rokuga_phase5_v12_hardware_unknown_r01_20260929_184546_956.tar.xz::phase5_v12_hardware_unknown_r01_20260929_184546_956,1093,36.43333333333333,,,0,,,,,,,,,,,,,,,,False,False,no_detection,,,,,,,,,0,,,,,,,
phase5_v12_hardware_unknown_r01_20260929_184546_956,/home/robo25/Downloads/rokuga_phase5_v12_hardware_unknown_r01_20260929_184546_956.tar.xz::phase5_v12_hardware_unknown_r01_20260929_184546_956,1094,36.46666666666667,,,0,,,,,,,,,,,,,,,,False,False,no_detection,,,,,,,,,0,,,,,,,
phase5_v12_hardware_unknown_r01_20260929_184546_956,/home/robo25/Downloads/rokuga_phase5_v12_hardware_unknown_r01_20260929_184546_956.tar.xz::phase5_v12_hardware_unknown_r01_20260929_184546_956,1095,36.5,,,0,,,,,,,,,,,,,,,,False,False,no_detection,,,,,,,,,0,,,,,,,
phase5_v12_hardware_unknown_r01_20260929_184546_956,/home/robo25/Downloads/rokuga_phase5_v12_hardware_unknown_r01_20260929_184546_956.tar.xz::phase5_v12_hardware_unknown_r01_20260929_184546_956,1096,36.53333333333333,,,0,,,,,,,,,,,,,,,,False,False,no_detection,,,,,,,,,0,,,,,,,
phase5_v12_hardware_unknown_r01_20260929_184546_956,/home/robo25/Downloads/rokuga_phase5_v12_hardware_unknown_r01_20260929_184546_956.tar.xz::phase5_v12_hardware_unknown_r01_20260929_184546_956,1097,36.56666666666667,,,0,,,,,,,,,,,,,,,,False,False,no_detection,,,,,,,,,0,,,,,,,
phase5_v12_hardware_unknown_r01_20260929_184546_956,/home/robo25/Downloads/rokuga_phase5_v12_hardware_unknown_r01_20260929_184546_956.tar.xz::phase5_v12_hardware_unknown_r01_20260929_184546_956,1098,36.6,,,0,,,,,,,,,,,,,,,,False,False,no_detection,,,,,,,,,0,,,,,,,
phase5_v12_hardware_unknown_r01_20260929_184546_956,/home/robo25/Downloads/rokuga_phase5_v12_hardware_unknown_r01_20260929_184546_956.tar.xz::phase5_v12_hardware_unknown_r01_20260929_184546_956,1099,36.63333333333333,,,1,326.0,427.0,0.019878833804753523,1.0985539758920808,1.098733819440239,0.034675871420986513,1.0985539758920808,1.0991011118214298,1245.0,13,50,34,1.4705882352941178,0.7323529411764705,0.8982683982683982,True,True,initialized,,,,,,,,,1,0,0.03467587009072304,1.098554015159607,1.0991011510274395,0.0,0.0,0.0
phase5_v12_hardware_unknown_r01_20260929_184546_956,/home/robo25/Downloads/rokuga_phase5_v12_hardware_unknown_r01_20260929_184546_956.tar.xz::phase5_v12_hardware_unknown_r01_20260929_184546_956,1100,36.666666666666664,,,1,327.5,427.0,0.030046860660591056,1.0976037367232512,1.0980149255380827,0.04085486686863818,1.0976037367232512,1.0983638208789008,1886.0,16,52,50,1.04,0.7253846153846154,0.8866948754113775,True,True,accepted,0.03467587009072304,1.098554015159607,0.006178997457027435,-0.0009503364562988281,0.0020784721709787846,0.0,0.0020784721709787846,0.018803788349032402,1,0,0.038179297000169754,1.0980151891708374,1.0986787584955382,0.02489766664803028,-0.0038292878307402134,0.0
phase5_v12_hardware_unknown_r01_20260929_184546_956,/home/robo25/Downloads/rokuga_phase5_v12_hardware_unknown_r01_20260929_184546_956.tar.xz::phase5_v12_hardware_unknown_r01_20260929_184546_956,1101,36.7,,,1,326.5,427.0,0.023269115708241805,1.0955271841610892,1.0957742755612438,0.0367361075656111,1.0955271841610892,1.096142943614106,2897.0,18,58,73,0.7945205479452054,0.6842229570146434,0.8534393872440713,True,True,accepted,0.0390092208981514,1.0978875160217285,-0.0022731125354766846,-0.0023603439331054688,0.001895808964036405,0.0,0.001895808964036405,0.005664211697876453,1,0,0.03781522437930107,1.0966477394104004,1.0972995286378275,0.011756504885852337,-0.017474746331572533,0.0
phase5_v12_hardware_unknown_r01_20260929_184546_956,/home/robo25/Downloads/rokuga_phase5_v12_hardware_unknown_r01_20260929_184546_956.tar.xz::phase5_v12_hardware_unknown_r01_20260929_184546_956,1102,36.733333333333334,,,1,326.5,427.0,0.023269115708241805,1.0982417495004286,1.0984882302927081,0.0367361075656111,1.0982417495004286,1.0988559878095192,3635.5,14,58,73,0.7945205479452054,0.8586443079829948,0.9366224397784362,True,True,accepted,0.03820710629224777,1.0960652828216553,-0.001470997929573059,0.002176523208618164,0.0018957407446578145,0.0,0.0018957407446578145,0.003640312235802412,1,0,0.03743446245789528,1.0972084999084473,1.0978469070188506,0.003603000193834305,-0.005410628393292427,0.0
phase5_v12_hardware_unknown_r01_20260929_184546_956,/home/robo25/Downloads/rokuga_phase5_v12_hardware_unknown_r01_20260929_184546_956.tar.xz::phase5_v12_hardware_unknown_r01_20260929_184546_956,1103,36.766666666666666,,,1,328.5,427.0,0.0368189632258553,1.096938618794003,1.0975563627690024,0.044970197356556246,1.096938618794003,1.0978600329969128,3770.0,14,59,73,0.8082191780821918,0.8753192477362434,0.9521404217704256,True,True,accepted,0.03755456209182739,1.097028136253357,0.007415633648633957,-8.952617645263672e-05,0.0018194911535829306,0.0,0.0018194911535829306,0.030228033661842346,1,0,0.04130209982395172,1.0969828367233276,1.0977600865013386,0.03798212483525276,-0.005825674626976252,0.0
phase5_v12_hardware_unknown_r01_20260929_184546_956,/home/robo25/Downloads/rokuga_phase5_v12_hardware_unknown_r01_20260929_184546_956.tar.xz::phase5_v12_hardware_unknown_r01_20260929_184546_956,1104,36.8,,,1,328.5,427.0,0.0368189632258553,1.0955271841610892,1.0961457235645962,0.044970197356556246,1.0955271841610892,1.0964497844799883,3810.5,14,59,74,0.7972972972972973,0.8727668346312414,0.9510794958192936,True,True,accepted,0.04256816953420639,1.0967886447906494,0.002402026206254959,-0.0012614727020263672,0.0017065037973225117,0.0,0.0017065037973225117,0.0043135229498147964,1,0,0.04370338097214699,1.096192479133606,1.0970633239779177,0.04698903486132622,-0.01055583544075489,0.0
phase5_v12_hardware_unknown_r01_20260929_184546_956,/home/robo25/Downloads/rokuga_phase5_v12_hardware_unknown_r01_20260929_184546_956.tar.xz::phase5_v12_hardware_unknown_r01_20260929_184546_956,1105,36.833333333333336,,,1,328.5,427.0,0.0368189632258553,1.096938618794003,1.0975563627690024,0.044970197356556246,1.096938618794003,1.0978600329969128,3844.5,14,59,73,0.8082191780821918,0.8926166705363362,0.966804979253112,True,True,accepted,0.0452696830034256,1.095840573310852,-0.00029948726296424866,0.001098036766052246,0.0015999670140445232,0.0,0.0015999670140445232,0.0008096275269053876,1,0,0.045138660818338394,1.0963209867477417,1.0972498369487302,0.04607469215989113,-0.007203499786555767,0.0
phase5_v12_hardware_unknown_r01_20260929_184546_956,/home/robo25/Downloads/rokuga_phase5_v12_hardware_unknown_r01_20260929_184546_956.tar.xz::phase5_v12_hardware_unknown_r01_20260929_184546_956,1106,36.86666666666667,,,1,328.5,427.0,0.0368189632258553,1.096938618794003,1.0975563627690024,0.044970197356556246,1.096938618794003,1.0978600329969128,3842.5,14,59,73,0.8082191780821918,0.8921523101927096,0.9620681021532298,True,True,accepted,0.04667448252439499,1.0960808992385864,-0.0017042867839336395,0.0008577108383178711,0.0015127676306292415,0.0,0.0015127676306292415,0.0024063584860414267,1,0,0.045984137803316116,1.0964282751083374,1.0973921374725437,0.04174409061670303,-0.00502405222505331,0.0
phase5_v12_hardware_unknown_r01_20260929_184546_956,/home/robo25/Downloads/rokuga_phase5_v12_hardware_unknown_r01_20260929_184546_956.tar.xz::phase5_v12_hardware_unknown_r01_20260929_184546_956,1107,36.9,,,1,328.5,427.0,0.0368189632258553,1.096938618794003,1.0975563627690024,0.044970197356556246,1.096938618794003,1.0978600329969128,3857.5,14,59,73,0.8082191780821918,0.8956350127699094,0.9644955619452431,True,True,accepted,0.04737560823559761,1.0962607860565186,-0.002405412495136261,0.0006778240203857422,0.0014447893481701612,0.0,0.0014447893481701612,0.004322743974626064,1,0,0.046468596905469894,1.0965163707733154,1.0975005612172806,0.036514874547719955,-0.003550505731254816,0.0
phase5_v12_hardware_unknown_r01_20260929_184546_956,/home/robo25/Downloads/rokuga_phase5_v12_hardware_unknown_r01_20260929_184546_956.tar.xz::phase5_v12_hardware_unknown_r01_20260929_184546_956,1108,36.93333333333333,,,1,328.5,427.0,0.0368189632258553,1.096938618794003,1.0975563627690024,0.044970197356556246,1.096938618794003,1.0978600329969128,3851.0,14,59,73,0.8082191780821918,0.8941258416531228,0.9645585472761428,True,True,accepted,0.047685761004686356,1.0963979959487915,-0.002715565264225006,0.000540614128112793,0.001392763340845704,0.0,0.001392763340845704,0.005504566244781017,1,0,0.04672498628497124,1.096589207649231,1.0975842175779036,0.031316306442022324,-0.0025155756156891584,0.0
phase5_v12_hardware_unknown_r01_20260929_184546_956,/home/robo25/Downloads/rokuga_phase5_v12_hardware_unknown_r01_20260929_184546_956.tar.xz::phase5_v12_hardware_unknown_r01_20260929_184546_956,1109,36.96666666666667,,,1,328.5,427.0,0.0368189632258553,1.096938618794003,1.0975563627690024,0.044970197356556246,1.096938618794003,1.0978600329969128,3849.0,14,59,73,0.8082191780821918,0.8936614813094962,0.962610979117169,True,True,accepted,0.047768864780664444,1.0965054035186768,-0.0027986690402030945,0.00043320655822753906,0.0013533529127016664,0.0,0.0013533529127016664,0.005926182493567467,1,0,0.04683135077357292,1.09665048122406,1.0976499685164847,0.02646525204181671,-0.0017646797932684422,0.0
phase5_v12_hardware_unknown_r01_20260929_184546_956,/home/robo25/Downloads/rokuga_phase5_v12_hardware_unknown_r01_20260929_184546_956.tar.xz::phase5_v12_hardware_unknown_r01_20260929_184546_956,1110,37.0,,,1,328.5,427.0,0.0368189632258553,1.096938618794003,1.0975563627690024,0.044970197356556246,1.096938618794003,1.0978600329969128,3853.0,14,59,73,0.8082191780821918,0.8945902019967494,0.9633704213026628,True,True,accepted,0.04771352559328079,1.0965917110443115,-0.0027433298528194427,0.00034689903259277344,0.0013238159008324146,0.0,0.0013238159008324146,0.005775876808911562,1,0,0.04683525487780571,1.0967028141021729,1.0977024203121237,0.022049810737371445,-0.0012063393369317055,0.0
phase5_v12_hardware_unknown_r01_20260929_184546_956,/home/robo25/Downloads/rokuga_phase5_v12_hardware_unknown_r01_20260929_184546_956.tar.xz::phase5_v12_hardware_unknown_r01_20260929_184546_956,1111,37.03333333333333,,,1,328.5,427.0,0.0368189632258553,1.096938618794003,1.0975563627690024,0.044970197356556246,1.096938618794003,1.0978600329969128,3842.0,14,59,73,0.8082191780821918,0.8920362201068028,0.962907268170426,True,True,accepted,0.04757024720311165,1.0966626405715942,-0.002600051462650299,0.0002759695053100586,0.001301999669522047,0.0,0.001301999669522047,0.0052507128566503525,1,0,0.0467674657702446,1.096747875213623,1.0977445502666674,0.018079271540045738,-0.0007849062676541507,0.0
phase5_v12_hardware_unknown_r01_20260929_184546_956,/home/robo25/Downloads/rokuga_phase5_v12_hardware_unknown_r01_20260929_184546_956.tar.xz::phase5_v12_hardware_unknown_r01_20260929_184546_956,1112,37.06666666666667,,,1,328.5,427.0,0.0368189632258553,1.096938618794003,1.0975563627690024,0.044970197356556246,1.096938618794003,1.0978600329969128,3866.0,14,59,73,0.8082191780821918,0.8976085442303228,0.9655344655344655,True,True,accepted,0.04737010970711708,1.0967217683792114,-0.002399913966655731,0.0002168416976928711,0.0012862063013017178,0.0,0.0012862063013017178,0.004514522384852171,1,0,0.046649493277072906,1.0967868566513062,1.097778476809443,0.014541123062372208,-0.00046522056800313294,0.0
phase5_v12_hardware_unknown_r01_20260929_184546_956,/home/robo25/Downloads/rokuga_phase5_v12_hardware_unknown_r01_20260929_184546_956.tar.xz::phase5_v12_hardware_unknown_r01_20260929_184546_956,1113,37.1,,,1,328.5,427.0,0.0368189632258553,1.096938618794003,1.0975563627690024,0.044970197356556246,1.096938618794003,1.0978600329969128,3855.0,14,59,73,0.8082191780821918,0.8950545623403762,0.9653186427945412,True,True,accepted,0.04713419824838638,1.0967713594436646,-0.0021640025079250336,0.0001672506332397461,0.0012750697787851095,0.0,0.0012750697787851095,0.003694605315104127,1,0,0.046497642993927,1.096820592880249,1.0978057404523678,0.011420308612287045,-0.00022402018657885492,0.0
phase5_v12_hardware_unknown_r01_20260929_184546_956,/home/robo25/Downloads/rokuga_phase5_v12_hardware_unknown_r01_20260929_184546_956.tar.xz::phase5_v12_hardware_unknown_r01_20260929_184546_956,1114,37.13333333333333,,,1,328.5,427.0,0.0368189632258553,1.096938618794003,1.0975563627690024,0.044970197356556246,1.096938618794003,1.0978600329969128,3869.5,14,59,73,0.8082191780821918,0.8984211748316694,0.9659261108337494,True,True,accepted,0.04687831923365593,1.0968130826950073,-0.00190812349319458,0.00012552738189697266,0.0012674726312980056,0.0,0.0012674726312980056,0.0028850268572568893,1,0,0.04632510617375374,1.0968494415283203,1.0978272691288906,0.008703173138201237,-4.5271346607478335e-05,0.0
phase5_v12_hardware_unknown_r01_20260929_184546_956,/home/robo25/Downloads/rokuga_phase5_v12_hardware_unknown_r01_20260929_184546_956.tar.xz::phase5_v12_hardware_unknown_r01_20260929_184546_956,1115,37.166666666666664,,,1,328.5,427.0,0.0368189632258553,1.096938618794003,1.0975563627690024,0.044970197356556246,1.096938618794003,1.0978600329969128,3858.5,14,59,73,0.8082191780821918,0.8958671929417228,0.9653490117588192,True,True,accepted,0.04661521315574646,1.0968478918075562,-0.0016450174152851105,9.071826934814453e-05,0.0012624971568584442,0.0,0.0012624971568584442,0.002149954903870821,1,0,0.046142883598804474,1.0968739986419678,1.0978441303771826,0.00637581292539835,8.307629468617961e-05,0.0
phase5_v12_hardware_unknown_r01_20260929_184546_956,/home/robo25/Downloads/rokuga_phase5_v12_hardware_unknown_r01_20260929_184546_956.tar.xz::phase5_v12_hardware_unknown_r01_20260929_184546_956,1116,37.2,,,1,328.5,427.0,0.0368189632258553,1.096938618794003,1.0975563627690024,0.044970197356556246,1.096938618794003,1.0978600329969128,3860.5,14,59,73,0.8082191780821918,0.8963315532853494,0.9652456557069634,True,True,accepted,0.046355411410331726,1.0968767404556274,-0.0013852156698703766,6.186962127685547e-05,0.0012593971332535148,0.0,0.0012593971332535148,0.0015266435220837593,1,0,0.04596010968089104,1.096894383430481,1.0978568304124243,0.004421283025294542,0.00017037389625329524,0.0
phase5_v12_hardware_unknown_r01_20260929_184546_956,/home/robo25/Downloads/rokuga_phase5_v12_hardware_unknown_r01_20260929_184546_956.tar.xz::phase5_v12_hardware_unknown_r01_20260929_184546_956,1117,37.233333333333334,,,1,328.5,427.0,0.0368189632258553,1.096938618794003,1.0975563627690024,0.044970197356556246,1.096938618794003,1.0978600329969128,3843.5,14,59,73,0.8082191780821918,0.8923844903645228,0.9646128748901995,True,True,accepted,0.04610748589038849,1.0969001054763794,-0.0011372901499271393,3.8504600524902344e-05,0.0012575816363096237,0.0,0.0012575816363096237,0.0010296838590875268,1,0,0.045784108340740204,1.096911072731018,1.09786615124817,0.0028175723273307085,0.00022466984228231013,0.0
phase5_v12_hardware_unknown_r01_20260929_184546_956,/home/robo25/Downloads/rokuga_phase5_v12_hardware_unknown_r01_20260929_184546_956.tar.xz::phase5_v12_hardware_unknown_r01_20260929_184546_956,1118,37.266666666666666,,,1,328.5,427.0,0.0368189632258553,1.096938618794003,1.0975563627690024,0.044970197356556246,1.096938618794003,1.0978600329969128,3839.5,14,59,73,0.8082191780821918,0.8914557696772696,0.9617985971943888,True,True,accepted,0.04587802663445473,1.0969185829162598,-0.0009078308939933777,2.002716064453125e-05,0.0012565999059006572,0.0,0.0012565999059006572,0.0006561818881891668,1,0,0.045620400458574295,1.0969243049621582,1.0978725571552987,0.001537010888569057,0.000252919620834291,0.0
phase5_v12_hardware_unknown_r01_20260929_184546_956,/home/robo25/Downloads/rokuga_phase5_v12_hardware_unknown_r01_20260929_184546_956.tar.xz::phase5_v12_hardware_unknown_r01_20260929_184546_956,1119,37.3,,,1,328.5,427.0,0.0368189632258553,1.096938618794003,1.0975563627690024,0.044970197356556246,1.096938618794003,1.0978600329969128,3852.5,14,59,73,0.8082191780821918,0.8944741119108428,0.9626436781609196,True,True,accepted,0.04567163437604904,1.0969327688217163,-0.0007014386355876923,5.841255187988281e-06,0.001256123767234385,0.0,0.001256123767234385,0.0003917211724910885,1,0,0.04547277092933655,1.09693443775177,1.0978765566409476,0.0005469809984788299,0.00026116412482224405,0.0
phase5_v12_hardware_unknown_r01_20260929_184546_956,/home/robo25/Downloads/rokuga_phase5_v12_hardware_unknown_r01_20260929_184546_956.tar.xz::phase5_v12_hardware_unknown_r01_20260929_184546_956,1120,37.333333333333336,,,1,328.5,427.0,0.0368189632258553,1.092380299216027,1.0930006194729824,0.044970197356556246,1.092380299216027,1.0933055550785353,3857.0,14,60,74,0.8108108108108109,0.8686936936936936,0.9531694056592117,True,True,accepted,0.04549100250005722,1.0969431400299072,-0.000520806759595871,-0.004562854766845703,0.001255928073078394,0.0,0.001255928073078394,0.016793066635727882,1,0,0.04534340649843216,1.09565007686615,1.096587942414872,-0.00018850098422262818,-0.006182488054037094,0.0
phase5_v12_hardware_unknown_r01_20260929_184546_956,/home/robo25/Downloads/rokuga_phase5_v12_hardware_unknown_r01_20260929_184546_956.tar.xz::phase5_v12_hardware_unknown_r01_20260929_184546_956,1121,37.36666666666667,,,1,328.5,427.0,0.0368189632258553,1.096938618794003,1.0975563627690024,0.044970197356556246,1.096938618794003,1.0978600329969128,3838.5,14,59,73,0.8082191780821918,0.8912235895054562,0.9619095351459717,True,True,accepted,0.045337121933698654,1.0954439640045166,-0.0003669261932373047,0.0014946460723876953,0.0012558685848489404,0.0,0.0012558685848489404,0.0018860268173739314,1,0,0.04523314908146858,1.0958675146102905,1.096800641572552,-0.0007068543927744031,-0.00407101446762681,0.0
phase5_v12_hardware_unknown_r01_20260929_184546_956,/home/robo25/Downloads/rokuga_phase5_v12_hardware_unknown_r01_20260929_184546_956.tar.xz::phase5_v12_hardware_unknown_r01_20260929_184546_956,1122,37.4,,,1,319.5,427.5,-0.024177131647027447,1.0910461084262173,1.0913139531806009,0.007903557202307081,1.0910461084262173,1.0910747348043777,3862.5,14,59,74,0.7972972972972973,0.8846770499312873,0.9580801190623838,True,True,accepted,0.04520958662033081,1.0957318544387817,-0.037306029349565506,-0.004685759544372559,0.0012558606686070561,0.0,0.0012558606686070561,1.1256791353225708,1,0,0.034638550132513046,1.0944041013717651,1.0949521296634952,-0.053416021168231964,-0.010691458359360695,0.0
phase5_v12_hardware_unknown_r01_20260929_184546_956,/home/robo25/Downloads/rokuga_phase5_v12_hardware_unknown_r01_20260929_184546_956.tar.xz::phase5_v12_hardware_unknown_r01_20260929_184546_956,1123,37.43333333333333,,,1,328.5,427.0,0.0368189632258553,1.096938618794003,1.0975563627690024,0.044970197356556246,1.096938618794003,1.0978600329969128,3842.5,14,59,73,0.8082191780821918,0.8921523101927096,0.9635155466399198,True,True,accepted,0.03285801410675049,1.0940476655960083,0.012112181633710861,0.002890944480895996,0.0012558605521917343,0.0,0.0012558605521917343,0.12347111105918884,1,0,0.03629012033343315,1.0948668718338013,1.0954681373152524,-0.03630344942212105,-0.0066070170141756535,0.0
phase5_v12_hardware_unknown_r01_20260929_184546_956,/home/robo25/Downloads/rokuga_phase5_v12_hardware_unknown_r01_20260929_184546_956.tar.xz::phase5_v12_hardware_unknown_r01_20260929_184546_956,1124,37.46666666666667,,,1,328.5,427.0,0.0368189632258553,1.096938618794003,1.0975563627690024,0.044970197356556246,1.096938618794003,1.0978600329969128,3836.5,14,59,73,0.8082191780821918,0.8907592291618296,0.9623730089050545,True,True,accepted,0.03508000448346138,1.094646692276001,0.00989019125699997,0.0022919178009033203,0.0012558500748127699,0.0,0.0012558500748127699,0.08207091689109802,1,0,0.037882428616285324,1.0952961444854736,1.095951058452252,-0.022332200780510902,-0.003369369311258197,0.0
phase5_v12_hardware_unknown_r01_20260929_184546_956,/home/robo25/Downloads/rokuga_phase5_v12_hardware_unknown_r01_20260929_184546_956.tar.xz::phase5_v12_hardware_unknown_r01_20260929_184546_956,1125,37.5,,,1,328.5,427.0,0.0368189632258553,1.096938618794003,1.0975563627690024,0.044970197356556246,1.096938618794003,1.0978600329969128,3855.0,14,59,73,0.8082191780821918,0.8950545623403762,0.9650769808486669,True,True,accepted,0.03713802248239517,1.0951838493347168,0.007832173258066177,0.0017547607421875,0.0012558256275951862,0.0,0.0012558256275951862,0.05129862204194069,1,0,0.03935719281435013,1.095681071281433,1.0963877045054158,-0.011270375922322273,-0.000891020754352212,0.0
phase5_v12_hardware_unknown_r01_20260929_184546_956,/home/robo25/Downloads/rokuga_phase5_v12_hardware_unknown_r01_20260929_184546_956.tar.xz::phase5_v12_hardware_unknown_r01_20260929_184546_956,1126,37.53333333333333,,,1,328.5,427.0,0.0368189632258553,1.096938618794003,1.0975563627690024,0.044970197356556246,1.096938618794003,1.0978600329969128,3867.0,14,59,73,0.8082191780821918,0.897840724402136,0.9606260091914048,True,True,accepted,0.03898151218891144,1.095651388168335,0.0059886835515499115,0.001287221908569336,0.0012557907029986382,0.0,0.0012557907029986382,0.02987860143184662,1,0,0.040678225457668304,1.0960160493850708,1.096770668159959,-0.002813988830894232,0.0009266152046620846,0.0
phase5_v12_hardware_unknown_r01_20260929_184546_956,/home/robo25/Downloads/rokuga_phase5_v12_hardware_unknown_r01_20260929_184546_956.tar.xz::phase5_v12_hardware_unknown_r01_20260929_184546_956,1127,37.56666666666667,,,1,328.5,427.0,0.0368189632258553,1.096938618794003,1.0975563627690024,0.044970197356556246,1.096938618794003,1.0978600329969128,3839.0,14,60,73,0.821917808219178,0.8764840182648402,0.9555693839452396,True,True,accepted,0.04058442637324333,1.0960469245910645,0.004385769367218018,0.0008916854858398438,0.0012557506561279297,0.0,0.0012557506561279297,0.015950679779052734,1,0,0.04182690382003784,1.0962995290756226,1.0970971458055128,0.0033777945209294558,0.0021854874212294817,0.0
phase5_v12_hardware_unknown_r01_20260929_184546_956,/home/robo25/Downloads/rokuga_phase5_v12_hardware_unknown_r01_20260929_184546_956.tar.xz::phase5_v12_hardware_unknown_r01_20260929_184546_956,1128,37.6,,,1,328.5,427.0,0.0368189632258553,1.096938618794003,1.0975563627690024,0.044970197356556246,1.096938618794003,1.0978600329969128,3836.0,14,59,73,0.8082191780821918,0.890643139075923,0.9628514056224899,True,True,accepted,0.041939496994018555,1.096372365951538,0.003030698746442795,0.0005662441253662109,0.0012557106092572212,0.0,0.0012557106092572212,0.00757003016769886,1,0,0.04279801622033119,1.0965328216552734,1.0973677137403266,0.007655816618353128,0.0029847766272723675,0.0
phase5_v12_hardware_unknown_r01_20260929_184546_956,/home/robo25/Downloads/rokuga_phase5_v12_hardware_unknown_r01_20260929_184546_956.tar.xz::phase5_v12_hardware_unknown_r01_20260929_184546_956,1129,37.63333333333333,,,1,328.5,427.0,0.0368189632258553,1.096938618794003,1.0975563627690024,0.044970197356556246,1.096938618794003,1.0978600329969128,3844.0,14,59,73,0.8082191780821918,0.8925005804504296,0.9636500376034094,True,True,accepted,0.04305320978164673,1.0966323614120483,0.001916985958814621,0.00030624866485595703,0.0012556741712614894,0.0,0.0012556741712614894,0.0030012750066816807,1,0,0.04359620437026024,1.0967191457748413,1.0975853104631963,0.010361427441239357,0.00341701228171587,0.0
phase5_v12_hardware_unknown_r01_20260929_184546_956,/home/robo25/Downloads/rokuga_phase5_v12_hardware_unknown_r01_20260929_184546_956.tar.xz::phase5_v12_hardware_unknown_r01_20260929_184546_956,1130,37.666666666666664,,,1,328.5,427.0,0.0368189632258553,1.096938618794003,1.0975563627690024,0.044970197356556246,1.096938618794003,1.0978600329969128,3848.5,14,59,73,0.8082191780821918,0.8935453912235896,0.9627267041901189,True,True,accepted,0.04394158348441124,1.0968329906463623,0.0010286122560501099,0.00010561943054199219,0.001255643554031849,0.0,0.001255643554031849,0.0008515143999829888,1,0,0.04423292353749275,1.0968629121780396,1.0977544350337936,0.011813068762421608,0.0035660690627992153,0.0
phase5_v12_hardware_unknown_r01_20260929_184546_956,/home/robo25/Downloads/rokuga_phase5_v12_hardware_unknown_r01_20260929_184546_956.tar.xz::phase5_v12_hardware_unknown_r01_20260929_184546_956,1131,37.7,,,1,328.5,427.0,0.0368189632258553,1.096938618794003,1.0975563627690024,0.044970197356556246,1.096938618794003,1.0978600329969128,3843.0,14,59,73,0.8082191780821918,0.8922684002786162,0.9633993482075708,True,True,accepted,0.04462669417262077,1.0969817638397217,0.00034350156784057617,-4.315376281738281e-05,0.001255619339644909,0.0,0.001255619339644909,9.545534703647718e-05,1,0,0.044723980128765106,1.096969485282898,1.0978808159542566,0.012297810055315495,0.0035051715094596148,0.0
phase5_v12_hardware_unknown_r01_20260929_184546_956,/home/robo25/Downloads/rokuga_phase5_v12_hardware_unknown_r01_20260929_184546_956.tar.xz::phase5_v12_hardware_unknown_r01_20260929_184546_956,1132,37.733333333333334,,,1,328.5,427.0,0.0368189632258553,1.096938618794003,1.0975563627690024,0.044970197356556246,1.096938618794003,1.0978600329969128,3841.0,14,60,73,0.821917808219178,0.8769406392694064,0.9583333333333334,True,True,accepted,0.04513390734791756,1.0970863103866577,-0.00016371160745620728,-0.00014770030975341797,0.001255601178854704,0.0,0.001255601178854704,3.871999797411263e-05,1,0,0.0450875423848629,1.0970444679260254,1.0979706057474412,0.012066792696714401,0.003296748036518693,0.0
phase5_v12_hardware_unknown_r01_20260929_184546_956,/home/robo25/Downloads/rokuga_phase5_v12_hardware_unknown_r01_20260929_184546_956.tar.xz::phase5_v12_hardware_unknown_r01_20260929_184546_956,1133,37.766666666666666,,,1,328.5,427.0,0.0368189632258553,1.096938618794003,1.0975563627690024,0.044970197356556246,1.096938618794003,1.0978600329969128,3844.5,14,59,73,0.8082191780821918,0.8926166705363362,0.9634131061270518,True,True,accepted,0.04548976942896843,1.0971543788909912,-0.0005195736885070801,-0.00021576881408691406,0.0012555884895846248,0.0,0.0012555884895846248,0.0002520834095776081,1,0,0.04534262418746948,1.0970932245254517,1.09802982512674,0.011333624832332134,0.002992277732118964,0.0
phase5_v12_hardware_unknown_r01_20260929_184546_956,/home/robo25/Downloads/rokuga_phase5_v12_hardware_unknown_r01_20260929_184546_956.tar.xz::phase5_v12_hardware_unknown_r01_20260929_184546_956,1134,37.8,,,1,328.5,427.0,0.0368189632258553,1.096938618794003,1.0975563627690024,0.044970197356556246,1.096938618794003,1.0978600329969128,3838.5,14,59,73,0.8082191780821918,0.8912235895054562,0.9622712459262973,True,True,accepted,0.0457204133272171,1.0971930027008057,-0.0007502175867557526,-0.0002543926239013672,0.0012555799912661314,0.0,0.0012555799912661314,0.0004998025251552463,1,0,0.04550795257091522,1.097121000289917,1.0980644166096745,0.010275008156895638,0.002633309457451105,0.0
phase5_v12_hardware_unknown_r01_20260929_184546_956,/home/robo25/Downloads/rokuga_phase5_v12_hardware_unknown_r01_20260929_184546_956.tar.xz::phase5_v12_hardware_unknown_r01_20260929_184546_956,1135,37.833333333333336,,,1,328.5,427.0,0.0368189632258553,1.096938618794003,1.0975563627690024,0.044970197356556246,1.096938618794003,1.0978600329969128,3838.5,14,59,73,0.8082191780821918,0.8912235895054562,0.9642049736247174,True,True,accepted,0.04585045203566551,1.0972087383270264,-0.0008802562952041626,-0.0002701282501220703,0.0012555747525766492,0.0,0.0012555747525766492,0.0006752448389306664,1,0,0.045601166784763336,1.0971322059631348,1.0980794797161388,0.009032901376485825,0.0022521386854350567,0.0
phase5_v12_hardware_unknown_r01_20260929_184546_956,/home/robo25/Downloads/rokuga_phase5_v12_hardware_unknown_r01_20260929_184546_956.tar.xz::phase5_v12_hardware_unknown_r01_20260929_184546_956,1136,37.86666666666667,,,1,328.5,427.0,0.0368189632258553,1.096938618794003,1.0975563627690024,0.044970197356556246,1.096938618794003,1.0978600329969128,3837.5,14,60,73,0.821917808219178,0.8761415525114156,0.955433835428856,True,True,accepted,0.04590226337313652,1.0972073078155518,-0.0009320676326751709,-0.00026869773864746094,0.0012555716093629599,0.0,0.0012555716093629599,0.0007494184537790716,1,0,0.045638307929039,1.0971312522888184,1.0980800698944757,0.007717686239629984,0.0018729866715148091,0.0
phase5_v12_hardware_unknown_r01_20260929_184546_956,/home/robo25/Downloads/rokuga_phase5_v12_hardware_unknown_r01_20260929_184546_956.tar.xz::phase5_v12_hardware_unknown_r01_20260929_184546_956,1137,37.9,,,1,328.5,427.0,0.0368189632258553,1.096938618794003,1.0975563627690024,0.044970197356556246,1.096938618794003,1.0978600329969128,3835.0,14,59,73,0.8082191780821918,0.8904109589041096,0.9633257975383069,True,True,accepted,0.045895565301179886,1.097193717956543,-0.0009253695607185364,-0.0002551078796386719,0.0012555699795484543,0.0,0.0012555699795484543,0.0007338410941883922,1,0,0.045633506029844284,1.0971214771270752,1.0980701036118192,0.006411921698600054,0.001513010705821216,0.0
phase5_v12_hardware_unknown_r01_20260929_184546_956,/home/robo25/Downloads/rokuga_phase5_v12_hardware_unknown_r01_20260929_184546_956.tar.xz::phase5_v12_hardware_unknown_r01_20260929_184546_956,1138,37.93333333333333,,,1,328.5,427.0,0.0368189632258553,1.0955271841610892,1.0961457235645962,0.044970197356556246,1.0955271841610892,1.0964497844799883,3862.5,14,59,74,0.7972972972972973,0.8846770499312873,0.9593889716840537,True,True,accepted,0.04584723711013794,1.0971719026565552,-0.00087704136967659,-0.001644730567932129,0.0012555692810565233,0.0,0.0012555692810565233,0.0027671433053910732,1,0,0.04559886455535889,1.0967061519622803,1.0976536977574713,0.005174350459128618,-0.0008078274549916387,0.0
phase5_v12_hardware_unknown_r01_20260929_184546_956,/home/robo25/Downloads/rokuga_phase5_v12_hardware_unknown_r01_20260929_184546_956.tar.xz::phase5_v12_hardware_unknown_r01_20260929_184546_956,1139,37.96666666666667,,,1,328.5,427.0,0.0368189632258553,1.096938618794003,1.0975563627690024,0.044970197356556246,1.096938618794003,1.0978600329969128,3846.5,14,59,73,0.8082191780821918,0.8930810308799628,0.9637935354547732,True,True,accepted,0.045771341770887375,1.0966792106628418,-0.0008011460304260254,0.0002593994140625,0.0012555689318105578,0.0,0.0012555689318105578,0.0005647821817547083,1,0,0.04554446414113045,1.096752643585205,1.097697890780992,0.004043872468173504,-0.0004417950985953212,0.0
phase5_v12_hardware_unknown_r01_20260929_184546_956,/home/robo25/Downloads/rokuga_phase5_v12_hardware_unknown_r01_20260929_184546_956.tar.xz::phase5_v12_hardware_unknown_r01_20260929_184546_956,1140,38.0,,,1,328.5,427.0,0.0368189632258553,1.096938618794003,1.0975563627690024,0.044970197356556246,1.096938618794003,1.0978600329969128,3864.5,14,59,73,0.8082191780821918,0.8972602739726028,0.9660042494688164,True,True,accepted,0.04567926004528999,1.0967378616333008,-0.0007090643048286438,0.00020074844360351562,0.001255568815395236,0.0,0.001255568815395236,0.0004325307672843337,1,0,0.0454784594476223,1.0967947244644165,1.0977371989172564,0.003043327946215868,-0.00015852355863898993,0.0
phase5_v12_hardware_unknown_r01_20260929_184546_956,/home/robo25/Downloads/rokuga_phase5_v12_hardware_unknown_r01_20260929_184546_956.tar.xz::phase5_v12_hardware_unknown_r01_20260929_184546_956,1141,38.03333333333333,,,1,328.5,427.0,0.0368189632258553,1.096938618794003,1.0975563627690024,0.044970197356556246,1.096938618794003,1.0978600329969128,3859.0,14,59,73,0.8082191780821918,0.8959832830276294,0.9642678660669665,True,True,accepted,0.045579902827739716,1.0967894792556763,-0.0006097070872783661,0.00014913082122802734,0.001255568815395236,0.0,0.001255568815395236,0.00031378824496641755,1,0,0.045407239347696304,1.0968316793441772,1.097771173878303,0.0021829840261489153,5.1911603804910555e-05,0.0
phase5_v12_hardware_unknown_r01_20260929_184546_956,/home/robo25/Downloads/rokuga_phase5_v12_hardware_unknown_r01_20260929_184546_956.tar.xz::phase5_v12_hardware_unknown_r01_20260929_184546_956,1142,38.06666666666667,,,1,328.5,427.0,0.0368189632258553,1.0955271841610892,1.0961457235645962,0.044970197356556246,1.0955271841610892,1.0964497844799883,3854.5,14,59,74,0.7972972972972973,0.8828447091158955,0.9571641420412218,True,True,accepted,0.04548000544309616,1.0968334674835205,-0.0005098097026348114,-0.001306295394897461,0.001255568815395236,0.0,0.001255568815395236,0.0015660738572478294,1,0,0.04533563181757927,1.0964635610580444,1.0974004101695911,0.0014636029954999685,-0.0017913724295794964,0.0
phase5_v12_hardware_unknown_r01_20260929_184546_956,/home/robo25/Downloads/rokuga_phase5_v12_hardware_unknown_r01_20260929_184546_956.tar.xz::phase5_v12_hardware_unknown_r01_20260929_184546_956,1143,38.1,,,1,328.5,427.0,0.0368189632258553,1.096938618794003,1.0975563627690024,0.044970197356556246,1.096938618794003,1.0978600329969128,3868.0,14,59,73,0.8082191780821918,0.8980729045739494,0.9656722007240045,True,True,accepted,0.04538441821932793,1.0964038372039795,-0.00041422247886657715,0.0005347728729248047,0.001255568815395236,0.0,0.001255568815395236,0.0003644262906163931,1,0,0.04526711255311966,1.096555233001709,1.0974891755741052,0.0008791032014414668,-0.0010367666836827993,0.0
phase5_v12_hardware_unknown_r01_20260929_184546_956,/home/robo25/Downloads/rokuga_phase5_v12_hardware_unknown_r01_20260929_184546_956.tar.xz::phase5_v12_hardware_unknown_r01_20260929_184546_956,1144,38.13333333333333,,,1,328.5,427.0,0.0368189632258553,1.096938618794003,1.0975563627690024,0.044970197356556246,1.096938618794003,1.0978600329969128,3849.0,14,60,73,0.821917808219178,0.8787671232876713,0.9581777445855115,True,True,accepted,0.04529641568660736,1.0965206623077393,-0.00032621994614601135,0.00041794776916503906,0.001255568815395236,0.0,0.001255568815395236,0.0002238824381493032,1,0,0.045204032212495804,1.0966390371322632,1.0975703085864912,0.0004187819722574204,-0.0004470104759093374,0.0
phase5_v12_hardware_unknown_r01_20260929_184546_956,/home/robo25/Downloads/rokuga_phase5_v12_hardware_unknown_r01_20260929_184546_956.tar.xz::phase5_v12_hardware_unknown_r01_20260929_184546_956,1145,38.166666666666664,,,1,328.5,427.0,0.0368189632258553,1.096938618794003,1.0975563627690024,0.044970197356556246,1.096938618794003,1.0978600329969128,3852.5,14,59,73,0.8082191780821918,0.8944741119108428,0.964209735952947,True,True,accepted,0.04521799087524414,1.0966241359710693,-0.00024779513478279114,0.00031447410583496094,0.0012555686989799142,0.0,0.0012555686989799142,0.00012766836152877659,1,0,0.045147817581892014,1.0967131853103638,1.097642080218325,6.912424578331411e-05,-3.263665803387994e-06,0.0
phase5_v12_hardware_unknown_r01_20260929_184546_956,/home/robo25/Downloads/rokuga_phase5_v12_hardware_unknown_r01_20260929_184546_956.tar.xz::phase5_v12_hardware_unknown_r01_20260929_184546_956,1146,38.2,,,1,328.5,427.0,0.0368189632258553,1.096938618794003,1.0975563627690024,0.044970197356556246,1.096938618794003,1.0978600329969128,3856.5,14,59,73,0.8082191780821918,0.8954028325980962,0.964848636477358,True,True,accepted,0.04515012353658676,1.0967130661010742,-0.000179927796125412,0.00022554397583007812,0.0012555685825645924,0.0,0.0012555685825645924,6.62999227643013e-05,1,0,0.0450991690158844,1.0967769622802734,1.0977038034163258,-0.000184767457540147,0.0003149959084112197,0.0
phase5_v12_hardware_unknown_r01_20260929_184546_956,/home/robo25/Downloads/rokuga_phase5_v12_hardware_unknown_r01_20260929_184546_956.tar.xz::phase5_v12_hardware_unknown_r01_20260929_184546_956,1147,38.233333333333334,,,1,328.5,427.0,0.0368189632258553,1.096938618794003,1.0975563627690024,0.044970197356556246,1.096938618794003,1.0978600329969128,3860.5,14,59,73,0.8082191780821918,0.8963315532853494,0.966091091091091,True,True,accepted,0.04509301111102104,1.096787452697754,-0.00012281537055969238,0.00015115737915039062,0.0012555684661492705,0.0,0.0012555684661492705,3.0211151170078665e-05,1,0,0.0450582318007946,1.0968302488327026,1.0977553639164888,-0.0003580691700335592,0.0005282903439365327,0.0
phase5_v12_hardware_unknown_r01_20260929_184546_956,/home/robo25/Downloads/rokuga_phase5_v12_hardware_unknown_r01_20260929_184546_956.tar.xz::phase5_v12_hardware_unknown_r01_20260929_184546_956,1148,38.266666666666666,,,1,328.5,427.0,0.0368189632258553,1.096938618794003,1.0975563627690024,0.044970197356556246,1.096938618794003,1.0978600329969128,3851.0,14,59,73,0.8082191780821918,0.8941258416531228,0.9656469408224674,True,True,accepted,0.04504629597067833,1.0968478918075562,-7.610023021697998e-05,9.071826934814453e-05,0.0012555683497339487,0.0,0.0012555683497339487,1.1167094271513633e-05,1,0,0.04502474516630173,1.0968736410140991,1.0977973456102075,-0.00046545229270122945,0.0006563006318174303,0.0
phase5_v12_hardware_unknown_r01_20260929_184546_956,/home/robo25/Downloads/rokuga_phase5_v12_hardware_unknown_r01_20260929_184546_956.tar.xz::phase5_v12_hardware_unknown_r01_20260929_184546_956,1149,38.3,,,1,320.0,427.5,-0.020782793494480107,1.091039928141972,1.0912378518478332,0.009966258283819201,1.091039928141972,1.0910854462892534,3859.0,14,59,74,0.7972972972972973,0.8838754008245534,0.958400596051161,True,True,accepted,0.04500922933220863,1.0968955755233765,-0.03504297137260437,-0.005855679512023926,0.0012555683497339487,0.0,0.0012555683497339487,1.00536048412323,1,0,0.03508530184626579,1.0952372550964355,1.095799079830248,-0.04991369694471359,-0.00760649936273694,0.0
phase5_v12_hardware_unknown_r01_20260929_184546_956,/home/robo25/Downloads/rokuga_phase5_v12_hardware_unknown_r01_20260929_184546_956.tar.xz::phase5_v12_hardware_unknown_r01_20260929_184546_956,1150,38.333333333333336,,,1,328.0,427.0,0.03343432370945203,1.097277950337726,1.0977872081142452,0.042913390027040685,1.097277950337726,1.0981167785536172,3838.0,15,59,73,0.8082191780821918,0.8911074994195496,0.9605806532348893,True,True,accepted,0.03342151269316673,1.094983696937561,0.009491875767707825,0.002294301986694336,0.0012555683497339487,0.0,0.0012555683497339487,0.0759492889046669,1,0,0.036109548062086105,1.0956333875656128,1.0962282697548664,-0.03651995584368706,-0.0043690684251487255,0.0
phase5_v12_hardware_unknown_r01_20260929_184546_956,/home/robo25/Downloads/rokuga_phase5_v12_hardware_unknown_r01_20260929_184546_956.tar.xz::phase5_v12_hardware_unknown_r01_20260929_184546_956,1151,38.36666666666667,,,1,328.5,427.0,0.0368189632258553,1.093207455319658,1.0938273064883273,0.044970197356556246,1.093207455319658,1.0941320116954671,3842.5,14,59,74,0.7972972972972973,0.880096197892808,0.9605049368828896,True,True,accepted,0.03489221632480621,1.0954877138137817,0.010077979415655136,-0.0022802352905273438,0.0012555682333186269,0.0,0.0012555682333186269,0.08503332734107971,1,0,0.037746232002973557,1.0948419570922852,1.0954924413432015,-0.022299177944660187,-0.007586650084704161,0.0
phase5_v12_hardware_unknown_r01_20260929_184546_956,/home/robo25/Downloads/rokuga_phase5_v12_hardware_unknown_r01_20260929_184546_956.tar.xz::phase5_v12_hardware_unknown_r01_20260929_184546_956,1152,38.4,,,1,328.5,427.0,0.0368189632258553,1.096938618794003,1.0975563627690024,0.044970197356556246,1.096938618794003,1.0978600329969128,3847.0,14,59,73,0.8082191780821918,0.8931971209658696,0.9639188173390127,True,True,accepted,0.03700292482972145,1.094589114189148,0.007967270910739899,0.0023494958877563477,0.0012555682333186269,0.0,0.0012555682333186269,0.054953236132860184,1,0,0.039259202778339386,1.0952544212341309,1.095957814989109,-0.011056766845285892,-0.004271336831152439,0.0
phase5_v12_hardware_unknown_r01_20260929_184546_956,/home/robo25/Downloads/rokuga_phase5_v12_hardware_unknown_r01_20260929_184546_956.tar.xz::phase5_v12_hardware_unknown_r01_20260929_184546_956,1153,38.43333333333333,,,1,328.5,427.0,0.0368189632258553,1.096938618794003,1.0975563627690024,0.044970197356556246,1.096938618794003,1.0978600329969128,3840.0,14,59,73,0.8082191780821918,0.8915718597631762,0.9645817633760362,True,True,accepted,0.038890644907951355,1.0951120853424072,0.0060795508325099945,0.0018265247344970703,0.0012555682333186269,0.0,0.0012555682333186269,0.03209473565220833,1,0,0.04061233252286911,1.095629334449768,1.096381776599643,-0.0024780689273029566,-0.0016939747147262096,0.0
phase5_v12_hardware_unknown_r01_20260929_184546_956,/home/robo25/Downloads/rokuga_phase5_v12_hardware_unknown_r01_20260929_184546_956.tar.xz::phase5_v12_hardware_unknown_r01_20260929_184546_956,1154,38.46666666666667,,,1,328.5,427.0,0.0368189632258553,1.096938618794003,1.0975563627690024,0.044970197356556246,1.096938618794003,1.0978600329969128,3843.0,14,59,73,0.8082191780821918,0.8922684002786162,0.964366373902133,True,True,accepted,0.040529731661081314,1.095572829246521,0.004440464079380035,0.0013657808303833008,0.0012555682333186269,0.0,0.0012555682333186269,0.017189888283610344,1,0,0.04178724065423012,1.0959596633911133,1.096756015375278,0.0037877552676945925,0.00023324332141783088,0.0
phase5_v12_hardware_unknown_r01_20260929_184546_956,/home/robo25/Downloads/rokuga_phase5_v12_hardware_unknown_r01_20260929_184546_956.tar.xz::phase5_v12_hardware_unknown_r01_20260929_184546_956,1155,38.5,,,1,328.5,427.0,0.0368189632258553,1.096938618794003,1.0975563627690024,0.044970197356556246,1.096938618794003,1.0978600329969128,3827.5,14,59,73,0.8082191780821918,0.8886696076155096,0.9650781643973777,True,True,accepted,0.04191349819302559,1.095967411994934,0.0030566975474357605,0.0009711980819702148,0.0012555682333186269,0.0,0.0012555682333186269,0.00819280557334423,1,0,0.04277913272380829,1.0962424278259277,1.0970768044044525,0.008100981824100018,0.0016036758897826076,0.0
phase5_v12_hardware_unknown_r01_20260929_184546_956,/home/robo25/Downloads/rokuga_phase5_v12_hardware_unknown_r01_20260929_184546_956.tar.xz::phase5_v12_hardware_unknown_r01_20260929_184546_956,1156,38.53333333333333,,,1,328.5,427.0,0.0368189632258553,1.096938618794003,1.0975563627690024,0.044970197356556246,1.096938618794003,1.0978600329969128,3823.0,14,59,73,0.8082191780821918,0.8876247968423496,0.9650384955193739,True,True,accepted,0.0430491641163826,1.0962958335876465,0.0019210316240787506,0.0006427764892578125,0.0012555682333186269,0.0,0.0012555682333186269,0.003268260508775711,1,0,0.043593186885118484,1.0964778661727905,1.0973441014329264,0.01081169955432415,0.0025106812827289104,0.0
phase5_v12_hardware_unknown_r01_20260929_184546_956,/home/robo25/Downloads/rokuga_phase5_v12_hardware_unknown_r01_20260929_184546_956.tar.xz::phase5_v12_hardware_unknown_r01_20260929_184546_956,1157,38.56666666666667,,,1,328.5,427.0,0.0368189632258553,1.096938618794003,1.0975563627690024,0.044970197356556246,1.096938618794003,1.0978600329969128,3841.5,14,59,73,0.8082191780821918,0.8919201300208962,0.9671450151057401,True,True,accepted,0.04395357519388199,1.0965615510940552,0.001016620546579361,0.0003770589828491211,0.0012555682333186269,0.0,0.0012555682333186269,0.0009363814606331289,1,0,0.04424147680401802,1.0966683626174927,1.0975603882410903,0.012246226891875267,0.0030427395831793547,0.0
phase5_v12_hardware_unknown_r01_20260929_184546_956,/home/robo25/Downloads/rokuga_phase5_v12_hardware_unknown_r01_20260929_184546_956.tar.xz::phase5_v12_hardware_unknown_r01_20260929_184546_956,1158,38.6,,,1,320.0,427.5,-0.020782793494480107,1.091039928141972,1.0912378518478332,0.009966258283819201,1.091039928141972,1.0910854462892534,3848.5,14,59,74,0.7972972972972973,0.8814704535043518,0.9620047494063242,True,True,accepted,0.04464968293905258,1.0967698097229004,-0.03468342497944832,-0.0057299137115478516,0.0012555682333186269,0.0,0.0012555682333186269,0.9842331409454346,1,0,0.0348275750875473,1.0951471328735352,1.0957007815218547,-0.03669465705752373,-0.005042593460530043,0.0
phase5_v12_hardware_unknown_r01_20260929_184546_956,/home/robo25/Downloads/rokuga_phase5_v12_hardware_unknown_r01_20260929_184546_956.tar.xz::phase5_v12_hardware_unknown_r01_20260929_184546_956,1159,38.63333333333333,,,1,328.5,427.0,0.0368189632258553,1.096938618794003,1.0975563627690024,0.044970197356556246,1.096938618794003,1.0978600329969128,3841.0,14,59,73,0.8082191780821918,0.8918040399349896,0.9662893081761006,True,True,accepted,0.033604420721530914,1.0949790477752686,0.011365775018930435,0.001959562301635742,0.0012555682333186269,0.0,0.0012555682333186269,0.10594464093446732,1,0,0.03682313114404678,1.0955339670181274,1.0961526425994361,-0.020656704902648926,-0.0022775058168917894,0.0
phase5_v12_hardware_unknown_r01_20260929_184546_956,/home/robo25/Downloads/rokuga_phase5_v12_hardware_unknown_r01_20260929_184546_956.tar.xz::phase5_v12_hardware_unknown_r01_20260929_184546_956,1160,38.666666666666664,,,1,328.5,427.0,0.0368189632258553,1.096938618794003,1.0975563627690024,0.044970197356556246,1.096938618794003,1.0978600329969128,3834.0,14,59,73,0.8082191780821918,0.8901787787322962,0.965135305223411,True,True,accepted,0.03613457456231117,1.0954580307006836,0.008835621178150177,0.0014805793762207031,0.0012555682333186269,0.0,0.0012555682333186269,0.06392350047826767,1,0,0.03863676264882088,1.0958772897720337,1.0965581761430077,-0.008188988082110882,-0.00018829850887414068,0.0
phase5_v12_hardware_unknown_r01_20260929_184546_956,/home/robo25/Downloads/rokuga_phase5_v12_hardware_unknown_r01_20260929_184546_956.tar.xz::phase5_v12_hardware_unknown_r01_20260929_184546_956,1161,38.7,,,1,328.5,427.0,0.0368189632258553,1.096938618794003,1.0975563627690024,0.044970197356556246,1.096938618794003,1.0978600329969128,3839.5,14,59,73,0.8082191780821918,0.8914557696772696,0.9659119496855346,True,True,accepted,0.03836379572749138,1.0958709716796875,0.006606400012969971,0.0010676383972167969,0.0012555682333186269,0.0,0.0012555682333186269,0.03566861152648926,1,0,0.040234681218862534,1.0961732864379883,1.096911438299849,0.0011331322602927685,0.001318218419328332,0.0
phase5_v12_hardware_unknown_r01_20260929_184546_956,/home/robo25/Downloads/rokuga_phase5_v12_hardware_unknown_r01_20260929_184546_956.tar.xz::phase5_v12_hardware_unknown_r01_20260929_184546_956,1162,38.733333333333334,,,1,320.0,427.5,-0.020782793494480107,1.091039928141972,1.0912378518478332,0.009966258283819201,1.091039928141972,1.0910854462892534,3852.5,14,59,74,0.7972972972972973,0.8823866239120477,0.9620427019602946,True,True,accepted,0.04027245193719864,1.0962172746658325,-0.030306193977594376,-0.0051773786544799805,0.0012555682333186269,0.0,0.0012555682333186269,0.7528627514839172,1,0,0.03168994560837746,1.0947511196136475,1.0952096906748026,-0.04163115471601486,-0.005987446755170822,0.0
phase5_v12_hardware_unknown_r01_20260929_184546_956,/home/robo25/Downloads/rokuga_phase5_v12_hardware_unknown_r01_20260929_184546_956.tar.xz::phase5_v12_hardware_unknown_r01_20260929_184546_956,1163,38.766666666666666,,,1,328.5,427.0,0.0368189632258553,1.096938618794003,1.0975563627690024,0.044970197356556246,1.096938618794003,1.0978600329969128,3838.5,14,60,73,0.821917808219178,0.8763698630136987,0.9601050525262631,True,True,accepted,0.03030223958194256,1.0945515632629395,0.014667956158518791,0.0023870468139648438,0.0012555682333186269,0.0,0.0012555682333186269,0.17589402198791504,1,0,0.034456104040145874,1.095227599143982,1.0957694634512847,-0.02093358151614666,-0.002619146602228284,0.0
phase5_v12_hardware_unknown_r01_20260929_184546_956,/home/robo25/Downloads/rokuga_phase5_v12_hardware_unknown_r01_20260929_184546_956.tar.xz::phase5_v12_hardware_unknown_r01_20260929_184546_956,1164,38.8,,,1,328.5,427.0,0.0368189632258553,1.0940076722925733,1.0946270703248853,0.044970197356556246,1.0940076722925733,1.0949315529681762,3843.5,14,59,74,0.7972972972972973,0.880325240494732,0.961235463298737,True,True,accepted,0.033758316189050674,1.0951403379440308,0.011211879551410675,-0.0011326074600219727,0.0012555682333186269,0.0,0.0012555682333186269,0.10114070028066635,1,0,0.03693344444036484,1.0948195457458496,1.0954423385397234,-0.005112788174301386,-0.004217339679598808,0.0
phase5_v12_hardware_unknown_r01_20260929_184546_956,/home/robo25/Downloads/rokuga_phase5_v12_hardware_unknown_r01_20260929_184546_956.tar.xz::phase5_v12_hardware_unknown_r01_20260929_184546_956,1165,38.833333333333336,,,1,328.5,427.0,0.0368189632258553,1.0955271841610892,1.0961457235645962,0.044970197356556246,1.0955271841610892,1.0964497844799883,3841.5,14,59,74,0.7972972972972973,0.8798671552908841,0.960375,True,True,accepted,0.0367630198597908,1.0946789979934692,0.008207175880670547,0.0008481740951538086,0.0012555682333186269,0.0,0.0012555682333186269,0.05422017723321915,1,0,0.03908723592758179,1.094919204711914,1.0956166651066552,0.00646814564242959,-0.003020503092557192,0.0
phase5_v12_hardware_unknown_r01_20260929_184546_956,/home/robo25/Downloads/rokuga_phase5_v12_hardware_unknown_r01_20260929_184546_956.tar.xz::phase5_v12_hardware_unknown_r01_20260929_184546_956,1166,38.86666666666667,,,1,328.5,427.0,0.0368189632258553,1.096938618794003,1.0975563627690024,0.044970197356556246,1.096938618794003,1.0978600329969128,3839.0,14,59,73,0.8082191780821918,0.8913396795913628,0.9657861635220126,True,True,accepted,0.03930284082889557,1.0948184728622437,0.005667354911565781,0.0021201372146606445,0.0012555682333186269,0.0,0.0012555682333186269,0.02916121296584606,1,0,0.04090779647231102,1.095418930053711,1.0961825031135266,0.014465203508734703,-2.8832249881816097e-05,0.0
phase5_v12_hardware_unknown_r01_20260929_184546_956,/home/robo25/Downloads/rokuga_phase5_v12_hardware_unknown_r01_20260929_184546_956.tar.xz::phase5_v12_hardware_unknown_r01_20260929_184546_956,1167,38.9,,,1,328.5,427.0,0.0368189632258553,1.096938618794003,1.0975563627690024,0.044970197356556246,1.096938618794003,1.0978600329969128,3829.0,14,59,73,0.8082191780821918,0.8890178778732296,0.9641193503713962,True,True,accepted,0.04138996824622154,1.0954179763793945,0.003580227494239807,0.0015206336975097656,0.0012555682333186269,0.0,0.0012555682333186269,0.012050604447722435,1,0,0.04240386560559273,1.095848560333252,1.0966686623601305,0.019517170265316963,0.002116894582286477,0.0
phase5_v12_hardware_unknown_r01_20260929_184546_956,/home/robo25/Downloads/rokuga_phase5_v12_hardware_unknown_r01_20260929_184546_956.tar.xz::phase5_v12_hardware_unknown_r01_20260929_184546_956,1168,38.93333333333333,,,1,320.0,427.5,-0.020782793494480107,1.091039928141972,1.0912378518478332,0.009966258283819201,1.091039928141972,1.0910854462892534,3845.0,14,59,74,0.7972972972972973,0.880668804397618,0.9613701712714089,True,True,accepted,0.04305443912744522,1.095919132232666,-0.03308818116784096,-0.0048792362213134766,0.0012555682333186269,0.0,0.0012555682333186269,0.8909389972686768,1,0,0.03368409350514412,1.094537377357483,1.0950555641554724,-0.02717270702123642,-0.004768069367855787,0.0
phase5_v12_hardware_unknown_r01_20260929_184546_956,/home/robo25/Downloads/rokuga_phase5_v12_hardware_unknown_r01_20260929_184546_956.tar.xz::phase5_v12_hardware_unknown_r01_20260929_184546_956,1169,38.96666666666667,,,1,326.5,427.0,0.023269115708241805,1.0982417495004286,1.0984882302927081,0.0367361075656111,1.0982417495004286,1.0988559878095192,3824.5,14,59,73,0.8082191780821918,0.8879730671000696,0.9632288124921294,True,True,accepted,0.032778337597846985,1.0943784713745117,0.003957770764827728,0.0038633346557617188,0.0012555682333186269,0.0,0.0012555682333186269,0.024362916126847267,1,0,0.03389915078878403,1.0954725742340088,1.0959969495044621,-0.021587999537587166,0.0006833823281340301,0.0
phase5_v12_hardware_unknown_r01_20260929_184546_956,/home/robo25/Downloads/rokuga_phase5_v12_hardware_unknown_r01_20260929_184546_956.tar.xz::phase5_v12_hardware_unknown_r01_20260929_184546_956,1170,39.0,,,1,328.5,427.0,0.0368189632258553,1.096938618794003,1.0975563627690024,0.044970197356556246,1.096938618794003,1.0978600329969128,3838.5,14,59,73,0.8082191780821918,0.8912235895054562,0.9660249150622876,True,True,accepted,0.03317955136299133,1.095495343208313,0.011790644377470016,0.0014432668685913086,0.0012555682333186269,0.0,0.0012555682333186269,0.11238124221563339,1,0,0.036518581211566925,1.0959041118621826,1.0965123935323964,-0.00495052570477128,0.002719938987866044,0.0
phase5_v12_hardware_unknown_r01_20260929_184546_956,/home/robo25/Downloads/rokuga_phase5_v12_hardware_unknown_r01_20260929_184546_956.tar.xz::phase5_v12_hardware_unknown_r01_20260929_184546_956,1171,39.03333333333333,,,1,328.5,427.0,0.0368189632258553,1.096938618794003,1.0975563627690024,0.044970197356556246,1.096938618794003,1.0978600329969128,3828.0,14,59,73,0.8082191780821918,0.8887856977014162,0.9638675563389147,True,True,accepted,0.03635356202721596,1.0959948301315308,0.008616633713245392,0.0009437799453735352,0.0012555682333186269,0.0,0.0012555682333186269,0.05984310060739517,1,0,0.03879373148083687,1.0962620973587036,1.0969482848828886,0.007208183407783508,0.004051682539284229,0.0
phase5_v12_hardware_unknown_r01_20260929_184546_956,/home/robo25/Downloads/rokuga_phase5_v12_hardware_unknown_r01_20260929_184546_956.tar.xz::phase5_v12_hardware_unknown_r01_20260929_184546_956,1172,39.06666666666667,,,1,320.0,427.5,-0.020782793494480107,1.091039928141972,1.0912378518478332,0.009966258283819201,1.091039928141972,1.0910854462892534,3837.0,14,59,74,0.7972972972972973,0.8788364635822263,0.960450563204005,True,True,accepted,0.039034005254507065,1.0963971614837646,-0.0290677472949028,-0.005357265472412109,0.0012555682333186269,0.0,0.0012555682333186269,0.6958078145980835,1,0,0.030802220106124878,1.0948799848556519,1.095313178045886,-0.03380856290459633,-0.003507816232740879,0.0
phase5_v12_hardware_unknown_r01_20260929_184546_956,/home/robo25/Downloads/rokuga_phase5_v12_hardware_unknown_r01_20260929_184546_956.tar.xz::phase5_v12_hardware_unknown_r01_20260929_184546_956,1173,39.1,,,1,328.5,427.0,0.0368189632258553,1.096938618794003,1.0975563627690024,0.044970197356556246,1.096938618794003,1.0978600329969128,3822.0,14,59,73,0.8082191780821918,0.8873926166705364,0.9644208932626798,True,True,accepted,0.02967526763677597,1.0947630405426025,0.015294928103685379,0.002175569534301758,0.0012555682333186269,0.0,0.0012555682333186269,0.19008758664131165,1,0,0.03400668501853943,1.095379114151001,1.0959068657254512,-0.0122262854129076,-0.00043792626820504665,0.0
phase5_v12_hardware_unknown_r01_20260929_184546_956,/home/robo25/Downloads/rokuga_phase5_v12_hardware_unknown_r01_20260929_184546_956.tar.xz::phase5_v12_hardware_unknown_r01_20260929_184546_956,1174,39.13333333333333,,,1,328.5,427.0,0.0368189632258553,1.096938618794003,1.0975563627690024,0.044970197356556246,1.096938618794003,1.0978600329969128,3829.0,14,59,73,0.8082191780821918,0.8890178778732296,0.9647266313932981,True,True,accepted,0.033599141985177994,1.0953645706176758,0.011371053755283356,0.0015740394592285156,0.0012555682333186269,0.0,0.0012555682333186269,0.10495524108409882,1,0,0.036819346249103546,1.0958102941513062,1.0964286867034188,0.003819114761427045,0.001783160143531859,0.0
phase5_v12_hardware_unknown_r01_20260929_184546_956,/home/robo25/Downloads/rokuga_phase5_v12_hardware_unknown_r01_20260929_184546_956.tar.xz::phase5_v12_hardware_unknown_r01_20260929_184546_956,1175,39.166666666666664,,,1,328.5,427.0,0.0368189632258553,1.096938618794003,1.0975563627690024,0.044970197356556246,1.096938618794003,1.0978600329969128,3835.5,14,59,73,0.8082191780821918,0.8905270489900162,0.9649056603773585,True,True,accepted,0.036946650594472885,1.095869779586792,0.008023545145988464,0.0010688304901123047,0.0012555682333186269,0.0,0.0012555682333186269,0.05218328535556793,1,0,0.03921886160969734,1.0961724519729614,1.0968738138775924,0.01514093205332756,0.003291359171271324,0.0
phase5_v12_hardware_unknown_r01_20260929_184546_956,/home/robo25/Downloads/rokuga_phase5_v12_hardware_unknown_r01_20260929_184546_956.tar.xz::phase5_v12_hardware_unknown_r01_20260929_184546_956,1176,39.2,,,1,328.5,427.0,0.0368189632258553,1.096938618794003,1.0975563627690024,0.044970197356556246,1.096938618794003,1.0978600329969128,3807.0,14,59,73,0.8082191780821918,0.8839099140933364,0.9600302610011348,True,True,accepted,0.039723560214042664,1.0962821245193481,0.005246635526418686,0.0006564855575561523,0.0012555682333186269,0.0,0.0012555682333186269,0.022267336025834084,1,0,0.04120936989784241,1.0964680910110474,1.0972422188253548,0.02254432439804077,0.004217708948999643,0.0
phase5_v12_hardware_unknown_r01_20260929_184546_956,/home/robo25/Downloads/rokuga_phase5_v12_hardware_unknown_r01_20260929_184546_956.tar.xz::phase5_v12_hardware_unknown_r01_20260929_184546_956,1177,39.233333333333334,,,1,328.5,427.0,0.0368189632258553,1.0940076722925733,1.0946270703248853,0.044970197356556246,1.0940076722925733,1.0949315529681762,3825.5,14,59,74,0.7972972972972973,0.8762024736601007,0.9584116247024927,True,True,accepted,0.04196084663271904,1.0966086387634277,0.0030093491077423096,-0.0026009082794189453,0.0012555682333186269,0.0,0.0012555682333186269,0.012600593268871307,1,0,0.042813073843717575,1.0958720445632935,1.0967080273925602,0.026790739968419075,0.0005476344958879054,0.0
phase5_v12_hardware_unknown_r01_20260929_184546_956,/home/robo25/Downloads/rokuga_phase5_v12_hardware_unknown_r01_20260929_184546_956.tar.xz::phase5_v12_hardware_unknown_r01_20260929_184546_956,1178,39.266666666666666,,,1,328.5,427.0,0.0368189632258553,1.0955271841610892,1.0961457235645962,0.044970197356556246,1.0955271841610892,1.0964497844799883,3828.5,14,59,74,0.7972972972972973,0.8768896014658727,0.9589229805886036,True,True,accepted,0.04370609670877457,1.0958902835845947,0.0012640990316867828,-0.0003631114959716797,0.0012555682333186269,0.0,0.0012555682333186269,0.0013776998966932297,1,0,0.04406408220529556,1.0957874059677124,1.096673006149984,0.02857447788119316,3.5257246054243296e-05,0.0
phase5_v12_hardware_unknown_r01_20260929_184546_956,/home/robo25/Downloads/rokuga_phase5_v12_hardware_unknown_r01_20260929_184546_956.tar.xz::phase5_v12_hardware_unknown_r01_20260929_184546_956,1179,39.3,,,1,328.5,427.0,0.0368189632258553,1.096938618794003,1.0975563627690024,0.044970197356556246,1.096938618794003,1.0978600329969128,3826.0,14,59,74,0.7972972972972973,0.8763169949610627,0.9582968065122104,True,True,accepted,0.045016564428806305,1.095788598060608,-4.6368688344955444e-05,0.0011500120162963867,0.0012555682333186269,0.0,0.0012555682333186269,0.0010550423758104444,1,0,0.04500343278050423,1.0961142778396606,1.0970377473204787,0.028509048745036125,0.0016580094816163182,0.0
phase5_v12_hardware_unknown_r01_20260929_184546_956,/home/robo25/Downloads/rokuga_phase5_v12_hardware_unknown_r01_20260929_184546_956.tar.xz::phase5_v12_hardware_unknown_r01_20260929_184546_956,1180,39.333333333333336,,,1,320.0,427.5,-0.020782793494480107,1.091039928141972,1.0912378518478332,0.009966258283819201,1.091039928141972,1.0910854462892534,3833.0,14,59,74,0.7972972972972973,0.8779202931745305,0.9596895343014522,True,True,accepted,0.04595373570919037,1.0961695909500122,-0.035987477749586105,-0.005129694938659668,0.0012555682333186269,0.0,0.0012555682333186269,1.0524417161941528,1,0,0.035762328654527664,1.0947169065475464,1.0953008945636007,-0.022271951660513878,-0.0055803703144192696,0.0
phase5_v12_hardware_unknown_r01_20260929_184546_956,/home/robo25/Downloads/rokuga_phase5_v12_hardware_unknown_r01_20260929_184546_956.tar.xz::phase5_v12_hardware_unknown_r01_20260929_184546_956,1181,39.36666666666667,,,1,328.5,427.0,0.0368189632258553,1.096938618794003,1.0975563627690024,0.044970197356556246,1.096938618794003,1.0978600329969128,3813.0,14,59,73,0.8082191780821918,0.8853029951242164,0.9608164293813783,True,True,accepted,0.03501993045210838,1.0945309400558472,0.009950265288352966,0.002407670021057129,0.0012555682333186269,0.0,0.0012555682333186269,0.0834718868136406,1,0,0.03783777728676796,1.0952128171920776,1.0958662383392466,-0.008231389336287975,-0.002182969357818365,0.0
phase5_v12_hardware_unknown_r01_20260929_184546_956,/home/robo25/Downloads/rokuga_phase5_v12_hardware_unknown_r01_20260929_184546_956.tar.xz::phase5_v12_hardware_unknown_r01_20260929_184546_956,1182,39.4,,,1,328.5,427.0,0.0368189632258553,1.096938618794003,1.0975563627690024,0.044970197356556246,1.096938618794003,1.0978600329969128,3805.0,14,59,73,0.8082191780821918,0.8834455537497098,0.9617085808163781,True,True,accepted,0.037563398480415344,1.0951400995254517,0.007406797260046005,0.0017985105514526367,0.0012555682333186269,0.0,0.0012555682333186269,0.046270113438367844,1,0,0.03966095298528671,1.0956494808197021,1.096367080868531,0.0022201507817953825,0.0003548624226823449,0.0
phase5_v12_hardware_unknown_r01_20260929_184546_956,/home/robo25/Downloads/rokuga_phase5_v12_hardware_unknown_r01_20260929_184546_956.tar.xz::phase5_v12_hardware_unknown_r01_20260929_184546_956,1183,39.43333333333333,,,1,328.5,427.0,0.0368189632258553,1.096938618794003,1.0975563627690024,0.044970197356556246,1.096938618794003,1.0978600329969128,3821.5,14,59,73,0.8082191780821918,0.8872765265846296,0.9633224098815225,True,True,accepted,0.03973495960235596,1.0956612825393677,0.0052352361381053925,0.001277327537536621,0.0012555682333186269,0.0,0.0012555682333186269,0.023128380998969078,1,0,0.04121754318475723,1.0960229635238647,1.0967977126333837,0.009607457555830479,0.00215726625174284,0.0
phase5_v12_hardware_unknown_r01_20260929_184546_956,/home/robo25/Downloads/rokuga_phase5_v12_hardware_unknown_r01_20260929_184546_956.tar.xz::phase5_v12_hardware_unknown_r01_20260929_184546_956,1184,39.46666666666667,,,1,328.5,427.0,0.0368189632258553,1.096938618794003,1.0975563627690024,0.044970197356556246,1.096938618794003,1.0978600329969128,3796.5,14,59,73,0.8082191780821918,0.8814720222892964,0.9575031525851198,True,True,accepted,0.04153779149055481,1.0960948467254639,0.00343240424990654,0.0008437633514404297,0.0012555682333186269,0.0,0.0012555682333186269,0.009950343519449234,1,0,0.04250982403755188,1.0963337421417236,1.0971575817986126,0.01445083413273096,0.003347878810018301,0.0
phase5_v12_hardware_unknown_r01_20260929_184546_956,/home/robo25/Downloads/rokuga_phase5_v12_hardware_unknown_r01_20260929_184546_956.tar.xz::phase5_v12_hardware_unknown_r01_20260929_184546_956,1185,39.5,,,1,328.5,427.0,0.0368189632258553,1.096938618794003,1.0975563627690024,0.044970197356556246,1.096938618794003,1.0978600329969128,3804.5,14,59,73,0.8082191780821918,0.8833294636638032,0.9618253065352041,True,True,accepted,0.0429915189743042,1.0964453220367432,0.0019786767661571503,0.0004932880401611328,0.0012555682333186269,0.0,0.0012555682333186269,0.0033120419830083847,1,0,0.043551865965127945,1.0965850353240967,1.0974495454123596,0.01724289357662201,0.004043944645673037,0.0
phase5_v12_hardware_unknown_r01_20260929_184546_956,/home/robo25/Downloads/rokuga_phase5_v12_hardware_unknown_r01_20260929_184546_956.tar.xz::phase5_v12_hardware_unknown_r01_20260929_184546_956,1186,39.53333333333333,,,1,320.0,427.5,-0.020782793494480107,1.091039928141972,1.0912378518478332,0.009966258283819201,1.091039928141972,1.0910854462892534,3821.5,14,59,74,0.7972972972972973,0.875286303252405,0.9546590057456907,True,True,accepted,0.04412662982940674,1.0967198610305786,-0.034160371869802475,-0.005679965019226074,0.0012555682333186269,0.0,0.0012555682333186269,0.955099880695343,1,0,0.0344526469707489,1.09511137008667,1.0956531831635385,-0.030959924682974815,-0.00397090706974268,0.0
phase5_v12_hardware_unknown_r01_20260929_184546_956,/home/robo25/Downloads/rokuga_phase5_v12_hardware_unknown_r01_20260929_184546_956.tar.xz::phase5_v12_hardware_unknown_r01_20260929_184546_956,1187,39.56666666666667,,,1,328.5,427.0,0.0368189632258553,1.0955271841610892,1.0961457235645962,0.044970197356556246,1.0955271841610892,1.0964497844799883,3819.5,14,59,74,0.7972972972972973,0.874828218048557,0.9552332124546705,True,True,accepted,0.03342064842581749,1.0949790477752686,0.01154954731464386,0.0005481243133544922,0.0012555682333186269,0.0,0.0012555682333186269,0.10647965967655182,1,0,0.03669140115380287,1.0951342582702637,1.0957487406133717,-0.014662656933069229,-0.003197462996467948,0.0
phase5_v12_hardware_unknown_r01_20260929_184546_956,/home/robo25/Downloads/rokuga_phase5_v12_hardware_unknown_r01_20260929_184546_956.tar.xz::phase5_v12_hardware_unknown_r01_20260929_184546_956,1188,39.6,,,1,328.5,427.0,0.0368189632258553,1.0955271841610892,1.0961457235645962,0.044970197356556246,1.0955271841610892,1.0964497844799883,3823.0,14,59,74,0.7972972972972973,0.8756298671552909,0.9569461827284105,True,True,accepted,0.03620264679193497,1.0950276851654053,0.008767548948526382,0.0004994869232177734,0.0012555682333186269,0.0,0.0012555682333186269,0.06142191216349602,1,0,0.03868555650115013,1.095169186592102,1.095852234355805,-0.00229099509306252,-0.00249264994636178,0.0
phase5_v12_hardware_unknown_r01_20260929_184546_956,/home/robo25/Downloads/rokuga_phase5_v12_hardware_unknown_r01_20260929_184546_956.tar.xz::phase5_v12_hardware_unknown_r01_20260929_184546_956,1189,39.63333333333333,,,1,328.5,427.0,0.0368189632258553,1.096938618794003,1.0975563627690024,0.044970197356556246,1.096938618794003,1.0978600329969128,3802.0,14,59,73,0.8082191780821918,0.8827490132342698,0.9591321897073662,True,True,accepted,0.03860919177532196,1.0950860977172852,0.006361003965139389,0.0018525123596191406,0.0012555682333186269,0.0,0.0012555682333186269,0.03495960682630539,1,0,0.04041058570146561,1.0956107378005981,1.0963557379886815,0.006684853229671717,0.00012138237798353657,0.0
phase5_v12_hardware_unknown_r01_20260929_184546_956,/home/robo25/Downloads/rokuga_phase5_v12_hardware_unknown_r01_20260929_184546_956.tar.xz::phase5_v12_hardware_unknown_r01_20260929_184546_956,1190,39.666666666666664,,,1,328.5,427.0,0.0368189632258553,1.093207455319658,1.0938273064883273,0.044970197356556246,1.093207455319658,1.0941320116954671,3812.5,14,59,74,0.7972972972972973,0.8732249198350893,0.9545568352528793,True,True,accepted,0.040633413940668106,1.0956147909164429,0.004336781799793243,-0.0024073123931884766,0.0012555682333186269,0.0,0.0012555682333186269,0.01959497481584549,1,0,0.04186156019568443,1.094933032989502,1.0957329679048662,0.012804374098777771,-0.00327551388181746,0.0
phase5_v12_hardware_unknown_r01_20260929_184546_956,/home/robo25/Downloads/rokuga_phase5_v12_hardware_unknown_r01_20260929_184546_956.tar.xz::phase5_v12_hardware_unknown_r01_20260929_184546_956,1191,39.7,,,1,328.5,427.0,0.0368189632258553,1.096938618794003,1.0975563627690024,0.044970197356556246,1.096938618794003,1.0978600329969128,3804.5,14,59,73,0.8082191780821918,0.8833294636638032,0.9609749936852741,True,True,accepted,0.04228837415575981,1.0948238372802734,0.002681821584701538,0.0021147727966308594,0.0012555682333186269,0.0,0.0012555682333186269,0.009290160611271858,1,0,0.04304784908890724,1.0954227447509766,1.0962682641712038,0.016588622704148293,-0.00029141263803467155,0.0
phase5_v12_hardware_unknown_r01_20260929_184546_956,/home/robo25/Downloads/rokuga_phase5_v12_hardware_unknown_r01_20260929_184546_956.tar.xz::phase5_v12_hardware_unknown_r01_20260929_184546_956,1192,39.733333333333334,,,1,328.5,427.0,0.0368189632258553,1.096938618794003,1.0975563627690024,0.044970197356556246,1.096938618794003,1.0978600329969128,3791.5,14,59,73,0.8082191780821918,0.8803111214302298,0.958417593528817,True,True,accepted,0.04360080137848854,1.095413088798523,0.0013693943619728088,0.0015255212783813477,0.0012555682333186269,0.0,0.0012555682333186269,0.0033470550552010536,1,0,0.043988604098558426,1.095845103263855,1.0967276269146815,0.018520940095186234,0.001861211028881371,0.0
phase5_v12_hardware_unknown_r01_20260929_184546_956,/home/robo25/Downloads/rokuga_phase5_v12_hardware_unknown_r01_20260929_184546_956.tar.xz::phase5_v12_hardware_unknown_r01_20260929_184546_956,1193,39.766666666666666,,,1,328.5,427.0,0.0368189632258553,1.096938618794003,1.0975563627690024,0.044970197356556246,1.096938618794003,1.0978600329969128,3794.0,14,59,73,0.8082191780821918,0.8808915718597632,0.9655172413793104,True,True,accepted,0.04460597038269043,1.0959070920944214,0.0003642253577709198,0.0010315179824829102,0.0012555682333186269,0.0,0.0012555682333186269,0.00095310591859743,1,0,0.04470911622047424,1.0961991548538208,1.0971105195810706,0.019034888595342636,0.0033167593646794558,0.0
phase5_v12_hardware_unknown_r01_20260929_184546_956,/home/robo25/Downloads/rokuga_phase5_v12_hardware_unknown_r01_20260929_184546_956.tar.xz::phase5_v12_hardware_unknown_r01_20260929_184546_956,1194,39.8,,,1,319.5,427.5,-0.024177131647027447,1.0910461084262173,1.0913139531806009,0.007903557202307081,1.0910461084262173,1.0910747348043777,3804.5,14,59,74,0.7972972972972973,0.8713925790196977,0.9526730937773883,True,True,accepted,0.045343611389398575,1.0963096618652344,-0.03744005411863327,-0.005263566970825195,0.0012555682333186269,0.0,0.0012555682333186269,1.1384986639022827,1,0,0.03474084660410881,1.0948190689086914,1.0953701292571676,-0.0337958037853241,-0.0041105239652097225,0.0
phase5_v12_hardware_unknown_r01_20260929_184546_956,/home/robo25/Downloads/rokuga_phase5_v12_hardware_unknown_r01_20260929_184546_956.tar.xz::phase5_v12_hardware_unknown_r01_20260929_184546_956,1195,39.833333333333336,,,1,328.5,427.0,0.0368189632258553,1.0955271841610892,1.0961457235645962,0.044970197356556246,1.0955271841610892,1.0964497844799883,3813.0,14,59,74,0.7972972972972973,0.8733394411360513,0.9553996492107242,True,True,accepted,0.03361431881785393,1.0946820974349976,0.011355876922607422,0.0008450746536254883,0.0012555682333186269,0.0,0.0012555682333186269,0.10327602177858353,1,0,0.036830224096775055,1.0949214696884155,1.095540729590488,-0.017771819606423378,-0.0029180608689785004,0.0
phase5_v12_hardware_unknown_r01_20260929_184546_956,/home/robo25/Downloads/rokuga_phase5_v12_hardware_unknown_r01_20260929_184546_956.tar.xz::phase5_v12_hardware_unknown_r01_20260929_184546_956,1196,39.86666666666667,,,1,328.5,427.0,0.0368189632258553,1.0955271841610892,1.0961457235645962,0.044970197356556246,1.0955271841610892,1.0964497844799883,3803.0,14,59,74,0.7972972972972973,0.8710490151168118,0.9578138773454224,True,True,accepted,0.03623782843351364,1.094824194908142,0.008732367306947708,0.000702977180480957,0.0012555682333186269,0.0,0.0012555682333186269,0.06112644076347351,1,0,0.03871077299118042,1.095023274421692,1.0957073037407292,-0.005449801683425903,-0.001926107914187014,0.0
phase5_v12_hardware_unknown_r01_20260929_184546_956,/home/robo25/Downloads/rokuga_phase5_v12_hardware_unknown_r01_20260929_184546_956.tar.xz::phase5_v12_hardware_unknown_r01_20260929_184546_956,1197,39.9,,,1,328.5,427.0,0.0368189632258553,1.096938618794003,1.0975563627690024,0.044970197356556246,1.096938618794003,1.0978600329969128,3798.5,14,59,73,0.8082191780821918,0.8819363826329232,0.9587329631499243,True,True,accepted,0.03852911293506622,1.094959020614624,0.006441082805395126,0.0019795894622802734,0.0012555682333186269,0.0,0.0012555682333186269,0.03616395965218544,1,0,0.04035318270325661,1.0955196619033813,1.0962626094924435,0.0036390437744557858,0.0008672396070323884,0.0
phase5_v12_hardware_unknown_r01_20260929_184546_956,/home/robo25/Downloads/rokuga_phase5_v12_hardware_unknown_r01_20260929_184546_956.tar.xz::phase5_v12_hardware_unknown_r01_20260929_184546_956,1198,39.93333333333333,,,1,328.5,427.0,0.0368189632258553,1.0955271841610892,1.0961457235645962,0.044970197356556246,1.0955271841610892,1.0964497844799883,3804.0,14,59,74,0.7972972972972973,0.8712780577187357,0.9533834586466166,True,True,accepted,0.040474485605955124,1.0955485105514526,0.004495710134506226,-2.1338462829589844e-05,0.0012555682333186269,0.0,0.0012555682333186269,0.0160977840423584,1,0,0.04174764081835747,1.0955424308776855,1.0963375772850654,0.009982824325561523,0.0008371294825337827,0.0
phase5_v12_hardware_unknown_r01_20260929_184546_956,/home/robo25/Downloads/rokuga_phase5_v12_hardware_unknown_r01_20260929_184546_956.tar.xz::phase5_v12_hardware_unknown_r01_20260929_184546_956,1199,39.96666666666667,,,1,328.5,427.0,0.0368189632258553,1.096938618794003,1.0975563627690024,0.044970197356556246,1.096938618794003,1.0978600329969128,3792.0,14,59,74,0.7972972972972973,0.8685295464956482,0.9534825245159668,True,True,accepted,0.04208040237426758,1.0955703258514404,0.0028897933661937714,0.0013682842254638672,0.0012555682333186269,0.0,0.0012555682333186269,0.008142216131091118,1,0,0.04289877042174339,1.0959577560424805,1.0967970220297676,0.014060537330806255,0.002767879981547594,0.0
phase5_v12_hardware_unknown_r01_20260929_184546_956,/home/robo25/Downloads/rokuga_phase5_v12_hardware_unknown_r01_20260929_184546_956.tar.xz::phase5_v12_hardware_unknown_r01_20260929_184546_956,1200,40.0,,,1,326.5,427.0,0.023269115708241805,1.0962464250500448,1.0964933543714923,0.0367361075656111,1.0962464250500448,1.096861780733596,3798.5,14,59,74,0.7972972972972973,0.8700183234081539,0.9529603612644255,True,True,accepted,0.04336745664477348,1.0960500240325928,-0.00663134828209877,0.0001964569091796875,0.0012555682333186269,0.0,0.0012555682333186269,0.03505454584956169,1,0,0.041489504277706146,1.096105694770813,1.0968906386118065,0.00470321299508214,0.0030450953636318445,0.0
phase5_v12_hardware_unknown_r01_20260929_184546_956,/home/robo25/Downloads/rokuga_phase5_v12_hardware_unknown_r01_20260929_184546_956.tar.xz::phase5_v12_hardware_unknown_r01_20260929_184546_956,1201,40.03333333333333,,,1,328.5,427.0,0.0368189632258553,1.096938618794003,1.0975563627690024,0.044970197356556246,1.096938618794003,1.0978600329969128,3802.0,14,59,73,0.8082191780821918,0.8827490132342698,0.9597374731793512,True,True,accepted,0.04164627939462662,1.0962071418762207,0.003323916345834732,0.0007314682006835938,0.0012555682333186269,0.0,0.0012555682333186269,0.009225676767528057,1,0,0.04258758947253227,1.09641432762146,1.0972411223567493,0.00939350575208664,0.004077251069247723,0.0
phase5_v12_hardware_unknown_r01_20260929_184546_956,/home/robo25/Downloads/rokuga_phase5_v12_hardware_unknown_r01_20260929_184546_956.tar.xz::phase5_v12_hardware_unknown_r01_20260929_184546_956,1202,40.06666666666667,,,1,320.0,427.5,-0.020782793494480107,1.091039928141972,1.0912378518478332,0.009966258283819201,1.091039928141972,1.0910854462892534,3807.0,14,59,74,0.7972972972972973,0.8719651855245075,0.9554523779646129,True,True,accepted,0.04290070757269859,1.0965502262115479,-0.03293444961309433,-0.0055103302001953125,0.0012555682333186269,0.0,0.0012555682333186269,0.8880773782730103,1,0,0.033573899418115616,1.0949897766113281,1.0955043667669535,-0.03707944601774216,-0.003698233515024185,0.0
phase5_v12_hardware_unknown_r01_20260929_184546_956,/home/robo25/Downloads/rokuga_phase5_v12_hardware_unknown_r01_20260929_184546_956.tar.xz::phase5_v12_hardware_unknown_r01_20260929_184546_956,1203,40.1,,,1,328.5,427.0,0.0368189632258553,1.096938618794003,1.0975563627690024,0.044970197356556246,1.096938618794003,1.0978600329969128,3803.5,14,59,73,0.8082191780821918,0.8830972834919898,0.9598738170347003,True,True,accepted,0.032337918877601624,1.0948665142059326,0.012632276862859726,0.0020720958709716797,0.0012555682333186269,0.0,0.0012555682333186269,0.1305130273103714,1,0,0.03591529279947281,1.0954532623291016,1.0960418596953052,-0.01925436593592167,-0.000774352578446269,0.0
phase5_v12_hardware_unknown_r01_20260929_184546_956,/home/robo25/Downloads/rokuga_phase5_v12_hardware_unknown_r01_20260929_184546_956.tar.xz::phase5_v12_hardware_unknown_r01_20260929_184546_956,1204,40.13333333333333,,,1,328.5,427.0,0.0368189632258553,1.096938618794003,1.0975563627690024,0.044970197356556246,1.096938618794003,1.0978600329969128,3801.0,14,59,73,0.8082191780821918,0.8825168330624564,0.9610619469026549,True,True,accepted,0.0352734811604023,1.095427393913269,0.009696714580059052,0.001511216163635254,0.0012555682333186269,0.0,0.0012555682333186269,0.07670634239912033,1,0,0.03801952302455902,1.0958553552627563,1.0965146801521066,-0.005571582354605198,0.0013580855447798967,0.0
phase5_v12_hardware_unknown_r01_20260929_184546_956,/home/robo25/Downloads/rokuga_phase5_v12_hardware_unknown_r01_20260929_184546_956.tar.xz::phase5_v12_hardware_unknown_r01_20260929_184546_956,1205,40.166666666666664,,,1,328.5,427.0,0.0368189632258553,1.0955271841610892,1.0961457235645962,0.044970197356556246,1.0955271841610892,1.0964497844799883,3815.0,14,59,74,0.7972972972972973,0.8737975263398993,0.9555416405760802,True,True,accepted,0.0378338024020195,1.0959006547927856,0.007136393338441849,-0.00037348270416259766,0.0012555682333186269,0.0,0.0012555682333186269,0.040672898292541504,1,0,0.039854779839515686,1.095794916152954,1.0965194488666017,0.004498397931456566,0.0008310737321153283,0.0
phase5_v12_hardware_unknown_r01_20260929_184546_956,/home/robo25/Downloads/rokuga_phase5_v12_hardware_unknown_r01_20260929_184546_956.tar.xz::phase5_v12_hardware_unknown_r01_20260929_184546_956,1206,40.2,,,1,328.5,427.0,0.0368189632258553,1.096938618794003,1.0975563627690024,0.044970197356556246,1.096938618794003,1.0978600329969128,3797.5,14,59,74,0.7972972972972973,0.86978928080623,0.9546254399195576,True,True,accepted,0.04000472649931908,1.0958225727081299,0.004965469241142273,0.001116037368774414,0.0012555682333186269,0.0,0.0012555682333186269,0.020629245787858963,1,0,0.041410911828279495,1.096138596534729,1.0969205470003627,0.011505043134093285,0.0024058851413428783,0.0
phase5_v12_hardware_unknown_r01_20260929_184546_956,/home/robo25/Downloads/rokuga_phase5_v12_hardware_unknown_r01_20260929_184546_956.tar.xz::phase5_v12_hardware_unknown_r01_20260929_184546_956,1207,40.233333333333334,,,1,328.5,427.0,0.0368189632258553,1.092380299216027,1.0930006194729824,0.044970197356556246,1.092380299216027,1.0933055550785353,3813.0,14,59,74,0.7972972972972973,0.8733394411360513,0.9552799699361142,True,True,accepted,0.04179441183805466,1.0962188243865967,0.0031757839024066925,-0.0038385391235351562,0.0012555682333186269,0.0,0.0012555682333186269,0.01976792886853218,1,0,0.04269377142190933,1.095131754875183,1.0959636484182422,0.015986310318112373,-0.0030105782207101583,0.0
phase5_v12_hardware_unknown_r01_20260929_184546_956,/home/robo25/Downloads/rokuga_phase5_v12_hardware_unknown_r01_20260929_184546_956.tar.xz::phase5_v12_hardware_unknown_r01_20260929_184546_956,1208,40.266666666666666,,,1,326.5,427.0,0.023269115708241805,1.0982417495004286,1.0984882302927081,0.0367361075656111,1.0982417495004286,1.0988559878095192,3809.0,14,59,73,0.8082191780821918,0.884374274436963,0.9606557377049181,True,True,accepted,0.04322664812207222,1.0950313806533813,-0.006490539759397507,0.00321042537689209,0.0012555682333186269,0.0,0.0012555682333186269,0.0417611189186573,1,0,0.04138857126235962,1.0959405899047852,1.0967218382215191,0.006827677600085735,0.0015195701271295547,0.0
phase5_v12_hardware_unknown_r01_20260929_184546_956,/home/robo25/Downloads/rokuga_phase5_v12_hardware_unknown_r01_20260929_184546_956.tar.xz::phase5_v12_hardware_unknown_r01_20260929_184546_956,1209,40.3,,,1,328.5,427.0,0.0368189632258553,1.096938618794003,1.0975563627690024,0.044970197356556246,1.096938618794003,1.0978600329969128,3793.5,14,59,74,0.7972972972972973,0.8688731103985341,0.9509902231135623,True,True,accepted,0.04161616042256355,1.0959912538528442,0.0033540353178977966,0.0009473562240600586,0.0012555682333186269,0.0,0.0012555682333186269,0.009674533270299435,1,0,0.042566001415252686,1.096259593963623,1.0970856674999319,0.01156046986579895,0.002856360049918294,0.0
phase5_v12_hardware_unknown_r01_20260929_184546_956,/home/robo25/Downloads/rokuga_phase5_v12_hardware_unknown_r01_20260929_184546_956.tar.xz::phase5_v12_hardware_unknown_r01_20260929_184546_956,1210,40.333333333333336,,,1,328.5,427.0,0.0368189632258553,1.0955271841610892,1.0961457235645962,0.044970197356556246,1.0955271841610892,1.0964497844799883,3808.5,14,59,74,0.7972972972972973,0.8723087494273934,0.952958838984111,True,True,accepted,0.042951349169015884,1.0963548421859741,0.002018846571445465,-0.0008276700973510742,0.0012555682333186269,0.0,0.0012555682333186269,0.0037917327135801315,1,0,0.04352307319641113,1.0961204767227173,1.0969842101832172,0.01440921239554882,0.0016884561628103256,0.0
phase5_v12_hardware_unknown_r01_20260929_184546_956,/home/robo25/Downloads/rokuga_phase5_v12_hardware_unknown_r01_20260929_184546_956.tar.xz::phase5_v12_hardware_unknown_r01_20260929_184546_956,1211,40.36666666666667,,,1,328.5,427.0,0.0368189632258553,1.096938618794003,1.0975563627690024,0.044970197356556246,1.096938618794003,1.0978600329969128,3818.5,14,59,74,0.7972972972972973,0.8745991754466331,0.9565380761523046,True,True,accepted,0.044003378599882126,1.0961767435073853,0.0009668171405792236,0.000761866569519043,0.0012555682333186269,0.0,0.0012555682333186269,0.0012067651841789484,1,0,0.04427717626094818,1.0963925123214722,1.097286202142464,0.015773463994264603,0.0027635064907372,0.0
phase5_v12_hardware_unknown_r01_20260929_184546_956,/home/robo25/Downloads/rokuga_phase5_v12_hardware_unknown_r01_20260929_184546_956.tar.xz::phase5_v12_hardware_unknown_r01_20260929_184546_956,1212,40.4,,,1,327.5,427.0,0.030046860660591056,1.0955271841610892,1.0959391520844037,0.04085486686863818,1.0955271841610892,1.0962887080430863,3808.0,14,59,74,0.7972972972972973,0.8721942281264315,0.9549843260188088,True,True,accepted,0.0448029600083828,1.096484661102295,-0.003948092460632324,-0.000957489013671875,0.0012555682333186269,0.0,0.0012555682333186269,0.013144820928573608,1,0,0.04368488863110542,1.096213459968567,1.0970835516545532,0.010202412493526936,0.0014124184381216764,0.0
phase5_v12_hardware_unknown_r01_20260929_184546_956,/home/robo25/Downloads/rokuga_phase5_v12_hardware_unknown_r01_20260929_184546_956.tar.xz::phase5_v12_hardware_unknown_r01_20260929_184546_956,1213,40.43333333333333,,,1,328.5,427.0,0.0368189632258553,1.092380299216027,1.0930006194729824,0.044970197356556246,1.092380299216027,1.0933055550785353,3798.0,14,59,74,0.7972972972972973,0.869903802107192,0.9528349222277973,True,True,accepted,0.04402497038245201,1.0962605476379395,0.0009452253580093384,-0.0038802623748779297,0.0012555682333186269,0.0,0.0012555682333186269,0.012703320942819118,1,0,0.04429265111684799,1.0951616764068604,1.0960569950569374,0.011536195874214172,-0.004062919411808252,0.0
phase5_v12_hardware_unknown_r01_20260929_184546_956,/home/robo25/Downloads/rokuga_phase5_v12_hardware_unknown_r01_20260929_184546_956.tar.xz::phase5_v12_hardware_unknown_r01_20260929_184546_956,1214,40.46666666666667,,,1,320.0,427.5,-0.020782793494480107,1.091039928141972,1.0912378518478332,0.009966258283819201,1.091039928141972,1.0910854462892534,3814.5,14,59,74,0.7972972972972973,0.8736830050389373,0.9551771628896958,True,True,accepted,0.044677190482616425,1.0950262546539307,-0.03471093252301216,-0.003986358642578125,0.0012555682333186269,0.0,0.0012555682333186269,0.9722608327865601,1,0,0.03484729304909706,1.0938973426818848,1.0944522512011836,-0.037443503737449646,-0.009687966667115688,0.0
phase5_v12_hardware_unknown_r01_20260929_184546_956,/home/robo25/Downloads/rokuga_phase5_v12_hardware_unknown_r01_20260929_184546_956.tar.xz::phase5_v12_hardware_unknown_r01_20260929_184546_956,1215,40.5,,,1,328.5,427.0,0.0368189632258553,1.096938618794003,1.0975563627690024,0.044970197356556246,1.096938618794003,1.0978600329969128,3807.0,14,59,73,0.8082191780821918,0.8839099140933364,0.9617279272451686,True,True,accepted,0.03359917551279068,1.0935744047164917,0.01137102022767067,0.0033642053604125977,0.0012555682333186269,0.0,0.0012555682333186269,0.11199548840522766,1,0,0.03681936860084534,1.0945271253585815,1.0951462432250247,-0.02139815129339695,-0.004940823186188936,0.0
phase5_v12_hardware_unknown_r01_20260929_184546_956,/home/robo25/Downloads/rokuga_phase5_v12_hardware_unknown_r01_20260929_184546_956.tar.xz::phase5_v12_hardware_unknown_r01_20260929_184546_956,1216,40.53333333333333,,,1,328.5,427.0,0.0368189632258553,1.0955271841610892,1.0961457235645962,0.044970197356556246,1.0955271841610892,1.0964497844799883,3807.0,14,59,74,0.7972972972972973,0.8719651855245075,0.9543745299573828,True,True,accepted,0.03610609844326973,1.0943623781204224,0.00886409729719162,0.0011647939682006836,0.0012555682333186269,0.0,0.0012555682333186269,0.06365959346294403,1,0,0.038616348057985306,1.0946922302246094,1.095373133343823,-0.008890252560377121,-0.0032972125336527824,0.0
phase5_v12_hardware_unknown_r01_20260929_184546_956,/home/robo25/Downloads/rokuga_phase5_v12_hardware_unknown_r01_20260929_184546_956.tar.xz::phase5_v12_hardware_unknown_r01_20260929_184546_956,1217,40.56666666666667,,,1,328.5,427.0,0.0368189632258553,1.0955271841610892,1.0961457235645962,0.044970197356556246,1.0955271841610892,1.0964497844799883,3803.5,14,59,74,0.7972972972972973,0.8711635364177737,0.953975420115375,True,True,accepted,0.03832000494003296,1.0945823192596436,0.0066501908004283905,0.0009448528289794922,0.0012555682333186269,0.0,0.0012555682333186269,0.03593415766954422,1,0,0.040203291922807693,1.094849944114685,1.0955878352781028,0.000493659870699048,-0.0019639551173895597,0.0
phase5_v12_hardware_unknown_r01_20260929_184546_956,/home/robo25/Downloads/rokuga_phase5_v12_hardware_unknown_r01_20260929_184546_956.tar.xz::phase5_v12_hardware_unknown_r01_20260929_184546_956,1218,40.6,,,1,328.5,427.0,0.0368189632258553,1.096938618794003,1.0975563627690024,0.044970197356556246,1.096938618794003,1.0978600329969128,3783.0,14,59,73,0.8082191780821918,0.8783375899698166,0.9563898369359121,True,True,accepted,0.040219746530056,1.0947844982147217,0.00475044921040535,0.002154111862182617,0.0012555682333186269,0.0,0.0012555682333186269,0.021669045090675354,1,0,0.04156504198908806,1.095394492149353,1.0961828069016106,0.007196895778179169,0.001075656502507627,0.0
phase5_v12_hardware_unknown_r01_20260929_184546_956,/home/robo25/Downloads/rokuga_phase5_v12_hardware_unknown_r01_20260929_184546_956.tar.xz::phase5_v12_hardware_unknown_r01_20260929_184546_956,1219,40.63333333333333,,,1,328.5,427.0,0.0368189632258553,1.092380299216027,1.0930006194729824,0.044970197356556246,1.092380299216027,1.0933055550785353,3804.5,14,59,74,0.7972972972972973,0.8713925790196977,0.9518388791593695,True,True,accepted,0.04180493950843811,1.0954303741455078,0.003165256232023239,-0.003050088882446289,0.0012555682333186269,0.0,0.0012555682333186269,0.015388960018754005,1,0,0.042701318860054016,1.0945665836334229,1.0953992005836644,0.011663307435810566,-0.0032282450702041388,0.0
phase5_v12_hardware_unknown_r01_20260929_184546_956,/home/robo25/Downloads/rokuga_phase5_v12_hardware_unknown_r01_20260929_184546_956.tar.xz::phase5_v12_hardware_unknown_r01_20260929_184546_956,1220,40.666666666666664,,,1,328.5,427.0,0.0368189632258553,1.096938618794003,1.0975563627690024,0.044970197356556246,1.096938618794003,1.0978600329969128,3786.5,14,59,73,0.8082191780821918,0.8791502205711632,0.9576378351036925,True,True,accepted,0.0430900976061821,1.0944589376449585,0.001880098134279251,0.0024796724319458008,0.0012555682333186269,0.0,0.0012555682333186269,0.007712479680776596,1,0,0.04362252727150917,1.0951611995697021,1.0960296428146925,0.014316265471279621,0.00027075663092546165,0.0
phase5_v12_hardware_unknown_r01_20260929_184546_956,/home/robo25/Downloads/rokuga_phase5_v12_hardware_unknown_r01_20260929_184546_956.tar.xz::phase5_v12_hardware_unknown_r01_20260929_184546_956,1221,40.7,,,1,328.5,427.0,0.0368189632258553,1.096938618794003,1.0975563627690024,0.044970197356556246,1.096938618794003,1.0978600329969128,3791.0,14,59,73,0.8082191780821918,0.8801950313443232,0.9575650416771913,True,True,accepted,0.04409973695874214,1.095170259475708,0.0008704587817192078,0.001768350601196289,0.0012555682333186269,0.0,0.0012555682333186269,0.0030940272845327854,1,0,0.044346243143081665,1.0956710577011108,1.0965681264585325,0.015544547699391842,0.0027660303749144077,0.0
phase5_v12_hardware_unknown_r01_20260929_184546_956,/home/robo25/Downloads/rokuga_phase5_v12_hardware_unknown_r01_20260929_184546_956.tar.xz::phase5_v12_hardware_unknown_r01_20260929_184546_956,1222,40.733333333333334,,,1,328.5,427.0,0.0368189632258553,1.096938618794003,1.0975563627690024,0.044970197356556246,1.096938618794003,1.0978600329969128,3814.5,14,59,73,0.8082191780821918,0.8856512653819364,0.9609522609900492,True,True,accepted,0.04486439377069473,1.0957632064819336,0.00010580196976661682,0.0011754035949707031,0.0012555682333186269,0.0,0.0012555682333186269,0.0011092728236690164,1,0,0.04489435628056526,1.0960960388183594,1.0970150543812718,0.015693841502070427,0.004424612037837505,0.0
phase5_v12_hardware_unknown_r01_20260929_184546_956,/home/robo25/Downloads/rokuga_phase5_v12_hardware_unknown_r01_20260929_184546_956.tar.xz::phase5_v12_hardware_unknown_r01_20260929_184546_956,1223,40.766666666666666,,,1,328.5,427.0,0.0368189632258553,1.096938618794003,1.0975563627690024,0.044970197356556246,1.096938618794003,1.0978600329969128,3791.0,14,59,73,0.8082191780821918,0.8801950313443232,0.9572023734376972,True,True,accepted,0.045417483896017075,1.0962435007095337,-0.0004472881555557251,0.0006951093673706055,0.0012555682333186269,0.0,0.0012555682333186269,0.0005441709072329104,1,0,0.04529081657528877,1.096440315246582,1.0973753336776257,0.015062685124576092,0.005405462812632322,0.0
phase5_v12_hardware_unknown_r01_20260929_184546_956,/home/robo25/Downloads/rokuga_phase5_v12_hardware_unknown_r01_20260929_184546_956.tar.xz::phase5_v12_hardware_unknown_r01_20260929_184546_956,1224,40.8,,,1,328.5,427.0,0.0368189632258553,1.0955271841610892,1.0961457235645962,0.044970197356556246,1.0955271841610892,1.0964497844799883,3816.5,14,59,74,0.7972972972972973,0.8741410902427852,0.9553191489361702,True,True,accepted,0.04579290747642517,1.0966204404830933,-0.0008227117359638214,-0.0010932683944702148,0.0012555682333186269,0.0,0.0012555682333186269,0.0014910304453223944,1,0,0.045559920370578766,1.0963108539581299,1.0972571233993322,0.013901777565479279,0.0038627800531685352,0.0
phase5_v12_hardware_unknown_r01_20260929_184546_956,/home/robo25/Downloads/rokuga_phase5_v12_hardware_unknown_r01_20260929_184546_956.tar.xz::phase5_v12_hardware_unknown_r01_20260929_184546_956,1225,40.833333333333336,,,1,326.5,427.0,0.023269115708241805,1.0962464250500448,1.0964933543714923,0.0367361075656111,1.0962464250500448,1.096861780733596,3785.5,14,59,74,0.7972972972972973,0.8670407695831425,0.9504142606075823,True,True,accepted,0.04602331295609474,1.0964395999908447,-0.009287204593420029,-0.00019311904907226562,0.0012555682333186269,0.0,0.0012555682333186269,0.06872542947530746,1,0,0.04339323937892914,1.096384882926941,1.0972432659782054,0.0007968431455083191,0.0035902748350054026,0.0
phase5_v12_hardware_unknown_r01_20260929_184546_956,/home/robo25/Downloads/rokuga_phase5_v12_hardware_unknown_r01_20260929_184546_956.tar.xz::phase5_v12_hardware_unknown_r01_20260929_184546_956,1226,40.86666666666667,,,1,328.5,427.0,0.0368189632258553,1.0955271841610892,1.0961457235645962,0.044970197356556246,1.0955271841610892,1.0964497844799883,3822.0,14,59,74,0.7972972972972973,0.8754008245533669,0.9580147888206543,True,True,accepted,0.04341980069875717,1.09650456905365,0.0015503950417041779,-0.0009773969650268555,0.0012555682333186269,0.0,0.0012555682333186269,0.0026753065176308155,1,0,0.04385886341333389,1.096227765083313,1.0971047866268129,0.0029845654498785734,0.0022110952995717525,0.0
phase5_v12_hardware_unknown_r01_20260929_184546_956,/home/robo25/Downloads/rokuga_phase5_v12_hardware_unknown_r01_20260929_184546_956.tar.xz::phase5_v12_hardware_unknown_r01_20260929_184546_956,1227,40.9,,,1,328.5,427.0,0.0368189632258553,1.096938618794003,1.0975563627690024,0.044970197356556246,1.096938618794003,1.0978600329969128,3823.5,14,59,74,0.7972972972972973,0.8757443884562529,0.9570713391739675,True,True,accepted,0.04395834729075432,1.0963014364242554,0.0010118484497070312,0.0006371736526489258,0.0012555682333186269,0.0,0.0012555682333186269,0.001138789113610983,1,0,0.04424489662051201,1.0964819192886353,1.0973742343448059,0.0044123586267232895,0.003110194578766823,0.0
phase5_v12_hardware_unknown_r01_20260929_184546_956,/home/robo25/Downloads/rokuga_phase5_v12_hardware_unknown_r01_20260929_184546_956.tar.xz::phase5_v12_hardware_unknown_r01_20260929_184546_956,1228,40.93333333333333,,,1,326.5,427.0,0.023269115708241805,1.0962464250500448,1.0964933543714923,0.0367361075656111,1.0962464250500448,1.096861780733596,3806.0,14,59,74,0.7972972972972973,0.8717361429225836,0.9561612862705691,True,True,accepted,0.044391974806785583,1.0965856313705444,-0.00765586644411087,-0.00033915042877197266,0.0012555682333186269,0.0,0.0012555682333186269,0.04677349328994751,1,0,0.04222388565540314,1.0964895486831665,1.0973022313343097,-0.006390636786818504,0.0026316281873732805,0.0
phase5_v12_hardware_unknown_r01_20260929_184546_956,/home/robo25/Downloads/rokuga_phase5_v12_hardware_unknown_r01_20260929_184546_956.tar.xz::phase5_v12_hardware_unknown_r01_20260929_184546_956,1229,40.96666666666667,,,1,328.5,427.0,0.0368189632258553,1.096938618794003,1.0975563627690024,0.044970197356556246,1.096938618794003,1.0978600329969128,3800.5,14,59,73,0.8082191780821918,0.8824007429765498,0.961664979757085,True,True,accepted,0.04201086610555649,1.0965772867202759,0.0029593296349048615,0.00036132335662841797,0.0012555682333186269,0.0,0.0012555682333186269,0.007079014554619789,1,0,0.04284892603754997,1.0966795682907104,1.097516335171769,-0.0022148031275719404,0.003141482127830386,0.0
phase5_v12_hardware_unknown_r01_20260929_184546_956,/home/robo25/Downloads/rokuga_phase5_v12_hardware_unknown_r01_20260929_184546_956.tar.xz::phase5_v12_hardware_unknown_r01_20260929_184546_956,1230,41.0,,,1,328.5,427.0,0.0368189632258553,1.096938618794003,1.0975563627690024,0.044970197356556246,1.096938618794003,1.0978600329969128,3814.0,14,59,74,0.7972972972972973,0.8735684837379752,0.9538576966362385,True,True,accepted,0.042775098234415054,1.096784234046936,0.002195097506046295,0.00015437602996826172,0.0012555682333186269,0.0,0.0012555682333186269,0.003856648225337267,1,0,0.043396733701229095,1.0968279838562012,1.097686158547148,0.0008826422272250056,0.003359318245202303,0.0
phase5_v12_hardware_unknown_r01_20260929_184546_956,/home/robo25/Downloads/rokuga_phase5_v12_hardware_unknown_r01_20260929_184546_956.tar.xz::phase5_v12_hardware_unknown_r01_20260929_184546_956,1231,41.03333333333333,,,1,328.5,427.0,0.0368189632258553,1.096938618794003,1.0975563627690024,0.044970197356556246,1.096938618794003,1.0978600329969128,3801.5,14,59,73,0.8082191780821918,0.8826329231483632,0.9605811749842073,True,True,accepted,0.04342615604400635,1.0969399213790894,0.0015440396964550018,-1.3113021850585938e-06,0.0012555682333186269,0.0,0.0012555682333186269,0.0018987900111824274,1,0,0.04386341571807861,1.0969395637512207,1.0978161985328763,0.0030613967683166265,0.0033574679400771856,0.0
phase5_v12_hardware_unknown_r01_20260929_184546_956,/home/robo25/Downloads/rokuga_phase5_v12_hardware_unknown_r01_20260929_184546_956.tar.xz::phase5_v12_hardware_unknown_r01_20260929_184546_956,1232,41.06666666666667,,,1,328.5,427.0,0.0368189632258553,1.0955271841610892,1.0961457235645962,0.044970197356556246,1.0955271841610892,1.0964497844799883,3821.5,14,59,74,0.7972972972972973,0.875286303252405,0.9556139034758689,True,True,accepted,0.04396546259522438,1.0970515012741089,0.001004733145236969,-0.0015243291854858398,0.0012555682333186269,0.0,0.0012555682333186269,0.0026546292938292027,1,0,0.0442499965429306,1.0966198444366455,1.097512252964085,0.0044791498221457005,0.0012065264163538814,0.0
phase5_v12_hardware_unknown_r01_20260929_184546_956,/home/robo25/Downloads/rokuga_phase5_v12_hardware_unknown_r01_20260929_184546_956.tar.xz::phase5_v12_hardware_unknown_r01_20260929_184546_956,1233,41.1,,,1,328.5,427.0,0.0368189632258553,1.0955271841610892,1.0961457235645962,0.044970197356556246,1.0955271841610892,1.0964497844799883,3819.0,14,59,74,0.7972972972972973,0.874713696747595,0.9573828027074455,True,True,accepted,0.04439930245280266,1.0966600179672241,0.0005708932876586914,-0.0011328458786010742,0.0012555682333186269,0.0,0.0012555682333186269,0.0012816977687180042,1,0,0.04456097632646561,1.096339225769043,1.0972444479563488,0.005284722428768873,-0.00039200313040055335,0.0
phase5_v12_hardware_unknown_r01_20260929_184546_956,/home/robo25/Downloads/rokuga_phase5_v12_hardware_unknown_r01_20260929_184546_956.tar.xz::phase5_v12_hardware_unknown_r01_20260929_184546_956,1234,41.13333333333333,,,1,328.5,427.0,0.0368189632258553,1.096938618794003,1.0975563627690024,0.044970197356556246,1.096938618794003,1.0978600329969128,3802.0,14,59,73,0.8082191780821918,0.8827490132342698,0.9603435210911846,True,True,accepted,0.044737134128808975,1.0963261127471924,0.00023306161165237427,0.0006124973297119141,0.0012555682333186269,0.0,0.0012555682333186269,0.0003420528373681009,1,0,0.044803135097026825,1.0964995622634888,1.097414511913591,0.005613589659333229,0.00047227603499777615,0.0
phase5_v12_hardware_unknown_r01_20260929_184546_956,/home/robo25/Downloads/rokuga_phase5_v12_hardware_unknown_r01_20260929_184546_956.tar.xz::phase5_v12_hardware_unknown_r01_20260929_184546_956,1235,41.166666666666664,,,1,328.5,427.0,0.0368189632258553,1.096938618794003,1.0975563627690024,0.044970197356556246,1.096938618794003,1.0978600329969128,3804.5,14,59,74,0.7972972972972973,0.8713925790196977,0.9569865425732612,True,True,accepted,0.04499025642871857,1.0965152978897095,-2.0060688257217407e-05,0.0004233121871948242,0.0012555682333186269,0.0,0.0012555682333186269,0.00014303933130577207,1,0,0.04498457536101341,1.0966352224349976,1.0975574805473594,0.005585282575339079,0.0010696009267121553,0.0
phase5_v12_hardware_unknown_r01_20260929_184546_956,/home/robo25/Downloads/rokuga_phase5_v12_hardware_unknown_r01_20260929_184546_956.tar.xz::phase5_v12_hardware_unknown_r01_20260929_184546_956,1236,41.2,,,1,328.5,427.0,0.0368189632258553,1.0955271841610892,1.0961457235645962,0.044970197356556246,1.0955271841610892,1.0964497844799883,3796.0,14,59,74,0.7972972972972973,0.869445716903344,0.9596763999494375,True,True,accepted,0.045170750468969345,1.0966708660125732,-0.0002005547285079956,-0.0011436939239501953,0.0012555682333186269,0.0,0.0012555682333186269,0.0010738229611888528,1,0,0.045113954693078995,1.0963469743728638,1.0972747865163868,0.005302284844219685,-0.0005442360416054726,0.0
phase5_v12_hardware_unknown_r01_20260929_184546_956,/home/robo25/Downloads/rokuga_phase5_v12_hardware_unknown_r01_20260929_184546_956.tar.xz::phase5_v12_hardware_unknown_r01_20260929_184546_956,1237,41.233333333333334,,,1,328.5,427.0,0.0368189632258553,1.096938618794003,1.0975563627690024,0.044970197356556246,1.096938618794003,1.0978600329969128,3796.0,14,59,73,0.8082191780821918,0.8813559322033898,0.9570150006302786,True,True,accepted,0.04529069736599922,1.096328854560852,-0.0003205016255378723,0.0006097555160522461,0.0012555682333186269,0.0,0.0012555682333186269,0.0003779349208343774,1,0,0.045199934393167496,1.0965015888214111,1.0974328081286004,0.004850033205002546,0.00031617420609109104,0.0
phase5_v12_hardware_unknown_r01_20260929_184546_956,/home/robo25/Downloads/rokuga_phase5_v12_hardware_unknown_r01_20260929_184546_956.tar.xz::phase5_v12_hardware_unknown_r01_20260929_184546_956,1238,41.266666666666666,,,1,328.5,427.0,0.0368189632258553,1.096938618794003,1.0975563627690024,0.044970197356556246,1.096938618794003,1.0978600329969128,3806.0,14,59,73,0.8082191780821918,0.8836777339215232,0.9605047318611988,True,True,accepted,0.04536160081624985,1.0965120792388916,-0.0003914050757884979,0.0004265308380126953,0.0012555682333186269,0.0,0.0012555682333186269,0.0002669122186489403,1,0,0.04525075852870941,1.0966328382492065,1.097566040415762,0.004297731444239616,0.0009180408669635653,0.0
phase5_v12_hardware_unknown_r01_20260929_184546_956,/home/robo25/Downloads/rokuga_phase5_v12_hardware_unknown_r01_20260929_184546_956.tar.xz::phase5_v12_hardware_unknown_r01_20260929_184546_956,1239,41.3,,,1,328.5,427.0,0.0368189632258553,1.096938618794003,1.0975563627690024,0.044970197356556246,1.096938618794003,1.0978600329969128,3807.5,14,59,73,0.8082191780821918,0.884026004179243,0.9622188526661613,True,True,accepted,0.045394014567136765,1.096663475036621,-0.00042381882667541504,0.0002751350402832031,0.0012555682333186269,0.0,0.0012555682333186269,0.00020335151930339634,1,0,0.04527399316430092,1.0967414379119873,1.097675505825968,0.0036996917333453894,0.0013062767684459686,0.0
phase5_v12_hardware_unknown_r01_20260929_184546_956,/home/robo25/Downloads/rokuga_phase5_v12_hardware_unknown_r01_20260929_184546_956.tar.xz::phase5_v12_hardware_unknown_r01_20260929_184546_956,1240,41.333333333333336,,,1,328.5,427.0,0.0368189632258553,1.0947809241298405,1.0953998849240465,0.044970197356556246,1.0947809241298405,1.095704152811732,3820.5,14,59,74,0.7972972972972973,0.875057260650481,0.9565598397596394,True,True,accepted,0.0453973151743412,1.0967849493026733,-0.0004271194338798523,-0.0020040273666381836,0.0012555682333186269,0.0,0.0012555682333186269,0.0033439493272453547,1,0,0.04527635872364044,1.096217393875122,1.0971520055551265,0.0030969944782555103,-0.0015215544262900949,0.0
phase5_v12_hardware_unknown_r01_20260929_184546_956,/home/robo25/Downloads/rokuga_phase5_v12_hardware_unknown_r01_20260929_184546_956.tar.xz::phase5_v12_hardware_unknown_r01_20260929_184546_956,1241,41.36666666666667,,,1,328.5,427.0,0.0368189632258553,1.0947809241298405,1.0953998849240465,0.044970197356556246,1.0947809241298405,1.095704152811732,3808.5,14,59,74,0.7972972972972973,0.8723087494273934,0.952958838984111,True,True,accepted,0.04537959024310112,1.096166729927063,-0.0004093945026397705,-0.001385807991027832,0.0012555682333186269,0.0,0.0012555682333186269,0.001663045957684517,1,0,0.04526365175843239,1.0957742929458618,1.0967087577162462,0.002519308589398861,-0.003477032296359539,0.0
phase5_v12_hardware_unknown_r01_20260929_184546_956,/home/robo25/Downloads/rokuga_phase5_v12_hardware_unknown_r01_20260929_184546_956.tar.xz::phase5_v12_hardware_unknown_r01_20260929_184546_956,1242,41.4,,,1,326.5,427.0,0.023269115708241805,1.0982417495004286,1.0984882302927081,0.0367361075656111,1.0982417495004286,1.0988559878095192,3800.5,14,59,73,0.8082191780821918,0.8824007429765498,0.9608140563771963,True,True,accepted,0.04534762725234032,1.0956584215164185,-0.008611518889665604,0.0025833845138549805,0.0012555682333186269,0.0,0.0012555682333186269,0.06437892466783524,1,0,0.04290890321135521,1.0963900089263916,1.0972293404974252,-0.009632183238863945,0.00016831484390422702,0.0
phase5_v12_hardware_unknown_r01_20260929_184546_956,/home/robo25/Downloads/rokuga_phase5_v12_hardware_unknown_r01_20260929_184546_956.tar.xz::phase5_v12_hardware_unknown_r01_20260929_184546_956,1243,41.43333333333333,,,1,328.5,427.0,0.0368189632258553,1.0955271841610892,1.0961457235645962,0.044970197356556246,1.0955271841610892,1.0964497844799883,3800.5,14,59,74,0.7972972972972973,0.8704764086120018,0.9538210565943029,True,True,accepted,0.04258783161640167,1.0963956117630005,0.002382364124059677,-0.0008684396743774414,0.0012555682333186269,0.0,0.0012555682333186269,0.005121064838021994,1,0,0.04326250031590462,1.0961496829986572,1.0970030863546558,-0.00627049058675766,-0.0010571179445832968,0.0
phase5_v12_hardware_unknown_r01_20260929_184546_956,/home/robo25/Downloads/rokuga_phase5_v12_hardware_unknown_r01_20260929_184546_956.tar.xz::phase5_v12_hardware_unknown_r01_20260929_184546_956,1244,41.46666666666667,,,1,328.5,427.0,0.0368189632258553,1.0955271841610892,1.0961457235645962,0.044970197356556246,1.0955271841610892,1.0964497844799883,3815.5,14,59,74,0.7972972972972973,0.8739120476408612,0.9566252977309766,True,True,accepted,0.043053485453128815,1.0961143970489502,0.0019167102873325348,-0.0005872249603271484,0.0012555682333186269,0.0,0.0012555682333186269,0.003200631821528077,1,0,0.043596286326646805,1.0959481000900269,1.0968148769379518,-0.003565870225429535,-0.001885735895484686,0.0
phase5_v12_hardware_unknown_r01_20260929_184546_956,/home/robo25/Downloads/rokuga_phase5_v12_hardware_unknown_r01_20260929_184546_956.tar.xz::phase5_v12_hardware_unknown_r01_20260929_184546_956,1245,41.5,,,1,328.5,427.0,0.0368189632258553,1.096938618794003,1.0975563627690024,0.044970197356556246,1.096938618794003,1.0978600329969128,3816.5,14,59,74,0.7972972972972973,0.8741410902427852,0.9569959879638916,True,True,accepted,0.04347742348909378,1.0958852767944336,0.001492772251367569,0.0010533332824707031,0.0012555682333186269,0.0,0.0012555682333186269,0.0026584616862237453,1,0,0.04390016570687294,1.0961835384368896,1.097062247317403,-0.0014594579115509987,-0.0003994045255240053,0.0
phase5_v12_hardware_unknown_r01_20260929_184546_956,/home/robo25/Downloads/rokuga_phase5_v12_hardware_unknown_r01_20260929_184546_956.tar.xz::phase5_v12_hardware_unknown_r01_20260929_184546_956,1246,41.53333333333333,,,1,328.5,427.0,0.0368189632258553,1.096938618794003,1.0975563627690024,0.044970197356556246,1.096938618794003,1.0978600329969128,3823.0,14,59,74,0.7972972972972973,0.8756298671552909,0.9562281140570286,True,True,accepted,0.043851517140865326,1.09617018699646,0.0011186785995960236,0.0007684230804443359,0.0012555682333186269,0.0,0.0012555682333186269,0.0014669978991150856,1,0,0.044168319553136826,1.0963877439498901,1.0972770504916605,0.0001190805560327135,0.0006848974153399467,0.0
phase5_v12_hardware_unknown_r01_20260929_184546_956,/home/robo25/Downloads/rokuga_phase5_v12_hardware_unknown_r01_20260929_184546_956.tar.xz::phase5_v12_hardware_unknown_r01_20260929_184546_956,1247,41.56666666666667,,,1,328.5,427.0,0.0368189632258553,1.096938618794003,1.0975563627690024,0.044970197356556246,1.096938618794003,1.0978600329969128,3809.0,14,59,73,0.8082191780821918,0.884374274436963,0.9608980827447023,True,True,accepted,0.044172290712594986,1.0964106321334839,0.0007979050278663635,0.0005279779434204102,0.0012555682333186269,0.0,0.0012555682333186269,0.000729082734324038,1,0,0.04439825192093849,1.0965601205825806,1.0974585654254645,0.001244983752258122,0.00142991344910115,0.0
phase5_v12_hardware_unknown_r01_20260929_184546_956,/home/robo25/Downloads/rokuga_phase5_v12_hardware_unknown_r01_20260929_184546_956.tar.xz::phase5_v12_hardware_unknown_r01_20260929_184546_956,1248,41.6,,,1,328.5,427.0,0.0368189632258553,1.0962464250500448,1.0968645588622281,0.044970197356556246,1.0962464250500448,1.0971684205650885,3806.5,14,59,74,0.7972972972972973,0.8718506642235456,0.9565272019097877,True,True,accepted,0.04443975165486336,1.0966078042984009,0.0005304440855979919,-0.00036132335662841797,0.0012555682333186269,0.0,0.0012555682333186269,0.0003280789533164352,1,0,0.044589970260858536,1.0965055227279663,1.0974117854391736,0.001993479672819376,0.0009200593922287226,0.0
phase5_v12_hardware_unknown_r01_20260929_184546_956,/home/robo25/Downloads/rokuga_phase5_v12_hardware_unknown_r01_20260929_184546_956.tar.xz::phase5_v12_hardware_unknown_r01_20260929_184546_956,1249,41.63333333333333,,,1,319.5,427.5,-0.024177131647027447,1.0910461084262173,1.0913139531806009,0.007903557202307081,1.0910461084262173,1.0910747348043777,3804.5,14,59,74,0.7972972972972973,0.8713925790196977,0.9548249466683398,True,True,accepted,0.0446564182639122,1.0965361595153809,-0.036752860993146896,-0.00549006462097168,0.0012555682333186269,0.0,0.0012555682333186269,1.0998315811157227,1,0,0.03424826264381409,1.0949814319610596,1.0955169007521575,-0.04986753314733505,-0.006826829165220261,0.0
phase5_v12_hardware_unknown_r01_20260929_184546_956,/home/robo25/Downloads/rokuga_phase5_v12_hardware_unknown_r01_20260929_184546_956.tar.xz::phase5_v12_hardware_unknown_r01_20260929_184546_956,1250,41.666666666666664,,,1,328.5,427.0,0.0368189632258553,1.0940076722925733,1.0946270703248853,0.044970197356556246,1.0940076722925733,1.0949315529681762,3819.5,14,59,74,0.7972972972972973,0.874828218048557,0.9585895344459782,True,True,accepted,0.03258601203560829,1.0947538614273071,0.012384183704853058,-0.0007461309432983398,0.0012555682333186269,0.0,0.0012555682333186269,0.12259367108345032,1,0,0.036093126982450485,1.0945425033569336,1.0951374367951423,-0.032392531633377075,-0.00787967536598444,0.0
phase5_v12_hardware_unknown_r01_20260929_184546_956,/home/robo25/Downloads/rokuga_phase5_v12_hardware_unknown_r01_20260929_184546_956.tar.xz::phase5_v12_hardware_unknown_r01_20260929_184546_956,1251,41.7,,,1,326.5,427.0,0.023269115708241805,1.0982417495004286,1.0984882302927081,0.0367361075656111,1.0982417495004286,1.0988559878095192,3801.0,14,59,73,0.8082191780821918,0.8825168330624564,0.96033350176857,True,True,accepted,0.03501337766647339,1.0942798852920532,0.0017227306962013245,0.003961920738220215,0.0012555682333186269,0.0,0.0012555682333186269,0.014865473844110966,1,0,0.03550124168395996,1.0954018831253052,1.0959770178774588,-0.029961630702018738,-0.0022891114931553602,0.0
phase5_v12_hardware_unknown_r01_20260929_184546_956,/home/robo25/Downloads/rokuga_phase5_v12_hardware_unknown_r01_20260929_184546_956.tar.xz::phase5_v12_hardware_unknown_r01_20260929_184546_956,1252,41.733333333333334,,,1,328.5,427.0,0.0368189632258553,1.096938618794003,1.0975563627690024,0.044970197356556246,1.096938618794003,1.0978600329969128,3801.5,14,59,73,0.8082191780821918,0.8826329231483632,0.9592480444107999,True,True,accepted,0.03450252115726471,1.0953255891799927,0.01046767458319664,0.001613020896911621,0.0012555682333186269,0.0,0.0012555682333186269,0.08934126049280167,1,0,0.03746689483523369,1.0957823991775513,1.0964227444539376,-0.015190965496003628,-1.3019383914070204e-05,0.0
phase5_v12_hardware_unknown_r01_20260929_184546_956,/home/robo25/Downloads/rokuga_phase5_v12_hardware_unknown_r01_20260929_184546_956.tar.xz::phase5_v12_hardware_unknown_r01_20260929_184546_956,1253,41.766666666666666,,,1,328.5,427.0,0.0368189632258553,1.0955271841610892,1.0961457235645962,0.044970197356556246,1.0955271841610892,1.0964497844799883,3797.5,14,59,74,0.7972972972972973,0.86978928080623,0.9590857431493875,True,True,accepted,0.036960531026124954,1.095781922340393,0.008009664714336395,-0.00025475025177001953,0.0012555682333186269,0.0,0.0012555682333186269,0.051147859543561935,1,0,0.039228811860084534,1.0957098007202148,1.0964118145451949,-0.0038887346163392067,-0.00037249087472446263,0.0
phase5_v12_hardware_unknown_r01_20260929_184546_956,/home/robo25/Downloads/rokuga_phase5_v12_hardware_unknown_r01_20260929_184546_956.tar.xz::phase5_v12_hardware_unknown_r01_20260929_184546_956,1254,41.8,,,1,328.5,427.0,0.0368189632258553,1.096938618794003,1.0975563627690024,0.044970197356556246,1.096938618794003,1.0978600329969128,3785.5,14,59,73,0.8082191780821918,0.8789180403993498,0.9581118704125537,True,True,accepted,0.03909918665885925,1.0956974029541016,0.0058710090816020966,0.0012412071228027344,0.0012555682333186269,0.0,0.0012555682333186269,0.02867971733212471,1,0,0.04076181724667549,1.0960489511489868,1.0968066507183687,0.004395694471895695,0.0013789443764835596,0.0
phase5_v12_hardware_unknown_r01_20260929_184546_956,/home/robo25/Downloads/rokuga_phase5_v12_hardware_unknown_r01_20260929_184546_956.tar.xz::phase5_v12_hardware_unknown_r01_20260929_184546_956,1255,41.833333333333336,,,1,328.5,427.0,0.0368189632258553,1.096938618794003,1.0975563627690024,0.044970197356556246,1.096938618794003,1.0978600329969128,3803.0,14,59,73,0.8082191780821918,0.8829811934060832,0.961203083533426,True,True,accepted,0.040908340364694595,1.0960949659347534,0.004061855375766754,0.0008436441421508789,0.0012555682333186269,0.0,0.0012555682333186269,0.013707263395190239,1,0,0.04205862805247307,1.0963338613510132,1.0971403117826264,0.010127273388206959,0.0025693888310343027,0.0
phase5_v12_hardware_unknown_r01_20260929_184546_956,/home/robo25/Downloads/rokuga_phase5_v12_hardware_unknown_r01_20260929_184546_956.tar.xz::phase5_v12_hardware_unknown_r01_20260929_184546_956,1256,41.86666666666667,,,1,328.5,427.0,0.0368189632258553,1.096938618794003,1.0975563627690024,0.044970197356556246,1.096938618794003,1.0978600329969128,3801.5,14,59,73,0.8082191780821918,0.8826329231483632,0.9599747474747474,True,True,accepted,0.04239620268344879,1.0964194536209106,0.002573993057012558,0.0005191564559936523,0.0012555682333186269,0.0,0.0012555682333186269,0.005491508170962334,1,0,0.04312514141201973,1.0965664386749268,1.097414111559542,0.013759368099272251,0.003301957156509161,0.0
phase5_v12_hardware_unknown_r01_20260929_184546_956,/home/robo25/Downloads/rokuga_phase5_v12_hardware_unknown_r01_20260929_184546_956.tar.xz::phase5_v12_hardware_unknown_r01_20260929_184546_956,1257,41.9,,,1,328.5,427.0,0.0368189632258553,1.096938618794003,1.0975563627690024,0.044970197356556246,1.096938618794003,1.0978600329969128,3813.5,14,59,73,0.8082191780821918,0.885419085210123,0.9615481593545133,True,True,accepted,0.043583787977695465,1.0966764688491821,0.0013864077627658844,0.00026214122772216797,0.0012555682333186269,0.0,0.0012555682333186269,0.0015856123063713312,1,0,0.04397640749812126,1.0967507362365723,1.097632043014372,0.015715692192316055,0.003671857761219144,0.0
phase5_v12_hardware_unknown_r01_20260929_184546_956,/home/robo25/Downloads/rokuga_phase5_v12_hardware_unknown_r01_20260929_184546_956.tar.xz::phase5_v12_hardware_unknown_r01_20260929_184546_956,1258,41.93333333333333,,,1,328.5,427.0,0.0368189632258553,1.096938618794003,1.0975563627690024,0.044970197356556246,1.096938618794003,1.0978600329969128,3798.5,14,59,73,0.8082191780821918,0.8819363826329232,0.9603084312981924,True,True,accepted,0.04450026527047157,1.096873164176941,0.0004699304699897766,6.54458999633789e-05,0.0012555682333186269,0.0,0.0012555682333186269,0.00017929555906448513,1,0,0.044633347541093826,1.0968916416168213,1.0977993483153328,0.016378799453377724,0.00376420677639544,0.0
phase5_v12_hardware_unknown_r01_20260929_184546_956,/home/robo25/Downloads/rokuga_phase5_v12_hardware_unknown_r01_20260929_184546_956.tar.xz::phase5_v12_hardware_unknown_r01_20260929_184546_956,1259,41.96666666666667,,,1,328.5,427.0,0.0368189632258553,1.096938618794003,1.0975563627690024,0.044970197356556246,1.096938618794003,1.0978600329969128,3822.5,14,59,74,0.7972972972972973,0.8755153458543289,0.9577800050112754,True,True,accepted,0.04517930746078491,1.0970171689987183,-0.00020911172032356262,-7.855892181396484e-05,0.0012555682333186269,0.0,0.0012555682333186269,3.974233550252393e-05,1,0,0.04512009024620056,1.0969948768615723,1.0979223936163982,0.016083726659417152,0.0036533542443066835,0.0
phase5_v12_hardware_unknown_r01_20260929_184546_956,/home/robo25/Downloads/rokuga_phase5_v12_hardware_unknown_r01_20260929_184546_956.tar.xz::phase5_v12_hardware_unknown_r01_20260929_184546_956,1260,42.0,,,1,328.5,427.0,0.0368189632258553,1.0955271841610892,1.0961457235645962,0.044970197356556246,1.0955271841610892,1.0964497844799883,3820.0,14,59,74,0.7972972972972973,0.874942739349519,0.9566741798146757,True,True,accepted,0.04565621539950371,1.0971167087554932,-0.0006860196590423584,-0.0015895366668701172,0.0012555682333186269,0.0,0.0012555682333186269,0.0023871660232543945,1,0,0.04546193778514862,1.0966665744781494,1.0976084745321617,0.015115701593458652,0.0014104001456871629,0.0
phase5_v12_hardware_unknown_r01_20260929_184546_956,/home/robo25/Downloads/rokuga_phase5_v12_hardware_unknown_r01_20260929_184546_956.tar.xz::phase5_v12_hardware_unknown_r01_20260929_184546_956,1261,42.03333333333333,,,1,328.5,427.0,0.0368189632258553,1.096938618794003,1.0975563627690024,0.044970197356556246,1.096938618794003,1.0978600329969128,3804.0,14,59,73,0.8082191780821918,0.8832133735778964,0.96,True,True,accepted,0.04596579447388649,1.0967135429382324,-0.0009955987334251404,0.000225067138671875,0.0012555682333186269,0.0,0.0012555682333186269,0.0008298011962324381,1,0,0.0456838496029377,1.096777319908142,1.0977283377864628,0.013710837811231613,0.001727986615151167,0.0
phase5_v12_hardware_unknown_r01_20260929_184546_956,/home/robo25/Downloads/rokuga_phase5_v12_hardware_unknown_r01_20260929_184546_956.tar.xz::phase5_v12_hardware_unknown_r01_20260929_184546_956,1262,42.06666666666667,,,1,328.5,427.0,0.0368189632258553,1.096938618794003,1.0975563627690024,0.044970197356556246,1.096938618794003,1.0978600329969128,3816.5,14,59,73,0.8082191780821918,0.886115625725563,0.9610929236968018,True,True,accepted,0.0461408793926239,1.0968348979949951,-0.0011706836521625519,0.00010371208190917969,0.0012555682333186269,0.0,0.0012555682333186269,0.0011001045349985361,1,0,0.04580935090780258,1.0968642234802246,1.097820395775862,0.012058916501700878,0.001874332083389163,0.0
phase5_v12_hardware_unknown_r01_20260929_184546_956,/home/robo25/Downloads/rokuga_phase5_v12_hardware_unknown_r01_20260929_184546_956.tar.xz::phase5_v12_hardware_unknown_r01_20260929_184546_956,1263,42.1,,,1,328.5,427.0,0.0368189632258553,1.096938618794003,1.0975563627690024,0.044970197356556246,1.096938618794003,1.0978600329969128,3797.5,14,59,73,0.8082191780821918,0.8817042024611098,0.9617576294795492,True,True,accepted,0.04621131345629692,1.0969266891479492,-0.0012411177158355713,1.1920928955078125e-05,0.0012555682333186269,0.0,0.0012555682333186269,0.0012269467115402222,1,0,0.04585983604192734,1.0969300270080566,1.0978882496473348,0.010307607240974903,0.0018911533989012241,0.0
phase5_v12_hardware_unknown_r01_20260929_184546_956,/home/robo25/Downloads/rokuga_phase5_v12_hardware_unknown_r01_20260929_184546_956.tar.xz::phase5_v12_hardware_unknown_r01_20260929_184546_956,1264,42.13333333333333,,,1,328.5,427.0,0.0368189632258553,1.096938618794003,1.0975563627690024,0.044970197356556246,1.096938618794003,1.0978600329969128,3787.0,14,59,74,0.7972972972972973,0.8673843334860284,0.9521055939660591,True,True,accepted,0.04620342329144478,1.096993088722229,-0.001233227550983429,-5.447864532470703e-05,0.0012555682333186269,0.0,0.0012555682333186269,0.001213648123666644,1,0,0.04585418105125427,1.096977710723877,1.097935655557683,0.008567431941628456,0.0018142799381166697,0.0
phase5_v12_hardware_unknown_r01_20260929_184546_956,/home/robo25/Downloads/rokuga_phase5_v12_hardware_unknown_r01_20260929_184546_956.tar.xz::phase5_v12_hardware_unknown_r01_20260929_184546_956,1265,42.166666666666664,,,1,328.5,427.0,0.0368189632258553,1.096938618794003,1.0975563627690024,0.044970197356556246,1.096938618794003,1.0978600329969128,3786.0,14,59,73,0.8082191780821918,0.8790341304852566,0.9584810126582278,True,True,accepted,0.04613976180553436,1.0970381498336792,-0.0011695660650730133,-9.953975677490234e-05,0.0012555682333186269,0.0,0.0012555682333186269,0.0010973460739478469,1,0,0.04580854997038841,1.0970100164413452,1.0979660283556272,0.006917087361216545,0.0016738219419494271,0.0
phase5_v12_hardware_unknown_r01_20260929_184546_956,/home/robo25/Downloads/rokuga_phase5_v12_hardware_unknown_r01_20260929_184546_956.tar.xz::phase5_v12_hardware_unknown_r01_20260929_184546_956,1266,42.2,,,1,328.5,427.0,0.0368189632258553,1.096938618794003,1.0975563627690024,0.044970197356556246,1.096938618794003,1.0978600329969128,3804.0,14,59,73,0.8082191780821918,0.8832133735778964,0.96,True,True,accepted,0.046039119362831116,1.097065806388855,-0.0010689236223697662,-0.0001271963119506836,0.0012555682333186269,0.0,0.0012555682333186269,0.0009229101124219596,1,0,0.0457364059984684,1.0970298051834106,1.0979827923489551,0.005408756900578737,0.0014943385031074286,0.0
phase5_v12_hardware_unknown_r01_20260929_184546_956,/home/robo25/Downloads/rokuga_phase5_v12_hardware_unknown_r01_20260929_184546_956.tar.xz::phase5_v12_hardware_unknown_r01_20260929_184546_956,1267,42.233333333333334,,,1,328.5,427.0,0.0368189632258553,1.0955271841610892,1.0961457235645962,0.044970197356556246,1.0955271841610892,1.0964497844799883,3816.5,14,59,74,0.7972972972972973,0.8741410902427852,0.9574761665830407,True,True,accepted,0.04591669887304306,1.0970796346664429,-0.0009465031325817108,-0.0015524625778198242,0.0012555682333186269,0.0,0.0012555682333186269,0.002633077325299382,1,0,0.04564865678548813,1.0966399908065796,1.0975896634455766,0.004073170945048332,-0.0006963013438507915,0.0
phase5_v12_hardware_unknown_r01_20260929_184546_956,/home/robo25/Downloads/rokuga_phase5_v12_hardware_unknown_r01_20260929_184546_956.tar.xz::phase5_v12_hardware_unknown_r01_20260929_184546_956,1268,42.266666666666666,,,1,328.5,427.0,0.0368189632258553,1.0955271841610892,1.0961457235645962,0.044970197356556246,1.0955271841610892,1.0964497844799883,3818.0,14,59,74,0.7972972972972973,0.8744846541456711,0.9558142445863061,True,True,accepted,0.04578442871570587,1.0966167449951172,-0.0008142329752445221,-0.0010895729064941406,0.0012555682333186269,0.0,0.0012555682333186269,0.001473551499657333,1,0,0.045553844422101974,1.0963082313537598,1.097254250789507,0.0029242278542369604,-0.0022337695118039846,0.0
phase5_v12_hardware_unknown_r01_20260929_184546_956,/home/robo25/Downloads/rokuga_phase5_v12_hardware_unknown_r01_20260929_184546_956.tar.xz::phase5_v12_hardware_unknown_r01_20260929_184546_956,1269,42.3,,,1,328.5,427.0,0.0368189632258553,1.096938618794003,1.0975563627690024,0.044970197356556246,1.096938618794003,1.0978600329969128,3796.0,14,59,74,0.7972972972972973,0.869445716903344,0.9537688442211055,True,True,accepted,0.04565132036805153,1.0962337255477905,-0.0006811246275901794,0.0007048845291137695,0.0012555682333186269,0.0,0.0012555682333186269,0.0007652256172150373,1,0,0.04545843228697777,1.096433401107788,1.0973753560795785,0.0019631104078143835,-0.0012391251511871815,0.0
phase5_v12_hardware_unknown_r01_20260929_184546_956,/home/robo25/Downloads/rokuga_phase5_v12_hardware_unknown_r01_20260929_184546_956.tar.xz::phase5_v12_hardware_unknown_r01_20260929_184546_956,1270,42.333333333333336,,,1,328.5,427.0,0.0368189632258553,1.0955271841610892,1.0961457235645962,0.044970197356556246,1.0955271841610892,1.0964497844799883,3801.0,14,59,74,0.7972972972972973,0.8705909299129638,0.9587589860007567,True,True,accepted,0.04552387073636055,1.0963921546936035,-0.0005536749958992004,-0.0008649826049804688,0.0012555682333186269,0.0,0.0012555682333186269,0.0008400585502386093,1,0,0.04536707326769829,1.0961471796035767,1.0970855986156014,0.0011818339116871357,-0.0024596797302365303,0.0
phase5_v12_hardware_unknown_r01_20260929_184546_956,/home/robo25/Downloads/rokuga_phase5_v12_hardware_unknown_r01_20260929_184546_956.tar.xz::phase5_v12_hardware_unknown_r01_20260929_184546_956,1271,42.36666666666667,,,1,328.5,427.0,0.0368189632258553,1.092380299216027,1.0930006194729824,0.044970197356556246,1.092380299216027,1.0933055550785353,3819.5,14,59,74,0.7972972972972973,0.874828218048557,0.9582288008028098,True,True,accepted,0.04540646821260452,1.0960651636123657,-0.0004362724721431732,-0.0036848783493041992,0.0012555682333186269,0.0,0.0012555682333186269,0.010966080240905285,1,0,0.04528291895985603,1.0950216054916382,1.0959575079550345,0.0005662210751324892,-0.007659316528588533,0.0
phase5_v12_hardware_unknown_r01_20260929_184546_956,/home/robo25/Downloads/rokuga_phase5_v12_hardware_unknown_r01_20260929_184546_956.tar.xz::phase5_v12_hardware_unknown_r01_20260929_184546_956,1272,42.4,,,1,328.5,427.0,0.0368189632258553,1.0955271841610892,1.0961457235645962,0.044970197356556246,1.0955271841610892,1.0964497844799883,3804.5,14,59,74,0.7972972972972973,0.8713925790196977,0.95964182116282,True,True,accepted,0.04530179128050804,1.0947662591934204,-0.0003315955400466919,0.0007609128952026367,0.0012555682333186269,0.0,0.0012555682333186269,0.0005487109301611781,1,0,0.04520788416266441,1.0949817895889282,1.0959146282087109,9.83151767286472e-05,-0.006585611961781979,0.0
phase5_v12_hardware_unknown_r01_20260929_184546_956,/home/robo25/Downloads/rokuga_phase5_v12_hardware_unknown_r01_20260929_184546_956.tar.xz::phase5_v12_hardware_unknown_r01_20260929_184546_956,1273,42.43333333333333,,,1,328.5,427.0,0.0368189632258553,1.096938618794003,1.0975563627690024,0.044970197356556246,1.096938618794003,1.0978600329969128,3808.0,14,59,73,0.8082191780821918,0.8841420942651498,0.9610094637223975,True,True,accepted,0.04521116241812706,1.0947623252868652,-0.00024096667766571045,0.0021762847900390625,0.0012555682333186269,0.0,0.0012555682333186269,0.0038184148725122213,1,0,0.045142922550439835,1.0953786373138428,1.0963084614012273,-0.00024170667165890336,-0.0035147126764059067,0.0
phase5_v12_hardware_unknown_r01_20260929_184546_956,/home/robo25/Downloads/rokuga_phase5_v12_hardware_unknown_r01_20260929_184546_956.tar.xz::phase5_v12_hardware_unknown_r01_20260929_184546_956,1274,42.46666666666667,,,1,328.5,427.0,0.0368189632258553,1.096938618794003,1.0975563627690024,0.044970197356556246,1.096938618794003,1.0978600329969128,3802.0,14,59,73,0.8082191780821918,0.8827490132342698,0.9607075173720784,True,True,accepted,0.04513486474752426,1.0952614545822144,-0.000164669007062912,0.0016771554946899414,0.0012555682333186269,0.0,0.0012555682333186269,0.0022618973162025213,1,0,0.045088231563568115,1.0957363843917847,1.0966636552314073,-0.0004740668518934399,-0.0011481218971312046,0.0
phase5_v12_hardware_unknown_r01_20260929_184546_956,/home/robo25/Downloads/rokuga_phase5_v12_hardware_unknown_r01_20260929_184546_956.tar.xz::phase5_v12_hardware_unknown_r01_20260929_184546_956,1275,42.5,,,1,328.5,427.0,0.0368189632258553,1.096938618794003,1.0975563627690024,0.044970197356556246,1.096938618794003,1.0978600329969128,3822.0,14,59,74,0.7972972972972973,0.8754008245533669,0.9570552147239264,True,True,accepted,0.04507242888212204,1.0956981182098389,-0.00010223314166069031,0.0012404918670654297,0.0012555682333186269,0.0,0.0012555682333186269,0.0012339206878095865,1,0,0.045043475925922394,1.096049427986145,1.0969745955637464,-0.000618325371760875,0.0006023041205480695,0.0
phase5_v12_hardware_unknown_r01_20260929_184546_956,/home/robo25/Downloads/rokuga_phase5_v12_hardware_unknown_r01_20260929_184546_956.tar.xz::phase5_v12_hardware_unknown_r01_20260929_184546_956,1276,42.53333333333333,,,1,328.5,427.0,0.0368189632258553,1.096938618794003,1.0975563627690024,0.044970197356556246,1.096938618794003,1.0978600329969128,3816.0,14,59,74,0.7972972972972973,0.8740265689418232,0.956390977443609,True,True,accepted,0.045022863894701004,1.0960694551467896,-5.266815423965454e-05,0.0008691549301147461,0.0012555682333186269,0.0,0.0012555682333186269,0.0006038733990862966,1,0,0.04500794783234596,1.096315622329712,1.0972391075477863,-0.0006926440401002765,0.0018287461716681719,0.0
phase5_v12_hardware_unknown_r01_20260929_184546_956,/home/robo25/Downloads/rokuga_phase5_v12_hardware_unknown_r01_20260929_184546_956.tar.xz::phase5_v12_hardware_unknown_r01_20260929_184546_956,1277,42.56666666666667,,,1,328.5,427.0,0.0368189632258553,1.0955271841610892,1.0961457235645962,0.044970197356556246,1.0955271841610892,1.0964497844799883,3831.0,14,59,74,0.7972972972972973,0.8774622079706825,0.95775,True,True,accepted,0.044984858483076096,1.0963765382766724,-1.4662742614746094e-05,-0.0008493661880493164,0.0012555682333186269,0.0,0.0012555682333186269,0.0005747500690631568,1,0,0.04498070478439331,1.0961359739303589,1.0970584930381593,-0.000713334244210273,0.0006302274996414781,0.0
phase5_v12_hardware_unknown_r01_20260929_184546_956,/home/robo25/Downloads/rokuga_phase5_v12_hardware_unknown_r01_20260929_184546_956.tar.xz::phase5_v12_hardware_unknown_r01_20260929_184546_956,1278,42.6,,,1,328.5,427.0,0.0368189632258553,1.096938618794003,1.0975563627690024,0.044970197356556246,1.096938618794003,1.0978600329969128,3797.5,14,59,73,0.8082191780821918,0.8817042024611098,0.9604198280222559,True,True,accepted,0.04495692625641823,1.0961569547653198,1.3269484043121338e-05,0.0007816553115844727,0.0012555682333186269,0.0,0.0012555682333186269,0.00048676057485863566,1,0,0.044960685074329376,1.0963783264160156,1.0972998213055247,-0.0006946100038476288,0.001733201090246439,0.0
phase5_v12_hardware_unknown_r01_20260929_184546_956,/home/robo25/Downloads/rokuga_phase5_v12_hardware_unknown_r01_20260929_184546_956.tar.xz::phase5_v12_hardware_unknown_r01_20260929_184546_956,1279,42.63333333333333,,,1,328.5,427.0,0.0368189632258553,1.096938618794003,1.0975563627690024,0.044970197356556246,1.096938618794003,1.0978600329969128,3816.5,14,59,73,0.8082191780821918,0.886115625725563,0.9627901109989909,True,True,accepted,0.044937532395124435,1.0964361429214478,3.266334533691406e-05,0.000502467155456543,0.0012555682333186269,0.0,0.0012555682333186269,0.00020193257660139352,1,0,0.044946782290935516,1.0965784788131714,1.0974992361885805,-0.0006485196063295007,0.002442219527438283,0.0
phase5_v12_hardware_unknown_r01_20260929_184546_956,/home/robo25/Downloads/rokuga_phase5_v12_hardware_unknown_r01_20260929_184546_956.tar.xz::phase5_v12_hardware_unknown_r01_20260929_184546_956,1280,42.666666666666664,,,1,328.5,427.0,0.0368189632258553,1.0955271841610892,1.0961457235645962,0.044970197356556246,1.0955271841610892,1.0964497844799883,3806.5,14,59,74,0.7972972972972973,0.8718506642235456,0.9548476106860655,True,True,accepted,0.04492516443133354,1.0966598987579346,4.503130912780762e-05,-0.0011327266693115234,0.0012555682333186269,0.0,0.0012555682333186269,0.0010235186200588942,1,0,0.04493791610002518,1.0963391065597534,1.0972597016548322,-0.0005849770968779922,0.0008438581717200577,0.0
phase5_v12_hardware_unknown_r01_20260929_184546_956,/home/robo25/Downloads/rokuga_phase5_v12_hardware_unknown_r01_20260929_184546_956.tar.xz::phase5_v12_hardware_unknown_r01_20260929_184546_956,1281,42.7,,,1,328.5,427.0,0.0368189632258553,1.096938618794003,1.0975563627690024,0.044970197356556246,1.096938618794003,1.0978600329969128,3808.0,14,59,73,0.8082191780821918,0.8841420942651498,0.9610094637223975,True,True,accepted,0.04491841793060303,1.0963672399520874,5.1777809858322144e-05,0.0005713701248168945,0.0012555682333186269,0.0,0.0012555682333186269,0.00026214803801849484,1,0,0.04493308067321777,1.0965290069580078,1.0974492447667457,-0.000511914782691747,0.001650103833526373,0.0
phase5_v12_hardware_unknown_r01_20260929_184546_956,/home/robo25/Downloads/rokuga_phase5_v12_hardware_unknown_r01_20260929_184546_956.tar.xz::phase5_v12_hardware_unknown_r01_20260929_184546_956,1282,42.733333333333334,,,1,328.5,427.0,0.0368189632258553,1.096938618794003,1.0975563627690024,0.044970197356556246,1.096938618794003,1.0978600329969128,3829.0,14,59,73,0.8082191780821918,0.8890178778732296,0.9644836272040302,True,True,accepted,0.04491601511836052,1.0965839624404907,5.418062210083008e-05,0.0003546476364135742,0.0012555682333186269,0.0,0.0012555682333186269,0.00010251173807773739,1,0,0.044931359589099884,1.0966843366622925,1.0976043737863554,-0.00043546190136112273,0.0021505379118025303,0.0
phase5_v12_hardware_unknown_r01_20260929_184546_956,/home/robo25/Downloads/rokuga_phase5_v12_hardware_unknown_r01_20260929_184546_956.tar.xz::phase5_v12_hardware_unknown_r01_20260929_184546_956,1283,42.766666666666666,,,1,328.5,427.0,0.0368189632258553,1.0940076722925733,1.0946270703248853,0.044970197356556246,1.0940076722925733,1.0949315529681762,3805.0,14,59,74,0.7972972972972973,0.8715071003206596,0.9551901594075561,True,True,accepted,0.044916845858097076,1.0967559814453125,5.334988236427307e-05,-0.002748250961303711,0.0012555682333186269,0.0,0.0012555682333186269,0.006017777137458324,1,0,0.04493195563554764,1.0959776639938354,1.0968983182641039,-0.0003601812641136348,-0.0017274479614570737,0.0
phase5_v12_hardware_unknown_r01_20260929_184546_956,/home/robo25/Downloads/rokuga_phase5_v12_hardware_unknown_r01_20260929_184546_956.tar.xz::phase5_v12_hardware_unknown_r01_20260929_184546_956,1284,42.8,,,1,328.5,427.0,0.0368189632258553,1.096938618794003,1.0975563627690024,0.044970197356556246,1.096938618794003,1.0978600329969128,3811.0,14,59,73,0.8082191780821918,0.8848386347805898,0.9605545053560176,True,True,accepted,0.044919949024915695,1.0959200859069824,5.02467155456543e-05,0.001018524169921875,0.0012555682333186269,0.0,0.0012555682333186269,0.0008282435010187328,1,0,0.04493417963385582,1.0962085723876953,1.097129123975677,-0.00028927941457368433,-0.000290234835119918,0.0
phase5_v12_hardware_unknown_r01_20260929_184546_956,/home/robo25/Downloads/rokuga_phase5_v12_hardware_unknown_r01_20260929_184546_956.tar.xz::phase5_v12_hardware_unknown_r01_20260929_184546_956,1285,42.833333333333336,,,1,328.5,427.0,0.0368189632258553,1.096938618794003,1.0975563627690024,0.044970197356556246,1.096938618794003,1.0978600329969128,3818.0,14,59,73,0.8082191780821918,0.886463895983283,0.9636547198384654,True,True,accepted,0.0449245385825634,1.0961989164352417,4.565715789794922e-05,0.0007396936416625977,0.0012555682333186269,0.0,0.0012555682333186269,0.0004374363925307989,1,0,0.04493746906518936,1.0964083671569824,1.0973288858395305,-0.00022485377849079669,0.0007535277400165796,0.0
phase5_v12_hardware_unknown_r01_20260929_184546_956,/home/robo25/Downloads/rokuga_phase5_v12_hardware_unknown_r01_20260929_184546_956.tar.xz::phase5_v12_hardware_unknown_r01_20260929_184546_956,1286,42.86666666666667,,,1,328.5,427.0,0.0368189632258553,1.0940076722925733,1.0946270703248853,0.044970197356556246,1.0940076722925733,1.0949315529681762,3801.5,14,59,74,0.7972972972972973,0.8707054512139258,0.9533542319749216,True,True,accepted,0.044929973781108856,1.0964335203170776,4.0221959352493286e-05,-0.0024257898330688477,0.0012555682333186269,0.0,0.0012555682333186269,0.004687976092100143,1,0,0.04494136571884155,1.0957465171813965,1.0966677510840899,-0.00016809761291369796,-0.0026694415137171745,0.0
phase5_v12_hardware_unknown_r01_20260929_184546_956,/home/robo25/Downloads/rokuga_phase5_v12_hardware_unknown_r01_20260929_184546_956.tar.xz::phase5_v12_hardware_unknown_r01_20260929_184546_956,1287,42.9,,,1,328.5,427.0,0.0368189632258553,1.092380299216027,1.0930006194729824,0.044970197356556246,1.092380299216027,1.0933055550785353,3826.5,14,59,74,0.7972972972972973,0.8764315162620248,0.9590225563909774,True,True,accepted,0.044935762882232666,1.0956575870513916,3.443285822868347e-05,-0.003277301788330078,0.0012555682333186269,0.0,0.0012555682333186269,0.008555402979254723,1,0,0.04494551569223404,1.0947294235229492,1.0956516828389073,-0.00011951029591728002,-0.007293957285583019,0.0
phase5_v12_hardware_unknown_r01_20260929_184546_956,/home/robo25/Downloads/rokuga_phase5_v12_hardware_unknown_r01_20260929_184546_956.tar.xz::phase5_v12_hardware_unknown_r01_20260929_184546_956,1288,42.93333333333333,,,1,328.5,427.0,0.0368189632258553,1.096938618794003,1.0975563627690024,0.044970197356556246,1.096938618794003,1.0978600329969128,3821.5,14,59,73,0.8082191780821918,0.8872765265846296,0.9638083228247163,True,True,accepted,0.044941533356904984,1.0944862365722656,2.8662383556365967e-05,0.002452373504638672,0.0012555682333186269,0.0,0.0012555682333186269,0.004790625534951687,1,0,0.04494965076446533,1.0951807498931885,1.0961027990295682,-7.906554674264044e-05,-0.0038334764540195465,0.0
phase5_v12_hardware_unknown_r01_20260929_184546_956,/home/robo25/Downloads/rokuga_phase5_v12_hardware_unknown_r01_20260929_184546_956.tar.xz::phase5_v12_hardware_unknown_r01_20260929_184546_956,1289,42.96666666666667,,,1,328.5,427.0,0.0368189632258553,1.096938618794003,1.0975563627690024,0.044970197356556246,1.096938618794003,1.0978600329969128,3831.5,14,59,73,0.8082191780821918,0.889598328302763,0.9647488354525998,True,True,accepted,0.04494701698422432,1.09505295753479,2.317875623703003e-05,0.0018856525421142578,0.0012555682333186269,0.0,0.0012555682333186269,0.002832361264154315,1,0,0.04495358094573021,1.0955870151519775,1.096508883780457,-4.6358603867702186e-05,-0.0011726808734238148,0.0
phase5_v12_hardware_unknown_r01_20260929_184546_956,/home/robo25/Downloads/rokuga_phase5_v12_hardware_unknown_r01_20260929_184546_956.tar.xz::phase5_v12_hardware_unknown_r01_20260929_184546_956,1290,43.0,,,1,328.5,427.0,0.0368189632258553,1.096938618794003,1.0975563627690024,0.044970197356556246,1.096938618794003,1.0978600329969128,3822.5,14,59,73,0.8082191780821918,0.887508706756443,0.9638174483106404,True,True,accepted,0.04495203495025635,1.0955479145050049,1.816079020500183e-05,0.001390695571899414,0.0012555682333186269,0.0,0.0012555682333186269,0.0015406283782795072,1,0,0.044957179576158524,1.0959417819976807,1.0968634999505156,-2.073238283628598e-05,0.0007896937313489616,0.0
phase5_v12_hardware_unknown_r01_20260929_184546_956,/home/robo25/Downloads/rokuga_phase5_v12_hardware_unknown_r01_20260929_184546_956.tar.xz::phase5_v12_hardware_unknown_r01_20260929_184546_956,1291,43.03333333333333,,,1,328.5,427.0,0.0368189632258553,1.096938618794003,1.0975563627690024,0.044970197356556246,1.096938618794003,1.0978600329969128,3829.5,14,59,73,0.8082191780821918,0.8891339679591362,0.9653390471388958,True,True,accepted,0.04495648667216301,1.0959681272506714,1.3709068298339844e-05,0.0009704828262329102,0.0012555682333186269,0.0,0.0012555682333186269,0.0007502777734771371,1,0,0.04496036842465401,1.096242904663086,1.0971645003157184,-1.387870725011453e-06,0.0021591170225292444,0.0
phase5_v12_hardware_unknown_r01_20260929_184546_956,/home/robo25/Downloads/rokuga_phase5_v12_hardware_unknown_r01_20260929_184546_956.tar.xz::phase5_v12_hardware_unknown_r01_20260929_184546_956,1292,43.06666666666667,,,1,328.5,427.0,0.0368189632258553,1.0955271841610892,1.0961457235645962,0.044970197356556246,1.0955271841610892,1.0964497844799883,3841.0,14,59,74,0.7972972972972973,0.8797526339899221,0.9615721617223683,True,True,accepted,0.044960323721170425,1.0963149070739746,9.872019290924072e-06,-0.0007877349853515625,0.0012555682333186269,0.0,0.0012555682333186269,0.0004942971281707287,1,0,0.04496311768889427,1.096091866493225,1.097013701712475,1.254228027391946e-05,0.001047564554028213,0.0
phase5_v12_hardware_unknown_r01_20260929_184546_956,/home/robo25/Downloads/rokuga_phase5_v12_hardware_unknown_r01_20260929_184546_956.tar.xz::phase5_v12_hardware_unknown_r01_20260929_184546_956,1293,43.1,,,1,320.0,427.5,-0.020782793494480107,1.091039928141972,1.0912378518478332,0.009966258283819201,1.091039928141972,1.0910854462892534,3838.0,14,59,74,0.7972972972972973,0.8790655061841502,0.9608211290524471,True,True,accepted,0.0449635349214077,1.0961267948150635,-0.034997276961803436,-0.0050868988037109375,0.0012555682333186269,0.0,0.0012555682333186269,0.9961114525794983,1,0,0.03505254536867142,1.0946862697601318,1.0952473282953832,-0.04937121272087097,-0.006130427122116089,0.0
phase5_v12_hardware_unknown_r01_20260929_184546_956,/home/robo25/Downloads/rokuga_phase5_v12_hardware_unknown_r01_20260929_184546_956.tar.xz::phase5_v12_hardware_unknown_r01_20260929_184546_956,1294,43.13333333333333,,,1,328.5,427.0,0.0368189632258553,1.096938618794003,1.0975563627690024,0.044970197356556246,1.096938618794003,1.0978600329969128,3829.0,14,59,73,0.8082191780821918,0.8890178778732296,0.9647266313932981,True,True,accepted,0.03340683877468109,1.0944819450378418,0.011563356965780258,0.0024566650390625,0.0012555682333186269,0.0,0.0012555682333186269,0.11130134016275406,1,0,0.03668150305747986,1.0951776504516602,1.0957917770796488,-0.03305445984005928,-0.0026638905983418226,0.0
phase5_v12_hardware_unknown_r01_20260929_184546_956,/home/robo25/Downloads/rokuga_phase5_v12_hardware_unknown_r01_20260929_184546_956.tar.xz::phase5_v12_hardware_unknown_r01_20260929_184546_956,1295,43.166666666666664,,,1,328.5,427.0,0.0368189632258553,1.096938618794003,1.0975563627690024,0.044970197356556246,1.096938618794003,1.0978600329969128,3846.0,14,59,73,0.8082191780821918,0.8929649407940562,0.9673038229376257,True,True,accepted,0.03557968884706497,1.0950888395309448,0.009390506893396378,0.0018497705459594727,0.0012555682333186269,0.0,0.0012555682333186269,0.07295762002468109,1,0,0.0382390171289444,1.095612645149231,1.0962797501741435,-0.019803758710622787,-5.372717714635655e-05,0.0
phase5_v12_hardware_unknown_r01_20260929_184546_956,/home/robo25/Downloads/rokuga_phase5_v12_hardware_unknown_r01_20260929_184546_956.tar.xz::phase5_v12_hardware_unknown_r01_20260929_184546_956,1296,43.2,,,1,328.5,427.0,0.0368189632258553,1.092380299216027,1.0930006194729824,0.044970197356556246,1.092380299216027,1.0933055550785353,3839.5,14,59,74,0.7972972972972973,0.8794090700870362,0.9607156261729013,True,True,accepted,0.03757889196276665,1.0956108570098877,0.007391303777694702,-0.003230571746826172,0.0012555682333186269,0.0,0.0012555682333186269,0.05182352289557457,1,0,0.03967205807566643,1.0946959257125854,1.0954145525615833,-0.009374081157147884,-0.004612303338944912,0.0
phase5_v12_hardware_unknown_r01_20260929_184546_956,/home/robo25/Downloads/rokuga_phase5_v12_hardware_unknown_r01_20260929_184546_956.tar.xz::phase5_v12_hardware_unknown_r01_20260929_184546_956,1297,43.233333333333334,,,1,328.5,427.0,0.0368189632258553,1.0962464250500448,1.0968645588622281,0.044970197356556246,1.0962464250500448,1.0971684205650885,3834.5,14,59,74,0.7972972972972973,0.8782638570774164,0.9605460921843687,True,True,accepted,0.03935958817601204,1.094542145729065,0.00561060756444931,0.0017043352127075195,0.0012555682333186269,0.0,0.0012555682333186269,0.02738495171070099,1,0,0.040948472917079926,1.095024824142456,1.0957901911052397,-0.0014570978237316012,-0.0022073599975556135,0.0
phase5_v12_hardware_unknown_r01_20260929_184546_956,/home/robo25/Downloads/rokuga_phase5_v12_hardware_unknown_r01_20260929_184546_956.tar.xz::phase5_v12_hardware_unknown_r01_20260929_184546_956,1298,43.266666666666666,,,1,328.5,427.0,0.0368189632258553,1.096938618794003,1.0975563627690024,0.044970197356556246,1.096938618794003,1.0978600329969128,3837.0,14,59,73,0.8082191780821918,0.8908753192477362,0.9661337026312476,True,True,accepted,0.04089990258216858,1.0949512720108032,0.00407029315829277,0.0019873380661010742,0.0012555682333186269,0.0,0.0012555682333186269,0.016340648755431175,1,0,0.042052581906318665,1.0955140590667725,1.0963208806083844,0.0042863874696195126,0.0005969214253127575,0.0
phase5_v12_hardware_unknown_r01_20260929_184546_956,/home/robo25/Downloads/rokuga_phase5_v12_hardware_unknown_r01_20260929_184546_956.tar.xz::phase5_v12_hardware_unknown_r01_20260929_184546_956,1299,43.3,,,1,319.5,427.5,-0.024177131647027447,1.0910461084262173,1.0913139531806009,0.007903557202307081,1.0910461084262173,1.0910747348043777,3847.5,14,59,74,0.7972972972972973,0.8812414109024278,0.9621155288822205,True,True,accepted,0.04219546169042587,1.0955339670181274,-0.03429190441966057,-0.004487872123718262,0.0012555682333186269,0.0,0.0012555682333186269,0.9526170492172241,1,0,0.032484229654073715,1.0942630767822266,1.0947451330721336,-0.044102031737565994,-0.005735798738896847,0.0
phase5_v12_hardware_unknown_r01_20260929_184546_956,/home/robo25/Downloads/rokuga_phase5_v12_hardware_unknown_r01_20260929_184546_956.tar.xz::phase5_v12_hardware_unknown_r01_20260929_184546_956,1300,43.333333333333336,,,1,328.5,427.0,0.0368189632258553,1.093207455319658,1.0938273064883273,0.044970197356556246,1.093207455319658,1.0941320116954671,3825.0,14,59,74,0.7972972972972973,0.8760879523591388,0.9592476489028213,True,True,accepted,0.031014161184430122,1.094071865081787,0.013956034556031227,-0.0008643865585327148,0.0012555682333186269,0.0,0.0012555682333186269,0.1557207703590393,1,0,0.03496641293168068,1.0938271284103394,1.0943858720212527,-0.024409031495451927,-0.006955512333661318,0.0
